turn,Vrf_kV,time_mean_ns,time_sigma_ns,time_min_ns,time_max_ns,dE_mean_MeV,dE_sigma_MeV,dE_min_MeV,dE_max_MeV,t2,dE2,t_dE,eps_rms,Q1,Q2,Q_amp,theta_Q
0,240.0,0.10580794474255763,10.560037101535913,-21.096528887933744,21.152946718527403,-0.09754858660852157,15.90318622276467,-31.612187689202166,31.55227413036031,111.52557890698563,0.0002529208477626814,-7.70838340908655e-05,0.16794980804532392,0.02201827431646184,-0.0002414458179745,0.022019598088021054,-0.0054826308711281415
1,240.0,0.10567738493367806,10.560050701560641,-21.09482703811605,21.153969934266286,-0.09790279636807772,15.90316565358917,-31.611980716254326,31.553422714343636,111.52583852921781,0.0002529202627630349,-0.00010443181902507732,0.16794979452107928,0.022019496245296314,-0.0003271065362077378,0.022021925746461144,-0.007427110814738012
2,240.0,0.10554634268962636,10.560060777537291,-21.093030092807624,21.15489779644298,-0.09825657238271687,15.90315081710066,-31.611629178882104,31.554426942169997,111.52602365573665,0.00025291986026546574,-0.00013178132876023847,0.16794978104377908,0.02202035295105272,-0.0004127720304983245,0.02202422132194684,-0.009371414153936173
3,240.0,0.10541481860282058,10.560067329270925,-21.091138059783418,21.155730301087885,-0.0986099130151805,15.90314171369778,-31.611133078820323,31.555286808880776,111.52613428271623,0.00025291964028089926,-0.000159131867782588,0.16794976761446415,0.022020844413425514,-0.0004984407487734209,0.022026484782196442,-0.011315543620665848
4,240.0,0.10528281326790594,10.560070356626937,-21.089150947235908,21.156467444647717,-0.09896281663007667,15.903138343668886,-31.610492418517197,31.55600231023014,111.52617040768057,0.00025291960281694685,-0.0001864829405470588,0.16794975423417144,0.022020970618734488,-0.0005841111388621302,0.022028716095444836,-0.013259501946877514
5,240.0,0.10515032728176191,10.560069859531035,-21.08706876377181,21.157109223985884,-0.09931528159388861,15.903140707192007,-31.609707201134324,31.55657344268509,111.52613202950329,0.00025291974787790565,-0.00021383405148529366,0.16794974090393358,0.0220207315599239,-0.0006697816485206007,0.02203091523044205,-0.015203291864444057
6,240.0,0.10501736124347842,10.56006583796924,-21.084891518415844,21.157655636384277,-0.09966730627498328,15.903148804334865,-31.608777430546674,31.557000203425467,111.52601914840753,0.0002529200754647576,-0.00024118470501513945,0.16794972762477853,0.022020127236562975,-0.0007554507254617712,0.022033082156453356,-0.017146916105180952
7,240.0,0.10488391575438284,10.560058291987932,-21.082619220608592,21.158106679541504,-0.10001888904361964,15.903162635054844,-31.607703111342513,31.557282590343995,111.52583176596707,0.0002529205855751701,-0.00026853440554952215,0.1679497143977308,0.022019157654848562,-0.0008411168173831673,0.022035216843261627,-0.019090377400820226
8,240.0,0.10474999141801106,10.560047221693809,-21.08025188020531,21.158462351572894,-0.10037002827195718,15.903182199198993,-31.606484248823417,31.55742060204629,111.52556988510523,0.0002529212782034951,-0.00029588265750585686,0.16794970122380992,0.022017822827603003,-0.0009267783719963752,0.02203731926116505,-0.021033678483025762
9,240.0,0.1046155888401225,10.560032627253896,-21.077789507479224,21.15872265101268,-0.1007207223340644,15.903207496504011,-31.60512084900421,31.55741423785087,111.5252335100952,0.00025292215334076894,-0.00032322896531415966,0.16794968810403116,0.022016122774275185,-0.0010124338370524455,0.02203938938097803,-0.022976822083314145
10,240.0,0.10448070862869054,10.560014508895552,-21.07523211311735,21.15888757680969,-0.10107096960592732,15.903238526596256,-31.603612918612903,31.557263497789158,111.5248226465601,0.00025292321097471253,-0.00035057283342684593,0.16794967503940514,0.02201405752094005,-0.0010980816603725974,0.022041427174030813,-0.024919810933096875
11,240.0,0.1043453513938939,10.559992866906454,-21.07257970822471,21.158957128332048,-0.10142076846545804,15.903275288991741,-31.601960465090674,31.556968382605486,111.52433730147271,0.0002529244510897315,-0.0003779137663273889,0.16794966203093792,0.02201162710029886,-0.0011837202898753283,0.022043432612169858,-0.026862647763640335
12,240.0,0.10420951774812559,10.559967701634635,-21.06983230432266,21.158931305365854,-0.10177011729250249,15.903317783096133,-31.60016349659176,31.556528893757097,111.523777483156,0.00025292587366691543,-0.0004052512685395423,0.16794964907963114,0.02200883155168015,-0.0012693481736052983,0.022045405667759137,-0.028805335306064796
13,240.0,0.1040732083059866,10.559939013488417,-21.06698991334673,21.15881010811188,-0.10211901446884988,15.903366008204761,-31.59822202198344,31.55594503341411,111.52314320128183,0.00025292747868403876,-0.0004325848446360478,0.16794963618648123,0.022005670921036377,-0.0013549637597606223,0.022047346313677087,-0.030747876291312624
14,240.0,0.10393642368428366,10.559906802936464,-21.064052547648345,21.158593537190143,-0.10246745837824063,15.90341996350263,-31.596136050845935,31.555216804459523,111.52243446687208,0.00025292926611556046,-0.0004599139992482038,0.16794962335248012,0.022002145260946446,-0.0014405654967228146,0.02204925452331975,-0.032690273450169366
15,240.0,0.10379916450201726,10.55987107050774,-21.064637479062412,21.158281593636985,-0.10281544740637466,15.903479648064414,-31.593905593472353,31.554344210489194,111.52165129229759,0.0002529312359326244,-0.00048723823707416295,0.16794961057861468,0.021998254630613175,-0.0015261518330828058,0.02205113027059874,-0.03463252951320214
16,240.0,0.10366143138038997,10.559831816791526,-21.06818816111999,21.1578742789076,-0.10316297994091986,15.903545060854492,-31.591530660868575,31.553327255811787,111.52079369127844,0.0002529333881030597,-0.0005145570628883148,0.16794959786586694,0.021993999095863633,-0.0016117212176703134,0.022052973529942375,-0.036574647210770174
17,240.0,0.10352322494279578,10.559789042437401,-21.071643869166195,21.157371594871393,-0.10351005437152105,15.903616200726951,-31.589011264753207,31.55216594544876,111.51986167888357,0.0002529357225913807,-0.0005418699815505742,0.16794958521521372,0.02198937872914781,-0.001697272099582942,0.022054784276295262,-0.03851662927303143
18,240.0,0.1033845458148325,10.559742748155239,-21.07500458798748,21.15677354381748,-0.10385666908980759,15.903693066425587,-31.586347417557455,31.550860285134327,111.5188552715305,0.0002529382393587878,-0.0005691764980148758,0.16794957262762683,0.021984393609537564,-0.00178280292821279,0.022056562485118125,-0.04045847842989245
19,240.0,0.10324539462427643,10.559692934715205,-21.07827030278787,21.156080128452146,-0.10420282248940231,15.903775656583965,-31.583539132425052,31.551497353554858,111.51777448698532,0.00025294093836316744,-0.0005964761173384611,0.16794956010407291,0.0219790438227262,-0.0018683121532755418,0.02205830813238848,-0.042400197411013314
20,240.0,0.1031057720011016,10.559639602947723,-21.081440999186015,21.155291351897944,-0.10454851296592997,15.903863969725402,-31.580586423212125,31.55670611711392,111.51661934436187,0.0002529438195590932,-0.0006237683446908751,0.16794954764551323,0.021973329461026012,-0.0019537982248386382,0.022060021194599436,-0.04434178894579521
21,240.0,0.10296567857745909,10.559582753743513,-21.084516663218153,21.154407217694654,-0.10489373891702515,15.90395800426302,-31.57748930448711,31.561770541109187,111.51538986412235,0.0002529468828978258,-0.0006510526853628903,0.16794953525290396,0.021967250623368895,-0.0020392595933492407,0.022061701648761547,-0.04628325576335766
22,240.0,0.10282511498768647,10.559522388053518,-21.087497281335175,21.15342772980003,-0.10523849874234116,15.904057758499759,-31.574247791530624,31.56669060053817,111.51408606807571,0.00025295012832731394,-0.0006783286447757052,0.16794952292719548,0.021960807415302156,-0.0021246947096630357,0.022063349472400157,-0.04822460059254393
23,240.0,0.10268408186829683,10.559458506888946,-21.09038284040463,21.152352892588567,-0.10558279084355833,15.904163230628408,-31.57086190033535,31.571466271110246,111.51270797937848,0.000252953555792195,-0.0007055957284896322,0.167949510669333,0.021953999948989666,-0.0022101020250714495,0.022064964643557967,-0.050165826161879944
24,240.0,0.10254257985797945,10.559391111321233,-21.093173327709195,21.151182710851486,-0.10592661362439217,15.90427441873166,-31.56733164760589,31.576097529246844,111.5112556225338,0.0002529571652337961,-0.0007328534422134062,0.16794949848025623,0.021946828343208834,-0.0022954799913308004,0.022066547140793792,-0.05210693519958513
25,240.0,0.10240060959760369,10.559320202482024,-21.095868730949547,21.149917189797662,-0.1062699654906018,15.904391320782096,-31.563657050758664,31.58058435208165,111.50972902339096,0.00025296095659013413,-0.0007601012918130359,0.16794948636089901,0.021939292723348377,-0.002380827060690035,0.022068096943182052,-0.05404793043355007
26,240.0,0.10225817173020044,10.559245781563172,-21.098469038241348,21.148556335053485,-0.10661284484999876,15.904513934642281,-31.559838127921765,31.584926717460764,111.50812820914523,0.0002529649297959175,-0.0007873387833208437,0.1679494743121897,0.02193139322140738,-0.0024661416859190297,0.02206961403031374,-0.05598881459132369
27,240.0,0.10211526690096684,10.559167849816713,-21.100974238116635,21.147100152661693,-0.10695525011245455,15.904642258064777,-31.55587489793478,31.5891246039429,111.50645320833716,0.00025296908478254646,-0.0008145654229445549,0.1679494623350508,0.02192312997599251,-0.0025514223203370696,0.022071098382295692,-0.05792959040010873
28,240.0,0.10197189575728441,10.559086408554867,-21.103384319522917,21.145548649083423,-0.10729717968990991,15.90477628869218,-31.551767380348686,31.59317799079954,111.50470405085245,0.00025297342147811443,-0.0008417807170761945,0.16794945043039905,0.021914503132316597,-0.00263666741784071,0.022072549979751246,-0.059870260586739873
29,240.0,0.10182805894867443,10.559001459149997,-21.105699271826097,21.143901831194512,-0.10763863199638242,15.904916024057178,-31.547515595425672,31.597086858015114,111.50288076792101,0.00025297793980740886,-0.0008689841723009458,0.16794943859914538,0.021905512842195513,-0.002721875432931533,0.022073968803819326,-0.061810827877663815
30,240.0,0.10168375712683589,10.558913003034606,-21.10791908480715,21.142159706290016,-0.1079796054479754,15.905061461582589,-31.543119564138973,31.600851186287144,111.50098339211671,0.0002529826396919124,-0.0008961752954063884,0.1679494268421946,0.02189615926404617,-0.002807044820745065,0.022075354836154876,-0.06375129499894258
31,240.0,0.10153899094560463,10.55882104170131,-21.1100437486638,21.140322282081314,-0.10832009846288596,15.905212598581429,-31.53857930817272,31.60447095702641,111.49901195735661,0.00025298752104980447,-0.0009233535933913561,0.16794941516044565,0.021886442562883617,-0.0028921740370785425,0.022076708058928415,-0.0656916646762332
32,240.0,0.10139376106098766,10.558725576702843,-21.112073254010056,21.138389566696105,-0.10866010946141318,15.905369432256938,-31.53389484992175,31.60794615235709,111.49696649890086,0.00025299258379596145,-0.0009505185734750426,0.16794940355479135,0.02187636291031947,-0.002977261538419426,0.02207802845482705,-0.06763193963478047
33,240.0,0.10124806813113577,10.558626609651984,-21.11400759187586,21.136361568680115,-0.108999636865967,15.905531959702655,-31.52906621249145,31.611276755116908,111.4948470533513,0.00025299782784195946,-0.0009776697431057258,0.16794939202611836,0.02186592048455721,-0.0030623057819727105,0.02207931600705244,-0.06957212259939151
34,240.0,0.10110191281634373,10.558524142221602,-21.11584675370787,21.134238296995818,-0.10933867910107606,15.905700177902473,-31.524093419697557,31.614462748857257,111.49265365865156,0.00025300325309607433,-0.0010048066099700706,0.1679493805753071,0.021855115470391227,-0.0031473052256900994,0.022080570699322746,-0.0715122162944414
35,240.0,0.10095529577906157,10.558418176144578,-21.117590731369887,21.13201976102195,-0.10967723459339608,15.9058740837307,-31.518976496065978,31.617504117843357,111.49038635408604,0.000253008859463284,-0.001031928682002027,0.16794936920323175,0.0218439480592025,-0.0032322583282978355,0.022081792515871244,-0.07345222344385836
36,240.0,0.10080821768387,10.558308713213808,-21.119239517141636,21.129705970554483,-0.11001530177171844,15.906053673952112,-31.513715466832576,31.620400847054363,111.48804518027923,0.0002530146468452695,-0.001059035467391638,0.16794935791076013,0.021832418448955886,-0.0033171635493243192,0.022082981441446606,-0.0753921467710994
37,240.0,0.10066067919749631,10.558195755282188,-21.120793103719592,21.1272969358065,-0.11035287906697805,15.906238945222032,-31.508310357943007,31.623152922183476,111.48563017919534,0.00025302061514041643,-0.0010861264745940786,0.1679493466987537,0.02182052684419733,-0.003402019349128412,0.022084137461313276,-0.07733198899914145
38,240.0,0.10051268098880328,10.558079304262565,-21.122251484216946,21.12479266740783,-0.11068996491226235,15.906429894086385,-31.50276119605247,31.625760329638076,111.48314139413704,0.0002530267642438172,-0.0011132012123384906,0.16794933556806738,0.02180827345604921,-0.0034868241889271035,0.022085260561250066,-0.07927175285046441
39,240.0,0.1003642237287879,10.557959362127722,-21.123614652164065,21.122193176405062,-0.11102655774281865,15.906626516981778,-31.497068008525538,31.628223056539813,111.48057886974509,0.00025303309404727214,-0.0011402591896374323,0.16794932451954964,0.021795658502208253,-0.0035715765308251134,0.022086350727551704,-0.08121144104706861
40,240.0,0.10021530809056459,10.557835930910358,-21.124882601506357,21.119498474260666,-0.11136265599606321,15.90682881023557,-31.491230823435906,31.630541090724723,111.47794265199741,0.00025303960443929087,-0.001167299915795461,0.16794931355404213,0.021782682206940657,-0.003656274837841778,0.022087407947027283,-0.08315105631044135
41,240.0,0.10006593474939013,10.55770901270305,-21.12605532660723,21.116708572855146,-0.11169825811158918,15.907036770065949,-31.485249669566187,31.632714420743334,111.4752327882085,0.00025304629530509536,-0.0011943229004180188,0.16794930267238026,0.02176934480107942,-0.003740917573938877,0.02208843220700121,-0.0850906013615364
42,240.0,0.09991610438264371,10.557578609658236,-21.127132822246438,21.113823484485266,-0.11203336253117487,15.907250392582004,-31.481741759268225,31.634743035860723,111.47244932702813,0.0002530531665266204,-0.0012213276534203145,0.16794929187539223,0.021755646522019577,-0.0038255032040484635,0.022089423495312132,-0.08703007892076124
43,240.0,0.09976581766981552,10.55744472398818,-21.128115083620003,21.110843221864172,-0.11236796769879227,15.90746967378381,-31.47835091917054,31.636626926056636,111.4695923184412,0.0002530602179825163,-0.0012483136850367181,0.1679492811638999,0.02174158761371504,-0.003910030194102278,0.02209038180031388,-0.08896949170799362
44,240.0,0.09961507529252281,10.557307357964945,-21.129002106341176,21.107767798120875,-0.1127020720606148,15.907694609562508,-31.4748161405079,31.63836608202554,111.4666618137663,0.0002530674495481508,-0.001275280505829386,0.16794927053871817,0.021727168326674047,-0.003994497011058764,0.02209130711087475,-0.0909088424425497
45,240.0,0.09946387793450462,10.55716651392035,-21.1297938864399,21.10459722680281,-0.11303567406502621,15.907925195700397,-31.471137440711587,31.639960495176727,111.46365786565491,0.0002530748610956109,-0.0013022276266973134,0.1679492600006549,0.02171238891795442,-0.004078902122931443,0.022092199416376915,-0.0928481338431834
46,240.0,0.0993122262815945,10.557022194245945,-21.13049042036286,21.101331521872055,-0.11336877216262813,15.908161427871013,-31.47304870000426,31.641410157634365,111.46058052809047,0.00025308245249370474,-0.0013291545588848864,0.16794924955051097,0.021697249651159732,-0.004163243998815675,0.022093058706716594,-0.09478736862804628
47,240.0,0.09916012102174485,10.556874401392994,-21.131091704972675,21.09797069770741,-0.11370136480624887,15.908403301639225,-31.477091429287952,31.64271506223755,111.4574298563877,0.00025309022360796464,-0.0013560608139913798,0.16794923918908045,0.02168175079643509,-0.0042475211089184235,0.02209388497230447,-0.09672654951471556
48,240.0,0.09900756284500743,10.556723137872414,-21.131597737549498,21.094514769106524,-0.1140334504509515,15.908650812461326,-31.480990230483417,31.64387520254039,111.45420590719127,0.0002530981743006482,-0.0013829459039795123,0.1679492289171501,0.021665892630461855,-0.004331731924585053,0.022094678204064674,-0.09866567922016037
49,240.0,0.09885455244355762,10.556568406254769,-21.132008515791085,21.090963751279162,-0.11436502755404188,15.908903955685126,-31.484745084364448,31.644890572812034,111.45090873847515,0.0002531063044307413,-0.0014098093411843483,0.16794921873549984,0.021649675436453884,-0.004415874918327196,0.02209543839343555,-0.10060476046072558
50,240.0,0.098701090511649,10.556410209170217,-21.13232403781069,21.087317659855614,-0.114696094575077,15.909162726550054,-31.4883559724142,31.64576116803674,111.44753840954138,0.00025311461385396026,-0.0014366506383224078,0.16794920864490215,0.021633099504151744,-0.0044999485638513165,0.022096165532368685,-0.10254379595213955
51,240.0,0.09854717774563351,10.55624854930848,-21.132544302138285,21.083576510879112,-0.11502664997587325,15.90942712018725,-31.49182287682533,31.646486983913874,111.44409498101903,0.0002531231024227542,-0.0014634693085004444,0.16794919864612248,0.02161616512981837,-0.004583951336086172,0.022096859613329266,-0.10448278840949116
52,240.0,0.09839281484396396,10.556083429418804,-21.13266930772184,21.082764534704125,-0.11535669222051452,15.909697131619678,-31.49514578050014,31.647068016858,111.44057851486318,0.0002531317699863075,-0.0014902648652244039,0.16794918873991876,0.02159887261623348,-0.0046678817112109005,0.02209752062929544,-0.10642174054722628
53,240.0,0.09823800250718419,10.555914852309906,-21.132699053925677,21.085153555415445,-0.11568621977536045,15.909972755762231,-31.498324667050706,31.647504263998865,111.43698907435348,0.00025314061639054235,-0.0015170368224081577,0.1679491789270416,0.021581222272688057,-0.0047517381666823556,0.022098148573757775,-0.10836065507912732
54,240.0,0.09808274143792178,10.555742820849979,-21.132633540529554,21.087447522418927,-0.1160152311090546,15.910253987421823,-31.501359520799035,31.64779572318144,111.43332672409383,0.00025314964147812137,-0.0015437846943824884,0.16794916920823427,0.021563214414980582,-0.004835519181263268,0.022098743440720593,-0.1102995347183027
55,240.0,0.09792703234089402,10.555567337966613,-21.13247276773211,21.089646425764045,-0.11634372469253249,15.910540821297516,-31.504250326777157,31.64794239296593,111.42959153001068,0.0002531588450884501,-0.0015705079959040286,0.16794915958423265,0.021544849365410405,-0.004919223235050236,0.022099305224700688,-0.11223838217718582
56,240.0,0.09777087592288743,10.555388406646767,-21.132216736146603,21.091750255916168,-0.11667169899903014,15.910833251980627,-31.50699707072725,31.6479442726278,111.4257835593517,0.00025316822705767975,-0.0015972062421639851,0.16794915005576486,0.02152612745277183,-0.005002848809501049,0.022099833920726716,-0.11417720016751638
57,240.0,0.09761427289278085,10.555206029936736,-21.131865446805136,21.09375900375656,-0.11699915250409176,15.911131273954833,-31.509599739101766,31.647801362157757,111.42190288068522,0.0002531777872187102,-0.0016238789487971346,0.16794914062355176,0.021507049012349882,-0.005086394387462877,0.022100329524340444,-0.11611599140033191
58,240.0,0.09745722396151157,10.555020210942086,-21.131418901156536,21.095672660583233,-0.11732608368557813,15.911434881596305,-31.512058319063527,31.647513662261783,111.41794956389819,0.00025318752540119265,-0.0016505256318904643,0.1679491312883063,0.021487614385912446,-0.005169858453199307,0.02210079203159443,-0.11805475858595263
59,240.0,0.0972997298421023,10.554830952827635,-21.130877101064726,21.097491218109667,-0.11765249102367474,15.911744069173817,-31.514372798485837,31.647081174361087,111.41392368019568,0.0002531974414315323,-0.0016771458079923288,0.16794912205073384,0.021467823921706264,-0.005253239492419068,0.022101221439053884,-0.11999350443398331
60,240.0,0.09714179124964609,10.55463825881741,-21.130240048812027,21.099214668465663,-0.1179783730009,15.91205883084888,-31.516543165952566,31.64650390059214,111.40982530209939,0.0002532075351328917,-0.0017037389941211955,0.16794911291153214,0.021447677974450328,-0.0053365359923033834,0.02210161774379584,-0.12193223165329835
61,240.0,0.0969834089012904,10.554442132194575,-21.129507747096653,21.100843004197742,-0.11830372810211326,15.912379160675831,-31.51856941075825,31.645781843806613,111.40565450344607,0.00025321780632519327,-0.0017303047077738914,0.16794910387139092,0.021427176905328842,-0.005419746441531823,0.02210198094340764,-0.12387094295199644
62,240.0,0.09682458351624428,10.554242576301418,-21.128680199033596,21.102376218269598,-0.11862855481452282,15.912705052602012,-31.52045152290817,31.644915007571385,111.40141135938666,0.00025322825482512295,-0.0017568424669354855,0.16794909493099236,0.02140632108198625,-0.0055028693303132556,0.022102311035988777,-0.125809641037456
63,240.0,0.09666531581578808,10.554039594539276,-21.12775740815539,21.10381430405957,-0.11895285162769423,15.913036500467866,-31.52218949311844,31.6439033961685,111.39709594638452,0.00025323888044613286,-0.0017833517900872821,0.1679490860910105,0.021385110878519607,-0.005585903150410878,0.02210260802014884,-0.12774832861627494
64,240.0,0.0965056065232487,10.553833190368518,-21.126739378410463,21.105157255363963,-0.11927661703355819,15.913373498007068,-31.52378331281607,31.64274701459516,111.39270834221458,0.0002532496829984447,-0.0018098321962160045,0.16794907735211165,0.021363546675473494,-0.0056688463951709905,0.022102871895008976,-0.12968700839427846
65,240.0,0.09634545636399697,10.55362336730847,-21.125626114164447,21.106405066393336,-0.11959984952641906,15.913716038846678,-31.52523297413904,31.64144586856363,111.38824862596134,0.0002532606622890528,-0.0018362832048224125,0.16794906871495396,0.02134162885983175,-0.005751697559549976,0.022103102660199915,-0.13162568307650538
66,240.0,0.09618486606547752,10.553410128937385,-21.12441762020009,21.107557731776637,-0.11992254760296227,15.91406411650726,-31.52699629888471,31.639999964501246,111.3837168780182,0.00025327181812172765,-0.0018627043359300455,0.1679490601801878,0.021319357825012323,-0.005834455140141701,0.02210330031586324,-0.13356435536718594
67,240.0,0.09602383635715651,10.553193478892377,-21.12311390171692,21.10861524655914,-0.12024470976226305,15.914417724403034,-31.532025505044665,31.638409309550344,111.37911318008534,0.0002532831502970193,-0.001889095110094317,0.16794905174845523,0.02129673397085903,-0.0059171176352059915,0.02210346486265008,-0.13550302796976083
68,240.0,0.09586236797055164,10.552973420869378,-21.12171496433035,21.109577606200332,-0.1205663345057939,15.914776855842003,-31.53691054300975,31.6366739115682,111.37443761516846,0.0002532946586122605,-0.0019154550484109351,0.16794904342039021,0.02127375770363512,-0.005999683544695016,0.022103596301721103,-0.13744170358684402
69,240.0,0.09570046163921839,10.552749958623089,-21.120220814072525,21.110444806578982,-0.12088742033743327,15.915141504026113,-31.541651388685825,31.634793779126966,111.36969026757758,0.0002533063428615704,-0.0019417836725247877,0.16794903519661858,0.02125042943601618,-0.006082151370281103,0.022103694634746363,-0.13938038492022062
70,240.0,0.09553811809875651,10.552523095966938,-21.118631457392297,21.11121684398887,-0.12120796576347312,15.915511662051387,-31.546248018689152,31.632768921513605,111.36487122292546,0.0002533182028358581,-0.0019680805046388204,0.16794902707775808,0.021226749587083694,-0.006164519615384562,0.02210375986390593,-0.14131907467084084
71,240.0,0.09537533808678354,10.552292836772988,-21.11694690115786,21.11189371514058,-0.12152796929262702,15.915887322908072,-31.550700410346597,31.630599348729824,111.3599805681257,0.0002533302383228262,-0.0019943450675225342,0.16794901906441798,0.021202718582315698,-0.0062467867852002935,0.022103791991887466,-0.1432577755388053
72,240.0,0.09521212234295721,10.552059184971942,-21.11516715264989,21.112475417160113,-0.12184742943603837,15.91626847948081,-31.555008541695788,31.628285071491977,111.35501839139178,0.0002533424491069745,-0.0020205768845210493,0.1679490111571995,0.021178336853581753,-0.006328951386726187,0.022103791021888586,-0.14519649022336242
73,240.0,0.09504847160895646,10.551822144553014,-21.113292219567484,21.11296194759106,-0.12216634470728827,15.916655124548768,-31.559172391485305,31.625826101231,111.34998478223459,0.00025335483496960367,-0.002046775479563347,0.1679490033566951,0.021153604839132537,-0.006411011928788919,0.02210375695761346,-0.14713522142288335
74,240.0,0.09488438662847658,10.551581719563956,-21.11132211002692,21.113353304392945,-0.12248471362240348,15.917047250785801,-31.563191939174853,31.623222450092303,111.3448798314621,0.000253367395688819,-0.0020729403771713464,0.1679489956634893,0.021128522983595462,-0.006492966922072409,0.022103689803276018,-0.1490739718348558
75,240.0,0.09471986814724588,10.551337914110928,-21.109256832560334,21.113649485942403,-0.12280253469986471,15.917444850760617,-31.567067164935395,31.62047413093568,111.33970363117656,0.00025338013103953436,-0.0020990711024686144,0.1679489880781579,0.02110309173796391,-0.006574814879145077,0.022103589563596863,-0.1510127441558931
76,240.0,0.09455491691300247,10.551090732358489,-21.10740388707839,21.11385049103285,-0.12311980646061405,15.917847916936928,-31.57079804964935,31.61758115733522,111.3344562747736,0.00025339304079347616,-0.0021251671811889448,0.16794898060126828,0.021077311559591045,-0.0066565543144867295,0.022103456243804546,-0.1529515410817054
77,240.0,0.09438953367549718,10.550840178529514,-21.10928029421666,21.11395631887231,-0.12343652742806367,15.91825644167362,-31.57438457491072,31.614543543579178,111.32913785694014,0.0002534061247191872,-0.0021512281396850914,0.16794897323337937,0.021051182912180968,-0.006738183744515915,0.022103289849634566,-0.1548903653070985
78,240.0,0.09422371918648385,10.550586256905149,-21.111061545953163,21.113966969087244,-0.12375269612810294,15.918670417224913,-31.577826723025233,31.61136130466985,111.32374847365315,0.00025341938258203057,-0.002177253504937239,0.16794896597504164,0.02102470626578133,-0.00681970168761645,0.02210309038732963,-0.15682921952594475
79,240.0,0.09405747419972824,10.55032897182474,-21.11274763440497,21.11388244172042,-0.12406831108910726,15.919089835740532,-31.5811244770105,31.6080344563235,111.31828822217733,0.000253432814144194,-0.002203242804562046,0.16794895882679664,0.02099788209677388,-0.006901106664165735,0.022102857863638577,-0.15876810643120698
80,240.0,0.09389079947099986,10.550068327685768,-21.11433855210464,21.11370273722966,-0.12438337084194546,15.919514689265872,-31.584277820596146,31.604563014970193,111.31275720106368,0.00025344641916469395,-0.002229195566820977,0.16794895178917746,0.02097071088786654,-0.0069823971965608765,0.022102592285816285,-0.16070702871490425
81,240.0,0.09372369575806484,10.549804328943807,-21.115834292002347,21.11342785648995,-0.12469787391998767,15.919944969742184,-31.587286738223927,31.600946997753677,111.30715551014808,0.0002534601973993796,-0.0022551113206289797,0.16794894486270864,0.02094319312808584,-0.007063571809245855,0.02210229366162423,-0.16264598906809774
82,240.0,0.093556163820678,10.54953698011245,-21.117234847463266,21.113057800794707,-0.12501181885911355,15.92038066900672,-31.590151215047864,31.597186422531244,111.30148325054893,0.00025347414860093733,-0.002280989595563213,0.16794893804790584,0.020915329312766903,-0.007144629028738852,0.022101961999329026,-0.16458499018089714
83,240.0,0.0933882044205976,10.549266285763233,-21.118540212271,21.112592571850286,-0.12532520419772014,15.920821778792945,-31.592871236934364,31.593281307873603,111.2957405246657,0.00025348827251889505,-0.0023068299218717064,0.16794893134527605,0.020887119943545484,-0.007225567383659387,0.02210159730770285,-0.16652403474244826
84,240.0,0.09321981832156565,10.548992250525588,-21.11975038062468,21.11203217178189,-0.12563802847672978,15.921268290730696,-31.59544679046232,31.58923167306471,111.28992743617682,0.00025350256889962626,-0.0023326318304818065,0.16794892475531734,0.020858565528348375,-0.007306385404754776,0.02210119959602231,-0.16846312544091815
85,240.0,0.09305100628929994,10.548714879086772,-21.1208653471397,21.111376603130196,-0.12595029023959758,15.921720196346364,-31.597877862923237,31.585037538101624,111.2840440900381,0.0002535170374863551,-0.0023583948530088703,0.16794891827851907,0.020829666581385207,-0.007387081624927346,0.02210076887406895,-0.17040226496348582
86,240.0,0.09288176909150815,10.5484341761918,-21.121885106848197,21.11062586885305,-0.12626198803231997,15.92217748706308,-31.600164442321304,31.580698923694346,111.27809059248074,0.00025353167801916017,-0.002384118521764905,0.16794891191536176,0.020800423623139056,-0.007467654579261512,0.02210030515212871,-0.17234145599633896
87,240.0,0.09271210749787659,10.548150146643378,-21.122809655199916,21.109779972324162,-0.12657312040344218,15.922640154200904,-31.602306517373517,31.576215851265673,111.27206705100942,0.0002535464902349797,-0.002409802369766705,0.16794890566631693,0.02077083718035715,-0.007548102805049263,0.022099808440991055,-0.17428070122463585
88,240.0,0.09254202228007384,10.547862795301832,-21.12363898805924,21.108838917334452,-0.1268836859040659,15.923108188977016,-31.604304077509763,31.57469291521386,111.26597357440028,0.0002535614738676155,-0.0024354459307451433,0.16794889953184722,0.0207409077860413,-0.007628424841819249,0.022099278751949208,-0.17622000333254612
89,240.0,0.09237151421171844,10.54757212708505,-21.12437310170938,21.107802708090276,-0.12719368308785783,15.923581582505896,-31.606157112872886,31.581615631992367,111.25981027269923,0.0002535766286477384,-0.0024610487391533435,0.1679488935124063,0.020710635979439094,-0.007708619231362401,0.0220987160968,-0.17815936500321178
90,240.0,0.09220058406841704,10.547278146968395,-21.125011992848584,21.106671349214736,-0.1275031105110569,15.924060325799523,-31.60786561431879,31.588393921023645,111.2535772572196,0.0002535919543028924,-0.002486610330174886,0.16794888760843882,0.020680022306033385,-0.007788684517757609,0.022098120487842297,-0.1800987889187226
91,240.0,0.0920292326277249,10.546980859984657,-21.12555565859273,21.105444845747684,-0.12781196673248202,15.924544409767574,-31.609429573416495,31.59502774884549,111.24727464054074,0.0002536074505574997,-0.0025121302397328594,0.16794888182038054,0.020649067317533836,-0.007868619247400104,0.02209749193787837,-0.18203827776013298
92,240.0,0.09185746066917012,10.546680271223954,-21.12600409647439,21.104123203145264,-0.12812025031354057,15.925033825217607,-31.61084898244821,31.60151708270733,111.24090253650516,0.0002536231171328654,-0.002537608004498094,0.16794887614865786,0.02061777157186571,-0.00794842196902722,0.0220968304602119,-0.18397783420744457
93,240.0,0.09168526897423182,10.546376385833682,-21.1263573044412,21.102706427279116,-0.1284279598182353,15.925528562855291,-31.612123834409395,31.607861890570465,111.23446106021716,0.0002536389537471828,-0.002563043161897693,0.16794887059368835,0.02058613563316096,-0.008028091233745123,0.022096136068648624,-0.1859174609395916
94,240.0,0.09151265832634031,10.546069209018443,-21.12661528085968,21.101194524438057,-0.12873509381317325,15.926028613284563,-31.61325412300881,31.614062141108338,111.22795032804085,0.00025365496011553777,-0.0025884352501234272,0.1679488651558805,0.020554160071748425,-0.008107625595055123,0.022095408777496064,-0.1878571606344238
95,240.0,0.0913396295108774,10.545758746039942,-21.126778024511793,21.099587501327193,-0.12904165086757224,15.92653396700788,-31.61423984266858,31.620117803706783,111.2213704575971,0.0002536711359499144,-0.0026137838081403066,0.16794885983563332,0.020521845464141826,-0.008187023608880505,0.022094648601561538,-0.18979693596871877
96,240.0,0.09116618331516683,10.545445002216951,-21.12684553459667,21.097885365067498,-0.1293476295532696,15.927044614426386,-31.615080988524223,31.626028848464273,111.2147215677627,0.00025368748095919955,-0.0026390883756951806,0.16794885463333695,0.02048919239303216,-0.008266283833593452,0.022093855556154417,-0.19173678961816001
97,240.0,0.09099232052848753,10.545127982925216,-21.126817810729733,21.096088123195898,-0.12965302844472965,15.927560545840144,-31.615777556424696,31.631795246192127,111.20800377866759,0.00025370399484918847,-0.00266434849332493,0.16794884954937242,0.020456201447275793,-0.008345404830040743,0.022093029657084057,-0.19367672425732396
98,240.0,0.09081804194204163,10.544807693597361,-21.126694852943615,21.094195783666464,-0.12995784611905123,15.92808175144834,-31.616329542932426,31.637416968414794,111.20121721169227,0.0002537206773225896,-0.0026895637023648684,0.16794884458411105,0.020422873221883228,-0.008424385161570038,0.02209217092065867,-0.19561674255967515
99,240.0,0.09064334834897593,10.544484139722838,-21.126476661688088,21.092208354848708,-0.13026208115597565,15.928608221349501,-31.616736945323346,31.642893987370037,111.1943619894664,0.00025373752807903,-0.0027147335449575,0.16794883973791525,0.020389208318010013,-0.008503223394057333,0.022091279363686763,-0.1975568471975667
100,240.0,0.0904682405443716,10.544157326847845,-21.12616323782754,21.090125845529343,-0.13056573213789452,15.9291399455417,-31.616999761586904,31.64822627600917,111.18743823586628,0.00025375454681506087,-0.002739857564060454,0.16794883501113808,0.02035520734294549,-0.008581918095931776,0.022090355003475688,-0.19949704084220418
101,240.0,0.09029271932523047,10.54382726057522,-21.125754582645243,21.087948264910125,-0.13086879764985718,15.929676913922771,-31.61711799042608,31.65341380799727,111.18044607601232,0.00025377173322416245,-0.0027649353034550606,0.16794883040412306,0.020320870910101128,-0.008660467838202566,0.022089397857830696,-0.20143732616365695
102,240.0,0.09011678549047812,10.543493946564416,-21.125250697839903,21.085675622608647,-0.13117127627957859,15.930219116290559,-31.617091631257413,31.658456557713404,111.17338563626762,0.00025378908699675,-0.002789966307754964,0.16794882591720478,0.020286199639001676,-0.008738871194485926,0.022088407945056784,-0.20337770583084572
103,240.0,0.08994043984097021,10.54315739053136,-21.12465158552868,21.08330792866016,-0.13147316661744662,15.9307665423431,-31.616920684210985,31.663354500250797,111.16625704423478,0.0002538066078201787,-0.00281495012241418,0.16794882155070812,0.02025119415527172,-0.008817126741030315,0.02208738528395571,-0.2053181825115342
104,240.0,0.08976368317946952,10.542817598248407,-21.123957248242505,21.080845193514932,-0.13177446725653072,15.931319181678873,-31.616605150130436,31.66810761141707,111.15906042875426,0.00025382429537874993,-0.002839886293735354,0.16794881730494884,0.0202158550906261,-0.008895233056742325,0.022086329893826966,-0.20725875887230083
105,240.0,0.0895865163106495,10.54247457554424,-21.12316768893203,21.07828742803912,-0.13207517679258812,15.931877023797018,-31.616145030572937,31.672715867734418,111.15179591990139,0.0002538421493537162,-0.0028647743688784933,0.167948813180233,0.020180183082857236,-0.008973188723214006,0.022085241794466557,-0.20919943757856782
106,240.0,0.08940894004110765,10.542128328303805,-21.1222829109621,21.075634643515627,-0.13237529382407306,15.932440058097567,-31.6155403278092,31.67717924643977,111.14446364898487,0.00025386016942328704,-0.0028896138958687872,0.16794880917685742,0.02014417877582549,-0.00905099232474739,0.022084121006167627,-0.21114022129454416
107,240.0,0.08923095517933753,10.541778862468211,-21.12130291811681,21.072886851641982,-0.13267481695214298,15.933008273881672,-31.614791044823455,31.68149772548503,111.13706374854381,0.00025387835526263514,-0.002914404423605408,0.1679488052951095,0.020107842819446255,-0.009128642448382032,0.02208296754971937,-0.21308111268326133
108,240.0,0.08905256253573567,10.541426184034643,-21.120227714594506,21.070044064533306,-0.13297374478066715,15.933581660351834,-31.613897185313405,31.685671283537193,111.12959635234537,0.0002538967065439013,-0.0029391455018692356,0.16794880153526692,0.02007117586967861,-0.009206137683919221,0.022081781446406143,-0.21502211440652558
109,240.0,0.08887376292260078,10.541070299056289,-21.11905730501107,21.067106294718883,-0.13327207591623377,15.934160206612146,-31.61285875369023,31.689699899978553,111.12206159538263,0.0002539152229362011,-0.002963836681331643,0.16794879789759806,0.02003417858851379,-0.009283476623949485,0.02208056271800791,-0.21696322912494012
110,240.0,0.08869455715412217,10.540711213642258,-21.117791694399585,21.0640735551452,-0.13356980896815784,15.934743901668526,-31.611675755078526,31.693583554906848,111.11445961387238,0.00025393390410563007,-0.002988477513562254,0.167948794382362,0.019996851643964225,-0.0093606578638769,0.022079311386799978,-0.21890445949785547
111,240.0,0.08851494604638152,10.540348933957452,-21.116430888209436,21.06094585917336,-0.13386694254848855,15.93533273442896,-31.610348195316273,31.697322229135427,111.1067905452516,0.00025395274971527033,-0.0030130675510377423,0.16794879098980775,0.019959195710048967,-0.009437680001946655,0.02207802747555091,-0.22084580818342148
112,240.0,0.08833493041735539,10.539983466222527,-21.11497489230635,21.05772322058121,-0.13416347527201705,15.93592669370373,-31.6088760809548,31.700915904193405,111.09905452817608,0.0002539717594251962,-0.00303760634714937,0.16794878772017513,0.019921211466784293,-0.00951454163926866,0.022076711007523633,-0.22278727783850866
113,240.0,0.08815451108688295,10.539614816713785,-21.113423712972747,21.054405653561616,-0.13445940575628362,15.936525768205684,-31.607259419258703,31.70436456232581,111.09125170251774,0.0002539909328924801,-0.003062093456211752,0.16794878457369444,0.019882899600170697,-0.009591241379844984,0.022075362006474974,-0.2247288711187423
114,240.0,0.08797368887670694,10.53924299176306,-21.111777356907368,21.05099317272294,-0.13475473262158588,15.937129946550451,-31.605498218205824,31.707668186493724,111.08338220936135,0.0002540102697711991,-0.003086528433470707,0.16794878155058604,0.01984426080217935,-0.009667777830594462,0.022073980496653645,-0.22667059067848414
115,240.0,0.0877924646104289,10.538867997757672,-21.11003583122573,21.04748579309029,-0.1350494544909853,15.93773921725671,-31.603592486487155,31.710826760374413,111.07544619100315,0.0002540297697124409,-0.003110910835111743,0.16794877865106117,0.019805295770741867,-0.009744149601379285,0.0220725665028022,-0.22861243917082213
116,240.0,0.08761083911353619,10.538489841140292,-21.108199143460922,21.043883530103358,-0.13534356999031613,15.93835356874643,-31.6015422335068,31.713840268361466,111.06744379094732,0.00025404943236430983,-0.0031352402182677976,0.167948775875321,0.019766005209735902,-0.009820355305029213,0.02207112005015428,-0.2305544192475525
117,240.0,0.08742881321338086,10.538108528408884,-21.10626730156025,21.04018639961734,-0.13563707774819145,15.93897298934513,-31.59934746938187,31.716708695564908,111.05937515390397,0.0002540692573719337,-0.003159516141027727,0.16794877322355753,0.019726389828973852,-0.009896393557368188,0.022069641164435855,-0.23249653355918004
118,240.0,0.0872463877391756,10.537724066116574,-21.104240313889818,21.036394417902898,-0.1359299763960119,15.939597467282127,-31.597008204942412,31.719432027811337,111.051240425786,0.0002540892443774697,-0.0031837381624440432,0.16794877069595263,0.01968645034418865,-0.009972262977238565,0.022068129871862917,-0.23443878475489924
119,240.0,0.0870635635219899,10.537336460871604,-21.102118189230424,21.03250760164613,-0.1362222645679719,15.940226990690778,-31.594524451731345,31.72201025164402,111.04303975370726,0.0002541093930201108,-0.0032079058425414572,0.167948768292679,0.01964618747702279,-0.010047962186527867,0.022066586199143284,-0.23638117548259363
120,240.0,0.08688034139475272,10.536945719337169,-21.099900936781268,21.028525967948667,-0.13651394090106841,15.94086154760877,-31.59189622200434,31.724443354323014,111.03477328597876,0.0002541297029360924,-0.003232018742324773,0.16794876601389905,0.01960560195501298,-0.010123489810193512,0.022065010173473763,-0.23832370838883854
121,240.0,0.086696722192262,10.536551848231396,-21.09758856615531,21.024449534327545,-0.13680500403510748,15.94150112597837,-31.58912352872973,31.726731323825252,111.02644117210735,0.00025415017375869875,-0.003256076423786671,0.16794876385976615,0.01956469451157985,-0.010198844476287192,0.0220634018225417,-0.24026638611884527
122,240.0,0.0865127067511287,10.536154854327197,-21.095181087384816,21.020278318714475,-0.13709545261271197,15.942145713646656,-31.586206385588415,31.728874148844657,111.018043562792,0.0002541708051182696,-0.00328007844991615,0.16794876183042365,0.019523465886012694,-0.010274024815981326,0.02206176117452325,-0.24220921131649784
123,240.0,0.08632829590985537,10.535754744452182,-21.092678510915817,21.016012339457035,-0.13738528527932903,15.942795298365828,-31.583144806973745,31.730871818792217,111.00958060992137,0.00025419159664220674,-0.0033040243847063723,0.16794875992600522,0.019481916823456635,-0.010349029463593609,0.022060088258082994,-0.24415218662432678
124,240.0,0.08614349050875147,10.535351525488567,-21.090080847612796,21.01165161531742,-0.1376745006832376,15.943449867793433,-31.57993880799141,31.732724323796084,111.00105246657131,0.00025421254795498084,-0.0033279137931627864,0.16794875814663496,0.01944004807489995,-0.010423857056612487,0.02205838310237428,-0.2460953146834992
125,240.0,0.08595829138997739,10.534945204373065,-21.08738810875525,21.007196165472863,-0.13796309747555532,15.94410940949267,-31.576588404459322,31.73443165470164,110.99245928700175,0.0002542336586781377,-0.0033517462413107844,0.16794875649242708,0.019397860397159572,-0.010498506235721109,0.022056645737037323,-0.24803859813379792
126,240.0,0.0857726993975257,10.5345357880968,-21.084600306039448,21.008350424977323,-0.13825107431024658,15.944773910932634,-31.573093612907478,31.735993803071587,110.98380122665421,0.00025425492843030587,-0.0033755212962042038,0.1679487549634862,0.019355354552868347,-0.010572975644823976,0.022054876192200274,-0.24998203961363585
127,240.0,0.08558671537721742,10.53412328370517,-21.081717451577106,21.010861546879653,-0.1385384298441293,15.945443359488594,-31.573820162153453,31.737410761185977,110.97507844214847,0.00025427635682720266,-0.003399238525932959,0.16794875355990696,0.019312531310459843,-0.01064726393107085,0.022053074498476943,-0.2519256417600417
128,240.0,0.08540034017670506,10.53370769829781,-21.078739557896682,21.01327794015225,-0.1388251627368829,15.946117742442285,-31.576748257291413,31.738682522042325,110.96629109128085,0.0002542979434816415,-0.003422897499630836,0.16794875228177475,0.019269391444157336,-0.01072136974488114,0.022051240686968537,-0.25386940720861
129,240.0,0.08521357464544911,10.533289039028405,-21.075666637942533,21.01559959430378,-0.13911127165105483,15.94679704698215,-31.579531959218457,31.739809079355634,110.95743933301982,0.000254319688003539,-0.0034464977874837906,0.16794875112916463,0.01922593573395624,-0.010795291739969933,0.022049374789260546,-0.25581333859355543
130,240.0,0.08502641963474776,10.532867313104658,-21.07249870507661,21.0178264992592,-0.13939675525206863,15.947481260203654,-31.582171254200166,31.74079042755845,110.94852332750445,0.0002543415899999215,-0.003470038960737383,0.16794875010214225,0.019182164965612786,-0.010869028573371256,0.0220474768374239,-0.25775743854764344
131,240.0,0.08483887599769314,10.532442527788145,-21.069235773074638,21.019958645356837,-0.13968161220823086,15.948170369109535,-31.58466612921436,31.741626561800906,110.93954323604088,0.0002543636490749326,-0.0034935205917052165,0.16794874920076347,0.019138079930628934,-0.0109425789054645,0.022045546864014477,-0.25970170970222534
132,240.0,0.08465094458920086,10.53201469039422,-21.065877856130328,21.02199602335088,-0.13996584119073838,15.948864360610122,-31.58701657195119,31.74231747795076,110.9304992210995,0.0002543858648298399,-0.0035169422537762985,0.16794874842507423,0.019093681426237887,-0.01101594139999751,0.02204358490207164,-0.2616461546871999
133,240.0,0.08446262626599373,10.531583808291922,-21.06242496885207,21.023938624410164,-0.140249440873686,15.949563221523567,-31.589222570813266,31.742863172593434,110.92139144631231,0.0002544082368630426,-0.003540303521423259,0.1679487477751111,0.019048970255390627,-0.0110891147241123,0.022041590985119045,-0.2635907761310165
134,240.0,0.0842739218865882,10.531149888903832,-21.06006103014488,21.02578644011902,-0.14053240993407312,15.950266938576183,-31.591284114915712,31.743263643032044,110.91222007646934,0.00025443076477007836,-0.0035636039702098173,0.16794874725090045,0.019003947226739818,-0.011162097548368447,0.022039565147162158,-0.2655355766606611
135,240.0,0.08408483231130086,10.530712939706,-21.05919969865934,21.02753946247634,-0.1408147470518117,15.950975498402707,-31.593201194086284,31.7435188872874,110.90298527751621,0.00025445344814363074,-0.0035868431767989576,0.16794874685245903,0.018958613154626755,-0.0112348885467687,0.02203750742268964,-0.26748055890165184
136,240.0,0.08389535840225429,10.530272968227827,-21.058243428393922,21.02919768389654,-0.14109645090973283,15.95168888754658,-31.594973798865432,31.74362890409805,110.89368721655114,0.00025447628657353645,-0.003610020718960229,0.16794874657979397,0.018912968859066206,-0.01130748639678184,0.022035417846671627,-0.2694257254780048
137,240.0,0.08370550102333849,10.52982998205194,-21.0571922234453,21.030761097208227,-0.14137752019359434,15.952407092460273,-31.596601920506387,31.74359369292027,110.8843260618215,0.00025449927964679296,-0.0036331361755782355,0.16794874643290253,0.01886701516573114,-0.011379889779369294,0.02203329645455992,-0.2713710790122737
138,240.0,0.08351526104024642,10.52938398881409,-21.056046088325616,21.03222969565715,-0.14165795359208802,15.953130099505545,-31.598085550975227,31.743413253928086,110.87490198272113,0.0002545224269475657,-0.003656189126659524,0.16794874641177213,0.018820752905938355,-0.011452097379006682,0.022031143282286527,-0.27331662212548113
139,240.0,0.08332463932046148,10.528934996203049,-21.05480502796334,21.033603472901575,-0.1419377497968465,15.953857894953755,-31.599424682950932,31.743087588013246,110.86541514978717,0.0002545457280571957,-0.003679179153340853,0.16794874651638056,0.018774182916633107,-0.011524107883709727,0.02202895836626369,-0.2752623574371463
140,240.0,0.08313363673321816,10.528483011960478,-21.05346904770326,21.03488242301566,-0.1422169075024508,15.954590464986165,-31.600619309825454,31.742616696785248,110.8558657346969,0.000254569182554207,-0.003702105837896824,0.1679487467466957,0.018727306040374272,-0.011595919985058172,0.022026741743383434,-0.2772082875652668
141,240.0,0.08294225414954945,10.528028043880843,-21.052038153303926,21.036066540489884,-0.14249542540643723,15.955327795694227,-31.601669425703754,31.742000582571297,110.84625391026489,0.00025459279001431454,-0.0037249687637474125,0.16794874710267585,0.018680123125319283,-0.01166753237821934,0.02202449345101687,-0.2791544151262974
142,240.0,0.08275049244224819,10.52757009981126,-21.05051235094018,21.037155820228463,-0.14277330220930454,15.956069873079892,-31.602575025403873,31.741239248416292,110.83657985043949,0.00025461655001043145,-0.0037477675154658193,0.16794874758426936,0.01863263502520811,-0.011738943761972771,0.02202221352701339,-0.28110074273516006
143,240.0,0.08255835248586879,10.527109187651412,-21.048891647201543,21.038150257551592,-0.1430505366145213,15.956816683055912,-31.603336104456954,31.740332698082824,110.82684373029991,0.0002546404621126771,-0.0037705016787858326,0.16794874819141492,0.018584842599348235,-0.011810152838733223,0.022019902009699933,-0.28304727300521093
144,240.0,0.08236583515673648,10.526645315353422,-21.0471760490951,21.039049848195276,-0.1433271273285326,15.957568211446144,-31.60395265910728,31.73928093605112,110.81704572605324,0.00025466452588838464,-0.0037931708406097053,0.16794874892404152,0.01853674671259961,-0.011881158314575401,0.0220175589378813,-0.28499400854824053
145,240.0,0.0821729413329245,10.526178490921748,-21.045365564040424,21.03985458830931,-0.14360307306076744,15.958324443985854,-31.604424686312317,31.73808396751901,110.80718601503098,0.00025468874090210896,-0.003815774589015902,0.16794874978206845,0.018488348235358585,-0.011951958899258184,0.022015184350839396,-0.2869409519744766
146,240.0,0.08197967189427738,10.525708722413036,-21.043460199875938,21.040564474459444,-0.1438783725236459,15.959085366322043,-31.604752183742715,31.736741798401905,110.79726477568573,0.0002547131067156344,-0.003838312513266014,0.16794875076540505,0.018439648043541562,-0.012022553306246308,0.02201277828833108,-0.28888810589254216
147,240.0,0.08178602772237924,10.525236017936034,-21.041459964853033,21.041179503625983,-0.1441530244325859,15.959850964013723,-31.604935149782353,31.735254435332724,110.78728218758859,0.0002547376228879829,-0.0038607842038130523,0.16794875187395134,0.018390647018570714,-0.012092940252736332,0.022010340790590104,-0.2908354729094691
148,240.0,0.08159200970055297,10.524760385651437,-21.039364867638994,21.041699673205557,-0.14442702750601044,15.960621222532268,-31.60497358352833,31.73362188566187,110.77723843142476,0.00025476228897542173,-0.0038831892523084662,0.16794875310759705,0.018341346047355513,-0.012163118459678619,0.02200787189832353,-0.2927830556306887
149,240.0,0.0813976187138711,10.524281833771816,-21.037174917316094,21.042124981009863,-0.14470038046535458,15.9613961272617,-31.604867484790987,31.731844157457132,110.76713368899178,0.00025478710453147167,-0.003905527251610063,0.16794875446622273,0.01829174602228009,-0.012233086651802148,0.02200537165271469,-0.29473085666000237
150,240.0,0.08120285564914123,10.523800370561446,-21.03489012338298,21.042455425265217,-0.14497308203507242,15.962175663499021,-31.604616854093894,31.729921259503662,110.75696814319477,0.00025481206910691516,-0.003927797795789099,0.16794875594969896,0.01824184784118378,-0.012302843557636722,0.022002840095419154,-0.29667887859958864
151,240.0,0.08100772139490214,10.523316004336209,-21.032510495752888,21.04269100461258,-0.1452451309426442,15.962959816454521,-31.604221692673857,31.727853201303876,110.7467419780442,0.0002548371822498042,-0.003950000480138182,0.16794875755788669,0.01819165240734694,-0.012372387909537732,0.022000277268566574,-0.2986271240499925
152,240.0,0.08081221684143179,10.522828743463474,-21.03003604475373,21.042831718109596,-0.1455165259185832,15.963748571252104,-31.603682002480912,31.725639993077397,110.73645537865194,0.00025486244350546896,-0.003972134901177921,0.16794875929063724,0.018141160629473966,-0.01244171844370696,0.021997683214758187,-0.3005755956100746
153,240.0,0.08061634288070997,10.522338596361962,-21.02746678112922,21.042877565229418,-0.14578726569644274,15.964541912929603,-31.602997786178296,31.723281645760956,110.72610853122808,0.00025488785241652525,-0.00399420065666552,0.16794876114779209,0.018090373421676454,-0.012510833900219518,0.021995057977067935,-0.30252429587707513
154,240.0,0.08042010040645566,10.521845571501627,-21.024802716039886,21.042828545858555,-0.14605734901282305,15.965339826439113,-31.602169047142443,31.720778171008316,110.71570162307778,0.00025491340852288366,-0.004016197345601313,0.16794876312918325,0.018039291703457448,-0.01257973302304432,0.021992401599040985,-0.30447322744654126
155,240.0,0.08022349031411263,10.521349677403524,-21.022043861058762,21.04268466030024,-0.1463267746073783,15.966142296647316,-31.60119578946293,31.71812958119017,110.70523484259743,0.00025493911136175736,-0.00403812456823639,0.16794876523463295,0.017987916399693923,-0.012648414560067949,0.021989714124692854,-0.30642239291234125
156,240.0,0.08002651350081576,10.520850922639712,-21.019190228176,21.04244590927189,-0.1465955412228236,15.966949308335778,-31.600078017942472,31.715335889394055,110.69470837927196,0.0002549649604676707,-0.004059981926079961,0.16794876746395407,0.017936248440621347,-0.01271687726311774,0.021986995598509876,-0.3083717948666376
157,240.0,0.07982917086542393,10.52034931583307,-21.01624182979512,21.042112293908133,-0.14686364760494172,15.967760846201323,-31.59881573809687,31.712397109424238,110.68412242367039,0.00025499095537246774,-0.004081769021906602,0.1679487698169495,0.01788428876181497,-0.012785119887984475,0.021984246065446897,-0.3103214358998942
158,240.0,0.07963146330848626,10.51984486565723,-21.01319867873599,21.041683815756073,-0.14713109250259007,15.96857689485633,-31.597408956154982,31.709313255801604,110.67347716744342,0.00025501709560532044,-0.0041034854597638264,0.16794877229341296,0.01783203830417451,-0.012853141194446072,0.021981465570928466,-0.312271318600859
159,240.0,0.07943339173226664,10.519337580836403,-21.010060788232636,21.041813140909824,-0.1473978746677073,15.969397438829084,-31.59585767905864,31.70608434376356,110.66277280331916,0.0002550433806927374,-0.0041251308449789395,0.16794877489312818,0.017779498013906003,-0.012920939946289107,0.02197865416084654,-0.3142214455565425
160,240.0,0.07923495704071103,10.518827470145267,-21.00682817193413,21.043379407750137,-0.14766399285532072,15.970222462564083,-31.59416191446263,31.70271038926388,110.65200952509988,0.00025506981015857246,-0.004146704784166785,0.16794877761586938,0.01772666884250482,-0.012988514911333028,0.021975811881560864,-0.31617181935223165
161,240.0,0.07903616013946674,10.518314542408838,-21.003500843905897,21.0448508044893,-0.14792944582355266,15.971051950422417,-31.592321670734627,31.699191408972595,110.64118752765884,0.0002550963835240334,-0.004168206885236576,0.16794878046140146,0.0176735517467392,-0.01305586486145157,0.021972938779898196,-0.3181224425714443
162,240.0,0.07883700193586046,10.517798806502338,-21.000078818627117,21.046227324775373,-0.14819423233362738,15.971885886682053,-31.590336956955095,31.696356817437135,110.63030700693622,0.0002551231003076904,-0.004189636757399441,0.16794878342947953,0.01762014768863181,-0.01312298857259641,0.02197003490315145,-0.32007331779595183
163,240.0,0.07863748333890005,10.517280271351066,-20.996562110991192,21.047508962669838,-0.14845835114987804,15.972724255538216,-31.58820778291725,31.699857655000546,110.61936815993619,0.0002551499600254849,-0.004210994011175402,0.16794878651984946,0.01756645763544362,-0.01318988482481899,0.02196710029907966,-0.32202444760573656
164,240.0,0.07843760525928697,10.516758945930258,-20.992950736308217,21.048695712652147,-0.14872180103975327,15.973567041103697,-31.585934159126978,31.70321347966811,110.60837118472294,0.0002551769621907388,-0.004232278258400531,0.1679487897322476,0.017512482559655377,-0.01325655240229295,0.02196413501590656,-0.3239758345789928
165,240.0,0.07823736860938098,10.51623483926494,-20.990221323853575,21.0497875696164,-0.14898458077382398,15.974414227409223,-31.583516096802747,31.706424274859582,110.5973162804166,0.00025520410631416253,-0.004253489112234054,0.16794879306640045,0.017458223438949004,-0.013322990093336389,0.021961139102319078,-0.3259274812921268
166,240.0,0.07803677430322382,10.515707960429825,-20.992691858107605,21.050784528870423,-0.14924668912579012,15.975265798403779,-31.580953607875493,31.70949002471089,110.58620364719087,0.00025523139190386453,-0.004274626187165896,0.16794879652202555,0.01740368125619238,-0.01338919669043548,0.021958112607469486,-0.32787939031973334
167,240.0,0.07783582325651763,10.515178318549154,-20.995067747814744,21.051686586139255,-0.14950812487248769,15.976121737954964,-31.57824670498858,31.71241071407428,110.57503348626823,0.00025525881846536,-0.004295689099023342,0.16794880009883065,0.017348856999419293,-0.013455170990265336,0.02195505558097218,-0.3298315642345902
168,240.0,0.07763451638662071,10.51464592279657,-20.997348982486187,21.05249373756297,-0.14976888679389497,15.976982029849328,-31.585258296018388,31.715186328518442,110.5638059999171,0.00025528638550157984,-0.004316677464978237,0.16794880379651433,0.017293751661812923,-0.013520911793712582,0.02195196807290438,-0.33178400560763366
169,240.0,0.07743285461255314,10.514110782394964,-20.99953555204607,21.053205979696685,-0.15002897367313947,15.97784665779274,-31.593596555448972,31.717816854328596,110.55252139144747,0.00025531409251288,-0.004337590903553949,0.16794880761476566,0.017238366241686436,-0.013586417905897144,0.02194885013380421,-0.3337367170079608
170,240.0,0.0772308388549874,10.513572906616359,-21.001627446833965,21.05382330951099,-0.15028838429650457,15.978715605410706,-31.601790420132136,31.720302278506654,110.54117986520778,0.00025534193899705,-0.004358429034632354,0.16794881155326433,0.017182701742466076,-0.013651688136194133,0.021945701814670916,-0.3356897010027985
171,240.0,0.07702847003625159,10.513032304781767,-21.003624657604064,21.054345724393215,-0.15054711745343619,15.979588856248744,-31.609839849656062,31.72264258877126,110.52978162658114,0.0002553699244493226,-0.004379191479461369,0.16794881561168082,0.017126759172672774,-0.013716721298257432,0.021942523166965096,-0.337642960157523
172,240.0,0.07682574908030199,10.512488986261035,-21.005527175524804,21.054773222144036,-0.1508051719365495,15.980466393772742,-31.617744804319052,31.72483777355795,110.5183268819813,0.0002553980483623829,-0.0043998778606611,0.1679488197896763,0.017070539545903027,-0.013781516210038982,0.021939314242605815,-0.3395964970356135
173,240.0,0.07662267691275254,10.511942960472703,-21.00733499218049,21.055105800981295,-0.15106254654163537,15.981348201369292,-31.625505245129823,31.72688782201919,110.5068158388489,0.0002554263102263772,-0.004420487802231463,0.16794882408690234,0.017014043880810743,-0.013846071693812632,0.021936075093971413,-0.34155031419867365
174,240.0,0.07641925446083576,10.511394236883891,-21.009048099566655,21.055343459537028,-0.15131924006766703,15.982234262346052,-31.63312113380782,31.728792724024505,110.49524870564824,0.0002554547095289227,-0.004441020929558706,0.16794882850300166,0.01695727320108957,-0.013910386576194537,0.021932805773898688,-0.343504414206384
175,240.0,0.07621548265342709,10.510842825010124,-21.010666490097265,21.05548619685962,-0.15157525131680694,15.983124559932113,-31.640592432783514,31.730552470160532,110.48362569186291,0.00025548324575511687,-0.004461476869422559,0.16794883303760752,0.01690022853545318,-0.013974459688165632,0.021929506335681893,-0.3454587996165209
176,240.0,0.07601136242103125,10.510288734415207,-21.01219015659882,21.055534012412863,-0.15183057909441275,15.984019077278345,-31.6479191051987,31.73216705173111,110.4719470079923,0.0002555119183875463,-0.00448185525000287,0.1679488376903439,0.01684291091761737,-0.014038289865092335,0.02192617683307212,-0.34741347298491815
177,240.0,0.07580689469576223,10.509731974711077,-21.013619092313263,21.05548690607523,-0.15208522220904447,15.984917797457777,-31.655101114906817,31.734048242010232,110.46021286554779,0.0002555407269062968,-0.0045021557008867,0.16794884246082595,0.016785321386280815,-0.014101875946748834,0.021922817320276823,-0.3493684368654755
178,240.0,0.07560208041136163,10.509172555557653,-21.01495329089755,21.05534487814191,-0.15233917947247072,15.98582070346593,-31.662138426473195,31.741043068771233,110.4484234770487,0.00025556967078896233,-0.004522377853074906,0.16794884734865928,0.016727460985106364,-0.014165216777337656,0.021919427851958724,-0.3513236938101295
179,240.0,0.07539692050318565,10.508610486662699,-21.016192746423343,21.05510792932313,-0.15259244969967511,15.986727778221208,-31.66903100517536,31.74789273979016,110.43657905601859,0.00025559874951065504,-0.004542521338989028,0.16794885235344056,0.01666933076270187,-0.01422831120551127,0.021916008483235182,-0.3532792463688493
180,240.0,0.07519141590819028,10.508045777781682,-21.017337453375603,21.05477606074416,-0.1528450317088631,15.98763900456525,-31.675778817003305,31.75459722122747,110.42467981698168,0.00025562796254401424,-0.0045625857924783105,0.16794885747475757,0.016610931772601985,-0.014291158084394079,0.021912559269678663,-0.35523509708962425
181,240.0,0.07498556756494691,10.507478438717586,-21.018387406656018,21.054349273945775,-0.15309692432146824,15.98855436526329,-31.68238182865976,31.76115647995935,110.412725975458,0.00025565730935921653,-0.004582570848825924,0.16794886271218856,0.01655226507324686,-0.014353756271601889,0.021909080267313332,-0.3571912485184544
182,240.0,0.07477937641362287,10.506908479320822,-21.019342601579666,21.053827570883783,-0.15334812636215847,15.989473843004545,-31.68884000756047,31.767570483577938,110.40071774796061,0.0002556867894239853,-0.004602476144756219,0.16794886806530313,0.016493331727965455,-0.014416104629264657,0.0219055715326174,-0.3591477031993287
183,240.0,0.07457284339597772,10.50633590948904,-21.020203033877067,21.05321095393029,-0.15359863665884285,15.990397420402564,-31.695153321834425,31.77383920039161,110.38865535199106,0.0002557164022036004,-0.004622301318441042,0.16794887353366175,0.016434132804954635,-0.014478202024046243,0.02190203312252045,-0.36110446367421434
184,240.0,0.07436596945536421,10.505760739166988,-21.020968699693384,21.052499425872867,-0.15384845404267794,15.991325079995608,-31.701321740324133,31.779962599425225,110.37653900603554,0.00025574614716090786,-0.004642046009506599,0.16794887911681602,0.01637466937726016,-0.014540047327165928,0.02189846509440346,-0.3630615324830482
185,240.0,0.074158755536731,10.505182978346369,-21.021639595589647,21.051692989914585,-0.15409757734807403,15.992256804247022,-31.70734523258588,31.785940650420375,110.36436892956104,0.00025577602375632973,-0.004661709859039873,0.16794888481430853,0.01631494252275731,-0.014601639414418525,0.021894867506097752,-0.3650189121637096
186,240.0,0.07395120258660268,10.50460263706567,-21.022215718540252,21.050791649672675,-0.15434600541270177,15.993192575545612,-31.713223768889943,31.791773323835628,110.35214534301106,0.0002558060314478741,-0.004681292509595622,0.16794889062567298,0.016254953324130485,-0.014662977166196254,0.021891240415884465,-0.3669766052520387
187,240.0,0.07374331155307288,10.504019725410037,-21.022697065935517,21.049795409181172,-0.15459373707749807,15.994132376206005,-31.71895732022085,31.797460590846747,110.33986846780195,0.0002558361696911447,-0.004700793605202523,0.1679488965504342,0.016194702868854716,-0.014724059467508056,0.021887583882493854,-0.36893461428178237
188,240.0,0.07353508338582422,10.5034342535111,-21.023083635579496,21.04870427288867,-0.15484077118667314,15.99507618846905,-31.724545858277594,31.803002423346946,110.32753852631883,0.0002558664379393512,-0.004720212791370132,0.1679489025881084,0.01613419224917498,-0.014784885208001333,0.02188389796510472,-0.3708929417846142
189,240.0,0.0733265190360976,10.502846231546824,-21.023375425692564,21.047518245659262,-0.15508710658771638,15.99602399450217,-31.729989355473887,31.808398793947106,110.31515574191131,0.0002558968356433189,-0.004739549715095025,0.16794890873820273,0.01607342256208642,-0.014845453281981202,0.021880182723342946,-0.37285159029009907
190,240.0,0.07311761945671556,10.502255669741361,-21.023572434909312,21.046237332772904,-0.15533274213140238,15.996975776399761,-31.73528778493833,31.813649675975984,110.30272033888956,0.00025592736225149874,-0.0047588040248676125,0.1679489150002156,0.01601239490931439,-0.014905762588431841,0.021876438217281434,-0.3748105623256955
191,240.0,0.0729083856020369,10.50166257836489,-21.02367466227895,21.04486153992508,-0.15557767667179812,15.997931516183558,-31.74044112051469,31.818755043480447,110.29023254252057,0.0002559580172099777,-0.004777975370678427,0.16794892137363704,0.01595111039729509,-0.014965812031036214,0.021872664507439504,-0.3767698604167218
192,240.0,0.07269881842798884,10.501066967733447,-21.023682107265728,21.043390873224553,-0.1558219090662682,15.998891195803028,-31.74544933676205,31.82371487122565,110.27769257902335,0.0002559887999624887,-0.004797063404024723,0.16794892785794793,0.015889570137153756,-0.01502560051819668,0.02186886165478123,-0.3787294870863744
193,240.0,0.07248891889204885,10.500468848208808,-21.02359476974894,21.04182533919817,-0.1560654381754818,15.999854797135747,-31.750312408955054,31.828529134695263,110.26510067556572,0.0002560197099504206,-0.0048160677779168,0.16794893445262096,0.015827775244686773,-0.015085126963054842,0.02186502972071622,-0.3806894448556728
194,240.0,0.07227868795324616,10.499868230198274,-21.023412650022493,21.040164944786085,-0.15630826286341865,16.000822301987785,-31.755030313084077,31.83319781009167,110.25245706025926,0.00025605074661282903,-0.004834988146884247,0.16794894115711997,0.015765726840338848,-0.01514439028351111,0.02186116876709675,-0.3826497362434772
195,240.0,0.07206812657213818,10.499265124154562,-21.023135748796648,21.038409697344775,-0.15655038199737534,16.001793692094093,-31.75960302585544,31.837720874336124,110.23976196215592,0.0002560819093864459,-0.004853824166982751,0.16794894797090035,0.015703426049184555,-0.015203389402245998,0.021857278856219364,-0.38461036376646557
196,240.0,0.07185723571083161,10.498659540575607,-21.022764067194544,21.036559604645333,-0.15679179444797128,16.002768949118895,-31.765109593005096,31.842098305068983,110.22701561124323,0.00025611319770569007,-0.004872575495799909,0.16794895489340878,0.015640874000906187,-0.015262123246738353,0.021853360050821804,-0.38657132993911864
197,240.0,0.07164601633297195,10.498051490004443,-21.022297606756126,21.03461467487392,-0.1570324990891553,16.00374805465606,-31.77115795199996,31.846330080649846,110.21421823844088,0.0002561446110026778,-0.004891241792461852,0.1679489619240838,0.015578071829775273,-0.015320590749286097,0.021849412414084474,-0.3885326372736883
198,240.0,0.07143446940371131,10.497440983028994,-21.021736369433768,21.03257491663217,-0.15727249479821118,16.004730990229515,-31.777061063739662,31.850416180157755,110.20137007559573,0.00025617614870723305,-0.0049098227176394135,0.16794896906235532,0.015515020674629594,-0.015378790847025536,0.021845436009627735,-0.39049428828021393
199,240.0,0.07122259588974938,10.496828030281948,-21.021080357597498,21.030440338937154,-0.15751178045576444,16.00571773729361,-31.782818899078837,31.854356583391343,110.18847135547811,0.0002562078102468976,-0.004928317933554674,0.16794897630764485,0.015451721678853832,-0.015436722481951886,0.02184143090151285,-0.3924562854665002
200,240.0,0.07101039675929191,10.496212642440575,-21.020329574030228,21.028210951220586,-0.15775035494578782,16.00670827723354,-31.788431429588233,31.858151270869,110.1755223117773,0.0002562395950469422,-0.004946727103986588,0.16794898365936556,0.015388175990358053,-0.015494384600936863,0.021837397154239362,-0.3944186313380823
201,240.0,0.07079787298205317,10.495594830226569,-21.01948402193119,21.025886763330078,-0.15798821715560799,16.007702591365707,-31.79389862755493,31.861800223829054,110.16252317909748,0.00025627150253037633,-0.004965049894277708,0.16794899111692232,0.01532438476155736,-0.015551776155749764,0.021833334832745965,-0.3963813283982292
202,240.0,0.07058502552927391,10.494974604405902,-21.01854370491384,21.023467785527004,-0.1582253659759112,16.00870066093814,-31.799220465982582,31.86530342422988,110.14947419295379,0.00025630353211795944,-0.0049832859713401885,0.16794899867971205,0.015260349149351288,-0.015608896103076284,0.021829244002409626,-0.39834437914791326
203,240.0,0.07037185537369943,10.494351975788613,-21.017508627006237,21.02095402848866,-0.15846180030074938,16.00970246713087,-31.804396918591596,31.86866085475007,110.1363755897671,0.000256335683228211,-0.005001435003661865,0.16794900634712298,0.015196070315100658,-0.015665743404537545,0.021825124729043247,-0.4003077860858254
204,240.0,0.07015836348955479,10.493726955228679,-21.016378792651494,21.018345503306904,-0.15869751902754628,16.01070799105636,-31.809427959819384,31.871872498788576,110.12322760686048,0.0002563679552774216,-0.005019496661312169,0.1679490141185354,0.01513154942460831,-0.0157223170267086,0.021820977078895784,-0.40227155170831924
205,240.0,0.06994455085259378,10.493099553623841,-21.015154206708615,21.015642221487866,-0.1589325210571035,16.01171721375986,-31.81431356482054,31.874938340464823,110.11003048245479,0.0002564003476796633,-0.005037470615948695,0.16794902199332148,0.015066787648097312,-0.015778615941139055,0.02181680111865223,-0.4042356785094289
206,240.0,0.06973041844002814,10.492469781915423,-21.013834874449543,21.012844194954795,-0.1591668052936063,16.012730116219824,-31.81905370946705,31.877858364618852,110.0967844556641,0.0002564328598468007,-0.005055356540823009,0.16794902997084532,0.015001786160189328,-0.0158346391243712,0.021812596915432036,-0.4062001689808453
207,240.0,0.06951596723058574,10.491837651088188,-21.01242080156294,21.009951436043877,-0.1594003706446298,16.013746679348333,-31.82364837034846,31.880632556811435,110.08348976649177,0.0002564654911885014,-0.00507315411078659,0.16794903805046305,0.014936546139883924,-0.015890385557958686,0.021808364536788707,-0.4081650256118858
208,240.0,0.06930119820445384,10.491203172170147,-21.01091199414998,21.00696395750674,-0.15963321602114466,16.014766883991463,-31.828097524772122,31.883260903324203,110.07014665582552,0.0002564982411122469,-0.0050908630022968695,0.1679490462315227,0.014871068770536072,-0.01594585422848539,0.021804104050708404,-0.41013025088949556
209,240.0,0.06908611234332314,10.490566356232387,-21.009308458729038,21.00388177250929,-0.1598653403375234,16.015790710929714,-31.8324011507633,31.88574339115974,110.05675536543355,0.0002565311090233437,-0.0051084828934229954,0.16794905451336456,0.014805355239835092,-0.01600104412758348,0.02179981552560907,-0.41209584729821425
210,240.0,0.06887071063032517,10.489927214388906,-21.007610202231774,21.000704894632833,-0.1600967425115457,16.01681814087839,-31.8365592270654,31.88808000804169,110.04331613795976,0.0002565640943249338,-0.005126013463852317,0.1679490628953208,0.014739406739782688,-0.016055954251953757,0.02179549903034072,-0.41406181732019204
211,240.0,0.06865499405008497,10.489285757796464,-21.005817232004944,20.997433337872877,-0.16032742146440498,16.01784915448802,-31.840571733140123,31.89027074241487,110.0298292169198,0.00025659719641800606,-0.005143454394895795,0.16794907137671602,0.014673224466672054,-0.01611058360338256,0.02179115463418408,-0.4160281634351342
212,240.0,0.06843896358868398,10.488641997654367,-21.00392955581117,20.994067116640025,-0.16055737612071372,16.018883732344772,-31.844438649167625,31.89231558344534,110.01629484669608,0.00025663041470140683,-0.005160805369494013,0.16794907995686686,0.014606809621064585,-0.01616493118876062,0.02178678240684913,-0.41799488812031665
213,240.0,0.06822262023366238,10.487995945204311,-21.001947181825585,20.99060624575901,-0.16078660540850973,16.019921854970843,-31.848159956046686,31.8942145210205,110.00271327253361,0.0002566637485718513,-0.005178066072222963,0.16794908863508223,0.014540163407768711,-0.016218996020101177,0.02178238241847466,-0.41996199385055455
214,240.0,0.06800596497401915,10.487347611730227,-20.99987011863925,20.98705074046967,-0.1610151082592615,16.020963502824866,-31.851735635394846,31.895967545749187,109.98908474053576,0.0002566971974239342,-0.005195236189300243,0.16794909741066347,0.014473287035818419,-0.016272777114559385,0.021777954739628725,-0.42192948309819484
215,240.0,0.0677889988001978,10.486697008558082,-20.997698375257784,20.983400616425172,-0.16124288360787453,16.02200865630234,-31.855165669548565,31.89757464896173,109.97540949765936,0.00025673076065014133,-0.00521231540858987,0.16794910628290416,0.0144061817184502,-0.016326273494447402,0.021773499441304894,-0.42389735833307046
216,240.0,0.06757172270408353,10.486044147055718,-20.9954319611019,20.97965588969501,-0.1614699303926966,16.02305729573602,-31.858450041563366,31.899035822710026,109.9616877917107,0.0002567644376408603,-0.005229303419609327,0.1679491152510906,0.014338848673082074,-0.016379484187256453,0.021769016594925267,-0.4258656220225253
217,240.0,0.06735413767900825,10.485389038632652,-20.993070886006507,20.978313126779824,-0.161696247555524,16.024109401396334,-31.861588735213964,31.9003510597676,109.94791987134023,0.00025679822778439197,-0.005246199913534449,0.16794912431450107,0.014271289121289214,-0.01643240822567212,0.021764506272336264,-0.4278342766313939
218,240.0,0.0671362447197405,10.484731694739937,-20.990615160220273,20.97862989150815,-0.16192183404160693,16.025164953491814,-31.86458173499439,31.901520353629678,109.93410598603923,0.0002568321304669617,-0.005263004583205166,0.167949133472407,0.014203504288784821,-0.016485044647592376,0.02175996854581005,-0.42980332462193305
219,240.0,0.06691804482247522,10.48407212686994,-20.98806479440819,20.978852070757,-0.16214668879965521,16.02622393216948,-31.867429026118124,31.90254369851321,109.92024638613404,0.0002568661450727304,-0.005279717123131346,0.16794914272407194,0.014135495405394573,-0.016537392496145834,0.021755403488042037,-0.4317727684538669
220,240.0,0.06669953898483756,10.483410346556202,-20.985419799648184,20.978979663641667,-0.16237081078184445,16.027286317515266,-31.87013059451823,31.903421089356954,109.9063413227824,0.00025690027098380604,-0.005296337229498455,0.16794915206875236,0.014067263705036265,-0.016589450819709493,0.021750811172151503,-0.4337426105843355
221,240.0,0.0664807282058746,10.48274636537323,-20.982680187432805,20.979012669692025,-0.16259419894382107,16.028352089554456,-31.872686426847437,31.90415252182148,109.89239104796843,0.00025693450758025485,-0.005312864600173004,0.1679491615056973,0.0139988104256963,-0.016641218671925823,0.021746191671679804,-0.4357128534678869
222,240.0,0.06626161348604384,10.482080194936323,-20.97984596966961,20.97895108884967,-0.16281685224470827,16.02942122825207,-31.875096510478247,31.90473799228924,109.87839581449805,0.0002569688542401129,-0.005329298934708319,0.16794917103414858,0.01393013680940702,-0.016692695111720824,0.021741545060589982,-0.43768349955647046
223,240.0,0.06604219582722459,10.4814118469014,-20.976917158680862,20.978794921472854,-0.16303876964711203,16.030493713513295,-31.87736083350308,31.90517749786456,109.86435587599469,0.0002570033103393972,-0.005345639934349775,0.16794918065334086,0.013861244102224777,-0.016743879203320374,0.021736871413265656,-0.43965455129939035
224,240.0,0.065822476232695,10.48074133296481,-20.973893767202497,20.97854416833323,-0.16325995011712577,16.031569525183908,-31.87947938473431,31.9054710363737,109.85027148689437,0.0002570378752521177,-0.005361887302040391,0.1679491903625017,0.01379213355420628,-0.016794770016267863,0.021732170804509905,-0.44162601114331
225,240.0,0.06560245570712377,10.480068664863142,-20.970775808384303,20.978198830616236,-0.16348039262433697,16.032648643050695,-31.881452153704394,31.905618606364836,109.83614290244111,0.000257072548350288,-0.005378040742426702,0.1679492001608514,0.013722806419386049,-0.016845366625442466,0.021727443309545506,-0.443597881532245
226,240.0,0.06538213525661064,10.479393854373056,-20.967563295791933,20.977758909921477,-0.16370009614183206,16.03373104684187,-31.883279130665944,31.905664669889187,109.82197037868247,0.00025710732900393766,-0.005394099961863643,0.1679492100476035,0.013653263955753692,-0.0168956681110745,0.021722689004012894,-0.4455701649075168
227,240.0,0.06516151588862606,10.478716913311086,-20.96425624340398,20.977224408263652,-0.16391905964620235,16.03481671622748,-31.884960306591804,31.911515887557883,109.80775417246474,0.00025714221658112345,-0.00541006466842036,0.16794922002196438,0.013583507425230798,-0.016945673558763648,0.021717907963970235,-0.4475428637077555
228,240.0,0.06494059861203293,10.478037853533483,-20.96085466561405,20.976595328069067,-0.1641372821175492,16.03590563081985,-31.886495673175126,31.917221151305462,109.79349454142861,0.00025717721044794074,-0.005425934571885215,0.16794923008313387,0.013513538093648478,-0.016995382059494572,0.021713100265891985,-0.4495159803688525
229,240.0,0.06471938443706485,10.477356686935964,-20.957358577229144,20.975871672180347,-0.16435476253948994,16.03699777017401,-31.887885222829432,31.922780432920383,109.77919174400368,0.00025721230996853564,-0.005441709383771429,0.16794924023030458,0.013443357230722337,-0.017044792709654644,0.021708265986667627,-0.45148951732399006
230,240.0,0.06449787437535522,10.476673425453598,-20.95376799347045,20.975053443854364,-0.16457149989916298,16.038093113788097,-31.88912894868868,31.928193704911866,109.76484603940457,0.0002572475145051163,-0.005457388817322552,0.1679492504626625,0.01337296611003132,-0.017093904611051054,0.021703405203602467,-0.4534634770035927
231,240.0,0.06427606943990014,10.475988081060569,-20.9500829299742,20.9741406467613,-0.1647874931872333,16.03919164110379,-31.89022684460731,31.93346094051012,109.75045768762575,0.0002572828234179647,-0.005472972587517179,0.1679492607793869,0.013302366008993203,-0.017142716870925584,0.021698517994414603,-0.4554378618353043
232,240.0,0.06405397064506124,10.475300665770021,-20.94630340278954,20.973133284985124,-0.16500274139789833,16.040293331506746,-31.8911789051603,31.93858211366655,109.73602694943719,0.0002573182360654485,-0.005488460411074688,0.16794927117965044,0.01323155820884221,-0.01719122860197258,0.021693604437235867,-0.45741267424397436
233,240.0,0.06383157900658122,10.474611191633834,-20.94242942838065,20.972031363024826,-0.16521724352889297,16.041398164327006,-31.891985125643217,31.943557199053974,109.72155408637921,0.0002573537518040331,-0.005503852006460198,0.16794928166261924,0.013160543994604373,-0.0172394389223545,0.021688664610609584,-0.45938791665164863
234,240.0,0.06360889554154268,10.47391967074245,-20.938461023624257,20.970834885791533,-0.1654309985814947,16.042506118839448,-31.892645502072227,31.948386172066815,109.70703936075766,0.00025738936998829273,-0.005519147093890008,0.16794929222745256,0.01308932465507439,-0.017287346955718912,0.021683698593490508,-0.46136359147755474
235,240.0,0.06338592126838553,10.473226115224714,-20.934398205811704,20.969543858612667,-0.16564400556052983,16.04361717426419,-31.893160031184177,31.95306900882132,109.69248303564,0.00025742508997092306,-0.005534345395336491,0.16794930287330367,0.013017901482793613,-0.017334951831213863,0.0216787064652443,-0.46333970113804307
236,240.0,0.06316265720690663,10.472530537247614,-20.930240992648095,20.96815828722896,-0.16585626347437793,16.04473130976705,-31.893528710436563,31.95760568615573,109.67788537484923,0.0002574609111027528,-0.005549446634533414,0.1679493135993191,0.012946275774023483,-0.01738225268350452,0.02167368830564534,-0.46531624804662924
237,240.0,0.0629391043782417,10.471832949016147,-20.9259894022523,20.966678177793284,-0.16606777133497777,16.045848504459943,-31.89375153800759,31.961996181630475,109.66324664296015,0.00025749683273275554,-0.005564450536980879,0.16794932440463914,0.012874448828724468,-0.017429248652788654,0.021668644194877074,-0.46729323461391964
238,240.0,0.06271526380487959,10.471133362773099,-20.921683198785956,20.965103536875233,-0.16627852815783223,16.04696873740133,-31.893828512796166,31.966240473528355,109.64856710529398,0.000257532854208062,-0.0055793568299502706,0.1679493352883978,0.01280242195053078,-0.01747593888481214,0.021663574213529987,-0.4692706632476146
239,240.0,0.062491136510622027,10.470431790798864,-20.922036396055603,20.963434371456884,-0.1664885329620141,16.048091987596653,-31.893759634421933,31.970338540854716,109.63384702791387,0.0002575689748739718,-0.0055941652424898475,0.16794934624972296,0.01273019644672729,-0.01752232253088646,0.02165847844260255,-0.47124853635249847
240,240.0,0.06226672352061892,10.469728245411238,-20.92229525619669,20.961670688934532,-0.1666977847701705,16.049218233998765,-31.896812330082486,31.974290363337605,109.6190866776199,0.00025760519407396566,-0.0056088755054290295,0.1679493572877364,0.012657773628225417,-0.01756839874790213,0.021653356963498478,-0.4732268563303931
241,240.0,0.06204202586133511,10.469022738965219,-20.92245977798865,20.95981249711781,-0.16690628260852897,16.050347455508344,-31.90330854878474,31.97809592142796,109.60428632194382,0.00025764151114971736,-0.00562348735138379,0.16794936840155347,0.012585154809537953,-0.017614166698345615,0.021648209858026228,-0.4752056255801782
242,240.0,0.0618170445605599,10.468315283852823,-20.922529960622967,20.957859804230566,-0.1671140255069023,16.051479630974363,-31.90965892324245,31.98175519629974,109.5894462291448,0.000257677925441106,-0.005638000514761336,0.16794937959028375,0.012512341308756865,-0.017659625550313956,0.02164303720839857,-0.4771848464977263
243,240.0,0.061591780647392125,10.467605892502894,-20.922505803705803,20.955812618911693,-0.16732101249869366,16.052614739194496,-31.915863422083987,31.98526816985009,109.5745666682046,0.00025771443628622804,-0.00565241473176515,0.16794939085303104,0.012439334447528646,-0.017704774477530598,0.021637839097231767,-0.4791645214758981
244,240.0,0.06136623515225054,10.466894577380888,-20.922387307254922,20.953728596406222,-0.16752724262090185,16.053752758915568,-31.921922014657017,31.988634824699492,109.55964790882219,0.0002577510430214094,-0.0056667297403998566,0.1679494021888931,0.012366135551029596,-0.01774961265936058,0.021632615607544353,-0.4811446529045316
245,240.0,0.061140409106856315,10.466181350988668,-20.922174471702732,20.952891423020304,-0.1677327149141265,16.054893668833984,-31.927834671028734,31.991855144191888,109.54469022140876,0.00025778774498121804,-0.005680945280476022,0.16794941359696164,0.012292745947941006,-0.017794139280825644,0.02162736682275589,-0.4831252431704318
246,240.0,0.060914303544229984,10.465466225864342,-20.921867297894153,20.95195977792372,-0.16793742842257314,16.05603744759617,-31.93360136198612,31.99492911239483,109.52969387708349,0.00025782454149847576,-0.005695061093615004,0.16794942507632304,0.012219166970426772,-0.017838353532619335,0.021622092826687273,-0.4851062946573145
247,240.0,0.06068791949868573,10.46474921458202,-20.921465787086618,20.950933665283458,-0.16814138219405836,16.05718407379901,-31.93922205903617,31.997856714099584,109.51465914766807,0.00025786143190427067,-0.005709076923253534,0.16794943662605777,0.01214539995410734,-0.017882254611121435,0.021616793703558453,-0.48708780974580984
248,240.0,0.06046125800583109,10.464030329751639,-20.92096994095175,20.94981308967985,-0.16834457528001479,16.058333525990285,-31.944696734406108,32.00063793482129,109.49958630568185,0.00025789841552796984,-0.00572299251464835,0.16794944824524077,0.012071446238035672,-0.01792584171841244,0.021611469537987493,-0.4890697908134298
249,240.0,0.06023432010256193,10.463309584018756,-20.92037976157323,20.94859805610784,-0.16854700673549616,16.059485782669114,-31.95002536104362,32.00327276079907,109.48447562433698,0.00025793549169723093,-0.005736807614881363,0.16794945993294141,0.011997307164673137,-0.01796911406228972,0.021606120414991107,-0.4910522402345576
250,240.0,0.06000710682705262,10.46258699006434,-20.919695251448957,20.947288569974887,-0.16874867561918258,16.060640822286388,-31.955207912617077,32.00576117899609,109.46932737753336,0.0002579726597380152,-0.005750521972864018,0.16794947168822358,0.01192298407986446,-0.01801207085628124,0.021600746419982744,-0.49303516038042366
251,240.0,0.0597796192187492,10.461862560604558,-20.91891641348934,20.945884637102665,-0.16894958099338506,16.061798623245213,-31.960244363515745,32.00810317709972,109.4541418398533,0.0002580099189745997,-0.005764135339341739,0.16794948351014555,0.011848478332812397,-0.0180547113196594,0.021595347638770766,-0.49501855361908886
252,240.0,0.059551858318369816,10.461136308390616,-20.918043251018588,20.944386263726585,-0.16914972192405098,16.06295916390136,-31.965134688849975,32.010298743521616,109.43891928655763,0.00025804726872958976,-0.005777647466898911,0.16794949539776075,0.01177379127605568,-0.01809703467745672,0.02158992415756007,-0.49700242231538827
253,240.0,0.059323825167904194,10.460408246208504,-20.917075767772502,20.942793456495878,-0.1693490974807687,16.064122422563695,-31.96987886445142,32.01234786739782,109.42365999357938,0.00025808470832393125,-0.005791058109963083,0.16794950735011696,0.011698924265440974,-0.01813904016047896,0.021584476062948395,-0.49898676883095733
254,240.0,0.05909552081060638,10.459678386878805,-20.91601396790199,20.941106222471802,-0.16954770673677286,16.06528837749462,-31.974476866873214,32.01425053858883,109.40836423751946,0.0002581222370769235,-0.005804367024809786,0.16794951936625688,0.011623878660099885,-0.018180727005320217,0.021579003441927185,-0.5009715955241861
255,240.0,0.058866946290971896,10.458946743256512,-20.914857855969586,20.939324569130292,-0.16974554876894887,16.066457006910532,-31.978928673390175,32.0160067476797,109.39303229564159,0.0002581598543062315,-0.005817573969566585,0.16794953144521818,0.011548655822423905,-0.018222094454375632,0.021573506381879437,-0.502956904750183
256,240.0,0.05863810265475771,10.458213328230785,-20.913607436951622,20.937448504361043,-0.16994262265783813,16.067628288982252,-31.983234261998977,32.01761648598008,109.37766444586697,0.0002581975593278986,-0.00583067870421821,0.16794954358603328,0.011473257118038871,-0.018263141755857425,0.021567984970580184,-0.504942698860789
257,240.0,0.05840899094896706,10.457478154724786,-20.91226271623691,20.935478036466662,-0.17013892748764287,16.068802201835467,-31.987393611418334,32.01907974552436,109.36226096676981,0.000258235351456359,-0.005843680990610377,0.16794955578773,0.0113976839157813,-0.018303868163806917,0.021562439296194762,-0.5069289802045068
258,240.0,0.05817961222184174,10.456741235695413,-20.910823699627628,20.933413174163974,-0.1703344623462307,16.0699787235512,-31.991406701089158,32.02039651907164,109.34682213757112,0.0002582732300044508,-0.005856580592454323,0.16794956804933073,0.011321937587670434,-0.018344272938108686,0.02155686944727669,-0.5089157511265388
259,240.0,0.05794996752285496,10.456002584133149,-20.90929039333929,20.931253926582286,-0.17052922632513998,16.071157832166204,-31.99527351117474,32.02156680010587,109.33134823813499,0.0002583111942834282,-0.0058693772753311835,0.16794958036985344,0.011246019508886693,-0.018384355344504322,0.02155127551276872,-0.5109030139686953
260,240.0,0.05772005790271066,10.455262213061818,-20.90766280400078,20.9290003032647,-0.17072321851958383,16.07233950567348,-31.998994022560893,32.02259058283585,109.31583954896261,0.0002583492436029741,-0.0058820708066966544,0.1679495927483112,0.011169931057744106,-0.01842411465460699,0.021545657582001537,-0.5128907710694309
261,240.0,0.05748988441335981,10.454520135538388,-20.905940938652662,20.926652314167228,-0.17091643802845574,16.073523722022657,-32.002568216856126,32.02346786219531,109.30029635118744,0.0002583873772712134,-0.005894660955884542,0.16794960518371238,0.011093673615665925,-0.01846355014591257,0.02154001574469133,-0.514879024763776
262,240.0,0.05725944810795097,10.453776364652754,-20.904124804748392,20.924209969660552,-0.1711088839543339,16.074710459120478,-32.00599607639177,32.02419863384292,109.28471892657015,0.00025842559459472535,-0.0059071474941116255,0.16794961767506092,0.011017248567159108,-0.018502661101814862,0.02153435009094034,-0.5168677773833404
263,240.0,0.057028750040856946,10.453030913527513,-20.902214410157313,20.921673280526107,-0.17130055540348577,16.07589969483123,-32.00927758422213,32.02478289416234,109.26910755749307,0.0002584638948785563,-0.005919530194481627,0.16794963022135587,0.010940657299788482,-0.01854144681161809,0.021528660711235093,-0.5188570312562906
264,240.0,0.05679779126765889,10.452283795317792,-20.900209763157903,20.91904225796125,-0.17149145148587322,16.0770914069772,-32.01241272412463,32.025220640262276,109.25346252695579,0.00025850227742623284,-0.005931808831989418,0.1679496428215922,0.010863901204152537,-0.01857990657054998,0.02152294769644607,-0.5208467887073012
265,240.0,0.056566572845150515,10.451535023210987,-20.89811087244368,20.916316913574974,-0.17168157131515685,16.078285573339123,-32.01540148059992,32.02551186997644,109.23778411856932,0.0002585407415397742,-0.005943983183525126,0.1679496554747602,0.010786981673856801,-0.01861803967977472,0.02151721113782612,-0.5228370520575534
266,240.0,0.05633509583131406,10.450784610426577,-20.895917747121132,20.91349725939051,-0.17187091400870075,16.07948217165663,-32.018243838872024,32.02565658186363,109.22207261655134,0.0002585792865197056,-0.005956053027878469,0.16794966817984613,0.010709900105488774,-0.018655845446406444,0.021511451127010296,-0.5248278236247086
267,240.0,0.05610336128534418,10.450032570215898,-20.893630396708318,20.910583307843126,-0.1720594786875773,16.080681179628687,-32.02093978488844,32.025654775207705,109.20632830572063,0.0002586179116650706,-0.0059680181457422805,0.16794968093583162,0.010632657898591923,-0.018693323183520346,0.02150566775601326,-0.5268191057228727
268,240.0,0.05587137026761452,10.449278915861935,-20.89124883113675,20.907575071781935,-0.17224726447657154,16.08188257491407,-32.02348930532028,32.02550645001761,109.19055147149237,0.0002586566162734444,-0.005979878319716998,0.16794969374169444,0.010555256455640838,-0.01873047221016671,0.02149986111722992,-0.5288109006625716
269,240.0,0.05563912383967895,10.448523660679108,-20.888773060751618,20.90447256446805,-0.17243427050418583,16.083086335131785,-32.02589238756235,32.025211607027366,109.1747423998728,0.0002586953996409471,-0.005991633334314739,0.16794970659640843,0.010477697182015298,-0.018767291851383674,0.021494031303434528,-0.5308032107507332
270,240.0,0.05540662306428989,10.447766818013031,-20.886203096310282,20.90127579957681,-0.17262049590264453,16.084292437861546,-32.02814901973324,32.024770247696054,109.15890137745353,0.00025873426106225574,-0.006003282975962894,0.1679497194989429,0.010399981485973342,-0.018803781438208496,0.021488178407778138,-0.5327960382906727
271,240.0,0.05517386900536111,10.447008401240327,-20.883538948982107,20.89799384775631,-0.1728059398078983,16.0855008606442,-32.03025919067547,32.02418237420783,109.14302869140697,0.00025877319983061826,-0.00601482703300826,0.16794973244826367,0.010322110778627078,-0.018839940307690477,0.021482302523788962,-0.5347893855820417
272,240.0,0.05494086272797883,10.446248423768392,-20.880780630349022,20.89801038487181,-0.1729906013596289,16.086711580982215,-32.03222288995554,32.02344798947189,109.12712462948087,0.000258812215237866,-0.0060262652957208925,0.1679497454433326,0.010244086473916203,-0.018875767802903072,0.021476403745370992,-0.5367832549208138
273,240.0,0.05470760529840011,10.445486899035174,-20.877928152407947,20.897932689829446,-0.17317447970125355,16.087924576340082,-32.03404010786401,32.02256709712244,109.11118947999293,0.000258851306574427,-0.006037597556298193,0.16794975848310778,0.010165909988581658,-0.018911263272956638,0.021470482166803403,-0.5387776485992752
274,240.0,0.054474097784038465,10.444723840508965,-20.87498152756541,20.897760763056937,-0.1733575739799293,16.089139824144816,-32.03571083541561,32.02153970151869,109.09522353182572,0.000258890473129339,-0.006048823608868117,0.16794977156654353,0.010087582742140324,-0.018946426073008532,0.021464537882738235,-0.540772568905964
275,240.0,0.054240341253459834,10.443959261688159,-20.87194076864293,20.897494605394115,-0.1735398833465574,16.090357301786383,-32.037235064349275,32.02036580774479,109.07922707442115,0.00025892971419026235,-0.00605994324949376,0.1679497846925905,0.010009106156858105,-0.018981255564277426,0.02145857098820114,-0.5427680181256902
276,240.0,0.05400633677638689,10.443193176101058,-20.868805888873283,20.897134218093782,-0.17372140695578822,16.09157698661815,-32.03861278712825,32.01904542160981,109.06320039777569,0.00025896902904349364,-0.006070956276176489,0.16794979786019598,0.009930481657725034,-0.01901575111405317,0.021452581578589272,-0.5447639985394632
277,240.0,0.05377208542368585,10.442425597305629,-20.86557690190176,20.896679602821592,-0.17390214396602494,16.09279885595736,-32.03984399694013,32.0175785496477,109.04714379243464,0.00025900841697397843,-0.006081862488859767,0.16794981106830364,0.009851710672428269,-0.01904991209570873,0.021446569749670154,-0.5467605124244882
278,240.0,0.05353758826734827,10.441656538889298,-20.862253821786965,20.896130761656167,-0.17408209353942855,16.094022887085554,-32.04092868769688,32.0159651991172,109.03105754948714,0.0002590478772653247,-0.006092661689433094,0.16794982431585398,0.009772794631326518,-0.019083737888712538,0.021440535597581672,-0.5487575620541347
279,240.0,0.053302846380523884,10.440886014468706,-20.85883666299793,20.895487697088214,-0.17426125484192176,16.095249057249063,-32.04186685403497,32.01420537800181,109.01494196056048,0.0002590874091998159,-0.006103353681735438,0.16794983760178384,0.009693734967422929,-0.019117227878639263,0.02143447921883012,-0.5507551496979222
280,240.0,0.05306786083747549,10.440114037689497,-20.855325440419563,20.894750412020528,-0.17443962704319352,16.096477343659434,-32.042658491315336,32.01229909500976,108.99879731781515,0.00025912701205842436,-0.00611393827155895,0.16794985092502704,0.009614533116339538,-0.019150381457181426,0.02142840071028979,-0.55275327762148
281,240.0,0.05283263271359318,10.439340622226112,-20.85172016934547,20.89391890977049,-0.17461720931670313,16.097707723493894,-32.045726634631976,32.01024635957384,108.98262391393972,0.00025916668512082446,-0.006124415266652424,0.16794986428451453,0.009535190516291604,-0.019183198022160234,0.021422300169201946,-0.5547519480865041
282,240.0,0.05259716308539816,10.438565781781524,-20.848020865483875,20.89299319406632,-0.17479400083968494,16.098940173895805,-32.049298724843055,32.00804718185144,108.96642204214477,0.00025920642766540585,-0.006134784476724844,0.16794987767917374,0.009455708608059379,-0.01921567697753671,0.02141617769317304,-0.5567511633507676
283,240.0,0.05236145303051078,10.437789530087029,-20.844227544954236,20.891973269049174,-0.17497000079315198,16.10017467197512,-32.05272426664111,32.00570157272438,108.95019199615787,0.00025924623896928683,-0.006145045713448834,0.16794989110792913,0.009376088834962744,-0.019247817733422483,0.021410033380174026,-0.5587509256680702
284,240.0,0.05212550362766083,10.437011880902038,-20.84034022428935,20.890859139274397,-0.17514520836190076,16.101411194808854,-32.056003243088185,32.00320954379887,108.93393407021873,0.00025928611830832793,-0.006155198790464398,0.16794990456970255,0.00929633264283528,-0.0192796197060915,0.021403867328540337,-0.5607512372882076
285,240.0,0.051889315956683564,10.436232848013823,-20.836358920431593,20.889650809708968,-0.17531962273451496,16.10264971944149,-32.05913563797066,32.000571107405385,108.91764855907317,0.0002593260649571448,-0.006165243523381798,0.1679499180634128,0.00921644147999686,-0.019311082317989062,0.02139767963696897,-0.5627521004569449
286,240.0,0.051652891098516375,10.435452445237305,-20.832283650738788,20.888348285731155,-0.1754932431033701,16.103890222885497,-32.06212143579937,31.997786276598614,108.90133575796806,0.00025936607818912203,-0.006175179729785733,0.167949931587976,0.009136416797227412,-0.019342204997744892,0.021391470404519802,-0.5647535174160061
287,240.0,0.05141623013520749,10.434670686414822,-20.828114432978282,20.886951573133786,-0.1756660686646373,16.10513268212176,-32.06496062180971,31.9948550651573,108.88499596264612,0.0002594061572764264,-0.006185007229237813,0.16794994514230577,0.009056260047740862,-0.019372987180180896,0.021385239730612342,-0.5667554904030067
288,240.0,0.05117933414984718,10.433887585415894,-20.823851285329965,20.885460678121404,-0.17583809861828742,16.106377074100013,-32.0676531819618,31.991777487584166,108.86862946933992,0.0002594463014900202,-0.006194725843280422,0.16794995872531276,0.008975972687157151,-0.019403428306323245,0.02137898771502564,-0.5687580216514697
289,240.0,0.05094220422665668,10.433103156136996,-20.819494226385757,20.883875607311012,-0.1760093321680957,16.107623375739347,-32.070199102940556,31.989504207977934,108.8522365747672,0.0002594865100996749,-0.0062043353954400245,0.1679499723359055,0.008895556173477008,-0.019433527823412764,0.02137271445789802,-0.5707611133907672
290,240.0,0.05070484145090332,10.43231741250133,-20.815043275150117,20.882196367732547,-0.17617976852164488,16.10887156392862,-32.07259837215583,31.996737027140522,108.83581757612501,0.0002595267823739844,-0.006213835711229938,0.1679499859729899,0.008815011967054092,-0.019463285184913595,0.02136642005972418,-0.5727647678460994
291,240.0,0.05046724690893859,10.431530368458583,-20.810498451037915,20.880422966828064,-0.17634940689033005,16.11012161552694,-32.076394853179536,32.003823525241884,108.81937277108426,0.00025956711758037885,-0.00622322661815411,0.1679499996354695,0.008734341530568648,-0.01949269985052502,0.021360104621356013,-0.5747689872384746
292,240.0,0.050229421688188856,10.430742037984716,-20.805859773877756,20.878555412452528,-0.1765182464893625,16.111373507364114,-32.08275287809757,32.010763667231295,108.8029024577847,0.00025960751498513794,-0.0062325079457097214,0.1679500133222457,0.008653546329001031,-0.019521771286189624,0.021353768244000048,-0.5767737737846534
293,240.0,0.04999136687712431,10.429952435081715,-20.806672702577202,20.876593712872108,-0.17668628653777352,16.11262721624111,-32.0889642363834,32.01755741878024,108.78640693482924,0.0002596479738534042,-0.006241679525390871,0.16795002703221767,0.008572627829604412,-0.019550498964104858,0.02134741102921788,-0.5787791296971462
294,240.0,0.04975308356529531,10.429161573777346,-20.80846228416192,20.87453787676722,-0.17685352625841824,16.11388271893051,-32.09502889732589,32.02420474628268,108.76988650127826,0.00025968849344919735,-0.006250741190691349,0.16795004076428244,0.008491587501877488,-0.01957888236273168,0.02134103307892398,-0.5807850571841804
295,240.0,0.04951457284328614,10.42836946812495,-20.810158027448495,20.87238791322949,-0.17701996487798016,16.11513999217697,-32.100946830937964,32.03070561685528,108.75334145664449,0.00025972907303542704,-0.0062596927771077365,0.16795005451733494,0.008410426817538171,-0.019606920966804314,0.0213346344953851,-0.5827915584496579
296,240.0,0.04927583580273015,10.427576132203194,-20.811759924919897,20.870143831763045,-0.17718560162697458,16.116399012697688,-32.10671800795678,32.03705999833777,108.73677210088779,0.00025976971187390696,-0.006268534122142143,0.16795006829026848,0.00832914725049701,-0.019634614267338774,0.0213282153812185,-0.5847986356931079
297,240.0,0.04903687353630319,10.426781580115831,-20.813267969470814,20.867805642284083,-0.17735043573975254,16.11765975718284,-32.112342399844024,32.04326785929308,108.72017873440902,0.00025981040922536824,-0.006277265065305849,0.1679500820819742,0.008247750276828785,-0.019661961761644323,0.02132177583939229,-0.5868062911097041
298,240.0,0.04879768713773216,10.425985825991472,-20.814682154408445,20.865373355122188,-0.17751446645450505,16.11892220229606,-32.11781997878611,32.04932916900771,108.70356165804505,0.00025985116434947345,-0.006285885448121621,0.16795009589134172,0.008166237374746718,-0.019688962953330696,0.021315315973223076,-0.5888145268901884
299,240.0,0.04855827770174042,10.425188883983338,-20.81600247345031,20.86284698101818,-0.1776776930132665,16.120186324674883,-32.12315071769437,32.05524389749189,108.68692117306315,0.00025989197650482974,-0.006294395114126948,0.1679501097172588,0.008084610024574428,-0.019715617352318207,0.021308835886375402,-0.5908233452208685
300,240.0,0.048318646324116574,10.424390768269035,-20.817228920724375,20.86022653112491,-0.17784011466191857,16.121452100931222,-32.128334590205355,32.06101201547987,108.67025758115525,0.00025993284494900274,-0.006302793908876784,0.1679501235586114,0.008002869708719018,-0.01974192447484644,0.021302335682860538,-0.5928327482835791
301,240.0,0.04807879410164402,10.423591493050319,-20.818361490771053,20.85751201700822,-0.17800173065019442,16.122719507651805,-32.13337157068098,32.06663349443013,108.65357118443325,0.0002599737689385307,-0.006311081679946279,0.16795013741428463,0.007921017911645083,-0.019767883843482683,0.02129581546703544,-0.5948427382556195
302,240.0,0.04783872213212985,10.422791072552839,-20.819400178542082,20.85470345064556,-0.17816254023168185,16.12398852139866,-32.13826163420874,32.07210830652563,108.63686228542237,0.00026001474772893756,-0.006319258276934105,0.1679501512831615,0.007839056119845207,-0.01979349498713242,0.02128927534360244,-0.5968533173097867
303,240.0,0.04759843151438396,10.42198952102592,-20.820344979399493,20.851800844427743,-0.17832254266382758,16.125259118709533,-32.14300475660193,32.07743642467402,108.62013118705669,0.000260055780574747,-0.006327323551464326,0.167950165164124,0.007756985821815094,-0.01981875744104516,0.02128271541760645,-0.5988644876142671
304,240.0,0.04735792334823301,10.421186852742293,-20.821195889118712,20.84880421115514,-0.1784817372079407,16.126531276098397,-32.147600914399845,32.08261782250788,108.6033781926727,0.0002600968667294965,-0.006335277357189925,0.16795017905605275,0.007674808508023729,-0.019843670746825515,0.021276135794435325,-0.6008762513326806
305,240.0,0.04711719873449406,10.420383081997898,-20.82195290388387,20.845713564042313,-0.1786401231291964,16.12780497005587,-32.152050084867945,32.08765247438488,108.58660360600459,0.0002601380054457504,-0.006343119549795015,0.16795019295782715,0.007592525670888639,-0.019868234452440073,0.02126953657981832,-0.6028886106239786
306,240.0,0.04687625877497812,10.419578223111593,-20.82261602029243,20.842528916714627,-0.1787976996966395,16.1290801770497,-32.15635224599804,32.09254035538806,108.56980773117807,0.0002601791959751144,-0.006350849986997439,0.16795020686832549,0.00751013880474637,-0.01989244811222559,0.02126291787982413,-0.6049015676424575
307,240.0,0.046635104572488525,10.418772290424956,-20.823185235353094,20.83925028321039,-0.17895446618318858,16.130356873525216,-32.160507376508484,32.097281441325975,108.55299087270535,0.00026022043756824913,-0.006358468528551929,0.16795022078642516,0.007427649405826445,-0.019916311286898872,0.021256279800861894,-0.6069151245377099
308,240.0,0.04639373723080987,10.417965298302015,-20.82366054648452,20.83587767797914,-0.17911042186563916,16.13163503590578,-32.16451545584433,32.101875708732905,108.53615333547923,0.00026026172947488384,-0.006365975036251995,0.16795023471100248,0.007345058972223319,-0.01993982354356267,0.021249622449677888,-0.6089292834545861
309,240.0,0.04615215785469996,10.417157261129027,-20.824041951518325,20.832411115882508,-0.17926556602466717,16.132914640593253,-32.16837646417752,32.10632313486906,108.51929542476786,0.0002603030709438303,-0.006373369373932925,0.16795024864093308,0.007262369003869458,-0.019962984455715115,0.02124294593335602,-0.6109440465331613
310,240.0,0.04591036754990263,10.416348193314212,-20.824329448696886,20.82885061219372,-0.17941989794483312,16.134195663968455,-32.17209038240702,32.11062369772073,108.50241744620884,0.0002603444612229971,-0.00638065140747394,0.16795026257509174,0.007179581002506917,-0.019985793603256422,0.021236250359315402,-0.6129594159087122
311,240.0,0.045668367423128575,10.415538109287516,-20.824523036674293,20.825196182597324,-0.179573416914585,16.13547808239163,-32.17565719215898,32.11477737600051,108.48551970580364,0.000260385899559403,-0.006387821004801002,0.16795027651235245,0.007096696471660186,-0.020008250572497725,0.02122953583531043,-0.6149753937116837
312,240.0,0.04542615858203444,10.414727023500383,-20.82462271451584,20.821447843190327,-0.17972612222626227,16.13676187220288,-32.17907687578688,32.11878414914743,108.46860250991264,0.000260427385199191,-0.006394878035888696,0.16795029045158888,0.007013716916609353,-0.02003035495616695,0.021222802469428353,-0.6169919820676252
313,240.0,0.045183742135241595,10.413914950425468,-20.824628481698483,20.817605610480996,-0.17987801317609903,16.13804700972265,-32.18234941637169,32.12264399732714,108.45166616524843,0.00026046891738764233,-0.0064018223727633885,0.1679503043916737,0.006930643844360478,-0.020052106353418732,0.021216050370089803,-0.619009183097219
314,240.0,0.044941119192336336,10.413101904556452,-20.82454033811041,20.813669501389626,-0.18002908906422785,16.139333471252186,-32.185474797722,32.126356901432054,108.43471097887146,0.0002605104953691905,-0.006408653889504821,0.1679503183314796,0.0068474787636206855,-0.020073504369839366,0.02120927964604636,-0.6210269989161671
315,240.0,0.044698290863827345,10.412287900407739,-20.82435828405147,20.80963953324695,-0.18017934919468268,16.140621233073983,-32.18845300437411,32.129922843081545,108.41773725818354,0.0002605521183874349,-0.0064153724622486264,0.16795033226987874,0.00676422318476821,-0.020094548617454723,0.021202490406379323,-0.6230454316352122
316,240.0,0.04445525826118502,10.411472952514245,-20.82408232023232,20.80551572379619,-0.1803287928754027,16.14191027145224,-32.191284021592224,32.13334180462204,108.40074531092276,0.00026059378568515516,-0.006421977969188933,0.16795034620574303,0.006680878619826038,-0.020115238714738398,0.021195682760500052,-0.6250644833600799
317,240.0,0.04421202249680057,10.410657075431127,-20.82371244777613,20.801298091191796,-0.18047741941823575,16.14320056263333,-32.19396783536851,32.13661376912719,108.38373544515741,0.0002606354965043249,-0.006428470290580097,0.16795036013794412,0.006597446582433215,-0.02013557428661713,0.02118885681814705,-0.6270841561914535
318,240.0,0.04396858468400649,10.409840283733557,-20.82324866821648,20.79698665399863,-0.18062522813894125,16.14449208284626,-32.196504432423275,32.13973872039801,108.36670796928104,0.00026067725008612576,-0.006434849308739261,0.16795037406535374,0.0065139285878181115,-0.02015555496447882,0.021182012689386267,-0.6291044522249235
319,240.0,0.04372494593706001,10.409022592016447,-20.822690983498973,20.792581431194037,-0.18077221835719395,16.145784808303123,-32.19889380020497,32.142716642962995,108.34966319200599,0.0002607190456709617,-0.006441114908048225,0.16795038798684345,0.006430326152769487,-0.020175180386178392,0.021175150484608805,-0.6311253735509704
320,240.0,0.04348110737112277,10.408204014894231,-20.822039395980482,20.788082442167024,-0.1809183893965871,16.147078715199555,-32.201135926890416,32.14554752207828,108.33260142235864,0.0002607608824984724,-0.006447266974955707,0.16795040190128496,0.006346640795609812,-0.02019445019604488,0.021168270314530564,-0.6331469222549072
321,240.0,0.04323707010229472,10.40738456700059,-20.82129390842954,20.7834897067157,-0.1810637405846357,16.148373779715204,-32.20323080138481,32.1482313437277,108.31552296967311,0.00026080275980754796,-0.006453305397979221,0.1679504158075502,0.006262874036166452,-0.020213364044887293,0.021161372290190213,-0.6351691004168589
322,240.0,0.04299283524756953,10.406564262988205,-20.820454524025905,20.77880324505071,-0.1812082712527799,16.149669978014167,-32.20517841332185,32.150768094622954,108.29842814358587,0.0002608446768363426,-0.006459230067707656,0.16795042970451118,0.006179027395744255,-0.02023192159000272,0.02115445652294987,-0.6371919101117286
323,240.0,0.04274840392484152,10.405743117528516,-20.81952124636058,20.774023077793913,-0.18135198073638806,16.150967286245486,-32.20697875306381,32.15315776220368,108.28131725403021,0.00026088663282228887,-0.006465040876802621,0.16795044359104033,0.006095102397097613,-0.020250122495180496,0.021147523124491915,-0.6392153534091456
324,240.0,0.042503777252918595,10.404921145311457,-20.818494079436192,20.769149225977145,-0.18149486837476014,16.152265680543557,-32.208631811701615,32.155400334637605,108.26419061123028,0.0002609286270021116,-0.006470737720000639,0.16795045746601042,0.006011100564402048,-0.020267966430709133,0.021140572206818503,-0.6412394323734453
325,240.0,0.042258956351477334,10.404098361045227,-20.817373027667088,20.7641817110443,-0.18163693351113055,16.15356513702863,-32.21013758105493,32.15749580082056,108.24704852569587,0.0002609706586118421,-0.006476320494115191,0.16795047132829485,0.005927023423227473,-0.020285453073382694,0.021133603882251096,-0.643264149063606
326,240.0,0.042013942341108904,10.403274779456005,-20.816158095877938,20.759120554848835,-0.1817781754926719,16.154865631807244,-32.211496053672214,32.15944415037666,108.22989130821645,0.00026101272688683233,-0.006481789098038257,0.1679504851767675,0.005842872500508838,-0.020302582106505606,0.02112661826342787,-0.6452895055332356
327,240.0,0.041768736343268935,10.402450415287717,-20.81484928930513,20.753965779656284,-0.18191859367049745,16.156167140972695,-32.21270722283075,32.1612453736583,108.2127192698553,0.00026105483106176887,-0.006487143432742716,0.1679504990103028,0.005758649324518367,-0.02031935321990019,0.021119615463304344,-0.6473155038305394
328,240.0,0.041523339480293665,10.401625283301776,-20.813446613598785,20.74871740814129,-0.18205818739966464,16.157469640605488,-32.21377108253678,32.16289946174632,108.19553272194436,0.0002610969703706872,-0.006492383401283403,0.16795051282777604,0.005674355424838251,-0.02033576610990999,0.021112595595150184,-0.6493421459982498
329,240.0,0.0412777528753965,10.40079939827684,-20.811950074816025,20.745963050477002,-0.18219695603917824,16.158773106773783,-32.214687627525464,32.164406406450006,108.17833197607835,0.0002611391440469856,-0.006497508908799634,0.16795052662806337,0.005589992332332231,-0.020351820479407645,0.021105558772550173,-0.6513694340736118
330,240.0,0.04103197765265386,10.39997277500855,-20.810359679428615,20.744878086469527,-0.18233489895199298,16.16007751553389,-32.21545685326097,32.16576620030718,108.16111734410912,0.0002611813513234398,-0.0065025198625164255,0.16795054041004195,0.0055055615791177875,-0.02036751603779874,0.02109850510940163,-0.6533973700883275
331,240.0,0.040786014936999626,10.39914542830924,-20.808675434318275,20.74369956223086,-0.18247201550501707,16.161382842930674,-32.2160787559365,32.166978836584285,108.14388913813941,0.00026122359143221645,-0.0065074161717460395,0.16795055417258956,0.005421064698536287,-0.02038285250102665,0.021091434719912365,-0.6554259560685547
332,240.0,0.04053986585422631,10.398317373007757,-20.80689734677881,20.742427483011312,-0.18260830506911485,16.16268906499806,-32.21655333247434,32.16804430927642,108.1266476705184,0.00026126586360488807,-0.006512197747890281,0.16795056791458557,0.005336503225128234,-0.02039782959157968,0.021084347718602243,-0.6574551940348027
333,240.0,0.04029353153096997,10.397488623949117,-20.805025424514383,20.741061854472434,-0.18274376701910977,16.163996157759453,-32.216880580525846,32.16896261310737,108.10939325383454,0.0002613081670724466,-0.006516864504441642,0.16795058163491003,0.005251878694601331,-0.020412447038494718,0.02107724422029975,-0.6594850860019706
334,240.0,0.04004701309471551,10.396659195994316,-20.803059675641293,20.739602682684506,-0.18287840073378767,16.165304097228205,-32.2170604984715,32.16973374352967,108.09212620091098,0.00026135050106531796,-0.006521416356984795,0.16795059533244447,0.005167192643804954,-0.02042670457736189,0.021070124340141168,-0.661515633979246
335,240.0,0.03980031167380071,10.395829104020034,-20.80100010868577,20.738049974128614,-0.18301220559589942,16.16661285940809,-32.217093085420885,32.17035769672465,108.07484682479934,0.0002613928648133761,-0.006525853223198407,0.1679506090060717,0.005082446610700888,-0.02044060195033021,0.021062988193569974,-0.6635468399700941
336,240.0,0.03955342839737234,10.394998362918402,-20.79884673258698,20.736403735696626,-0.1831451809921638,16.167922420293735,-32.21697834121275,32.17083446960245,108.05755543877426,0.00026143525754595745,-0.00653017502285656,0.16795062265467606,0.004997642134335764,-0.02045413890611207,0.02105583589633562,-0.6655787059722017
337,240.0,0.03930636439541787,10.39416698759672,-20.79659955669274,20.73466397468829,-0.1832773263132706,16.169232755871075,-32.21671626641494,32.17116405980203,108.04025235632744,0.0002614776784918747,-0.006534381677829883,0.16795063627714316,0.004912780754811865,-0.020467315199986784,0.021048667564491103,-0.6676112339774528
338,240.0,0.0390591207987518,10.393334992977215,-20.794258590764287,20.732830698814553,-0.18340864095388318,16.170543842117837,-32.21630686232446,32.17716985929944,108.02293789116226,0.00026152012687943166,-0.006538473112087327,0.16795064987236052,0.004827864013259971,-0.020480130593806108,0.02104148331439311,-0.6696444259718692
339,240.0,0.03881169873899783,10.392502393996763,-20.791823844973663,20.730903916195928,-0.18353912431264158,16.171855655003956,-32.21575013096741,32.183852425356726,108.00561235718746,0.00026156260193643696,-0.006542449251697553,0.16795066343921689,0.004742893451809665,-0.02049258485599862,0.021034283262700515,-0.6716782839356026
340,240.0,0.03856409934859435,10.391669205606657,-20.789295329903666,20.728883635362877,-0.183668775792165,16.173168170492062,-32.21504607509898,32.19038780479582,107.98827606851228,0.0002616051028902185,-0.006546310024830146,0.16795067697660312,0.004657870613562933,-0.02050467776157353,0.021027067526373268,-0.6737128098428468
341,240.0,0.038316323760784574,10.390835442772321,-20.7866730565471,20.726769865256244,-0.18379759479905494,16.17448136453791,-32.21419469820348,32.196775965261395,107.97092933943998,0.0002616476289676381,-0.0065500553617566125,0.1679506904834118,0.004572797042564065,-0.020516409092123784,0.021019836222669817,-0.6757480056618337
342,240.0,0.038068373109622515,10.390001120473052,-20.783957036309687,20.724562615226034,-0.1839255807438976,16.175795213090854,-32.21319600449422,32.20301687512553,107.95357248446247,0.0002616901793951049,-0.006553685194852021,0.16795070395853726,0.004487674283772329,-0.0205277786358312,0.021012589469147285,-0.6777838733547741
343,240.0,0.0378202485299461,10.389166253701767,-20.781147281005815,20.722261895032602,-0.18405273304126668,16.17710969209428,-32.21204999891358,32.20911050348795,107.9362058182545,0.0002617327533985907,-0.00655719945859626,0.16795071740087603,0.004402503883033268,-0.020538786187470445,0.021005327383660313,-0.6798204148778249
344,240.0,0.037571951157391925,10.388330857464744,-20.77824380286245,20.719867714845407,-0.1841790511097265,16.178424777486082,-32.21219137677833,32.21505682017631,107.91882965566795,0.0002617753502036432,-0.006560598089574924,0.16795073080932654,0.004317287387050661,-0.020549431548411753,0.02099805008435895,-0.6818576321810348
345,240.0,0.03732348212837044,10.387494946781345,-20.7752466145173,20.717380085244315,-0.18430453437183367,16.179740445199094,-32.21957090056246,32.22085579574638,107.90144431172618,0.0002618179690354014,-0.006563881026480771,0.16795074418278957,0.004232026343357961,-0.02055971452662553,0.0209907576896884,-0.6838955272083107
346,240.0,0.03707484258008592,10.386658536683766,-20.77215572901889,20.714799017217473,-0.18442918225414084,16.181056671161553,-32.22680315014262,32.22650740148234,107.8840501016181,0.0002618606091186088,-0.006567048210114494,0.16795075752016797,0.004146722300289821,-0.02056963493668477,0.020983450318386717,-0.6859341018973721
347,240.0,0.03682603365050645,10.385821642216769,-20.76897115982618,20.712124522163805,-0.18455299418719864,16.182373431297556,-32.23388808974086,32.23201160939697,107.86664734069268,0.00026190326967762855,-0.006570099583385817,0.16795077082036713,0.004061376806954105,-0.02057919259976847,0.02097612808948377,-0.6879733581796993
348,240.0,0.03657705647836752,10.384984278437404,-20.765692920808902,20.70935661189182,-0.1846759696055584,16.183690701527496,-32.240825684306195,32.237368392231915,107.84923634445266,0.00026194594993645727,-0.0065730350913148555,0.16795078408229444,0.003975991413202398,-0.020588387343665887,0.020968791122300802,-0.6900132979805192
349,240.0,0.036327912203182156,10.384146460414772,-20.76232102624803,20.706495298619956,-0.18479810794777493,16.18500845776853,-32.247615899514905,32.24257772345788,107.8318174285497,0.0002619886491187399,-0.006575854681032767,0.1679507973048603,0.003890567669603257,-0.02059721900277863,0.020961439536448523,-0.6920539232187188
350,240.0,0.03607860196519933,10.383308203229731,-20.758855490834094,20.703540594974953,-0.18491940865640863,16.186326675935014,-32.254258701770794,32.24763957727484,107.81439090877763,0.00026203136644778333,-0.0065785583017826145,0.16795081048697716,0.003805107127411801,-0.02060568741812329,0.020954073451825175,-0.6940952358068452
351,240.0,0.035829126905441426,10.382469521974656,-20.755296329668823,20.70049251399348,-0.1850398711780283,16.187645331938974,-32.26075405820546,32.25255392861227,107.79695710106743,0.0002620741011465712,-0.006581145904920774,0.16795082362756036,0.003719611338543182,-0.020613792437335878,0.020946692988617198,-0.6961372376510239
352,240.0,0.03557948816565781,10.38163043175316,-20.751643558266068,20.697351069122618,-0.18515949496321368,16.188964401690534,-32.26710193667854,32.257320753129335,107.77951632148144,0.00026211685243777847,-0.006583617443917413,0.16795083672552819,0.0036340818555432876,-0.020621533914673338,0.020939298267296628,-0.6981799306509283
353,240.0,0.03532968688835604,10.38079094767982,-20.74789719254875,20.694116274218118,-0.18527827946655767,16.190283861098386,-32.27330230577803,32.26194002721509,107.7620688862069,0.000262159619543785,-0.006585972874357104,0.16795084977980132,0.003548520231559449,-0.020628911711015472,0.020931889408619044,-0.7002233166997516
354,240.0,0.035079724216770726,10.37995108487993,-20.744057248850226,20.693792569327684,-0.1853962241466689,16.191603686070223,-32.27935513482048,32.266411727988654,107.74461511155116,0.00026220240168669065,-0.006588212153940029,0.16795086278930363,0.0034629280203136545,-0.020635925693868684,0.020924466533623818,-0.7022673976841272
355,240.0,0.03482960129486639,10.379110858489211,-20.740123743914637,20.693596035734345,-0.18551332846617394,16.192923852513193,-32.28526039385126,32.27073583329944,107.72715531393497,0.0002622451980883293,-0.006590335242482556,0.16795087575296172,0.0033773067760722,-0.02064257573736779,0.02091702976363204,-0.7043121754841252
356,240.0,0.034579319267340376,10.378270283653565,-20.736096694896105,20.693306165871235,-0.18562959189172,16.194244336334354,-32.29101805364482,32.27491232172728,107.70968980988762,0.00026228800797028324,-0.006592342101918027,0.16795088866970553,0.003291658053618994,-0.02064886172227853,0.020909579220245784,-0.7063576519731646
357,240.0,0.034328879279597886,10.37742937552878,-20.731976119359103,20.69292296109444,-0.1857450138939773,16.195565113441116,-32.2966280857049,32.27894117258265,107.69221891604025,0.00026233083055389743,-0.006594232696297181,0.16795090153846767,0.0032059834082251897,-0.02065478353599884,0.020902115025345735,-0.708403829018009
358,240.0,0.03407828247776382,10.376588149280305,-20.727762035278545,20.69244642316835,-0.18585959394764065,16.196886159741688,-32.30209046226478,32.28282236590678,107.67474294912112,0.0002623736650602942,-0.0065960069917890525,0.16795091435818457,0.003120284395622946,-0.020660341072561664,0.020894637301091073,-0.7104507084786694
359,240.0,0.03382753000867263,10.375746620082932,-20.72345446104012,20.69187655426856,-0.1859733315314328,16.198207451145528,-32.30740515628748,32.28655588247188,107.65726222594888,0.0002624165107103874,-0.006597664956681572,0.1679509271277955,0.00303456257197469,-0.020665534232636912,0.020887146169917943,-0.7124982922084101
360,240.0,0.033576623019854694,10.374904803120561,-20.719053415440328,20.69121335697767,-0.1860862261281059,16.19952896356379,-32.312572141466006,32.29014170378125,107.63977706342749,0.0002624593667248967,-0.006599206561381689,0.16795093984624337,0.002948819493846051,-0.020670362923531745,0.020879641754536937,-0.7145465820536625
361,240.0,0.033325562659552194,10.3740627135859,-20.714558917682695,20.690456834288256,-0.18619827722444418,16.200850672909766,-32.31759139222355,32.29357981206944,107.62228777853981,0.0002625022323243622,-0.006600631778416323,0.16795095251247427,0.00286305671817601,-0.020674827059193608,0.020872124177933042,-0.7165955798540146
362,240.0,0.03307435007668286,10.373220366680213,-20.70997098738448,20.689606989603277,-0.1863094843112661,16.202172555099335,-32.32246288371369,32.29687019030239,107.60479468834221,0.0002625451067291585,-0.006601940582432959,0.16795096512543778,0.002777275802249183,-0.0206789265602121,0.02086459356336481,-0.7186452874421444
363,240.0,0.03282298642085953,10.372377777613083,-20.705289644569973,20.68866382673184,-0.18641984688342614,16.203494586051413,-32.32718659182061,32.3000128221776,107.58729810995932,0.00026258798915950935,-0.006603132950199432,0.1679509776840876,0.0026914783036686785,-0.020682661353818285,0.020857050034361228,-0.7206957066437334
364,240.0,0.032571472842377214,10.371534961602064,-20.700514909675974,20.68762734989511,-0.1865293644398175,16.204816741688376,-32.33176249315929,32.30300769212422,107.56979836057704,0.0002626308788355021,-0.006604208860604899,0.1679509901873806,0.0026056657803243282,-0.02068603137388773,0.020849493714721723,-0.7227468392774997
365,240.0,0.03231981049220341,10.370691933872461,-20.695646803547106,20.686497563722156,-0.18663803648337415,16.20613899793654,-32.336190565075675,32.3058547853032,107.55229575743756,0.0002626737749771019,-0.006605168294660017,0.16795100263427748,0.002519839790366238,-0.020689036560941045,0.020841924728514597,-0.7247986871550989
366,240.0,0.03206800052196546,10.369848709657065,-20.690685347438404,20.685274473250274,-0.18674586252107264,16.207461330726577,-32.34047078564688,32.3085540876074,107.53479061783375,0.000262716676804166,-0.006606011235497059,0.1679510150237431,0.0024340018921766423,-0.020691676862144327,0.020834343200075166,-0.7268512520810637
367,240.0,0.03181604408397873,10.369005304195841,-20.685630563015252,20.683958083927138,-0.18685284206393443,16.208783715993963,-32.344603133681346,32.3111055856617,107.51728325910265,0.00026275958353645846,-0.006606737668370434,0.16795102735474585,0.002348153644339678,-0.020693952231310698,0.020826749254004927,-0.728904535852797
368,240.0,0.03156394233120133,10.368161732735695,-20.68048247235177,20.682548401608727,-0.18695897462702796,16.210106129679428,-32.34858758871904,32.31350926682314,107.49977399862031,0.00026280249439366416,-0.006607347580657045,0.16795103962625824,0.002262296605613924,-0.020695862628901454,0.020819143015170728,-0.7309585402604978
369,240.0,0.031311696417248694,10.367318010530177,-20.675241097932854,20.681045432559245,-0.18706425972947036,16.21142854772939,-32.35242413103162,32.31576511918098,107.48226315379594,0.0002628454085954036,-0.006607840961855934,0.16795105183725706,0.002176432334903887,-0.02069740802202498,0.020811524608701764,-0.7330132670871052
370,240.0,0.031059307496376816,10.366474152839212,-20.669906462651284,20.679924861774737,-0.18716869689442972,16.212750946096406,-32.35611274162255,32.31787313155683,107.46475104206559,0.0002628883253612471,-0.006608217803588946,0.16795106398672288,0.0020905623912304623,-0.020698588384438794,0.020803894159989657,-0.7350687181082772
371,240.0,0.030806776723495057,10.365630174928821,-20.664478589810187,20.680391624558183,-0.18727228564912746,16.2140733007396,-32.359653402227316,32.31983329350473,107.44723798088701,0.00026293124391072896,-0.006608478099600582,0.16795107607364068,0.002004688333703308,-0.020699403696549126,0.020796251794686412,-0.7371248950923158
372,240.0,0.030554105254142927,10.364786092070881,-20.65895750312228,20.68076510834993,-0.1873750255248394,16.215395587625117,-32.363046095313514,32.3216455953112,107.42972428773385,0.00026297416346336244,-0.006608621845758462,0.16795108809699996,0.0019188117214926444,-0.020699853945412322,0.020788597638704245,-0.7391817998001108
373,240.0,0.030301294244504652,10.36394191954279,-20.653343226709353,20.681045311596932,-0.18747691605689826,16.216717782726544,-32.366290804081046,32.32331002799541,107.41221028008923,0.00026301708323865354,-0.006608649040052656,0.16795110005579422,0.00183293411379885,-0.020699939124732773,0.020780931818211862,-0.7412394339851278
374,240.0,0.03004834485135728,10.363097672627244,-20.64763578510275,20.68123223315655,-0.18757795678469555,16.218039862025382,-32.36938751246221,32.32482658330913,107.39469627544051,0.0002630600024561157,-0.0066085596825964646,0.16795111194902146,0.0017470570698255564,-0.02069965923486538,0.020773254459635713,-0.7432977993933239
375,240.0,0.02979525823212639,10.362253366611936,-20.641835203242493,20.681325872295645,-0.18767814725168327,16.21936180151144,-32.372336205121876,32.32619525373689,107.3771825912735,0.0002631029203352843,-0.006608353775625637,0.16795112377568447,0.0016611821487506329,-0.02069901428281305,0.02076556568965619,-0.745356897763102
376,240.0,0.02954203554485292,10.361409016789286,-20.635941506477764,20.681326228688135,-0.18777748700537594,16.22068357718332,-32.375136867457556,32.327416032496025,107.35966954506645,0.00026314583609573063,-0.006608031323498963,0.16795113553479035,0.0015753109096973224,-0.020698004282228618,0.020757865635208393,-0.7474167308252709
377,240.0,0.02928867794817928,10.360564638456173,-20.629954720566815,20.68123330241872,-0.18787597559735206,16.22200516504881,-32.377789485599585,32.32848891353669,107.34215745428445,0.0002631887489570769,-0.006607592332697721,0.1679511472253511,0.001489444911706119,-0.020696629253413045,0.020750154423479356,-0.749477300302981
378,240.0,0.029035186601348028,10.35972024691364,-20.623874871677458,20.681047093979544,-0.18797361258325648,16.223326541125353,-32.380334652444745,32.32941389154195,107.32464663637336,0.0002632316581390099,-0.006607036811825583,0.16795115884638323,0.0014035857137054825,-0.0206948892233152,0.02074243218190687,-0.7515386079116894
379,240.0,0.02878156266420721,10.35887585746665,-20.617701986384077,20.68076760427141,-0.18807039752280139,16.224647681440477,-32.383698090787334,32.330190961927805,107.30713740875481,0.00026327456286129623,-0.006606364771608554,0.16795117039690857,0.0013177348744849039,-0.02069278422553161,0.020734699038178577,-0.7536006553590703
380,240.0,0.02852780729718085,10.358031485423755,-20.611436091672317,20.68039483460595,-0.18816632997976904,16.22596856203221,-32.38691345014881,32.330820120843235,107.28963008881901,0.0002633174623437957,-0.0066055762248946595,0.1679511818759531,0.0012318939526635227,-0.020690314300305487,0.020726955120230147,-0.75566344434503
381,240.0,0.02827392166131363,10.357187146096878,-20.60507721493522,20.67992878670222,-0.1882614095220126,16.227289158949542,-32.38998071460526,32.33130136517022,107.27212499392051,0.00026336035580647665,-0.00660467118665346,0.1679511932825484,0.0011460645066645287,-0.020687479494525242,0.02071920055624344,-0.7577269765615822
382,240.0,0.02801990691819052,10.356342854800989,-20.59862538397536,20.67936946268881,-0.18835563572145814,16.22860944825285,-32.392899868965834,32.331634692523785,107.25462244137121,0.0002634032424694296,-0.0066036496739762,0.16795120461573065,0.0010602480946844245,-0.02068427986172491,0.02071143547464638,-0.7597912536928498
383,240.0,0.027765764230011813,10.355498626853858,-20.59208062700276,20.678716865103013,-0.18844900815410656,16.229929406014314,-32.39567089877291,32.331820101252,107.23712274843543,0.0002634461215528823,-0.006602511706074959,0.16795121587454145,0.0009744462746658911,-0.02068071546208153,0.020703660004110103,-0.7618562774149762
384,240.0,0.02751149475952019,10.354654477575767,-20.58923362142872,20.677970996890366,-0.18854152640003471,16.231249008318372,-32.39943766280088,32.33185759043599,107.21962623232379,0.00026348899227721345,-0.006601257304282635,0.16795122705802756,0.0008886606042688445,-0.020676786362415055,0.020695874273548645,-0.7639220493960827
385,240.0,0.027257099670026697,10.353810422289213,-20.59011788288643,20.677131861406423,-0.1886331900433975,16.232568231262157,-32.40603323951322,32.33174715988997,107.20213321018717,0.0002635318538629674,-0.006599886492052083,0.1679512381652408,0.0008028926408411532,-0.020672492636185705,0.020688078412116218,-0.7659885712962315
386,240.0,0.027002580125410378,10.352966476318652,-20.59090926232247,20.676199462415383,-0.18872399867242912,16.233887050955893,-32.41248067593761,32.33148881016121,107.18464399911127,0.00026357470553086846,-0.006598399294956251,0.16795124919523832,0.0007171439413909321,-0.02066783436349432,0.020680272549207623,-0.7680558447673547
387,240.0,0.02674793729010113,10.352122654990225,-20.59160775618099,20.67517380409015,-0.18881395187944475,16.235205443523377,-32.41877994014776,32.33108254253008,107.16715891611115,0.00026361754650183544,-0.006596795740687063,0.16795126014708306,0.0006314160625585429,-0.020662811631078932,0.02067245681445502,-0.7701238714531843
388,240.0,0.026493172329075502,10.35127897363145,-20.59221336131486,20.674054891012304,-0.18890304926084214,16.236523385102355,-32.42493100094968,32.33052835900998,107.14967827812461,0.0002636603759969957,-0.006595075859055178,0.16795127101984303,0.0005457105605863477,-0.020657424532313975,0.020664631337727335,-0.7721926529892422
389,240.0,0.02623828640785699,10.350435447570957,-20.59272607498349,20.67284272817261,-0.1889912904171031,16.237840851844993,-32.43093382788192,32.32982626234737,107.132202402007,0.00026370319323769966,-0.006593239681989377,0.16795128181259186,0.00046002899129156844,-0.02065167316720834,0.0206567962491288,-0.7742621910027515
390,240.0,0.025983280692507306,10.349592092138211,-20.593145894852455,20.671537320969605,-0.18907867495279457,16.239157819918283,-32.43678839121588,32.32897625602171,107.1147316045253,0.0002637459974455351,-0.006591287243535768,0.16795129252440874,0.00037437291003732527,-0.02064555764240296,0.020648951678997,-0.7763324871125928
391,240.0,0.0257281563496131,10.348748922663239,-20.593472818996872,20.67013867521223,-0.189165202476571,16.240474265504485,-32.44249466195595,32.327978344245494,107.09726620235269,0.0002637887878423415,-0.006589218579857239,0.16795130315437878,0.00028874387170466385,-0.02063907807116902,0.020641097757901756,-0.778403542929237
392,240.0,0.025472914546283015,10.347905954476328,-20.593706845899277,20.668646797116452,-0.1892508726011747,16.241790164801543,-32.44805261183983,32.32683253196413,107.0798065120621,0.0002638315636502245,-0.006587033729232998,0.16795131370159266,0.00020314343066344181,-0.020632234573406575,0.02063323461664446,-0.7804753600547052
393,240.0,0.025217556450152955,10.347063202907757,-20.593847974447527,20.667061693308625,-0.189335684943438,16.24310549402352,-32.453462213338696,32.325538824855975,107.06235285012103,0.00026387432409157003,-0.006584732732057234,0.16795132416514683,0.00011757314074388887,-0.0206250272756403,0.020625362386254713,-0.7825479400825118
394,240.0,0.02496208322938052,10.34622068328752,-20.593896203938584,20.66538337082332,-0.1894196391242843,16.244420229401015,-32.45872343965748,32.324097229332246,107.04490553288565,0.00026391706838905886,-0.006582315630838767,0.1679513345441439,3.203455520881686e-05,-0.02061745631101843,0.020617481197990242,-0.7846212845975933
395,240.0,0.024706496052621783,10.345378410945031,-20.593851534076407,20.663611837103872,-0.1895027347687294,16.245734347181592,-32.46383626473508,32.322507752536964,107.02746487659472,0.00026395979576568053,-0.006579782470200038,0.167951344837692,-5.34707732757429e-05,-0.020609521819309598,0.02060959118333484,-0.7866953951762735
396,240.0,0.024450796089041982,10.34453640120884,-20.59371396497238,20.661747100000582,-0.18958497150588305,16.247047823630215,-32.4688006632445,32.32077040234694,107.01003119736414,0.0002640025054447483,-0.006577133296876572,0.16795135504490558,-0.0001389412926687509,-0.02060122394690114,0.020601692473997894,-0.7887702733862024
397,240.0,0.024194984508295474,10.343694669406382,-20.59348349714446,20.659789167775386,-0.1896663489689499,16.248360635029655,-32.47361661059315,32.31888518737167,106.99260481118138,0.0002640451966499125,-0.006574368159715507,0.16795136516490505,-0.00022437545158138228,-0.0205925628467945,0.020593785201911123,-0.7908459207862698
398,240.0,0.023939062480543744,10.342853230863657,-20.593160131519284,20.65773804909682,-0.18974686679523106,16.24967275768092,-32.478284082923,32.316852116953285,106.97518603389925,0.00026408786860517594,-0.006571487109675024,0.16795137519681705,-0.0003097716993072657,-0.02058353867860341,0.02058586949922821,-0.7929223389265931
399,240.0,0.02368303117642472,10.342012100904974,-20.592743869430535,20.655593753042552,-0.1898265246261254,16.25098416790367,-32.48280305711076,32.31467120116646,106.95777518123057,0.0002641305205349074,-0.0065684901998233815,0.16795138513977445,-0.0003951284858492892,-0.020574151608550917,0.02057794549832339,-0.7949995293484216
400,240.0,0.023426891767051712,10.34117129485264,-20.592234712618847,20.65335628909807,-0.1899053221071302,16.252294842036658,-32.48717351076811,32.31234245081835,106.94037256874209,0.0002641731516638561,-0.006565377485337592,0.16795139499291634,-0.00048044426194932726,-0.020564401809465203,0.020570013331788966,-0.7970774935841114
401,240.0,0.023170645424033173,10.340330828026712,-20.591632663231877,20.651025667158848,-0.18998325888784293,16.25360475643814,-32.491395422241844,32.30986587744847,106.92297851184895,0.00026421576121716617,-0.0065621490235028305,0.16795140475538814,-0.0005657174791155395,-0.020554289460777735,0.02056207313243525,-0.7991562331570418
402,240.0,0.022914293319432812,10.33949071574469,-20.590937723826414,20.648601897527783,-0.19006033462196242,16.254913887486268,-32.49546877061407,32.30724149332867,106.90559332580897,0.00026425834842039054,-0.0065588048737108065,0.16795141442634173,-0.0006509465896511783,-0.02054381474851819,0.020554125033287404,-0.8012357495815687
403,240.0,0.022657836625782687,10.338650973321236,-20.590149897365364,20.64608499091642,-0.1901365489672894,16.256222211579555,-32.49939353570235,32.30446931146294,106.8882173257167,0.0002643009124995057,-0.006555345097459045,0.16795142400493548,-0.0007361300466829025,-0.020532977865312167,0.0205461691675852,-0.8033160443629658
404,240.0,0.02240127651608014,10.337811616067897,-20.58926918721906,20.64347495844504,-0.19021190158572848,16.25752970513727,-32.50316969805992,32.30154934558739,106.87085082649789,0.0002643434526809255,-0.006551769758349482,0.16795143349033426,-0.0008212663041889931,-0.020521779010376814,0.02053820566878077,-0.805397118997363
405,240.0,0.022144614163763326,10.336972659292819,-20.58829559716486,20.640771811642622,-0.1902863921432882,16.25883634459984,-32.50679723897578,32.298481610170086,106.85349414290371,0.0002643859681915155,-0.006548078922087319,0.16795144288170955,-0.000906353817027799,-0.020510218389517217,0.020530234670537283,-0.807478974971692
406,240.0,0.021887850742721458,10.336134118300462,-20.58722913138837,20.637975562445547,-0.19036002031008312,16.2601421064293,-32.51027614047489,32.29526612041096,106.836147589505,0.0002644284582586074,-0.00654427265647968,0.1679514521782396,-0.0009913910409656143,-0.020498296215122242,0.020522256306727136,-0.8095616137636166
407,240.0,0.021630987427295623,10.335296008391296,-20.5860697944822,20.635086223199323,-0.19043278576033396,16.26144696710968,-32.51360638531832,32.29190289224165,106.81881148068614,0.000264470922110013,-0.006540351031434332,0.16795146137910894,-0.0010763764327063347,-0.02048601270616047,0.020514270711430464,-0.8116450368415086
408,240.0,0.021374025392257006,10.334458344861572,-20.584817591445557,20.632103806656886,-0.1905046881723695,16.262750903147438,-32.516787957003345,32.28839194232544,106.80148613064044,0.00026451335897403845,-0.006536314118958734,0.16795147048350959,-0.0011613084499168124,-0.02047336808817723,0.02050627801893464,-0.813729245664315
409,240.0,0.02111696581280944,10.333621143002974,-20.583472527686297,20.629028325980272,-0.19057572722862656,16.264053891071867,-32.51997161385595,32.28473328805705,106.7841718533632,0.0002645557680794986,-0.0065321619931578995,0.16795147949063985,-0.001246185551258156,-0.02046036259328794,0.020498278363730475,-0.815814241681577
410,240.0,0.02085980986458134,10.332784418102364,-20.582034609018905,20.62585979473937,-0.19064590261565173,16.2653559074355,-32.525469656441935,32.28092694756253,106.76686896264656,0.000264598148655731,-0.0065278947302334946,0.16795148839970517,-0.0013310061964125386,-0.02044699646017525,0.02049027188051217,-0.817900026333333
411,240.0,0.020602558723611285,10.331948185441512,-20.580503841665234,20.62259822691192,-0.1907152140241021,16.266656928814538,-32.53081899593277,32.276972939699135,106.7495777720741,0.00026464049993261024,-0.00652351240848253,0.1679514972099181,-0.0014157688461104447,-0.02043326993408495,0.020482258704176082,-0.8199866010500357
412,240.0,0.020345213566376374,10.331112460296778,-20.578880232254193,20.61924363688391,-0.190783661148746,16.267956931809252,-32.53601960582199,32.272871284055114,106.7322985950144,0.00026468282114056193,-0.006519015108295335,0.16795150592049796,-0.0015004719621607798,-0.02041918326681961,0.020474238969817572,-0.8220739672525402
413,240.0,0.020087775569744466,10.330277257938839,-20.57716378782078,20.61579603945006,-0.19085124368846387,16.26925589304439,-32.54107146033913,32.26862200094961,106.71503174461569,0.0002647251115105771,-0.006514402912154695,0.16795151453067125,-0.0015851140074781447,-0.020404736716735934,0.020466212812731498,-0.8241621263520195
414,240.0,0.01983024591098768,10.329442593632411,-20.575354515810034,20.61225544981164,-0.19091796134624936,16.270553789169604,-32.545974534449954,32.26422511143247,106.69777753380039,0.000264767370274226,-0.006509675904633448,0.16795152303967165,-0.001669693446110427,-0.020389930548737153,0.02045818036840786,-0.8262510797498944
415,240.0,0.019572625767774115,10.328608482635962,-20.573452424072627,20.608621883579474,-0.19098381382920981,16.271850596859835,-32.55072880385661,32.27178338051386,106.68053627525903,0.0002648095966636725,-0.006504834172393734,0.16795153144673997,-0.00175420874326759,-0.020374765034270752,0.020450141772532984,-0.8283408288377847
416,240.0,0.019314916318174388,10.327774940201417,-20.57145752086592,20.604895356770953,-0.19104880084856754,16.27314629281574,-32.555334244997866,32.281682471206835,106.66330828144476,0.0002648517899116882,-0.006499877804184846,0.16795153975112437,-0.0018386583653495273,-0.020359240451321654,0.02044209716098624,-0.8304313749974442
417,240.0,0.019057118740632727,10.32694198157388,-20.56936981485501,20.601075885812605,-0.19111292211965994,16.274440853764077,-32.5597908350493,32.291433995585905,106.64609386456772,0.0002648939492516664,-0.006494806890841582,0.1679515479520803,-0.0019230407799738021,-0.02034335708440715,0.02043404666983857,-0.832522719600692
418,240.0,0.018799234213988734,10.32610962199134,-20.5671893151125,20.597163487536648,-0.19117617736194084,16.275734256458154,-32.564098551923465,32.30103790537079,106.62889333658917,0.0002649360739176362,-0.0064896215252826265,0.1679515560488706,-0.0020073544560043743,-0.02032711522457176,0.020425990435351173,-0.8346148640093662
419,240.0,0.0185412639174433,10.325277876684401,-20.564916031117093,20.59315817918528,-0.19123856629898098,16.277026477678174,-32.56825737427009,32.31049415300879,106.61170700921598,0.00026497816314427643,-0.006484321802508797,0.16795156404076544,-0.0020915978635787443,-0.020310515169381746,0.020417928593973806,-0.8367078095752408
420,240.0,0.01828320903056406,10.32444676087597,-20.562549972755363,20.589059978407306,-0.19130008865846826,16.278317494231693,-32.57226728147624,32.31980269167514,106.59453519389479,0.00026502021616693036,-0.006478907819601245,0.16795157192704263,-0.0021757694741367877,-0.020293557222919555,0.020409861282343296,-0.8388015576399832
421,240.0,0.018025070733304064,10.323616289781002,-20.56009115032043,20.58486890325932,-0.19136074417220958,16.279607282954,-32.57612825366649,32.328963475273426,106.57737820180664,0.00026506223222161893,-0.006473379675719501,0.16795157970698746,-0.0022598677604476437,-0.02027624169577757,0.02040178863728128,-0.8408961095350673
422,240.0,0.017766850205954775,10.322786478606186,-20.561461735075568,20.580584972206225,-0.19142053257613004,16.280895820708505,-32.57984027170308,32.33797645843593,106.56023634386098,0.00026510421054505535,-0.00646773747209962,0.16795158737989282,-0.002343891196638834,-0.02025856890505241,0.02039371079579284,-0.8429914665817388
423,240.0,0.01750854862916237,10.321957342549672,-20.562858302168763,20.576208204118245,-0.19147945361027474,16.282183084387174,-32.583403317186075,32.346841596524015,106.54310993069016,0.0002651461503746587,-0.006461981312052552,0.16795159494505923,-0.0024278382582232604,-0.020240539174339767,0.020385627895065563,-0.8450876300909272
424,240.0,0.01725016718393162,10.321128896800769,-20.564162107258937,20.571738618275106,-0.19153750701880862,16.283469050910906,-32.586817372453524,32.35555884562846,106.5259992726437,0.00026518805094856825,-0.006456111300961598,0.16795160240179485,-0.002511707422127837,-0.020222152833726456,0.02037754007246613,-0.8471846013632067
425,240.0,0.01699170705159888,10.320301156539685,-20.565373144543912,20.567176234363103,-0.1915946925500173,16.284753697229938,-32.590082420581595,32.36412816256985,106.5089046797829,0.00026522991150565754,-0.00645012754628111,0.16795160974941573,-0.002595497166720283,-0.020203410219786326,0.02036944746554063,-0.8492823816886995
426,240.0,0.016733169413847247,10.319474136937227,-20.56649140862723,20.562521072475988,-0.1916510099563076,16.28603700032425,-32.59319844538472,32.3725495048989,106.49182646187498,0.0002652717312855478,-0.006444030157534001,0.16795161698724573,-0.0026792059718375783,-0.020184311675572532,0.020361350212011575,-0.8513809723470324
427,240.0,0.01647455545267239,10.318647853154502,-20.567516894519855,20.557773153114084,-0.19170645899420832,16.28731893720396,-32.5961654314157,32.38082283089682,106.47476492838739,0.0002653135095286228,-0.006437819246309886,0.16795162411461648,-0.002762832318814095,-0.020164857550611565,0.020353248449776755,-0.8534803746072781
428,240.0,0.016215866350407886,10.317822320342643,-20.568449597639784,20.552932497185964,-0.19176103942437006,16.288599484909696,-32.59898336396587,32.38894809957563,106.45772038848233,0.0002653552454760416,-0.006431494926262724,0.1679516311308675,-0.0028463746905084825,-0.02014504820089604,0.020345142316906806,-0.8555805897278729
429,240.0,0.015957103289702353,10.316997553642516,-20.56928951381198,20.547999126007227,-0.19181475101156634,16.28987862051305,-32.601652229065195,32.3969252706785,106.44069315101109,0.0002653969383697538,-0.0064250573131090566,0.16795163803534643,-0.0029298315713323234,-0.02012488398887905,0.020337031951644664,-0.8576816189565694
430,240.0,0.01569826745351813,10.31617356818444,-20.570036639268437,20.542973061300017,-0.1918675935246936,16.291156321116908,-32.60417201348238,32.404754304680104,106.42368352450835,0.00026543858745251236,-0.0064185065246254265,0.16795164482740874,-0.003013201447276905,-0.020104365283466142,0.020328917492402548,-0.8597834635303543
431,240.0,0.01543936002512744,10.315350379087889,-20.570690970646837,20.53785432519308,-0.19191956673677182,16.292432563855893,-32.606542704725015,32.412435162786885,106.40669181718663,0.0002654801919678883,-0.006411842680646414,0.167951651506418,-0.003096482805941859,-0.020083492460009147,0.020320799077761135,-0.8618861246754034
432,240.0,0.015180382188101861,10.314528001461213,-20.571252504993566,20.532642940222587,-0.19197067042494503,16.293707325896726,-32.60876429103962,32.419967806937436,106.3897183369308,0.0002655217511602841,-0.00640506590306243,0.167951658071746,-0.0031796741365617107,-0.020062265900299265,0.020312676846467825,-0.8639896036069891
433,240.0,0.014921335126311188,10.313706450401344,-20.571721239762468,20.52733892933125,-0.1920209043704813,16.29498058443864,-32.61083676141178,32.42735219980274,106.37276339129225,0.00026556326427494754,-0.006398176315817073,0.16795166452277252,-0.0032627739300343534,-0.020040685992558805,0.020304550937434065,-0.8660939015294403
434,240.0,0.014662220023923133,10.312885740993522,-20.57209717281222,20.52194231586924,-0.19207026835877336,16.29625231671376,-32.61276010556624,32.434588304786544,106.35582728748354,0.00026560473055798586,-0.006391174044905086,0.1679516708588857,-0.0033457806789480757,-0.020018753131434756,0.02029642148973437,-0.8681990196360596
435,240.0,0.0144030380653711,10.312065888310993,-20.57238030240896,20.516453123592015,-0.1921187621793385,16.29752249998748,-32.61453431396695,32.441676086025595,106.33891033237272,0.0002656461492563794,-0.00638405921837001,0.16795167707948194,-0.003428692877609092,-0.01999646771799148,0.020288288642604693,-0.8703049591090569
436,240.0,0.014143790435391063,10.31124690741473,-20.57257062722752,20.510871376662465,-0.19216638562581986,16.298791111558895,-32.61615937781717,32.448615508389956,106.32201283247774,0.0002656875196179957,-0.006376831966301764,0.16795168318396594,-0.0035115090220693176,-0.01997383015970308,0.020280152535440618,-0.8724117211194893
437,240.0,0.013884478318976282,10.310428813353116,-20.57266814634886,20.505197099650474,-0.19221313849598518,16.30005812876114,-32.61763528905956,32.455406537483306,106.30513509396035,0.00026572884089160257,-0.006369492420833966,0.16795168917175035,-0.0035942276101548947,-0.01995084087044504,0.02027201330779506,-0.8745193068272232
438,240.0,0.01362510290140043,10.309611621161716,-20.572672859259654,20.49943031753122,-0.19225902059172853,16.301323528961806,-32.621463297208535,32.462049139643206,106.28827742262175,0.0002657701123268827,-0.0063620407161414415,0.16795169504225674,-0.0036768471414909206,-0.019927500270486426,0.020263871099376014,-0.8766277173808026
439,240.0,0.013365665368193705,10.308795345862936,-20.572584765855737,20.49357105568606,-0.19230403171906923,16.302587289563316,-32.62606279698204,32.46854328194137,106.27144012389607,0.0002658113331744468,-0.006354476988438221,0.16795170079491492,-0.003759366117531022,-0.019903808786483596,0.020255726050046732,-0.878736953917427
440,240.0,0.013106166905141726,10.307980002465754,-20.572403866438663,20.49273985017993,-0.19234817168815294,16.303849388003314,-32.63051312227631,32.47488893218392,106.25462350284485,0.0002658525026858479,-0.00634680137597442,0.16795170642916296,-0.0038417830415844313,-0.019879766851470443,0.02024757829982215,-0.8808470175628855
441,240.0,0.012846608698286186,10.307165605965448,-20.572130161718235,20.49366773997329,-0.19239144031325145,16.30510980175505,-32.63481425102752,32.481086058911686,106.23782786415215,0.00026589362011359454,-0.006339014019033896,0.16795171194444794,-0.0039240964188420975,-0.019855374904851023,0.020239427988867596,-0.8829579094314557
442,240.0,0.012586991933917721,10.306352171343272,-20.571763652809125,20.49450316925018,-0.19243383741276274,16.306368508327765,-32.63896616191086,32.48713463140042,106.22105351211813,0.00026593468471116483,-0.006331115059931514,0.16795171734022493,-0.004006304756405799,-0.019830633392391047,0.020231275257497107,-0.8850696306258821
443,240.0,0.012327317798563634,10.305539713566212,-20.571304341234338,20.49524613442975,-0.1924753628092114,16.30762548526705,-32.6429688343407,32.49303461966109,106.20430075065447,0.00026597569573301986,-0.006323104643010408,0.16795172261595814,-0.00408840656331347,-0.019805542766209258,0.020223120246170928,-0.8871821822372622
444,240.0,0.01206758747898592,10.304728247586658,-20.570752228924675,20.49589663233479,-0.19251601632924828,16.308880710155258,-32.64682224847079,32.49878599444008,106.18756988327792,0.00026601665243461767,-0.006314982914639467,0.16795172777112008,-0.004170400350568123,-0.019780103484769555,0.02021496309549467,-0.8892955653450175
445,240.0,0.011807802162174141,10.303917788342137,-20.570107318217083,20.496454660195525,-0.19255579780365062,16.310134160611884,-32.6505263851944,32.504388727219435,106.17086121310541,0.0002660575540724266,-0.006306750023210681,0.16795173280519204,-0.004252284631164051,-0.01975431601287272,0.02020680394621756,-0.8914097810167995
446,240.0,0.011547963035343674,10.303108350755029,-20.56936961185511,20.496920215648686,-0.19259470706732268,16.31138581429391,-32.654081226144456,32.51011300979319,106.1541750428483,0.00026609839990393905,-0.006298406119135938,0.16795173771766406,-0.004334057920114149,-0.019728180821646346,0.02019864293922933,-0.893524830308432
447,240.0,0.011288071285929981,10.30229994973227,-20.568539112990152,20.49729329673471,-0.19263274395929483,16.31263564889622,-32.65748675369375,32.518348345645244,106.13751167480687,0.00026613918918768514,-0.006289951354844525,0.1679517425080349,-0.004415718734476928,-0.019701698388537015,0.020190480215559328,-0.8956407142638362
448,240.0,0.011028128101583844,10.30149260016506,-20.567615825181008,20.497573901901802,-0.19266990832272415,16.313883642151954,-32.660742950955026,32.526434994413925,106.12087141086492,0.0002661799211832462,-0.006281385884780238,0.1679517471758121,-0.004497265593384134,-0.01967486919730128,0.020182315916374698,-0.8977574339149749
449,240.0,0.010768134670148345,10.300686316928598,-20.566599752391767,20.497762030001383,-0.1927062000048942,16.31512977183289,-32.663849801781126,32.53437291600724,106.1042545524843,0.0002662205951512683,-0.006272709865398214,0.16795175172051222,-0.004578697018066693,-0.019647693737995683,0.020174150182977413,-0.8998749902817624
450,240.0,0.010508092179689066,10.299881114881769,-20.56549089899528,20.49785768029318,-0.19274161885721472,16.316374015749826,-32.66680729076517,32.54216207106832,106.08766140069939,0.0002662612103534758,-0.006263923455162593,0.1679517561416605,-0.004660011531882506,-0.019620172506969492,0.02016598315680442,-0.9019933843720054
451,240.0,0.010248001818444976,10.299077008866869,-20.564289269770484,20.497860852439203,-0.19277616473522208,16.317616351752942,-32.669615403240606,32.549802420975695,106.07109225611141,0.00026630176605268503,-0.006255026814542832,0.16795176043879118,-0.004741207660343416,-0.019592306006853123,0.02015781497942354,-0.9041126171813455
452,240.0,0.009987864774855974,10.298274013709321,-20.562994869902923,20.497771546511444,-0.19280983749857855,16.318856757732185,-32.672274125281405,32.55729392784365,106.05454741888344,0.00026634226151281767,-0.006246020106011182,0.16795176461144753,-0.0048222839311415615,-0.01956409474655024,0.02014964579253295,-0.9062326896931692
453,240.0,0.00972768223755554,10.297472144217373,-20.561607704985562,20.497589762985513,-0.19284263701107263,16.320095211617627,-32.67478344370212,32.564636554522494,106.03802718873447,0.000266382695998914,-0.00623690349403949,0.16795176865918165,-0.00490323887417676,-0.019535539241227723,0.020141475737958884,-0.9083536028785532
454,240.0,0.009467455395348452,10.296671415181827,-20.560127781018764,20.497315502741912,-0.19287456314061838,16.321331691379847,-32.67714334605801,32.571830264598894,106.02153186493418,0.0002664230687771468,-0.006227677145096128,0.1679517725815547,-0.00498407102158312,-0.019506640012306103,0.020133304957653773,-0.9104753576961888
455,240.0,0.009207185437205988,10.295871841375748,-20.558555104408214,20.49694876706812,-0.19290561575925577,16.32256617503029,-32.679353820645154,32.57887502239616,106.00506174629771,0.0002664633791148344,-0.006218341227642914,0.16795177637813705,-0.005064778907755372,-0.019477397587449853,0.020125133593694257,-0.9125979550923021
456,240.0,0.00894687355227028,10.295073437554176,-20.556889681967903,20.49648955765693,-0.19293579474315017,16.323798640621646,-32.68141485650055,32.585770792974536,105.98861713117992,0.0002665036262804542,-0.006208895912131837,0.16795178004850805,-0.005145361069376084,-0.019447812500557174,0.020116961788279035,-0.9147213960005965
457,240.0,0.008686520929846455,10.294276218453826,-20.55513152091919,20.49593787660646,-0.1929650999725918,16.32502906624821,-32.68332644340216,32.592517542131475,105.97219831746989,0.0002665438095436563,-0.006199341371001922,0.16795178359225618,-0.005225816045442665,-0.019417885291750148,0.02010878968372718,-0.9168456813421896
458,240.0,0.00842612875940041,10.293480198792832,-20.553280628889155,20.495293726422233,-0.19299353133199615,16.326257430046248,-32.68508857186906,32.599115236401936,105.955805602586,0.00026658392817527636,-0.00618967777867631,0.16795178700897914,-0.005306142377292868,-0.019387616507365615,0.020100617422476826,-0.918970812025509
459,240.0,0.008165698230549521,10.292685393270423,-20.551337013911933,20.494557110012522,-0.1930210887099032,16.327483710194368,-32.68670123316146,32.605563843058654,105.93943928346988,0.00026662398144734924,-0.006179905311558476,0.16795179029828358,-0.005386338608632898,-0.01935700669994331,0.020092445147082014,-0.9210967889462687
460,240.0,0.007905230533040633,10.29189181656666,-20.549300684428204,20.493728030693887,-0.19304777199897688,16.328707884913882,-32.6881644192808,32.61186333011239,105.92309965658153,0.00026666396863312254,-0.006170024148029102,0.16795179345978567,-0.00546640328556257,-0.01932605642821607,0.02008427300021091,-0.9232236129873611
461,240.0,0.0076447268567879,10.291099483342151,-20.5471716492861,20.4928064921869,-0.1930735810960056,16.329929932469156,-32.68947812296984,32.618013666312216,105.90678701789379,0.0002667038890070694,-0.00616003446844305,0.1679517964931107,-0.0055463349566024335,-0.01929476625710037,0.020076101124644925,-0.925351285018795
462,240.0,0.007384188391805208,10.290308408237761,-20.544949917739416,20.491792498618338,-0.19309851590190077,16.331149831167995,-32.69064233771265,32.62401482114575,105.89050166288698,0.00026674374184490197,-0.006149936455125648,0.16795179939789334,-0.005626132172719936,-0.01926313675768466,0.02006792966327559,-0.9274798058976242
463,240.0,0.00712361632826819,10.289518605874319,-20.542635499449858,20.490686054521092,-0.19312257632169727,16.332367559361984,-32.69165705773475,32.629866764839406,105.87424388654337,0.0002667835264235849,-0.006139730292369414,0.16795180217377745,-0.005705793487356293,-0.019231168507219138,0.020059758759103128,-0.9296091764678844
464,240.0,0.006863011856455006,10.28873009085233,-20.540228404485674,20.48948716483295,-0.1931457622645524,16.333583095446855,-32.692522278003096,32.63556946835867,105.8580139833419,0.0002668232420213481,-0.0061294161664304965,0.16795180482041622,-0.005785317456452626,-0.019198862089104568,0.020051588555234024,-0.9317393975605197
465,240.0,0.006602376166768851,10.287942877751705,-20.537728643320406,20.488195834897397,-0.19316807364374622,16.334796417862847,-32.693237994226116,32.64112290340828,105.84181224725312,0.0002668628879177001,-0.00611899426552533,0.16795180733747236,-0.0058647026384758905,-0.01916621809288182,0.02004341919487931,-0.9338704699932978
466,240.0,0.006341710449716646,10.28715698113146,-20.535136226835903,20.48681207046451,-0.19318951037668003,16.336007505095054,-32.69380420285381,32.64652704243251,105.82563897173318,0.0002669024633934416,-0.006108464779827194,0.1679518097246177,-0.005943947594446064,-0.0191332371142211,0.02003525082135307,-0.9360023945707597
467,240.0,0.006081015895921064,10.28637241552945,-20.532451166320158,20.485335877688016,-0.19321007238487675,16.3372163356738,-32.6942209010777,32.65178185861537,105.80949444971948,0.000266941967730678,-0.006097827901462415,0.16795181198153392,-0.0060230508879607104,-0.01909991975491004,0.020027083578069153,-0.9381351720841133
468,240.0,0.005820293696100521,10.285589195462054,-20.52967347346646,20.48376726312901,-0.19322975959397992,16.33842288817498,-32.694488086830916,32.65688732588083,105.79337897362444,0.0002669814002128328,-0.006087083824506966,0.16795181410791174,-0.006102011085223022,-0.01906626662284306,0.020018917608540278,-0.9402688033112023
469,240.0,0.0055595450410661105,10.284807335423903,-20.526803160376375,20.482106233753484,-0.19324857193375355,16.339627141220397,-32.69460575878818,32.661843418893035,105.77729283533039,0.0002670207601246607,-0.006076232744982808,0.16795181610345136,-0.006180826755067282,-0.019032278332009878,0.02001075305637567,-0.9424032890164191
470,240.0,0.005298771121715504,10.284026849887617,-20.52384023955716,20.48035279693235,-0.19326650933808098,16.340829073478158,-32.69457391636581,32.66665011305649,105.76123632618483,0.0002670600467522608,-0.006065274860854024,0.1679518179678628,-0.006259496468983865,-0.01899795550248345,0.020002590065278113,-0.9445386299506126
471,240.0,0.005037973129042069,10.283247753303502,-20.520784723922702,20.478506960442616,-0.19328357174496466,16.342028663662987,-32.69439255972176,32.67130738451632,105.74520973699477,0.0002670992593830892,-0.006054210372023629,0.16795181970086545,-0.006338018801146012,-0.018963298760409943,0.019994428779043567,-0.9466748268510214
472,240.0,0.004777152254107005,10.282470060099245,-20.517636626793035,20.47656873246663,-0.19329975909652575,16.34322589053659,-32.69406168975559,32.67581521015838,105.72921335802104,0.0002671383973059724,-0.006043039480329125,0.16795182130218814,-0.006416392328436825,-0.01892830873799481,0.019986269341557308,-0.9488118804412438
473,240.0,0.0045163096880462715,10.281693784679655,-20.516434899825924,20.474538121591593,-0.19331507133900283,16.344420732908016,-32.69358130810845,32.68017356760952,105.71324747897347,0.0002671774598111202,-0.006031762389539503,0.16795182277156914,-0.006494615630473983,-0.018892986073493406,0.01997811189679377,-0.9509497914311176
474,240.0,0.004255446622058377,10.280918941426389,-20.51543072299188,20.472415136810895,-0.19332950842275187,16.345613169633967,-32.692951417163094,32.68438243523774,105.69731238900583,0.00026721644619013846,-0.006020379305350876,0.16795182410875667,-0.006572687289635135,-0.018857331411197345,0.019969956588812638,-0.9530885605166505
475,240.0,0.003994564247413456,10.280145544697648,-20.514333990010897,20.470199787522375,-0.19334307030224518,16.3468031796192,-32.692172020043856,32.68844179215234,105.68140837671044,0.0002672553557360423,-0.006008890435382851,0.1679518253135085,-0.006650605891084257,-0.018821345401423075,0.019961803561757495,-0.9552281883799557
476,240.0,0.003733663755429677,10.279373608827889,-20.51314470561198,20.46789208353084,-0.19335575693607074,16.347990741816822,-32.69124312061661,32.69235161820415,105.66553573011234,0.0002672941877432688,-0.0059972959891748025,0.16795182638559175,-0.006728370022798419,-0.018785028700500233,0.01995365295985449,-0.9573686756891989
477,240.0,0.003472746337472188,10.278603148127557,-20.51186287492689,20.465492035043894,-0.1933675682869315,16.349175835228657,-32.69016472348875,32.69611189398563,105.64969473666484,0.0002673329415076899,-0.005985596178181551,0.1679518273247834,-0.006805978275592013,-0.018748381970758135,0.01994550492740856,-0.9595100230985014
478,240.0,0.003211813184961238,10.277834176882788,-20.510488503495623,20.46299965267613,-0.19337850432164458,16.3503584389056,-32.68893683400914,32.69972260083107,105.63388568324383,0.00026737161632662534,-0.0059737912157698985,0.1679518281308699,-0.006883429243143243,-0.01871140588051488,0.019937359608802926,-0.9616522312478749
479,240.0,0.002950865489345813,10.277066709355148,-20.509021597264365,20.4604149474483,-0.19338856501114074,16.35153853194794,-32.6875594582681,32.70318372081675,105.61810885614301,0.0002674102114988553,-0.005961881317214356,0.16795182880364767,-0.006960721522018841,-0.018674101104064006,0.019929217148495843,-0.9637953007631354
480,240.0,0.0026899044421145107,10.276300759781321,-20.507462162582897,20.457737930783054,-0.1933977503304631,16.35271609350571,-32.68603260309729,32.70649523676105,105.60236454106807,0.00026744872632463346,-0.005949866699693061,0.16795182934292255,-0.007037853711700825,-0.018636468321661662,0.01992107769101862,-0.9659392322558609
481,240.0,0.0024289312347789177,10.275536342372854,-20.5058102062101,20.454968614510904,-0.19340606025876658,16.353891102779013,-32.68435627606975,32.70965713222461,105.58665302313224,0.0002674871601056994,-0.0059377475822841915,0.16795182974851028,-0.007114824414610707,-0.01859850821951542,0.019912941380974415,-0.968084026323276
482,240.0,0.0021679470588786783,10.27477347131586,-20.5040657353085,20.452107010866825,-0.19341349477931702,16.355063539018392,-32.682530485499754,32.71266939151049,105.57097458685064,0.00026752551214529163,-0.005925524185961275,0.16795183002023636,-0.007191632236135436,-0.01856022148976954,0.01990480836303443,-0.9702296835482069
483,240.0,0.0019069531059573023,10.274012160770727,-20.5022287574472,20.449153132490665,-0.1934200538794903,16.35623338152514,-32.68055524044279,32.715531999664236,105.55532951613495,0.0002675637817481601,-0.005913196733589575,0.1679518301579358,-0.007268275784653579,-0.018521608830493686,0.019896678781937533,-0.9723762044990145
484,240.0,0.0016459505675954801,10.273252424871862,-20.500299280602263,20.44610699242716,-0.19342573755077141,16.357400609651638,-32.67843055069546,32.71824494247408,105.53971809428884,0.00026760196822057887,-0.005900765449921639,0.16795183016145357,-0.007344753671559168,-0.01848267094566897,0.01988855278248666,-0.9745235897294937
485,240.0,0.001384940635343878,10.27249427772739,-20.49827731315466,20.442968604126776,-0.19343054578875343,16.358565202801703,-32.67615642679542,32.72080820647098,105.52414060400254,0.0002676400708703589,-0.005888230561593329,0.16795183003064443,-0.0074210645112874245,-0.018443408545175496,0.019880430509547378,-0.9766718397788059
486,240.0,0.0011239245007716818,10.271737733418883,-20.496162863891527,20.439737981443557,-0.19343447859313664,16.359727140430916,-32.67373288002129,32.72322177892878,105.50859732734754,0.00026767808900686056,-0.005875592297119365,0.16795182976537285,-0.0074972069213406715,-0.018403822344778442,0.019872312108045322,-0.978820955171429
487,240.0,0.0008629033554554382,10.270982806001062,-20.493955942004845,20.436415138638182,-0.1934375359677278,16.36088640204695,-32.67115992239253,32.72548564786432,105.49308854577161,0.0002677160219410061,-0.005862850886889268,0.167951829365513,-0.007573179522312938,-0.01836391306611532,0.019864197722964324,-0.9809709364170651
488,240.0,0.000601878390933706,10.270229509501542,-20.491656557094473,20.43300009037361,-0.19343971792043857,16.362042967209913,-32.66843756666941,32.72759980203749,105.47761454009388,0.0002677538689852925,-0.005850006563162852,0.1679518288309491,-0.0076489809379144316,-0.018323681436681862,0.019856087499343315,-0.9831217840105608
489,240.0,0.00034085079874413395,10.26947785792054,-20.489264719164282,20.42949285171983,-0.19344102446328493,16.36319681553266,-32.66556582635282,32.72956423095136,105.46217559049951,0.0002677916294538035,-0.00583705956006648,0.16795182816157508,-0.0077246097949975195,-0.018283128189820304,0.019847981582276155,-0.985273498431837
490,240.0,7.982177038933855e-05,10.26872786523059,-20.486780438624322,20.425893438150865,-0.1934414556123861,16.364347926681138,-32.662544715684234,32.732882101681206,105.44677197653468,0.0002678293026622226,-0.00582401011358778,0.16795182735729464,-0.0078000647235810915,-0.018242254064702836,0.019839880116906485,-0.9874260801458304
491,240.0,-0.00018120750263515218,10.267979545376253,-20.484203726290758,20.422201865544793,-0.1934410113879631,16.36549628037471,-32.659374249645566,32.73853869992102,105.43140397710127,0.0002678668879278452,-0.00581085846157201,0.16795182641802123,-0.007875344356876438,-0.0182010598063202,0.01983178324842802,-0.9895795296024198
492,240.0,-0.0004422358288831333,10.26723291227389,-20.481534593385106,20.4184181501858,-0.19343969181433823,16.366641856386476,-32.65605444395902,32.74404555795267,105.41607187045273,0.0002679043845695911,-0.005797604843717322,0.1679518253436786,-0.007950447331309483,-0.01815954616546686,0.019823691122080375,-0.9917338472363012
493,240.0,-0.0007032620169436996,10.266487979811318,-20.478773051535427,20.41999790313116,-0.1934374969199335,16.367784634543614,-32.652585315087,32.749402648437915,105.40077593418775,0.00026794179190801676,-0.005784249501570462,0.16795182413419993,-0.008025372286548824,-0.01811771389872755,0.019815603883148538,-0.993889033466985
494,240.0,-0.0009642848754573094,10.265744761847563,-20.475919112773823,20.42193909390602,-0.19343442673726965,16.368924594727684,-32.64896688023198,32.75460994478099,105.38551644524601,0.000267979109265328,-0.0057707926785219715,0.1679518227895283,-0.008100117865528493,-0.018075563768462224,0.019807521676958935,-0.9960450886986869
495,240.0,-0.0012253032131165128,10.265003272212589,-20.472972789538545,20.4237881379901,-0.1934304813029648,16.370061716874954,-32.64548348023671,32.75966742112878,105.3702936799031,0.0002680163359653921,-0.005757234619802221,0.16795182130961692,-0.008174682714472824,-0.01803309654279364,0.019799444648878832,-0.9982020133202414
496,240.0,-0.0014863158386469707,10.264263524706998,-20.469934094673988,20.425545027352257,-0.19342566065773348,16.37119598097674,-32.65377755407662,32.76457505237112,105.35510791376527,0.00026805347133374984,-0.005743575572476226,0.1679518196944286,-0.008249065482921574,-0.01799031299559112,0.019791372944312453,-1.00035980770506
497,240.0,-0.0017473215608609905,10.263525533101772,-20.46680304143075,20.427209754365833,-0.19341996484638563,16.372327367079702,-32.66192238780288,32.76933281414089,105.33995942176465,0.0002680905146976282,-0.005729815785439453,0.16795181794393618,-0.008323264823753854,-0.017947213906457433,0.01978330670869957,-1.0025184722110314
498,240.0,-0.0020083191886236707,10.262789311137992,-20.463579643462538,20.428782311808163,-0.19341339391782467,16.37345585528619,-32.669917941044396,32.77394068281431,105.32484847815418,0.0002681274653859524,-0.005715955509412991,0.16795181605812237,-0.00839727939321275,-0.017903800060713633,0.019775246087512664,-1.0046780071804586
499,240.0,-0.0022693075308847653,10.26205487252655,-20.460263914830534,20.430262692861476,-0.19340594792504676,16.374581425754535,-32.67776417416767,32.77839863551108,105.30977535650257,0.00026816432272935815,-0.005701994996939024,0.1679518140369798,-0.008471107850930094,-0.017860072249384906,0.019767191226255143,-1.0068384129399883
500,240.0,-0.0025302853966538462,10.261322230947892,-20.45685586999997,20.431650891112042,-0.1933976269251396,16.37570405869938,-32.685461048277205,32.782706650094575,105.29474032968957,0.0002682010860602037,-0.005687934502376274,0.167951811880511,-0.008544748859949897,-0.017816031269186294,0.019759142270458982,-1.008999689800513
501,240.0,-0.002791251595047902,10.260591400051725,-20.453355523842163,20.43294690055143,-0.19338843097928046,16.376823734392005,-32.69300852521576,32.78686470517205,105.27974366990085,0.0002682377547125819,-0.0056737742818948585,0.16795180958872838,-0.00861820108675348,-0.017771677922506564,0.01975109936568155,-1.0111618380571306
502,240.0,-0.003052204935252024,10.259862393456743,-20.44976289163381,20.43415071557567,-0.1933783601527358,16.377940433160614,-32.7004065675647,32.79087278009479,105.26478564862288,0.00026827432802233264,-0.005659514593471916,0.16795180716165417,-0.008691463201283754,-0.017727013017394544,0.019743062657504414,-1.0133248579890606
503,240.0,-0.0033131442265651456,10.259135224750365,-20.446077989056448,20.435262330984386,-0.19336741451485923,16.37905413539067,-32.70765513864428,32.794730854958274,105.24986653663838,0.00026831080532705446,-0.005645155696886558,0.16795180459932055,-0.008764533876968383,-0.017682037367543292,0.019735032291529793,-1.0154887498595557
504,240.0,-0.0035740682783706804,10.258409907488446,-20.442300832196906,20.436281741983407,-0.19335559413909015,16.380164821525216,-32.71475420251396,32.798438910602385,105.23498660402116,0.00026834718596611707,-0.005630697853715466,0.16795180190176964,-0.008837411790744848,-0.017636751792276292,0.019727008413379793,-1.0176535139158371
505,240.0,-0.00383497590016201,10.257686455195023,-20.438431437546512,20.437208944182544,-0.1933428991029528,16.38127247206514,-32.721703723972674,32.801996928611516,105.22014612013157,0.0002683834692806727,-0.005616141327327318,0.16795179906905347,-0.008910095623083286,-0.017591157116529997,0.019718991168691462,-1.01981915038902
506,240.0,-0.004095865901554032,10.256964881362011,-20.434469822003138,20.438043933596504,-0.1933293294880543,16.382377067569543,-32.72850366855914,32.80540489131474,105.2053453536111,0.0002684196546136688,-0.00560148638287871,0.16795179610123395,-0.008982584058011823,-0.017545254170841098,0.019710980703117362,-1.0219856594940424
507,240.0,-0.004356737092261534,10.256245199448955,-20.43041600286915,20.438786706644464,-0.19331488538008365,16.383478588656008,-32.73515400255216,32.80866278178595,105.19058457237783,0.00026845574130985944,-0.00558673328730871,0.1679517929983828,-0.00905487578313961,-0.01749904379132941,0.019702977162321243,-1.0241530414295925
508,240.0,-0.004617588282139007,10.25552742288275,-20.426269997851335,20.439437260150044,-0.19329956686880997,16.384577016000918,-32.74165469297082,32.81177058384402,105.17586404362167,0.00026849172871581717,-0.005571882309334009,0.1679517897605818,-0.009126969489680368,-0.017452526819682724,0.01969498069197584,-1.0263212963780246
509,240.0,-0.0048784182811643295,10.254811565057368,-20.422031825061794,20.4399955913413,-0.19328337404808107,16.385672330339755,-32.74800570757486,32.814728282052926,105.16118403379926,0.00026852761617994524,-0.00555693371944394,0.16795178638792246,-0.009198863872476726,-0.01740570410314117,0.019686991437760693,-1.028490424505301
510,240.0,-0.00513922589944134,10.254097639333585,-20.417701503016218,20.440461697852527,-0.19326630701582212,16.38676451246742,-32.75420701486486,32.81753586172184,105.14654480862943,0.0002685634030524892,-0.005541887789895551,0.1679517828805064,-0.009270557630023386,-0.017358576494481807,0.019679009545359772,-1.0306604259609031
511,240.0,-0.00540000994722248,10.253385659038697,-20.413279050637357,20.440835577721543,-0.19324836587403374,16.387853543238528,-32.76025858408253,32.82019330890529,105.13194663308785,0.0002685990886855486,-0.005526744794708617,0.16795177923844476,-0.009342049464491721,-0.017311144852003003,0.01967103516045966,-1.032831300877779
512,240.0,-0.005660769234891955,10.252675637466275,-20.408764487251545,20.441117229390215,-0.19322955072879108,16.3889394035677,-32.766160385210945,32.82270061040328,105.11738977140281,0.0002686346724330889,-0.005511505009660165,0.16795177546185874,-0.009413338081751939,-0.01726341003950728,0.019663068428745347,-1.0350030493722544
513,240.0,-0.0059215025730026466,10.251967587875898,-20.404157832589533,20.44130665170661,-0.19320986169024126,16.39002207442988,-32.77191238897481,32.825057753761364,105.10287448705067,0.00026867015365095306,-0.005496168712279888,0.16795177155087973,-0.009484422191396205,-0.017215372926286932,0.019655109495899072,-1.0371756715439333
514,240.0,-0.006182208772251516,10.251261523492836,-20.39945910678702,20.441403843922785,-0.19318929887260278,16.391101536860614,-32.77751456684071,32.82726472727077,105.08840104274996,0.0002687055316968732,-0.005480736181844585,0.16795176750564847,-0.009555300506764291,-0.017167034387106647,0.019647158507597785,-1.0393491674756907
515,240.0,-0.0064428866434982635,10.250557457507838,-20.39466833038412,20.441408805695687,-0.19316786239416334,16.392177771956373,-32.78296689101729,32.82932151996851,105.07396970045785,0.00026874080593048246,-0.0054652076993734824,0.16795176332631595,-0.009625971744964539,-0.017118395302188807,0.01963921560951087,-1.0415235372335283
516,240.0,-0.006703534997772454,10.249855403076822,-20.38978552432627,20.441321537087134,-0.19314555237727798,16.39325076087483,-32.78826933445555,32.831228121637416,105.05958072136458,0.0002687759757133263,-0.005449583547622278,0.16795175901304282,-0.009696434626898377,-0.017069456557194877,0.019631280947296256,-1.04369878086656
517,240.0,-0.006964152646267041,10.249155373320617,-20.384810709962068,20.44114203856344,-0.19312236894836826,16.394320484835163,-32.79342187084901,32.8329845228063,105.04523436588894,0.00026881104040887404,-0.0054338640110786806,0.16795175456599945,-0.00976668787728367,-0.017020219043211403,0.0196233546666001,-1.045874898406913
518,240.0,-0.007224738400367437,10.248457381324712,-20.379743909045033,20.440870310995365,-0.19309831223791968,16.39538692511835,-32.79842447463395,32.834590714749964,105.03093089367394,0.00026884599938253076,-0.0054180493759565605,0.1679517499853663,-0.009836730224676288,-0.016970683656731694,0.01961543691305193,-1.0480518898696434
519,240.0,-0.007485291071638466,10.247761440138962,-20.374585143733952,20.440506355659778,-0.1930733823804804,16.39645006306745,-32.803277120989634,32.836046689489315,105.01667056358137,0.0002688808520016485,-0.0054021399301908135,0.16795174527133333,-0.00990656040149512,-0.016920851299639755,0.019607527832263594,-1.0502297552527018
520,240.0,-0.007745809471817597,10.247067562777358,-20.369334436589156,20.44005017423595,-0.19304757951465926,16.397509880087927,-32.80797978583848,32.8373524397914,105.00245363368829,0.0002689155976355376,-0.005386135963432337,0.1679517404241008,-0.009976177144042555,-0.016870722879194524,0.019599627569826288,-1.052408494536796
521,240.0,-0.008006292412863502,10.246375762217722,-20.363991810577488,20.439501768809265,-0.19302090378312448,16.39856635764789,-32.81253244584628,32.83850795916951,104.98828036128096,0.0002689502356554785,-0.005370037767042079,0.16795173544387834,-0.010045579192529915,-0.01682029930801126,0.019591736271307707,-1.0545881076853965
522,240.0,-0.008266738706919102,10.245686051401456,-20.35855728906904,20.438861141870007,-0.19299335533260137,16.399619477278428,-32.81693507842239,32.839513241883175,104.97415100285124,0.0002689847654347326,-0.005353845634086356,0.1679517303308856,-0.010114765291098612,-0.016769581504046838,0.019583854082250586,-1.0567685946446015
523,240.0,-0.008527147166331133,10.244998443233278,-20.353030895838288,20.43812829631247,-0.19296493431387066,16.400669220573874,-32.82118766171991,32.84036828293826,104.9600658140911,0.00026901918634855405,-0.005337559859330907,0.1679517250853516,-0.01018373418784409,-0.01671857039058117,0.019575981148169355,-1.058949955343112
524,240.0,-0.008787516603665165,10.24431295058097,-20.347412655063835,20.43730323543673,-0.19293564088176696,16.401715569192096,-32.825290174635846,32.841073078086964,104.94602504988902,0.0002690534977742009,-0.005321180739235433,0.16795171970751574,-0.010252484634836578,-0.016667266896200073,0.01956811761454655,-1.0611321896921198
525,240.0,-0.009047845831692172,10.243629586275075,-20.343647098952573,20.436385962945963,-0.19290547519517665,16.402758504854784,-32.82924259681133,32.84162762382791,104.93202896432427,0.00026908769909094615,-0.005304708571948256,0.16795171419762656,-0.010321015388146108,-0.01661567195477854,0.019560263626831893,-1.0633152975852824
526,240.0,-0.009308133663422216,10.242948363108693,-20.344742629744758,20.43537648294958,-0.19287443741703578,16.403798009347724,-32.83304490863174,32.84203191740612,104.91807781066336,0.0002691217896800893,-0.005288143657301217,0.16795170855594277,-0.010389325207862402,-0.016563786505464778,0.019552419330439448,-1.0654992788985789
527,240.0,-0.009568378912079043,10.242269293837165,-20.34574635533852,20.434274799959724,-0.1928425277143289,16.404834064521104,-32.836697091226874,32.84228595681306,104.90417184135464,0.0002691557689249673,-0.005271486296803188,0.16795170278273253,-0.010457412858119393,-0.01651161149265986,0.019544584870743557,-1.067684133490323
528,240.0,-0.009828580391116247,10.241592391177832,-20.346658271245417,20.433080918895115,-0.1928097462580863,16.40586665228977,-32.84019912647111,32.84238974078666,104.89031130802417,0.0002691896362109656,-0.005254736793635312,0.16795169687827383,-0.010525277107116515,-0.01645914786600285,0.019536760393077893,-1.0698698612010356
529,240.0,-0.010088736914242417,10.240917667809779,-20.347478373378976,20.43179484507766,-0.19277609322338282,16.406895754633517,-32.843550996983566,32.84234326881133,104.87649646147098,0.00026922339092552976,-0.005237895452645009,0.16795169084285427,-0.010592916727141376,-0.016406396580351985,0.019528946042731976,-1.0720564618533983
530,240.0,-0.010348847295405745,10.240245136373558,-20.34820665805711,20.43041658423502,-0.19274156878933524,16.407921353597363,-32.84675268612822,32.84214654111793,104.86272755166264,0.00026925703245817576,-0.005220962580340568,0.1679516846767711,-0.010660330494591566,-0.016353358595767767,0.019521141964948936,-1.0742439352521662
531,240.0,-0.010608910348790307,10.23957480947094,-20.348843121999266,20.428946142497978,-0.19270617313910082,16.408943431291842,-32.849804178014054,32.8417995586838,104.8490048277306,0.0002692905602005016,-0.005203938484885272,0.16795167838033118,-0.01072751718999738,-0.01630003487749456,0.01951334830492267,-1.076432281184118
532,240.0,-0.01086892488884323,10.238906699664653,-20.34938776232977,20.427383526403958,-0.19266990645987506,16.409961969893253,-32.85270545749519,32.841302323232775,104.83532853796595,0.0002693239735461981,-0.005186823476091621,0.16795167195385105,-0.010794475598042936,-0.01624642639594248,0.01950556520779444,-1.0786214994179717
533,240.0,-0.01112888973027969,10.238240819478122,-20.349840576574024,20.425728742892687,-0.19263276894288955,16.41097695164396,-32.855456510171024,32.8406548372351,104.82169892981469,0.0002693572718910598,-0.005169617865415942,0.16795166539765682,-0.010861204507588896,-0.016192534126670516,0.019497792818651518,-1.0808115897043153
534,240.0,-0.011388803688068692,10.237577181395205,-20.350201562662278,20.423981799309217,-0.1925947607834104,16.411988358852643,-32.8580573223863,32.83985710390746,104.80811624987324,0.00026939045463299596,-0.005152321965952401,0.1679516587120842,-0.01092770271169432,-0.01613835905036779,0.01949003128252388,-1.0830025517755468
535,240.0,-0.011648665577458849,10.236915797859941,-20.350470718926744,20.42214270340392,-0.19255588218073566,16.412996173894598,-32.860507881231285,32.83890912721296,104.7945807438842,0.0002694235211720412,-0.005134936092427169,0.16795165189747838,-0.010993969007637728,-0.016083902152835266,0.019482280744380978,-1.0851943853457922
536,240.0,-0.011908474213970396,10.236256681276306,-20.35064804410365,20.420211463329878,-0.19251613333819334,16.41400037921198,-32.862808174541826,32.837810911861055,104.78109265673191,0.00026945647091036653,-0.005117460561192745,0.1679516449541943,-0.011060002196939256,-0.01602916442496795,0.01947454134912962,-1.0873870901108391
537,240.0,-0.01216822841341272,10.235599844007913,-20.350733537331564,20.41818808764637,-0.19247551446313985,16.41500095731408,-32.86495819089948,32.83656246330755,104.76765223243754,0.00026948930325229,-0.005099895690222319,0.16795163788259604,-0.011125801085383087,-0.015974146862737303,0.01946681324161229,-1.089580665748075
538,240.0,-0.012427926991877723,10.234945298377795,-20.350767995399337,20.416072585315447,-0.19243402576695684,16.415997890777607,-32.86695791963157,32.83603770504428,104.75425971415507,0.0002695220176042877,-0.005082241799103205,0.16795163068305732,-0.011191364483038098,-0.015918850467170596,0.019459096566602063,-1.091775111916432
539,240.0,-0.012687568765743333,10.234293056668166,-20.352113759341847,20.4138649657057,-0.1923916674650502,16.416991162246937,-32.868807350811316,32.83884625438629,104.74091534416745,0.00026955461337500403,-0.005064499209031633,0.16795162335596164,-0.011256691204278163,-0.01586327624433462,0.019451391468801007,-1.0939704282562608
540,240.0,-0.012947152551702396,10.2336431311201,-20.353367685952463,20.411565238587656,-0.19234843977684685,16.417980754434392,-32.870506475257905,32.84150457373808,104.7276193638808,0.00026958708997526265,-0.0050466682428065394,0.1679516159017014,-0.011321780067806767,-0.01580742520531627,0.019443698092838583,-1.096166614389344
541,240.0,-0.013206677166736926,10.23299553393334,-20.35452976964544,20.409173414137996,-0.19230434292579357,16.41896665012049,-32.87205528453653,32.84401264989397,104.71437201382145,0.00026961944681807697,-0.005028749224823555,0.16795160832067876,-0.011386629896675285,-0.015751298366203648,0.01943601658326698,-1.0983636699187675
542,240.0,-0.013466141428161847,10.23235027726601,-20.35560000523651,20.40668950293616,-0.19225937713935376,16.41994883215422,-32.87345377095852,32.8463704703944,104.70117353363075,0.00026965168331866075,-0.005010742481069166,0.16795160061330514,-0.011451239518305704,-0.015694896748067858,0.019428347084559646,-1.100561594428876
543,240.0,-0.013725544153577976,10.231707373234386,-20.35657838794458,20.404113515966458,-0.19221354264900598,16.42092728345331,-32.874701927581356,32.84857802352602,104.6880241620612,0.0002696837988944389,-0.004992648339114493,0.16795159278000138,-0.011515607764511226,-0.015638221376943442,0.019420689741107604,-1.1027603874852054
544,240.0,-0.013984884160926964,10.231066833912623,-20.357464913393045,20.40144546461812,-0.1921668396902413,16.42190198700445,-32.87579974820874,32.850635298321826,104.6749241369719,0.00026971579296505724,-0.0049744671281095835,0.16795158482119762,-0.011579733471517419,-0.015581273283810542,0.019413044697217618,-1.104960048634401
545,240.0,-0.014244160268463554,10.230428671332518,-20.35825957760676,20.398685360683515,-0.19211926850256136,16.422872925863604,-32.87674722739066,32.85254228456123,104.66187369532416,0.0002697476649523937,-0.004956199178776734,0.16795157673733324,-0.01164361547998362,-0.015524053504573988,0.019405412097108117,-1.107160577404189
546,240.0,-0.01450337129477735,10.229792897483241,-20.35896237701465,20.395833216358227,-0.19207082932947564,16.423840083156225,-32.877544360423414,32.85429897277015,104.6488730731775,0.00026977941428056834,-0.004937844823405171,0.16795156852885695,-0.011707252635023514,-0.015466563080046613,0.019397792084908168,-1.1093619733032662
547,240.0,-0.014762516058801476,10.22915952431112,-20.3595733084488,20.39288904424444,-0.19202152241849949,16.42480344207753,-32.87819114334967,32.855905354221065,104.63592250568529,0.00026981104037595384,-0.004919404395844334,0.16795156019622676,-0.011770643786225537,-0.015408803055928235,0.019390184804652922,-1.1115642358212532
548,240.0,-0.015021593379813738,10.228528563719346,-20.360092369144922,20.389852857346625,-0.19197134802115162,16.425762985892757,-32.87868757295847,32.857361420933124,104.6230222270902,0.0002698425426671856,-0.004900878231497915,0.16795155173990958,-0.011833787787674677,-0.01535077448278696,0.01938259040028194,-1.1137673644286423
549,240.0,-0.015280602077425227,10.227900027567769,-20.360519556741508,20.386724669073317,-0.19192030639295193,16.426718697937407,-32.879033646785295,32.85866716567217,104.6101724707206,0.00026987392058517234,-0.004882266667317569,0.1679515431603819,-0.01189668349797162,-0.015292478416039534,0.0193750090156352,-1.1159713585767066
550,240.0,-0.015539540971605743,10.227273927672618,-20.36085486928104,20.3852037724524,-0.19186839779341885,16.4276705616175,-32.879229363112046,32.85982258195086,104.59737346898571,0.0002699051735631061,-0.004863570041796947,0.16795153445812916,-0.011959329780254825,-0.015233915915932601,0.019367440794451768,-1.1181762176974532
551,240.0,-0.015798408882691944,10.226650275806282,-20.361098305208372,20.385020246389956,-0.1918156224860673,16.428618560409834,-32.879274720967075,32.86082766402864,104.5846254533719,0.00026993630103647225,-0.0048447886949651905,0.16795152563364593,-0.01202172550221966,-0.015175088047522331,0.019359885880365454,-1.1203819412035458
552,240.0,-0.016057204631373185,10.226029083697025,-20.361249863371967,20.384744737588875,-0.19176198073840584,16.429562677862233,-32.87916972012522,32.86168240691186,104.571928654438,0.00026996730244306026,-0.004825922968380737,0.16795151668743585,-0.012083869536140247,-0.015115995880655061,0.01935234441690306,-1.1225885284882657
553,240.0,-0.01631592703871509,10.225410363028786,-20.361309543024333,20.38437724734257,-0.1917074728219348,16.430502897593772,-32.878914361107746,32.86238680635378,104.55928330181159,0.0002699981772229731,-0.004806973205125017,0.16795150762001151,-0.012145760758888407,-0.015056640489947492,0.019344816547480614,-1.1247959789254218
554,240.0,-0.01657457492616035,10.224794125440894,-20.36127734382029,20.383917777345943,-0.19165209901214317,16.43143920329506,-32.88019499918232,32.862940858854614,104.54668962418461,0.00027002892481863753,-0.004787939749796374,0.1679514984318946,-0.01220739805195487,-0.014997022954767703,0.019337302415401714,-1.127004291869294
555,240.0,-0.016833147115533815,10.224180382527871,-20.3611532658187,20.38336632969836,-0.1915958595885066,16.43237157872846,-32.88364540512343,32.863344561661556,104.53414784930959,0.0002700595446748143,-0.004768822948503197,0.167951489123616,-0.012268780301467903,-0.01493714435921359,0.019329802163852407,-1.1292134666545675
556,240.0,-0.017091642429024848,10.223569145839129,-20.360937309481187,20.382722906904092,-0.19153875483448488,16.43330000772835,-32.886945447255215,32.863597912768796,104.52165820399472,0.000270090036238608,-0.004749623148858072,0.167951479695715,-0.012329906398216076,-0.014877005792094587,0.019322315935901307,-1.1314235025962978
557,240.0,-0.017350059689236513,10.222960426878783,-20.36062947567345,20.38198751186971,-0.19148078503751909,16.434224474201336,-32.89009510919542,32.863700910917565,104.50922091410085,0.0002701203989594767,-0.004730340699970995,0.16795147014874032,-0.012390775237665047,-0.014816608346910374,0.01931484387449372,-1.1336343989898043
558,240.0,-0.017608397719169052,10.22235423710538,-20.360229765663888,20.381160147906286,-0.19142195048902935,16.435144962126536,-32.89309437530799,32.86365355559611,104.49683620453655,0.00027015063228924227,-0.004710975952443137,0.16795146048324924,-0.012451385719979778,-0.014755953121831379,0.01930738612245069,-1.1358461551106467
559,240.0,-0.017866655342209627,10.221750587931666,-20.35973818112413,20.38024081872848,-0.19136225148441238,16.43606145555579,-32.89594323070312,32.864418576993565,104.48450429925448,0.00027018073568209995,-0.004691529258360291,0.16795145069980807,-0.012511736750043011,-0.014695041219678231,0.01929994282246502,-1.1380587702145415
560,240.0,-0.018124831382159947,10.221149490724354,-20.359154724128985,20.379229528454147,-0.1913016883230384,16.436973938613907,-32.89864166123744,32.87026558555509,104.47222542124736,0.000270210708594628,-0.004672000971286455,0.16795144079899182,-0.012571827237475366,-0.014633873747901658,0.019292514117098706,-1.1402722435373076
561,240.0,-0.018382924663235996,10.220550956803852,-20.358479397157737,20.37812628160472,-0.19124026130824912,16.4378823954989,-32.9011896535141,32.875962254099974,104.45999979254331,0.0002702405504857979,-0.00465239144625726,0.16795143078138403,-0.012631656096656022,-0.014572451818561911,0.01928510014878055,-1.142486574294829
562,240.0,-0.018640934010076597,10.219954997444072,-20.357712203091126,20.37693108310617,-0.19117797074735488,16.438786810482227,-32.9035871948829,32.88150855433022,104.44782763420282,0.0002702702608169835,-0.004632701039773645,0.16795142064757718,-0.012691222246740245,-0.014510776548308974,0.019277701059802442,-1.1447017616829456
563,240.0,-0.018898858247730504,10.21936162387217,-20.356853145214814,20.37564393828714,-0.19111481695163168,16.43968716790902,-32.90583427344037,32.88690445869365,104.4357091663143,0.000270299839051971,-0.004612930109794927,0.16795141039817246,-0.012750524611679703,-0.014448849058360809,0.01927031699231603,-1.1469178048774311
564,240.0,-0.019156696201682352,10.218770847268303,-20.355902227217598,20.374264852880344,-0.19105080023631937,16.44058345219833,-32.90793087802989,32.89214994038414,104.42364460798991,0.00027032928465696844,-0.004593079015732401,0.16795140003377956,-0.012809562120242273,-0.014386670474483344,0.019262948088330522,-1.149134703033933
565,240.0,-0.01941444669785083,10.2181826787654,-20.354859453190244,20.372793833021717,-0.19098592092061814,16.441475647843337,-32.90987699824176,32.89724497334184,104.41163417736182,0.00027035859710061543,-0.004573148118442837,0.16795138955501676,-0.012868333706030995,-0.014324241926970103,0.019255594489709777,-1.1513524552879029
566,240.0,-0.019672108562597435,10.217597129448933,-20.35372482762753,20.37123088525118,-0.19092017932768626,16.44236373941161,-32.911672624413306,32.902189532253416,104.39967809157835,0.0002703877758539923,-0.004553137780221518,0.16795137896251092,-0.01292683830750286,-0.014261564550620375,0.019248256338168273,-1.153571060754549
567,240.0,-0.01992968062273067,10.217014210356684,-20.352498355427826,20.369576016512298,-0.19085357578463713,16.443247711545308,-32.913317747628966,32.906983592552194,104.38777656680011,0.0002704168203906297,-0.004533048364795792,0.1679513682568975,-0.012985074867987802,-0.014198639484719057,0.019240933775268587,-1.1557905185287662
568,240.0,-0.020187161705495567,10.216433932478493,-20.351180041892746,20.3678292341514,-0.1907861106225368,16.444127548961422,-32.914812359720315,32.91162713041844,104.37592981819569,0.00027044573018651847,-0.004512880237318399,0.16795135743882025,-0.013043042335708611,-0.014135467873015714,0.019233626942419015,-1.1580108276850958
569,240.0,-0.020444550638604453,10.215856306756052,-20.349769892726613,20.36599054591923,-0.1907177841764012,16.445003236452006,-32.916156453266204,32.91612012277949,104.36413805993821,0.00027047450472011806,-0.004492633764360821,0.16795134650893137,-0.013100739663798842,-0.01407205086370377,0.01922633598087005,-1.1602319872776472
570,240.0,-0.020701846250229885,10.215281344082648,-20.348267914036967,20.3640599599685,-0.19064859678519297,16.44587475888439,-32.917350021592746,32.92046254730998,104.35240150520114,0.00027050314347236686,-0.004472309313906402,0.16795133546789143,-0.013158165810322359,-0.014008389609398944,0.01921906103171153,-1.1624539963400644
571,240.0,-0.020959047369009217,10.214709055302961,-20.346674112335364,20.362037484858064,-0.19057854879181924,16.446742101201416,-32.91839305877343,32.92465438243202,104.34072036615493,0.0002705316459266908,-0.0044519072553434085,0.16795132431636942,-0.013215319738290961,-0.01394448526711754,0.01921180223586847,-1.1646768538854604
572,240.0,-0.02121615282405165,10.214139451212809,-20.3449884945357,20.359923129546956,-0.19050764054312835,16.447605248421652,-32.919285559629145,32.928695607315355,104.32909485396254,0.0002705600115690127,-0.004431427959458584,0.1679513130550424,-0.013272200415684355,-0.01388033899825623,0.019204559734099732,-1.1669005589063681
573,240.0,-0.021473161444936734,10.213572542558937,-20.343211067954684,20.35771690339999,-0.19043587238990756,16.44846418563961,-32.920027519728215,32.93258620187757,104.31752517877628,0.0002705882398877618,-0.0044108717984301625,0.16795130168459593,-0.013328806815467269,-0.013815951968570184,0.019197333666993575,-1.1691251103746716
574,240.0,-0.021730072061737032,10.213008340038778,-20.341341840312992,20.355418816183885,-0.19036324468687943,16.44931889802598,-32.92061893538646,32.93632614678422,104.30601154973343,0.00027061633037388233,-0.004390239145820961,0.16795129020572347,-0.01338513791560934,-0.013751325348151431,0.019190124174965486,-1.1713505072415824
575,240.0,-0.021986883505001862,10.212446854300225,-20.339380819733663,20.35302887806938,-0.1902897577926998,16.450169370827837,-32.921059803667184,32.939915423449015,104.29455417495282,0.00027064428252084315,-0.004369530376571529,0.1679512786191267,-0.013441192699102334,-0.013686460311407404,0.019182931398254336,-1.1735767484375652
576,240.0,-0.022243594605799923,10.211888095941434,-20.337328014743804,20.350547099630006,-0.19021541206995415,16.451015589368865,-32.92135012238127,32.94335401403396,104.28315326153137,0.0002706720958246463,-0.004348745866993343,0.16795126692551565,-0.013496970153978207,-0.013621358037039627,0.01917575547691935,-1.1758038328722786
577,240.0,-0.02250020419566357,10.211332075510557,-20.335183434272807,20.347973491843305,-0.19014020788515534,16.451857539049556,-32.921489890087116,32.946641901449496,104.27180901553957,0.00027069976978383634,-0.004327885994762059,0.16795125512560796,-0.013552469273328418,-0.013556019708022558,0.01916859655083822,-1.1780317594345355
578,240.0,-0.022756711106643603,10.210778803505542,-20.332947087652457,20.34530806608916,-0.19006414560874021,16.452695205347457,-32.92147910609069,32.949779069354676,104.26052164201849,0.00027072730389950925,-0.004306951138909974,0.16795124322012964,-0.013607689055320907,-0.013490446511580012,0.019161454759701876,-1.1802605269922666
579,240.0,-0.023013114171305114,10.210228290373909,-20.330618984619406,20.34255083415104,-0.18998722561506695,16.45352857381735,-32.92131777044557,32.95276550215724,104.24929134497557,0.00027075469767532095,-0.004285941679819928,0.16795123120981428,-0.013662628503218812,-0.013424639639166035,0.019154330243013853,-1.182490134392434
580,240.0,-0.023269412222716897,10.209680546512523,-20.32819913531219,20.33970180821524,-0.18990944828241196,16.45435763009148,-32.921005883952844,32.955601185013805,104.23811832738143,0.00027078195061749655,-0.004264857999217488,0.16795121909540361,-0.013717286625397508,-0.013358600286440418,0.01914722314008471,-1.1847205804610152
581,240.0,-0.023525604094481515,10.209135582267377,-20.32568755027171,20.336761000871206,-0.18983081399296695,16.455182359879757,-32.920543448161204,32.95828610382994,104.22700279116587,0.0002708090622348392,-0.004243700480164301,0.1679512068776472,-0.013771662435362899,-0.013292329653247916,0.019140133590030126,-1.1869518640029424
582,240.0,-0.023781688620714368,10.208593407933366,-20.32308424044166,20.333728425112014,-0.1897513231328359,16.456002748969986,-32.91993046536689,32.960820245260315,104.21594493721423,0.0002708360320387384,-0.004222469507051132,0.1679511945573022,-0.013825754951769423,-0.013225828943596384,0.01913306173176809,-1.1891839838020561
583,240.0,-0.02403766463606305,10.208054033754077,-20.320389217170145,20.33060409433304,-0.18967097609203237,16.456818783228048,-32.91916693861367,32.96320359670879,104.20494496536402,0.0002708628595431791,-0.004201165465590764,0.16795118213513363,-0.013879563198436569,-0.013159099365634575,0.019126007704014944,-1.1914169386210416
584,240.0,-0.02429353097571181,10.207517469921564,-20.317602492206788,20.327388022332883,-0.18958977326447568,16.457630448598106,-32.918252871692815,32.96543614632854,104.1940030744012,0.0002708895442647501,-0.004179788742810642,0.16795116961191422,-0.013933086204367243,-0.013092142131629103,0.01911897164528225,-1.193650727201412
585,240.0,-0.02454928647539256,10.206983726576132,-20.314724077705222,20.324080223312905,-0.1895077150479887,16.45843773110285,-32.917188269143075,32.967517883022126,104.18311946205644,0.00027091608572265267,-0.004158339727046329,0.1679511569884242,-0.01398632300376482,-0.013024958457943941,0.019111953693874584,-1.195885348263425
586,240.0,-0.02480492997138108,10.206452813806118,-20.311753986220594,20.320680711877657,-0.18942480184429447,16.459240616843648,-32.91597313625064,32.96944879644159,104.17229432500173,0.00027094248343870946,-0.004136818807933537,0.16795114426545144,-0.014039272636050695,-0.012957549565015415,0.01910495398788474,-1.1981208005060926
587,240.0,-0.025060460300490767,10.205924741647694,-20.30869223071042,20.317189503033575,-0.18934103405901284,16.460039092000777,-32.9146074790491,32.97122887698858,104.16152785884701,0.0002709687369373723,-0.0041152263764019535,0.16795113144379129,-0.014091934145880568,-0.012889916677332946,0.019097972665191996,-1.2003570826070586
588,240.0,-0.025315876300104644,10.205399520084624,-20.3055388245362,20.313606612191165,-0.18925641210165794,16.460833142833625,-32.913091304319394,32.97285811581439,104.15082025813632,0.00027099484574573147,-0.004093562824667188,0.16795111852424668,-0.0141443065831626,-0.012822061023413767,0.019091009863457808,-1.20259419322263
589,240.0,-0.02557117680816804,10.204877159048078,-20.3022937814618,20.309932055161994,-0.18917093638563434,16.461622755680875,-32.91142461958973,32.97433650482001,104.14017171634453,0.00027102080939352336,-0.004071828546224286,0.16795110550762787,-0.01419638900307382,-0.012753983835782617,0.019084065720123673,-1.2048321309876782
590,240.0,-0.025826360663191644,10.204357668416382,-20.29895711565257,20.306165848161214,-0.18908460732823476,16.462407916960714,-32.909607433135555,32.97566403665627,104.12958242587332,0.00027104662741313934,-0.004050023935839929,0.16795109239475223,-0.014248180466078012,-0.012685686350947334,0.019077140372407455,-1.2070708945156485
591,240.0,-0.026081426704255558,10.203841058014872,-20.295528841677083,20.302308007807625,-0.18899742535063624,16.46318861317104,-32.907639753979495,32.97684070472383,104.11905257804897,0.0002710722993396337,-0.004028149389545557,0.1679510791864448,-0.014299680037939964,-0.01261716980937728,0.01907023395729901,-1.2093104823984535
592,240.0,-0.026336373771029584,10.203327337615612,-20.292008974507468,20.29835855112111,-0.188909390877897,16.46396483088963,-32.90899929004963,32.97786650317326,104.10858236311748,0.00027109782471073236,-0.004006205304630039,0.1679510658835377,-0.014350886789745209,-0.012548435455480412,0.01906334661155909,-1.211550893206487
593,240.0,-0.026591200703743375,10.202816516937231,-20.288397529516942,20.29431749552427,-0.18882050433895378,16.464736556774348,-32.91059989661436,32.97874142690511,104.09817197024205,0.0002711232030668405,-0.003984192079632263,0.16795105248687014,-0.014401799797914776,-0.012479484537580044,0.01905647847171448,-1.21379212548856
594,240.0,-0.026845906343233424,10.2023086056447,-20.284694522481914,20.290184858842053,-0.1887307661666182,16.465503777563356,-32.91205000430066,32.97946547156991,104.08782158749929,0.000271148433951051,-0.003962110114333827,0.1679510389972885,-0.01445241814422231,-0.012410318307891978,0.019049629674055216,-1.2160341777718717
595,240.0,-0.02710048953092795,10.201803613349126,-20.280899969579053,20.285960659302617,-0.18864017679757344,16.466266480075273,-32.91334960590843,32.98003863356823,104.0775314018761,0.0002711735169091526,-0.003939959809751845,0.16795102541564624,-0.014502740915810063,-0.012340938022501963,0.019042800354631302,-1.218277048561955
596,240.0,-0.02735494910885286,10.201301549607548,-20.277013887390268,20.28164491553474,-0.18854873667237132,16.46702465120937,-32.91449869498479,32.98046091005071,104.0673015992661,0.00027119845148963794,-0.003917741568131504,0.1679510117428038,-0.014552767205205654,-0.012271344941342369,0.019035990649249598,-1.2205207363426522
597,240.0,-0.02760928391963936,10.200802423922731,-20.273036292898155,20.27789481850698,-0.1884564462354288,16.467778277945804,-32.915497265824165,32.98073229891809,104.05713236446644,0.0002712232372437113,-0.0038954557929388196,0.1679509979796286,-0.0146024961103377,-0.012201540328169511,0.019029200693470406,-1.2227652395760595
598,240.0,-0.027863492806515705,10.200306245742961,-20.268967203487648,20.27767803045259,-0.18836330593502498,16.468527347345727,-32.91634531346829,32.980852798821196,104.04702388117424,0.0002712478737252969,-0.0038731028888528813,0.1679509841269948,-0.014651926734552794,-0.012131525450539356,0.019022430622604124,-1.2250105567025287
599,240.0,-0.028117574613346862,10.199813024461845,-20.264806636946417,20.277369730941047,-0.18826931622329746,16.469271846551546,-32.91704283370629,32.980822409160986,104.03697633198365,0.00027127236049104655,-0.0038506832617589254,0.16795097018578356,-0.014701058186630473,-0.01206130157978583,0.019015680571708157,-1.2272566861405818
600,240.0,-0.028371528184586867,10.199322769418115,-20.260554611462823,20.276969921408522,-0.18817447755623926,16.47001176278706,-32.917589823074685,32.98064113008853,104.02698989838234,0.0002712966971003476,-0.003828197318740533,0.1679509561568827,-0.014749889580799515,-0.011990869990996354,0.0190089506755832,-1.2295036262869077
601,240.0,-0.02862535236534977,10.198835489895405,-20.256211145629237,20.276478603692624,-0.18807879039369535,16.470747083357654,-32.91798627885742,32.980308962505035,104.01706476074807,0.00027132088311533067,-0.003805645468072352,0.16795094204118668,-0.014798420036754373,-0.011920231962989093,0.01900224106877081,-1.2317513755163259
602,240.0,-0.028879046001351855,10.198351195122084,-20.251776258437843,20.27589578003378,-0.18798225519935938,16.471477795650504,-32.918232199085935,32.97982590806181,104.00720109834599,0.0002713449181008774,-0.0037830281192123417,0.16795092783959673,-0.014846648679669555,-0.011849388778288618,0.018995551885548523,-1.2339999321817499
603,240.0,-0.02913260793896768,10.19786989427104,-20.248728410497193,20.275221453073016,-0.1878848724407704,16.472203887134718,-32.918327582539106,32.979191969160276,103.99739908932496,0.0002713688016246282,-0.0037603456827945566,0.1679509135530206,-0.014894574640216115,-0.011778341723103339,0.018988883259927793,-1.2362492946141508
604,240.0,-0.029386037025200783,10.197391596459466,-20.248821393074792,20.274455625852454,-0.18778664258930922,16.472925345361553,-32.918272428743315,32.97840714895192,103.98765891071422,0.00027139253325698996,-0.0037375985706218314,0.1679508991823724,-0.014942197054577534,-0.011707092087302565,0.0189822353256514,-1.23849946112252
605,240.0,-0.029639332107695263,10.196916310748707,-20.248822990723767,20.273598301817856,-0.18768756612019533,16.47364215796456,-32.91806673797244,32.9774714513383,103.97798073842083,0.0002714161125711433,-0.0037147871956576873,0.16795088472857286,-0.014989515064463825,-0.011635641164391175,0.01897560821618802,-1.2407504299938519
606,240.0,-0.02989249203475435,10.196444046144016,-20.24873320335476,20.272649484815986,-0.18758764351248325,16.474354312659784,-32.91771051124781,32.97638488097098,103.96836474722578,0.00027143953914305057,-0.003691911972018899,0.1679508701925489,-0.015036527817128189,-0.011563990251486321,0.018969002064730248,-1.2430021994931284
607,240.0,-0.030145515655333657,10.195974811594398,-20.24855203128115,20.27160917909515,-0.1874868752490591,16.475061797245925,-32.91720375033827,32.97514744325153,103.95881111078154,0.00027146281255146273,-0.00366897331496826,0.16795085557523384,-0.01508323446538096,-0.01149214064929477,0.01896241700419093,-1.2452547678632484
608,240.0,-0.03039840181905378,10.195508615992411,-20.248279475216577,20.270856269339134,-0.1873852618166375,16.475764599604517,-32.916546457760106,32.97375914433144,103.94932000160863,0.0002714859323779275,-0.0036459716409066516,0.16795084087756743,-0.01512963416760515,-0.01142009366208807,0.01895585316719955,-1.2475081333250277
609,240.0,-0.030651149376195945,10.19504546817395,-20.24791553627574,20.27008889235364,-0.1872828037057575,16.47646270770011,-32.91573863677705,32.9722199911121,103.93989159109225,0.0002715088982067963,-0.003622907367365662,0.16795082610049525,-0.015175726087772037,-0.011347850597679425,0.01894931068609985,-1.2497622940771664
610,240.0,-0.030903757177731906,10.194585376918086,-20.247460215974826,20.26923003773092,-0.1871795014107796,16.477156109580413,-32.91478029140024,32.97052999124473,103.93052604947977,0.0002715317096252315,-0.0035997809129996584,0.16795081124496927,-0.015221509395454993,-0.011275412767398855,0.018942789692945064,-1.2520172482962242
611,240.0,-0.03115622407527639,10.194128350946857,-20.246913516231928,20.268279709324133,-0.1870753554298823,16.47784479337649,-32.91367142638823,32.96868915313031,103.92122354587708,0.00027155436622321394,-0.0035765926975783687,0.16795079631194731,-0.015266983265845198,-0.011202781486069974,0.01893629031949578,-1.2542729941365953
612,240.0,-0.031408548921157776,10.1936743989251,-20.24627543936583,20.2672379113896,-0.18697036626505778,16.47852874730292,-32.912412047246875,32.966697485919546,103.91198424824633,0.0002715768675935501,-0.003553343141978938,0.1679507813023935,-0.015312146879765075,-0.011129958071985113,0.018929812697215095,-1.256529529730481
613,240.0,-0.03166073056837728,10.193223529460232,-20.24554598809675,20.2661046485822,-0.18686453442210949,16.47920795965796,-32.91100216022935,32.96455499951273,103.90280832340184,0.00027159921333187904,-0.0035300326681786446,0.16795076621727734,-0.015356999423684747,-0.011056943846882472,0.01892335695726754,-1.258786853187869
614,240.0,-0.031912767870630146,10.1927757511021,-20.244725165546868,20.264879925962106,-0.18675786041064804,16.479882418823706,-32.90944177233609,32.96226170455972,103.89369593700816,0.00027162140303667987,-0.0035066616992467372,0.16795075105757462,-0.01540154008973447,-0.010983740135920595,0.01891692323051323,-1.2610449625965088
615,240.0,-0.03216465968231711,10.19233107234278,-20.243812975239393,20.263563748988844,-0.1866503447440873,16.480552113266274,-32.907730891314685,32.959817612459844,103.8846472535766,0.00027164343630927854,-0.0034832306593368715,0.1679507358242668,-0.015445768075719993,-0.010910348267654647,0.018910511647505616,-1.263303856021894
616,240.0,-0.03241640485853013,10.191889501616373,-20.24280942109823,20.262156123524335,-0.18654198793964163,16.481217031535948,-32.90586952565988,32.95722273536175,103.87566243646198,0.00027166531275385497,-0.003459739973679493,0.1679507205183408,-0.015489682585137502,-0.01083676957401258,0.018904122338488948,-1.2655635315072438
617,240.0,-0.032668002255076926,10.191451047298871,-20.24171450744916,20.260657055832382,-0.1864327905183216,16.481877162267338,-32.90385768461346,32.954477086163386,103.86674164786058,0.00027168703197745004,-0.003436190068573751,0.16795070514078966,-0.015533282827185644,-0.010763005390269791,0.018897755433392532,-1.2678239870734702
618,240.0,-0.03291945072847459,10.191015717707936,-20.24265123975772,20.25906655257745,-0.18632275300493056,16.482532494179548,-32.901695378164206,32.951580678511824,103.85788504880645,0.0002717085935899721,-0.0034125813713799373,0.16795068969261157,-0.01557656801678155,-0.010689057055025415,0.01889141106182941,-1.2700852207191773
619,240.0,-0.033170749135966564,10.190583521102731,-20.244853734103657,20.257384620826315,-0.18621187592806127,16.48318301607635,-32.89938261704776,32.9485335268032,103.84909279916877,0.0002717299972042046,-0.0033889143105117073,0.16795067417481038,-0.015619537374573946,-0.010614925910178027,0.018885089353092327,-1.2723472304206251
620,240.0,-0.03342189633550624,10.190154465683745,-20.246964862835853,20.255611268046863,-0.18610015982009204,16.483828716846304,-32.896919412746634,32.945335646182556,103.84036505764905,0.00027175124243581197,-0.003365189315428144,0.16795065858839534,-0.015662190126957156,-0.010540613300900711,0.01887879043615028,-1.2746100141317256
621,240.0,-0.03367289118577867,10.18972855959261,-20.24898461660095,20.253746502108868,-0.18598760521718302,16.484469585462943,-32.89624584901542,32.941987052543745,103.8317019817781,0.0002717723289033472,-0.0033414068166257777,0.16795064293438097,-0.015704525506085018,-0.010466120575616106,0.018872514439645018,-1.2768735697840379
622,240.0,-0.03392373254621896,10.189305810911929,-20.25091298644753,20.251790331282763,-0.18587421265927256,16.485105610984917,-32.90058054541833,32.93848776252929,103.82310372791346,0.00027179325622825795,-0.003317567245630956,0.16795062721378715,-0.015746542749883772,-0.010391449085972497,0.018866261491887464,-1.2791378952867272
623,240.0,-0.03417441927698515,10.188886227665103,-20.25274996382518,20.249742764241716,-0.18575998269007366,16.48573678255613,-32.904764809409606,32.934837793530235,103.81457045123653,0.0002718140240348932,-0.0032936710349918234,0.16795061142763898,-0.015788241102066097,-0.010316600186818684,0.018860031720854462,-1.2814029885265676
624,240.0,-0.03442495023897517,10.188469817816163,-20.2544955405846,20.248063599789305,-0.18564491585707013,16.48636308940595,-32.90879862021688,32.93725729250731,103.80610230574987,0.00027183463195051035,-0.0032697186182702735,0.16795059557696684,-0.01582961981214401,-0.010241575236178795,0.018853825254184702,-1.2836688473679343
625,240.0,-0.03467532429385028,10.188056589269564,-20.256149708978,20.24813318876025,-0.18552901271151306,16.48698452084927,-32.9126819578141,32.94126420876332,103.79769944427386,0.0002718550796052811,-0.0032457104300344626,0.1679505796628058,-0.01587067813544372,-0.010166375595228809,0.01884764221917732,-1.2859354696527827
626,240.0,-0.03492554030401175,10.187646549870067,-20.25771246165948,20.248111395760844,-0.18541227380841666,16.487601066286736,-32.916414802921686,32.94512043683649,103.78936201844502,0.0002718753666322984,-0.003221646905850521,0.16795056368619637,-0.015911415333116154,-0.010091002628270625,0.018841482742785624,-1.288202853200625
627,240.0,-0.0351755971326354,10.187239707402526,-20.25918379168462,20.247998220968952,-0.18529469970655496,16.488212715204856,-32.9199971370067,32.94882595756196,103.78109017871232,0.00027189549266758243,-0.003197528482274589,0.16795054764818373,-0.015951830672152424,-0.010015457702707087,0.018835346951615668,-1.290470995808557
628,240.0,-0.035425493643658476,10.186836069591722,-20.26056369250884,20.247793664964348,-0.1851762909684578,16.488819457176145,-32.92342894228302,32.95238075252337,103.77288407433481,0.0002719154573500875,-0.003173355596845051,0.16795053154981776,-0.01599192342539608,-0.009939742189017687,0.01882923497192252,-1.2927398952512226
629,240.0,-0.035675228701769854,10.186435644102227,-20.261852157992422,20.247497728726216,-0.1850570481604071,16.489421281859286,-32.92671020171142,32.95578480405298,103.76474385337927,0.00027193526032170777,-0.0031491286880743195,0.16795051539215342,-0.01603169287155511,-0.009863857460732796,0.01882314692960571,-1.2950095492808127
630,240.0,-0.03592480117244996,10.186038438538208,-20.26304918239333,20.247110413635653,-0.18493697185243324,16.490018178999257,-32.9298408989998,32.959038095231854,103.75666966271717,0.000271954901227284,-0.003124848195441072,0.16795049917625024,-0.016071138295215642,-0.009787804894409384,0.018817082950207002,-1.297279955627055
631,240.0,-0.0361742099219541,10.185644460443275,-20.26415476037397,20.246631721476064,-0.18481606261831085,16.4906101384275,-32.93282101860323,32.96214060988997,103.74866164802225,0.0002719743797146095,-0.0031005145593819582,0.1679504829031724,-0.016110258986854118,-0.009711585869605029,0.018811043158906048,-1.2995511119972203
632,240.0,-0.03642345381732774,10.185253717300311,-20.265168886997003,20.246061654432395,-0.18469432103555536,16.49119715006201,-32.935650545724144,32.965092332606375,103.74071995376781,0.0002719936954344361,-0.0030761282212837305,0.16795046657398863,-0.016149054242850052,-0.00963520176885326,0.01880502768051742,-1.3018230160761122
633,240.0,-0.0366725317263906,10.184866216531308,-20.266091557727407,20.24694800814413,-0.18457174768541898,16.491779203907534,-32.93832946631243,32.96789324870929,103.73284472322399,0.00027201284804048074,-0.0030516896234751493,0.167950450189772,-0.016187523365498835,-0.009558653977638214,0.018799036639487395,-1.30409566552607
634,240.0,-0.03692144251778813,10.184481965497215,-20.266922768430817,20.248210389063445,-0.18444834315288675,16.49235629005568,-32.94085776706555,32.970543344276244,103.7250360984556,0.00027203183718943106,-0.003027199209218971,0.16795043375160018,-0.01622566566302295,-0.009481943884369537,0.018793070159889652,-1.3063690579869491
635,240.0,-0.03717018506092612,10.184100971497768,-20.267662515375633,20.24938138660505,-0.18432410802667318,16.492928398685045,-32.94323543542868,32.97304260613419,103.71729422031926,0.0002720506625409515,-0.0030026574227035425,0.167950417260555,-0.016263480449585272,-0.00940507288035606,0.0187871283654222,-1.3086431910761576
636,240.0,-0.03741875822604042,10.183723241771341,-20.268310795231315,20.25046099570835,-0.18419904289921743,16.493495520061362,-32.945462459594744,32.975391021859615,103.70961922846097,0.0002720693237576893,-0.0029780647090352124,0.1679504007177227,-0.016300967045300586,-0.009328042359782015,0.01878121137940424,-1.3109180623886123
637,240.0,-0.03766716088416636,10.183348783494775,-20.268867605068408,20.251449211713805,-0.18407314836668043,16.49405764453764,-32.94753882850459,32.97758857977864,103.7020112613136,0.0002720878205052802,-0.002953421514229754,0.16795038412419344,-0.016338124776247787,-0.009250853719680189,0.01877531932477215,-1.313193669496777
638,240.0,-0.037915391907165266,10.182977603783243,-20.269332942359767,20.252346030362958,-0.18394642502894015,16.49461476255428,-32.94946453184701,32.979635268967094,103.69447045609458,0.0002721061524523546,-0.00292872828520458,0.16795036748106176,-0.01637495297448138,-0.009173508359907514,0.018769452324076202,-1.3154700099506342
639,240.0,-0.038163450167709036,10.182609709690063,-20.269706804980643,20.25315144779887,-0.18381887348958825,16.495166864639224,-32.9512395600589,32.981531079250644,103.68699694880304,0.00027212431927054284,-0.002903985469770256,0.167950350789426,-0.01641145097804419,-0.009096007683118523,0.018763610499477404,-1.3177470812777268
640,240.0,-0.0384113345393008,10.18224510820658,-20.26998919120689,20.253865460566885,-0.18369049435592585,16.495713941408066,-32.95286390432527,32.98327600120486,103.67959087421791,0.0002721423206344812,-0.0028791935166226908,0.16795033405038848,-0.01644761813097783,-0.009018353094740843,0.0187577939727435,-1.320024880983121
641,240.0,-0.03865904389627344,10.181883806262,-20.270180099716697,20.254488065613884,-0.18356128823895954,16.496255983564197,-32.95433755657933,32.98487002615527,103.67225236589535,0.00027216015622181746,-0.002854352875334691,0.1679503172650556,-0.016483453783334434,-0.008940546002948779,0.01875200286524524,-1.3223034065494357
642,240.0,-0.03890657711377568,10.181525810723226,-20.27027952958892,20.25501926028653,-0.18343125575339742,16.49679298189892,-32.955660509502614,32.98631314617749,103.66498155616597,0.0002721778257132167,-0.0028294639963476038,0.1679503004345373,-0.016518957291189292,-0.008862587818637115,0.018746237297953713,-1.3245826554368765
643,240.0,-0.03915393306783276,10.181171128394723,-20.270287480305598,20.25545904233428,-0.18330039751764546,16.49732492729158,-32.95683275652495,32.98760535409723,103.65777857613294,0.0002721953287923663,-0.002804527330963711,0.16795028355994723,-0.01655412801665095,-0.008784479955397294,0.018740497391436673,-1.3268626250831856
644,240.0,-0.039401110635289546,10.180819766018361,-20.270203951749437,20.25580740990719,-0.18316871415380281,16.497851810709697,-32.9578542918246,32.988746643490366,103.65064355566946,0.00027221266514598205,-0.002779543331337321,0.16795026664240284,-0.01658896532787273,-0.008706223829489523,0.018734783265854312,-1.3291433129037047
645,240.0,-0.03964810869384143,10.180471730273275,-20.27002894420545,20.256064361558117,-0.1830362062876586,16.49837362320908,-32.95872511032824,32.98973700868303,103.64357662341635,0.0002722298344638132,-0.0027545124504671243,0.16795024968302485,-0.016623468599064415,-0.00862782085981883,0.01872909504095715,-1.3314247162913502
646,240.0,-0.03989492612205038,10.180127027775722,-20.26976245835931,20.256229896241393,-0.18290287454868717,16.49889035593393,-32.959445207711056,32.990576444751625,103.63657790678003,0.00027224683643864775,-0.0027294351421874082,0.16795023268293768,-0.016657637210502067,-0.008549272467907532,0.018723432836080696,-1.3337068326166504
647,240.0,-0.040141561799320484,10.179785665078926,-20.269404495300705,20.256304013311137,-0.1827687195700445,16.499402000117005,-32.960014580396724,32.99126494752286,103.62964753193009,0.0002722636707663182,-0.002704311861160036,0.16795021564326915,-0.016691470548539894,-0.008470580077870125,0.018717796770143246,-1.3359896592277531
648,240.0,-0.04038801460594246,10.179447648672943,-20.268955056518337,20.256286712523007,-0.18263374198856408,16.49990854707969,-32.9604332255575,32.99180251357379,103.62278562379691,0.0002722803371457061,-0.0026791430628663035,0.16795019856515012,-0.016724968005620757,-0.008391745116387768,0.018712186961642296,-1.3382731934504275
649,240.0,-0.04063428342306876,10.179112984984506,-20.26841414390401,20.256177994035824,-0.18249794244475256,16.500409988232164,-32.96070114111419,32.992189140231865,103.61599230606951,0.00027229683527874824,-0.0026539292035983797,0.16795018144971485,-0.016758128980287133,-0.008312769012681489,0.018706603528650972,-1.3405574325881016
650,240.0,-0.04088036713272194,10.178781680376922,-20.267781759750676,20.25597785840904,-0.18236132158278595,16.500906315073465,-32.9608183257362,32.992424825574936,103.60926770119373,0.0002723131648704407,-0.002628670740451044,0.16795016429810092,-0.016790952877190363,-0.00823365319848628,0.018701046588813438,-1.3428423739218633
651,240.0,-0.04112626461780223,10.17845374114989,-20.267057906753593,20.25568630660277,-0.1822238800505056,16.501397519191638,-32.960784778841536,32.99250956843126,103.60261193036959,0.00027232932562884466,-0.00260336813131343,0.16795014711144884,-0.01682343910710241,-0.008154399108025253,0.01869551625934266,-1.3451280147104883
652,240.0,-0.0413719747621081,10.178129173539372,-20.266242588009902,20.255303339980287,-0.1820856184994137,16.501883592263848,-32.9606005005968,32.992443368379526,103.59602511354896,0.00027234531726509105,-0.0025780218348609362,0.16795012989090188,-0.016855587086926516,-0.008075008177984296,0.018690012657017575,-1.3474143521904454
653,240.0,-0.04161749645031736,10.177807983717482,-20.26533580701704,20.25482896030516,-0.18194653758466944,16.50236452605647,-32.96026549191722,32.992226225748865,103.58950736943412,0.00027236113949338596,-0.0025526323105462653,0.16795011263760656,-0.01688739623970587,-0.007995481847484016,0.018684535898177358,-1.3497013835759457
654,240.0,-0.04186282856801428,10.177490177792325,-20.264337567675994,20.254263169741535,-0.18180663796508492,16.50284031242522,-32.959779754466595,32.99185814161882,103.58305881547498,0.00027237679203101516,-0.0025272000185915864,0.16795009535271205,-0.016918865994634814,-0.007915821558055163,0.018679086098719634,-1.3519891060589384
655,240.0,-0.04210797000166724,10.177175761807876,-20.263247874288027,20.25360597085762,-0.18166592030312065,16.503310943315267,-32.95914329065732,32.99133911781936,103.57667956786737,0.00027239227459834893,-0.0025017254199797955,0.16795007803737025,-0.016949995787068725,-0.007836028753611297,0.01867366337409643,-1.3542775168091612
656,240.0,-0.0423529196386557,10.176864741743842,-20.262066731556246,20.252857366620134,-0.18152438526488193,16.503776410761304,-32.95835610365036,32.990669156930856,103.57036974155088,0.00027240758691884703,-0.0024762089764464768,0.16795006069273571,-0.016980785058533465,-0.007756104880423568,0.018668267839310738,-1.3565666129741327
657,240.0,-0.042597676367277355,10.176557123515554,-20.26079414458576,20.252017360398582,-0.18138203352011406,16.504236706887713,-32.9574181973552,32.98984826228406,103.56412945020703,0.0002724227287190637,-0.0024506511504714034,0.16795004331996596,-0.01701123325673475,-0.007676051387094115,0.01866289960891254,-1.358856391679184
658,240.0,-0.04284223907673129,10.17625291297379,-20.259430118883103,20.25108595596481,-0.1812388657421985,16.504691823908622,-32.956329576429845,32.9888764379601,103.55795880625666,0.0002724376997286517,-0.002425052405269781,0.16795002592022049,-0.01704133983556953,-0.007595869724528646,0.018657558796996453,-1.361146850027529
659,240.0,-0.043086606657145386,10.175952115904673,-20.257974660357604,20.250063157490047,-0.18109488260814874,16.505141754128033,-32.95509024628076,32.987753688790384,103.55185792085801,0.00027245249968036746,-0.0023994132047842442,0.1679500084946611,-0.01707110425513485,-0.007515561345911341,0.01865224551719819,-1.3634379851002558
660,240.0,-0.04333077799956125,10.175654738029575,-20.25642777531712,20.248948969549076,-0.18095008479860591,16.505586489939915,-32.953700213062824,32.986480020356645,103.54582690390578,0.0002724671283100756,-0.0023737340136760878,0.16794999104445255,-0.017100525981735164,-0.007435127706677416,0.018646959882688694,-1.3657297939563577
661,240.0,-0.0435747519959623,10.175360785004951,-20.254789470474407,20.247743397116125,-0.1808044729978345,16.5060260238283,-32.95215948367932,32.98505543899082,103.53986586402809,0.00027248158535675307,-0.00234801529731734,0.16794997357076152,-0.017129604487894082,-0.007354570264488278,0.018641702006173586,-1.3680222736327516
662,240.0,-0.043818527539269084,10.17507026242222,-20.253059752941112,20.246446445567727,-0.18065804789371825,16.5064603483674,-32.950468065781784,32.98347995177505,103.53397490858471,0.00027249587056249415,-0.0023222575217814794,0.16794995607475682,-0.017158339252363125,-0.007273890479202451,0.01863647199988821,-1.3703154211443693
663,240.0,-0.044062103523325805,10.174783175807661,-20.25123863023299,20.245058120681932,-0.1805108101777557,16.506889456221707,-32.94862596777007,32.981753566541585,103.52815414366555,0.00027250998367251436,-0.002296461153835817,0.1679499385576094,-0.0171867297601302,-0.007193089812851713,0.01863126997559469,-1.3726092334841196
664,240.0,-0.04430547884293444,10.174499530622272,-20.24932611026557,20.243578428636994,-0.18036276054505623,16.507313340146045,-32.94663319879217,32.97987629187275,103.52240367408832,0.00027252392443515515,-0.00227062666093215,0.1679499210204921,-0.017214775502428923,-0.00711216972961183,0.018626096044577718,-1.3749037076229929
665,240.0,-0.04454865239383189,10.174219332261671,-20.247322201355843,20.242007376013504,-0.18021389969433566,16.50773199298574,-32.94448976874421,32.97784813710084,103.51672360339725,0.00027253769260188806,-0.002244754511199206,0.16794990346458,-0.01724247597674705,-0.0070311316957788715,0.018620950317641834,-1.3771988405100217
666,240.0,-0.044791623072723004,10.173942586055961,-20.245226912222762,20.240344969792716,-0.1800642283279116,16.508145407676647,-32.94219568827033,32.97566911230809,103.51111403386052,0.00027255128792731887,-0.002218845173433187,0.16794988589104962,-0.017269830686836136,-0.006949977179739622,0.018615832905107647,-1.3794946290724015
667,240.0,-0.04503438977725826,10.173669297269619,-20.24304025198674,20.23859121735734,-0.17991374715169967,16.508553577245273,-32.94137786870394,32.973339228326545,103.50557506646909,0.00027256471016919194,-0.002192899117089969,0.16794986830107952,-0.01729683914271907,-0.006868707651947112,0.018610743916808253,-1.3817910702154639
668,240.0,-0.04527695140607033,10.173399471101385,-20.240762230168855,20.2367461264908,-0.17976245687520886,16.508956494808878,-32.94623181166408,32.97085849673798,103.50010680093456,0.000272577959088394,-0.002166916812276305,0.16794985069584975,-0.017323500860699326,-0.00678732458489309,0.018605683462086107,-1.3840881608227447
669,240.0,-0.04551930685873851,10.173133112684141,-20.23839285669294,20.234809705379234,-0.17961035821153729,16.50935415357554,-32.950935119663555,32.96822692987385,103.4947093356874,0.00027259103444895886,-0.002140898729741113,0.16794983307654204,-0.017349815363369152,-0.006705829453080727,0.018600651649789187,-1.3863858977560375
670,240.0,-0.04576145503583744,10.172870227084813,-20.235932141882643,20.232781962608158,-0.1794574518773678,16.50974654684427,-32.95548776934898,32.96544454081511,103.48938276787563,0.00027260393601807057,-0.002114845340867099,0.1679498154443398,-0.017375782179617286,-0.006624223732998368,0.018595648588267216,-1.3886842778554196
671,240.0,-0.04600339483890427,10.17261081930423,-20.233380096463947,20.230662907165453,-0.17930373859296359,16.51013366800507,-32.95988973811425,32.96251134339218,103.48412719336217,0.00027261666356606797,-0.0020887571176623917,0.1679497978004273,-0.017401400844638665,-0.006542508903093345,0.01859067438536986,-1.3909832979392949
672,240.0,-0.04624512517046133,10.17235489427706,-20.230736731563894,20.22845254843918,-0.1791492190821641,16.51051551053905,-32.96414100410077,32.959427352184804,103.47894270672447,0.0002726292168664484,-0.00206263453275135,0.16794978014599088,-0.017426670899940166,-0.0064606864437431796,0.018585729148440432,-1.393282954804467
673,240.0,-0.04648664493402074,10.172102456871649,-20.228002058711013,20.226150896218968,-0.1789938940723802,16.5108920680185,-32.968241546197625,32.95619258252189,103.47382940125146,0.0002726415956958714,-0.0020364780593666505,0.16794976248221755,-0.01745159189335099,-0.00637875783723079,0.018580812984315492,-1.395583245226158
674,240.0,-0.04672795303409632,10.171853511889964,-20.225176089833667,20.223757960695423,-0.17883776429459008,16.511263334106957,-32.97219134404174,32.95280705048146,103.46878736894296,0.0002726537998341626,-0.0020102881713405848,0.1679497448102958,-0.017476163379028527,-0.006296724567717234,0.01857592599931943,-1.3978841659580483
675,240.0,-0.0469690483761839,10.171608064067449,-20.222258837262956,20.22127375245904,-0.17868083048333486,16.51162930255931,-32.97599037801807,32.94927077289046,103.46381670050732,0.00027266582906431753,-0.001984065343095952,0.16794972713141496,-0.017500384917467374,-0.006214588121213201,0.018571068299261726,-1.4001857137323765
676,240.0,-0.047209929866793274,10.171366118072955,-20.219250313730214,20.218698282503,-0.1785230933767139,16.511989967221883,-32.97963862925973,32.94558376732463,103.45891748536052,0.000272677683172505,-0.001957810049637775,0.16794970944676565,-0.01752425607550567,-0.006132349985553036,0.018566239989432694,-1.4024878852599578
677,240.0,-0.04745059641343074,10.171127678508604,-20.21615053236866,20.216031562220763,-0.17836455371638063,16.5123453220325,-32.983136079648204,32.945929604619195,103.4540898116238,0.00027268936194807097,-0.0019315227665448343,0.16794969175753924,-0.017547776426334132,-0.006050011650368247,0.018561441174601703,-1.4047906772302354
678,240.0,-0.047691046924630213,10.170892749909715,-20.212959506711798,20.213273603406407,-0.17820521224753816,16.51269536102055,-32.98648271181344,32.948774514453206,103.44933376612279,0.0002727008651835418,-0.0019052039699610204,0.1679496740649279,-0.01757094554950196,-0.005967574607060402,0.01855667195901234,-1.4070940863113257
679,240.0,-0.04793128030992399,10.1706613367447,-20.209677250694995,20.210424418255116,-0.1780450697189343,16.51304007830711,-32.989678509133995,32.951468691550915,103.44464943438561,0.0002727121926746281,-0.0018788541365860976,0.16794965637012468,-0.01759376303092473,-0.005885040348772202,0.018551932446379017,-1.4093981091501264
680,240.0,-0.048171295479880444,10.170433443414945,-20.20630377865257,20.20748401936308,-0.17788412688285798,16.513379468104976,-32.99272345573721,32.954012122521405,103.44003690064137,0.00027272334422022784,-0.0018524737436680493,0.16794963867432317,-0.017616228462891768,-0.005802410370363519,0.01854722273988481,-1.4117027423722972
681,240.0,-0.04841109134608935,10.170209074254739,-20.202839105321658,20.20445241972635,-0.1777223844951339,16.51371352471875,-32.995617536499324,32.95640479472281,103.43549624781873,0.00027273431962242955,-0.0018260632689933707,0.1679496209787174,-0.01763834144407278,-0.005719686168380963,0.01854254294217662,-1.414007982582399
682,240.0,-0.04865066682116629,10.169988233531166,-20.199283245840434,20.201329632742443,-0.17755984331511843,16.51404224254493,-32.99836073704557,32.95864669626234,103.43102755754451,0.00027274511868651647,-0.001799623190879137,0.16794960328450223,-0.017660101579524905,-0.00563686924103306,0.018537893155362684,-1.4163138263638964
683,240.0,-0.04889002081877595,10.169770925444032,-20.19692778791415,20.198115672208672,-0.17739650410569532,16.51436561607196,-33.00095304375036,32.96073781599645,103.42663091014245,0.0002727557412209687,-0.0017731539881640258,0.16794958559287282,-0.017681508480698604,-0.005553961088162133,0.01853327348100804,-1.4186202702792363
684,240.0,-0.04912915225360731,10.169557154125735,-20.196173339643565,20.194810552324697,-0.17723236763327063,16.514683639880303,-33.00339444373731,32.9626781435309,103.42230638463111,0.00027276618703746703,-0.0017466561401995684,0.16794956790502444,-0.017702561765446198,-0.005470963211216871,0.01852868402013284,-1.4209273108699327
685,240.0,-0.049368060041413135,10.169346923641209,-20.19532773692498,20.1914142876887,-0.17706743466776875,16.514996308642527,-33.00568492487942,32.96446766922085,103.41805405872316,0.000272776455950896,-0.0017201301268419936,0.16794955022215274,-0.01772326105802686,-0.005387877113226827,0.018524124873208044,-1.423234944656573
686,240.0,-0.049606743098978515,10.169140237987811,-20.194390983390917,20.18792689330121,-0.17690170598262744,16.51530361712334,-33.007824475799126,32.966106384170914,103.41387400882368,0.00027278654777934685,-0.0016935764284427674,0.16794953254545356,-0.017743605989113582,-0.005304704298772737,0.018519596140151796,-1.4255431681389517
687,240.0,-0.04984520034415894,10.168937101095265,-20.193363083074928,20.18434838456173,-0.17673518235479366,16.515605560179697,-33.00981308586844,32.967594280235275,103.4097663100291,0.0002727964623441206,-0.001666995525839932,0.1679495148761228,-0.017763596195799074,-0.005221446273959426,0.018515097920325782,-1.4278519777961285
688,240.0,-0.05008343069586532,10.168737516825539,-20.192244040411225,20.1806787772708,-0.17656786456471854,16.51590213276084,-33.011650745208975,32.96893135001773,103.40573103612547,0.00027280619946973094,-0.0016403879003503903,0.16794949721535632,-0.017783231321602644,-0.00513810454639164,0.018510630312533385,-1.4301613700864237
689,240.0,-0.05032143307406273,10.16854148897278,-20.19103386023383,20.176918087629616,-0.17639975339635341,16.516193329908347,-33.013337444692084,32.97011758687176,103.4017682595874,0.0002728157589839072,-0.0016137540337598246,0.1679494795643498,-0.017802511016476067,-0.005054680625142437,0.018506193415014933,-1.4324713414475954
690,240.0,-0.05055920639979901,10.168349021263232,-20.18973254777697,20.17306633223876,-0.17623084963714453,16.51647914675623,-33.01487317593892,32.97115298490055,103.39787805157668,0.00027282514071759733,-0.001587094408314735,0.16794946192429874,-0.01782143493680939,-0.0049711760207282905,0.01850178732544492,-1.4347818882968466
691,240.0,-0.05079674959518559,10.168160117355155,-20.18834010867556,20.169123528099874,-0.17606115407802922,16.516759578530976,-33.01625793132047,32.97203753895708,103.39406048194142,0.0002728343445049701,-0.0015604095067137873,0.16794944429639855,-0.017840002745436217,-0.00488759224508196,0.018497412140928177,-1.437093007030889
692,240.0,-0.051034061583419554,10.167974780838744,-20.18685654896467,20.165089692614828,-0.17589066751343058,16.517034620551602,-33.01749170395767,32.97277124464417,103.39031561921439,0.0002728433701834185,-0.0015336998120987193,0.1679494266818442,-0.01785821411164021,-0.00480393081152402,0.018493067957997003,-1.4394046940260496
693,240.0,-0.051271141288784176,10.16779301523603,-20.185281875080506,20.161090498060048,-0.17571939074125337,16.51730426822972,-33.01857448772143,32.97335409831447,103.38664353061168,0.00027285221759356217,-0.0015069658080457814,0.16794940908183,-0.017876068711161194,-0.004720193234736046,0.018488754872608492,-1.4417169456383352
694,240.0,-0.051507987636639586,10.167614824000847,-20.18361609385863,20.16092538344668,-0.17554732456287905,16.517568517069595,-33.019506277232686,32.974055123971894,103.38304428203213,0.0002728608865792498,-0.0014802079785564426,0.1679493914975501,-0.017893566226199076,-0.004636381030731509,0.018484472980139284,-1.444029758203542
695,240.0,-0.05174459955344473,10.167440210518702,-20.181859212536068,20.16066927012926,-0.17537446978316135,16.517827362668196,-33.02028706786246,32.97798625000905,103.37951793805553,0.0002728693769875619,-0.0014534268080496897,0.1679493739301976,-0.01791070634542085,-0.00455249571683164,0.018480222375384693,-1.4463431280372583
696,240.0,-0.05198097596675875,10.167269178106757,-20.18001123874842,20.160322159314376,-0.17520082721042177,16.51808080071526,-33.02091685573189,32.98176651906943,103.37606456194209,0.00027287768866881326,-0.0014266227813522299,0.16794935638096534,-0.017927488763964338,-0.004468538811634766,0.01847600315255315,-1.4486570514350179
697,240.0,-0.05221711580523962,10.167101730013714,-20.17807218053275,20.159884052608447,-0.17502639765644418,16.51832882699332,-33.02139563771225,32.985395912362236,103.37268421563087,0.00027288582147655513,-0.0013997963836901532,0.16794933885104507,-0.01794391318344459,-0.004384511834990163,0.01847181540526446,-1.450971524672355
698,240.0,-0.05245301799866047,10.166937869419762,-20.176042046325506,20.159354952017225,-0.1748511819364711,16.518571437377794,-33.02172341142499,32.98887441184619,103.36937695973882,0.000272893775267578,-0.001372948100680377,0.1679493213416278,-0.017959979311958463,-0.004300416307971296,0.01846765922654632,-1.4532865440048635
699,240.0,-0.052688681477897764,10.16677759943651,-20.17392084496464,20.15873485994672,-0.17467518086919862,16.518808627836993,-33.02190017524176,32.99220200022964,103.36614285355992,0.00027290154990191365,-0.0013460784183211424,0.16794930385390364,-0.017975686864088982,-0.004216253752846016,0.018463534708829978,-1.4556021056683381
700,240.0,-0.052924105174943635,10.166620923106915,-20.17170858568744,20.158023779201898,-0.1744983952767712,16.51904039443221,-33.02192592828439,32.995378660970694,103.36298195506387,0.00027290914524283734,-0.0013191878229841065,0.16794928638906148,-0.017991035560911108,-0.004132025693051813,0.018459441943948586,-1.4579182058787925
701,240.0,-0.053159288022915065,10.166467843405215,-20.16940527813105,20.15722171298833,-0.17432082598477797,16.51926673331774,-33.02180067042495,32.99840437827738,103.3598943208954,0.0002729165611568701,-0.0012922768014047338,0.16794926894828935,-0.01800602512999527,-0.004047733653165704,0.018455381023132288,-1.4602348408326056
702,240.0,-0.05339422895604785,10.166318363236863,-20.167010932333227,20.15632866491015,-0.1741424738222472,16.519487640740923,-33.02152440228571,33.00127913710775,103.35688000637285,0.0002729237975137811,-0.0012653458406738942,0.1679492515327739,-0.018020655305413205,-0.003963379158877943,0.018451352037006534,-1.4625520067065851
703,240.0,-0.05362892690971777,10.16617248543846,-20.164525558731555,20.155344638972963,-0.173963339621642,16.519703113042222,-33.02109712523917,33.004002923170034,103.3539390654875,0.0002729308541865892,-0.0012383954282289735,0.1679492341437005,-0.018034925827741632,-0.003878963736964139,0.018447355075588073,-1.4648696996580588
704,240.0,-0.05386338082043114,10.166030212777706,-20.16194916816295,20.15426963958052,-0.17378342421885534,16.519913146655224,-33.02051884140799,33.00657572292275,103.35107155090255,0.00027293773105156537,-0.0012114260518452304,0.16794921678225308,-0.018048836444066647,-0.0037944889152582164,0.018443390228281942,-1.4671879158249521
705,240.0,-0.054097589625833914,10.165891547953334,-20.15928177186626,20.15310367153674,-0.1736027284532055,16.520117738106716,-33.019789553665035,33.008997523574784,103.3482775139524,0.0002729444279882346,-0.001184438199626451,0.1679491994496143,-0.018062386907987647,-0.0037099562226231135,0.018439457583877664,-1.4695066513259232
706,240.0,-0.05433155226471693,10.165756493595044,-20.156523381478053,20.15184674004496,-0.17342125316743115,16.520316884016705,-33.01890926563332,33.01126831308555,103.3455570046413,0.0002729509448793776,-0.0011574323599968324,0.16794918214696508,-0.01807557697962236,-0.0036253671889253957,0.018435557230547454,-1.471825902260402
707,240.0,-0.05456526767701688,10.16562505226346,-20.154167843780385,20.15049885070917,-0.17323899920768687,16.520510581098463,-33.017877981685984,33.013388080165036,103.34291007164312,0.0002729572816110327,-0.0011304090216915322,0.16794916487548486,-0.01808840642560929,-0.003540723345005624,0.01843168925584118,-1.4741456647087312
708,240.0,-0.054798734803820595,10.165497226450062,-20.156926168623073,20.14906000953141,-0.17305596742353785,16.52069882615857,-33.01669570694626,33.01535681427394,103.3403367623,0.00027296343807249796,-0.00110336867374812,0.16794914763635138,-0.018100875019112977,-0.0034560262226515904,0.018427853746684764,-1.4764659347322446
709,240.0,-0.055031952587395315,10.165373018577135,-20.15959351456408,20.14753022291484,-0.17287215866795577,16.520881616096947,-33.01536244728742,33.01717450562373,103.3378371226216,0.0002729694141563325,-0.0010763118054975965,0.16794913043074045,-0.01811298253982735,-0.0033712773545701794,0.01842405078937659,-1.4787867083733774
710,240.0,-0.05526491997113469,10.165252430997722,-20.162169869805496,20.145909497661137,-0.17268757379731337,16.521058947906887,-33.01387820933276,33.018841145176715,103.3354111972845,0.0002729752097583581,-0.001049238906555783,0.1679491132598261,-0.018124728773978877,-0.0032864782743604187,0.018420280469584084,-1.4811079816557422
711,240.0,-0.055497635899634544,10.165135465995572,-20.164655222946664,20.144197840972197,-0.17250221367138008,16.521230818675093,-33.01224300045548,33.020356724646184,103.33305902963149,0.0002729808247776613,-0.0010221504668143644,0.16794909612478048,-0.018136113514330084,-0.003201630516485401,0.018416542872340534,-1.4834297505842409
712,240.0,-0.05573009931864717,10.165022125785073,-20.16704956298804,20.142395260448865,-0.1723160791533171,16.521397225581723,-33.0104568287787,33.02172123649638,103.33078066167015,0.0002729862591165942,-0.0009950469764316535,0.1679490790267733,-0.018147136560184168,-0.0031167356162433647,0.018412838082042995,-1.4857520111452047
713,240.0,-0.055962309175095586,10.164912412511239,-20.169352879329836,20.140501764092647,-0.17212917110967252,16.521558165900394,-33.00851970317534,33.02293467394265,103.32857613407324,0.00027299151268077684,-0.0009679289258241888,0.16794906196697265,-0.018157797717386206,-0.0030317951097413778,0.018409166182447468,-1.4880747593064507
714,240.0,-0.05619426441708617,10.164806328249629,-20.17156516177252,20.138517360303155,-0.1719414904103764,16.521713636998232,-33.0124097994375,33.02399703095143,103.32644548617708,0.00027299658537909786,-0.000940796805657815,0.16794904494654414,-0.018168096798327982,-0.0029468105338673967,0.01840552725666742,-1.4903979910174001
715,240.0,-0.0564259639939251,10.164703875006325,-20.17368640051677,20.136442057880203,-0.1717530379287362,16.5218636363359,-33.01767381959428,33.02490830224035,103.32438875598125,0.0002730014771237163,-0.0009136511068387438,0.1679490279666511,-0.01817803362195029,-0.0028617834262622674,0.01840192138717,-1.4927217022091883
716,240.0,-0.05665740685609089,10.164605054717875,-20.175716586162196,20.134275866022136,-0.17156381454143158,16.522008161467618,-33.02278688357571,33.02566848327824,103.32240598014782,0.00027300618783006266,-0.0008864923205045252,0.16794901102845444,-0.018187608013745943,-0.0027767153252914404,0.018398348655772997,-1.4950458887947875
717,240.0,-0.056888591955261754,10.164509869251276,-20.177655709709086,20.132018794327962,-0.17137382112850985,16.522147210041197,-33.02774896598589,33.02627757028518,103.32049719400123,0.00027301071741684036,-0.0008593209380155141,0.16794899413311296,-0.01819681980576183,-0.0026916077700182557,0.018394809143641274,-1.497370546669084
718,240.0,-0.057119518244330085,10.164418320403886,-20.179503762557516,20.13310232630846,-0.17118305857338098,16.522280779798052,-33.03256004217792,33.02673556023255,103.31866243152663,0.00027301506580602674,-0.0008321374509453867,0.16794897728178235,-0.018205668836603593,-0.00260646230017422,0.01839130293128545,-1.499695671709051
719,240.0,-0.05735018467737216,10.164330409903444,-20.18126073650862,20.134650647727938,-0.1709915277628125,16.52240886857324,-33.03722008825412,33.02704245084302,103.31690172537046,0.0002730192329228743,-0.0008049423510730285,0.16794896047561617,-0.018214154951435604,-0.0025212804561336208,0.018387830098556695,-1.502021259773784
720,240.0,-0.057580590209676735,10.164246139407979,-20.182926623762086,20.13610808435277,-0.17079922958692517,16.522531474295466,-33.041729081066194,33.0271982405906,103.3152151068389,0.00027302321869591186,-0.0007777361303731174,0.1679489437157649,-0.01822227800198586,-0.0024360637788839942,0.01838439072464596,-1.504347306704672
721,240.0,-0.05781073379776018,10.164165510505818,-20.184501416919062,20.13747462986197,-0.1706061649391874,16.522648594987125,-33.04608699821548,33.02720292870064,103.31360260589825,0.00027302702305694536,-0.0007505192810075019,0.16794892700337655,-0.018230037846546112,-0.002350813809999164,0.01838098488807894,-1.5066738083254805
722,240.0,-0.05804061439933756,10.16408852471553,-20.185985108980958,20.138750278331827,-0.17041233471641062,16.522760228764305,-33.05029381805308,33.0270565151498,103.31206425117375,0.0002730306459410589,-0.0007232922953160283,0.16794891033959608,-0.018237434349975365,-0.00226553209161047,0.01837761266671431,-1.5090007604424993
723,240.0,-0.0582702309733505,10.16401518348589,-20.187377693348537,20.139935024238838,-0.17021773981874483,16.522866373836795,-33.054349519680045,33.02675900066614,103.31060006994943,0.00027303408728661567,-0.0006960556658079279,0.16794889372556557,-0.018244467383701616,-0.002180220166379821,0.018374274137740555,-1.5113281588446354
724,240.0,-0.05849958247998277,10.163945488195864,-20.188679163823195,20.14102886245888,-0.17002238114967272,16.522967028508138,-33.05825408294759,33.02631038672902,103.30921008816739,0.00027303734703525883,-0.0006688098851528694,0.16794887716242388,-0.018251136825724178,-0.0020948795774716486,0.01837096937767338,-1.5136559993035383
725,240.0,-0.05872866788062628,10.163879440154565,-20.18988951460574,20.142862341954753,-0.16982625961600564,16.52306219117561,-33.062007488457205,33.02571067556915,103.30789433042769,0.00027304042513191215,-0.0006415554461718434,0.16794886065130696,-0.01825744256061479,-0.0020095118685243612,0.018367698462352016,-1.5159842775737387
726,240.0,-0.05895748613792507,10.163817040601232,-20.191008740298855,20.144820643759914,-0.1696293761278782,16.52315186033026,-33.06560971756085,33.024959870168544,103.3066528199877,0.00027304332152478086,-0.0006142928418287117,0.16794884419334744,-0.018263384479519855,-0.0019241185836238795,0.018364461466936988,-1.5183129893927334
727,240.0,-0.05918603621575743,10.163758290705225,-20.192036835904645,20.146688015722248,-0.16943173159874308,16.5232360345569,-33.069060752361096,33.02405797426049,103.30548557876216,0.0002730460361653522,-0.0005870225652208918,0.16794882778967493,-0.018268962480161143,-0.0018387012672744564,0.018361258465906204,-1.5206421304811435
728,240.0,-0.059414317079239984,10.163703191565956,-20.192973796824987,20.148464449718716,-0.16923332694536694,16.523314712534138,-33.07236057571127,33.02300499232954,103.30439262732199,0.0002730485690083961,-0.0005597451095703782,0.16794881144141532,-0.018274176466839067,-0.0017532614643705421,0.018358089533053852,-1.5229716965428508
729,240.0,-0.05964232769474983,10.163651744212894,-20.19381961886367,20.15014993802609,-0.16903416308782415,16.52338789303437,-33.07550917121562,33.02180092961146,103.30337398489466,0.00027305092001196564,-0.000532460968215405,0.1679487951496913,-0.018279026350432576,-0.0016678007201706895,0.0183549547414863,-1.525301683265073
730,240.0,-0.05987006702991334,10.163603949605552,-20.19457429822262,20.15174447331964,-0.16883424094949323,16.52345557492381,-33.078506523229414,33.02044579209319,103.30242966936373,0.0002730530891373977,-0.0005051706346009911,0.167948778915622,-0.018283512048400532,-0.0015823205802679191,0.018351854163619185,-1.527632086318538
731,240.0,-0.06009753405361471,10.16355980863344,-20.19523783150734,20.153248048674442,-0.16863356145705083,16.523517757162473,-33.08135261685908,33.0189395865128,103.30155969726832,0.00027305507634931323,-0.00047787460227030805,0.1679487627403228,-0.018287633484783534,-0.0014968225905626926,0.018348787871175436,-1.5299629013575935
732,240.0,-0.06032472773598876,10.163519322116068,-20.195810215720172,20.154660657565813,-0.16843212554046702,16.523574438804197,-33.08404743796236,33.01728232035941,103.30076408380307,0.00027305688161561746,-0.000450573364855667,0.16794874662490555,-0.01829139059020447,-0.0014113082972346792,0.018345755935181958,-1.5322941240203445
733,240.0,-0.06055164704846626,10.163482490802942,-20.196291448265384,20.155982293868846,-0.16822993413300047,16.523625618996647,-33.08659097314838,33.01547400187318,103.30004284281823,0.0002730585049075007,-0.0004232674160695924,0.16794873057047857,-0.01829478330186841,-0.0013257792467148023,0.018342758425965895,-1.5346257499287859
734,240.0,-0.0607782909637236,10.163449315373496,-20.196681526947486,20.157212951858867,-0.1680269881711931,16.52367129698132,-33.0889832097778,33.013514640045166,103.29939598681845,0.0002730599461994381,-0.00039595724969626925,0.1679487145781459,-0.018297811563565993,-0.0012402369856584303,0.018339795413154544,-1.5369577746889114
735,240.0,-0.061004658455717446,10.163419796437129,-20.19698044997287,20.158352626209762,-0.16782328859486556,16.52371147209353,-33.0912241359629,33.01140424461731,103.29882352696345,0.0002730612054691901,-0.00036864335958209575,0.16794869864900772,-0.01830047532567185,-0.0011546830609158152,0.018336866965670284,-1.5392901938908885
736,240.0,-0.06123074849968672,10.163393934533186,-20.197188215946056,20.159401311995566,-0.16761883634711172,16.523746143762438,-33.093313740567645,33.00914282608235,103.29832547306779,0.0002730622826978024,-0.0003413262396270064,0.16794868278416053,-0.018302774545145374,-0.0010691190195048837,0.018333973151728147,-1.5416230031091778
737,240.0,-0.06145656007216211,10.16337173013093,-20.197304823873452,20.16035900469018,-0.16741363237429352,16.52377531151103,-33.09525201320787,33.0067303956837,103.29790183360046,0.00027306317786960623,-0.00031400638377566227,0.1679486669846966,-0.01830470918553187,-0.000983546408583668,0.018331114038833883,-1.5439561979026606
738,240.0,-0.06168209215094957,10.16335318362955,-20.197330273160475,20.161225700167734,-0.16720767762603672,16.523798974956122,-33.09703894425126,33.00416696541538,103.29755261568503,0.0002730638909722181,-0.0002866842860085404,0.1679486512517041,-0.018306279216961933,-0.0008979667754223783,0.018328289693780347,-1.5462897738147794
739,240.0,-0.06190734371516319,10.163338295358136,-20.19726456361397,20.162001394700837,-0.16700097305522493,16.523817133808357,-33.0986745248175,33.00145254802193,103.29727782509909,0.00027306442199654003,-0.00025936044033270946,0.16794863558626694,-0.018307484616153134,-0.000812381667374516,0.01832550018264631,-1.5486237263737053
740,240.0,-0.062132313745209174,10.16332706557568,-20.197107695441048,20.162686084964434,-0.16679351961799496,16.5238297878722,-33.100158746778305,32.99858715699828,103.2970774662745,0.0002730647709367592,-0.0002320353407735074,0.16794861998946448,-0.018308325366408907,-0.0007267926318508157,0.018322745570792727,-1.5509580510924275
741,240.0,-0.06235700122279802,10.16331949447109,-20.196859669249875,20.163279768031202,-0.166585318273732,16.52383693704594,-33.10149160275753,32.995570806589654,103.29695154229759,0.000273064937790348,-0.00020470948136508112,0.16794860446237211,-0.018308801457618252,-0.0006412012162895905,0.01832002592285981,-1.5532927434689447
742,240.0,-0.06258140513093104,10.163315582163161,-20.196520486048854,20.163782441373172,-0.16637636998506367,16.523838581321662,-33.10267308613119,32.992403511791444,103.29690005490866,0.0002730649225580636,-0.00017738335614172723,0.16794858900606052,-0.01830891288625654,-0.000555608968129632,0.018317341302765446,-1.5556277989863876
743,240.0,-0.06280552445393715,10.163315328700582,-20.196090147245343,20.164194102864315,-0.16616667571785618,16.52383472078527,-33.103703191027556,32.98908528834908,103.29692300450218,0.00027306472524394796,-0.00015005745912906093,0.16794857362159582,-0.018308659655384862,-0.0004700174347825398,0.018314691773702253,-1.5579632131131578
744,240.0,-0.06302935817746545,10.16331873406196,-20.19556865464901,20.164514750777073,-0.16595623644120816,16.523825355616456,-33.10458191232714,32.98561615275793,103.29702039012706,0.00027306434585532696,-0.00012273228433496163,0.1679485583100397,-0.01830804177464874,-0.000384428163604352,0.018312077398134154,-1.560298981303086
745,240.0,-0.06325290528846979,10.163325798155789,-20.1949560104689,20.164744383783727,-0.16574505312744595,16.523810486088685,-33.105309245662816,32.98199612226312,103.29719220948643,0.00027306378440281065,-9.54083257407493e-05,0.16794854307244905,-0.01830705926027876,-0.00029884270186792154,0.018309498237794996,-1.562635098995575
746,240.0,-0.06347616477523915,10.16333652082047,-20.194252217313903,20.16488300095679,-0.16553312675211868,16.523790112569213,-33.105885187419794,32.97822521485943,103.2974384589377,0.0002730630409002924,-6.808607729212204e-05,0.16794852790987608,-0.018305712135089507,-0.0002132625967345284,0.01830695435368563,-1.5649715616157605
747,240.0,-0.0636991356273773,10.16335090182432,-20.193457278194785,20.16493060176856,-0.1653204582939927,16.52376423551903,-33.10630973473569,32.97430344929113,103.29775913349287,0.00027306211536494847,-4.076603289061973e-05,0.16794851282336815,-0.018304000428478556,-0.00012768939522713244,0.018304445806071174,-1.5673083645746309
748,240.0,-0.06392181683583902,10.16336894086556,-20.192571196521726,20.164887186091107,-0.16510704873504692,16.52373285549289,-33.106582885500515,32.97023084505182,103.29815422681831,0.0002730610078172372,-1.3448686384388209e-05,0.1679484978139675,-0.01830192417642632,-4.2124644201449257e-05,0.018301972654479276,-1.5696455032692078
749,240.0,-0.06414420739291027,10.163390637572352,-20.191593976105906,20.164752754196343,-0.1648928990604672,16.523695973139255,-33.10670463835673,32.96600742238429,103.29862373123541,0.00027305971828089904,1.3865468440616446e-05,0.16794848288271175,-0.018299483421493814,4.34301096815954e-05,0.018299534957696435,1.569609680507104
750,240.0,-0.06436630629222223,10.163415991502779,-20.190525621158372,20.16452730675684,-0.1646780102586418,16.523653589200308,-33.10667499269921,32.96163320228031,103.29916763772012,0.00027305824678295514,4.117593786927558e-05,0.16794846803063307,-0.018296678212823166,0.00012897331998295823,0.018297132773767186,1.56727188420521
751,240.0,-0.06458811252873138,10.163445002144877,-20.189366136291227,20.164210844842785,-0.16446238332115543,16.52360570451193,-33.10649394867531,32.95710820648051,103.2997859359037,0.00027305659335370686,6.848222826669477e-05,0.16794845325875865,-0.01829350860613506,0.0002145034405148783,0.018294766159990407,1.5649337660588898
752,240.0,-0.06480962509876047,10.163477668916654,-20.188115526515503,20.163803369926768,-0.16424601924278492,16.52355232000365,-33.106161507184794,32.952432457474174,103.30047861407294,0.0002730547580267351,9.578384608671096e-05,0.16794843856811065,-0.018289974663727247,0.00030001892536751865,0.01829243517291679,1.5625953307254987
753,240.0,-0.06503084299999375,10.163513991166083,-20.186773797243745,20.1633048838803,-0.1640289190214936,16.523493436698665,-33.10567766987991,32.953407444198824,103.30124565917002,0.0002730527408388992,0.00012308029788083168,0.16794842395970583,-0.018286076454474123,0.00038551822893698217,0.018290139868347526,1.5602565828756003
754,240.0,-0.06525176523146378,10.163553968171128,-20.18534095428916,20.16271538897385,-0.16381108365842598,16.523429055713805,-33.10504243916528,32.9590336014327,103.30208705679287,0.00027305054183033645,0.00015037109030712595,0.16794840943455547,-0.018281814053824803,0.00047099980595313864,0.018287880301331643,1.5579175271928083
755,240.0,-0.06547239079356511,10.163597599139756,-20.183817003864277,20.162034887878548,-0.1635925141579029,16.523359178259483,-33.10425581819797,32.9645090092821,103.30300279119564,0.00027304816104446034,0.00017765573013928256,0.16794839499366546,-0.01827718754380131,0.000556462111508013,0.018285656526163607,1.5555781683736103
756,240.0,-0.06569271868805984,10.163644883209987,-20.18220195258189,20.1612633836653,-0.16337321152741632,16.52328380563971,-33.10331781088739,32.969833640535924,103.30399284528916,0.0002730455985279603,0.00020493372427525026,0.1679483806380364,-0.018272197012995973,0.0006419036010828391,0.01828346859638023,1.5532385111272282
757,240.0,-0.06591274791808793,10.163695819449874,-20.18049580745631,20.1604008798044,-0.16315317677762384,16.523202939252045,-33.102228421895326,32.97500746873139,103.30505720064095,0.00027304285433080004,0.00023220457974616252,0.1679483663686632,-0.018266842556570496,0.0007273227305760247,0.01828131656475943,1.5508985601754526
758,240.0,-0.0661324774881659,10.163750406857547,-20.178698575900313,20.16371878405775,-0.16293241092234367,16.52311658058757,-33.100987656635866,32.980030468154155,103.30619583747568,0.0002730399285062168,0.0002594678037254514,0.1679483521865351,-0.01826112427625377,0.0008127179563316868,0.01827920048331788,1.548558320252458
759,240.0,-0.0663519064041858,10.16380864436123,-20.176810265727795,20.166965225818586,-0.16271091497854956,16.523024731230862,-33.09959552127533,32.984902613838635,103.30740873467555,0.0002730368211107198,0.00028672290353708374,0.1679483380926355,-0.01825504228033967,0.0008980877351654575,0.01827712040330871,1.5462177961046948
760,240.0,-0.06657103367342808,10.163870530819278,-20.174830885153256,20.170120639297835,-0.1624886899663653,16.522927392859966,-33.0980520227323,32.989623881568136,103.30869586978089,0.0002730335322040893,0.00031396938666530675,0.16794832408794236,-0.01824859668368409,0.0009834305243950042,0.018275076375218732,1.5438769924906468
761,240.0,-0.06678985830456148,10.163936065020186,-20.17276044279106,20.173185010712984,-0.16226573690905957,16.52282456724637,-33.09635716867747,32.99419424787508,103.31005721899035,0.00027303006184937486,0.00034120676076289673,0.16794831017342746,-0.01824178760770348,0.0010687447818658769,0.01827306844876716,1.5415359141807186
762,240.0,-0.0670083793076394,10.164005245682638,-20.170598947654867,20.17615832668389,-0.1620420568330409,16.522716256254952,-33.09451096753366,32.9986136900412,103.31149275716163,0.00027302641011289427,0.00036843453365995445,0.16794829635005687,-0.018234615180371564,0.0011540289659790436,0.018271096672902692,1.5391945659570734
763,240.0,-0.06722659569411905,10.164078071455526,-20.168346409160733,20.17904057422851,-0.16181765076785215,16.522602461843963,-33.09251342847567,33.002882186097715,103.3130024578117,0.00027302257706423216,0.00039565221337337,0.16794828261879058,-0.018227079536217043,0.001239281535720544,0.01826916109580185,1.5368529526134123
764,240.0,-0.06744450647686581,10.164154540917972,-20.16600283712114,20.18183174076711,-0.16159251974616562,16.522483186064985,-33.090364561430285,33.00699971482553,103.3145862931173,0.000273018562776238,0.0004228593081148773,0.16794826898058238,-0.018219180816321397,0.001324500950686711,0.018267261764867322,1.5345110789548737
