turn,time_sigma_ns,Q1
0,6.440831000973718,-0.003479861275085973
1,6.440847812588034,-0.0034773760899702035
2,6.440865282198414,-0.003474789842557627
3,6.440883409366502,-0.003472102598426713
4,6.440902193637788,-0.003469314425600145
5,6.440921634541641,-0.003466425394541336
6,6.440941731591297,-0.0034634355781544713
7,6.440962484283876,-0.003460345051781997
8,6.440983892100424,-0.0034571538932004495
9,6.441005954505894,-0.0034538621826210574
10,6.441028670949174,-0.0034504700026859523
11,6.441052040863089,-0.0034469774384672386
12,6.441076063664451,-0.003443384577462195
13,6.441100738754035,-0.0034396915095934715
14,6.441126065516612,-0.0034358983272056347
15,6.441152043320983,-0.0034320051250612722
16,6.441178671519947,-0.003428012000342086
17,6.441205949450379,-0.0034239190526418094
18,6.441233876433209,-0.003419726383966284
19,6.441262451773449,-0.0034154340987301154
20,6.441291674760201,-0.003411042303754793
21,6.441321544666701,-0.0034065511082639064
22,6.441352060750322,-0.003401960623881314
23,6.441383222252596,-0.003397270964628201
24,6.441415028399237,-0.0033924822469195617
25,6.441447478400147,-0.0033875945895627353
26,6.441480571449464,-0.0033826081137516575
27,6.441514306725553,-0.003377522943066395
28,6.44154868339106,-0.003372339203467149
29,6.441583700592902,-0.0033670570232935005
30,6.441619357462319,-0.003361676533259105
31,6.441655653114863,-0.003356197866450178
32,6.441692586650468,-0.003350621158319214
33,6.441730157153425,-0.003344946546684703
34,6.441768363692434,-0.0033391741717254163
35,6.4418072053206235,-0.0033333041759776015
36,6.441846681075574,-0.003327336704330699
37,6.441886789979339,-0.0033212719040245746
38,6.44192753103848,-0.003315109924644684
39,6.441968903244087,-0.003308850918118446
40,6.442010905571812,-0.0033024950387113817
41,6.44205353698187,-0.003296042443024494
42,6.442096796419108,-0.003289493289987426
43,6.442140682812995,-0.00328284774085705
44,6.442185195077669,-0.003276105959211931
45,6.4422303321119685,-0.0032692681109481826
46,6.442276092799437,-0.003262334364276502
47,6.4423224760083935,-0.003255304889715378
48,6.442369480591925,-0.003248179860088885
49,6.442417105387918,-0.003240959450522743
50,6.442465349219119,-0.003233643838437195
51,6.442514210893135,-0.0032262332035449047
52,6.442563689202485,-0.00321872772784497
53,6.442613782924605,-0.0032111275956200557
54,6.442664490821914,-0.003203432993429093
55,6.442715811641819,-0.003195644110105102
56,6.442767744116765,-0.0031877611367483803
57,6.442820286964247,-0.003179784266723859
58,6.4428734388868705,-0.0031717136956538284
59,6.442927198572359,-0.003163549621415028
60,6.442981564693613,-0.0031552922441318737
61,6.443036535908723,-0.0031469417661729162
62,6.443092110861012,-0.003138498392145155
63,6.443148288179067,-0.0031299623288892613
64,6.44320506647679,-0.0031213337854731696
65,6.443262444353416,-0.0031126129731881415
66,6.443320420393553,-0.0031038001055431123
67,6.443378993167227,-0.0030948953982588927
68,6.443438161229898,-0.0030858990692641313
69,6.44349792312253,-0.0030768113386874887
70,6.443558277371603,-0.00306763242885424
71,6.443619222489156,-0.003058362564279899
72,6.443680756972834,-0.0030490019716642603
73,6.443742879305919,-0.0030395508798865788
74,6.443805587957371,-0.0030300095199989234
75,6.443868881381855,-0.003020378125222337
76,6.443932758019804,-0.0030106569309382913
77,6.443997216297441,-0.0030008461746849065
78,6.444062254626838,-0.002990946096149557
79,6.44412787140593,-0.002980956937164684
80,6.444194065018576,-0.0029708789417001746
81,6.444260833834597,-0.0029607123558580556
82,6.44432817620982,-0.002950457427865801
83,6.4443960904861015,-0.0029401144080718547
84,6.444464574991404,-0.002929683548936568
85,6.444533628039797,-0.0029191651050293377
86,6.444603247931549,-0.0029085593330186173
87,6.4446734329531195,-0.0028978664916693157
88,6.44474418137724,-0.002887086841833763
89,6.444815491462945,-0.002876220646446157
90,6.444887361455603,-0.002865268170516939
91,6.444959789587001,-0.002854229681123569
92,6.445032774075352,-0.002843105447406618
93,6.445106313125354,-0.002831895740562026
94,6.445180404928225,-0.002820600833835502
95,6.445255047661765,-0.0028092210025142386
96,6.445330239490401,-0.0027977565239206592
97,6.445405978565226,-0.002786207677405714
98,6.44548226302404,-0.0027745747443430565
99,6.445559090991422,-0.0027628580081196378
100,6.445636460578747,-0.0027510577541312877
101,6.445714369884268,-0.0027391742697737372
102,6.445792816993122,-0.0027272078444376163
103,6.44587179997741,-0.002715158769500124
104,6.445951316896248,-0.002703027338317057
105,6.446031365795802,-0.0026908138462167636
106,6.446111944709325,-0.002678518590494221
107,6.446193051657246,-0.00266614187040043
108,6.44627468464719,-0.0026536839871374764
109,6.4463568416740396,-0.002641145243850604
110,6.44643952071997,-0.002628525945621458
111,6.446522719754524,-0.0026158263994592373
112,6.4466064367346485,-0.002603046914294488
113,6.446690669604762,-0.0025901878009697496
114,6.446775416296776,-0.002577249372234763
115,6.44686067473018,-0.002564231942736436
116,6.446946442812069,-0.002551135829012621
117,6.447032718437226,-0.002537961349482475
118,6.447119499488132,-0.0025247088244422593
119,6.447206783835058,-0.0025113785760536985
120,6.447294569336107,-0.0024979709283382296
121,6.447382853837265,-0.002484486207168282
122,6.447471635172457,-0.002470924740260108
123,6.447560911163594,-0.0024572868571657684
124,6.447650679620649,-0.002443572889263716
125,6.447740938341683,-0.002429783169752912
126,6.447831685112927,-0.0024159180336431312
127,6.447922917708824,-0.002401977817747258
128,6.448014633892083,-0.002387962860673515
129,6.448106831413749,-0.002373873502816562
130,6.448199508013243,-0.002359710086349843
131,6.448292661418431,-0.0023454729552170334
132,6.448386289345677,-0.0023311624551233434
133,6.448480389499904,-0.0023167789335275524
134,6.448574959574643,-0.002302322739633855
135,6.4486699972520904,-0.0022877942243833375
136,6.448765500203186,-0.002273193740444424
137,6.448861466087652,-0.0022585216422054835
138,6.448957892554051,-0.002243778285766366
139,6.449054777239857,-0.0022289640289290943
140,6.449152117771507,-0.0022140792311893384
141,6.4492499117644675,-0.0021991242537277673
142,6.449348156823279,-0.0021840994594019172
143,6.449446850541639,-0.002169005212736366
144,6.449545990502437,-0.0021538418799150415
145,6.449645574277842,-0.0021386098287710853
146,6.449745599429338,-0.0021233094287793275
147,6.449846063507803,-0.0021079410510464656
148,6.449946964053557,-0.002092505068302885
149,6.450048298596427,-0.0020770018548931304
150,6.450150064655832,-0.0020614317867660467
151,6.450252259740804,-0.0020457952414675387
152,6.450354881350078,-0.002030092598130429
153,6.450457926972151,-0.002014324237465194
154,6.450561394085336,-0.001998490541751433
155,6.450665280157836,-0.0019825918948278534
156,6.450769582647796,-0.001966628682084106
157,6.450874299003372,-0.0019506012904505034
158,6.450979426662797,-0.0019345101083894619
159,6.451084963054446,-0.0019183555258849591
160,6.451190905596895,-0.0019021379344346038
161,6.451297251698984,-0.001885857727039793
162,6.451403998759889,-0.0018695152981954017
163,6.451511144169179,-0.0018531110438817784
164,6.451618685306887,-0.0018366453615540597
165,6.451726619543575,-0.0018201186501327817
166,6.451834944240391,-0.0018035313099950888
167,6.451943656749137,-0.001786883742964978
168,6.4520527544123505,-0.0017701763523022811
169,6.452162234563355,-0.0017534095426943552
170,6.452272094526327,-0.001736583720246057
171,6.452382331616368,-0.0017196992924700843
172,6.452492943139565,-0.001702756668276975
173,6.452603926393061,-0.001685756257965746
174,6.452715278665138,-0.0016686984732125253
175,6.452826997235249,-0.001651583727063142
176,6.452939079374117,-0.0016344124339212627
177,6.453051522343783,-0.001617185009539749
178,6.453164323397688,-0.0015999018710096621
179,6.453277479780739,-0.0015825634367506798
180,6.453390988729352,-0.0015651701265022328
181,6.453504847471562,-0.0015477223613114635
182,6.453619053227062,-0.001530220563524242
183,6.453733603207286,-0.0015126651567749605
184,6.453848494615479,-0.0014950565659756407
185,6.453963724646744,-0.0014773952173079874
186,6.454079290488136,-0.0014596815382107511
187,6.454195189318729,-0.0014419159573701844
188,6.454311418309678,-0.0014240989047103522
189,6.454427974624281,-0.001406230811383266
190,6.454544855418067,-0.001388312109757085
191,6.454662057838854,-0.0013703432334074654
192,6.454779579026832,-0.001352324617105067
193,6.454897416114619,-0.0013342566968074323
194,6.455015566227343,-0.0013161399096470688
195,6.4551340264827015,-0.0012979746939220604
196,6.455252793991034,-0.00127976148908572
197,6.4553718658554144,-0.0012615007357337472
198,6.4554912391717005,-0.0012431928755965295
199,6.4556109110285975,-0.001224838351528221
200,6.455730878507763,-0.0012064376074941005
201,6.45585113868385,-0.0011883238829499482
202,6.455973438640162,-0.0011741468130463577
203,6.456116960486505,-0.0011692569468146998
204,6.456318342632912,-0.0011713477064561337
205,6.456596782633668,-0.001174318877774412
206,6.456954034521597,-0.0011772736693848355
207,6.4573900938885425,-0.0011802121470897652
208,6.457904955357264,-0.001183134375072925
209,6.458498612582658,-0.0011860404159015066
210,6.459171058253199,-0.0011889303305278973
211,6.4599222840926425,-0.0011918041782890952
212,6.460752280861912,-0.0011946620169079316
213,6.461661038361235,-0.001197503902492445
214,6.462648545432482,-0.0012003298895362881
215,6.463714789961726,-0.0012031400309187878
216,6.464859758882026,-0.0012059343779043984
217,6.466083438176435,-0.001208712980141837
218,6.4673858128811785,-0.0012114758856658836
219,6.468766867089139,-0.0012142231408925354
220,6.4702265839534485,-0.0012169547906215757
221,6.471764945691368,-0.0012196708780343735
222,6.473381933588342,-0.0012223714446929193
223,6.475077528002283,-0.00122505653053783
224,6.476851708368071,-0.0012277261738859915
225,6.478704453202201,-0.0012303804114315465
226,6.4806357401077115,-0.0012330192782420736
227,6.482645545779265,-0.001235642807757557
228,6.484733846008466,-0.0012382510317869115
229,6.486900615689347,-0.0012408439805064535
230,6.489145828824068,-0.0012434216824574816
231,6.491469458528802,-0.0012459841645438652
232,6.4938714770398365,-0.0012485314520282779
233,6.496351855719835,-0.0012510635685300346
234,6.498910565064308,-0.0012535805360218226
235,6.501547574708269,-0.0012560823748264172
236,6.504262853433079,-0.0012585691036121087
237,6.507056369173439,-0.001261040739391713
238,6.509928089024636,-0.00126349729751501
239,6.512877979249886,-0.001265938791667906
240,6.515906005287885,-0.0012683652338676416
241,6.519012131760564,-0.001270776634457081
242,6.522196322480962,-0.0012731730021013949
243,6.525458540461284,-0.0012755543437840342
244,6.528798747921154,-0.0012779206648000515
245,6.532216906295975,-0.0012802719687529784
246,6.535712976245496,-0.0012826082575485614
247,6.539286917662521,-0.0012849295313889686
248,6.5429386896817325,-0.0012872357887698878
249,6.546668250688736,-0.001289527026472181
250,6.5504755583292065,-0.0012918032395567926
251,6.554360569518179,-0.0012940644213589093
252,6.558323240449495,-0.0012963105634825772
253,6.56236352660539,-0.0012985416557923309
254,6.5664813827661925,-0.001300757686409163
255,6.570676763020191,-0.0013029586417014837
256,6.5749496207735945,-0.0013051445062800089
257,6.579299908760638,-0.0013073152629902963
258,6.583727579053831,-0.0013094708929037803
259,6.588232583074254,-0.0013116113753141743
260,6.592814871602075,-0.0013137366877256388
261,6.597474394787086,-0.0013158468058478228
262,6.6022111021594085,-0.001317941703586436
263,6.60702494264028,-0.0013200213530358493
264,6.611915864552937,-0.0013220857244710463
265,6.616883815633627,-0.001324134786338399
266,6.621928743042702,-0.0013261685052466823
267,6.62705059337578,-0.0013281868459597674
268,6.632249312675054,-0.0013301897713856256
269,6.637524846440619,-0.0013321772425690156
270,6.642877139641952,-0.0013341492186804377
271,6.648306136729419,-0.001336105657007073
272,6.653811781645881,-0.0013380465129434545
273,6.659394017838369,-0.0013399717399810481
274,6.66505278826985,-0.001341881289697299
275,6.670788035431016,-0.001343775111746638
276,6.67659970135218,-0.001345653153848529
277,6.682487727615202,-0.0013475153617783949
278,6.688452055365492,-0.0013493616793547006
279,6.694492625324057,-0.0013511920484293749
280,6.70060937779961,-0.0013530064088746955
281,6.7068022527007045,-0.0013548046985735215
282,6.713071189547923,-0.001356586853406859
283,6.719416127486136,-0.0013583528072404472
284,6.725837005296739,-0.0013601024919148563
285,6.732333761409972,-0.0013618358372319407
286,6.738906333917253,-0.0013635527709423157
287,6.74555466058354,-0.001365253218732818
288,6.752278678859735,-0.0013669371042120773
289,6.759078325895072,-0.0013686043488990427
290,6.765953538549561,-0.001370254872208637
291,6.772904253406423,-0.0013718885914385604
292,6.779930406784553,-0.0013735054217550492
293,6.787031934750991,-0.0013751052761786372
294,6.7942087731333975,-0.0013766880655697378
295,6.801460857532504,-0.0013782536986159236
296,6.808788123334652,-0.0013798020818128795
297,6.816190505724206,-0.0013813331194540573
298,6.823667939696052,-0.0013828467136137283
299,6.831220360068073,-0.0013843427641302588
300,6.838847701493589,-0.0013858211685923159
301,6.8465498984738025,-0.0013872818223212484
302,6.854326885370225,-0.001388724618356339
303,6.862178596417076,-0.001390149447437883
304,6.8701049657336695,-0.0013915561979913082
305,6.878105927336794,-0.0013929447561081773
306,6.886181415153022,-0.0013943150055314142
307,6.894331363031034,-0.001395666827636849
308,6.902555704753876,-0.0013970001014166453
309,6.910854374051222,-0.0013983147034600553
310,6.919227304611567,-0.0013996105079357533
311,6.927674430094392,-0.0014008873865748298
312,6.9361956841423025,-0.0014021452086498143
313,6.944791000393083,-0.0014033838409589086
314,6.953460312491775,-0.001404603147803579
315,6.962203554102624,-0.0014058029909726159
316,6.971020658921052,-0.0014069832297195098
317,6.9799115606855295,-0.0014081437207445488
318,6.9888761931893955,-0.001409284318175602
319,6.997914490292689,-0.001410404873543037
320,7.0070263859338064,-0.0014115052357649097
321,7.016211814141193,-0.0014125852511229907
322,7.025470709044945,-0.0014136447632418442
323,7.034803004888333,-0.0014146836130676838
324,7.044208636039279,-0.001415701638846876
325,7.053687537001759,-0.0014166986761034144
326,7.063239642427132,-0.0014176745576171075
327,7.072864887125408,-0.0014186291134012262
328,7.082563206076445,-0.0014195621706784686
329,7.092334534441065,-0.001420473553858855
330,7.1021788075720815,-0.0014213630845167208
331,7.112095961025295,-0.001422230581365596
332,7.122085930570348,-0.0014230758602359502
333,7.132148652201555,-0.0014238987340499999
334,7.142284062148644,-0.0014246990127958796
335,7.152492096887364,-0.001425476503505347
336,7.162772693150099,-0.0014262310102253835
337,7.173125787936287,-0.0014269623339966619
338,7.183551318522849,-0.0014276702728252566
339,7.194049222474506,-0.0014283546216555282
340,7.204619437653967,-0.0014290151723460776
341,7.215261902232078,-0.0014296517136413805
342,7.2259765546978505,-0.0014302640311457744
343,7.236763333868406,-0.0014308519072959542
344,7.247622178898854,-0.0014314151213317139
345,7.258553029292036,-0.001431953449269763
346,7.2695558249082,-0.001432466663874606
347,7.2806305059745755,-0.001432954534629953
348,7.291777013094843,-0.0014334168277109814
349,7.302995287258557,-0.0014338533059510775
350,7.314285269850398,-0.0014342637288159064
351,7.32564690265937,-0.0014346478523723097
352,7.337080127887912,-0.0014350054292568552
353,7.348584888160859,-0.0014353362086474385
354,7.360161126534381,-0.001435639936228827
355,7.371808786504755,-0.0014359163541638213
356,7.383527812017051,-0.0014361652010615657
357,7.3953181474737715,-0.0014363862119422487
358,7.407179737743301,-0.0014365791182087745
359,7.41911252816834,-0.0014367436476103502
360,7.431116464574179,-0.0014368795242113465
361,7.4431914932769105,-0.001436986468355225
362,7.455337561091492,-0.0014370641966342597
363,7.467554615339768,-0.0014371124218513177
364,7.479842603858347,-0.0014371308529870848
365,7.492201475006379,-0.001437119195164335
366,7.504631177673255,-0.001437077149612525
367,7.517131661286176,-0.0014370044136314745
368,7.529702875817648,-0.0014369006805550447
369,7.542344771792853,-0.001436765639713752
370,7.555057300296911,-0.0014365989763992588
371,7.56784041298208,-0.0014364003718247288
372,7.580694062074811,-0.0014361695030874618
373,7.593618200382712,-0.0014359060431314117
374,7.606612781301428,-0.00143560966070721
375,7.6196777588214015,-0.0014352800203327994
376,7.6328130875345375,-0.00143491678225393
377,7.646018722640767,-0.0014345196024041543
378,7.659294619954506,-0.0014340881323639163
379,7.672640735911014,-0.0014336220193199665
380,7.686057027572663,-0.0014331209060230341
381,7.699543452635097,-0.001432584430745871
382,7.713099969433268,-0.0014320122272429557
383,7.72672653694744,-0.0014314039247039529
384,7.740423114809,-0.0014307591477141408
385,7.754189663306281,-0.0014300775162063894
386,7.768026143390163,-0.0014293586454213315
387,7.781932516679676,-0.001428602145859831
388,7.795908745467466,-0.0014278076232382025
389,7.809954792725158,-0.0014269746784427426
390,7.8240706221086285,-0.0014261029074839093
391,7.838256197963208,-0.0014251919014476385
392,7.852511485328718,-0.001424241246452387
393,7.866836449944522,-0.0014232505235955207
394,7.881231058254367,-0.0014222193089097434
395,7.8956952774112,-0.0014211471733130607
396,7.910229075281893,-0.0014200336825582866
397,7.924832420451828,-0.0014188783971852959
398,7.939505282229448,-0.001417680872468269
399,7.9542476306506575,-0.001416440658367856
400,7.969059436483198,-0.0014151572994764573
401,7.983940671230859,-0.0014138303349695246
402,7.998891307137676,-0.001412459298550242
403,8.013911317191978,-0.0014110437183983658
404,8.029000675130384,-0.0014095831171156634
405,8.044159355441682,-0.0014080770116730226
406,8.059387333370667,-0.0014065249133536342
407,8.074684584921844,-0.0014049263276992075
408,8.090051086863062,-0.001403280754454625
409,8.105486816729078,-0.0014015876875105575
410,8.120991752825043,-0.001399846614845253
411,8.136565874229866,-0.0013980570184685664
412,8.152209160799528,-0.0013962183743634667
413,8.167921593170288,-0.0013943301524279082
414,8.183703152761863,-0.001392391816413058
415,8.199553821780466,-0.0013904028238646887
416,8.215473583221792,-0.0013883626260626518
417,8.23146242087393,-0.0013862706679594393
418,8.247520319320184,-0.0013841263881170462
419,8.263647263941833,-0.0013819292186459681
420,8.279843240920794,-0.0013796785851415284
421,8.296108237242239,-0.0013773739066189395
422,8.312442240697104,-0.0013750145954496717
423,8.328845239884556,-0.0013726000572961206
424,8.345317224214378,-0.0013701296910437568
425,8.361858183909254,-0.0013676028887377105
426,8.378468110007022,-0.001365019035513939
427,8.395146994362838,-0.0013623775095305518
428,8.411894829651262,-0.0013596776819012493
429,8.428711609368333,-0.0013569189166210793
430,8.445597327833463,-0.0013541005705030365
431,8.46255198019138,-0.0013512219931021818
432,8.47957556241393,-0.0013482825266467715
433,8.496668071301873,-0.0013452815059632295
434,8.51382950448654,-0.0013422182584062982
435,8.531059860431508,-0.0013390921037824983
436,8.548359138434142,-0.0013359023542773758
437,8.565727338627116,-0.001332648314380119
438,8.583164461979882,-0.0013293292808053891
439,8.600670510300025,-0.0013259445424195486
440,8.618245486234624,-0.001322493380160142
441,8.63588939327151,-0.0013189750669589943
442,8.653602235740475,-0.0013153888676630378
443,8.67138401881443,-0.0013117340389548202
444,8.689234748510527,-0.001308009829268719
445,8.707154431691173,-0.001304215478713258
446,8.725143076065049,-0.0013003502189848294
447,8.743200690188036,-0.0012964132732866099
448,8.761327283464084,-0.0012924038562449178
449,8.779522866146062,-0.0012883211738226293
450,8.797787449336559,-0.0012841644232321375
451,8.816121044988572,-0.0012799327928513038
452,8.834523665906215,-0.0012756254621343827
453,8.852995325745338,-0.001271241601524172
454,8.871536039014119,-0.001266780372361468
455,8.890145821073613,-0.0012622409267939864
456,8.908824688138216,-0.0012576224076876765
457,8.927572657276105,-0.0012529239485347078
458,8.946389746409698,-0.0012481446733541002
459,8.965275974315931,-0.0012432836966061141
460,8.984231360626607,-0.0012383401230930025
461,9.003255925828686,-0.0012333130478607128
462,9.02234969126447,-0.0012282015561066565
463,9.041512679131804,-0.001223004723080087
464,9.060744912484234,-0.0012177216139816593
465,9.080046415231108,-0.0012123512838640672
466,9.099417212137627,-0.001206892777532654
467,9.118857328824882,-0.0012013451294427802
468,9.138366791769867,-0.001195707363594224
469,9.157945628305393,-0.0011899784934308977
470,9.177593866620027,-0.001184157521734864
471,9.197311535757976,-0.0011782434405184282
472,9.217098665618924,-0.0011722352309184935
473,9.236955286957848,-0.001166131863088475
474,9.256881431384805,-0.0011599322960879313
475,9.276877131364676,-0.0011536354777718504
476,9.29694242021687,-0.001147240344680745
477,9.317077332115012,-0.0011407458219270627
478,9.3372819020866,-0.001134150823081189
479,9.357556166012632,-0.0011274542500558967
480,9.377900160627176,-0.0011206549929922086
481,9.398313923516959,-0.0011137519301401859
482,9.418797493120879,-0.0011067439277421104
483,9.439350908729534,-0.0010996298399115628
484,9.459974210484695,-0.0010924085085117258
485,9.480667439378747,-0.0010850787630371133
486,9.501430637254135,-0.00107763942048672
487,9.522263846802764,-0.001070089285239744
488,9.543167111565369,-0.0010624271489324717
489,9.564140475930877,-0.0010546517903280658
490,9.585183985135728,-0.0010467619751918236
491,9.606297685263195,-0.0010387564561586443
492,9.627481623242662,-0.0010306339726036946
493,9.64873584684889,-0.0010223932505096732
494,9.670060404701257,-0.0010140330023342451
495,9.691455346262996,-0.0010055519268731875
496,9.712920721840357,-0.0009969487091285381
497,9.73445658258184,-0.000988222020165367
498,9.756062980477312,-0.0009793705169791544
499,9.777739968357192,-0.0009703928423488378
500,9.799487599891549,-0.0009612876247008821
501,9.821305929589212,-0.0009520534779645878
502,9.84319501279687,-0.0009426890014264316
503,9.865154905698153,-0.0009331927795854196
504,9.887185665312686,-0.0009235633820039187
505,9.909287349495115,-0.0009137993631622507
506,9.931460016934153,-0.0009038992623060871
507,9.953703727151598,-0.0008938616032946551
508,9.976018540501316,-0.0008836848944486104
509,9.998404518168249,-0.0008733676283927007
510,10.020861722167346,-0.0008629082819043507
511,10.043390215342574,-0.0008523053157503128
512,10.065990061365822,-0.0008415571745317458
513,10.088661324735863,-0.0008306622865198666
514,10.111404070777258,-0.0008196190634952099
515,10.134218365639285,-0.0008084259005830134
516,10.157104276294827,-0.0007970811760874728
517,10.18006187053927,-0.000785583251323736
518,10.203091216989376,-0.0007739304704494707
519,10.226192385082168,-0.0007621211602936356
520,10.249365445073785,-0.0007501536301832275
521,10.272610468038327,-0.0007380261717711441
522,10.295927525866693,-0.000725737058860054
523,10.319316691265454,-0.0007132845472220364
524,10.342778037755648,-0.0007006668744214533
525,10.366311639671618,-0.0006878822596330317
526,10.389917572159813,-0.000674928903459682
527,10.413595911177609,-0.0006618049877470604
528,10.437346733492099,-0.0006485086753969078
529,10.461170116678906,-0.0006350381101789061
530,10.485066139120955,-0.0006213914165403544
531,10.509034880007265,-0.000607566699413377
532,10.53307641933172,-0.0005935620440234572
533,10.557190837891877,-0.0005793755156878894
534,10.581378217287693,-0.0005650051596238466
535,10.605638639920315,-0.0005504490007450507
536,10.62997218899083,-0.0005357050434625513
537,10.654378948499035,-0.0005207712714787636
538,10.678859003242202,-0.0005056456475806953
539,10.703412438813817,-0.0004903261134343896
540,10.728039341602313,-0.00047481058937607837
541,10.752739798789861,-0.0004590969741961192
542,10.77751389835108,-0.0004431831449283788
543,10.802361729051793,-0.00042706695663418195
544,10.827283380447783,-0.0004107462421799426
545,10.85227894288351,-0.000394218812022179
546,10.87734850749086,-0.0003774824539823353
547,10.902492166187894,-0.0003605349330212906
548,10.927710011677584,-0.00034337399101341186
549,10.953002137446534,-0.000325997346518189
550,10.978368637763745,-0.0003084026945461339
551,11.003809607679322,-0.00029058770632941523
552,11.029325143023243,-0.000272550029081291
553,11.054915340404085,-0.0002542872857598123
554,11.08058029720776,-0.00023579707482791043
555,11.106320111596244,-0.0002170769700109112
556,11.132134882506362,-0.00019812452004714878
557,11.158024709648489,-0.00017893724844426941
558,11.183989693505305,-0.0001595126532281924
559,11.210029935330558,-0.0001398482066890999
560,11.23614553714779,-0.00011994135512760841
561,11.262336601749105,-9.97895185961319e-05
562,11.288603232693916,-7.93900906386714e-05
563,11.314945534307688,-5.874043803092626e-05
564,11.341363611680709,-3.78379005118223e-05
565,11.36785757066687,-1.667979051473232e-05
566,11.394427517882374,4.7366070977634675e-06
567,11.421073560704562,2.6414035312807015e-05
568,11.447795807270639,4.8355265238928525e-05
569,11.474594366476493,7.056309638900551e-05
570,11.501469347975414,9.30403569542225e-05
571,11.528420862176926,0.00011578990409600607
572,11.555449020245547,0.00013881462422760826
573,11.582553934099579,0.0001621174333053027
574,11.609735716409913,0.0001857012771216599
575,11.63699448059881,0.0002095691315977433
576,11.664330340838722,0.00023372400308540407
577,11.691743412051064,0.0002581689286625853
578,11.719233809905067,0.00028290697644301377
579,11.746801650816574,0.0003079412458807642
580,11.774447051946865,0.00033327486808061444
581,11.802170131201457,0.0003589110061074667
582,11.829971007228986,0.0003848528553084684
583,11.85784979941999,0.00041110364362555423
584,11.885806627905776,0.00043766663192261246
585,11.913841613557274,0.00046454511430755617
586,11.94195487798388,0.0004917424184636274
587,11.970146543532307,0.0005192619059778114
588,11.998416733285458,0.000547106972677608
589,12.026765571061297,0.0005752810489696312
590,12.055193181411713,0.0006037876001780375
591,12.08369968962141,0.0006326301268925256
592,12.112285221706804,0.0006618121653151597
593,12.140949904414887,0.000691337287610224
594,12.169693865222163,0.0007212091022626431
595,12.19851723233353,0.0007514312544322043
596,12.227420134681191,0.0007820074263173272
597,12.25640270192359,0.0008129413375206294
598,12.285465064444338,0.0008442367454177418
599,12.31460735335112,0.0008758974455283337
600,12.343829700474663,0.0009079272718936825
601,12.373132238367658,0.0009403300974552231
602,12.402515100303729,0.0009731098344379609
603,12.431978420276385,0.0010062704347382607
604,12.461522332997989,0.0010398158903136667
605,12.491146973898724,0.0010737502335788505
606,12.520852479125582,0.0013060143659490283
607,12.550635611176483,0.00371269625682613
608,12.580459475121247,0.010283998870110667
609,12.610253261476199,0.019039346360331225
610,12.639979648805411,0.027993786979385822
611,12.669635023796484,0.03694757245893016
612,12.69921917431198,0.045900487845241277
613,12.728731889093048,0.05485231823707172
614,12.758172957754393,0.0638028487907972
615,12.78754217077931,0.07275186472555767
616,12.816839319514811,0.08169915132838833
617,12.846064196166884,0.09064449395935738
618,12.875216593795841,0.09958767805669198
619,12.90429630631172,0.10852848914189776
620,12.933303128469822,0.11746671282487892
621,12.962236855866312,0.12640213480904802
622,12.99109728493393,0.1353345408964373
623,13.019884212937745,0.14426371699279317
624,13.048597437971049,0.15318944911267962
625,13.077236758951267,0.16211152338456172
626,13.105801975616009,0.17102972605589448
627,13.134292888519175,0.1799438434982028
628,13.162709299027117,0.18885366221215028
629,13.19105100931492,0.1977589688326109
630,13.219317822362704,0.20665955013372542
631,13.247509541952049,0.21555519303395831
632,13.275625972662446,0.22444568460114483
633,13.303666919867865,0.23333081205753384
634,13.331632189733341,0.24221036278482125
635,13.359521589211683,0.2510841243291819
636,13.38733492604017,0.2599518844062848
637,13.415072008737399,0.2688134309063133
638,13.442732646600112,0.27766855189896633
639,13.470316649700173,0.2865170356384664
640,13.497823828881526,0.29535867056854676
641,13.52525399575724,0.30419324532743763
642,13.55260696270664,0.31302054875284624
643,13.579882542872445,0.32184036988692416
644,13.607080550158013,0.3306524979812343
645,13.6342007992246,0.33945672250170283
646,13.661243105488659,0.348252833133564
647,13.688207285119269,0.35704061978630214
648,13.715093155035534,0.3658198725985827
649,13.741900532904065,0.3745903819431716
650,13.768629237136524,0.3833519384318535
651,13.795279086887179,0.39210433292033176
652,13.82184990205055,0.40084735651313125
653,13.848341503259066,0.40958080056848134
654,13.874753711880786,0.41830445670319893
655,13.901086350017149,0.427018116797557
656,13.927339240500814,0.43572157300014897
657,13.953512206893471,0.44441461773273766
658,13.979605073483732,0.4530970436950999
659,14.005617665285092,0.4617686438698617
660,14.031549808033875,0.47042921152732203
661,14.057401328187247,0.4790785402302666
662,14.083172052921269,0.48771642383877445
663,14.10886181012899,0.4963426565150139
664,14.134470428418576,0.5049570327280292
665,14.159997737111446,0.5135593472585135
666,14.185443566240497,0.5221493952035771
667,14.210807746548323,0.5307269719815038
668,14.236090109485502,0.5392918733364964
669,14.261290487208868,0.5478438953434108
670,14.286408712579858,0.556382834412481
671,14.311444619162891,0.564908487294035
672,14.336398041223756,0.5734206510831982
673,14.361268813728039,0.5819191232245862
674,14.386056772339602,0.5904037015169888
675,14.410761753419056,0.598874184118039
676,14.435383594022282,0.6073303695488748
677,14.459922131898997,0.6157720566987893
678,14.484377205491322,0.6241990448298685
679,14.508748653932395,0.6326111335816207
680,14.533036317044994,0.6410081229755867
681,14.557240035340216,0.6493898134199517
682,14.581359650016136,0.6577560057141303
683,14.605395002956545,0.6661065010533528
684,14.629345936729695,0.6744411010332365
685,14.653212294587025,0.682759607654336
686,14.676993920462001,0.6910618233266989
687,14.700690658968878,0.6993475508743903
688,14.724302355401571,0.7076165935400214
689,14.747828855732493,0.7158687549892553
690,14.771270006611436,0.7241038393153046
691,14.794625655364504,0.7323216510434216
692,14.81789564999301,0.7405219951353662
693,14.841079839172417,0.7487046769938648
694,14.86417807225132,0.7568695024670613
695,14.887190199250444,0.7650162778529528
696,14.910116070861626,0.7731448099038088
697,14.932955538446883,0.7812549058305855
698,14.955708454037405,0.7893463733073146
699,14.978374670332661,0.7974190204754931
700,15.000954040699492,0.8054726559484544
701,15.023446419171172,0.8135070888157193
702,15.045851660446571,0.821522128647346
703,15.068169619889282,0.8295175854982597
704,15.090400153526767,0.8374932699125679
705,15.112543118049535,0.8454489929278639
706,15.134598370810354,0.8533845660795226
707,15.15656576982343,0.8612998014049701
708,15.178445173763638,0.86919451144795
709,15.200236441965775,0.8770685092627742
710,15.2219394344238,0.8849216084185542
711,15.2435540117901,0.8927536230034242
712,15.26508003537479,0.9005643676287507
713,15.286517367145011,0.9083536574333236
714,15.307865869724223,0.9161213080875321
715,15.32912540639155,0.9238671357975345
716,15.350295841081131,0.9315909573094087
717,15.371377038381445,0.9392925899132817
718,15.392368863534703,0.9469718514474583
719,15.413271182436237,0.9546285603025262
720,15.434083861633857,0.9622625354254436
721,15.454806768327293,0.9698735963236229
722,15.475439770367604,0.9774615630689921
723,15.495982736256604,0.9850262563020391
724,15.516435535146313,0.9925674972358506
725,15.53679803683842,1.0000851076601276
726,15.55707011178371,1.0075789099451855
727,15.577251631081586,1.0150487270459438
728,15.597342466479539,1.0224943825059032
729,15.61734249037265,1.0299157004610981
730,15.637251575803093,1.0373125056440384
731,15.657069596459667,1.0446846233876397
732,15.676796426677313,1.0520318796291313
733,15.696431941436686,1.0593541009139569
734,15.715976016363646,1.066651114399647
735,15.735428527728878,1.0739227478596896
736,15.754789352447435,1.0811688296873767
737,15.774058368078315,1.0883891888996375
738,15.793235452824053,1.0955836551408558
739,15.812320485530323,1.1027520586866704
740,15.83131334568554,1.1098942304477604
741,15.850213913420454,1.1170100019736129
742,15.869022069507817,1.1240992054562808
743,15.887737695361988,1.1311616737341155
744,15.906360673038552,1.1381972402954874
745,15.924890885233992,1.1452057392824888
746,15.94332821528536,1.152187005494629
747,15.961672547169902,1.1591408743924971
748,15.979923765504743,1.1660671821014212
749,15.998081755546583,1.172965765415108
750,16.016146403191353,1.1798364617992623
751,16.034117594973914,1.1866791093951898
752,16.051995218067763,1.1934935470233912
753,16.069779160284746,1.200279614187131
754,16.08746931007476,1.2070371510759936
755,16.10506555652546,1.2137659985694174
756,16.122567789362,1.2204659982402182
757,16.139975898946762,1.227136992358095
758,16.157289776279093,1.233778823893116
759,16.174509312995056,1.240391336519188
760,16.191634401367164,1.2469743746175057
761,16.208664934304128,1.2535277832799896
762,16.225600805350656,1.2600514083127088
763,16.24244190868719,1.2665450962392744
764,16.259188139129684,1.2730086943042256
765,16.275839392129384,1.279442050476397
766,16.29239556377261,1.2858450134522665
767,16.308856550780547,1.2922174326592837
768,16.325222250509032,1.2985591582591864
769,16.34149256094836,1.3048700411512946
770,16.35766738072308,1.3111499329757876
771,16.373746609091807,1.317398686116967
772,16.38973014594705,1.3236161537064977
773,16.405617891814973,1.3298021896266277
774,16.4214097478553,1.3359566485134038
775,16.437105615861075,1.3420793857598527
776,16.452705398258527,1.348170257519158
777,16.46820899810689,1.3542291207078045
778,16.483616319098218,1.3602558330087178
779,16.4989272655573,1.3662502528743834
780,16.514141742441435,1.3722122395299403
781,16.529259655340322,1.3781416529762627
782,16.54428091047589,1.3840383539930203
783,16.559205414702184,1.3899022041417248
784,16.57403307550519,1.3957330657687501
785,16.588763801002752,1.4015308020083441
786,16.603397499944386,1.4072952767856122
787,16.617934081711184,1.4130263548194895
788,16.632373456315694,1.4187239016256927
789,16.646715534401785,1.4243877835196495
790,16.660960227244527,1.4300178676194129
791,16.675107446750093,1.4356140218485614
792,16.68915710545563,1.4411761149390674
793,16.703109116529177,1.446704016434162
794,16.716963393769525,1.4521975966911702
795,16.730719851606136,1.4576567268843292
796,16.74437840509904,1.4630812790075953
797,16.757938969938746,1.4684711258774197
798,16.771401462446125,1.4738261411355158
799,16.78476579957235,1.4791461992516048
800,16.798031898898785,1.4844311755261343
801,16.811199678636896,1.489680946092991
802,16.82426905762819,1.494895387922185
803,16.83723995534411,1.5000743788225177
804,16.850112291885974,1.50521779744423
805,16.862885987984885,1.5103255232816337
806,16.87556096500167,1.5153974366757197
807,16.888137144926805,1.5204334188167508
808,16.900614450380317,1.5254333517468284
809,16.912992804611765,1.5303971183624523
810,16.925272131500147,1.5353246024170475
811,16.937452355553834,1.5402156885234786
812,16.949533401910518,1.5450702621565462
813,16.961515196337146,1.5498882096554565
814,16.973397665229857,1.55466941822628
815,16.98518073561395,1.559413775944386
816,16.99686433514381,1.5641211717568568
817,17.008448392102853,1.5687914954848856
818,17.019932835403477,1.5734246378261487
819,17.031317594587048,1.578020490357167
820,17.042602599823784,1.5825789455356385
821,17.053787781912774,1.5870998967027596
822,17.064873072281905,1.5915832380855175
823,17.07585840298782,1.5960288647989698
824,17.08674370671588,1.6004366728485044
825,17.097528916780117,1.6048065591320704
826,17.108213967123227,1.6091384214424045
827,17.11879879231648,1.6134321584692193
828,17.129283327559737,1.6176876698013902
829,17.139667508681388,1.6219048559291065
830,17.14995127213832,1.6260836182460094
831,17.160134555015883,1.6302238590513123
832,17.17021729502789,1.6343254815518988
833,17.180199430516534,1.6383883898643947
834,17.190080900452408,1.64241248901723
835,17.199861644434456,1.646397684952675
836,17.209541602689956,1.650343884528857
837,17.219120716074475,1.6542509955217528
838,17.228598926071886,1.658118926627173
839,17.237976174794298,1.6619475874627103
840,17.247252404982063,1.6657368885696788
841,17.256427560003743,1.6694867414150278
842,17.26550158385611,1.673197058393239
843,17.27447442116409,1.6768677528281979
844,17.283346017180786,1.6804987389750514
845,17.29211631778744,1.6840899320220386
846,17.3007852694934,1.6876412480923038
847,17.30935281943614,1.6911526042456928
848,17.317818915381206,1.6946239184805192
849,17.326183505722252,1.6980551097353245
850,17.334446539480975,1.7014460978906005
851,17.342607966307135,1.7047968037705064
852,17.35066773647852,1.708107149144555
853,17.35862580090096,1.7113770567292828
854,17.366482111108287,1.7146064501898997
855,17.374236619262355,1.7177952541419177
856,17.381889278153004,1.7209433941527554
857,17.389440041198075,1.7240507967433296
858,17.396888862443372,1.7271173893896143
859,17.404235696562683,1.7301431005241925
860,17.411480498857753,1.7331278595377764
861,17.418623225258273,1.7360715967807132
862,17.425663832321906,1.7389742435644702
863,17.432602277234245,1.7418357321630902
864,17.43943851780882,1.744655995814639
865,17.446172512487102,1.7474349687226263
866,17.45280422033848,1.7501725860573984
867,17.459333601060266,1.7528687839575237
868,17.4657606149777,1.7555234995311482
869,17.472085223043926,1.7581366708573318
870,17.478307386840005,1.7607082369873641
871,17.484427068574906,1.7632381379460618
872,17.49044423108549,1.765726314733039
873,17.49635883783654,1.7681727093239623
874,17.50217085292072,1.7705772646717848
875,17.50788024105861,1.7729399247079556
876,17.513486967598677,1.7752606343436048
877,17.518990998517268,1.7775393394707215
878,17.52439230041865,1.7797759869632976
879,17.529690840534965,1.781970524678452
880,17.53488658672625,1.7841229014575406
881,17.53997950748043,1.7862330671272393
882,17.54496957191332,1.7883009725006065
883,17.549856749768605,1.7903265693781232
884,17.554641011417903,1.7923098105487276
885,17.559322327860684,1.794250649790799
886,17.563900670724315,1.7961490418731432
887,17.568376012264054,1.7980049425559526
888,17.572748325363044,1.7998183085917407
889,17.577017583532324,1.801589097726258
890,17.581183760910815,1.8033172686993857
891,17.58524683226532,1.8050027812460088
892,17.589206772990543,1.806645596096869
893,17.593063559109083,1.8082456749793956
894,17.596817167271418,1.8098029806185143
895,17.60046757475592,1.8113174767374345
896,17.604014759468864,1.8127891280584183
897,17.607458699944413,1.8142179003035253
898,17.610799375344605,1.8156037601953328
899,17.614036765459403,1.8169466754576482
900,17.617170850706657,1.8182466148161829
901,17.620201612132096,1.8195035479992137
902,17.62312903140937,1.8207174457382258
903,17.625953090840014,1.8218882797685285
904,17.62867377335345,1.8230160228298482
905,17.631291062507035,1.8241006486669136
906,17.633804942485984,1.8251421320299952
907,17.63621539810345,1.8261404486754538
908,17.63852241480046,1.8270955753662366
909,17.640725978645957,1.828007489872379
910,17.642826076336778,1.8288761709714654
911,17.64482269519766,1.8297015984490779
912,17.646715823181264,1.8304837530992277
913,17.648505448868143,1.8312226167247536
914,17.650191561466738,1.8319181721377027
915,17.651774150813427,1.8325704031597014
916,17.65325320737246,1.8331792946222853
917,17.654628722236012,1.833744832367223
918,17.655900687124152,1.8342670032468158
919,17.657069094384852,1.8347457951241697
920,17.65813393699401,1.8351811968734517
921,17.659095208555392,1.8355731983801227
922,17.659952903300702,1.8359217905411478
923,17.66070701608952,1.836226965265191
924,17.661357542409345,1.836488715472778
925,17.661904478375565,1.836707035096451
926,17.662347820731483,1.836881919080889
927,17.662687566848287,1.8370133633830132
928,17.662923714725082,1.8371013649720758
929,17.663056262988857,1.8371459218297146
930,17.663085210894508,1.8371470329499986
931,17.663010558324807,1.8371046983394415
932,17.66283230579045,1.8370189190170088
933,17.66255045443,1.8368896970140847
934,17.66216500600993,1.8367170353744302
935,17.66167596292459,1.8365009381541182
936,17.66108332819622,1.836241410421444
937,17.660387105474953,1.8359384582568157
938,17.659587299038797,1.835592088752622
939,17.658683913793652,1.8352023100130852
940,17.65767695527329,1.8347691311540792
941,17.656566429639362,1.8342925623029434
942,17.655352343681397,1.8337726145982587
943,17.654034704816798,1.833209300189616
944,17.652613521090828,1.8326026322373483
945,17.651088801176634,1.8319526249122617
946,17.649460554375214,1.8312592933953222
947,17.64772879061544,1.83052265387734
948,17.64589352045404,1.8297427235586219
949,17.643954755075605,1.828919520648603
950,17.641912506292556,1.828053064365461
951,17.639766786545188,1.8271433749357078
952,17.63751760890164,1.8261904735937584
953,17.635164987057877,1.8251943825814767
954,17.632708935337735,1.8241551251477115
955,17.63014946869287,1.8230727255477897
956,17.62748660270278,1.8219472090430084
957,17.624720353574794,1.820778601900097
958,17.621850738144058,1.8195669313906557
959,17.618877773873557,1.8183122257905773
960,17.615801478854088,1.8170145143794478
961,17.612621871804272,1.8156738274399231
962,17.609338972070546,1.8142901962570823
963,17.605952799627147,1.8128636531177675
964,17.602463375076127,1.8113942313098934
965,17.598870719647348,1.809881965121744
966,17.59517485519846,1.8083268898412397
967,17.59137580421493,1.8067290417551896
968,17.587473589809996,1.8050884581485191
969,17.583468235724705,1.8034051773034785
970,17.579359766327883,1.8016792384988265
971,17.575148206616145,1.7999106820089983
972,17.570833582213883,1.7980995491032503
973,17.566415919373274,1.7962458820447755
974,17.561895244974263,1.7943497240898145
975,17.557271586524568,1.792411119486727
976,17.552544972159684,1.7904301134750575
977,17.54771543064287,1.7884067522845715
978,17.542782991365154,1.7863410831342683
979,17.537747684345316,1.7842331542313805
980,17.53260954022991,1.7820830147703484
981,17.52736859029323,1.7798907149317693
982,17.52202486643734,1.7776563058813373
983,17.516578401192056,1.775379839768745
984,17.51102922771495,1.7730613697265831
985,17.505377379791344,1.7707009498692023
986,17.499622891834306,1.7682986352915642
987,17.493765798884656,1.765854482068068
988,17.487806136610974,1.7633685472513578
989,17.481743941309567,1.7608408888711033
990,17.475579249904495,1.7582715659327657
991,17.469312099947597,1.7556606384163476
992,17.46294252961842,1.7530081672751026
993,17.456470577724286,1.7503142144342463
994,17.449896283700266,1.7475788427896333
995,17.443219687609172,1.7448021162064138
996,17.436440830141592,1.7419840995176779
997,17.429559752615837,1.7391248585230634
998,17.422576496978017,1.7362244599873666
999,17.415491105801983,1.733282971639107
1000,17.40830362228934,1.730300462169081
1001,17.401014090269488,1.7272770012289085
1002,17.39362255419958,1.7242126594295322
1003,17.386129059164563,1.7211075083397198
1004,17.378533650877166,1.7179616204845327
1005,17.370836375677897,1.7147750693437767
1006,17.36303728053506,1.7115479293504323
1007,17.355136413044786,1.7082802758890652
1008,17.347133821430987,1.7049721852942172
1009,17.339029554545405,1.7016237348487713
1010,17.33082366186761,1.698235002782302
1011,17.322516193505017,1.6948060682694028
1012,17.31410720019287,1.6913370114279889
1013,17.305596733294273,1.6878279133175886
1014,17.296984844800207,1.6842788559376065
1015,17.288271587329536,1.6806899222255696
1016,17.27945701412902,1.6770611960553514
1017,17.270541179073298,1.6733927622353724
1018,17.261524136664963,1.669684706506789
1019,17.252405942034514,1.6659371155416536
1020,17.243186650940437,1.6621500769410629
1021,17.23386631976916,1.65832367923327
1022,17.22444500553511,1.6544580118717975
1023,17.21492276588072,1.6505531652335128
1024,17.205299659076438,1.6466092306166886
1025,17.19557574402077,1.6426263002390507
1026,17.185751080240284,1.6386044672357922
1027,17.17582572788964,1.6345438256575795
1028,17.16579974775162,1.6304444704685277
1029,17.155673201237132,1.6263064975441648
1030,17.14544615038525,1.6221300036693702
1031,17.13511865786325,1.6179150865362968
1032,17.124690786966628,1.6136618447422684
1033,17.11416260161913,1.6093703777876627
1034,17.103534166372757,1.6050407860737619
1035,17.09280554640786,1.6006731709006083
1036,17.08197680753312,1.5962676344648141
1037,17.071048016185593,1.5918242798573599
1038,17.06001923943077,1.5873432110613819
1039,17.04889054496258,1.5828245329499255
1040,17.037662001103445,1.5782683512836884
1041,17.026333676804335,1.5736747727087423
1042,17.01490564164479,1.5690439047542322
1043,17.00337796583297,1.5643758558300558
1044,16.991750720205705,1.5596707352245287
1045,16.98002397622851,1.5549286531020188
1046,16.9681978059957,1.550149720500578
1047,16.956272282230383,1.5453340493295364
1048,16.94424747828452,1.5404817523670873
1049,16.93212346813902,1.5355929432578537
1050,16.919900326403727,1.5306677365104233
1051,16.907578128317542,1.5257062474948806
1052,16.895156949748433,1.520708592440306
1053,16.88263686719354,1.515674888432267
1054,16.870017957779222,1.5106052534102783
1055,16.8573002992611,1.5054998061652487
1056,16.844483970024154,1.5003586663369088
1057,16.831569049082784,1.495181954411222
1058,16.81855561608087,1.4899697917177643
1059,16.805443751291875,1.484722300427105
1060,16.79223353561889,1.4794396035481465
1061,16.778925050594754,1.4741218249254626
1062,16.765518378382072,1.4687690892366028
1063,16.75201360177337,1.463381521989392
1064,16.738410804191126,1.457959249519199
1065,16.724710069687898,1.4525023989861952
1066,16.7109114829464,1.447011098372588
1067,16.69701512927959,1.4414854764798355
1068,16.683021094630764,1.4359256629258474
1069,16.66892946557371,1.4303317881421673
1070,16.654740329312723,1.4247039833711224
1071,16.640453773682783,1.4190423806629753
1072,16.626069887149633,1.4133471128730428
1073,16.611588758809905,1.4076183136587999
1074,16.597010478391216,1.4018561174769655
1075,16.582335136252297,1.3960606595805658
1076,16.56756282338313,1.390232076015991
1077,16.552693631405077,1.3843705036200207
1078,16.53772765257095,1.378476080016829
1079,16.522664979765224,1.372548943614989
1080,16.507505706504123,1.3665892336044374
1081,16.492249926935767,1.3605970899534385
1082,16.47689773584034,1.3545726534055167
1083,16.461449228630197,1.3485160654763784
1084,16.445904501350064,1.3424274684508153
1085,16.43026365067714,1.3363070053795825
1086,16.414526773921313,1.3301548200762725
1087,16.398693969025274,1.3239710571141534
1088,16.382765334564706,1.3177558618230036
1089,16.366740969748456,1.31150938028592
1090,16.350620974418725,1.3052317593361162
1091,16.334405449051225,1.2989231465536948
1092,16.31809449475537,1.2925836902624026
1093,16.301688213274492,1.2862135395263787
1094,16.285186706985982,1.2798128441468657
1095,16.26859007890155,1.273381754658925
1096,16.2518984326674,1.266920422328119
1097,16.235111872564435,1.2604289991471778
1098,16.218230503508483,1.2539076378326575
1099,16.201254431050526,1.247356491821572
1100,16.184183761376904,1.240775715268009
1101,16.167018601309554,1.2341654630397287
1102,16.149759058306273,1.2275258907147537
1103,16.132405240460916,1.2208571545779252
1104,16.114957256503683,1.2141594116174568
1105,16.097415215801345,1.2074328195214636
1106,16.07977922835753,1.2006775366744766
1107,16.062049404812967,1.193893722153939
1108,16.044225856445777,1.1870815357266882
1109,16.026308695171732,1.180241137845414
1110,16.008298033544573,1.1733726896451147
1111,15.990193984756282,1.1664763529395146
1112,15.971996662637364,1.1595522902174853
1113,15.95370618165719,1.1526006646394358
1114,15.935322656924292,1.1456216400337003
1115,15.916846204186678,1.1386153808928898
1116,15.898276939832174,1.1315820523702491
1117,15.879614980888755,1.1245218202759804
1118,15.860860445024878,1.1174348510735579
1119,15.842013450549853,1.110321311876028
1120,15.823074116414174,1.103181370442285
1121,15.804042562209924,1.096015195173343
1122,15.784918908171115,1.0888229551085782
1123,15.765703275174092,1.0816048199219643
1124,15.74639578473791,1.074360959918289
1125,15.726996559024759,1.0670915460293555
1126,15.707505720840341,1.0597967498101637
1127,15.68792339363434,1.0524767434350863
1128,15.668249701500786,1.0451316996940143
1129,15.648484769178534,1.0377617919884976
1130,15.628628722051708,1.030367194327869
1131,15.608681686150156,1.022948081325348
1132,15.588643788149907,1.0155046281941338
1133,15.568515155373655,1.0080370107434773
1134,15.548295915791254,1.0005454053747453
1135,15.527986198020196,0.9930299890774608
1136,15.507586131326157,0.9854909394253398
1137,15.48709584562347,0.9779284345722968
1138,15.466515471475692,0.9703426532484511
1139,15.445845140096143,0.9627337747561094
1140,15.425084983348432,0.9551019789657327
1141,15.404235133747065,0.9474474463118939
1142,15.38329572445798,0.939770357789216
1143,15.362266889299176,0.932070894948298
1144,15.3411487627413,0.9243492398916263
1145,15.319941479908252,0.9166055752694674
1146,15.298645176577834,0.9088400842757525
1147,15.277259989182372,0.901052950643942
1148,15.255786054809397,0.8932443586428797
1149,15.234223511202286,0.8854144930726303
1150,15.212572496760963,0.8775635392603028
1151,15.190833150542598,0.8696916830558623
1152,15.16900561226231,0.8617991108279235
1153,15.147090022293895,0.8538860094595341
1154,15.125086521670582,0.8459525663439428
1155,15.10299525208577,0.8379989693803517
1156,15.080816355893823,0.8300254069696595
1157,15.058549976110843,0.8220320680101865
1158,15.03619625641548,0.8140191418933851
1159,15.013755341149766,0.8059868184995467
1160,14.991227375319925,0.7979352881934777
1161,14.968612504597267,0.7898647418201806
1162,14.945910875319042,0.781775370700511
1163,14.923122634489351,0.7736673666268252
1164,14.900247929780006,0.7655409218586061
1165,14.87728690953151,0.7573962291180922
1166,14.854239722754004,0.7492334815858829
1167,14.83110651912819,0.741052872896526
1168,14.807887449006374,0.7328545971341099
1169,14.78458266341346,0.7246388488278278
1170,14.761192314047925,0.7164058229475274
1171,14.737716553282933,0.7081557148992641
1172,14.714155534167384,0.6998887205208288
1173,14.690509410426996,0.6916050360772642
1174,14.666778336465411,0.6833048582563732
1175,14.642962467365384,0.6749883841642187
1176,14.619061958889876,0.6666558113205953
1177,14.595076967483259,0.6583073376545056
1178,14.571007650272545,0.6499431614996198
1179,14.546854165068599,0.6415634815897192
1180,14.522616670367393,0.6331684970541335
1181,14.498295325351297,0.6247584074131609
1182,14.473890289890363,0.6163334125734804
1183,14.449401724543689,0.6078937128235539
1184,14.424829790560764,0.5994395088290133
1185,14.400174649882844,0.5909710016280364
1186,14.375436465144386,0.5824883926267156
1187,14.350615399674483,0.5739918835944116
1188,14.325711617498344,0.5654816766590993
1189,14.300725283338775,0.5569579743026961
1190,14.275656562617725,0.5484209793563882
1191,14.250505621457846,0.5398708949959408
1192,14.225272626684092,0.5313079247369986
1193,14.199957745825337,0.5227322724303777
1194,14.174561147116034,0.5141441422573424
1195,14.149082999497903,0.5055437387248775
1196,14.123523472621663,0.4969312666609455
1197,14.097882736848785,0.48830693120973684
1198,14.072160963253285,0.4796709378269083
1199,14.046358323623544,0.47102349227480983
1200,14.020474990464212,0.46236480061770946
1201,13.994511136998058,0.4536950692169954
1202,13.968466937167952,0.4450145047263813
1203,13.942342565638816,0.4363233140870917
1204,13.916138197799675,0.427621704523048
1205,13.88985400976567,0.41890988353603187
1206,13.863490178380209,0.4101880589008558
1207,13.837046881217075,0.4014564386605106
1208,13.810524296582624,0.39271523112131
1209,13.783922603517999,0.3839646448480241
1210,13.757241981801421,0.37520488865900886
1211,13.730482611950483,0.3664361716213176
1212,13.703644675224554,0.3576587030458166
1213,13.67672835362714,0.3488726924822784
1214,13.649733829908369,0.3400783497144758
1215,13.622661287567498,0.3312758847552647
1216,13.595510910855449,0.3224655078416573
1217,13.568282884777462,0.31364742942989415
1218,13.540977395095712,0.30482186019049634
1219,13.513594628332028,0.2959890110033177
1220,13.486134771770676,0.2871490929525905
1221,13.45859801346117,0.27830231732195754
1222,13.430984542221164,0.2694488955895024
1223,13.403294547639355,0.2605890394227664
1224,13.375528220078516,0.25172296067376426
1225,13.347685750678528,0.2428508713739876
1226,13.31976733135949,0.23397298372940314
1227,13.291773154824902,0.2250895101154445
1228,13.263703414564933,0.21620066307199937
1229,13.235558304859671,0.20730665529837983
1230,13.207338020782537,0.19840769964830027
1231,13.179042758203703,0.18950400912483678
1232,13.150672713793613,0.1805957968753877
1233,13.122228085026547,0.1716832761866233
1234,13.093709070184282,0.162766660479431
1235,13.065115868359815,0.15384616330385542
1236,13.036448679461147,0.14492199833403024
1237,13.007707704215163,0.1359943793631031
1238,12.978893144171579,0.12706352029815954
1239,12.950005201706983,0.1181296351551372
1240,12.921044080028945,0.10919293805373627
1241,12.892009983180213,0.10025364321232486
1242,12.86290311604296,0.09131196494283239
1243,12.833723684343216,0.08236811764565294
1244,12.804471894655242,0.07342231580452324
1245,12.775147954406139,0.06447477398141514
1246,12.745752071880448,0.05552570681140976
1247,12.716284456224892,0.046575328997573044
1248,12.686745317453196,0.03762385530582427
1249,12.657134866451006,0.02867150055980138
1250,12.627453314980936,0.01971847963572409
1251,12.597700875687659,0.010765007457245183
1252,12.567877762103157,0.001811298990306237
1253,12.537984188652043,-0.007142430762015995
1254,12.508020370657038,-0.016095966764662274
1255,12.477986524344475,-0.025049093955756267
1256,12.447882866850016,-0.034001597251762515
1257,12.417709616224405,-0.04295326155265547
1258,12.3874669914394,-0.051903871747088645
1259,12.35715521239377,-0.06085321271756995
1260,12.326774499919454,-0.06980106934563796
1261,12.296325075787854,-0.07874722651703848
1262,12.265807162716198,-0.08769146912691277
1263,12.235220984374127,-0.09663358208497749
1264,12.204566765390332,-0.1055733503207156
1265,12.173844731359358,-0.114510558788569
1266,12.143055108848579,-0.12344499247312742
1267,12.112198125405287,-0.13237643639432436
1268,12.081274009563915,-0.14130467561263862
1269,12.050282990853443,-0.1502294952342894
1270,12.019225299804942,-0.15915068041644084
1271,11.988101167959279,-0.1680680163724025
1272,11.956910827874973,-0.17698128837683685
1273,11.92565451313623,-0.18589028177096392
1274,11.894332458361147,-0.19479478196776878
1275,11.862944899210051,-0.20369457445721492
1276,11.831492072394068,-0.21258944481144953
1277,11.79997421568385,-0.22147917869001604
1278,11.76839156791847,-0.23036356184506668
1279,11.736744369014513,-0.23924238012657684
1280,11.705032859975393,-0.24811541948755458
1281,11.673257282900789,-0.2569824659892606
1282,11.641417880996375,-0.26584330580641774
1283,11.609514898583702,-0.2746977252324254
1284,11.577548581110282,-0.28354551068457856
1285,11.545519175159939,-0.2923864487092765
1286,11.51342692846331,-0.30122032598724224
1287,11.481272089908623,-0.3100469293387367
1288,11.449054909552714,-0.31886604572876714
1289,11.416775638632238,-0.3276774622723048
1290,11.38443452957514,-0.3364809662394969
1291,11.35203183601238,-0.3452763450608772
1292,11.31956781278991,-0.3540633863325773
1293,11.287042715980906,-0.36284187782153565
1294,11.254456802898275,-0.3716116074707056
1295,11.221810332107404,-0.38037236340426345
1296,11.189103563439236,-0.38912393393281214
1297,11.156336758003581,-0.3978661075585874
1298,11.123510178202755,-0.40659867298065683
1299,11.090624087745503,-0.4153214191001217
1300,11.057678751661218,-0.42403413502531595
1301,11.024674436314507,-0.43273661007699754
1302,10.991611409420024,-0.44142863379354913
1303,10.958489940057687,-0.45010999593616213
1304,10.925310298688201,-0.45878048649402864
1305,10.892072757168943,-0.4674398956895254
1306,10.858777588770153,-0.47608801398340017
1307,10.825425068191564,-0.484724632079947
1308,10.792015471579337,-0.4933495409321862
1309,10.758549076543432,-0.5019625317470334
1310,10.725026162175295,-0.5105633959904755
1311,10.691447009066012,-0.5191519253927334
1312,10.657811899324852,-0.5277279119534234
1313,10.624121116598223,-0.5362911479467178
1314,10.590374946089032,-0.5448414259265021
1315,10.556573674576537,-0.5533785387315217
1316,10.52271759043663,-0.561902279490529
1317,10.488806983662554,-0.5704124416274291
1318,10.454842145886165,-0.5789088188664113
1319,10.42082337039958,-0.5873912052370872
1320,10.386750952177419,-0.595859395079616
1321,10.3526251878995,-0.6043131830498293
1322,10.318446375974096,-0.6127523641243472
1323,10.284214816561706,-0.6211767336056911
1324,10.249930811599372,-0.6295860871273938
1325,10.215594664825616,-0.6379802206590973
1326,10.181206681805865,-0.6463589305116528
1327,10.146767169958558,-0.6547220133422106
1328,10.112276438581866,-0.6630692661592994
1329,10.077734798880957,-0.67140048632791
1330,10.043142563995973,-0.679715471574568
1331,10.008500049030667,-0.6880140199923961
1332,9.973807571081698,-0.6962959300461742
1333,9.939065449268634,-0.704561000577394
1334,9.904274004764666,-0.7128090308093028
1335,9.869433560828059,-0.7210398203519428
1336,9.834544442834368,-0.7292531692071842
1337,9.799606978309402,-0.7374488777737486
1338,9.764621496963018,-0.7456267468522266
1339,9.729588330723708,-0.7537865776500874
1340,9.694507813774022,-0.7619281717866823
1341,9.659380282586904,-0.7700513312982363
1342,9.624206075962825,-0.7781558586428377
1343,9.588985535067902,-0.7862415567054144
1344,9.553719003472924,-0.7943082288027054
1345,9.518406827193349,-0.8023556786882211
1346,9.483049354730252,-0.8103837105571987
1347,9.44764693711235,-0.8183921290515455
1348,9.412199927939005,-0.826380739264776
1349,9.37670868342436,-0.8343493467469368
1350,9.341173562442531,-0.8422977575095271
1351,9.305594926573944,-0.8502257780304073
1352,9.269973140152846,-0.8581332152586976
1353,9.234308570316022,-0.8660198766196677
1354,9.198601587052725,-0.8738855700196176
1355,9.16285256325587,-0.8817301038507489
1356,9.127061874774544,-0.8895532869960258
1357,9.091229900467871,-0.8973549288340233
1358,9.05535702226021,-0.9051348392437721
1359,9.019443625197821,-0.9128928286095849
1360,8.983490097506962,-0.9206287078258781
1361,8.947496830653508,-0.9283422883019794
1362,8.91146421940408,-0.936033381966929
1363,8.875392661888823,-0.9437018012742632
1364,8.839282559665763,-0.9513473592067934
1365,8.803134317786862,-0.958969869281374
1366,8.76694834486586,-0.9665691455536498
1367,8.73072505314784,-0.9741450026228041
1368,8.69446485858066,-0.9816972556362873
1369,8.658168180888289,-0.9892257202945363
1370,8.621835443646066,-0.9967302128556825
1371,8.585467074358002,-1.0042105501402467
1372,8.549063504536123,-1.0116665495358226
1373,8.512625169781977,-1.0190980290017477
1374,8.476152509870303,-1.0265048070737604
1375,8.439645968834991,-1.0338867028686483
1376,8.40310599505737,-1.0412435360888794
1377,8.366533041356888,-1.0485751270272237
1378,8.329927565084278,-1.05588129657136
1379,8.293290028217301,-1.0631618662084699
1380,8.256620897459069,-1.0704166580298191
1381,8.219920644339153,-1.077645494735325
1382,8.183189745317422,-1.0848481996381105
1383,8.14642868189082,-1.092024596669045
1384,8.109637940703085,-1.0991745103812693
1385,8.072818013657587,-1.1062977659547097
1386,8.035969398033261,-1.113394189200577
1387,7.999092596603878,-1.120463606565847
1388,7.962188117760647,-1.1275058451377364
1389,7.925256475638292,-1.1345207326481535
1390,7.888298190244766,-1.1415080974781397
1391,7.851313787594616,-1.148467768662297
1392,7.814303799846201,-1.1553995758931968
1393,7.7772687654428125,-1.1623033495257795
1394,7.740209229257975,-1.1691789205817298
1395,7.7031257427448105,-1.1760261207538487
1396,7.6660188640898586,-1.1828447824103983
1397,7.628889158371338,-1.1896347385994384
1398,7.591737197722025,-1.1963958230531457
1399,7.554563561496958,-1.2031278701921153
1400,7.51736883644603,-1.2098307151296488
1401,7.480153616891735,-1.216504193676025
1402,7.442918504912173,-1.2231481423427528
1403,7.405664110529473,-1.229762398346813
1404,7.368391051903918,-1.2363467996148731
1405,7.331099955533786,-1.2429011847875016
1406,7.293791456461306,-1.2494253932233474
1407,7.256466198484769,-1.255919265003318
1408,7.219124834377095,-1.262382640934728
1409,7.18176802611102,-1.2688153625554408
1410,7.1443964450911865,-1.2752172721379842
1411,7.1070107723932825,-1.2815882126936569
1412,7.069611699010592,-1.2879280279766094
1413,7.032199926108075,-1.2942365624879146
1414,6.994776165284361,-1.3005136614796142
1415,6.957341138841855,-1.3067591709587505
1416,6.919895580065206,-1.312972937691381
1417,6.882440233508533,-1.3191548092065735
1418,6.84497585529163,-1.3253046338003804
1419,6.807503213405482,-1.331422260539799
1420,6.770023088027404,-1.33750753926671
1421,6.732536271846185,-1.3435603206017985
1422,6.695043570397516,-1.3495804559484585
1423,6.657545802410129,-1.3555677974966727
1424,6.620043800162999,-1.361522198226877
1425,6.582538409853979,-1.367443511913808
1426,6.545030491980288,-1.3733315931303258
1427,6.507520921731296,-1.3791862972512212
1428,6.470010589393982,-1.3850074804570016
1429,6.432500400771576,-1.3907949997376599
1430,6.394991277615846,-1.3965487128964174
1431,6.357484158073427,-1.402268478553455
1432,6.319979997146852,-1.4079541561496172
1433,6.28247976717067,-1.4136056059501008
1434,6.244984458303233,-1.4192226890481208
1435,6.207495079034789,-1.4248052673685558
1436,6.170012656712321,-1.4303532036715747
1437,6.132538238081863,-1.4358663615562404
1438,6.095072889848858,-1.441344605464095
1439,6.057617699257203,-1.4467878006827224
1440,6.020173774687694,-1.4521958133492916
1441,5.982742246276531,-1.4575685104540754
1442,5.945324266554615,-1.4629057598439532
1443,5.907921011108401,-1.4682074302258876
1444,5.870533679263035,-1.473473391170382
1445,5.83316349478868,-1.4787035131149158
1446,5.795811706630709,-1.48389766736736
1447,5.758479589664779,-1.4890557261093669
1448,5.721168445477582,-1.4941775623997415
1449,5.683879603174224,-1.4992630501777888
1450,5.646614420213173,-1.5043120642666412
1451,5.609374283269807,-1.5093244803765598
1452,5.572160609129472,-1.5143001751082186
1453,5.534974845611251,-1.5192390259559616
1454,5.497818472523418,-1.5241409113110391
1455,5.460693002651718,-1.5290057104648234
1456,5.423599982781666,-1.5338333036119969
1457,5.386540994756046,-1.5386235718537222
1458,5.349517656568796,-1.5433763972007861
1459,5.312531623496621,-1.5480916625767212
1460,5.2755845892695294,-1.552769251820907
1461,5.238678287281777,-1.557409049691643
1462,5.2018144918444404,-1.5620109418692016
1463,5.164995019481174,-1.5665748149588554
1464,5.128221730268442,-1.5711005564938851
1465,5.0914965292218755,-1.5755880549385577
1466,5.0548213677301534,-1.5800371996910854
1467,5.01819824503801,-1.5844478810865585
1468,4.981629209779913,-1.5888199903998568
1469,4.945116361566082,-1.5931534198485318
1470,4.9086618526224255,-1.597448062595671
1471,4.872267889486102,-1.601703812752733
1472,4.835936734758346,-1.6059205653823614
1473,4.799670708916336,-1.6100982165011715
1474,4.763472192185726,-1.6142366630825151
1475,4.727343626475638,-1.6183358030592183
1476,4.6912875173777895,-1.6223955353262953
1477,4.655306436231492,-1.6264157597436415
1478,4.619403022256299,-1.6303963771386916
1479,4.58357998475386,-1.6343372893090626
1480,4.547840105380722,-1.638238399025168
1481,4.512186240493722,-1.642099610032807
1482,4.476621323569441,-1.6459208270557253
1483,4.441148367699313,-1.6497019557981567
1484,4.405770468161757,-1.6534429029473343
1485,4.370490805072618,-1.6571435761759785
1486,4.335312646115209,-1.660803884144757
1487,4.3002393493509,-1.6644237365047236
1488,4.26527436611126,-1.6680030438997244
1489,4.2304212439723505,-1.671541717968786
1490,4.1956836298117715,-1.6750396713484705
1491,4.161065272948634,-1.6784968176752104
1492,4.126570028366461,-1.6819130715876127
1493,4.09220186001862,-1.6852883487287396
1494,4.0579648442156495,-1.6886225657483613
1495,4.023863173093247,-1.6919156403051845
1496,3.9899011581594865,-1.6951674910690526
1497,3.9560832339190584,-1.69837803772312
1498,3.922413961571985,-1.7015472009659978
1499,3.8888980327834473,-1.70467490251388
1500,3.8555402735208752,-1.7077610651026305
1501,3.8223456479534503,-1.710805612489859
1502,3.78931926240854,-1.713808469456953
1503,3.7564663693785025,-1.716769561811099
1504,3.7237923715703594,-1.719688816387263
1505,3.691302825989697,-1.7225661610501557
1506,3.659003448048945,-1.72540152469616
1507,3.6269001156888474,-1.7281948372552383
1508,3.594998873500523,-1.7309460296928134
1509,3.563305936834012,-1.7336550340116115
1510,3.531827695877333,-1.7363217832534938
1511,3.5005707196885587,-1.7389462115012473
1512,3.4695417601612557,-1.7415282538803534
1513,3.4387477559016535,-1.7440678465607296
1514,3.4081958359937445,-1.7465649267584424
1515,3.3778933236260316,-1.7490194327373916
1516,3.3478477395513595,-1.7514313038109681
1517,3.318066805348499,-1.7538004803436844
1518,3.288558446451516,-1.7561269037527738
1519,3.2593307949100385,-1.758410516509768
1520,3.2303921918406533,-1.760651262142039
1521,3.201751189526582,-1.7628490852343188
1522,3.1734165531196235,-1.7650039314301906
1523,3.1453972618954027,-1.7671157474335457
1524,3.1177025100094458,-1.7691844810100206
1525,3.0903417066988443,-1.7712100809884015
1526,3.0633244758708504,-1.7731924972619992
1527,3.0366606550170814,-1.7751316807899988
1528,3.0103602933889206,-1.7770275835987803
1529,2.984433649367378,-1.778880158783208
1530,2.9588911869582835,-1.7806893605078948
1531,2.9337435713417723,-1.7824551440084369
1532,2.9090016634038482,-1.7841774655926195
1533,2.8846765131766436,-1.7858562826415927
1534,2.8607793521141436,-1.7874915536110232
1535,2.8373215841305113,-1.7890832380322095
1536,2.8143147753298527,-1.7906312965131779
1537,2.7917706423586215,-1.792135690739742
1538,2.769701039315587,-1.7935963834765374
1539,2.748117943159204,-1.7950133385680251
1540,2.727033437558293,-1.7963865209394694
1541,2.7064596951397717,-1.797715896597882
1542,2.686408958096416,-1.7990014326329422
1543,2.6668935171283223,-1.8002430972178867
1544,2.6479256887043876,-1.8014408596103655
1545,2.6295177906442495,-1.8025946901532768
1546,2.61168211603706,-1.8037045602755666
1547,2.594430905530868,-1.804770442493002
1548,2.5777763180455344,-1.8057923104089146
1549,2.5617303999825234,-1.8067701387149164
1550,2.5463050530264733,-1.8077039031915825
1551,2.531512000656235,-1.8085935807091076
1552,2.517362753506066,-1.809439149227934
1553,2.503868573741674,-1.8102405877993486
1554,2.491040438638825,-1.8109978765660526
1555,2.4788890035755147,-1.8117109967626952
1556,2.4674245646704067,-1.8123799307163893
1557,2.4566570213205883,-1.8130046618471893
1558,2.446595838909989,-1.813585174668541
1559,2.4372500119752147,-1.8141214547877047
1560,2.4286280281279193,-1.8146134889061467
1561,2.420737833041664,-1.8150612648199025
1562,2.413586796815495,-1.8154647714199084
1563,2.407181682026679,-1.8158239986923086
1564,2.4015286137801017,-1.816138937718727
1565,2.396633052052149,-1.8164095806765126
1566,2.392499766611849,-1.816635920838957
1567,2.3891328147823607,-1.8168179525754782
1568,2.386535522281078,-1.8169556713517787
1569,2.38471046734735,-1.8170490737299712
1570,2.383659468333717,-1.8170981573686786
1571,2.383383574899676,-1.8171029210230998
1572,2.38388306290758,-1.81706336454505
1573,2.38515743307873,-1.8169794888829702
1574,2.3872054134249305,-1.816851296081905
1575,2.390024965427822,-1.8166787892834546
1576,2.393613293895831,-1.8164619727256948
1577,2.3979668603875246,-1.8162008517430694
1578,2.4030814000513567,-1.8158954327662504
1579,2.408951941696053,-1.815545723321971
1580,2.415572830873678,-1.8151517320328283
1581,2.4229377557295266,-1.8147134686170576
1582,2.431039775349573,-1.814230943888275
1583,2.439871350317831,-1.8137041697551932
1584,2.449424375182477,-1.813133159221305
1585,2.4596902125213354,-1.81251792638454
1586,2.470659728293851,-1.8118584864368903
1587,2.48232332816806,-1.8111548556640078
1588,2.4946709945168415,-1.8104070514447719
1589,2.507692323787483,-1.8096150922508247
1590,2.521376563961909,-1.8087789976460842
1591,2.5357126518413002,-1.8078987882862187
1592,2.550689249907745,-1.806974485918101
1593,2.5662947825363065,-1.8060061133792271
1594,2.5825174713531363,-1.8049936945971066
1595,2.5993453695585185,-1.803937254588626
1596,2.6167663950571196,-1.8028368194593822
1597,2.6347683622613682,-1.8016924164029842
1598,2.6533390124570304,-1.80050407370033
1599,2.6724660426422737,-1.799271820718849
1600,2.6921371327730124,-1.7979956879117192
1601,2.712339971367219,-1.7966757068170562
1602,2.73306227943963,-1.7953119100570671
1603,2.754291832755234,-1.793904331337183
1604,2.776016482405319,-1.7924530054451555
1605,2.7982241737236704,-1.7909579682501302
1606,2.8209029635723573,-1.789419256701687
1607,2.8440410360370576,-1.787836908828852
1608,2.8676267165805918,-1.7862109637390848
1609,2.8916484847106267,-1.7845414616172288
1610,2.916094985223255,-1.7828284437244408
1611,2.9409550380887124,-1.7810719523970882
1612,2.9662176470488726,-1.779272031045615
1613,2.991872006998233,-1.777428724153383
1614,3.0179075102214394,-1.7755420772754864
1615,3.044313751560769,-1.7736121370375288
1616,3.0710805325865547,-1.7716389511343793
1617,3.0981978648425845,-1.769622568328899
1618,3.1256559722369905,-1.7675630384506367
1619,3.1534452926470733,-1.7654604123944977
1620,3.1815564788041812,-1.7633147421193838
1621,3.2099803985221707,-1.7611260806468025
1622,3.2387081343300026,-1.7588944820594545
1623,3.267730982566203,-1.7566200014997864
1624,3.297040451989616,-1.7543026951685161
1625,3.3266282619578886,-1.751942620323132
1626,3.3564863402217804,-1.7495398352763663
1627,3.3866068203804867,-1.747094399394632
1628,3.4169820390398224,-1.7446063730964423
1629,3.44760453271225,-1.7420758178507925
1630,3.4784670344948005,-1.7395027961755216
1631,3.509562470558008,-1.7368873716356408
1632,3.5408839564764576,-1.734229608841637
1633,3.5724247934288007,-1.7315295734477485
1634,3.6041784642928176,-1.7287873321502083
1635,3.636138629658607,-1.726002952685471
1636,3.6682991237810953,-1.7231765038283964
1637,3.7006539504907323,-1.720308055390419
1638,3.7331972790795236,-1.7173976782176854
1639,3.7659234401777675,-1.7144454441891612
1640,3.798826921635162,-1.7114514262147147
1641,3.831902364418503,-1.708415698233172
1642,3.8651445585366546,-1.7053383352103455
1643,3.898548439002488,-1.7022194131370327
1644,3.93210908183983,-1.6990590090269926
1645,3.9658217001428553,-1.6958572009148891
1646,3.999681640194032,-1.6926140678542134
1647,4.033684377646018,-1.6893296899151777
1648,4.067825513771961,-1.6860041481825772
1649,4.102100771787936,-1.6826375247536343
1650,4.136505993250723,-1.6792299027358075
1651,4.171037134533233,-1.6757813662445813
1652,4.20569026337963,-1.6722920004012238
1653,4.240461555541574,-1.6687618913305182
1654,4.275347291496495,-1.665191126158476
1655,4.310343853248614,-1.6615797930100107
1656,4.3454477212129,-1.6579279810065974
1657,4.380655471181932,-1.6542357802638996
1658,4.41596377137535,-1.6505032818893706
1659,4.451369379571339,-1.6467305779798327
1660,4.4868691403193495,-1.642917761619026
1661,4.522459982233159,-1.6390649268751334
1662,4.558138915363125,-1.6351721687982816
1663,4.593903028646427,-1.6312395834180116
1664,4.62974948743392,-1.627267267740731
1665,4.665675531092209,-1.6232553197471324
1666,4.701678470679341,-1.6192038383895961
1667,4.737755686692679,-1.6151129235895558
1668,4.773904626887116,-1.6109826762348507
1669,4.810122804162171,-1.6068131981770468
1670,4.84640779451618,-1.6026045922287289
1671,4.882757235065782,-1.59835696216078
1672,4.9191688221291745,-1.5940704126996228
1673,4.955640309371234,-1.5897450495244454
1674,4.992169506008883,-1.5853809792643974
1675,5.028754275074924,-1.5809783094957632
1676,5.06539253173873,-1.5765371487391122
1677,5.102082241682003,-1.572057606456423
1678,5.138821419528039,-1.5675397930481823
1679,5.175608127322837,-1.5629838198504626
1680,5.212440473066409,-1.5583897991319744
1681,5.249316609292772,-1.5537578440910926
1682,5.2862347316970855,-1.5490880688528628
1683,5.32319307780834,-1.5443805884659811
1684,5.360189925706266,-1.5396355188997506
1685,5.397223592780883,-1.5348529770410146
1686,5.434292434533373,-1.5300330806910671
1687,5.471394843416887,-1.5251759485625407
1688,5.508529247715979,-1.5202817002762663
1689,5.5456941104633115,-1.5153504563581166
1690,5.582887928392493,-1.5103823382358217
1691,5.620109230925678,-1.5053774682357624
1692,5.657356579194869,-1.5003359695797445
1693,5.694628565095752,-1.495257966381744
1694,5.731923810372888,-1.490143583644636
1695,5.769240965735274,-1.4849929472568952
1696,5.806578710001146,-1.4798061839892809
1697,5.843935749271108,-1.4745834214914917
1698,5.881310816128512,-1.4693247882888054
1699,5.918702668866242,-1.4640304137786915
1700,5.956110090738883,-1.458700428227405
1701,5.993531889239524,-1.4533349627665564
1702,6.030966895400214,-1.4479341493896605
1703,6.068413963115311,-1.4424981209486658
1704,6.105871968486965,-1.4370270111504575
1705,6.143339809191868,-1.4315209545533445
1706,6.180816403868655,-1.4259800865635206
1707,6.218300691525097,-1.4204045434315082
1708,6.255791630964523,-1.4147944622485789
1709,6.293288200230767,-1.409149980943152
1710,6.330789396070941,-1.403471238277176
1711,6.3682942334154635,-1.3977583738424866
1712,6.405801744874811,-1.3920115280571435
1713,6.44331098025225,-1.386230842161749
1714,6.480821006072153,-1.3804164582157448
1715,6.51833090512328,-1.3745685190936887
1716,6.555839776016534,-1.368687168481512
1717,6.593346732756682,-1.3627725508727564
1718,6.630850904327578,-1.3568248115647896
1719,6.66835143429038,-1.350844096655005
1720,6.705847480394396,-1.3448305530369973
1721,6.743338214200071,-1.3387843283967207
1722,6.78082282071365,-1.3327055712086286
1723,6.818300498033262,-1.3265944307317936
1724,6.855770457005902,-1.320451057006005
1725,6.893231920895001,-1.3142756008478547
1726,6.93068412505822,-1.3080682138467956
1727,6.968126316635136,-1.301829048361187
1728,7.005557754244429,-1.2955582575143203
1729,7.042977707690336,-1.2892559951904243
1730,7.080385457677976,-1.2829224160306552
1731,7.117780295537324,-1.2765576754290646
1732,7.155161522955485,-1.2701619295285527
1733,7.192528451717024,-1.2637353352168026
1734,7.229880403452087,-1.2572780501221947
1735,7.2672167093920335,-1.2507902326097065
1736,7.304536710132334,-1.2442720417767932
1737,7.341839755402551,-1.2377236374492484
1738,7.379125203843021,-1.2311451801770559
1739,7.41639242278825,-1.2245368312302118
1740,7.453640788056576,-1.2178987525945402
1741,7.4908696837460145,-1.2112311069674861
1742,7.528078502036071,-1.2045340577538945
1743,7.565266642995329,-1.19780776906177
1744,7.602433514394561,-1.1910524056980243
1745,7.639578531525322,-1.1842681331642002
1746,7.676701117023691,-1.1774551176521868
1747,7.713800700699103,-1.1706135260399146
1748,7.75087671936809,-1.1637435258870346
1749,7.787928616692729,-1.1568452854305815
1750,7.824955843023678,-1.1499189735806254
1751,7.8619578552477165,-1.1429647599158992
1752,7.898934116639517,-1.1359828146794193
1753,7.935884096717612,-1.128973308774085
1754,7.9728072711043945,-1.1219364137582677
1755,8.009703121390046,-1.11487230184138
1756,8.04657113500024,-1.1077811458794327
1757,8.0834108050675,-1.1006631193705774
1758,8.120221630306142,-1.093518396450632
1759,8.157003114890662,-1.0863471518885945
1760,8.193754768337447,-1.0791495610821393
1761,8.230476105389737,-1.0719258000531036
1762,8.267166645905714,-1.064676045442955
1763,8.303825914749648,-1.0574004745082493
1764,8.340453441685996,-1.0500992651160705
1765,8.37704876127636,-1.042772595739459
1766,8.413611412779197,-1.0354206454528276
1767,8.45014094005227,-1.0280435939273624
1768,8.48663689145763,-1.0206416214264113
1769,8.523098819769247,-1.0132149088008553
1770,8.55952628208297,-1.0057636374844765
1771,8.595918839728968,-0.9982879894893009
1772,8.632276058186433,-0.9907881474009391
1773,8.668597507000547,-0.9832642943739073
1774,8.70488275970163,-0.9757166141269393
1775,8.741131393726366,-0.9681452909382875
1776,8.777342990341156,-0.9605505096410055
1777,8.813517134567384,-0.9529324556182266
1778,8.849653415108682,-0.9452913147984237
1779,8.885751424280006,-0.9376272736506642
1780,8.921810757938612,-0.9299405191798451
1781,8.957831015416758,-0.9222312389219249
1782,8.99381179945613,-0.9144996209391371
1783,9.029752716143951,-0.9067458538151979
1784,9.065653374850694,-0.898970126650502
1785,9.101513388169417,-0.8911726290573028
1786,9.137332371856575,-0.8833535511548877
1787,9.173109944774376,-0.8755130835647398
1788,9.208845728834538,-0.8676514174056894
1789,9.244539348943459,-0.8597687442890579
1790,9.28019043294883,-0.8518652563137838
1791,9.315798611587434,-0.8439411460615509
1792,9.351363518434383,-0.835996606591895
1793,9.38688478985352,-0.8280318314373071
1794,9.422362064949079,-0.8200470145983257
1795,9.457794985518534,-0.8120423505386191
1796,9.493183196006568,-0.8040180341800598
1797,9.528526343460253,-0.7959742608977848
1798,9.563824077485204,-0.7879112265152555
1799,9.599076050202871,-0.779829127299303
1800,9.63428191620888,-0.7717281599551626
1801,9.669441332532333,-0.7636085216215055
1802,9.704553958596096,-0.7554704098654591
1803,9.739619456178087,-0.7473140226776158
1804,9.774637489373424,-0.7391395584670417
1805,9.809607724557523,-0.7309472160562691
1806,9.844529830350064,-0.7227371946762859
1807,9.8794034775798,-0.7145096939615152
1808,9.914228339250219,-0.7062649139447883
1809,9.949004090506005,-0.6980030550523088
1810,9.983730408600287,-0.6897243180986117
1811,10.018406972862653,-0.6814289042815154
1812,10.053033464667953,-0.6731170151770602
1813,10.087609567405762,-0.6647888527344507
1814,10.122134966450611,-0.6564446192709819
1815,10.15660934913288,-0.6480845174669649
1816,10.19103240471038,-0.6397087503606437
1817,10.225403824340605,-0.6313175213431026
1818,10.259723301053565,-0.622911034153175
1819,10.293990529725333,-0.6144894928723373
1820,10.328205207052095,-0.6060531019196073
1821,10.362367031524899,-0.5976020660464243
1822,10.396475703404906,-0.5891365903315335
1823,10.43053092469923,-0.5806568801758621
1824,10.464532399137335,-0.5721631412973864
1825,10.498479832147936,-0.5636555797260012
1826,10.532372930836447,-0.5551344017983776
1827,10.566211403962948,-0.5465998141528172
1828,10.599994961920611,-0.5380520237241044
1829,10.633723316714653,-0.5294912377383497
1830,10.667396181941713,-0.5209176637078322
1831,10.701013272769716,-0.5123315094258385
1832,10.734574305918198,-0.5037329829614924
1833,10.768078999639043,-0.49512229265458363
1834,10.80152707369765,-0.48649964711039445
1835,10.83491824935453,-0.47786525519451944
1836,10.8682522493473,-0.4692193260276827
1837,10.901528797873068,-0.46056206898055235
1838,10.93474762057123,-0.4518936936685488
1839,10.967908444506596,-0.4432144099466552
1840,11.00101099815295,-0.4345244279042181
1841,11.034055011376902,-0.4258239578597505
1842,11.06704021542212,-0.4171132103557323
1843,11.099966342893945,-0.4083923961534007
1844,11.132833127744266,-0.39966172622754687
1845,11.165640305256765,-0.39092141176130635
1846,11.198387612032478,-0.3821716641409471
1847,11.23107478597566,-0.37341269495065577
1848,11.263701566279948,-0.3646447159673219
1849,11.296267693414855,-0.35586793915532
1850,11.328772909112475,-0.3470825766612931
1851,11.361216956354577,-0.3382888408089286
1852,11.393599579359888,-0.32948694409373747
1853,11.425920523571685,-0.32067709917783194
1854,11.458179535645655,-0.3118595188846984
1855,11.490376363438008,-0.3030344161939712
1856,11.522510755993796,-0.2942020042362118
1857,11.554582463535548,-0.28536249628767707
1858,11.586591237452126,-0.27651610576508895
1859,11.618536830287779,-0.2676630462204111
1860,11.650418995731465,-0.2588035313356174
1861,11.68223748860637,-0.24993777491746397
1862,11.713992064859685,-0.24106599089225905
1863,11.745682481552544,-0.23218839330063548
1864,11.777308496850212,-0.22330519629232085
1865,11.808869870012469,-0.21441661412090898
1866,11.840366361384177,-0.20552286113863252
1867,11.871797732386073,-0.19662415179113477
1868,11.903163745505717,-0.18772070061224239
1869,11.934464164288643,-0.17881272221874306
1870,11.965698753329725,-0.16990043130515406
1871,11.996867278264649,-0.16098404263850535
1872,12.027969505761636,-0.15206377105311145
1873,12.05900520351327,-0.14313983144535547
1874,12.089974140228556,-0.1342124387684647
1875,12.120876085625088,-0.1252818080272947
1876,12.151710810421406,-0.11634815427311367
1877,12.182478086329496,-0.10741169259838726
1878,12.213177686047462,-0.0984726381315646
1879,12.243809383252321,-0.08953120603187112
1880,12.274372952592968,-0.08058761148409772
1881,12.304868169683258,-0.07164206969339741
1882,12.335294811095268,-0.06269479588008019
1883,12.365652654352623,-0.053746005274417426
1884,12.395941477924074,-0.04479591311143652
1885,12.426161061217092,-0.035844734625731255
1886,12.456311184571627,-0.02689268504627259
1887,12.486391629254038,-0.017939979591213216
1888,12.516402177451086,-0.008986833462707957
1889,12.546342612264063,-3.346184173141076e-05
1890,12.576212717703072,0.008919920117103115
1891,12.60601227868139,0.01787309729071711
1892,12.635741081009932,0.02682585459273567
1893,12.665398911391845,0.03577797697865441
1894,12.694985557417244,0.04472924945100593
1895,12.72450080755799,0.053679457064516364
1896,12.753944451162585,0.06262838493125678
1897,12.783316278451215,0.07157581822579658
1898,12.81261608051086,0.08052154219035017
1899,12.841843649290478,0.0894653421399136
1900,12.870998777596316,0.09840700346740248
1901,12.90008125908733,0.10734631164878515
1902,12.92909088827065,0.1162830522482066
1903,12.958027460497153,0.1252170109231086
1904,12.986890771957148,0.13414797342934798
1905,13.015680619676116,0.1430757256263059
1906,13.044396801510539,0.15200005348199216
1907,13.073039116143825,0.16092074307814505
1908,13.101607363082305,0.16983758061532472
1909,13.130101342651315,0.17875035241800363
1910,13.158520855991325,0.18765884493964222
1911,13.186865705054213,0.19656284476777272
1912,13.215135692599503,0.20546213862905885
1913,13.243330622190815,0.21435651339436987
1914,13.271450298192262,0.22324575608382946
1915,13.299494525764986,0.23212965387186982
1916,13.327463110863738,0.24100799409227347
1917,13.355355860233535,0.24988056424321206
1918,13.383172581406379,0.2587471519922753
1919,13.410913082698023,0.26760754518149216
1920,13.438577173204859,0.27646153183235256
1921,13.466164662800772,0.28530890015081006
1922,13.493675362134136,0.2941494385322847
1923,13.521109082624841,0.30298293556665984
1924,13.548465636461373,0.3118091800432649
1925,13.575744836597972,0.3206279609558599
1926,13.602946496751803,0.3294390675075993
1927,13.63007043140022,0.33824228911599896
1928,13.657116455778086,0.34703741541789296
1929,13.684084385875114,0.35582423627437715
1930,13.710974038433289,0.36460254177575085
1931,13.737785230944322,0.37337212224644656
1932,13.76451778164716,0.3821327682499509
1933,13.791171509525563,0.39088427059372144
1934,13.817746234305675,0.39962642033408735
1935,13.844241776453718,0.40835900878115133
1936,13.87065795717367,0.4170818275036735
1937,13.896994598405005,0.4257946683339495
1938,13.923251522820493,0.43449732337268326
1939,13.949428553824013,0.443189584993842
1940,13.975525515548462,0.4518712458495148
1941,14.001542232853634,0.46054209887474973
1942,14.027478531324192,0.46920193729238563
1943,14.053334237267666,0.47785055461787906
1944,14.079109177712464,0.4864877446641103
1945,14.104803180405991,0.49511330154619626
1946,14.130416073812707,0.5037270196862761
1947,14.15594768711232,0.5123286938182994
1948,14.181397850197937,0.5209181189927976
1949,14.206766393674304,0.529495090581649
1950,14.23205314885604,0.5380594042828296
1951,14.25725794776594,0.5466108561251573
1952,14.282380623133298,0.5551492424730253
1953,14.307421008392252,0.5636743600311219
1954,14.332378937680163,0.5721860058491418
1955,14.35725424583607,0.5806839773264907
1956,14.38204676839909,0.5891680722169678
1957,14.406756341606934,0.5976380886334512
1958,14.431382802394387,0.60609382505256
1959,14.455925988391874,0.614535080319314
1960,14.480385737924005,0.6229616536517795
1961,14.504761890008197,0.6313733446457023
1962,14.52905428435326,0.6397699532791296
1963,14.553262761358067,0.6481512799170197
1964,14.577387162110245,0.6565171253158487
1965,14.60142732838485,0.6648672906281891
1966,14.625383102643097,0.6732015774072904
1967,14.649254328031144,0.6815197876116459
1968,14.673040848378832,0.6898217236095396
1969,14.696742508198502,0.6981071881835901
1970,14.720359152683832,0.7063759845352775
1971,14.743890627708655,0.7146279162894598
1972,14.767336779825875,0.7228627874988777
1973,14.790697456266303,0.731080402648641
1974,14.813972504937635,0.7392805666607157
1975,14.837161774423327,0.7474630848983804
1976,14.860265113981614,0.7556277631706897
1977,14.88328237354444,0.7637744077369072
1978,14.90621340371648,0.7719028253109391
1979,14.929058055774167,0.7800128230657462
1980,14.951816181664688,0.7881042086377434
1981,14.974487634005113,0.7961767901311992
1982,14.9970722660814,0.8042303761225983
1983,15.01956993184753,0.8122647756650138
1984,15.041980485924622,0.8202797982924545
1985,15.064303783600046,0.8282752540241981
1986,15.086539680826574,0.8362509533691169
1987,15.108688034221556,0.8442067073299848
1988,15.130748701066093,0.8521423274077723
1989,15.152721539304254,0.8600576256059325
1990,15.174606407542257,0.8679524144346625
1991,15.19640316504773,0.8758265069151623
1992,15.21811167174894,0.88367971658387
1993,15.239731788234087,0.8915118574966967
1994,15.261263375750518,0.8993227442332267
1995,15.282706296204088,0.9071121919009243
1996,15.304060412158424,0.9148800161393132
1997,15.325325586834257,0.9226260331241465
1998,15.346501684108738,0.9303500595715576
1999,15.367588568514822,0.9380519127422089
2000,15.388586105240604,0.9457314104454098
2001,15.409494160128697,0.953388371043231
2002,15.430312599675629,0.9610226134546014
2003,15.451041291031212,0.9686339571593846
2004,15.471680101997997,0.9762222222024531
2005,15.492228901030677,0.9837872291977358
2006,15.512687557235507,0.9913287993322518
2007,15.533055940369787,0.998846754370139
2008,15.553333920841288,1.0063409166566548
2009,15.573521369707745,1.013811109122171
2010,15.593618158676344,1.0212571552861491
2011,15.613624160103178,1.0286788792610972
2012,15.633539246992793,1.0360761057565222
2013,15.653363292997666,1.0434486600828516
2014,15.673096172417772,1.0507963681553567
2015,15.69273776020006,1.058119056498041
2016,15.712287931938052,1.0654165522475327
2017,15.731746563871374,1.0726886831569469
2018,15.751113532885313,1.0799352775997377
2019,15.77038871651039,1.0871561645735324
2020,15.789571992921951,1.0943511737039524
2021,15.80866324093976,1.1015201352484179
2022,15.827662340027583,1.1086628800999343
2023,15.846569170292815,1.1157792397908617
2024,15.865383612486081,1.1228690464966733
2025,15.88410554800086,1.1299321330396908
2026,15.902734858873126,1.1369683328928069
2027,15.921271427781006,1.143977480183199
2028,15.939715138044377,1.1509594096960054
2029,15.958065873624584,1.1579139568780117
2030,15.976323519124062,1.1648409578412984
2031,15.994487959786026,1.1717402493668854
2032,16.01255908149414,1.1786116689083528
2033,16.03053677077222,1.1854550545954503
2034,16.04842091478389,1.1922702452376817
2035,16.066211401332318,1.1990570803278817
2036,16.083908118859917,1.2058154000457728
2037,16.101510956448053,1.2125450452615019
2038,16.11901980381673,1.2192458575391594
2039,16.1364345513244,1.2259176791402917
2040,16.153755089967596,1.2325603530273816
2041,16.17098131138075,1.2391737228673225
2042,16.188113107835886,1.2457576330348683
2043,16.205150372242393,1.2523119286160742
2044,16.222092998146774,1.258836455411709
2045,16.238940879732407,1.2653310599406606
2046,16.255693911819325,1.271795589443319
2047,16.272351989863964,1.278229891884941
2048,16.288915009958956,1.2846338159589978
2049,16.30538286883291,1.2910072110905084
2050,16.321755463850202,1.2973499274393503
2051,16.338032693010753,1.303661815903556
2052,16.354214454949844,1.3099427281225897
2053,16.37030064893791,1.3161925164806079
2054,16.386291174880363,1.3224110341097033
2055,16.40218593331737,1.3285981348931226
2056,16.417984825423712,1.3347536734684806
2057,16.433687753008563,1.340877505230939
2058,16.449294618515324,1.3469694863363804
2059,16.464805325021494,1.3530294737045647
2060,16.480219776238457,1.3590573250222562
2061,16.495537876511325,1.3650528987463373
2062,16.51075953081879,1.3710160541069112
2063,16.525884644772997,1.3769466511103816
2064,16.540913124619323,1.3828445505425029
2065,16.555844877236296,1.3887096139714314
2066,16.57067981013542,1.3945417037507466
2067,16.585417831461037,1.4003406830224532
2068,16.600058849990212,1.4061064157199714
2069,16.61460277513257,1.4118387665711016
2070,16.62904951693019,1.4175376011009753
2071,16.643398986057473,1.4232027856349847
2072,16.65765109382098,1.428834187301688
2073,16.6718057521594,1.4344316740357201
2074,16.685862873643366,1.439995114580649
2075,16.69982237147533,1.4455243784918361
2076,16.713684159489514,1.4510193361392758
2077,16.72744815215175,1.456479858710412
2078,16.741114264559396,1.461905818212933
2079,16.75468241244124,1.4672970874775557
2080,16.76815251215739,1.4726535401607839
2081,16.781524480699172,1.4779750507476483
2082,16.79479823568904,1.48326149455443
2083,16.807973695380518,1.4885127477313662
2084,16.82105077865803,1.4937286872653261
2085,16.834029405036926,1.4989091909824879
2086,16.846909494663294,1.5040541375509717
2087,16.85969096831394,1.5091634064834742
2088,16.872373747396274,1.5142368781398683
2089,16.884957753948264,1.5192744337297965
2090,16.897442910638343,1.5242759553152374
2091,16.909829140765336,1.5292413258130522
2092,16.922116368258397,1.5341704289975142
2093,16.934304517676924,1.5390631495028184
2094,16.946393514210513,1.543919372825572
2095,16.95838328367888,1.5487389853272626
2096,16.97027375253181,1.5535218742367134
2097,16.982064847849067,1.5582679276525062
2098,16.99375649734037,1.5629770345454013
2099,17.005348629345328,1.5676490847607238
2100,17.016841172833356,1.5722839690207366
2101,17.02823405740366,1.576881578926992
2102,17.039527213285158,1.5814418069626657
2103,17.05072057133644,1.585964546494866
2104,17.06181406304571,1.590449691776928
2105,17.07280762053076,1.5948971379506887
2106,17.08370117653889,1.5993067810487318
2107,17.09449466444689,1.6036785179966286
2108,17.105188018260982,1.6080122466151447
2109,17.11578117261679,1.6123078656224383
2110,17.12627406277929,1.616565274636227
2111,17.13666662464278,1.6207843741759422
2112,17.14695879473082,1.6249650656648622
2113,17.15715051019622,1.6291072514322238
2114,17.167241708821006,1.633210834715314
2115,17.177232329016363,1.6372757196615433
2116,17.187122309822602,1.6413018113304927
2117,17.196911590909156,1.6452890156959497
2118,17.206600112574527,1.6492372396479171
2119,17.21618781574625,1.6531463909946034
2120,17.225674641980895,1.657016378464397
2121,17.23506053346399,1.6608471117078072
2122,17.244345433010054,1.6646385012994063
2123,17.25352928406252,1.6683904587397265
2124,17.262612030693735,1.6721028964571585
2125,17.271593617604918,1.6757757278098102
2126,17.280473990126158,1.679408867087365
2127,17.28925309421638,1.6830022295128997
2128,17.29793087646333,1.6865557312447
2129,17.30650728408353,1.6900692893780382
2130,17.314982264922296,1.6935428219469442
2131,17.323355767453684,1.6969762479259503
2132,17.33162774078049,1.700369487231812
2133,17.339798134634233,1.7037224607252182
2134,17.34786689937512,1.7070350902124682
2135,17.355833985992053,1.710307298447139
2136,17.3636993461026,1.7135390091317226
2137,17.371462931952962,1.7167301469192502
2138,17.379124696418,1.719880637414892
2139,17.38668459300117,1.7229904071775346
2140,17.394142575834568,1.726059383721347
2141,17.401498599678863,1.729087495517309
2142,17.4087526199233,1.7320746719947346
2143,17.415904592585708,1.7350208435427663
2144,17.42295447431247,1.7379259415118515
2145,17.4299022223785,1.7407898982151964
2146,17.43674779468727,1.7436126469302027
2147,17.443491149770757,1.746394121899876
2148,17.450132246789448,1.749134258334217
2149,17.45667104553235,1.7518329924116023
2150,17.463107506416957,1.7544902612801248
2151,17.469441590489254,1.7571060030589252
2152,17.475673259423683,1.7596801568395015
2153,17.48180247552317,1.7622126626869954
2154,17.487829201719112,1.764703461641462
2155,17.49375340157133,1.7671524957191072
2156,17.499575039268098,1.7695597079135166
2157,17.505294079626136,1.771925042196862
2158,17.510910488090587,1.7742484435210775
2159,17.516424230735023,1.7765298578190225
2160,17.52183527426142,1.778769232005623
2161,17.52714358600017,1.7809665139789883
2162,17.53234913391008,1.7831216526215103
2163,17.53745188657835,1.7852345978009405
2164,17.542451813220545,1.7873053003714383
2165,17.54734888368066,1.789333712174619
2166,17.552143068431032,1.7913197860405514
2167,17.5568343385724,1.7932634757887627
2168,17.561422665833863,1.7951647362291998
2169,17.56590802257288,1.7970235231631833
2170,17.57029038177529,1.7988397933843374
2171,17.574569717055265,1.8006135046794915
2172,17.57874600265534,1.8023446158295697
2173,17.58281921344639,1.8040330866104552
2174,17.586789324927626,1.8056788777938302
2175,17.590656313226617,1.8072819511480054
2176,17.594420155099243,1.8088422694387132
2177,17.598080827929724,1.8103597964298903
2178,17.6016383097306,1.8118344968844358
2179,17.60509257914273,1.8132663365649493
2180,17.608443615435295,1.8146552822344442
2181,17.611691398505773,1.8160013016570433
2182,17.614835908879964,1.8173043635986512
2183,17.617877127711953,1.8185644378276058
2184,17.620815036784133,1.8197814951153108
2185,17.623649618507198,1.8209555072368417
2186,17.626380855920125,1.8220864469715359
2187,17.629008732690178,1.8231742881035577
2188,17.631533233112894,1.8242190054224432
2189,17.633954342112094,1.8252205747236239
2190,17.636272045239885,1.8261789728089313
2191,17.638486328676617,1.827094177487072
2192,17.640597179230923,1.8279661675740946
2193,17.64260458433969,1.8287949228938232
2194,17.644508532068055,1.8295804242782725
2195,17.64630901110941,1.8303226535680464
2196,17.648006010785394,1.8310215936127148
2197,17.649599521045893,1.8316772282711584
2198,17.651089532469022,1.8322895424119061
2199,17.652476036261117,1.8328585219134401
2200,17.653759024256768,1.8333841536644904
2201,17.65493848891877,1.8338664255642942
2202,17.656014423338142,1.8343053265228504
2203,17.65698682123412,1.8347008464611332
2204,17.657855676954135,1.8350529763113037
2205,17.65862098547382,1.8353617080168843
2206,17.65928274239702,1.8356270345329249
2207,17.65984094395577,1.8358489498261403
2208,17.66029558701029,1.8360274488750212
2209,17.66064666904896,1.8361625276699325
2210,17.660894188188358,1.8362541832131942
2211,17.66103814317323,1.8363024135191248
2212,17.661078533376482,1.8363072176140809
2213,17.66101535879919,1.8362685955364593
2214,17.66084862007056,1.8361865483366913
2215,17.660578318447975,1.8360610780772073
2216,17.66020445581693,1.8358921878323824
2217,17.65972703469107,1.8356798816884614
2218,17.659146058212166,1.8354241647434633
2219,17.658461530150106,1.8351250431070574
2220,17.65767345490291,1.8347825239004305
2221,17.6567818374967,1.834396615256124
2222,17.65578668358569,1.8339673263178433
2223,17.6546879994522,1.8334946672402628
2224,17.65348579200664,1.8329786491887967
2225,17.652180068787516,1.8324192843393545
2226,17.65077083796139,1.8318165858780688
2227,17.649258108322908,1.8311705680010097
2228,17.64764188929478,1.8304812459138706
2229,17.64592219092776,1.8297486358316353
2230,17.644099023900672,1.8289727549782293
2231,17.64217239952036,1.8281536215861376
2232,17.640142329721712,1.8272912548960125
2233,17.63800882706767,1.826385675156259
2234,17.63577190474916,1.825436903622588
2235,17.63343157658515,1.8244449625575598
2236,17.6309878570226,1.8234098752301022
2237,17.62844076113647,1.8223316659150048
2238,17.625790304629728,1.8212103598924005
2239,17.623036503833323,1.8200459834472138
2240,17.62017937570617,1.818838563868594
2241,17.61721893783518,1.8175881294493323
2242,17.614155208435214,1.8162947094852453
2243,17.610988206349095,1.8149583342745468
2244,17.607717951047597,1.8135790351171979
2245,17.604344462629438,1.8121568443142277
2246,17.600867761821267,1.8106917951670425
2247,17.597287869977674,1.8091839219767134
2248,17.59360480908117,1.807633260043231
2249,17.589818601742177,1.8060398456647497
2250,17.58592927119904,1.8044037161368132
2251,17.58193684131799,1.8027249097515459
2252,17.577841336593174,1.8010034657968368
2253,17.573642782146614,1.7992394245554921
2254,17.56934120372822,1.7974328273043714
2255,17.564936627715788,1.7955837163135038
2256,17.560429081114968,1.7936921348451804
2257,17.5558185915593,1.7917581271530272
2258,17.551105187310174,1.7897817384810548
2259,17.546288897256822,1.7877630150626858
2260,17.541369750916346,1.7857020041197695
2261,17.536347778433672,1.783598753861565
2262,17.531223010581588,1.7814533134837083
2263,17.525995478760684,1.7792657331671577
2264,17.520665214999415,1.7770360640771226
2265,17.515232251954043,1.7747643583619608
2266,17.509696622908642,1.772450669152064
2267,17.504058361775122,1.7700950505587174
2268,17.498317503093187,1.7676975576729415
2269,17.492474082030363,1.7652582465643136
2270,17.486528134381985,1.762777174279763
2271,17.480479696571177,1.7602543988423465
2272,17.47432880564888,1.7576899792500131
2273,17.46807549929383,1.7550839754743306
2274,17.46171981581255,1.752436448459206
2275,17.45526179413937,1.7497474601195775
2276,17.448701473836415,1.7470170733400865
2277,17.442038895093603,1.7442453519737338
2278,17.435274098728634,1.7414323608405033
2279,17.428407126187007,1.7385781657259802
2280,17.421438019542023,1.7356828333799386
2281,17.414366821494788,1.73274643151491
2282,17.407193575374187,1.7297690288047303
2283,17.39991832513691,1.7267506948830662
2284,17.392541115367436,1.723691500341925
2285,17.38506199127809,1.7205915167301449
2286,17.377480998708965,1.7174508165518476
2287,17.369798184127976,1.714269473264893
2288,17.362013594630863,1.7110475612793008
2289,17.354127277941206,1.7077851559556585
2290,17.34613928241038,1.704482333603491
2291,17.338049657017613,1.7011391714796367
2292,17.32985845136999,1.6977557477865857
2293,17.321565715702416,1.694332141670793
2294,17.31317150087769,1.6908684332209922
2295,17.304675858386457,1.687364703466465
2296,17.296078840347267,1.683821034375306
2297,17.287380499506536,1.6802375088526613
2298,17.27858088923861,1.676614210738948
2299,17.26968006354573,1.6729512248080478
2300,17.26067807705809,1.6692486367654928
2301,17.251574985033788,1.6655065332466155
2302,17.242370843358938,1.6617250018146936
2303,17.233065708547596,1.6579041309590625
2304,17.223659637741815,1.6540440100932112
2305,17.21415268871168,1.6501447295528637
2306,17.204544919855277,1.6462063805940295
2307,17.194836390198784,1.6422290553910457
2308,17.18502715939642,1.6382128470345867
2309,17.175117287730526,1.634157849529667
2310,17.165106836111548,1.6300641577936108
2311,17.15499586607808,1.6259318676540104
2312,17.144784439796904,1.6217610758466612
2313,17.134472620062976,1.617551880013478
2314,17.124060470299508,1.6133043787003913
2315,17.113548054557953,1.6090186713552193
2316,17.102935437518067,1.6046948583255274
2317,17.09222268448791,1.6003330408564604
2318,17.081409861403927,1.5959333210885622
2319,17.070497034830925,1.5914958020555674
2320,17.05948427196216,1.5870205876821812
2321,17.048371640619358,1.582507782781834
2322,17.03715920925275,1.5779574930544173
2323,17.025847046941102,1.573369825084
2324,17.0144352233918,1.568744886336528
2325,17.002923808940853,1.5640827851575005
2326,16.99131287455295,1.559383630769625
2327,16.979602491821534,1.5546475332704606
2328,16.967792732968814,1.5498746036300317
2329,16.955883670845843,1.5450649536884298
2330,16.943875378932567,1.5402186961533928
2331,16.93176793133787,1.5353359445978618
2332,16.919561402799644,1.5304168134575256
2333,16.907255868684842,1.5254614180283395
2334,16.89485140498955,1.5204698744640304
2335,16.88234808833905,1.5154422997735764
2336,16.869745995987863,1.510378811818667
2337,16.857045205819826,1.5052795293111492
2338,16.84424579634821,1.5001445718104598
2339,16.831347846715712,1.494974059721016
2340,16.81835143669459,1.4897681142896144
2341,16.805256646686736,1.484526857602794
2342,16.79206355772372,1.4792504125841779
2343,16.77877225146691,1.4739389029918148
2344,16.765382810207537,1.468592453415477
2345,16.751895316866786,1.4632111892739577
2346,16.738309854995897,1.457795236812342
2347,16.72462650877624,1.4523447230992577
2348,16.710845363019427,1.4468597760241149
2349,16.696966503167406,1.4413405242943156
2350,16.68299001529256,1.4357870974324534
2351,16.66891598609782,1.4301996257734912
2352,16.654744502916746,1.4245782404619192
2353,16.640475653713683,1.4189230734488973
2354,16.626109527083837,1.4132342574893773
2355,16.6116462122534,1.4075119261392013
2356,16.597085799079693,1.4017562137521948
2357,16.58242837805126,1.3959672554772267
2358,16.567674040288026,1.39014518725526
2359,16.552822877541377,1.38429014581638
2360,16.53787498219436,1.3784022686768065
2361,16.522830447261768,1.3724816941358853
2362,16.507689366390323,1.3665285612730675
2363,16.492451833858787,1.3605430099448579
2364,16.47711794457813,1.3545251807817602
2365,16.461687794091677,1.3484752151851935
2366,16.446161478575267,1.3423932553243951
2367,16.430539094837435,1.3362794441333077
2368,16.41482074031954,1.3301339253074396
2369,16.399006513095962,1.323956843300715
2370,16.38309651187426,1.317748343322306
2371,16.36709083599538,1.3115085713334462
2372,16.350989585433805,1.3052376740442184
2373,16.33479286079775,1.2989357989103374
2374,16.31850076332939,1.2926030941299083
2375,16.30211339490501,1.2862397086401685
2376,16.285630858035237,1.2798457921142066
2377,16.26905325586523,1.2734214949576723
2378,16.252380692174903,1.266966968305466
2379,16.235613271379172,1.2604823640184128
2380,16.21875109852811,1.2539678346799068
2381,16.201794279307247,1.2474235335925579
2382,16.18474292003776,1.240849614774805
2383,16.16759712767673,1.2342462329575214
2384,16.150357009817384,1.2276135435805968
2385,16.133022674689354,1.2209517027895085
2386,16.115594231158926,1.214260867431869
2387,16.098071788729314,1.2075411950539605
2388,16.080455457540907,1.2007928438972524
2389,16.062745348371596,1.1940159728949025
2390,16.04494157263699,1.1872107416682354
2391,16.027044242390772,1.1803773105232152
2392,16.009053470324947,1.1735158404468882
2393,15.990969369770164,1.1666264931038188
2394,15.972792054696031,1.159709430832506
2395,15.95452163971142,1.1527648166417819
2396,15.936158240064804,1.1457928142071947
2397,15.917701971644597,1.1387935878673798
2398,15.899152950979474,1.1317673026204025
2399,15.880511295238719,1.1247141241200955
2400,15.8617771222326,1.1176342186723773
2401,15.84295055041272,1.1105277532315527
2402,15.824031698872382,1.1033948953965973
2403,15.805020687346982,1.096235813407427
2404,15.7859176362144,1.0890506761411531
2405,15.766722666495374,1.0818396531083154
2406,15.74743589985394,1.0746029144491094
2407,15.72805745859782,1.0673406309295843
2408,15.708587465678859,1.0600529739378406
2409,15.689026044693456,1.0527401154801972
2410,15.669373319882997,1.0454022281773527
2411,15.649629416134314,1.0380394852605266
2412,15.629794458980177,1.0306520605675926
2413,15.60986857459971,1.0232401285391808
2414,15.589851889818917,1.01580386421478
2415,15.569744532111157,1.0083434432288179
2416,15.549546629597655,1.000859041806727
2417,15.529258311048022,0.9933508367609942
2418,15.508879705880766,0.9858190054871971
2419,15.488410944163835,0.978263725960024
2420,15.467852156615164,0.9706851767292778
2421,15.44720347460325,0.9630835369158717
2422,15.426465030147693,0.9554589862077976
2423,15.40563695591982,0.9478117048560937
2424,15.38471938524325,0.9401418736707885
2425,15.36371245209451,0.9324496740168288
2426,15.342616291103674,0.9247352878100031
2427,15.32143103755498,0.9169988975128402
2428,15.30015682738747,0.9092406861304957
2429,15.278793797195686,0.901460837206632
2430,15.257342084230304,0.8936595348192712
2431,15.235801826398873,0.8858369635766467
2432,15.214173162266468,0.8779933086130286
2433,15.192456231056443,0.8701287555845448
2434,15.170651172651143,0.8622434906649825
2435,15.148758127592673,0.854337700541578
2436,15.126777237083656,0.8464115724107938
2437,15.104708642988006,0.838465293974079
2438,15.082552487831727,0.830499053433615
2439,15.060308914803729,0.8225130394880554
2440,15.03797806775666,0.8145074413282435
2441,15.015560091207739,0.8064824486329201
2442,14.993055130339648,0.7984382515644205
2443,14.970463331001367,0.7903750407643505
2444,14.947784839709126,0.7822930073492603
2445,14.925019803647274,0.7741923429062939
2446,14.902168370669266,0.7660732394888352
2447,14.87923068929856,0.7579358896121327
2448,14.856206908729654,0.7497804862489202
2449,14.833097178829012,0.7416072228250131
2450,14.80990165013615,0.7334162932149065
2451,14.786620473864616,0.7252078917373478
2452,14.76325380190308,0.7169822131509049
2453,14.739801786816383,0.7087394526495157
2454,14.71626458184666,0.7004798058580316
2455,14.69264234091446,0.6922034688277463
2456,14.668935218619863,0.6839106380319073
2457,14.645143370243686,0.6756015103612253
2458,14.621266951748625,0.6672762831193603
2459,14.597306119780532,0.6589351540184081
2460,14.573261031669597,0.6505783211743641
2461,14.549131845431623,0.642205983102577
2462,14.52491871976935,0.633818338713203
2463,14.500621814073721,0.6254155873066278
2464,14.476241288425248,0.616997928568895
2465,14.45177730359538,0.6085655625671137
2466,14.427230021047894,0.6001186897448603
2467,14.402599602940303,0.5916575109175602
2468,14.377886212125336,0.5831822272678728
2469,14.35309001215239,0.5746930403410481
2470,14.32821116726904,0.5661901520402861
2471,14.303249842422602,0.5576737646220805
2472,14.278206203261687,0.5491440806915515
2473,14.25308041613779,0.5406013031977652
2474,14.227872648106942,0.532045635429049
2475,14.202583066931362,0.5234772810082905
2476,14.177211841081158,0.5148964438882275
2477,14.151759139736063,0.5063033283467318
2478,14.126225132787186,0.49769813898207504
2479,14.100609990838842,0.4890810807081945
2480,14.07491388521037,0.48045235874993997
2481,14.04913698793797,0.4718121786383089
2482,14.023279471776679,0.4631607462056876
2483,13.997341510202295,0.45449826758106576
2484,13.971323277413328,0.44582494918524646
2485,13.945224948333069,0.4371409977260506
2486,13.919046698611625,0.42844662019350654
2487,13.892788704628055,0.41974202385503695
2488,13.86645114349249,0.4110274162506286
2489,13.84003419304835,0.40230300518800066
2490,13.813538031874534,0.3935689987377535
2491,13.786962839287751,0.3848256052285233
2492,13.760308795344818,0.37607303324211677
2493,13.733576080845005,0.3673114916086364
2494,13.706764877332509,0.35854118940160934
2495,13.679875367098854,0.3497623359330902
2496,13.652907733185444,0.3409751407487709
2497,13.625862159386111,0.33217981362307336
2498,13.59873883024974,0.32337656455423963
2499,13.571537931082897,0.31456560375940407
2500,13.54425964795261,0.30574714166967487
2501,13.516904167689058,0.29692138892518516
2502,13.489471677888469,0.28808855637015895
2503,13.461962366915966,0.2792488550479525
2504,13.434376423908512,0.27040249619609796
2505,13.406714038777906,0.2615496912413331
2506,13.378975402213856,0.25269065179463157
2507,13.351160705687054,0.2438255896462134
2508,13.323270141452404,0.23495471676056404
2509,13.295303902552249,0.2260782452714353
2510,13.267262182819652,0.21719638747684075
2511,13.2391451768818,0.2083093558340479
2512,13.210953080163442,0.1994173629545639
2513,13.182686088890371,0.1905206215991076
2514,13.15434440009302,0.18161934467258412
2515,13.125928211610121,0.17271374521904995
2516,13.097437722092414,0.1638040364166684
2517,13.068873131006438,0.15489043157266225
2518,13.040234638638418,0.14597314411826132
2519,13.011522446098208,0.13705238760364127
2520,12.98273675532332,0.12812837569285762
2521,12.953877769083027,0.1192013221587767
2522,12.924945690982565,0.11027144087799566
2523,12.895940725467405,0.10133894582576218
2524,12.866863077827613,0.09240405107088655
2525,12.837712954202301,0.08346697077064978
2526,12.808490561584158,0.07452791916570302
2527,12.779196107824102,0.06558711057496935
2528,12.749829801635975,0.056644759390530285
2529,12.720391852601377,0.047701080072518144
2530,12.690882471174582,0.03875628714399736
2531,12.661301868687547,0.02981059518584228
2532,12.631650257355037,0.02086421883161405
2533,12.60192785027983,0.011917372762425311
2534,12.572134861458057,0.0029702717018111158
2535,12.542271505784626,-0.005976869589412111
2536,12.51233799905877,-0.014923836318288102
2537,12.482334557989718,-0.023870413664864594
2538,12.45226140020244,-0.03281638678734634
2539,12.422118744243562,-0.04176154082724532
2540,12.39190680958736,-0.05070566091453913
2541,12.361625816641881,-0.05964853217283103
2542,12.331275986755234,-0.0685899397245111
2543,12.300857542221953,-0.07752966869592355
2544,12.270370706289519,-0.08646750422253471
2545,12.239815703165013,-0.09540323145410516
2546,12.209192758021901,-0.10433663555986414
2547,12.178502097006966,-0.11326750173368627
2548,12.147743947247372,-0.12219561519927119
2549,12.116918536857892,-0.13112076121532362
2550,12.086026094948258,-0.14004272508073923
2551,12.055066851630684,-0.14896129213979048
2552,12.02404103802755,-0.15787624778731196
2553,11.99294888627922,-0.1667873774738921
2554,11.961790629552056,-0.17569446671106353
2555,11.930566502046567,-0.184597301076494
2556,11.89927673900576,-0.19349566621918293
2557,11.867921576723624,-0.2023893478646562
2558,11.836501252553816,-0.2112781318201644
2559,11.805016004918553,-0.22016180397987545
2560,11.773466073317651,-0.22904015033007763
2561,11.741851698337774,-0.23791295695437611
2562,11.710173121661866,-0.24678001003889366
2563,11.678430586078798,-0.2556410958774717
2564,11.6466243354932,-0.26449600087687036
2565,11.614754614935542,-0.2733445115619662
2566,11.58282167057234,-0.2821864145809616
2567,11.550825749716708,-0.29102149671057514
2568,11.518767100839016,-0.29984954486125054
2569,11.486645973577836,-0.3086703460823542
2570,11.454462618751114,-0.31748368756737516
2571,11.422217288367582,-0.32628935665912495
2572,11.389910235638402,-0.33508714085493646
2573,11.357541714989077,-0.3438768278118614
2574,11.325111982071602,-0.35265820535186915
2575,11.292621293776866,-0.3614310614670438
2576,11.260069908247402,-0.3701951843247728
2577,11.227458084890294,-0.3789503622729476
2578,11.194786084390447,-0.38769638384515237
2579,11.162054168724115,-0.3964330377658549
2580,11.129262601172746,-0.40516011295559506
2581,11.096411646337101,-0.41387739853617134
2582,11.063501570151702,-0.42258468383582565
2583,11.030532639899585,-0.4312817583944277
2584,10.997505124227384,-0.43996841196865333
2585,10.964419293160772,-0.44864443453716085
2586,10.931275418120153,-0.45730961630577277
2587,10.898073771936842,-0.46596374771264093
2588,10.864814628869498,-0.4746066194334191
2589,10.831498264620931,-0.4832380223864318
2590,10.79812495635534,-0.4918577477378354
2591,10.764694982715879,-0.5004655869067796
2592,10.731208623842631,-0.5090613315705658
2593,10.697666161391032,-0.5176447736697971
2594,10.664067878550629,-0.5262157054135327
2595,10.630414060064322,-0.5347739192844295
2596,10.596704992248013,-0.5433192080438884
2597,10.56294096301072,-0.5518513647371899
2598,10.529122261875113,-0.5603701826986294
2599,10.495249179998575,-0.5688754555566439
2600,10.461322010194667,-0.5773669772389423
2601,10.427341046955172,-0.58584454197762
2602,10.393306586472551,-0.5943079443142797
2603,10.35921892666299,-0.6027569791051396
2604,10.325078367189962,-0.6111914415261382
2605,10.290885209488296,-0.6196111270780364
2606,10.25663975678885,-0.6280158315915129
2607,10.22234231414371,-0.6364053512322544
2608,10.187993188452035,-0.6447794825060386
2609,10.153592688486466,-0.653138022263812
