turn,time_sigma_ns,Q1
0,11.817433296947582,-0.0034819873759514616
1,11.817437052920614,-0.0034817052451051856
2,11.817441098551432,-0.003481398944067894
3,11.817445433819172,-0.0034810684747739913
4,11.817450058701745,-0.0034807138392573185
5,11.817454973175835,-0.003480335039651851
6,11.817460177216908,-0.003479932078190929
7,11.817465670799201,-0.0034795049572076886
8,11.817471453895733,-0.00347905367913498
9,11.817477526478283,-0.003478578246505696
10,11.81748388851742,-0.0034780786619519263
11,11.817490539982487,-0.0034775549282057092
12,11.817497480841602,-0.003477007048098139
13,11.817504711061664,-0.003476435024560516
14,11.817512230608337,-0.003475838860623608
15,11.817520039446073,-0.0034752185594175244
16,11.817528137538103,-0.0034745741241716294
17,11.817536524846432,-0.00347390555821509
18,11.817545201331841,-0.0034732128649767615
19,11.817554166953885,-0.0034724960479847423
20,11.817563421670906,-0.0034717551108662844
21,11.81757296544003,-0.0034709900573480753
22,11.817582798217135,-0.00347020089125692
23,11.817592919956901,-0.0034693876165182488
24,11.817603330612785,-0.003468550237156805
25,11.817614030137024,-0.0034676887572964695
26,11.817625018480634,-0.0034668031811607046
27,11.817636295593395,-0.003465893513072474
28,11.8176478614239,-0.003464959757453064
29,11.817659715919499,-0.0034640019188235498
30,11.817671859026317,-0.0034630200018042866
31,11.81768429068928,-0.003462014011114313
32,11.81769701085209,-0.0034609839515717736
33,11.817710019457225,-0.0034599298280940474
34,11.817723316445953,-0.0034588516456972394
35,11.817736901758323,-0.0034577494094965816
36,11.81775077533315,-0.003456623124706801
37,11.817764937108063,-0.0034554727966404626
38,11.817779387019451,-0.0034542984307096725
39,11.817794125002496,-0.0034531000324254913
40,11.817809150991163,-0.0034518776073974664
41,11.817824464918198,-0.0034506311613341127
42,11.817840066715146,-0.003449360700042228
43,11.817855956312316,-0.003448066229428137
44,11.817872133638817,-0.0034467477554963773
45,11.817888598622542,-0.0034454052843499857
46,11.817905351190175,-0.0034440388221905786
47,11.81792239126718,-0.003442648375318687
48,11.817939718777808,-0.003441233950133089
49,11.8179573336451,-0.0034397955531313066
50,11.817975235790893,-0.0034383331909089015
51,11.817993425135791,-0.003436846870160552
52,11.818011901599201,-0.003435336597678829
53,11.818030665099336,-0.0034338023803542447
54,11.818049715553165,-0.003432244225176496
55,11.818069052876481,-0.003430662139232466
56,11.818088676983848,-0.0034290561297082136
57,11.818108587788608,-0.0034274262038881545
58,11.81812878520293,-0.0034257723691534436
59,11.818149269137747,-0.0034240946329848706
60,11.818170039502796,-0.003422393002960344
61,11.818191096206602,-0.0034206674867562604
62,11.818212439156486,-0.003418918092146825
63,11.818234068258574,-0.0034171448270037146
64,11.818255983417757,-0.0034153476992975712
65,11.818278184537752,-0.0034135267170958853
66,11.81830067152106,-0.0034116818885641153
67,11.818323444268975,-0.00340981322196577
68,11.81834650268159,-0.0034079207256619798
69,11.818369846657793,-0.003406004408111461
70,11.818393476095261,-0.003404064277871062
71,11.818417390890495,-0.0034021003435941986
72,11.818441590938768,-0.0034001126140325794
73,11.81846607613416,-0.003398101098035333
74,11.818490846369558,-0.003396065804548627
75,11.818515901536637,-0.0033940067426166324
76,11.818541241525882,-0.0033919239213801504
77,11.818566866226583,-0.003389817350077605
78,11.818592775526817,-0.003387687038044896
79,11.81861896931347,-0.0033855329947148926
80,11.818645447472234,-0.003383355229617638
81,11.818672209887598,-0.0033811537523804505
82,11.818699256442859,-0.003378928572727437
83,11.818726587020128,-0.0033766797004794306
84,11.8187542015003,-0.003374407145555203
85,11.818782099763093,-0.003372110917969309
86,11.818810281687016,-0.0033697910278341603
87,11.818838747149409,-0.003367447485357917
88,11.818867496026401,-0.0033650803008461187
89,11.81889652819293,-0.003362689484700977
90,11.818925843522736,-0.0033602750474216116
91,11.818955441888386,-0.003357836999603151
92,11.818985323161249,-0.003355375351937484
93,11.819015487211505,-0.003352890115212795
94,11.819045933908138,-0.0033503813003143714
95,11.819076663118958,-0.003347848918223023
96,11.819107674710576,-0.0033452929800162094
97,11.819138968548417,-0.0033427134968680022
98,11.819170544496728,-0.003340110480048095
99,11.81920240241856,-0.00333748394092282
100,11.819234542175785,-0.0033348338909541726
101,11.81926696362909,-0.0033321603417006862
102,11.819299666637974,-0.0033294633048165812
103,11.81933265106076,-0.0033267427920519836
104,11.81936591675458,-0.0033239988152531205
105,11.819399463575396,-0.003321231386361529
106,11.81943329137798,-0.0033184405174149917
107,11.819467400015938,-0.003315626220546475
108,11.819501789341674,-0.003312788507985237
109,11.819536459206427,-0.00330992739205588
110,11.819571409460256,-0.0033070428851781812
111,11.81960663995204,-0.0033041349998677353
112,11.81964215052949,-0.0033012037487353567
113,11.819677941039131,-0.003298249144487255
114,11.81971401132632,-0.0032952711999247332
115,11.819750361235236,-0.00329226992794473
116,11.81978699060888,-0.0032892453415389695
117,11.819823899289092,-0.0032861974537942047
118,11.819861087116525,-0.003283126277892713
119,11.819898553930678,-0.0032800318271109918
120,11.819936299569862,-0.003276914114821095
121,11.81997432387123,-0.0032737731544895737
122,11.820012626670762,-0.0032706089596777703
123,11.820051207803271,-0.0032674215440416654
124,11.820090067102397,-0.0032642109213321573
125,11.820129204400615,-0.003260977105394665
126,11.820168619529245,-0.0032577201101687335
127,11.820208312318426,-0.0032544399496888593
128,11.820248282597143,-0.0032511366380835326
129,11.820288530193212,-0.0032478101895758245
130,11.820329054933287,-0.003244460618482924
131,11.820369856642865,-0.0032410879392161633
132,11.820410935146276,-0.003237692166281014
133,11.820452290266696,-0.0032342733142768773
134,11.820493921826133,-0.0032308313978974745
135,11.82053582964545,-0.0032273664319297794
136,11.820578013544337,-0.0032238784312553464
137,11.820620473341329,-0.0032203674108492505
138,11.820663208853817,-0.003216833385779973
139,11.820706219898032,-0.003213276371209595
140,11.820749506289044,-0.0032096963823943156
141,11.820793067840775,-0.003206093434683292
142,11.820836904365983,-0.0032024675435197154
143,11.820881015676298,-0.0031988187244391154
144,11.820925401582182,-0.0031951469930711213
145,11.820970061892943,-0.003191452365138358
146,11.821014996416753,-0.0031877348564564372
147,11.821060204960627,-0.0031839944829342697
148,11.821105687330439,-0.003180231260573359
149,11.821151443330917,-0.003176445205468271
150,11.821197472765625,-0.0031726363338070115
151,11.821243775437015,-0.0031688046618691965
152,11.821290351146374,-0.0031649502060276985
153,11.82133719969384,-0.0031610729827485167
154,11.82138432087843,-0.003157173008589409
155,11.821431714498003,-0.0031532503002009117
156,11.821479380349288,-0.0031493048743258824
157,11.821527318227874,-0.003145336747799422
158,11.821575527928212,-0.0031413459375488366
159,11.821624009243607,-0.0031373324605939758
160,11.821672761966234,-0.0031332963340463716
161,11.821721785887137,-0.003129237575109644
162,11.821771080796216,-0.0031251562010795233
163,11.82182064648225,-0.0031210522293432185
164,11.821870482732876,-0.0031169256773799915
165,11.821920589334605,-0.0031127765627605784
166,11.82197096607282,-0.00310860490314734
167,11.822021612731767,-0.0031044107162943816
168,11.82207252909457,-0.003100194020047039
169,11.822123714943219,-0.003095954832342209
170,11.822175170058584,-0.0030916931712078634
171,11.822226894220412,-0.0030874090547630875
172,11.82227888720731,-0.0030831025012187756
173,11.822331148796787,-0.0030787735288756927
174,11.822383678765208,-0.003074422156126738
175,11.822436476887827,-0.00307004840145483
176,11.82248954293877,-0.003065652283434356
177,11.822542876691056,-0.0030612338207298036
178,11.822596477916585,-0.0030567930320963845
179,11.822650346386126,-0.0030523299363802666
180,11.822704481869335,-0.0030478445525180405
181,11.822758884134773,-0.0030433368995360123
182,11.82281355294986,-0.0030388069965515073
183,11.822868488080928,-0.0030342548627714555
184,11.822923689293177,-0.0030296805174935045
185,11.822979156350698,-0.0030250839801052257
186,11.823034889016496,-0.0030204652700834295
187,11.823090887052441,-0.0030158244069955578
188,11.823147150219313,-0.003011161410498271
189,11.823203678276757,-0.003006476300339235
190,11.82326047098336,-0.003001769096353489
191,11.82331752809656,-0.002997039818467601
192,11.823374849372717,-0.0029922884866965247
193,11.823432434567085,-0.0029875151211445987
194,11.82349028343381,-0.002982719742005944
195,11.823548395725947,-0.0029779023695632786
196,11.823606771195443,-0.0029730630241887423
197,11.823665409593158,-0.0029682017263433043
198,11.823724310668847,-0.0029633184965768378
199,11.823783474171176,-0.002958413355528108
200,11.823842899847714,-0.002953486323924427
201,11.823902587444934,-0.0029485374225820173
202,11.823962536708228,-0.0029435666724051037
203,11.82402274738189,-0.0029385740943866823
204,11.824083219209115,-0.002933559709608443
205,11.824143951932033,-0.002928523539239562
206,11.824204945291669,-0.0029234656045378834
207,11.824266199027974,-0.0029183859268489512
208,11.824327712879793,-0.002913284527607104
209,11.824389486584916,-0.002908161428333479
210,11.824451519880027,-0.0029030166506378015
211,11.824513812500742,-0.0028978502162172372
212,11.824576364181588,-0.0028926621468565775
213,11.824639174656022,-0.0028874524644279705
214,11.824702243656425,-0.002882221190890926
215,11.824765570914096,-0.0028769683482925035
216,11.824829156159248,-0.0028716939587671115
217,11.824892999121047,-0.0028663980445356595
218,11.824957099527568,-0.0028610806279065885
219,11.825021457105814,-0.0028557417312752554
220,11.825086071581724,-0.002850381377123642
221,11.825150942680164,-0.0028449995880206777
222,11.825216070124936,-0.0028395963866216884
223,11.825281453638775,-0.002834171795668745
224,11.825347092943343,-0.002828725837990359
225,11.825412987759238,-0.0028232585365017358
226,11.825479137806015,-0.0028177699142032777
227,11.825545542802146,-0.0028122599941824396
228,11.825612202465061,-0.0028067287996122545
229,11.82567911651111,-0.0028011763537521455
230,11.825746284655592,-0.0027956026799472213
231,11.825813706612767,-0.002790007801627966
232,11.825881382095814,-0.00278439174231121
233,11.825949310816878,-0.0027787545255986415
234,11.826017492487043,-0.0027730961751775843
235,11.82608592681634,-0.0027674167148211016
236,11.826154613513754,-0.0027617161683871037
237,11.826223552287226,-0.0027559945598185295
238,11.826292742843638,-0.002750251913143759
239,11.826362184888835,-0.00274448825247574
240,11.826431878127604,-0.002738703602012849
241,11.826501822263728,-0.0027328979860367945
242,11.82657201699989,-0.0027270714289156944
243,11.826642462037771,-0.0027212239551012885
244,11.826713157078006,-0.0027153555891295702
245,11.826784101820186,-0.002709466355621184
246,11.826855295962867,-0.0027035562792808803
247,11.82692673920357,-0.002697625384897688
248,11.82699843123879,-0.0026916736973440214
249,11.827070371763973,-0.002685701241577082
250,11.827142560473547,-0.002679708042637255
251,11.827214997060912,-0.0026736941256485297
252,11.827287681218422,-0.0026676595158190253
253,11.827360612637428,-0.00266160423843959
254,11.827433791008232,-0.0026555283188852124
255,11.827507216020122,-0.0026494317826136395
256,11.827580887361377,-0.0026433146551655398
257,11.82765480471923,-0.0026371769621651563
258,11.8277289677799,-0.0026310187293197202
259,11.82780337622859,-0.0026248399824190544
260,11.827878029749497,-0.0026186407473352356
261,11.82795292802579,-0.0026124210500233446
262,11.828028070739622,-0.002606180916521114
263,11.828103457572134,-0.0025999203729486233
264,11.828179088203465,-0.002593639445507761
265,11.828254962312725,-0.002587338160483283
266,11.828331079578039,-0.0025810165442412634
267,11.828407439676498,-0.0025746746232303687
268,11.82848404228421,-0.0025683124239805465
269,11.828560887076266,-0.0025619299731036035
270,11.828637973726755,-0.002555527297293498
271,11.828715301908762,-0.0025491044233249996
272,11.828792871294382,-0.002542661378054374
273,11.828870681554696,-0.002536198188419572
274,11.8289487323598,-0.002529714881439275
275,11.82902702337879,-0.0025232114842133045
276,11.82910555427977,-0.0025166880239221564
277,11.829184324729857,-0.0025101445278273168
278,11.829263334395145,-0.0025035810232717855
279,11.829342582940782,-0.0024969975376776953
280,11.8294220700309,-0.0024903940985486696
281,11.829501795328637,-0.002483770733468666
282,11.829581758496172,-0.0024771274701012756
283,11.829661959194684,-0.0024704643361904864
284,11.829742397084374,-0.002463781359560428
285,11.829823071824455,-0.0024570785681149957
286,11.829903983073164,-0.0024503559898382344
287,11.829985130487762,-0.002443613652793233
288,11.830066513724532,-0.002436851585123034
289,11.830148132438788,-0.002430069815049667
290,11.83022998628486,-0.0024232683708750057
291,11.83031207491611,-0.0024164472809798288
292,11.830394397984932,-0.002409606573823988
293,11.830476955142748,-0.0024027462779463624
294,11.83055974604001,-0.0023958664219648814
295,11.830642770326218,-0.002388967034575397
296,11.830726027649884,-0.0023820481445534555
297,11.830809517658583,-0.0023751097807521156
298,11.830893239998904,-0.0023681519721035814
299,11.830977194316501,-0.0023611747476174347
300,11.831061380256056,-0.002354178136381971
301,11.83114579746129,-0.0023471621675635016
302,11.83123044557497,-0.0023401268704062593
303,11.831315324238926,-0.0023330722742316966
304,11.831400433094021,-0.0023259984084391667
305,11.831485771780162,-0.0023189053025061065
306,11.831571339936326,-0.0023117929859864505
307,11.831657137200533,-0.002304661488511779
308,11.83174316320985,-0.0022975108397910635
309,11.831829417600414,-0.002290341069609893
310,11.83191590000742,-0.0022831522078306057
311,11.832002610065103,-0.002275944284393155
312,11.832089547406786,-0.0022687173293128907
313,11.83217671166483,-0.002261471372682998
314,11.83226410247067,-0.0022542064446723275
315,11.83235171945481,-0.0022469225755262306
316,11.832439562246813,-0.0022396197955660085
317,11.832527630475326,-0.002232298135188909
318,11.832615923768047,-0.0022249576248686027
319,11.832704441751757,-0.0022175982951543206
320,11.832793184052312,-0.0022102201766705603
321,11.832882150294644,-0.0022028233001175584
322,11.83297134010275,-0.002195407696271362
323,11.833060753099724,-0.0021879733959825846
324,11.833150388907724,-0.002180520430177795
325,11.833240247148005,-0.002173048829857541
326,11.833330327440894,-0.002165558626098229
327,11.83342062940581,-0.0021580498500505824
328,11.83351115266125,-0.0021505225329399745
329,11.833601896824806,-0.00214297670606665
330,11.833692861513168,-0.0021354124008046344
331,11.833784046342105,-0.0021278296486024703
332,11.83387545092649,-0.0021202284809828187
333,11.83396707488028,-0.0021126089295425876
334,11.834058917816535,-0.002104971025952248
335,11.834150979347415,-0.002097314801956191
336,11.834243259084182,-0.002089640289372175
337,11.834335756637199,-0.002081947520091532
338,11.834428471615928,-0.002074236526079015
339,11.834521403628944,-0.0020665073393724754
340,11.834614552283917,-0.0020587599920831646
341,11.834707917187638,-0.0020509945163949468
342,11.834801497946009,-0.002043210944564464
343,11.834895294164037,-0.002035409308921227
344,11.834989305445845,-0.0020275896418671846
345,11.835083531394673,-0.0020197519758770517
346,11.83517797161289,-0.002011896343497013
347,11.835272625701952,-0.0020040227773466435
348,11.835367493262469,-0.001996131310116544
349,11.83546257389416,-0.0019882219745694265
350,11.83555786719587,-0.001980294803540132
351,11.835653372765574,-0.0019723498299343326
352,11.835749090200359,-0.001964387086730434
353,11.835845019096466,-0.0019564066069769877
354,11.835941159049252,-0.0019484084237943397
355,11.836037509653206,-0.001940392570373919
356,11.83613407050195,-0.0019323590799783588
357,11.83623084118827,-0.0019243079859402133
358,11.836327821304051,-0.001916239321663603
359,11.83642501044035,-0.0019081531206225123
360,11.836522408187339,-0.0019000494163624257
361,11.83662001413435,-0.0018919282424980416
362,11.83671782786987,-0.0018837896327142712
363,11.836815848981507,-0.0018756336207667325
364,11.836914077056038,-0.0018674602404803785
365,11.837012511679385,-0.0018592695257499225
366,11.837111152436622,-0.0018510615105397506
367,11.837209998911987,-0.0018428362288835025
368,11.837309050688852,-0.001834593714884803
369,11.837408307349767,-0.0018263340027156719
370,11.837507768476451,-0.0018180571266170284
371,11.837607433649751,-0.0018097631208996042
372,11.8377073024497,-0.0018014520199425004
373,11.837807374455497,-0.0017931238581931457
374,11.8379076492455,-0.0017847786701678534
375,11.838008126397241,-0.0017764164904508558
376,11.838108805487423,-0.001768037353694912
377,11.838209686091918,-0.0017596412946208754
378,11.838310767785773,-0.0017512283480173583
379,11.838412050143221,-0.00174279854874063
380,11.838513532737656,-0.0017343519317150203
381,11.838615215141658,-0.0017258885319322878
382,11.83871709692701,-0.0017174083844507073
383,11.83881917766464,-0.0017089115243971154
384,11.838921456924696,-0.0017003979869642096
385,11.839023934276497,-0.0016918678074125126
386,11.839126609288542,-0.0016833210210692514
387,11.839229481528546,-0.0016747576633276181
388,11.839332550563398,-0.0016661777696478418
389,11.839435815959188,-0.001657581375556498
390,11.839539277281208,-0.0016489685166461029
391,11.839642934093929,-0.001640339228575844
392,11.839746785961045,-0.001631693547070278
393,11.839850832445446,-0.0016230315079197694
394,11.83995507310922,-0.0016143531469807332
395,11.840059507513667,-0.001605658500174505
396,11.84016413521928,-0.0015969476034887432
397,11.840268955785795,-0.0015882204929749835
398,11.840373968772127,-0.0015794772047509505
399,11.840479173736414,-0.0015707177749989891
400,11.840584570236016,-0.0015619422399660427
401,11.840690157827504,-0.0015531506359636727
402,11.840795936066673,-0.0015443429993682585
403,11.840901904508549,-0.001535519366619684
404,11.841008062707346,-0.0015266797742234835
405,11.84111441021654,-0.0015178242587478416
406,11.841220946588821,-0.0015089528568255613
407,11.841327671376101,-0.0015000656051531941
408,11.841434584129534,-0.0014911625404904498
409,11.841541684399498,-0.0014822436996610308
410,11.841648971735614,-0.001473309119551623
411,11.841756445686723,-0.0014643588371124419
412,11.841864105800925,-0.001455392889356291
413,11.841971951625549,-0.001446411313359014
414,11.842079982707173,-0.0014374141462591616
415,11.842188198591609,-0.0014284014252579792
416,11.842296598823923,-0.0014193731876189978
417,11.842405182948436,-0.0014103294706678156
418,11.842513950508701,-0.001401270311792841
419,11.84262290104754,-0.0013921957484436121
420,11.842732034107012,-0.001383105818132265
421,11.842841349228445,-0.00137400055843233
422,11.842950845952423,-0.001364880006978709
423,11.8430605238188,-0.0013557442014671935
424,11.843170382366665,-0.0013465931796560419
425,11.843280421134397,-0.0013374269793636074
426,11.843390639659631,-0.0013282456384693937
427,11.843501037479255,-0.0013190491949142827
428,11.843611614129458,-0.0013098376866986592
429,11.843722369145675,-0.001300611151884371
430,11.843833302062626,-0.0012913696285930577
431,11.843944412414308,-0.0012821131550065003
432,11.844055699733984,-0.0012728417693669285
433,11.844167163554213,-0.001263555509975909
434,11.84427880340682,-0.001254254415195298
435,11.844390618822926,-0.001244938523445931
436,11.844502609332928,-0.0012356078732085529
437,11.84461477446652,-0.0012262625030226662
438,11.84472711375268,-0.00121690245148718
439,11.844839626719684,-0.0012075277572596676
440,11.844952312895089,-0.001198138459057088
441,11.84506517180576,-0.0011887345956543322
442,11.845178202977845,-0.0011793162058856715
443,11.845291405936822,-0.0011698833286421823
444,11.845404780207426,-0.00116043600287498
445,11.84551832531374,-0.0011509742675916918
446,11.845632040779122,-0.0011414981618586449
447,11.845745926126257,-0.0011320077247995274
448,11.845859980877133,-0.0011225029955954358
449,11.845974204553041,-0.0011129840134854667
450,11.846088596674596,-0.0011034508177654146
451,11.846203156761733,-0.0010939034477882273
452,11.846317884333693,-0.0010843419429640293
453,11.84643277890904,-0.0010747663427596393
454,11.846547840005671,-0.0010651766866981575
455,11.846663067140794,-0.0010555730143597228
456,11.846778459830954,-0.001045955365379868
457,11.846894017592012,-0.00103632377945152
458,11.847009739939164,-0.0010266782963227613
459,11.847125626386948,-0.001017018955797369
460,11.84724167644922,-0.0010073457977354849
461,11.847357889639188,-0.0009976588620521547
462,11.847474265469396,-0.0009879581887177501
463,11.847590803451718,-0.0009782438177582556
464,11.847707503097377,-0.0009685157892546084
465,11.84782436391694,-0.0009587741433424984
466,11.84794138542032,-0.0009490189202124373
467,11.84805856711678,-0.0009392501601093724
468,11.848175908514941,-0.0009294679033325327
469,11.84829340912277,-0.0009196721902356316
470,11.848411068447579,-0.0009098630612266728
471,11.848528885996062,-0.0009000405567667304
472,11.848646861274254,-0.0008902047173714539
473,11.84876499378755,-0.0008803555836100383
474,11.848883283040719,-0.0008704931961046217
475,11.849001728537885,-0.0008606175955313102
476,11.849120329782545,-0.0008507288226188543
477,11.849239086277574,-0.0008408269181486872
478,11.849357997525214,-0.0008309119229553936
479,11.849477063027063,-0.0008209838779267166
480,11.849596282284127,-0.0008110428240017449
481,11.849715654796752,-0.0008010888021732015
482,11.849835180064694,-0.000791121853484978
483,11.849954857587097,-0.0007811420190327617
484,11.850074686862463,-0.0007711493399647577
485,11.850194667388692,-0.0007611438574809
486,11.850314798663073,-0.0007511256128322213
487,11.850435080182294,-0.0007410946473209431
488,11.850555511442428,-0.0007310510023006575
489,11.850676091938936,-0.0007209947191763497
490,11.850796821166695,-0.0007109258394031958
491,11.850917698619963,-0.000700844404487583
492,11.851038723792412,-0.0006907504559860048
493,11.851159896177109,-0.00068064403550569
494,11.851281215266528,-0.0006705251847038305
495,11.851402680552564,-0.0006603939452875452
496,11.8515242915265,-0.0006502503590143032
497,11.851646047679044,-0.0006400944676908864
498,11.85176794850032,-0.0006299263131734961
499,11.851889993479864,-0.000619745937367874
500,11.852012182106641,-0.000609553382228744
501,11.852134513869018,-0.0005993486871815353
502,11.852256988248127,-0.0005891318896698305
503,11.852379604711206,-0.0005789030282896186
504,11.852502362711586,-0.0005686621427883214
505,11.85262526168871,-0.0005584092740652207
506,11.852748301068148,-0.000548144464169765
507,11.85287148026157,-0.0005378677563032532
508,11.8529947986668,-0.0005275791948164169
509,11.853118255667802,-0.0005172788252099287
510,11.853241850634683,-0.0005069666941339197
511,11.8533655829237,-0.0004966428493881701
512,11.853489451877268,-0.0004863073399214759
513,11.853613456823975,-0.0004759602158305622
514,11.853737597078599,-0.00046560152836042616
515,11.853861871942087,-0.0004552313299039529
516,11.85398628070159,-0.00044484967400127784
517,11.854110822630442,-0.00043445661534018744
518,11.854235496988196,-0.00042405220975494585
519,11.854360303020625,-0.0004136365142259141
520,11.85448523995972,-0.0004032095868798693
521,11.854610307023712,-0.00039277148698885293
522,11.854735503417064,-0.0003823222749706744
523,11.854860828330477,-0.00037186201238867547
524,11.854986280940933,-0.00036139076194977076
525,11.855111860411661,-0.00035090858750603415
526,11.855237565892164,-0.00034041555405344505
527,11.85536339651824,-0.0003299117277312398
528,11.855489351411956,-0.00031939717582275264
529,11.855615429681702,-0.0003088719667533665
530,11.855741630422143,-0.0002983361700924691
531,11.85586795271429,-0.0002877898565506653
532,11.85599439562546,-0.0002772330979810423
533,11.856120958209305,-0.00026666596737858194
534,11.856247639505826,-0.00025608853887919877
535,11.856374438541364,-0.0002455008877601873
536,11.856501354328627,-0.00023490309043968995
537,11.85662838586669,-0.00022429522447574933
538,11.856755532141007,-0.0002136773685668942
539,11.856882792123406,-0.00020304960255141893
540,11.85701016477212,-0.00019241200740704976
541,11.857137649031802,-0.00018176466525002795
542,11.85726524383348,-0.00017110765933657905
543,11.857392948094626,-0.00016044107406108915
544,11.857520760719158,-0.00014976499495518515
545,11.857648680597414,-0.00013907950868931814
546,11.857776706606197,-0.00012838470307099606
547,11.857904837608762,-0.0001176806670452553
548,11.858033072454838,-0.00010696749069402962
549,11.858161409980626,-9.624526523576904e-05
550,11.858289849008825,-8.551408302555092e-05
551,11.85841838834863,-7.477403755395287e-05
552,11.858547026795751,-6.402522344741968e-05
553,11.858675763132403,-5.326773646799907e-05
554,11.858804596127342,-4.250167351255634e-05
555,11.858933524535857,-3.1727132613055e-05
556,11.859062547099777,-2.094421293583739e-05
557,11.859191662547504,-1.0153014781298175e-05
558,11.859320869594002,6.46360416408065e-07
559,11.859450166940816,1.1453810089341587e-05
560,11.859579553276081,2.2269230536475428e-05
561,11.859709027274526,3.309251692361599e-05
562,11.859838587597494,4.392356328402585e-05
563,11.859968232892946,5.476226251864986e-05
564,11.860097961795466,6.560850639578568e-05
565,11.8602277729263,7.646218555298319e-05
566,11.860357664893316,8.732318949518109e-05
567,11.860487636291072,9.819140659700381e-05
568,11.860617685700772,0.00010906672410137474
569,11.860747811690326,0.00011994902812140325
570,11.86087801281433,0.00013083820363958781
571,11.861008287614084,0.00014173413450825194
572,11.86113863461761,0.00015263670345032115
573,11.861269052339642,0.00016354579205863685
574,11.861399539281667,0.0001744612807975745
575,11.861530093931915,0.00018538304900249755
576,11.861660714765375,0.00019631097487991144
577,11.8617914002438,0.00020724493550784847
578,11.861922148815742,0.00021818480683714637
579,11.86205295891653,0.00022913046368993264
580,11.862183828968316,0.0002400817797620004
581,11.862314757380046,0.0002510386276209214
582,11.862445742547507,0.0002620008787080312
583,11.862576782853333,0.0002729684033382435
584,11.862707876666999,0.000283941070699923
585,11.862839022344835,0.0002949187488550653
586,11.862970218230059,0.00030590130474056885
587,11.863101462652766,0.00031688860416763376
588,11.863232753929948,0.00032788051182197544
589,11.86336409036551,0.00033887689126492775
590,11.863495470250284,0.00034987760493311663
591,11.863626891862014,0.00036088251413834413
592,11.86375835346541,0.0003718914790690629
593,11.863889853312143,0.000382904358789985
594,11.86402138964083,0.0003939210112417559
595,11.864152960677083,0.0004049412932420921
596,11.864284564633513,0.0004159650604860575
597,11.864416199709721,0.00042699216754557925
598,11.86454786409234,0.00043802246787059095
599,11.864679555955023,0.0004490558137887545
600,11.86481127345848,0.0004600920565062701
601,11.864943014750459,0.0004711310461072836
602,11.865074777965788,0.0004821726315550766
603,11.865206561226373,0.0004932166606918799
604,11.865338362641204,0.0005042629802390219
605,11.86547018030639,0.0005153114357977597
606,11.865602012305155,0.0005263618718490347
607,11.865733856707852,0.0005374141317539955
608,11.865865711571967,0.0005484680577538075
609,11.865997574942167,0.0005595234909709591
610,11.866129444850266,0.0005705802714084174
611,11.866261319315276,0.0005816382379506504
612,11.866393196343395,0.0005926972283634045
613,11.86652507392804,0.0006037570792945979
614,11.866656950049853,0.0006148176262743114
615,11.866788822676687,0.000625878703714095
616,11.86692068976367,0.000636940144909003
617,11.867052549253177,0.0006480017820364055
618,11.86718439907486,0.0006590634461571259
619,11.86731623714567,0.0006701249672155262
620,11.867448061369858,0.0006811861740398399
621,11.867579869638977,0.0006922468943417715
622,11.867711659831922,0.0007033069547175507
623,11.867843429814938,0.0007143661806484744
624,11.867975177441615,0.0007254243965001904
625,11.868106900552906,0.0007364814255230779
626,11.868238596977168,0.0007475370898536898
627,11.868370264530142,0.0007585912105136855
628,11.868501901014989,0.0007696436074111045
629,11.868633504222291,0.0007806940993397998
630,11.868765071930074,0.0007917425039803836
631,11.868896601903815,0.0008027886379002251
632,11.86902809189647,0.0008138323165540782
633,11.869159539648459,0.000824873354283262
634,11.869290942887712,0.0008359115643173274
635,11.86942229932967,0.0008469467587736561
636,11.869553606677298,0.0008579787486578604
637,11.86968486262109,0.0008690073438636127
638,11.869816064839114,0.0008800323531737302
639,11.869947210996989,0.0008910535842600424
640,11.870078298747925,0.0009020708436834777
641,11.870209325732738,0.0009130839368949772
642,11.87034028957984,0.0009240926682348145
643,11.870471187905279,0.000935096840933727
644,11.870602018312754,0.000946096257113221
645,11.870732778393611,0.0009570907177852516
646,11.870863465726861,0.0009680800228525543
647,11.870994077879217,0.00097906397110944
648,11.871124612405081,0.0009900423602416937
649,11.871255066846578,0.0010010149868271514
650,11.871385438733565,0.0010119816463358532
651,11.871515725583645,0.0010229421331301677
652,11.871645924902182,0.0010338962404652006
653,11.871776034182316,0.001044843760489115
654,11.871906050904983,0.0010557844842434623
655,11.872035972538933,0.0010667182016638748
656,11.872165796540722,0.0010776447015789239
657,11.872295520354768,0.0010885637717126383
658,11.872425141413318,0.0010994751986823203
659,11.872554657136504,0.001110378768000773
660,11.87268406493235,0.0011212742640761548
661,11.872813362196766,0.001132161470211366
662,11.872942546313576,0.0011430401686050595
663,11.87307161465455,0.001153910140352423
664,11.873200564579413,0.0011647711654449837
665,11.873329393435835,0.0011756230227704622
666,11.873458098559485,0.0011864654901139237
667,11.873586677274002,0.001197298344156843
668,11.87371512689107,0.0012081213604792612
669,11.87384344471037,0.0012189343135581476
670,11.873971628019635,0.001229736976768582
671,11.874099674094676,0.0012405291223850632
672,11.87422758019938,0.0012513105215805123
673,11.874355343585695,0.0012620809444260424
674,11.874482961493719,0.0012728401598935736
675,11.874610431151646,0.0012835879358532869
676,11.874737749775825,0.0012943240390761305
677,11.87486491457076,0.0013050482352332067
678,11.874991922729137,0.001315760288896736
679,11.875118771431833,0.0013264599635393036
680,11.875245457847925,0.0013371470215349437
681,11.875371979134714,0.0013478212241591356
682,11.875498332437752,0.0013584823315895612
683,11.87562451489085,0.0013691301029059772
684,11.875750523616082,0.001379764296090683
685,11.87587635572384,0.0013903846680294479
686,11.876002008312792,0.0014009909745102687
687,11.876127478469957,0.001411582970225384
688,11.876252763270681,0.0014221604087706246
689,11.87637785977869,0.0014327230426464804
690,11.876502765046066,0.0014432706232571802
691,11.876627476113306,0.001453802900912914
692,11.876751990009302,0.0014643196248280916
693,11.876876303751384,0.0014748205431231937
694,11.877000414345332,0.0014853054028248103
695,11.877124318785386,0.0014957739498654852
696,11.877248014054258,0.0015062259290840895
697,11.877371497123175,0.0015166610842267181
698,11.877494764951875,0.001527079157947073
699,11.877617814488623,0.001537479891806013
700,11.877740642670252,0.0015478630262726583
701,11.87786324642215,0.001558228300724307
702,11.877985622658294,0.0015685754534469915
703,11.878107768281279,0.0015789042216361796
704,11.878229680182306,0.001589214341395914
705,11.878351355241232,0.0015995055477410133
706,11.878472790326562,0.0016097775745957073
707,11.878593982295481,0.0016200301547950374
708,11.878714927993876,0.0016302630200848546
709,11.878835624256341,0.0016404759011224635
710,11.8789560679062,0.0016506685274762709
711,11.879076255755523,0.001660840627626936
712,11.879196184605165,0.001670991928967902
713,11.879315851244746,0.0016811221578045313
714,11.8794352524527,0.001691231039355696
715,11.87955438499628,0.001701318297753858
716,11.879673245631599,0.001711383656045479
717,11.879791831103606,0.0017214268361910904
718,11.879910138146142,0.0017314475590658916
719,11.88002816348194,0.0017414455444601195
720,11.880145903822653,0.0017514205110795282
721,11.880263355868857,0.0017613721765453612
722,11.880380516310098,0.0017713002573957325
723,11.880497381824881,0.001781204469084701
724,11.88061394908072,0.001791084525984315
725,11.8807302147341,0.0018009401413824147
726,11.880846175430582,0.001810771027486437
727,11.880961827804756,0.0018205768954215181
728,11.881077168480264,0.0018303574552308167
729,11.881192194069861,0.0018401124158774717
730,11.881306901175385,0.0018498414852435594
731,11.881421286387802,0.0018595443701308167
732,11.881535346287233,0.0018692207762621034
733,11.881649077442964,0.0018788704082809608
734,11.881762476413442,0.0018884929697512752
735,11.881875539746327,0.0018980881631591449
736,11.88198826397852,0.0019076556899132783
737,11.882100645636138,0.001917195250344006
738,11.88221268123456,0.001926706543704778
739,11.882324367278454,0.0019361892681723553
740,11.882435700261784,0.001945643120847864
741,11.88254667666784,0.0019550677977562526
742,11.882657292969242,0.0019644629938471835
743,11.882767545627978,0.0019738284029958302
744,11.882877431095404,0.0019831637180024236
745,11.882986945812275,0.0019924686305934814
746,11.883096086208786,0.002001742831422606
747,11.883204848704544,0.0020109860100697295
748,11.883313229708627,0.0020201978550423477
749,11.883421225619594,0.002029378053776416
750,11.8835288328255,0.002038526292635664
751,11.883636047703915,0.002047642256913037
752,11.88374286662196,0.0020567256308310217
753,11.883849285936305,0.002065776097541597
754,11.883955301993211,0.0020747933391275747
755,11.88406091112853,0.002083777036602227
756,11.884166109667737,0.002092726869910012
757,11.884270893925946,0.002101642517927421
758,11.884375260207948,0.0021105236584636907
759,11.88447920480821,0.0021193699682605866
760,11.884582724010881,0.0021281811229924416
761,11.884685814089867,0.002136956797268582
762,11.884788471308795,0.0021456966646321526
763,11.884890691921072,0.0021544003975611935
764,11.884992472169891,0.0021630676674693977
765,11.885093808288245,0.002171698144706001
766,11.885194696498953,0.0021802914985569553
767,11.885295133014694,0.002188847397244893
768,11.885395114038017,0.0021973655079304613
769,11.885494635761354,0.0022058454967119026
770,11.88559369436705,0.0022142870286260157
771,11.885692286027393,0.00222268976764913
772,11.885790406904615,0.0022310533766968254
773,11.885888053150946,0.0022393775176256722
774,11.885985220908589,0.002247661851232102
775,11.886081906309776,0.0022559060372542798
776,11.886178105476791,0.002264109734372782
777,11.88627381452195,0.0022722726002094105
778,11.88636902954768,0.002280394291330159
779,11.886463746646502,0.002288474463244113
780,11.88655796190108,0.0022965127704052237
781,11.886651671384204,0.002304508866211576
782,11.886744871158848,0.0023124624030068062
783,11.886837557278163,0.0023203730320801373
784,11.886929725785532,0.002328240403667928
785,11.88702137271457,0.002336064166953789
786,11.887112494089145,0.0023438439700686105
787,11.887203085923403,0.00235157946009184
788,11.887293144221793,0.002359270283051878
789,11.887382664979102,0.002366916083927164
790,11.887471644180438,0.002374516506645577
791,11.887560077801293,0.0023820711940863025
792,11.887647961807549,0.0023895797880800593
793,11.887735292155492,0.0023970419294093836
794,11.887822064791852,0.00240445725780976
795,11.887908275653812,0.002411825411970138
796,11.88799392066903,0.002419146029533075
797,11.888078995755684,0.002426418747096444
798,11.888163496822456,0.002433643200213014
799,11.888247419768575,0.0024408190233913955
800,11.888330760483864,0.002447945850097455
801,11.888413514848706,0.002455023312753641
802,11.888495678734124,0.0024620510427409066
803,11.888577248001765,0.0024690286703986856
804,11.888658218503949,0.0024759558250261942
805,11.888738586083672,0.0024828321348822065
806,11.888818346574626,0.002489657227185889
807,11.888897495801253,0.0024964307281187645
808,11.88897602957873,0.0025031522628237404
809,11.889053943713014,0.0025098214554067767
810,11.88913123400087,0.002516437928937558
811,11.88920789622987,0.0025230013054498074
812,11.889283926178443,0.00252951120594245
813,11.889359319615883,0.002535967250379942
814,11.889434072302361,0.0025423690576928523
815,11.889508179988988,0.0025487162457797025
816,11.889581638417788,0.0025550084315060957
817,11.889654443321762,0.0025612452307068063
818,11.88972659042489,0.0025674262581859624
819,11.889798075442165,0.0025735511277175886
820,11.889868894079594,0.002579619452046411
821,11.88993904203427,0.0025856308428896645
822,11.890008514994339,0.0025915849109364
823,11.89007730863906,0.0025974812658488317
824,11.89014541863882,0.002603319516263555
825,11.890212840655142,0.0026090992697912776
826,11.890279570340752,0.0026148201330194456
827,11.890345603339549,0.0026204817115107657
828,11.890410935286656,0.0026260836098053824
829,11.890475561808454,0.002631625431421839
830,11.890539478522587,0.0026371067788571075
831,11.890602681037992,0.0026425272535877064
832,11.890665164954928,0.00264788645607088
833,11.890726925864989,0.0026531839857447414
834,11.890787959351151,0.002658419441030135
835,11.890848260987758,0.0026635924193297925
836,11.890907826340582,0.002668702517030983
837,11.890966650966833,0.002673749329505347
838,11.8910247304152,0.0026787324511106285
839,11.891082060225838,0.0026836514751900596
840,11.89113863593042,0.0026885059940742113
841,11.891194453052162,0.002693295599082176
842,11.891249507105828,0.002698019880521195
843,11.891303793597801,0.0027026784276896433
844,11.891357308026038,0.0027072708288752028
845,11.891410045880159,0.0027117966713582826
846,11.891462002641433,0.0027162555414115496
847,11.891513173782814,0.00272064702430062
848,11.891563554768966,0.0027249707042856512
849,11.891613141056297,0.0027292261646226475
850,11.891661928092965,0.0027334129875630094
851,11.891709911318925,0.0027375307543558917
852,11.89175708616593,0.0027415790452481573
853,11.891803448057583,0.002745557439485901
854,11.891848992409333,0.0027494655153148585
855,11.891893714628518,0.0027533028499817968
856,11.891937610114404,0.0027570690197358753
857,11.891980674258177,0.002760763599828376
858,11.892022902442983,0.002764386164514605
859,11.89206429004397,0.002767936287055072
860,11.892104832428277,0.002771413539715084
861,11.892144524955107,0.0027748174937681377
862,11.89218336297572,0.0027781477194946383
863,11.89222134183346,0.0027814037861841716
864,11.892258456863777,0.0027845852621354566
865,11.892294703394263,0.002787691714658071
866,11.892330076744702,0.002790722710074453
867,11.892364572227052,0.0027936778137192413
868,11.892398185145488,0.002796556589940951
869,11.892430910796431,0.002799358602103168
870,11.892462744468572,0.002802083412585389
871,11.892493681442906,0.0028047305827845776
872,11.892523716992738,0.002807299673115291
873,11.892552846383733,0.0028097902430119738
874,11.892581064873914,0.0028122018509284924
875,11.892608367713713,0.002814534054340389
876,11.892634750146001,0.002816786409746643
877,11.892660207406076,0.0028189584726680964
878,11.89268473472174,0.002821049797651702
879,11.892708327313278,0.0028230599382692047
880,11.892730980393525,0.0028249884471200967
881,11.89275268916787,0.0028268348758314493
882,11.892773448834276,0.002828598775059378
883,11.892793254583333,0.0028302796944907394
884,11.892812101598262,0.002831877182843625
885,11.89282998505494,0.0028333907878684054
886,11.892846900121947,0.0028348200563499534
887,11.892862841960579,0.0028361645341075134
888,11.892877805724872,0.0028374237659966285
889,11.892891786561634,0.0028385972959100634
890,11.892904779610474,0.0028396846667791144
891,11.892916780003825,0.0028406854205750287
892,11.89292778286697,0.0028415990983094125
893,11.892937783318077,0.0028424252400366685
894,11.892946776468214,0.002843163384853955
895,11.89295475742139,0.002843813070903339
896,11.89296172127456,0.002844373835372384
897,11.89296766311768,0.0028448452144959873
898,11.892972578033719,0.0028452267435572004
899,11.892976461098687,0.002845517956888928
900,11.892979307381657,0.0028457183878741873
901,11.892981111944806,0.002845827568948657
902,11.892981869843435,0.002845845031601224
903,11.892981576125988,0.002845770306375218
904,11.892980225834094,0.0028456029228701614
905,11.8929778140026,0.002845342409743125
906,11.89297433565957,0.0028449882947090693
907,11.892969785826326,0.002844540104542884
908,11.892964159517508,0.002843997365081574
909,11.892957451741058,0.002843359601224257
910,11.892949657498253,0.002842626336933312
911,11.892940771783746,0.00284179709523667
912,11.892930789585604,0.0028408713982293493
913,11.892919705885307,0.0028398487670735625
914,11.892907515657807,0.0028387287220016416
915,11.892894213871527,0.0028375107823159934
916,11.892879795488417,0.0028361944663917197
917,11.892864255463957,0.0028347792916769395
918,11.892847588747202,0.002833264774694986
919,11.892829790280807,0.002831650431045622
920,11.892810855001033,0.0028299357754055917
921,11.892790777837826,0.0028281203215320123
922,11.89276955371479,0.0028262035822617343
923,11.892747177549252,0.0028241850695139613
924,11.892723644252275,0.002822064294291679
925,11.892698948728679,0.0028198407666821554
926,11.892673085877098,0.0028175139958598145
927,11.892646050589988,0.0028150834900871786
928,11.892617837753638,0.002812548756715226
929,11.892588442248252,0.0028099093021870442
930,11.892557858947919,0.0028071646320372958
931,11.892526082720668,0.0028043142508948097
932,11.892493108428521,0.0028013576624846856
933,11.89245893092747,0.0027982943696277713
934,11.892423545067544,0.002795123874244299
935,11.892386945692827,0.0027918456773543235
936,11.892349127641491,0.0027884592790797624
937,11.89231008574581,0.0027849641786456027
938,11.892269814832217,0.002781359874381794
939,11.892228309721302,0.0027776458637246717
940,11.892185565227859,0.0027738216432182687
941,11.892141576160913,0.0027698867085165363
942,11.892096337323755,0.002765840554384678
943,11.892049843513952,0.0027616826747005113
944,11.892002089523396,0.0027574125624563613
945,11.891953070138326,0.0027530297097607104
946,11.891902780139358,0.0027485336078399577
947,11.891851214301509,0.002743923747039464
948,11.891798367394234,0.0027391996168258724
949,11.891744234181465,0.002734360705788942
950,11.891688809421607,0.00272940650164216
951,11.891632087867613,0.0027243364912259514
952,11.891574064266981,0.002719150160507965
953,11.891514733361777,0.002713846994585222
954,11.891454089888711,0.002708426477686863
955,11.891392128579119,0.0027028880931743923
956,11.891328844159007,0.002697231323543844
957,11.891264231349098,0.002691455650428145
958,11.891198284864837,0.0026855605545984154
959,11.891130999416452,0.002679545515965979
960,11.891062369708928,0.0026734100135828733
961,11.89099239044212,0.0026671535256463145
962,11.890921056310715,0.0026607755294979483
963,11.890848362004276,0.0026542755016265187
964,11.890774302207294,0.0026476529176702127
965,11.89069887159921,0.0026409072524177547
966,11.890622064854417,0.0026340379798102916
967,11.890543876642347,0.0026270445729440575
968,11.890464301627446,0.002619926504071435
969,11.890383334469234,0.002612683244602602
970,11.890300969822325,0.002605314265108221
971,11.890217202336482,0.002597819035321358
972,11.890132026656593,0.0025901970241379185
973,11.89004543742276,0.0025824476996203394
974,11.889957429270297,0.0025745705289982584
975,11.889867996829771,0.002566564978671353
976,11.889777134727034,0.002558430514210559
977,11.889684837583255,0.002550166600360722
978,11.88959110001493,0.002541772701041393
979,11.889495916633958,0.0025332482793504352
980,11.88939928204762,0.0025245927975643782
981,11.889301190858639,0.0025158057171412594
982,11.889201637665217,0.002506886498722578
983,11.889100617061043,0.002497834602135199
984,11.88899812363535,0.0024886494863934133
985,11.88889415197293,0.0024793306097010805
986,11.888788696654165,0.0024698774294531845
987,11.888681752255058,0.00246028940223815
988,11.888573313347273,0.0024505659838399718
989,11.888463374498164,0.0024407066292405554
990,11.888351930270813,0.002430710792621611
991,11.888238975224025,0.0024205779273655977
992,11.888124503912417,0.0024103074860599935
993,11.888008510886404,0.002399898920497631
994,11.887890990692261,0.0023893516816799517
995,11.887771937872124,0.002378665219818116
996,11.887651346964047,0.0023678389843356795
997,11.887529212502018,0.0023568724238706863
998,11.88740552901602,0.0023457649862784905
999,11.887280291032015,0.0023345161186325417
1000,11.88715349307202,0.0023231252672277214
1001,11.88702512965412,0.0023115918775823514
1002,11.886895195292494,0.002299915394439677
1003,11.886763684497446,0.0022880952617703705
1004,11.886630591775473,0.002276130922775994
1005,11.88649591162924,0.0022640218198890787
1006,11.886359638557664,0.0022517673947773267
1007,11.886221767055918,0.0022393670883449498
1008,11.886082291615473,0.0022268203407349025
1009,11.885941206724109,0.0022141265913307494
1010,11.885798506865987,0.00220128527876046
1011,11.885654186521661,0.002188295840897482
1012,11.885508240168084,0.0021751577148625147
1013,11.8853606622787,0.002161870337028079
1014,11.88521144732342,0.002148433143018258
1015,11.88506058976869,0.0021348455677130938
1016,11.884908084077505,0.0021211070452493265
1017,11.884753924709452,0.0021072170090238253
1018,11.884598106120732,0.002093174891695694
1019,11.88444062276421,0.002078980125188678
1020,11.884281469089439,0.0020646321406935456
1021,11.884120639542676,0.002050130368669911
1022,11.883958128566945,0.002035474238849917
1023,11.883793930602053,0.0020206631802396034
1024,11.883628040084629,0.002005696621121978
1025,11.883460451448139,0.001990573989058801
1026,11.883291159122964,0.001975294710894249
1027,11.883120157536375,0.0019598582127557263
1028,11.882947441112613,0.0019442639200580342
1029,11.882773004272893,0.0019285112575045708
1030,11.882596841435467,0.001912599649091012
1031,11.882418947015614,0.001896528518106367
1032,11.882239315425707,0.0018802972871367863
1033,11.88205794107525,0.0018639053780679018
1034,11.88187481837089,0.0018473522120870107
1035,11.881689941716466,0.0018306372096858659
1036,11.881503305513036,0.001813759790663444
1037,11.881314904158913,0.0017967193741281143
1038,11.881124732049683,0.001779515378500104
1039,11.88093278357828,0.0017621472215153323
1040,11.880739053134977,0.001744614320226768
1041,11.880543535107435,0.0017269160910073542
1042,11.88034622388075,0.001709051949553239
1043,11.880147113837465,0.0016910213108857223
1044,11.87994619935762,0.001672823589354525
1045,11.87974347481877,0.0016544581986395785
1046,11.879538934596049,0.0016359245517553926
1047,11.879332573062173,0.0016172220610522615
1048,11.879124384587477,0.0015983501382190936
1049,11.87891436353998,0.0015793081942871655
1050,11.878702504285393,0.0015600956396324072
1051,11.87848880118713,0.0015407118839768515
1052,11.878273248606419,0.001521156336394457
1053,11.878055840902249,0.0015014284053105626
1054,11.877836572431457,0.0014815274985065497
1055,11.877615437548757,0.0014614530231227142
1056,11.877392430606763,0.0014412043856607561
1057,11.877167545956015,0.0014207809919854146
1058,11.876940777945043,0.0014001822473297693
1059,11.876712120920374,0.0013794075562959445
1060,11.87648156922658,0.0013584563228591932
1061,11.876249117206326,0.0013373279503706562
1062,11.876014759200377,0.001316021841559845
1063,11.875778489547642,0.0012945373985377084
1064,11.875540302585216,0.0012728740227994485
1065,11.875300192648416,0.0012510311152277602
1066,11.87505815407081,0.0012290080760961942
1067,11.874814181184252,0.001206804305070608
1068,11.874568268318928,0.0011844192012141022
1069,11.874320409803369,0.0011618521629884967
1070,11.874070599964515,0.001139102588258222
1071,11.873818833127723,0.0011161698742925441
1072,11.873565103616828,0.001093053417769751
1073,11.873309405754153,0.0010697526147790447
1074,11.873051733860557,0.0010462668608237258
1075,11.872792082255476,0.001022595550825427
1076,11.872530445256956,0.000998738079125959
1077,11.872266817181673,0.000974693839490548
1078,11.872001192344996,0.0009504622251118497
1079,11.871733565061,0.0009260426286120015
1080,11.87146392964251,0.0009014344420465499
1081,11.871192280401141,0.0008766370569067633
1082,11.870918611647323,0.0008516498641237593
1083,11.87064291769034,0.0008264722540706934
1084,11.870365192838396,0.0008011036165675045
1085,11.87008543139859,0.0007755433408818508
1086,11.869803627677003,0.0007497908157341399
1087,11.86951977597872,0.0007238454293002831
1088,11.86923387060786,0.000697706569214526
1089,11.868945905867616,0.0006713736225731672
1090,11.86865587606029,0.0006448459759378053
1091,11.868363775487339,0.000618123015338061
1092,11.868069598449384,0.000591204126275538
1093,11.867773339246291,0.0005640886937270523
1094,11.867474992177165,0.0005367761021475239
1095,11.86717455154041,0.000509265735473786
1096,11.866872011633756,0.00048155697712748093
1097,11.866567366754298,0.00045364921001860665
1098,11.866260611198527,0.0004255418165489324
1099,11.865951739262389,0.00039723417861596035
1100,11.865640745241302,0.00036872567761535606
1101,11.865327623430192,0.00034001569444467634
1102,11.865012368123528,0.00031110360950704604
1103,11.864694973615379,0.0002819888027144252
1104,11.864375434199424,0.0002526706534909721
1105,11.864053744169018,0.00022314854077693126
1106,11.863729897817198,0.00019342184303157382
1107,11.863403889436746,0.00016348993823697385
1108,11.863075713320216,0.00013335220390175593
1109,11.862745363759963,0.00010300801706407299
1110,11.862412835048193,7.245675429534942e-05
1111,11.862078121476992,4.1697791703997923e-05
1112,11.861741217338372,1.0730504939159147e-05
1113,11.861402116924292,-2.044573080668073e-05
1114,11.861060814526724,-5.183154079252858e-05
1115,11.860717304437665,-8.342755072650761e-05
1116,11.860371580949177,-0.00011523438676192158
1117,11.860023638353443,-0.00014725267549350036
1118,11.859673470942779,-0.00017948304395390408
1119,11.859321073009683,-0.00021192611961020588
1120,11.8589664388469,-0.00024458253035891604
1121,11.858609562747404,-0.00027745290452464174
1122,11.858250439004472,-0.0003105378708547626
1123,11.857889061911722,-0.0003438380585157525
1124,11.857525425763155,-0.0003773540970895937
1125,11.857159524853166,-0.0004110866165704991
1126,11.856791353476607,-0.00044503624736069085
1127,11.856420905928807,-0.0004792036202671035
1128,11.856048176505631,-0.0005135893664968812
1129,11.855673159503507,-0.0005481941176538541
1130,11.85529584921946,-0.0005830185057349766
1131,11.854916239951155,-0.0006180631631262472
1132,11.854534325996934,-0.0006533287225993291
1133,11.85415010165586,-0.00068881581730678
1134,11.853763561227744,-0.0007245250807788729
1135,11.853374699013203,-0.0007604571469193935
1136,11.852983509313662,-0.0007966126500024842
1137,11.85258998643145,-0.0008329922246670513
1138,11.852194124669778,-0.0008695965059147781
1139,11.851795918332812,-0.0009064261291049654
1140,11.85139536172572,-0.0009434817299504793
1141,11.850992449154669,-0.000980763944515096
1142,11.850587174926904,-0.001018273409208004
1143,11.850179533350772,-0.0010560107607806635
1144,11.84976951873577,-0.001093976636322011
1145,11.849357125392551,-0.0011321716732558343
1146,11.848942347633017,-0.0011705965093349632
1147,11.848525179770313,-0.001209251782638443
1148,11.848105616118884,-0.001248138131567105
1149,11.847683650994517,-0.0012872561948394535
1150,11.847259278714375,-0.0013266066114872778
1151,11.846832493597026,-0.001366190020852359
1152,11.84640328996251,-0.0014060070625811158
1153,11.845971662132346,-0.0014460583766219151
1154,11.845537604429591,-0.001486344603219586
1155,11.845101111178892,-0.0015268663829114233
1156,11.844662176706482,-0.0015676243565243297
1157,11.84422079534027,-0.0016086191651685368
1158,11.84377696140984,-0.001649851450235463
1159,11.843330669246514,-0.0016913218533919326
1160,11.842881913183396,-0.0017330310165761809
1161,11.84243068755538,-0.0017749795819946644
1162,11.841976986699223,-0.0018171681921165387
1163,11.841520804953573,-0.001859597489669736
1164,11.841062136659021,-0.0019022681176365296
1165,11.840600976158095,-0.0019451807192501917
1166,11.840137317795378,-0.0019883359379888168
1167,11.839671155917467,-0.0020317344175726517
1168,11.83920248487307,-0.0020753768019591517
1169,11.838731299013018,-0.002119263735338174
1170,11.838257592690315,-0.002163395862128244
1171,11.837781360260182,-0.0022077738269714567
1172,11.837302596080093,-0.002252398274729355
1173,11.836821294509798,-0.0022972698504791942
1174,11.836337449911415,-0.0023423891995075956
1175,11.835851056649387,-0.0023877569673089335
1176,11.8353621090906,-0.002433373799578308
1177,11.834870601604402,-0.0024792403422074566
1178,11.834376528562618,-0.002525357241281617
1179,11.833879884339613,-0.0025717251430737056
1180,11.833380663312338,-0.0026183446940397873
1181,11.83287885986036,-0.002665216540815162
1182,11.832374468365899,-0.0027123413302093933
1183,11.831867483213868,-0.002759719709202136
1184,11.831357898791936,-0.002807352324937781
1185,11.830845709490532,-0.002855239824721658
1186,11.83033090970292,-0.002903382856014862
1187,11.829813493825226,-0.002951782066429395
1188,11.829293456256497,-0.003000438103723412
1189,11.82877079139869,-0.0030493516157983273
1190,11.828245493656775,-0.0030985232506913953
1191,11.827717557438744,-0.003147953656572753
1192,11.827186977155657,-0.003197643481740391
1193,11.826653747221686,-0.003247593374614947
1194,11.826117862054145,-0.003297803983735723
1195,11.825579316073563,-0.0033482759577547396
1196,11.825038103703697,-0.00339900994543287
1197,11.824494219371564,-0.0034500065956352514
1198,11.823947657507517,-0.0035012665573255267
1199,11.823398412545263,-0.00355279047956171
1200,11.822846478921909,-0.003604579011491104
1201,11.822291851078008,-0.003656632802345216
1202,11.821734523457609,-0.003708952501434886
1203,11.821174490508284,-0.0037615387581457754
1204,11.82061174668116,-0.0038143922219334727
1205,11.820046286430985,-0.003867513542318514
1206,11.819478104216158,-0.00392090336888091
1207,11.818907194498783,-0.003974562351255221
1208,11.8183335517447,-0.00402849113912627
1209,11.81775717042352,-0.004082690382223755
1210,11.817178045008683,-0.004137160730317237
1211,11.81659616997748,-0.004191902833211539
1212,11.816011539811134,-0.004246917340740399
1213,11.815424148994806,-0.00430220490276259
1214,11.814833992017642,-0.004357766169157179
1215,11.814241063372826,-0.004413601789817406
1216,11.813645357557629,-0.004469712414645816
1217,11.81304686907343,-0.004526098693549536
1218,11.812445592425764,-0.004582761276435426
1219,11.811841522124396,-0.004639700813203405
1220,11.81123465268332,-0.004696917953742973
1221,11.810624978620815,-0.004754413347927748
1222,11.810012494459514,-0.004812187645609186
1223,11.809397194726413,-0.004870241496612257
1224,11.808779073952936,-0.004928575550730177
1225,11.808158126674956,-0.004987190457719245
1226,11.807534347432862,-0.005046086867293027
1227,11.806907730771586,-0.005105265429117918
1228,11.806278271240663,-0.005164726792806808
1229,11.805645963394245,-0.00522447160791489
1230,11.80501080179118,-0.005284500523933291
1231,11.804372780995037,-0.0053448141902844686
1232,11.803731895574137,-0.005405413256316772
1233,11.803088140101613,-0.005466298371299084
1234,11.802441509155457,-0.005527470184414952
1235,11.801791997318569,-0.00558892934475713
1236,11.801139599178756,-0.005650676501323788
1237,11.800484309328832,-0.005712712303010864
1238,11.799826122366628,-0.0057750373986082
1239,11.799165032895061,-0.005837652436792945
1240,11.79850103552214,-0.0059005580661252366
1241,11.797834124861039,-0.0059637549350421174
1242,11.797164295530145,-0.006027243691851582
1243,11.796491542153085,-0.006091024984727548
1244,11.795815859358774,-0.006155099461704726
1245,11.795137241781458,-0.006219467770672621
1246,11.794455684060772,-0.006284130559369207
1247,11.793771180841764,-0.006349088475376924
1248,11.793083726774952,-0.006414342166116084
1249,11.79239331651637,-0.0064798922788391455
1250,11.791699944727602,-0.006545739460625504
1251,11.79100360607583,-0.006611884358375949
1252,11.790304295233888,-0.006678327618806278
1253,11.789602006880283,-0.006745069888443058
1254,11.788896735699272,-0.006812111813616013
1255,11.788188476380885,-0.006879454040453572
1256,11.787477223620979,-0.006947097214876791
1257,11.78676297212127,-0.007015041982593834
1258,11.786045716589387,-0.007083288989094342
1259,11.785325451738919,-0.0071518388796428115
1260,11.784602172289455,-0.007220692299273857
1261,11.783875872966641,-0.007289849892785449
1262,11.78314654850219,-0.007359312304734422
1263,11.782414193633972,-0.007429080179429141
1264,11.781678803106038,-0.007499154160924304
1265,11.780940371668652,-0.007569534893015546
1266,11.780198894078373,-0.007640223019232498
1267,11.77945436509805,-0.007711219182834111
1268,11.778706779496922,-0.007782524026801792
1269,11.777956132050608,-0.007854138193833966
1270,11.777202417541208,-0.007926062326339762
1271,11.776445630757298,-0.00799829706643363
1272,11.775685766494014,-0.008070843055928803
1273,11.774922819553066,-0.0081437009363317
1274,11.77415678474282,-0.008216871348835513
1275,11.773387656878299,-0.008290354934314934
1276,11.772615430781272,-0.00836415233331887
1277,11.771840101280276,-0.008438264186065757
1278,11.77106166321065,-0.008512691132436993
1279,11.770280111414632,-0.008587433811969586
1280,11.769495440741334,-0.008662492863852818
1281,11.768707646046844,-0.00873786892691949
1282,11.767916722194252,-0.00881356263964084
1283,11.767122664053682,-0.008889574640121209
1284,11.76632546650237,-0.00896590556609013
1285,11.765525124424673,-0.009042556054897937
1286,11.76472163271216,-0.00911952674350767
1287,11.763914986263611,-0.009196818268491018
1288,11.763105179985091,-0.009274431266020445
1289,11.76229220879,-0.009352366371863515
1290,11.761476067599094,-0.009430624221377077
1291,11.760656751340564,-0.009509205449500022
1292,11.759834254950063,-0.00958811069074753
1293,11.759008573370743,-0.009667340579205439
1294,11.75817970155332,-0.009746895748523011
1295,11.75734763445612,-0.009826776831906782
1296,11.75651236704513,-0.009906984462114042
1297,11.755673894294011,-0.009987519271447275
1298,11.754832211184196,-0.01006838189174667
1299,11.75398731270488,-0.010149572954385481
1300,11.753139193853132,-0.010231093090261023
1301,11.752287849633882,-0.010312942929790502
1302,11.751433275060002,-0.010395123102903898
1303,11.750575465152352,-0.010477634239036651
1304,11.749714414939804,-0.01056047696712494
1305,11.748850119459318,-0.010643651915597518
1306,11.747982573755976,-0.010727159712369863
1307,11.747111772883024,-0.010811000984837988
1308,11.746237711901928,-0.010895176359871582
1309,11.745360385882424,-0.01097968646380719
1310,11.744479789902538,-0.011064531922442966
1311,11.743595919048683,-0.011149713361029968
1312,11.742708768415666,-0.011235231404267363
1313,11.741818333106751,-0.011321086676294861
1314,11.740924608233708,-0.011407279800686504
1315,11.740027588916847,-0.011493811400444417
1316,11.739127270285087,-0.011580682097991056
1317,11.738223647475998,-0.01166789251516304
1318,11.737316715635824,-0.011755443273205582
1319,11.736406469919567,-0.011843334992764002
1320,11.735492905491014,-0.01193156829387802
1321,11.734576017522793,-0.012020143795975088
1322,11.733655801196415,-0.012109062117863337
1323,11.732732251702325,-0.012198323877724758
1324,11.731805364239943,-0.012287929693109297
1325,11.73087513401775,-0.01237788018092556
1326,11.729941556253271,-0.012468175957438104
1327,11.729004626173175,-0.012558817638257006
1328,11.728064339013308,-0.01264980583833261
1329,11.72712069001873,-0.01274114117194875
1330,11.726173674443794,-0.01283282425271491
1331,11.72522328755216,-0.012924855693560812
1332,11.724269524616862,-0.013017236106728294
1333,11.723312380920351,-0.013109966103764966
1334,11.722351851754553,-0.01320304629551742
1335,11.721387932420894,-0.013296477292124064
1336,11.720420618230396,-0.013390259703007484
1337,11.71944990450367,-0.013484394136869016
1338,11.718475786570982,-0.013578881201681145
1339,11.717498259772352,-0.013673721504679236
1340,11.716517319457527,-0.013768915652356477
1341,11.715532960986069,-0.01386446425045591
1342,11.714545179727411,-0.013960367903963225
1343,11.713553971060882,-0.014056627217100376
1344,11.712559330375784,-0.0141532427933177
1345,11.711561253071425,-0.014250215235287106
1346,11.710559734557167,-0.014347545144895505
1347,11.709554770252463,-0.014445233123237866
1348,11.708546355586964,-0.014543279770607978
1349,11.707534486000476,-0.014641685686494798
1350,11.706519156943097,-0.014740451469572176
1351,11.705500363875217,-0.01483957771769311
1352,11.70447810226758,-0.014939065027883038
1353,11.70345236760133,-0.015038913996331388
1354,11.702423155368086,-0.015139125218384888
1355,11.701390461069952,-0.015239699288540734
1356,11.70035428021959,-0.015340636800439277
1357,11.699314608340273,-0.015441938346856006
1358,11.698271440965923,-0.015543604519695185
1359,11.697224773641175,-0.01564563590998209
1360,11.696174601921395,-0.015748033107856264
1361,11.695120921372782,-0.015850796702563227
1362,11.694063727572383,-0.015953927282447797
1363,11.69300301610814,-0.01605742543494725
1364,11.691938782578953,-0.016161291746583054
1365,11.690871022594731,-0.016265526802954094
1366,11.689799731776448,-0.016370131188728515
1367,11.688724905756175,-0.016475105487637448
1368,11.687646540177147,-0.016580450282466883
1369,11.686564630693795,-0.016686166155050624
1370,11.685479172971823,-0.016792253686262283
1371,11.684390162688231,-0.016898713456008938
1372,11.6832975955314,-0.0170055460432219
1373,11.682201467201107,-0.01711275202585101
1374,11.68110177340859,-0.017220331980856526
1375,11.679998509876608,-0.017328286484201347
1376,11.67889167233948,-0.017436616110843385
1377,11.67778125654313,-0.017545321434729352
1378,11.676667258245175,-0.017654403028784845
1379,11.675549673214922,-0.017763861464909284
1380,11.674428497233466,-0.017873697313966673
1381,11.673303726093712,-0.01798391114577869
1382,11.672175355600428,-0.018094503529117376
1383,11.671043381570325,-0.018205475031696568
1384,11.669907799832075,-0.018316826220165144
1385,11.668768606226365,-0.018428557660099414
1386,11.667625796605984,-0.018540669915994568
1387,11.666479366835834,-0.018653163551257887
1388,11.665329312792997,-0.018766039128200872
1389,11.664175630366794,-0.01887929720803123
1390,11.663018315458817,-0.018992938350845843
1391,11.661857363983003,-0.019106963115622468
1392,11.660692771865673,-0.019221372060212082
1393,11.659524535045588,-0.019336165741331433
1394,11.65835264947399,-0.019451344714555067
1395,11.657177111114688,-0.01956690953430721
1396,11.655997915944054,-0.019682860753855322
1397,11.654815059951137,-0.019799198925300302
1398,11.653628539137662,-0.019915924599570554
1399,11.652438349518107,-0.02003303832641334
1400,11.65124448711977,-0.02015054065438656
1401,11.65004694798279,-0.02026843213085167
1402,11.648845728160214,-0.02038671330196558
1403,11.647640823718056,-0.020505384712672457
1404,11.646432230735345,-0.020624446906696278
1405,11.645219945304165,-0.020743900426532756
1406,11.64400396352972,-0.020863745813441668
1407,11.64278428153039,-0.02098398360743832
1408,11.641560895437783,-0.021104614347286228
1409,11.64033380139675,-0.021225638570489792
1410,11.639102995565514,-0.0213470568132841
1411,11.637868474115653,-0.02146886961062946
1412,11.63663023323219,-0.02159107749620188
1413,11.635388269113628,-0.021713681002385604
1414,11.634142577972005,-0.021836680660265874
1415,11.632893156032964,-0.021960076999619212
1416,11.631639999535794,-0.022083870548906218
1417,11.630383104733468,-0.022208061835264643
1418,11.629122467892728,-0.022332651384499302
1419,11.627858085294108,-0.02245763972107589
1420,11.626589953232006,-0.02258302736811159
1421,11.62531806801474,-0.02270881484736724
1422,11.624042425964575,-0.022835002679240317
1423,11.622763023417807,-0.022961591382755272
1424,11.621479856724802,-0.023088581475556532
1425,11.620192922250045,-0.0232159734738999
1426,11.618902216372213,-0.0233437678926441
1427,11.617607735484205,-0.023471965245243587
1428,11.616309475993203,-0.023600566043739786
1429,11.615007434320741,-0.023729570798752424
1430,11.613701606902742,-0.0238589800194723
1431,11.61239199018957,-0.023988794213652697
1432,11.611078580646097,-0.024119013887600942
1433,11.60976137475175,-0.02424963954617039
1434,11.608440369000558,-0.024380671692752542
1435,11.607115559901223,-0.02451211082926799
1436,11.605786943977153,-0.024643957456159167
1437,11.604454517766532,-0.024776212072381162
1438,11.603118277822391,-0.024908875175393332
1439,11.601778220712598,-0.025041947261152917
1440,11.60043434301999,-0.025175428824104
1441,11.599086641342367,-0.025309320357171664
1442,11.597735112292584,-0.025443622351752036
1443,11.5963797524986,-0.025578335297704324
1444,11.59502055860351,-0.025713459683342932
1445,11.593657527265623,-0.02584899599542892
1446,11.592290655158505,-0.02598494471916142
1447,11.590919938971046,-0.026121306338169246
1448,11.589545375407491,-0.026258081334503008
1449,11.588166961187518,-0.026395270188626432
1450,11.586784693046276,-0.02653287337940784
1451,11.585398567734455,-0.026670891384111814
1452,11.584008582018331,-0.026809324678390818
1453,11.582614732679824,-0.02694817373627686
1454,11.581217016516552,-0.027087439030172755
1455,11.57981543034188,-0.02722712103084433
1456,11.578409970984993,-0.027367220207410857
1457,11.577000635290926,-0.02750773702733789
1458,11.575587420120645,-0.027648671956427687
1459,11.574170322351076,-0.02779002545881167
1460,11.572749338875177,-0.027931797996941326
1461,11.571324466601995,-0.028073990031579486
1462,11.569895702456725,-0.028216602021792256
1463,11.568463043380724,-0.02835963442494093
1464,11.567026486331637,-0.028503087696672452
1465,11.56558602828339,-0.02864696229091125
1466,11.564141666226275,-0.028791258659851167
1467,11.562693397167005,-0.028935977253946307
1468,11.561241218128758,-0.029081118521902812
1469,11.559785126151246,-0.029226682910669963
1470,11.558325118290764,-0.029372670865431844
1471,11.556861191620229,-0.02951908282959928
1472,11.555393343229278,-0.02966591924479967
1473,11.55392157022428,-0.029813180550870174
1474,11.55244586972842,-0.02996086718584771
1475,11.55096623888173,-0.030108979585961617
1476,11.549482674841183,-0.030257518185623486
1477,11.547995174780702,-0.030406483417419965
1478,11.546503735891262,-0.03055587571210288
1479,11.545008355380906,-0.0307056954985819
1480,11.54350903047484,-0.03085594320391408
1481,11.542005758415435,-0.03100661925329771
1482,11.540498536462351,-0.03115772407006084
1483,11.538987361892532,-0.0313092580756548
1484,11.537472232000312,-0.03146122168964387
1485,11.535953144097423,-0.03161361532969815
1486,11.534430095513104,-0.03176643941158328
1487,11.532903083594103,-0.0319196943491528
1488,11.531372105704792,-0.03207338055433868
1489,11.529837159227164,-0.032227498437143585
1490,11.528298241560927,-0.03238204840563109
1491,11.526755350123558,-0.0325370308659174
1492,11.525208482350344,-0.03269244622216266
1493,11.523657635694446,-0.032848294876562135
1494,11.522102807626963,-0.03300457722933738
1495,11.520543995636988,-0.03316129367872691
1496,11.518981197231646,-0.03331844462097872
1497,11.517414409936181,-0.033476030450340054
1498,11.515843631293988,-0.03363405155904967
1499,11.514268858866666,-0.033792508337328914
1500,11.512690090234104,-0.03395140117337223
1501,11.511107322994532,-0.03411073045333812
1502,11.509520554764537,-0.03427049656134231
1503,11.507929783179177,-0.03443069987944651
1504,11.506335005891998,-0.03459134078765097
1505,11.504736220575108,-0.03475241966388532
1506,11.503133424919232,-0.03491393688399963
1507,11.501526616633775,-0.03507589282175535
1508,11.49991579344686,-0.0352382878488171
1509,11.498300953105415,-0.03540112233474271
1510,11.496682093375194,-0.035564396646976
1511,11.495059212040864,-0.03572811115083645
1512,11.493432306906053,-0.0358922662095106
1513,11.491801375793408,-0.03605686218404366
1514,11.490166416544653,-0.03622189943332982
1515,11.488527427020646,-0.036387378314104206
1516,11.48688440510142,-0.036553299180933856
1517,11.485237348686278,-0.036719662386208066
1518,11.483586255693814,-0.036886468280130244
1519,11.481931124062,-0.037053717210708284
1520,11.480271951748218,-0.037221409523746626
1521,11.478608736729335,-0.037389545562836364
1522,11.476941477001748,-0.03755812566934686
1523,11.475270170581476,-0.03772715018241614
1524,11.47359481550415,-0.03789661943894355
1525,11.471915409825137,-0.038066533773578715
1526,11.47023195161957,-0.03823689351871419
1527,11.468544438982423,-0.03840769900447494
1528,11.466852870028529,-0.03857895055871148
1529,11.46515724289268,-0.038750648506989026
1530,11.463457555729674,-0.03892279317257943
1531,11.461753806714349,-0.03909538487645237
1532,11.460045994041684,-0.03926842393726553
1533,11.458334115926819,-0.039441910671356474
1534,11.456618170605138,-0.03961584539273292
1535,11.454898156332327,-0.039790228413064
1536,11.453174071384396,-0.03996506004167234
1537,11.451445914057793,-0.040140340585522946
1538,11.449713682669422,-0.040316070349216
1539,11.447977375556716,-0.04049224963497719
1540,11.446236991077692,-0.04066887874264878
1541,11.444492527611008,-0.04084595796968064
1542,11.44274398355603,-0.04102348761112095
1543,11.440991357332889,-0.041201467959607475
1544,11.439234647382525,-0.041379899305358556
1545,11.437473852166764,-0.04155878193616401
1546,11.435708970168376,-0.041738116137375825
1547,11.433939999891109,-0.041917902191900135
1548,11.432166939859776,-0.04209814038018698
1549,11.430389788620317,-0.04227883098022143
1550,11.428608544739827,-0.04245997426751552
1551,11.426823206806636,-0.042641570515098454
1552,11.425033773430377,-0.042823619993507436
1553,11.423240243242004,-0.04300612297077968
1554,11.421442614893916,-0.04318907971244162
1555,11.419640887059948,-0.0433724904815018
1556,11.41783505843549,-0.043556355538439985
1557,11.416025127737495,-0.04374067514119978
1558,11.41421109370457,-0.043925449545178664
1559,11.412392955097022,-0.04411067900321911
1560,11.41057071069693,-0.04429636376559933
1561,11.408744359308189,-0.04448250408002482
1562,11.406913899756576,-0.04466910019161869
1563,11.40507933088981,-0.04485615234291305
1564,11.403240651577608,-0.04504366077383983
1565,11.40139786071175,-0.045231625721721604
1566,11.399550957206136,-0.045420047421262516
1567,11.397699939996842,-0.045608926104539586
1568,11.395844808042185,-0.04579826200099322
1569,11.393985560322763,-0.045988055337418975
1570,11.39212219584156,-0.04617830633795684
1571,11.390254713623944,-0.04636901522408455
1572,11.388383112717793,-0.04656018221460591
1573,11.386507392193487,-0.046751807525644194
1574,11.384627551144021,-0.0469438913706315
1575,11.382743588685042,-0.04713643396030021
1576,11.380855503954903,-0.04732943550267407
1577,11.378963296114746,-0.04752289620305864
1578,11.37706696434853,-0.04771681626403321
1579,11.37516650786311,-0.0479111958854409
1580,11.373261925888304,-0.048106035264379836
1581,11.371353217676935,-0.04830133459519413
1582,11.369440382504893,-0.0484970940694652
1583,11.367523419671222,-0.04869331387600171
1584,11.365602328498136,-0.048889994200831906
1585,11.363677108331107,-0.049087135227193775
1586,11.361747758538918,-0.049284737135526134
1587,11.35981427851374,-0.049482800103459054
1588,11.35787666767114,-0.04968132430580677
1589,11.355934925450207,-0.049880309914556054
1590,11.35398905131358,-0.05007975709885854
1591,11.352039044747496,-0.05027966602502219
1592,11.350084905261872,-0.05048003685650116
1593,11.34812663239035,-0.05068086975388773
1594,11.346164225690366,-0.05088216487490272
1595,11.344197684743213,-0.05108392237438646
1596,11.34222700915409,-0.051286142404290046
1597,11.340252198552179,-0.0514888251136661
1598,11.338273252590676,-0.05169197064866033
1599,11.336290170946882,-0.05189557915250175
1600,11.334302953322252,-0.05209965076549388
1601,11.332311599442445,-0.05230418562500663
1602,11.330316109057387,-0.05250918386546647
1603,11.328316481941354,-0.05271464561834702
1604,11.326312717893005,-0.05292057101216128
1605,11.324304816735456,-0.05312696017245161
1606,11.322292778316337,-0.05333381322178136
1607,11.320276602507851,-0.05354113027972577
1608,11.318256289206834,-0.05374891146286299
1609,11.31623183833481,-0.05395715688476529
1610,11.314203249838076,-0.054165866655989464
1611,11.312170523687728,-0.05437504088406881
1612,11.310133659879739,-0.05458467967350368
1613,11.30809265843503,-0.054794783125752394
1614,11.3060475193995,-0.05500535133922278
1615,11.303998242844123,-0.05521638440926282
1616,11.301944828864979,-0.05542788242815202
1617,11.299887277583327,-0.055639845485092335
1618,11.297825589145674,-0.05585227366619908
1619,11.295759763723819,-0.05606516705449251
1620,11.293689801514905,-0.056278525729889034
1621,11.29161570274152,-0.05649234976919133
1622,11.289537467651716,-0.05670663924608055
1623,11.287455096519077,-0.056921394231107286
1624,11.285368589642818,-0.05713661479168122
1625,11.283277947347791,-0.05735230099206472
1626,11.281183169984573,-0.05756845289336235
1627,11.279084257929524,-0.057785070553512244
1628,11.276981211584863,-0.05800215402727735
1629,11.274874031378685,-0.05821970336623704
1630,11.272762717765069,-0.058437718618777786
1631,11.270647271224115,-0.05865619983008411
1632,11.268527692262001,-0.05887514704213087
1633,11.266403981411058,-0.05909456029367295
1634,11.264276139229816,-0.059314439620238066
1635,11.262144166303083,-0.059534785054116184
1636,11.260008063241987,-0.05975559662435242
1637,11.257867830684043,-0.059976874356737354
1638,11.255723469293212,-0.06019861827379882
1639,11.253574979759975,-0.060420828394792195
1640,11.251422362801371,-0.06064350473569268
1641,11.249265619161077,-0.06086664730918614
1642,11.247104749609464,-0.06109025612466008
1643,11.244939754943642,-0.06131433118819562
1644,11.242770635987542,-0.06153887250255832
1645,11.240597393591967,-0.06176388006718955
1646,11.238420028634646,-0.06198935387819784
1647,11.236238542020315,-0.06221529392835023
1648,11.23405293468075,-0.062441700207063494
1649,11.231863207574856,-0.06266857270039553
1650,11.2296693616887,-0.06289591139103698
1651,11.227471398035588,-0.06312371625830206
1652,11.225269317656139,-0.06335198727812014
1653,11.223063121618319,-0.06358072442302723
1654,11.220852811017496,-0.06380992766215784
1655,11.218638386976545,-0.06403959696123519
1656,11.216419850645844,-0.06426973228256432
1657,11.214197203203407,-0.06450033358502147
1658,11.211970445854885,-0.06473140082404719
1659,11.20973957983366,-0.06496293395163685
1660,11.207504606400908,-0.06519493291633209
1661,11.205265526845613,-0.06542739766321375
1662,11.203022342484685,-0.06566032813389133
1663,11.200775054662989,-0.06589372426649577
1664,11.198523664753411,-0.0661275859956707
1665,11.196268174156934,-0.06636191325256313
1666,11.194008584302678,-0.06659670596481616
1667,11.191744896647954,-0.06683196405656054
1668,11.189477112678361,-0.06706768744840488
1669,11.1872052339078,-0.06730387605742892
1670,11.184929261878573,-0.06754052979717383
1671,11.18264919816143,-0.06777764857763416
1672,11.18036504435562,-0.06801523230524988
1673,11.178076802088965,-0.06825328088289728
1674,11.175784473017904,-0.06849179420988177
1675,11.173488058827573,-0.06873077218192816
1676,11.171187561231863,-0.06897021469117286
1677,11.168882981973455,-0.06921012162615603
1678,11.166574322823909,-0.06945049287181297
1679,11.164261585583715,-0.06969132830946537
1680,11.161944772082347,-0.06993262781681382
1681,11.159623884178334,-0.07017439126792885
1682,11.157298923759315,-0.07041661853324292
1683,11.154969892742095,-0.07065930947954267
1684,11.152636793072706,-0.07090246396996004
1685,11.150299626726477,-0.0711460818639643
1686,11.147958395708086,-0.07139016301735399
1687,11.145613102051609,-0.07163470728224891
1688,11.143263747820626,-0.07187971450708064
1689,11.140910335108206,-0.07212518453658698
1690,11.138552866037028,-0.07237111721180146
1691,11.136191342759428,-0.07261751237004599
1692,11.133825767457449,-0.07286436984492309
1693,11.131456142342897,-0.07311168946630774
1694,11.129082469657401,-0.07335947106033952
1695,11.126704751672513,-0.07360771444941315
1696,11.124322990689699,-0.0738564194521726
1697,11.121937189040455,-0.07410558588350163
1698,11.119547349086345,-0.07435521355451617
1699,11.117153473219053,-0.07460530227255685
1700,11.114755563860454,-0.07485585184118031
1701,11.112353623462694,-0.07510686206015114
1702,11.109947654508195,-0.07535833272543516
1703,11.107537659509765,-0.07561026362919054
1704,11.10512364101064,-0.0758626545597598
1705,11.102705601584542,-0.07611550530166258
1706,11.100283543835735,-0.07636881563558755
1707,11.097857470399097,-0.07662258533838424
1708,11.09542738394016,-0.0768768141830561
1709,11.092993287155199,-0.07713150193875158
1710,11.090555182771258,-0.07738664837075732
1711,11.08811307354624,-0.07764225324048969
1712,11.08566696226893,-0.077898316305488
1713,11.083216851759095,-0.07815483731940547
1714,11.080762744867515,-0.07841181603200305
1715,11.078304644476056,-0.07866925218914034
1716,11.075842553497719,-0.0789271455327688
1717,11.073376474876705,-0.07918549580092411
1718,11.070906411588467,-0.07944430272771853
1719,11.068432366639794,-0.07970356604333231
1720,11.065954343068837,-0.0799632854740077
1721,11.063472343945183,-0.08022346074204056
1722,11.060986372369909,-0.08048409156577314
1723,11.058496431475655,-0.08074517765958597
1724,11.056002524426669,-0.08100671873389105
1725,11.053504654418868,-0.0812687144951241
1726,11.051002824679893,-0.08153116464573743
1727,11.048497038469176,-0.08179406888419215
1728,11.045987299078002,-0.08205742690495083
1729,11.043473609829546,-0.08232123839847044
1730,11.040955974078948,-0.0825855030511949
1731,11.038434395213379,-0.08285022054554741
1732,11.035908876652087,-0.08311539055992334
1733,11.033379421846444,-0.08338101276868343
1734,11.030846034280046,-0.08364708684214539
1735,11.028308717468715,-0.08391361244657822
1736,11.025767474960595,-0.08418058924419386
1737,11.023222310336196,-0.08444801689314067
1738,11.020673227208473,-0.0847158950474951
1739,11.018120229222852,-0.08498422335725615
1740,11.015563320057291,-0.08525300146833786
1741,11.013002503422378,-0.08552222902256092
1742,11.010437783061334,-0.08579190565764729
1743,11.007869162750124,-0.08606203100721202
1744,11.005296646297456,-0.08633260470075727
1745,11.00272023754489,-0.08660362636366445
1746,11.000139940366866,-0.08687509561718754
1747,10.997555758670776,-0.08714701207844619
1748,10.994967696397016,-0.08741937536041881
1749,10.99237575751904,-0.08769218507193573
1750,10.989779946043425,-0.08796544081767216
1751,10.987180266009915,-0.08823914219814172
1752,10.984576721491493,-0.08851328880968945
1753,10.981969316594425,-0.08878788024448477
1754,10.979358055458325,-0.08906291609051532
1755,10.976742942256212,-0.08933839593157973
1756,10.974123981194557,-0.08961431934728116
1757,10.971501176513364,-0.08989068591302002
1758,10.96887453248619,-0.09016749519998879
1759,10.966244053420235,-0.09044474677516381
1760,10.963609743656379,-0.09072244020129949
1761,10.960971607569231,-0.09100057503692222
1762,10.958329649567219,-0.09127915083632261
1763,10.955683874092601,-0.0915581671495502
1764,10.95303428562157,-0.09183762352240585
1765,10.950380888664265,-0.09211751949643644
1766,10.947723687764855,-0.09239785460892756
1767,10.94506268750158,-0.09267862839289791
1768,10.942397892486825,-0.09295984037709182
1769,10.939729307367152,-0.09324149008597415
1770,10.937056936823364,-0.09352357703972362
1771,10.934380785570571,-0.09380610075422599
1772,10.931700858358237,-0.09408906074106843
1773,10.92901715997023,-0.09437245650753301
1774,10.926329695224892,-0.09465628755659061
1775,10.923638468975067,-0.09494055338689524
1776,10.920943486108188,-0.09522525349277701
1777,10.918244751546311,-0.09551038736423677
1778,10.915542270246183,-0.09579595448693952
1779,10.91283604719928,-0.096081954342209
1780,10.910126087431873,-0.09636838640702125
1781,10.907412396005085,-0.09665525015399896
1782,10.904694978014932,-0.09694254505140516
1783,10.901973838592392,-0.09723027056313766
1784,10.899248982903451,-0.09751842614872301
1785,10.896520416149158,-0.09780701126331069
1786,10.89378814356567,-0.09809602535766788
1787,10.89105217042433,-0.09838546787817237
1788,10.888312502031697,-0.09867533826680826
1789,10.885569143729613,-0.09896563596115907
1790,10.882822100895245,-0.09925636039440316
1791,10.88007137894114,-0.09954751099530758
1792,10.877316983315302,-0.09983908718822188
1793,10.8745589195012,-0.10013108839307411
1794,10.871797193017857,-0.10042351402536366
1795,10.869031809419901,-0.10071636349615633
1796,10.866262774297597,-0.10100963621207962
1797,10.863490093276916,-0.1013033315753159
1798,10.860713772019585,-0.10159744898359804
1799,10.857933816223126,-0.10189198783020435
1800,10.855150231620927,-0.1021869475039519
1801,10.852363023982289,-0.10248232738919237
1802,10.84957219911246,-0.10277812686580673
1803,10.846777762852716,-0.10307434530919928
1804,10.843979721080395,-0.1033709820902932
1805,10.841178079708943,-0.10366803657552519
1806,10.838372844687983,-0.10396550812684015
1807,10.83556402200335,-0.10426339610168657
1808,10.832751617677157,-0.10456169985301067
1809,10.829935637767822,-0.10486041872925282
1810,10.827116088370156,-0.10515955207434069
1811,10.824292975615368,-0.1054590992276863
1812,10.82146630567116,-0.1057590595241795
1813,10.818636084741746,-0.10605943229418403
1814,10.815802319067913,-0.10636021686353256
1815,10.812965014927066,-0.10666141255352204
1816,10.810124178633298,-0.10696301868090809
1817,10.807279816537411,-0.10726503455790155
1818,10.804431935026988,-0.10756745949216288
1819,10.801580540526427,-0.10787029278679809
1820,10.798725639496986,-0.10817353374035442
1821,10.795867238436866,-0.10847718164681451
1822,10.793005343881221,-0.10878123579559315
1823,10.790139962402224,-0.1090856954715328
1824,10.787271100609113,-0.10939055995489812
1825,10.784398765148245,-0.10969582852137252
1826,10.781522962703141,-0.11000150044205338
1827,10.778643699994525,-0.11030757498344824
1828,10.77576098378038,-0.1106140514074701
1829,10.772874820856002,-0.11092092897143294
1830,10.769985218054035,-0.11122820692804833
1831,10.76709218224453,-0.11153588452542051
1832,10.764195720334973,-0.11184396100704326
1833,10.761295839270357,-0.1121524356117945
1834,10.758392546033216,-0.11246130757393334
1835,10.755485847643671,-0.11277057612309563
1836,10.752575751159483,-0.11308024048429006
1837,10.749662263676093,-0.11339029987789453
1838,10.746745392326666,-0.1137007535196521
1839,10.743825144282152,-0.11401160062066679
1840,10.740901526751303,-0.1143228403874009
1841,10.73797454698075,-0.1146344720216704
1842,10.73504421225503,-0.11494649472064129
1843,10.732110529896635,-0.11525890767682613
1844,10.729173507266069,-0.11557171007808047
1845,10.72623315176187,-0.1158849011075993
1846,10.723289470820667,-0.11619847994391369
1847,10.720342471917224,-0.11651244576088725
1848,10.717392162564494,-0.11682679772771207
1849,10.714438550313647,-0.11714153500890624
1850,10.711481642754114,-0.11745665676431043
1851,10.70852144751364,-0.11777216214908418
1852,10.705557972258337,-0.11808805031370227
1853,10.702591224692695,-0.11840432040395303
1854,10.699621212559656,-0.1187209715609336
1855,10.696647943640642,-0.11903800292104766
1856,10.693671425755602,-0.11935541361600226
1857,10.690691666763042,-0.11967320277280478
1858,10.687708674560108,-0.11999136951375933
1859,10.684722457082565,-0.12030991295646522
1860,10.681733022304885,-0.1206288322138128
1861,10.67874037824028,-0.12094812639398127
1862,10.675744532940733,-0.1212677946004354
1863,10.67274549449704,-0.12158783593192382
1864,10.66974327103887,-0.12190824948247482
1865,10.666737870734783,-0.12222903434139491
1866,10.663729301792266,-0.12255018959326608
1867,10.660717572457802,-0.1228717143179427
1868,10.65770269101689,-0.1231936075905492
1869,10.654684665794088,-0.12351586848147808
1870,10.651663505153046,-0.12383849605638697
1871,10.648639217496552,-0.12416148937619673
1872,10.645611811266578,-0.12448484749708871
1873,10.64258129494431,-0.12480856947050241
1874,10.639547677050183,-0.125132654343134
1875,10.636510966143925,-0.12545710115693345
1876,10.633471170824588,-0.125781908949103
1877,10.630428299730603,-0.1261070767520943
1878,10.6273823615398,-0.12643260359360708
1879,10.624333364969447,-0.12675848849658705
1880,10.62128131877629,-0.12708473047922408
1881,10.618226231756601,-0.12741132855494972
1882,10.615168112746202,-0.12773828173243587
1883,10.612106970620484,-0.1280655890155937
1884,10.609042814294488,-0.12839324940357047
1885,10.605975652722895,-0.1287212618907489
1886,10.602905494900087,-0.12904962546674556
1887,10.599832349860186,-0.12937833911640845
1888,10.596756226677055,-0.1297074018198169
1889,10.593677134464379,-0.13003681255227845
1890,10.59059508237566,-0.1303665702843292
1891,10.58751007960428,-0.13069667398173085
1892,10.584422135383502,-0.13102712260547092
1893,10.581331258986546,-0.13135791511175965
1894,10.578237459726587,-0.13168905045203078
1895,10.57514074695681,-0.13202052757293892
1896,10.57204113007041,-0.13235234541635973
1897,10.568938618500676,-0.1326845029193873
1898,10.56583322172097,-0.13301699901433486
1899,10.562724949244787,-0.133349832628733
1900,10.559613810625802,-0.13368300268532807
1901,10.556499815457848,-0.13401650810208326
1902,10.553382973375001,-0.13435034779217603
1903,10.55026329405157,-0.1346845206639988
1904,10.547140787202176,-0.13501902562115653
1905,10.54401546258173,-0.1353538615624679
1906,10.540887329985477,-0.13568902738196426
1907,10.537756399249055,-0.13602452196888826
1908,10.534622680248475,-0.13636034420769483
1909,10.5314861829002,-0.13669649297804948
1910,10.528346917161135,-0.13703296715482874
1911,10.525204893028675,-0.13736976560811964
1912,10.522060120540711,-0.13770688720321997
1913,10.518912609775699,-0.1380443308006369
1914,10.515762370852636,-0.13838209525608852
1915,10.512609413931115,-0.1387201794205028
1916,10.509453749211364,-0.13905858214001707
1917,10.50629538693423,-0.13939730225597982
1918,10.503134337381248,-0.139736338604949
1919,10.499970610874648,-0.14007569001869324
1920,10.496804217777358,-0.1404153553241922
1921,10.493635168493077,-0.14075533334363594
1922,10.490463473466251,-0.14109562289442637
1923,10.487289143182142,-0.1414362227891764
1924,10.4841121881668,-0.14177713183571203
1925,10.480932618987131,-0.14211834883707128
1926,10.4777504462509,-0.14245987259150616
1927,10.474565680606739,-0.14280170189248237
1928,10.47137833274422,-0.14314383552867985
1929,10.468188413393808,-0.1434862722839945
1930,10.464995933326941,-0.14382901093753836
1931,10.461800903356012,-0.14417205026364055
1932,10.458603334334407,-0.14451538903184832
1933,10.455403237156535,-0.14485902600692793
1934,10.452200622757813,-0.1452029599488659
1935,10.44899550211472,-0.14554718961287008
1936,10.445787886244807,-0.1458917137493706
1937,10.442577786206702,-0.14623653110402146
1938,10.439365213100144,-0.14658164041770147
1939,10.436150178066004,-0.14692704042651558
1940,10.432932692286274,-0.1472727298617973
1941,10.429712766984116,-0.1476187074501087
1942,10.426490413423876,-0.1479649719132425
1943,10.423265642911058,-0.14831152196822495
1944,10.42003846679241,-0.14865835632731508
1945,10.416808896455882,-0.14900547369800857
1946,10.413576943330668,-0.14935287278303805
1947,10.410342618887206,-0.14970055228037624
1948,10.407105934637212,-0.15004851088323679
1949,10.403866902133663,-0.15039674728007718
1950,10.400625532970851,-0.15074526015459958
1951,10.397381838784362,-0.15109404818575417
1952,10.394135831251097,-0.1514431100477408
1953,10.390887522089294,-0.1517924444100109
1954,10.387636923058535,-0.15214204993727032
1955,10.38438404595975,-0.15249192528948155
1956,10.381128902635234,-0.15284206912186565
1957,10.377871504968667,-0.1531924800849052
1958,10.374611864885102,-0.15354315682434713
1959,10.371349994350993,-0.1538940979812044
1960,10.36808590537419,-0.15424530219175978
1961,10.364819610003954,-0.1545967680875681
1962,10.36155112033098,-0.1549484942954584
1963,10.358280448487372,-0.15530047943753789
1964,10.355007606646682,-0.15565272213119433
1965,10.351732607023903,-0.15600522098909875
1966,10.348455461875465,-0.15635797461920953
1967,10.34517618349927,-0.156710981624774
1968,10.341894784234654,-0.15706424060433333
1969,10.338611276462439,-0.1574177501517245
1970,10.335325672604903,-0.15777150885608413
1971,10.332037985125801,-0.15812551530185182
1972,10.328748226530369,-0.15847976806877345
1973,10.325456409365307,-0.15883426573190526
1974,10.322162546218811,-0.1591890068616168
1975,10.318866649720551,-0.15954399002359473
1976,10.31556873254168,-0.15989921377884694
1977,10.31226880739485,-0.1602546766837056
1978,10.308966887034183,-0.16061037728983193
1979,10.305662984255289,-0.1609663141442197
1980,10.302357111895278,-0.16132248578919847
1981,10.299049282832724,-0.16167889076243913
1982,10.295739509987701,-0.16203552759695697
1983,10.292427806321756,-0.16239239482111606
1984,10.289114184837919,-0.1627494909586337
1985,10.28579865858068,-0.16310681452858497
1986,10.282481240636024,-0.16346436404540612
1987,10.279161944131387,-0.16382213801890044
1988,10.275840782235678,-0.16418013495424172
1989,10.272517768159245,-0.16453835335197958
1990,10.269192915153905,-0.16489679170804372
1991,10.265866236512927,-0.16525544851374827
1992,10.262537745570992,-0.16561432225579778
1993,10.259207455704239,-0.16597341141629096
1994,10.25587538033022,-0.16633271447272605
1995,10.252541532907896,-0.1666922298980063
1996,10.249205926937648,-0.167051956160444
1997,10.245868575961245,-0.16741189172376694
1998,10.242529493561834,-0.16777203504712257
1999,10.239188693363955,-0.16813238458508387
2000,10.235846189033497,-0.16849293878765453
2001,10.232501994277708,-0.1688536961002745
2002,10.229156122845184,-0.16921465496382515
2003,10.225808588525824,-0.16957581381463574
2004,10.22245940515087,-0.16993717108448764
2005,10.21910858659285,-0.17029872520062142
2006,10.215756146765576,-0.1706604745857418
2007,10.212402099624128,-0.17102241765802428
2008,10.209046459164849,-0.17138455283112008
2009,10.205689239425302,-0.17174687851416323
2010,10.202330454484283,-0.17210939311177598
2011,10.198970118461782,-0.17247209502407507
2012,10.195608245518974,-0.17283498264667796
2013,10.192244849858207,-0.17319805437070912
2014,10.18887994572298,-0.173561308582806
2015,10.185513547397898,-0.17392474366512684
2016,10.182145669208673,-0.17428835799535586
2017,10.178776325522112,-0.17465214994671008
2018,10.175405530746081,-0.17501611788794608
2019,10.172033299329469,-0.17538026018336747
2020,10.168659645762192,-0.17574457519283054
2021,10.16528458457517,-0.1761090612717514
2022,10.16190813034027,-0.17647371677111348
2023,10.1585302976703,-0.1768385400374746
2024,10.155151101218989,-0.17720352941297343
2025,10.151770555680956,-0.1775686832353369
2026,10.14838867579168,-0.1779339998378877
2027,10.14500547632748,-0.1782994775495511
2028,10.141620972105477,-0.1786651146948629
2029,10.138235177983562,-0.17903090959397672
2030,10.134848108860382,-0.17939686056267157
2031,10.131459779675287,-0.17976296591235935
2032,10.128070205408328,-0.18012922395009245
2033,10.124679401080204,-0.18049563297857166
2034,10.121287381752229,-0.18086219129615433
2035,10.117894162526307,-0.1812288971968619
2036,10.11449975854489,-0.18159574897038805
2037,10.111104184990968,-0.18196274490210626
2038,10.107707457087988,-0.1823298832730792
2039,10.10430959009987,-0.1826971623600653
2040,10.10091059933093,-0.18306458043552848
2041,10.097510500125866,-0.18343213576764578
2042,10.0941093078697,-0.183799826620316
2043,10.09070703798777,-0.1841676512531682
2044,10.08730370594565,-0.18453560792157028
2045,10.083899327249148,-0.18490369487663777
2046,10.080493917444226,-0.1852719103652429
2047,10.077087492117009,-0.18564025263002218
2048,10.073680066893692,-0.1860087199093869
2049,10.070271657440546,-0.18637731043753045
2050,10.066862279463807,-0.18674602244443977
2051,10.06345194870971,-0.1871148541559015
2052,10.060040680964377,-0.18748380379351387
2053,10.056628492053818,-0.18785286957469408
2054,10.053215397843852,-0.18822204971268897
2055,10.049801414240079,-0.18859134241658365
2056,10.04638655718783,-0.18896074589131112
2057,10.042970842672103,-0.1893302583376624
2058,10.039554286717536,-0.18969987795229545
2059,10.036136905388318,-0.1900696029277461
2060,10.032718714788198,-0.19043943145243608
2061,10.029299731060373,-0.1908093617106846
2062,10.025879970387464,-0.1911793918827177
2063,10.022459448991468,-0.19154952014467808
2064,10.019038183133679,-0.19191974466863562
2065,10.01561618911466,-0.1922900636225974
2066,10.012193483274164,-0.19266047517051815
2067,10.008770081991097,-0.19303097747231035
2068,10.005346001683439,-0.19340156868385522
2069,10.001921258808192,-0.19377224695701298
2070,9.998495869861358,-0.1941430104396325
2071,9.995069851377808,-0.19451385727556397
2072,9.991643219931278,-0.19488478560466815
2073,9.988215992134286,-0.1952557935628276
2074,9.98478818463807,-0.19562687928195782
2075,9.981359814132526,-0.19599804089001802
2076,9.97793089734614,-0.19636927651102265
2077,9.97450145104593,-0.1967405842650519
2078,9.971071492037375,-0.19711196226826344
2079,9.967641037164354,-0.19748340863290342
2080,9.964210103309073,-0.19785492146731817
2081,9.960778707391992,-0.1982264988759655
2082,9.957346866371761,-0.19859813895942652
2083,9.95391459724516,-0.19896983981441688
2084,9.950481917047009,-0.19934159953379857
2085,9.947048842850101,-0.19971341620659241
2086,9.94361539176515,-0.20008528791798866
2087,9.940181580940676,-0.20045721274936049
2088,9.936747427562974,-0.2008291887782747
2089,9.933312948856004,-0.20120121407850466
2090,9.929878162081348,-0.201573286720042
2091,9.926443084538096,-0.20194540476910935
2092,9.923007733562793,-0.2023175662881727
2093,9.919572126529355,-0.20268976933595337
2094,9.916136280848985,-0.2030620119674407
2095,9.9127002139701,-0.20343429223390502
2096,9.909263943378233,-0.20380660818291002
2097,9.905827486595973,-0.20417895785832565
2098,9.902390861182852,-0.20455133930034108
2099,9.8989540847353,-0.20492375054547696
2100,9.895517174886516,-0.2052961896265995
2101,9.892080149306407,-0.205668654572933
2102,9.88864302570153,-0.20604114341007207
2103,9.885205821814916,-0.20641365415999707
2104,9.881768555426081,-0.20678618484108546
2105,9.87833124435085,-0.20715873346812677
2106,9.874893906441345,-0.20753129805233425
2107,9.871456559585832,-0.2079038766013602
2108,9.868019221708645,-0.20827646711930903
2109,9.864581910770122,-0.20864906760675012
2110,9.861144644766465,-0.20902167606073335
2111,9.857707441729673,-0.20939429047480143
2112,9.854270319727426,-0.2097669088390051
2113,9.850833296863009,-0.21013952913991635
2114,9.847396391275208,-0.21051214936064247
2115,9.843959621138191,-0.2108847674808413
2116,9.840523004661419,-0.211257381476735
2117,9.83708656008957,-0.2116299893211235
2118,9.83365030570238,-0.2120025889834008
2119,9.830214259814593,-0.21237517842956805
2120,9.826778440775835,-0.21274775562224868
2121,9.823342866970497,-0.21312031852070348
2122,9.819907556817652,-0.21349286508084478
2123,9.81647252877093,-0.21386539325525164
2124,9.813037801318421,-0.21423790099318477
2125,9.809603392982538,-0.2146103862406021
2126,9.80616932231995,-0.2149828469401729
2127,9.80273560792144,-0.21535528103129367
2128,9.7993022684118,-0.21572768645010307
2129,9.795869322449718,-0.21610006112949795
2130,9.792436788727647,-0.21647240299914847
2131,9.789004685971722,-0.21684470998551297
2132,9.785573032941628,-0.2172169800118545
2133,9.782141848430467,-0.21758921099825598
2134,9.778711151264657,-0.2179614008616365
2135,9.775280960303807,-0.2183335475157666
2136,9.771851294440587,-0.21870564887128513
2137,9.768422172600634,-0.21907770283571357
2138,9.764993613742389,-0.2194497073134742
2139,9.76156563685699,-0.2198216602059053
2140,9.75813826096817,-0.22019355941127702
2141,9.754711505132088,-0.22056540282480855
2142,9.751285388437248,-0.2209371883386837
2143,9.747859930004319,-0.2213089138420688
2144,9.744435148986051,-0.22168057722112777
2145,9.741011064567122,-0.22205217635903954
2146,9.737587695963988,-0.22242370913601553
2147,9.734165062424806,-0.22279517342931485
2148,9.730743183229242,-0.2231665671132627
2149,9.727322077688362,-0.2235378880592669
2150,9.723901765144506,-0.22390913413583421
2151,9.720482264971125,-0.22428030320858916
2152,9.717063596572654,-0.22465139314029006
2153,9.71364577938439,-0.22502240179084657
2154,9.71022883287232,-0.2253933270173371
2155,9.70681277653299,-0.22576416667402738
2156,9.703397629893383,-0.22613491861238608
2157,9.699983412510747,-0.22650558068110435
2158,9.69657014397246,-0.22687615072611253
2159,9.693157843895902,-0.22724662659059783
2160,9.689746531928256,-0.22761700611502392
2161,9.68633622774643,-0.22798728713714644
2162,9.682926951056857,-0.22835746749203295
2163,9.679518721595347,-0.22872754501208065
2164,9.67611155912697,-0.229097517527034
2165,9.672705483445847,-0.2294673828640045
2166,9.669300514375058,-0.2298371388474872
2167,9.66589667176644,-0.23020678329938074
2168,9.662493975500453,-0.23057631403900505
2169,9.65909244548601,-0.23094572888312076
2170,9.655692101660321,-0.2313150256459474
2171,9.652292963988746,-0.23168420213918217
2172,9.648895052464614,-0.23205325617201916
2173,9.64549838710908,-0.23242218555116806
2174,9.642102987970938,-0.23279098808087384
2175,9.638708875126488,-0.23315966156293474
2176,9.63531606867932,-0.2335282037967232
2177,9.631924588760198,-0.2338966125792037
2178,9.62853445552687,-0.23426488570495277
2179,9.625145689163908,-0.2346330209661778
2180,9.621758309882509,-0.23500101615273833
2181,9.61837233792036,-0.23536886905216342
2182,9.614987793541442,-0.23573657744967322
2183,9.611604697035851,-0.23610413912819794
2184,9.608223068719644,-0.23647155186839786
2185,9.604842928934653,-0.23683881344868313
2186,9.601464298048286,-0.23720592164523455
2187,9.598087196453388,-0.2375728742320225
2188,9.594711644568024,-0.23793966898082827
2189,9.591337662835318,-0.2383063036612638
2190,9.587965271723267,-0.2386727760407919
2191,9.58459449172454,-0.23903908388474748
2192,9.581225343356321,-0.23940522495635724
2193,9.577857847160098,-0.2397711970167609
2194,9.57449202370149,-0.24013699782503123
2195,9.571127893570049,-0.24050262513819562
2196,9.567765477379083,-0.24086807671125626
2197,9.564404795765434,-0.24123335029721193
2198,9.561045869389325,-0.2415984436470779
2199,9.557688718934138,-0.24196335450990777
2200,9.55433336510624,-0.24232808063281427
2201,9.55097982863474,-0.24269261976099182
2202,9.547628130271352,-0.24305696963773576
2203,9.544278290790178,-0.2434211280044648
2204,9.540930330987472,-0.24378509260074316
2205,9.537584271681464,-0.24414886116430157
2206,9.534240133712187,-0.2445124314310581
2207,9.530897937941223,-0.2448758011351414
2208,9.52755770525152,-0.2452389680089115
2209,9.524219456547172,-0.24560192978298293
2210,9.520883212753244,-0.2459646841862444
2211,9.517548994815527,-0.24632722894588346
2212,9.514216823700341,-0.24668956178740709
2213,9.510886720394335,-0.2470516804346641
2214,9.507558705904245,-0.2474135826098681
2215,9.504232801256716,-0.24777526603361885
2216,9.50090902749806,-0.2481367284249256
2217,9.497587405694036,-0.24849796750122952
2218,9.494267956929649,-0.24885898097842604
2219,9.490950702308933,-0.24921976657088726
2220,9.487635662954707,-0.24958032199148547
2221,9.484322860008378,-0.24994064495161547
2222,9.4810123146297,-0.2503007331612176
2223,9.477704047996554,-0.2506605843288009
2224,9.47439808130474,-0.25102019616146565
2225,9.471094435767704,-0.251379566364928
2226,9.467793132616364,-0.2517386926435411
2227,9.46449419309885,-0.25209757270032
2228,9.461197638480268,-0.2524562042369647
2229,9.457903490042488,-0.25281458495388304
2230,9.454611769083902,-0.2531727125502149
2231,9.451322496919156,-0.25353058472385626
2232,9.448035694878993,-0.25388819917148103
2233,9.444751384309926,-0.25424555358856704
2234,9.441469586574069,-0.25460264566941837
2235,9.438190323048838,-0.2549594731071903
2236,9.434913615126767,-0.2553160335939124
2237,9.431639484215204,-0.25567232482051394
2238,9.428367951736137,-0.25602834447684597
2239,9.425099039125879,-0.2563840902517079
2240,9.421832767834873,-0.25673955983286995
2241,9.41856915932741,-0.25709475090709893
2242,9.415308235081401,-0.2574496611601817
2243,9.412050016588118,-0.2578042882769502
2244,9.408794525351938,-0.258158629941306
2245,9.405541782890094,-0.2585126838362451
2246,9.402291810732423,-0.2588664476438825
2247,9.399044630421104,-0.2592199190454769
2248,9.395800263510404,-0.2595730957214564
2249,9.392558731566426,-0.2599259753514421
2250,9.389320056166827,-0.26027855561427493
2251,9.386084258900578,-0.26063083418803945
2252,9.382851361367702,-0.2609828087500892
2253,9.379621385178991,-0.2613344769770729
2254,9.376394351955755,-0.26168583654495886
2255,9.373170283329559,-0.26203688512906076
2256,9.369949200941939,-0.26238762040406344
2257,9.366731126444147,-0.26273804004404794
2258,9.363516081496877,-0.2630881417225175
2259,9.360304087769991,-0.2634379231124234
2260,9.35709516694225,-0.26378738188619016
2261,9.353889340701024,-0.26413651571574254
2262,9.35068663074204,-0.2644853222725303
2263,9.347487058769085,-0.26483379922755496
2264,9.344290646493741,-0.2651819442513957
2265,9.341097415635087,-0.2655297550142356
2266,9.337907387919445,-0.2658772291858875
2267,9.334720585080085,-0.26622436443582065
2268,9.331537028856932,-0.2665711584331869
2269,9.328356740996275,-0.26691760884684795
2270,9.32517974325052,-0.26726371334540056
2271,9.322006057377854,-0.2676094695972041
2272,9.318835705141996,-0.2679548752704065
2273,9.31566870831187,-0.2682999280329722
2274,9.312505088661347,-0.2686446255527074
2275,9.30934486796892,-0.2689889654972884
2276,9.306188068017438,-0.2693329455342874
2277,9.303034710593806,-0.26967656333119977
2278,9.299884817488671,-0.27001981655547186
2279,9.29673841049613,-0.2703627028745273
2280,9.293595511413452,-0.27070521995579455
2281,9.290456142040748,-0.27104736546673414
2282,9.287320324180667,-0.2713891370748666
2283,9.284188079638128,-0.2717305324477991
2284,9.281059430219987,-0.27207154925325266
2285,9.277934397734743,-0.2724121851590909
2286,9.274813003992206,-0.2727524378333472
2287,9.271695270803235,-0.27309230494425135
2288,9.268581219979378,-0.2734317841602595
2289,9.265470873332593,-0.27377087315007964
2290,9.262364252674933,-0.2741095695827013
2291,9.259261379818213,-0.2744478711274223
2292,9.256162276573729,-0.27478577545387717
2293,9.2530669647519,-0.2751232802320659
2294,9.24997546616197,-0.2754603831323816
2295,9.246887802611711,-0.27579708182563806
2296,9.243803995907063,-0.27613337398309923
2297,9.240724067851838,-0.27646925727650706
2298,9.237648040247404,-0.2768047293781093
2299,9.234575934892336,-0.27713978796068905
2300,9.23150777358211,-0.2774744306975929
2301,9.22844357810876,-0.2778086552627595
2302,9.225383370260568,-0.2781424593307483
2303,9.222327171821725,-0.2784758405767684
2304,9.219275004572015,-0.2788087966767065
2305,9.216226890286471,-0.2791413253071569
2306,9.213182850735025,-0.2794734241454506
2307,9.210142907682217,-0.279805090869683
2308,9.207107082886822,-0.2801363231587439
2309,9.204075398101535,-0.28046711869234653
2310,9.201047875072613,-0.2807974751510568
2311,9.198024535539583,-0.28112739021632155
2312,9.195005401234829,-0.28145686157049976
2313,9.191990493883315,-0.28178588689689027
2314,9.188979835202211,-0.2821144638797619
2315,9.185973446900563,-0.2824425902043826
2316,9.182971350678947,-0.2827702635570494
2317,9.179973568229107,-0.2830974816251176
2318,9.176980121233624,-0.28342424209703115
2319,9.173991031365562,-0.28375054266235167
2320,9.171006320288114,-0.2840763810117886
2321,9.168026009654271,-0.28440175483722885
2322,9.165050121106448,-0.2847266618317666
2323,9.16207867627614,-0.28505109968973363
2324,9.15911169678357,-0.285375066106729
2325,9.15614920423732,-0.28569855877964995
2326,9.153191220233998,-0.28602157540672063
2327,9.150237766357868,-0.2863441136875229
2328,9.14728886418048,-0.28666617132302763
2329,9.144344535260332,-0.28698774601562327
2330,9.14140480114249,-0.2873088354691475
2331,9.138469683358244,-0.2876294373889168
2332,9.13553920342472,-0.2879495494817577
2333,9.132613382844543,-0.28826916945603687
2334,9.129692243105445,-0.2885882950216918
2335,9.12677580567993,-0.288906923890261
2336,9.123864092024883,-0.28922505377491525
2337,9.12095712358119,-0.2895426823904886
2338,9.118054921773398,-0.28985980745350864
2339,9.115157508009336,-0.290176426682227
2340,9.11226490367973,-0.2904925377966509
2341,9.109377130157835,-0.29080813851857434
2342,9.10649420879907,-0.2911232265716084
2343,9.103616160940627,-0.29143779968121264
2344,9.100743007901107,-0.29175185557472644
2345,9.097874770980146,-0.29206539198139947
2346,9.09501147145803,-0.29237840663242354
2347,9.092153130595298,-0.2926908972609638
2348,9.0892997696324,-0.29300286160218997
2349,9.08645140978928,-0.29331429739330744
2350,9.08360807226502,-0.29362520237358913
2351,9.080769778237427,-0.293935574284407
2352,9.077936548862683,-0.2942454108692627
2353,9.075108405274943,-0.29455470987381993
2354,9.072285368585927,-0.29486346904593663
2355,9.069467459884576,-0.295171686135695
2356,9.066654700236638,-0.29547935889543425
2357,9.06384711068428,-0.2957864850797824
2358,9.061044712245696,-0.2960930624456877
2359,9.058247525914709,-0.2963990887524515
2360,9.055455572660408,-0.29670456176175813
2361,9.052668873426734,-0.2970094792377086
2362,9.049887449132079,-0.29731383894685204
2363,9.047111320668908,-0.2976176386582175
2364,9.044340508903348,-0.2979208761433465
2365,9.041575034674805,-0.29822354917632465
2366,9.038814918795557,-0.2985256555338141
2367,9.036060182050363,-0.29882719299508576
2368,9.033310845196048,-0.2991281593420516
2369,9.03056692896112,-0.29942855235929683
2370,9.027828454045377,-0.29972836983411155
2371,9.025095441119467,-0.3000276095565247
2372,9.02236791082452,-0.30032626931933537
2373,9.019645883771735,-0.3006243469181452
2374,9.016929380541983,-0.3009218401513914
2375,9.014218421685374,-0.30121874682037875
2376,9.011513027720886,-0.30151506472931294
2377,9.008813219135924,-0.3018107916853327
2378,9.00611901638596,-0.302105925498542
2379,9.00343043989406,-0.30240046398204395
2380,9.000747510050541,-0.30269440495197236
2381,8.998070247212512,-0.30298774622752517
2382,8.995398671703484,-0.3032804856309972
2383,8.992732803812967,-0.30357262098781274
2384,8.99007266379604,-0.30386415012655854
2385,8.98741827187295,-0.30415507087901694
2386,8.984769648228681,-0.30444538108019886
2387,8.98212681301258,-0.30473507856837606
2388,8.979489786337886,-0.30502416118511555
2389,8.976858588281354,-0.3053126267753115
2390,8.974233238882842,-0.3056004731872182
2391,8.971613758144876,-0.3058876982724842
2392,8.969000166032224,-0.30617429988618516
2393,8.966392482471502,-0.30646027588685637
2394,8.963790727350748,-0.30674562413652684
2395,8.961194920518993,-0.307030342500752
2396,8.958605081785858,-0.3073144288486473
2397,8.956021230921118,-0.30759788105292135
2398,8.95344338765429,-0.30788069698990933
2399,8.950871571674185,-0.30816287453960717
2400,8.94830580262855,-0.3084444115857032
2401,8.945746100123577,-0.30872530601561304
2402,8.943192483723513,-0.3090055557205131
2403,8.940644972950238,-0.3092851585953729
2404,8.93810358728282,-0.3095641125389903
2405,8.935568346157117,-0.3098424154540235
2406,8.933039268965338,-0.3101200652470254
2407,8.930516375055612,-0.31039705982847726
2408,8.927999683731572,-0.31067339711282227
2409,8.925489214251929,-0.31094907501849894
2410,8.92298498583004,-0.311224091467975
2411,8.920487017633471,-0.31149844438778157
2412,8.917995328783585,-0.31177213170854634
2413,8.91550993835513,-0.31204515136502703
2414,8.913030865375763,-0.3123175012961464
2415,8.91055812882565,-0.312589179445025
2416,8.908091747637062,-0.31286018375901503
2417,8.905631740693881,-0.3131305121897353
2418,8.903178126831234,-0.3134001626931037
2419,8.900730924835035,-0.31366913322937195
2420,8.898290153441547,-0.3139374217631593
2421,8.89585583133696,-0.31420502626348695
2422,8.893427977156962,-0.31447194470381123
2423,8.891006609486318,-0.314738175062058
2424,8.88859174685841,-0.31500371532065685
2425,8.88618340775483,-0.3152685634665748
2426,8.883781610604936,-0.31553271749135064
2427,8.881386373785432,-0.31579617539112875
2428,8.878997715619928,-0.3160589351666929
2429,8.876615654378504,-0.3163209948235013
2430,8.874240208277273,-0.31658235237172017
2431,8.87187139547796,-0.3168430058262577
2432,8.86950923408748,-0.31710295320679777
2433,8.867153742157477,-0.3173621925378359
2434,8.864804937683907,-0.31762072184871104
2435,8.86246283860659,-0.3178785391736421
2436,8.860127462808808,-0.31813564255176024
2437,8.85779882811684,-0.3183920300271442
2438,8.855476952299544,-0.3186476996488542
2439,8.853161853067926,-0.31890264947096586
2440,8.8508535480747,-0.31915687755260524
2441,8.848552054913833,-0.3194103819579827
2442,8.846257391120169,-0.3196631607564269
2443,8.843969574168943,-0.3199152120224192
2444,8.841688621475363,-0.32016653383562843
2445,8.839414550394185,-0.3204171242809449
2446,8.837147378219278,-0.32066698144851397
2447,8.834887122183174,-0.32091610343377214
2448,8.83263379945666,-0.32116448833747957
2449,8.830387427148326,-0.32141213426575543
2450,8.828148022304143,-0.32165903933011203
2451,8.825915601907026,-0.321905201647489
2452,8.8236901828764,-0.3221506193402877
2453,8.821471782067771,-0.322395290536406
2454,8.819260416272295,-0.32263921336927187
2455,8.817056102216343,-0.3228823859778785
2456,8.814858856561079,-0.3231248065068177
2457,8.812668695902,-0.32336647310631594
2458,8.810485636768545,-0.32360738393226696
2459,8.808309695623635,-0.32384753714626696
2460,8.806140888863247,-0.3240869309156492
2461,8.803979232816005,-0.3243255634135178
2462,8.80182474374272,-0.3245634328187826
2463,8.799677437835973,-0.3248005373161932
2464,8.797537331219697,-0.32503687509637347
2465,8.795404439948726,-0.3252724443558563
2466,8.793278780008391,-0.325507243297117
2467,8.791160367314077,-0.3257412701286086
2468,8.789049217710799,-0.32597452306479563
2469,8.78694534697276,-0.32620700032618943
2470,8.784848770802956,-0.32643870013938114
2471,8.78275950483273,-0.3266696207370767
2472,8.780677564621328,-0.32689976035813223
2473,8.77860296565553,-0.327129117247586
2474,8.776535723349157,-0.32735768965669493
2475,8.774475853042704,-0.32758547584296804
2476,8.772423370002873,-0.32781247407020075
2477,8.770378289422178,-0.32803868260850927
2478,8.768340626418514,-0.3282640997343652
2479,8.766310396034724,-0.32848872373062954
2480,8.764287613238205,-0.3287125528865866
2481,8.762272292920462,-0.32893558549797897
2482,8.7602644498967,-0.3291578198670414
2483,8.758264098905393,-0.3293792543025353
2484,8.756271254607885,-0.32959988711978266
2485,8.754285931587958,-0.32981971664070026
2486,8.752308144351424,-0.3300387411938342
2487,8.750337907325681,-0.3302569591143944
2488,8.74837523485935,-0.3304743687442875
2489,8.746420141221813,-0.3306909684321524
2490,8.74447264060282,-0.3309067565333935
2491,8.742532747112064,-0.3311217314102159
2492,8.740600474778784,-0.33133589143165804
2493,8.738675837551353,-0.3315492349736268
2494,8.73675884929684,-0.33176176041893185
2495,8.734849523800639,-0.3319734661573185
2496,8.732947874766039,-0.33218435058550294
2497,8.731053915813803,-0.33239441210720577
2498,8.72916766048179,-0.33260364913318613
2499,8.72728912222455,-0.33281206008127495
2500,8.725418314412865,-0.3330196433764106
2501,8.723555250333424,-0.333226397450671
2502,8.721699943188362,-0.3334323207433084
2503,8.719852406094878,-0.3336374117007837
2504,8.718012652084829,-0.33384166877679944
2505,8.716180694104343,-0.33404509043233394
2506,8.714356545013407,-0.3342476751356753
2507,8.712540217585472,-0.33444942136245526
2508,8.710731724507061,-0.3346503275956825
2509,8.708931078377361,-0.334850392325777
2510,8.707138291707844,-0.33504961405060346
2511,8.705353376921865,-0.3352479912755047
2512,8.703576346354273,-0.3354455225133358
2513,8.70180721225102,-0.33564220628449737
2514,8.700045986768771,-0.33583804111696935
2515,8.698292681974513,-0.33603302554634457
2516,8.696547309845178,-0.33622715811586196
2517,8.694809882267238,-0.3364204373764408
2518,8.69308041103634,-0.33661286188671313
2519,8.691358907856909,-0.3368044302130584
2520,8.689645384341777,-0.3369951409296356
2521,8.687939852011796,-0.3371849926184179
2522,8.686242322295456,-0.33737398386922485
2523,8.684552806528512,-0.3375621132797565
2524,8.68287131595361,-0.33774937945562605
2525,8.681197861719912,-0.3379357810103936
2526,8.679532454882706,-0.3381213165655991
2527,8.677875106403054,-0.3383059847507953
2528,8.676225827147418,-0.33848978420358133
2529,8.674584627887285,-0.3386727135696353
2530,8.672951519298792,-0.3388547715027476
2531,8.671326511962379,-0.33903595666485387
2532,8.669709616362416,-0.3392162677260678
2533,8.668100842886828,-0.33939570336471414
2534,8.666500201826745,-0.33957426226736187
2535,8.664907703376146,-0.3397519431288563
2536,8.663323357631493,-0.33992874465235245
2537,8.661747174591381,-0.34010466554934743
2538,8.66017916415616,-0.34027970453971373
2539,8.658619336127622,-0.34045386035173103
2540,8.657067700208612,-0.3406271317221191
2541,8.655524266002693,-0.34079951739607106
2542,8.653989043013809,-0.3409710161272845
2543,8.652462040645922,-0.34114162667799486
2544,8.650943268202662,-0.3413113478190081
2545,8.649432734887005,-0.34148017832973226
2546,8.647930449800906,-0.3416481169982102
2547,8.646436421944994,-0.34181516262115175
2548,8.644950660218202,-0.34198131400396553
2549,8.643473173417432,-0.34214656996079246
2550,8.642003970237246,-0.34231092931453605
2551,8.640543059269506,-0.34247439089689585
2552,8.63909044900308,-0.3426369535483981
2553,8.637646147823466,-0.34279861611842927
2554,8.636210164012496,-0.34295937746526667
2555,8.634782505748008,-0.3431192364561107
2556,8.63336318110352,-0.3432781919671166
2557,8.631952198047902,-0.3434362428834266
2558,8.630549564445062,-0.3435933880992007
2559,8.629155288053646,-0.3437496265176488
2560,8.627769376526695,-0.34390495705106205
2561,8.626391837411347,-0.3440593786208446
2562,8.625022678148527,-0.34421289015754475
2563,8.623661906072641,-0.34436549060088606
2564,8.622309528411247,-0.34451717889979944
2565,8.620965552284781,-0.3446679540124536
2566,8.619629984706245,-0.34481781490628605
2567,8.618302832580888,-0.34496676055803543
2568,8.61698410270593,-0.3451147899537712
2569,8.615673801770257,-0.3452619020889253
2570,8.614371936354118,-0.3454080959683229
2571,8.613078512928857,-0.34555337060621316
2572,8.611793537856595,-0.3456977250263002
2573,8.610517017389975,-0.3458411582617731
2574,8.60924895767184,-0.3459836693553379
2575,8.607989364734976,-0.3461252573592468
2576,8.606738244501829,-0.34626592133532913
2577,8.605495602784213,-0.3464056603550219
2578,8.604261445283033,-0.34654447349940065
2579,8.603035777588042,-0.34668235985920826
2580,8.601818605177538,-0.34681931853488623
2581,8.600609933418097,-0.34695534863660493
2582,8.599409767564318,-0.3470904492842933
2583,8.59821811275856,-0.3472246196076682
2584,8.597034974030654,-0.34735785874626607
2585,8.595860356297681,-0.34749016584947084
2586,8.594694264363701,-0.34762154007654433
2587,8.593536702919458,-0.3477519805966571
2588,8.5923876765422,-0.3478814865889159
2589,8.59124718969538,-0.34801005724239464
2590,8.590115246728402,-0.34813769175616416
2591,8.588991851876408,-0.34826438933932025
2592,8.587877009260009,-0.3483901492110137
2593,8.586770722885085,-0.3485149706004792
2594,8.585672996642481,-0.34863885274706496
2595,8.584583834307827,-0.3487617949002613
2596,8.583503239541285,-0.34888379631972977
2597,8.582431215887304,-0.349004856275332
2598,8.581367766774424,-0.34912497404715837
2599,8.580312895515046,-0.3492441489255562
2600,8.579266605305175,-0.3493623802111596
2601,8.578228899224234,-0.34947966721491713
2602,8.577199780234833,-0.34959600925812023
2603,8.576179251182555,-0.3497114056724318
2604,8.575167314795756,-0.34982585579991426
2605,8.574163973685339,-0.3499393589930577
2606,8.573169230344556,-0.3500519146148082
2607,8.572183087148783,-0.350163522038596
2608,8.571205546355367,-0.3502741806483622
2609,8.570236610103377,-0.3503838898385881
2610,8.569276280413417,-0.35049264901432214
2611,8.56832455918748,-0.35060045759120695
2612,8.567381448208682,-0.3507073149955082
2613,8.566446949141133,-0.3508132206641407
2614,8.565521063529733,-0.35091817404469644
2615,8.564603792799964,-0.351022174595472
2616,8.563695138257753,-0.3511252217854951
2617,8.562795101089272,-0.3512273150945518
2618,8.561903682360759,-0.35132845401321355
2619,8.561020883018362,-0.3514286380428641
2620,8.560146703887959,-0.35152786669572583
2621,8.559281145674996,-0.3516261394948868
2622,8.558424208964322,-0.35172345597432725
2623,8.557575894220033,-0.35181981567894544
2624,8.556736201785306,-0.35191521816458493
2625,8.555905131882266,-0.3520096629980597
2626,8.555082684611794,-0.3521031497571815
2627,8.554268859953416,-0.3521956780307848
2628,8.553463657765148,-0.35228724741875284
2629,8.552667077783333,-0.3523778575320444
2630,8.551879119622528,-0.3524675079927183
2631,8.551099782775346,-0.3525561984339596
2632,8.55032906661234,-0.35264392850010445
2633,8.549566970381854,-0.3527306978466664
2634,8.5488134932099,-0.3528165061403613
2635,8.54806863410004,-0.35290135305913173
2636,8.547332391933248,-0.35298523829217326
2637,8.546604765467814,-0.35306816153995807
2638,8.5458857533392,-0.3531501225142607
2639,8.545175354059943,-0.35323112093818265
2640,8.544473566019539,-0.35331115654617623
2641,8.543780387484333,-0.35339022908407025
2642,8.543095816597415,-0.3534683383090931
2643,8.542419851378524,-0.3535454839898978
2644,8.541752489723944,-0.3536216659065858
2645,8.541093729406407,-0.3536968838507308
2646,8.540443568074995,-0.35377113762540335
2647,8.539802003255067,-0.35384442704519364
2648,8.539169032348157,-0.3539167519362359
2649,8.538544652631897,-0.3539881121362314
2650,8.537928861259907,-0.35405850749447276
2651,8.537321655261787,-0.3541279378718656
2652,8.536723031542957,-0.3541964031409534
2653,8.536132986884645,-0.35426390318593975
2654,8.535551517943802,-0.3543304379027109
2655,8.534978621253027,-0.35439600719885916
2656,8.534414293220513,-0.35446061099370524
2657,8.533858530129981,-0.354524249218321
2658,8.533311328140622,-0.35458692181555207
2659,8.532772683287059,-0.3546486287400394
2660,8.532242591479283,-0.3547093699582417
2661,8.531721048502602,-0.354769145448458
2662,8.53120805001761,-0.3548279552008488
2663,8.530703591560131,-0.35488579921745866
2664,8.530207668541193,-0.35494267751223696
2665,8.529720276246998,-0.3549985901110593
2666,8.529241409838868,-0.35505353705175013
2667,8.528771064353222,-0.35510751838410304
2668,8.528309234701556,-0.35516053416990234
2669,8.52785591567044,-0.35521258448294313
2670,8.527411101921462,-0.3552636694090528
2671,8.52697478799123,-0.3553137890461122
2672,8.526546968291361,-0.35536294350407527
2673,8.526127637108456,-0.35541113290499016
2674,8.525716788604118,-0.35545835738301873
2675,8.525314416814926,-0.35550461708445763
2676,8.524920515652441,-0.3555499121677577
2677,8.524535078903199,-0.3555942428035444
2678,8.524158100228728,-0.35563760917463694
2679,8.523789573165558,-0.35568001147606826
2680,8.523429491125224,-0.3557214499151042
2681,8.523077847394283,-0.355761924711263
2682,8.52273463513433,-0.3558014360963346
2683,8.522399847382028,-0.3558399843143993
2684,8.522073477049116,-0.3558775696218468
2685,8.521755516922449,-0.35591419228739535
2686,8.521445959664021,-0.35594985259210943
2687,8.521144797811004,-0.35598455082941927
2688,8.520852023775774,-0.35601828730513846
2689,8.520567629845965,-0.35605106233748185
2690,8.5202916081845,-0.3560828762570845
2691,8.520023950829632,-0.35611372940701885
2692,8.519764649695013,-0.3561436221428125
2693,8.519513696569726,-0.3561725548324655
2694,8.51927108311835,-0.35620052785646883
2695,8.519036800881002,-0.35622754160782066
2696,8.518810841273428,-0.3562535964920433
2697,8.518593195587044,-0.3562786929272009
2698,8.518383854989011,-0.35630283134391577
2699,8.518182810522296,-0.35632601218538523
2700,8.517990053105756,-0.35634823590739806
2701,8.517805573534215,-0.35636950297835074
2702,8.517629362478537,-0.35638981387926344
2703,8.517461410485705,-0.3564091691037968
2704,8.517301707978914,-0.35642756915826695
2705,8.517150245257676,-0.35644501456166117
2706,8.517007012497878,-0.3564615058456543
2707,8.516871999751897,-0.3564770435546233
2708,8.516745196948692,-0.356491628245663
2709,8.516626593893903,-0.35650526048860104
2710,8.516516180269965,-0.3565179408660123
2711,8.516413945636216,-0.35652966997323426
2712,8.516319879428988,-0.3565404484183813
2713,8.516233970961732,-0.3565502768223595
2714,8.516156209425143,-0.35655915581887987
2715,8.516086583887269,-0.35656708605447346
2716,8.516025083293625,-0.35657406818850523
2717,8.515971696467343,-0.356580102893187
2718,8.515926412109271,-0.3565851908535919
2719,8.515889218798126,-0.35658933276766747
2720,8.515860104990626,-0.35659252934624847
2721,8.515839059021607,-0.356594781313071
2722,8.515826069104186,-0.3565960894047844
2723,8.515821123329898,-0.35659645437096454
2724,8.515824209668837,-0.35659587697412637
2725,8.515835315969808,-0.35659435798973593
2726,8.515854429960488,-0.35659189820622317
2727,8.515881539247555,-0.35658849842499374
2728,8.515916631316877,-0.3565841594604408
2729,8.515959693533656,-0.35657888213995664
2730,8.516010713142597,-0.3565726673039446
2731,8.516069677268074,-0.35656551580583007
2732,8.516136572914293,-0.35655742851207206
2733,8.516211386965468,-0.356548406302174
2734,8.516294106186004,-0.35653845006869445
2735,8.516384717220674,-0.3565275607172578
2736,8.51648320659478,-0.3565157391665656
2737,8.516589560714367,-0.3565029863484053
2738,8.516703765866396,-0.3564893032076616
2739,8.516825808218929,-0.35647469070232585
2740,8.516955673821323,-0.35645914980350624
2741,8.517093348604442,-0.3564426814954371
2742,8.517238818380829,-0.3564252867754884
2743,8.517392068844927,-0.35640696665417465
2744,8.51755308557328,-0.3563877221551645
2745,8.517721854024732,-0.3563675543152894
2746,8.517898359540643,-0.3563464641845519
2747,8.518082587345091,-0.356324452826135
2748,8.518274522545111,-0.3563015213164094
2749,8.518474150130887,-0.3562776707449425
2750,8.518681454975983,-0.35625290221450595
2751,8.518896421837573,-0.3562272168410834
2752,8.51911903535665,-0.35620061575387807
2753,8.519349280058277,-0.35617310009532027
2754,8.519587140351806,-0.3561446710210745
2755,8.519832600531103,-0.35611532970004645
2756,8.520085644774804,-0.35608507731438976
2757,8.520346257146546,-0.3560539150595128
2758,8.520614421595207,-0.3560218441440848
2759,8.520890121955155,-0.3559888657900426
2760,8.52117334194649,-0.3559549812325962
2761,8.521464065175298,-0.355920191720235
2762,8.52176227513391,-0.35588449851473297
2763,8.522067955201157,-0.35584790289115437
2764,8.522381088642614,-0.35581040613785936
2765,8.522701658610861,-0.3557720095565089
2766,8.523029648145778,-0.35573271446206917
2767,8.523365040174763,-0.355692522182817
2768,8.523707817513046,-0.3556514340603435
2769,8.524057962863928,-0.3556094514495593
2770,8.524415458819067,-0.3555665757186981
2771,8.524780287858754,-0.3555228082493206
2772,8.525152432352186,-0.35547815043631836
2773,8.525531874557757,-0.35543260368791735
2774,8.525918596623331,-0.35538616942568085
2775,8.526312580586541,-0.35533884908451285
2776,8.526713808375062,-0.35529064411266126
2777,8.527122261806902,-0.3552415559717202
2778,8.527537922590724,-0.3551915861366323
2779,8.527960772326093,-0.3551407360956918
2780,8.528390792503824,-0.35508900735054577
2781,8.528827964506254,-0.35503640141619625
2782,8.529272269607537,-0.35498291982100283
2783,8.52972368897397,-0.35492856410668294
2784,8.530182203664312,-0.35487333582831326
2785,8.53064779463004,-0.3548172365543318
2786,8.531120442715727,-0.3547602678665375
2787,8.531600128659315,-0.35470243136009183
2788,8.53208683309244,-0.354643728643519
2789,8.53258053654076,-0.35458416133870574
2790,8.533081219424263,-0.3545237310809021
2791,8.533588862057602,-0.354462439518721
2792,8.534103444650423,-0.3544002883141372
2793,8.53462494730768,-0.35433727914248786
2794,8.535153350029978,-0.3542734136924709
2795,8.535688632713894,-0.35420869366614444
2796,8.536230775152326,-0.3541431207789252
2797,8.536779757034816,-0.35407669675958753
2798,8.537335557947895,-0.35400942335026153
2799,8.53789815737542,-0.35394130230643134
2800,8.538467534698935,-0.35387233539693247
2801,8.539043669198,-0.35380252440395027
2802,8.53962654005052,-0.35373187112301774
2803,8.540216126333144,-0.35366037736301154
2804,8.540812407021575,-0.3535880449461501
2805,8.541415360990937,-0.3535148757079902
2806,8.542024967016147,-0.3534408714974233
2807,8.542641203772225,-0.3533660341766733
2808,8.543264049834711,-0.3532903656212907
2809,8.543893483680005,-0.35321386772014984
2810,8.544529483685713,-0.35313654237544506
2811,8.545172028131036,-0.3530583915026852
2812,8.54582109519711,-0.35297941703069013
2813,8.54647666296742,-0.3528996209015847
2814,8.547138709428127,-0.35281900507079433
2815,8.547807212468477,-0.35273757150703944
2816,8.548482149881155,-0.35265532219233
2817,8.54916349936265,-0.35257225912196033
2818,8.549851238513675,-0.35248838430450213
2819,8.550545344839508,-0.35240369976179914
2820,8.551245795750388,-0.35231820752896037
2821,8.551952568561916,-0.35223190965435325
2822,8.552665640495416,-0.3521448081995971
2823,8.553384988678333,-0.35205690523955624
2824,8.554110590144639,-0.35196820286233205
2825,8.554842421835184,-0.35187870316925635
2826,8.555580460598138,-0.35178840827488256
2827,8.556324683189354,-0.35169732030697853
2828,8.557075066272771,-0.3516054414065181
2829,8.557831586420823,-0.3515127737276728
2830,8.558594220114818,-0.351419319437803
2831,8.559362943745361,-0.35132508071744917
2832,8.560137733612748,-0.3512300597603226
2833,8.560918565927366,-0.3511342587732966
2834,8.561705416810119,-0.35103767997639607
2835,8.56249826229281,-0.3509403256027884
2836,8.56329707831856,-0.35084219789877363
2837,8.564101840742229,-0.35074329912377344
2838,8.56491252533083,-0.3506436315503209
2839,8.565729107763914,-0.3505431974640508
2840,8.566551563634027,-0.35044199916368723
2841,8.5673798684471,-0.3503400389610331
2842,8.568213997622868,-0.3502373191809593
2843,8.569053926495313,-0.35013384216139176
2844,8.569899630313055,-0.35002961025330104
2845,8.570751084239797,-0.34992462582068945
2846,8.571608263354747,-0.3498188912405786
2847,8.572471142653024,-0.3497124089029976
2848,8.573339697046123,-0.3496051812109693
2849,8.57421390136229,-0.3494972105804987
2850,8.575093730347014,-0.349388499440558
2851,8.575979158663404,-0.3492790502330746
2852,8.57687016089267,-0.34916886541291603
2853,8.57776671153451,-0.3490579474478774
2854,8.578668785007576,-0.3489462988186664
2855,8.579576355649897,-0.3488339220188891
2856,8.58048939771933,-0.3487208195550352
2857,8.581407885393975,-0.34860699394646355
2858,8.582331792772647,-0.3484924477253863
2859,8.58326109387529,-0.3483771834368543
2860,8.584195762643434,-0.34826120363874113
2861,8.58513577294063,-0.3481445109017275
2862,8.58608109855291,-0.34802710780928464
2863,8.58703171318921,-0.3479089969576589
2864,8.587987590481836,-0.3477901809558548
2865,8.588948703986906,-0.3476706624256176
2866,8.5899150271848,-0.3475504440014177
2867,8.590886533480594,-0.3474295283304324
2868,8.591863196204555,-0.3473079180725281
2869,8.59284498861254,-0.34718561590024394
2870,8.593831883886487,-0.34706262449877257
2871,8.594823855134852,-0.3469389465659426
2872,8.595820875393073,-0.3468145848121999
2873,8.59682291762403,-0.3466895419605889
2874,8.597829954718478,-0.3465638207467341
2875,8.598841959495527,-0.34643742391882076
2876,8.599858904703119,-0.34631035423757456
2877,8.60088076301844,-0.34618261447624366
2878,8.601907507048415,-0.34605420742057763
2879,8.602939109330167,-0.3459251358688077
2880,8.603975542331467,-0.3457954026316264
2881,8.60501677845122,-0.34566501053216675
2882,8.606062790019907,-0.3455339624059818
2883,8.607113549300053,-0.3454022611010233
2884,8.608169028486708,-0.34526990947762054
2885,8.6092291997079,-0.3451369104084587
2886,8.610294035025108,-0.345003266778557
2887,8.61136350643374,-0.3448689814852467
2888,8.612437585863573,-0.34473405743814906
2889,8.613516245179254,-0.3445984975591523
2890,8.61459945618077,-0.34446230478238893
2891,8.615687190603891,-0.3443254820542135
2892,8.61677942012067,-0.34418803233317824
2893,8.617876116339895,-0.3440499585900105
2894,8.618977250807584,-0.3439112638075882
2895,8.620082795007448,-0.3437719509809164
2896,8.621192720361353,-0.343632023117103
2897,8.622306998229819,-0.34349148323533424
2898,8.623425599912487,-0.3433503343668494
2899,8.624548496648583,-0.3432085795549169
2900,8.625675659617407,-0.3430662218548085
2901,8.626807059938821,-0.3429232643337734
2902,8.627942668673704,-0.3427797100710136
2903,8.629082456824445,-0.342635562157657
2904,8.630226395335418,-0.3424908236967319
2905,8.63137445509346,-0.3423454978031401
2906,8.632526606928362,-0.34219958760363045
2907,8.63368282161333,-0.34205309623677194
2908,8.634843069865495,-0.3419060268529263
2909,8.636007322346355,-0.34175838261422115
2910,8.637175549662295,-0.3416101666945215
2911,8.638347722365047,-0.3414613822794027
2912,8.63952381095218,-0.34131203256612164
2913,8.640703785867583,-0.3411621207635888
2914,8.641887617501961,-0.34101165009233886
2915,8.643075276193272,-0.34086062378450377
2916,8.644266732227265,-0.340709045083781
2917,8.645461955837966,-0.3405569172454055
2918,8.646660917208095,-0.34040424353612087
2919,8.647863586469631,-0.3402510272341477
2920,8.649069933704256,-0.34009727162915476
2921,8.650279928943851,-0.33994298002222806
2922,8.651493542170972,-0.3397881557258407
2923,8.652710743319341,-0.3396328020638218
2924,8.653931502274355,-0.3394769223713248
2925,8.655155788873529,-0.3393205199947974
2926,8.65638357290702,-0.3391635982919488
2927,8.657614824118099,-0.33900616063171846
2928,8.658849512203641,-0.3388482103942438
2929,8.660087606814603,-0.33868975097082804
2930,8.661329077556537,-0.33853078576390727
2931,8.662573893990048,-0.33837131818701827
2932,8.663822025631298,-0.3382113516647648
2933,8.66507344195249,-0.33805088963278457
2934,8.666328112382358,-0.33788993553771574
2935,8.667586006306657,-0.33772849283716294
2936,8.668847093068655,-0.33756656499966314
2937,8.670111341969593,-0.33740415550465197
2938,8.671378722269214,-0.33724126784242836
2939,8.672649203186234,-0.3370779055141201
2940,8.673922753898804,-0.33691407203164947
2941,8.675199343545062,-0.33674977091769626
2942,8.676478941223555,-0.336585005705664
2943,8.677761515993772,-0.33641977993964317
2944,8.679047036876602,-0.336254097174376
2945,8.68033547285485,-0.33608796097521876
2946,8.681626792873713,-0.3359213749181069
2947,8.682920965841259,-0.33575434258951736
2948,8.68421796062893,-0.3355868675864318
2949,8.685517746072023,-0.3354189535162993
2950,8.68682029097017,-0.3352506039969993
2951,8.688125564087859,-0.33508182265680264
2952,8.689433534154887,-0.3349126131343349
2953,8.69074416986685,-0.3347429790785379
2954,8.692057439885662,-0.33457292414863044
2955,8.693373312840004,-0.33440245201407054
2956,8.694691757325831,-0.3342315663545162
2957,8.696012741906864,-0.3340602708597857
2958,8.69733623511507,-0.3338885692298186
2959,8.698662205451152,-0.333716465174636
2960,8.699990621385027,-0.3335439624143007
2961,8.701321451356314,-0.3333710646788768
2962,8.702654663774847,-0.33319777570838915
2963,8.703990227021112,-0.3330240992527834
2964,8.705328109446787,-0.33285003907188404
2965,8.706668279375181,-0.3326755989353542
2966,8.708010705101756,-0.33250078262265315
2967,8.709355354894587,-0.332325593922996
2968,8.710702196994847,-0.33215003663531145
2969,8.71205119961732,-0.33197411456819825
2970,8.71340233095086,-0.33179783153988485
2971,8.714755559158874,-0.3316211913781853
2972,8.716110852379822,-0.33144419792045743
2973,8.717468178727687,-0.3312668550135589
2974,8.718827506292463,-0.3310891665138046
2975,8.72018880314064,-0.33091113628692237
2976,8.721552037315684,-0.3307327682080098
2977,8.722917176838514,-0.3305540661614897
2978,8.724284189708,-0.3303750340410661
2979,8.725653043901415,-0.3301956757496797
2980,8.727023707374956,-0.3300159951994627
2981,8.728396148064176,-0.3298359963116945
2982,8.729770333884526,-0.3296556830167554
2983,8.73114623273178,-0.32947505925408194
2984,8.73252381248253,-0.3292941289721211
2985,8.73390304099468,-0.32911289612828404
2986,8.735283886107903,-0.3289313646888999
2987,8.736666315644145,-0.3287495386291694
2988,8.73805029740807,-0.3285674219331183
2989,8.739435799187575,-0.3283850185935499
2990,8.740822788754224,-0.32820233261199905
2991,8.742211233863776,-0.328019367998683
2992,8.743601102256601,-0.3278361287724556
2993,8.744992361658204,-0.3276526189607581
2994,8.746384979779677,-0.3274688425995716
2995,8.747778924318181,-0.3272848037333685
2996,8.749174162957413,-0.3271005064150641
2997,8.750570663368082,-0.32691595470596774
2998,8.751968393208392,-0.3267311526757332
2999,8.753367320124498,-0.32654610440231036
