turn,time_sigma_ns,Q1
0,9.16181167837438,-0.0034812389858047254
1,9.16182210362772,-0.0034801760926227686
2,9.161833053117974,-0.0034790566694141547
3,9.161844526707982,-0.003477880731018648
4,9.16185652425444,-0.0034766482929271744
5,9.161869045607856,-0.003475359371283693
6,9.161882090612602,-0.0034740139828825112
7,9.161895659106893,-0.0034726121451694267
8,9.16190975092278,-0.003471153876241029
9,9.161924365886165,-0.00346963919484505
10,9.161939503816816,-0.003468068120378198
11,9.16195516452833,-0.00346644067288898
12,9.161971347828173,-0.003464756873074379
13,9.161988053517678,-0.0034630167422806247
14,9.162005281392037,-0.0034612203025029837
15,9.16202303124031,-0.003459367576385345
16,9.16204130284541,-0.0034574585872203557
17,9.162060095984138,-0.003455493358948073
18,9.162079410427161,-0.0034534719161564815
19,9.162099245939029,-0.003451394284080223
20,9.16211960227817,-0.0034492604886013157
21,9.162140479196895,-0.003447070556247973
22,9.162161876441395,-0.003444824514194901
23,9.162183793751776,-0.0034425223902614997
24,9.162206230862017,-0.0034401642129130187
25,9.162229187500017,-0.003437750011258969
26,9.16225266338755,-0.0034352798150540514
27,9.162276658240312,-0.003432753654696631
28,9.162301171767925,-0.0034301715612276283
29,9.162326203673887,-0.0034275335663329558
30,9.162351753655638,-0.003424839702339785
31,9.162377821404542,-0.0034220900022176068
32,9.162404406605882,-0.003419284499577905
33,9.162431508938877,-0.0034164232286731815
34,9.16245912807666,-0.0034135062243976174
35,9.16248726368634,-0.0034105335222838185
36,9.162515915428939,-0.003407505158506033
37,9.162545082959442,-0.0034044211698765962
38,9.162574765926786,-0.0034012815938469104
39,9.162604963973855,-0.0033980864685071274
40,9.162635676737505,-0.003394835832584846
41,9.162666903848569,-0.003391529725443909
42,9.162698644931826,-0.003388168187086671
43,9.162730899606057,-0.0033847512581500288
44,9.162763667484,-0.003381278979907836
45,9.1627969481724,-0.003377751394268055
46,9.162830741271991,-0.0033741685437730915
47,9.162865046377503,-0.0033705304715995203
48,9.162899863077651,-0.0033668372215580134
49,9.162935190955192,-0.003363088838090502
50,9.162971029586869,-0.003359285366272276
51,9.163007378543462,-0.003355426851809149
52,9.16304423738977,-0.003351513341038577
53,9.163081605684615,-0.003347544880928261
54,9.16311948298086,-0.003343521519075985
55,9.163157868825417,-0.003339443303707826
56,9.163196762759238,-0.003335310283678769
57,9.163236164317325,-0.0033311225084719643
58,9.163276073028763,-0.0033268800281966043
59,9.163316488416667,-0.0033225828935901985
60,9.163357409998254,-0.0033182311560146717
61,9.163398837284804,-0.003313824867457656
62,9.163440769781698,-0.003309364080530996
63,9.163483206988385,-0.003304848848471079
64,9.16352614839843,-0.003300279225136994
65,9.163569593499496,-0.0032956552650103108
66,9.16361354177335,-0.0032909770231948784
67,9.163657992695894,-0.0032862445554144868
68,9.163702945737139,-0.003281457918014402
69,9.163748400361236,-0.0032766171679589583
70,9.16379435602646,-0.0032717223628319124
71,9.163840812185255,-0.0032667735608343206
72,9.16388776828419,-0.0032617708207855456
73,9.163935223764012,-0.003256714202121426
74,9.163983178059624,-0.003251603764893629
75,9.164031630600114,-0.003246439569768591
76,9.164080580808735,-0.003241221678027971
77,9.164130028102937,-0.003235950151566589
78,9.164179971894356,-0.0032306250528927423
79,9.164230411588854,-0.0032252464451254345
80,9.164281346586483,-0.003219814391996123
81,9.164332776281523,-0.003214328957846339
82,9.16438470006247,-0.003208790207627327
83,9.164437117312058,-0.0032031982068996627
84,9.164490027407272,-0.003197553021831015
85,9.164543429719327,-0.0031918547191972656
86,9.164597323613712,-0.0031861033663800695
87,9.164651708450178,-0.0031802990313666043
88,9.164706583582753,-0.003174441782748722
89,9.164761948359727,-0.0031685316897229875
90,9.1648178021237,-0.003162568822087902
91,9.164874144211572,-0.0031565532502443503
92,9.164930973954533,-0.0031504850451948905
93,9.1649882906781,-0.00314436427854218
94,9.165046093702102,-0.003138191022488635
95,9.165104382340717,-0.003131965349834689
96,9.165163155902459,-0.0031256873339787165
97,9.165222413690175,-0.0031193570489164235
98,9.1652821550011,-0.003112974569238414
99,9.165342379126807,-0.0031065399701313283
100,9.165403085353264,-0.0031000533273750582
101,9.165464272960811,-0.00309351471734325
102,9.165525941224185,-0.0030869242170017195
103,9.16558808941254,-0.0030802819039067067
104,9.16565071678942,-0.003073587856205716
105,9.165713822612814,-0.003066842152634926
106,9.165777406135117,-0.003060044872519606
107,9.165841466603185,-0.003053196095771887
108,9.165906003258316,-0.003046295902890156
109,9.165971015336266,-0.0030393443749589886
110,9.166036502067263,-0.003032341593646958
111,9.166102462676003,-0.003025287641206369
112,9.166168896381686,-0.0030181826004717343
113,9.166235802398003,-0.0030110265548592943
114,9.166303179933136,-0.0030038195883663513
115,9.166371028189811,-0.002996561785568487
116,9.166439346365268,-0.002989253231620549
117,9.166508133651284,-0.002981894012254689
118,9.16657738923418,-0.0029744842137795794
119,9.16664711229485,-0.0029670239230784835
120,9.166717302008747,-0.0029595132276095137
121,9.166787957545896,-0.0029519522154042633
122,9.16685907807091,-0.0029443409750664353
123,9.166930662743011,-0.002936679595770646
124,9.167002710716027,-0.002928968167261445
125,9.167075221138402,-0.00292120677985257
126,9.167148193153212,-0.0029133955244256817
127,9.167221625898176,-0.002905534492429166
128,9.167295518505645,-0.0028976237758778257
129,9.16736987010267,-0.0028896634673497685
130,9.167444679810943,-0.002881653659987482
131,9.167519946746857,-0.002873594447495578
132,9.167595670021491,-0.002865485924140235
133,9.167671848740637,-0.0028573281847472445
134,9.167748482004802,-0.0028491213247018574
135,9.167825568909214,-0.002840865439947148
136,9.167903108543845,-0.002832560626983047
137,9.167981099993426,-0.0028242069828646136
138,9.168059542337431,-0.0028158046052022875
139,9.168138434650123,-0.0028073535921588166
140,9.168217776000542,-0.0027988540424497203
141,9.168297565452528,-0.002790306055341106
142,9.168377802064725,-0.002781709730649085
143,9.168458484890603,-0.0027730651687379627
144,9.168539612978465,-0.0027643724705195974
145,9.168621185371434,-0.0027556317374529443
146,9.16870320110751,-0.0027468430715407543
147,9.168785659219555,-0.002738006575330083
148,9.168868558735301,-0.0027291223519108976
149,9.16895189867738,-0.002720190504914093
150,9.169035678063322,-0.0027112111385106637
151,9.169119895905563,-0.0027021843574112233
152,9.16920455121148,-0.0026931102668631968
153,9.169289642983381,-0.002683988972651079
154,9.169375170218519,-0.002674820581094564
155,9.169461131909127,-0.002665605199046564
156,9.169547527042383,-0.002656342933894417
157,9.169634354600491,-0.002647033893554577
158,9.16972161356062,-0.002637678186476009
159,9.169809302894977,-0.002628275921634831
160,9.169897421570779,-0.002618827208535822
161,9.169985968550291,-0.002609332157209512
162,9.170074942790821,-0.002599790878211886
163,9.170164343244744,-0.002590203482622662
164,9.170254168859511,-0.002580570082043844
165,9.170344418577661,-0.002570890788598792
166,9.17043509133684,-0.0025611657149303304
167,9.1705261860698,-0.002551394974200367
168,9.170617701704426,-0.002541578680087732
169,9.170709637163737,-0.0025317169467877544
170,9.170801991365916,-0.0025218098890093634
171,9.170894763224311,-0.0025118576219752336
172,9.170987951647449,-0.002501860261419867
173,9.171081555539054,-0.002491817923588089
174,9.171175573798044,-0.002481730725234669
175,9.171270005318576,-0.002471598783621229
176,9.171364848990029,-0.002461422216516434
177,9.171460103697033,-0.0024512011421939377
178,9.171555768319488,-0.002440935679430774
179,9.17165184173255,-0.0024306259475070334
180,9.171748322806673,-0.002420272066203217
181,9.171845210407614,-0.00240987415579988
182,9.171942503396451,-0.0023994323370750115
183,9.17204020062958,-0.002388946731304221
184,9.172138300958743,-0.002378417460257955
185,9.172236803231058,-0.0023678446462003675
186,9.172335706288992,-0.0023572284118887113
187,9.172435008970394,-0.0023465688805719017
188,9.172534710108541,-0.002335866175986892
189,9.172634808532102,-0.002325120422360321
190,9.172735303065176,-0.002314331744405242
191,9.172836192527308,-0.0023035002673199977
192,9.172937475733487,-0.0022926261167876016
193,9.173039151494203,-0.0022817094189722226
194,9.173141218615408,-0.0022707503005198405
195,9.173243675898547,-0.0022597488885564587
196,9.173346522140601,-0.0022487053106854797
197,9.17344975613406,-0.0022376196949878513
198,9.173553376666975,-0.0022264921700182556
199,9.173657382522935,-0.002215322864806634
200,9.173761772481114,-0.002204111908854407
201,9.17386654531628,-0.0021928594321335986
202,9.173971699798791,-0.0021815655650855056
203,9.174077234694625,-0.002170230438619522
204,9.174183148765394,-0.0021588541841110398
205,9.174289440768348,-0.0021474369334003635
206,9.174396109456415,-0.0021359788187907095
207,9.174503153578192,-0.002124479973046911
208,9.174610571877956,-0.0021129405293947093
209,9.174718363095709,-0.002101360621517826
210,9.174826525967159,-0.002089740383557554
211,9.174935059223762,-0.002078079950110335
212,9.17504396159273,-0.0020663794562267054
213,9.175153231797035,-0.0020546390374098097
214,9.175262868555437,-0.0020428588296134828
215,9.175372870582487,-0.0020310389692416476
216,9.175483236588557,-0.0020191795931453894
217,9.175593965279841,-0.00200728083862259
218,9.175705055358382,-0.001995342843415552
219,9.175816505522095,-0.0019833657457092118
220,9.17592831446475,-0.001971349684131099
221,9.176040480876033,-0.0019592947977474756
222,9.176153003441511,-0.0019472012260642508
223,9.176265880842696,-0.001935069109023268
224,9.176379111757027,-0.0019228985870018667
225,9.176492694857904,-0.0019106898008107863
226,9.17660662881469,-0.0018984428916933975
227,9.176720912292755,-0.0018861580013220965
228,9.176835543953446,-0.0018738352717993648
229,9.176950522454147,-0.001861474845654249
230,9.177065846448267,-0.0018490768658414568
231,9.177181514585268,-0.0018366414757396725
232,9.177297525510678,-0.001824168819149957
233,9.177413877866117,-0.0018116590402933
234,9.17753057028929,-0.001799112283810674
235,9.177647601414032,-0.0017865286947598002
236,9.1777649698703,-0.0017739084186142436
237,9.177882674284207,-0.0017612516012613544
238,9.17800071327803,-0.001748558389001328
239,9.178119085470215,-0.0017358289285450959
240,9.178237789475425,-0.0017230633670120262
241,9.17835682390452,-0.0017102618519297863
242,9.178476187364605,-0.0016974245312310788
243,9.178595878459024,-0.0016845515532528822
244,9.17871589578738,-0.001671643066734937
245,9.17883623794558,-0.0016586992208166172
246,9.178956903525801,-0.0016457201650374217
247,9.179077891116547,-0.0016327060493338222
248,9.17919919930265,-0.0016196570240377287
249,9.179320826665293,-0.0016065732398749858
250,9.17944277178202,-0.0015934548479638593
251,9.179565033226764,-0.0015803019998126807
252,9.179687609569854,-0.0015671148473186342
253,9.179810499378021,-0.0015538935427666385
254,9.179933701214452,-0.001540638238826132
255,9.180057213638767,-0.0015273490885504997
256,9.180181035207049,-0.0015140262453754495
257,9.180305164471887,-0.0015006698631158115
258,9.180429599982345,-0.0014872800959660239
259,9.180554340284028,-0.0014738570984961662
260,9.180679383919058,-0.001460401025651951
261,9.180804729426123,-0.0014469120327518844
262,9.180930375340475,-0.0014333902754861058
263,9.18105632019395,-0.001419835909914738
264,9.181182562514998,-0.001406249092465046
265,9.181309100828686,-0.0013926299799309448
266,9.181435933656722,-0.0013789787294707977
267,9.18156305951747,-0.001365295498605469
268,9.181690476925978,-0.001351580445216343
269,9.181818184393965,-0.0013378337275445921
270,9.181946180429879,-0.0013240555041882595
271,9.182074463538893,-0.0013102459341005914
272,9.182203032222915,-0.0012964051765893046
273,9.182331884980629,-0.0012825333913132622
274,9.18246102030749,-0.0012686307382819887
275,9.182590436695763,-0.0012546973778527072
276,9.18272013263451,-0.001240733470730376
277,9.182850106609646,-0.0012267391779631862
278,9.182980357103935,-0.0012127146609429982
279,9.183110882596992,-0.0011986600814033067
280,9.18324168156536,-0.0011845756014151319
281,9.183372752482441,-0.0011704613833889337
282,9.183504093818591,-0.001156317590069703
283,9.183635704041093,-0.0011421443845367712
284,9.1837675816142,-0.0011279419302008282
285,9.183899724999137,-0.0011137103908034224
286,9.184032132654137,-0.0010994499304131946
287,9.184164803034433,-0.0010851607134264776
288,9.184297734592288,-0.0010708429045641812
289,9.18443092577703,-0.0010564966688691542
290,9.184564375035043,-0.0010421221717058862
291,9.184698080809811,-0.0010277195787573702
292,9.184832041541908,-0.001013289056024531
293,9.184966255669046,-0.0009988307698228535
294,9.185100721626078,-0.0009843448867814576
295,9.185235437845,-0.0009698315738419312
296,9.18537040275501,-0.000955290998254412
297,9.185505614782494,-0.0009407233275776017
298,9.185641072351048,-0.0009261287296760548
299,9.18577677388151,-0.0009115073727186421
300,9.185912717791966,-0.0008968594251761617
301,9.186048902497777,-0.0008821850558199696
302,9.186185326411598,-0.0008674844337196116
303,9.18632198794338,-0.0008527577282415823
304,9.186458885500418,-0.0008380051090465621
305,9.18659601748734,-0.0008232267460885962
306,9.186733382306148,-0.0008084228096118961
307,9.186870978356216,-0.0007935934701504326
308,9.187008804034328,-0.0007787388985249905
309,9.187146857734687,-0.0007638592658411398
310,9.187285137848944,-0.0007489547434878014
311,9.187423642766191,-0.0007340255031358119
312,9.187562370873012,-0.0007190717167347476
313,9.187701320553481,-0.0007040935565119882
314,9.187840490189192,-0.0006890911949703614
315,9.187979878159263,-0.0006740648048865239
316,9.188119482840378,-0.000659014559308526
317,9.188259302606784,-0.0006439406315544769
318,9.188399335830322,-0.000628843195210342
319,9.188539580880445,-0.00061372242412763
320,9.188680036124234,-0.0005985784924221256
321,9.188820699926408,-0.0005834115744718822
322,9.188961570649374,-0.000568221844914276
323,9.189102646653211,-0.0005530094786453274
324,9.1892439262957,-0.0005377746508174409
325,9.189385407932363,-0.0005225175368366017
326,9.189527089916453,-0.0005072383123614234
327,9.189668970598975,-0.0004919371533014505
328,9.189811048328748,-0.0004766142358130928
329,9.189953321452363,-0.000461269736300509
330,9.190095788314244,-0.000445903831411724
331,9.19023844725666,-0.00043051669803700817
332,9.190381296619726,-0.00041510851330751707
333,9.19052433474144,-0.0003996794545930232
334,9.190667559957706,-0.00038422969949913915
335,9.190810970602339,-0.00036875942586663923
336,9.19095456500709,-0.00035326881176847173
337,9.191098341501668,-0.00033775803550830405
338,9.191242298413755,-0.00032222727561873087
339,9.191386434069035,-0.0003066767108582692
340,9.191530746791194,-0.0002911065202105034
341,9.191675234901972,-0.0002755168828813897
342,9.191819896721139,-0.00025990797829780483
343,9.191964730566546,-0.00024427998610534443
344,9.192109734754146,-0.00022863308616565697
345,9.192254907597993,-0.00021296745855551365
346,9.19240024741028,-0.00019728328356401014
347,9.19254575250134,-0.00018158074169119
348,9.192691421179687,-0.0001658600136454595
349,9.19283725175203,-0.00015012128034143154
350,9.192983242523272,-0.0001343647228989324
351,9.19312939179656,-0.00011859052264014949
352,9.193275697873267,-0.00010279886108842256
353,9.193422159053078,-8.698991996370697e-05
354,9.193568773633922,-7.116388118469015e-05
355,9.19371553991206,-5.532092686342214e-05
356,9.193862456182078,-3.946123930417933e-05
357,9.194009520736909,-2.3585001002342488e-05
358,9.19415673186785,-7.692394641125055e-06
359,9.19430408786459,8.216396909479329e-06
360,9.194451587015221,2.4141190595357464e-05
361,9.19459922760627,4.008180318024017e-05
362,9.194747007922691,5.603805124693473e-05
363,9.194894926247933,7.200975120105344e-05
364,9.195042980863906,8.799671927116535e-05
365,9.195191170051046,0.00010399877151243437
366,9.195339492088307,0.00012001572380752598
367,9.195487945253188,0.0001360473918692911
368,9.195636527821746,0.00015209359124192278
369,9.195785238068634,0.00016815413730428679
370,9.19593407426711,0.00018422884527131124
371,9.196083034689062,0.00020031753019640188
372,9.196232117605014,0.00021642000697253536
373,9.196381321284157,0.00023253609033529514
374,9.196530643994377,0.00024866559486473225
375,9.19668008400226,0.00026480833498750844
376,9.196829639573105,0.00028096412497764274
377,9.196979308970981,0.00029713277896113493
378,9.197129090458702,0.00031331411091572526
379,9.197278982297876,0.00032950793467382866
380,9.197428982748914,0.00034571406392509954
381,9.197579090071056,0.0003619323122174259
382,9.197729302522378,0.0003781624929595937
383,9.197879618359847,0.00039440441942454186
384,9.198030035839286,0.0004106579047486889
385,9.198180553215444,0.000426922761936472
386,9.198331168741975,0.0004431988038606842
387,9.198481880671498,0.0004594858432661917
388,9.198632687255591,0.000475783692770916
389,9.198783586744824,0.0004920921648683441
390,9.198934577388767,0.0005084110719295179
391,9.199085657436015,0.0005247402262046069
392,9.199236825134216,0.0005410794398259614
393,9.199388078730074,0.0005574285248091566
394,9.199539416469394,0.0005737872930565192
395,9.19969083659708,0.0005901555563576353
396,9.199842337357161,0.0006065331263921718
397,9.19999391699282,0.0006229198147324495
398,9.200145573746408,0.0006393154328445483
399,9.200297305859454,0.0006557197920909328
400,9.200449111572695,0.0006721327037320938
401,9.200600989126109,0.0006885539789300484
402,9.200752936758905,0.0007049834287485673
403,9.200904952709575,0.0007214208641563038
404,9.201057035215902,0.0007378660960296949
405,9.20120918251496,0.0007543189351525203
406,9.201361392843166,0.0007707791922206778
407,9.20151366443628,0.0007872466778429096
408,9.201665995529442,0.0008037212025433104
409,9.201818384357162,0.000820202576762923
410,9.201970829153375,0.0008366906108625592
411,9.202123328151446,0.0008531851151248572
412,9.202275879584185,0.0008696858997556759
413,9.202428481683864,0.0008861927748863147
414,9.20258113268227,0.0009027055505773721
415,9.202733830810672,0.000919224036817538
416,9.2028865742999,0.0009357480435294727
417,9.20303936138031,0.0009522773805687575
418,9.203192190281845,0.0009688118577281516
419,9.203345059234032,0.0009853512847383097
420,9.203497966466012,0.0010018954712705192
421,9.203650910206562,0.0010184442269392535
422,9.203803888684101,0.0010349973613027438
423,9.203956900126743,0.0010515546838679312
424,9.204109942762264,0.0010681160040887107
425,9.204263014818183,0.0010846811313718918
426,9.204416114521734,0.0011012498750766107
427,9.20456924009991,0.0011178220445176358
428,9.204722389779473,0.0011343974489669687
429,9.204875561786995,0.0011509758976572014
430,9.205028754348843,0.001167557199781611
431,9.205181965691237,0.0011841411644982723
432,9.205335194040241,0.0012007276009309298
433,9.205488437621788,0.0012173163181709943
434,9.205641694661729,0.0012339071252812225
435,9.205794963385799,0.0012504998312953338
436,9.205948242019694,0.0012670942452229685
437,9.206101528789063,0.001283690176049746
438,9.206254821919531,0.001300287432740678
439,9.2064081196367,0.0013168858242403286
440,9.206561420166214,0.0013334851594775671
441,9.206714721733741,0.0013500852473658873
442,9.206868022565002,0.0013666858968059315
443,9.207021320885811,0.0013832869166883921
444,9.207174614922073,0.001399888115895269
445,9.207327902899804,0.0014164893033018775
446,9.207481183045168,0.0014330902877797693
447,9.207634453584483,0.0014496908781985258
448,9.207787712744235,0.0014662908834268485
449,9.207940958751129,0.0014828901123369789
450,9.208094189832071,0.0014994883738045442
451,9.208247404214212,0.0015160854767117334
452,9.20840060012497,0.0015326812299500988
453,9.208553775792018,0.0015492754424202627
454,9.208706929443355,0.0015658679230376154
455,9.20886005930729,0.0015824584807314225
456,9.209013163612473,0.0015990469244486032
457,9.209166240587914,0.0016156330631551708
458,9.209319288462984,0.0016322167058374969
459,9.20947230546748,0.00164879766150694
460,9.20962528983162,0.0016653757392003803
461,9.209778239786036,0.0016819507479812433
462,9.209931153561843,0.0016985224969440185
463,9.210084029390627,0.0017150907952147517
464,9.210236865504475,0.0017316554519537142
465,9.210389660136002,0.001748216276357691
466,9.210542411518349,0.0017647730776613685
467,9.21069511788522,0.0017813256651401307
468,9.210847777470919,0.0017978738481126161
469,9.211000388510332,0.0018144174359419481
470,9.21115294923897,0.0018309562380380584
471,9.211305457892975,0.001847490063859336
472,9.21145791270918,0.001864018722917389
473,9.211610311925055,0.0018805420247744202
474,9.211762653778807,0.0018970597790503284
475,9.211914936509347,0.0019135717954215077
476,9.212067158356334,0.0019300778836246998
477,9.21221931756017,0.001946577853457321
478,9.212371412362055,0.0019630715147818958
479,9.212523441003988,0.0019795586775269137
480,9.21267540172878,0.00199603915168862
481,9.212827292780098,0.0020125127473342034
482,9.21297911240244,0.002028979274602524
483,9.213130858841215,0.0020454385437078514
484,9.213282530342711,0.0020618903649407007
485,9.21343412515414,0.002078334548670381
486,9.213585641523668,0.002094770905347879
487,9.213737077700392,0.002111199245506026
488,9.21388843193441,0.0021276193797637884
489,9.214039702476816,0.002144031118827474
490,9.214190887579711,0.002160434273492307
491,9.214341985496246,0.0021768286546453653
492,9.21449299448063,0.0021932140732679527
493,9.214643912788143,0.0022095903404363505
494,9.214794738675161,0.0022259572673249254
495,9.214945470399185,0.0022423146652082475
496,9.21509610621885,0.002258662345463292
497,9.215246644393943,0.002275000119570832
498,9.21539708318544,0.0022913277991187387
499,9.2155474208555,0.0023076451958025934
500,9.215697655667492,0.00232395212142874
501,9.215847785886046,0.002340248435544231
502,9.215997809603866,0.002356534026252742
503,9.216147724569277,0.0023728087436282073
504,9.216297528187214,0.0023890723998095326
505,9.216447217520217,0.0024053247690925565
506,9.216596789289472,0.002421565588023166
507,9.216746239875773,0.0024377945554843045
508,9.21689556532059,0.0024540113327851986
509,9.217044761327031,0.0024702155437452073
510,9.217193823260939,0.0024864067747805987
511,9.217342746151841,0.002502584574982929
512,9.217491524694026,0.0025187484562021753
513,9.217640153247581,0.0025348978931254798
514,9.217788625839416,0.0025510323233531233
515,9.217936936164314,0.0025671511474748892
516,9.21808507758597,0.002583253729143303
517,9.21823304313806,0.0025993393951468493
518,9.218380825525276,0.00261540743547961
519,9.218528417124409,0.0026314571034114992
520,9.218675809985372,0.0026474876155544763
521,9.218822995832316,0.002663498151930623
522,9.218969966064673,0.002679487856035904
523,9.219116711758243,0.0026954558349034895
524,9.219263223666248,0.002711401159165048
525,9.219409492220453,0.0027273228631125436
526,9.219555507532208,0.002743219944755388
527,9.219701259393588,0.002759091365880787
528,9.219846737278438,0.00277493605210711
529,9.219991930343504,0.0027907528929414726
530,9.220136827429533,0.00280654074183253
531,9.220281417062354,0.0028222984162229155
532,9.220425687454012,0.00283802469760078
533,9.220569626503876,0.0028537183315501644
534,9.220713221799741,0.0028693780277994387
535,9.220856460618963,0.002885002460269041
536,9.220999329929581,0.0029005902671192245
537,9.221141816391455,0.0029161400507945884
538,9.22128390635737,0.002931650378068524
539,9.221425585874195,0.002947119780087159
540,9.221566840684025,0.0029625467524116112
541,9.221707656225295,0.0029779297550585576
542,9.221848017633974,0.0029932672125424532
543,9.22198790974466,0.0030085575139122507
544,9.222127317091774,0.003023799012792162
545,9.222266223910713,0.003038990027418655
546,9.222404614138993,0.003054128840676196
547,9.222542471417436,0.003069213700134509
548,9.222679779091326,0.003084242818082416
549,9.222816520211572,0.003099214371561693
550,9.222952677535918,0.0031141265024024
551,9.223088233530087,0.003128977317252834
552,9.22322317036898,0.0031437648876134266
553,9.22335746993787,0.00315848724986693
554,9.223491113833573,0.003173142405308695
555,9.223624083365666,0.003187728320177254
556,9.223756359557647,0.0032022429256818564
557,9.22388792314821,0.0032166841180336723
558,9.22401875459235,0.0032310497584702885
559,9.224148834062674,0.003245337673286671
560,9.224278141450524,0.003259545653858026
561,9.224406656367258,0.003273671456669498
562,9.224534358145425,0.003287712803339619
563,9.224661225840032,0.0033016673806472276
564,9.224787238229725,0.0033155328405547733
565,9.224912373818059,0.003329306800234172
566,9.225036610834694,0.003342986842089286
567,9.225159927236668,0.0033565705137808665
568,9.22528230070961,0.0033700553282490276
569,9.225403708669013,0.003383438763736887
570,9.225524128261446,0.003396718263812307
571,9.225643536365839,0.003409891237390785
572,9.225761909594716,0.003422955058757648
573,9.225879224295468,0.0034359070675895617
574,9.225995456551612,0.0034487445689769815
575,9.226110582184045,0.00346146483344447
576,9.22622457675231,0.0034740650969717415
577,9.226337415555909,0.003486542561017545
578,9.226449073635528,0.0034988943925375834
579,9.22655952577435,0.003511117724007234
580,9.226668746499328,0.003523209653442474
581,9.22677671008245,0.003535167244419024
582,9.226883390542069,0.0035469875260956043
583,9.226988761644181,0.003558667493234147
584,9.227092796903703,0.003570204106219302
585,9.227195469585801,0.0035815942910817525
586,9.227296752707163,0.0035928349395162582
587,9.227396619037345,0.003603922908906354
588,9.227495041100045,0.0036148550223426674
589,9.227591991174451,0.003625628068646625
590,9.22768744129651,0.0036362388023897007
591,9.227781363260323,0.0036466839439184833
592,9.227873728619393,0.003656960179373516
593,9.227964508687993,0.003667064160713167
594,9.228053674542497,0.0036769925057365043
595,9.228141197022705,0.0036867417981056535
596,9.228227046733183,0.003696308587368793
597,9.228311194044613,0.0037056893889847536
598,9.228393609095118,0.0037148806843454295
599,9.22847426179164,0.0037238789208016796
600,9.228553121811256,0.003732680511686731
601,9.228630158602575,0.0037412818363428443
602,9.228705341387048,0.003749679240144731
603,9.228778639160375,0.0037578690345280398
604,9.228850020693834,0.0037658474970145564
605,9.228919454535689,0.0037736108712404645
606,9.228986909012498,0.003781155366981707
607,9.229052352230582,0.0037884771601864207
608,9.229115752077321,0.003795572393000386
609,9.22917707622256,0.0038024371737968013
610,9.229236292120016,0.0038090675772086066
611,9.229293367008637,0.0038154596441571337
612,9.229348267914038,0.003821609381886182
613,9.229400961649825,0.0038275127639908098
614,9.229451414819057,0.003833165730453164
615,9.229499593815632,0.003838564187675822
616,9.229545464825673,0.0038437040085151706
617,9.229588993828953,0.0038485810323179897
618,9.22963014660032,0.003853191064957582
619,9.22966888871106,0.0038575298788693486
620,9.229705185530392,0.003861593213091299
621,9.229739002226822,0.0038653767733004486
622,9.229770303769621,0.0038688762318550276
623,9.229799054930197,0.003872087227832003
624,9.229825220283594,0.0038750053670725706
625,9.229848764209859,0.0038776262222212305
626,9.229869650895534,0.003879945332772322
627,9.229887844335064,0.003881958205112634
628,9.22990330833226,0.0038836603125686282
629,9.229916006501742,0.0038850470954529606
630,9.22992590227039,0.003886113961111718
631,9.22993295887879,0.003886856283974289
632,9.229937139382713,0.00388726940560353
633,9.229938406654552,0.00388734863474654
634,9.22993672338481,0.003887089247388142
635,9.229932052083544,0.0038864864868038453
636,9.22992435508185,0.0038855355636149944
637,9.22991359453334,0.0038842316558455907
638,9.22989973241561,0.0038825699089793985
639,9.22988273053173,0.0038805454360187823
640,9.229862550511715,0.0038781533175449986
641,9.229839153814025,0.0038753886017792666
642,9.229812501727048,0.0038722463046461783
643,9.229782555370592,0.003868721409837216
644,9.229749275697392,0.003864808868877225
645,9.229712623494597,0.0038605036011908496
646,9.229672559385287,0.003855800494170892
647,9.229629043829954,0.0038506944032482863
648,9.229582037128052,0.003845180151964391
649,9.229531499419464,0.00383925253204206
650,9.229477390686066,0.0038329063034626457
651,9.229419670753199,0.0038261361945390363
652,9.229358299291212,0.0038189369019946896
653,9.229293235817003,0.0038113030910435185
654,9.229224439695516,0.0038032293954685884
655,9.229151870141306,0.0037947104177065627
656,9.229075486220054,0.00378574072893011
657,9.228995246850092,0.0037763148691336724
658,9.228911110803969,0.003766427347221215
659,9.228823036709995,0.003756072641095419
660,9.228730983053778,0.00374524519774802
661,9.228634908179764,0.0037339394333514653
662,9.22853477029281,0.0037221497333544597
663,9.228430527459741,0.0037098704525770822
664,9.22832213761089,0.003697095915308725
665,9.228209558541689,0.003683820415407871
666,9.228092747914209,0.003670038216402949
667,9.22797166325874,0.003655743551595608
668,9.227846261975369,0.0036409306241664396
669,9.22771650133555,0.003625593607281367
670,9.227582338483684,0.003609726644200748
671,9.227443730438692,0.003593323848389454
672,9.227300634095618,0.0035763793036311022
673,9.227153006227196,0.00355888706414086
674,9.22700080348546,0.0035408411546835068
675,9.226843982403317,0.003522235570691015
676,9.226682499396167,0.003503064278384278
677,9.226516310763492,0.0034833212148946556
678,9.226345372690458,0.0034630002883896177
679,9.226169641249513,0.003442095378198166
680,9.225989072402022,0.0034206003349412186
681,9.225803621999846,0.0033985089806609268
682,9.22561324578698,0.0033758151089545267
683,9.22541789940117,0.0033525124851097785
684,9.225217538375528,0.0033285948462413286
685,9.225012118140166,0.00330405590143113
686,9.224801594023793,0.003278889331868061
687,9.224585921255393,0.0032530887909941286
688,9.224365054965824,0.003226647904648727
689,9.22413895018946,0.0031995602712170746
690,9.223907561865827,0.0031718194617804192
691,9.223670844841266,0.003143419020269397
692,9.223428753870568,0.003114352463618607
693,9.223181243618608,0.003084613281923282
694,9.222928268662017,0.003054194938598866
695,9.222669783490813,0.003023090870542545
696,9.222405742510082,0.0029912944882977714
697,9.222136100041624,0.002958799176220316
698,9.221860810325627,0.0029255982926471467
699,9.22157982752232,0.002891685170066988
700,9.221293105713642,0.0028570531152938812
701,9.22100059890493,0.0028216954096433595
702,9.220702261026581,0.0027856053091102977
703,9.220398045935738,0.0027487760445497863
704,9.220087907417955,0.0027112008218594316
705,9.219771799188894,0.0026728728221651816
706,9.219449674896001,0.0026337852020089834
707,9.219121488120225,0.0025939310935404586
708,9.21878719237766,0.002553303604707281
709,9.21844674112129,0.0025118958194525957
710,9.21810008774264,0.0024697007979106672
711,9.217747185573527,0.002426711576610008
712,9.217387987887713,0.002382921168672545
713,9.217022447902654,0.0023383225640221487
714,9.21665051878119,0.0022929087295910245
715,9.21627215363325,0.002246672609529576
716,9.215887305517587,0.0021996071254203977
717,9.215495927443472,0.002151705176492755
718,9.215097972372426,0.0021029596398408684
719,9.214693393219958,0.0020533633706455745
720,9.214282142857273,0.0020029092023965286
721,9.213864174112997,0.0019515899471175893
722,9.21343943977493,0.0018993983955968303
723,9.213007892591756,0.0018463273176157755
724,9.212569485274802,0.001792369462184628
725,9.21212417049976,0.0017375175577774159
726,9.211671900908444,0.001681764312571606
727,9.211212629110522,0.0016251024146894195
728,9.210746307685286,0.0015675245324426362
729,9.210272889183372,0.0015090233145786038
730,9.209792326128541,0.00144959139053055
731,9.209304571019423,0.0013892213706697468
732,9.20880957633128,0.001327905846560398
733,9.208307294517759,0.0012656373912171965
734,9.207797678012671,0.0012024085593660282
735,9.207280679231747,0.001138211887706877
736,9.20675625057441,0.0010730398951791082
737,9.20622434442556,0.001006885083231812
738,9.205684913157327,0.0009397399360922378
739,9.205137909130865,0.0008715969210423552
740,9.204583284698115,0.0008024484886931446
741,9.204020992203628,0.0007322870732672485
742,9.203450983986302,0.0006611050928779122
743,9.202873212381196,0.0005888949498155007
744,9.202287629721313,0.0005156490308349347
745,9.201694188339404,0.00044135970744641
746,9.201092840569757,0.00036601933620835183
747,9.200483538749989,0.0002896202590231198
748,9.199866235222869,0.00021215480343683167
749,9.199240882338092,0.00013361528293901373
750,9.19860743245409,5.3993997267689764e-05
751,9.197965837939876,-2.671676728226444e-05
752,9.197316051176822,-0.00010852473755053538
753,9.19665802456047,-0.00019143765319959912
754,9.195991710502371,-0.0002754632663977333
755,9.195317061431883,-0.0003606093415016069
756,9.194634029798005,-0.0004468836547355423
757,9.193942568071206,-0.0005342939938667691
758,9.193242628745232,-0.0006228481578804633
759,9.192534164338936,-0.0007125539566499768
760,9.19181712739814,-0.0008034192106035064
761,9.19109147049743,-0.0008954517503912626
762,9.190357146242013,-0.0009886594165461901
763,9.189614107269557,-0.0010830500591444362
764,9.188862306252005,-0.0011786315374627569
765,9.188101695897462,-0.0012754117196306816
766,9.187332228952014,-0.0013733984822830927
767,9.186553858201561,-0.001472599710209616
768,9.185766536473698,-0.0015730232959983161
769,9.184970216639565,-0.0016746771396796455
770,9.184164851615662,-0.0017775691483675417
771,9.183350394365767,-0.0018817072358948146
772,9.182526797902732,-0.0019870993224507492
773,9.181694015290407,-0.002093753334209451
774,9.18085199964546,-0.002201677202961834
775,9.180000704139248,-0.0023108788657413676
776,9.179140081999702,-0.0024213662644474838
777,9.178270086513196,-0.002533147345465894
778,9.177390671026396,-0.002646230059288699
779,9.176501788948181,-0.0027606223601274495
780,9.175603393751464,-0.002876332205528412
781,9.17469543897512,-0.00299336755598072
782,9.173777878225833,-0.0031117363745247987
783,9.172850665180007,-0.0032314466263565437
784,9.171913753585624,-0.0033525062784302605
785,9.170967097264164,-0.0034749232990561366
786,9.170010650112463,-0.0035987056574987683
787,9.169044366104638,-0.0037238613235696483
788,9.168068199293947,-0.0038503982672197764
789,9.16708210381471,-0.003978324458127286
790,9.16608603388421,-0.004107647865283339
791,9.165079943804558,-0.00423837645657704
792,9.164063787964658,-0.004370518198373405
793,9.163037520842048,-0.004504081055094446
794,9.162001097004838,-0.004639072988793063
795,9.160954471113628,-0.004775501958725536
796,9.159897597923381,-0.00491337592092394
797,9.15883043228539,-0.005052702827760816
798,9.157752929149147,-0.00519349062751684
799,9.15666504356427,-0.005335747263943266
800,9.155566730682432,-0.005479480675820702
801,9.154457945759267,-0.005624698796518271
802,9.153338644156317,-0.005771409553546601
803,9.152208781342933,-0.005919620868112455
804,9.151068312898207,-0.006069340654667564
805,9.14991719451289,-0.006220576820457444
806,9.148755381991338,-0.006373337265065519
807,9.147582831253445,-0.00652762987995536
808,9.146399498336555,-0.0066834625480122764
809,9.14520533939742,-0.006840843143080437
810,9.144000310714127,-0.006999779529497948
811,9.142784368688018,-0.007160279561631359
812,9.141557469845676,-0.00732235108340419
813,9.140319570840811,-0.007486001927827459
814,9.139070628456247,-0.007651239916524119
815,9.137810599605848,-0.007818072859253357
816,9.13653944133647,-0.00798650855343154
817,9.135257110829903,-0.008156554783652336
818,9.133963565404828,-0.008328219321202167
819,9.132658762518753,-0.008501509923576381
820,9.131342659770004,-0.008676434333989323
821,9.13001521489963,-0.008853000280886807
822,9.128676385793408,-0.009031215477452153
823,9.12732613048375,-0.00921108762111366
824,9.125964407151704,-0.00939262439304695
825,9.124591174128902,-0.00957583345767635
826,9.12320638989952,-0.009760722462174692
827,9.121810013102225,-0.009947299035961515
828,9.12040200253218,-0.010135570790195916
829,9.118982317142967,-0.010325545317271846
830,9.11755091604859,-0.010517230190307857
831,9.116107758525427,-0.010710632962636453
832,9.114652804014199,-0.010905761167291765
833,9.113186012121947,-0.011102622316494034
834,9.111707342624005,-0.011301223901133165
835,9.11021675546597,-0.011501573390249658
836,9.108714210765688,-0.011703678230514056
837,9.107199668815225,-0.011907545845704576
838,9.105673090082826,-0.012113183636183432
839,9.104134435214942,-0.012320598978368446
840,9.102583665038168,-0.012529799224207295
841,9.101020740561243,-0.012740791700646901
842,9.09944562297703,-0.012953583709101903
843,9.097858273664482,-0.013168182524922264
844,9.096258654190674,-0.013384595396856346
845,9.094646726312728,-0.013602829546517084
846,9.093022451979861,-0.013822892167840951
847,9.091385793335325,-0.014044790426550493
848,9.08973671271843,-0.014268531459610892
849,9.088075172666505,-0.014494122374688934
850,9.086401135916914,-0.01472157024960708
851,9.08471456540903,-0.014950882131798009
852,9.08301542428625,-0.015182065037756686
853,9.081303675897972,-0.015415125952491863
854,9.0795792838016,-0.015650071828975137
855,9.077842211764507,-0.01588690958759107
856,9.07609242376609,-0.016125646115581045
857,9.074329883999726,-0.016366288266491013
858,9.072554556874776,-0.016608842859615305
859,9.070766407018587,-0.016853316679439862
860,9.068965399278497,-0.017099716475083248
861,9.067151498723838,-0.017348048959737305
862,9.065324670647923,-0.017598320810107485
863,9.063484880570051,-0.0178505386658506
864,9.061632094237526,-0.01810470912901154
865,9.059766277627633,-0.018360838763460192
866,9.057887396949674,-0.018618934094325135
867,9.055995418646944,-0.018879001607429516
868,9.05409030939875,-0.01914104774872253
869,9.052172036122405,-0.01940507892371296
870,9.05024056597525,-0.019671101496898807
871,9.048295866356655,-0.019939121791198437
872,9.046337904910018,-0.020209146087380246
873,9.044366649524761,-0.020481180623492364
874,9.042382068338377,-0.020755231594287663
875,9.040384129738399,-0.021031305150653844
876,9.03837280236442,-0.02130940739903908
877,9.03634805511011,-0.021589544400876955
878,9.03430985712522,-0.021871722172012872
879,9.03225817781758,-0.022155946682128468
880,9.030192986855132,-0.022442223854164965
881,9.028114254167894,-0.022730559563748615
882,9.026021949950033,-0.023020959638611383
883,9.023916044661831,-0.02331342985801497
884,9.021796509031688,-0.023607975952174082
885,9.019663314058166,-0.023904603601676427
886,9.017516431011975,-0.02420331843690538
887,9.015355831437986,-0.02450412603746148
888,9.013181487157246,-0.02480703193158335
889,9.010993370268986,-0.02511204159556799
890,9.008791453152623,-0.02541916045319292
891,9.006575708469784,-0.02572839387513532
892,9.004346109166294,-0.026039747178394013
893,9.002102628474221,-0.02635322562570798
894,8.999845239913835,-0.026668834424979707
895,8.997573917295659,-0.0269865787286932
896,8.995288634722463,-0.027306463633335682
897,8.992989366591273,-0.02762849417881853
898,8.990676087595357,-0.027952675347898366
899,8.988348772726281,-0.028279012065597117
900,8.98600739727587,-0.028607509198624585
901,8.983651936838239,-0.028938171554799663
902,8.98128236731178,-0.02927100388247294
903,8.9788986649012,-0.029606010869947647
904,8.976500806119502,-0.029943197144903944
905,8.97408876778997,-0.03028256727382268
906,8.971662527048222,-0.03062412576140724
907,8.96922206134418,-0.030967877050009668
908,8.96676734844409,-0.031313825519054275
909,8.964298366432507,-0.031661975484464595
910,8.961815093714298,-0.03201233119808937
911,8.959317509016662,-0.03236489684712894
912,8.956805591391104,-0.032719676553563976
913,8.954279320215472,-0.03307667437358274
914,8.951738675195896,-0.03343589429701273
915,8.949183636368849,-0.03379734024674926
916,8.946614184103089,-0.034161016078188104
917,8.944030299101708,-0.034526925578656345
918,8.941431962404076,-0.03489507246684781
919,8.938819155387854,-0.03526546039225688
920,8.936191859771009,-0.035638092934613175
921,8.933550057613761,-0.036012973603320016
922,8.930893731320618,-0.03639010583689144
923,8.928222863642315,-0.036769493002392906
924,8.925537437677862,-0.037151138394880275
925,8.922837436876474,-0.037535045236843624
926,8.920122845039591,-0.03792121667764999
927,8.917393646322852,-0.03830965579298835
928,8.914649825238065,-0.03870036558431725
929,8.911891366655217,-0.03909334897831123
930,8.909118255804412,-0.0394886088263126
931,8.9063304782779,-0.03988614790378083
932,8.903528020032,-0.040285968909747796
933,8.900710867389119,-0.040688074466271304
934,8.897879007039696,-0.041092467117892065
935,8.89503242604419,-0.04149914933109318
936,8.89217111183504,-0.041908123493759594
937,8.889295052218639,-0.04231939191464122
938,8.886404235377306,-0.04273295682281722
939,8.883498649871234,-0.04314882036716268
940,8.880578284640468,-0.04356698461581731
941,8.877643129006861,-0.04398745155565629
942,8.87469317267602,-0.04441022309176403
943,8.871728405739287,-0.0448353010469079
944,8.868748818675684,-0.045262687161016904
945,8.865754402353849,-0.04569238309066228
946,8.862745148034017,-0.046124390408538475
947,8.85972104736993,-0.04655871060294973
948,8.856682092410834,-0.046995345077295414
949,8.853628275603374,-0.04743429514956157
950,8.850559589793564,-0.047875562051813134
951,8.84747602822872,-0.04831914692968867
952,8.844377584559394,-0.048765050841898715
953,8.841264252841317,-0.04921327475972636
954,8.838136027537304,-0.04966381956653138
955,8.834992903519232,-0.05011668605725495
956,8.831834876069921,-0.05057187493793102
957,8.828661940885073,-0.05102938682519736
958,8.825474094075213,-0.05148922224581061
959,8.822271332167585,-0.05195138163616541
960,8.819053652108067,-0.05241586534181572
961,8.815821051263109,-0.05288267361699869
962,8.812573527421604,-0.053351806624164236
963,8.809311078796842,-0.05382326443350346
964,8.806033704028378,-0.0542970470224859
965,8.802741402183957,-0.054773154275395135
966,8.799434172761398,-0.055251585982871505
967,8.79611201569049,-0.05573234184145633
968,8.792774931334892,-0.056215421453140006
969,8.789422920494014,-0.056700824324914086
970,8.786055984404912,-0.05718854986832646
971,8.782674124744178,-0.05767859739903985
972,8.779277343629776,-0.05817096613639685
973,8.77586564362298,-0.0586656552029836
974,8.772439027730194,-0.05916266362420281
975,8.76899749940486,-0.059661990327845874
976,8.76554106254929,-0.06016363414367283
977,8.762069721516541,-0.06066759380299443
978,8.758583481112279,-0.06117386793825749
979,8.755082346596632,-0.061682455082635285
980,8.75156632368602,-0.06219335366962352
981,8.748035418555034,-0.06270656203263704
982,8.744489637838255,-0.06322207840461369
983,8.740928988632099,-0.06373990091762145
984,8.737353478496646,-0.06426002760247032
985,8.733763115457489,-0.06478245638832686
986,8.730157908007527,-0.06530718510233609
987,8.726537865108826,-0.06583421146924523
988,8.722902996194389,-0.0663635331110339
989,8.719253311170034,-0.06689514754654621
990,8.715588820416123,-0.06742905219113228
991,8.71190953478945,-0.06796524435628784
992,8.708215465624967,-0.06850372124930536
993,8.704506624737629,-0.06904447997292461
994,8.700783024424167,-0.06958751752499104
995,8.697044677464868,-0.07013283079811804
996,8.693291597125356,-0.07068041657935471
997,8.689523797158385,-0.07123027154985709
998,8.685741291805593,-0.07178239228456613
999,8.681944095799286,-0.07233677525188963
1000,8.678132224364166,-0.07289341681339082
1001,8.674305693219129,-0.07345231322347899
1002,8.670464518578981,-0.07401346062910923
1003,8.666608717156212,-0.07457685506948415
1004,8.662738306162712,-0.07514249247576293
1005,8.658853303311522,-0.07571036867077482
1006,8.65495372681856,-0.076280479368738
1007,8.651039595404335,-0.07685282017498475
1008,8.647110928295682,-0.0774273865856906
1009,8.643167745227451,-0.07800417398761102
1010,8.639210066444251,-0.07858317765782094
1011,8.635237912702113,-0.07916439276346271
1012,8.631251305270212,-0.07974781436149785
1013,8.627250265932535,-0.0803334373984658
1014,8.623234816989598,-0.08092125671024623
1015,8.619204981260065,-0.08151126702183153
1016,8.615160782082473,-0.08210346294709948
1017,8.611102243316887,-0.08269783898859533
1018,8.607029389346533,-0.08329438953732018
1019,8.602942245079474,-0.08389310887252295
1020,8.598840835950252,-0.08449399116149993
1021,8.594725187921512,-0.0850970304594008
1022,8.59059532748564,-0.08570222070903971
1023,8.586451281666418,-0.08630955574071156
1024,8.58229307802059,-0.08691902927201782
1025,8.578120744639518,-0.087530634907695
1026,8.573934310150763,-0.08814436613945122
1027,8.569733803719686,-0.0887602163458093
1028,8.56551925505105,-0.08937817879195438
1029,8.561290694390605,-0.08999824662958966
1030,8.55704815252662,-0.09062041289679944
1031,8.552791660791526,-0.09124467051791466
1032,8.548521251063406,-0.09187101230338951
1033,8.544236955767593,-0.09249943094968185
1034,8.539938807878203,-0.09312991903914046
1035,8.535626840919663,-0.09376246903990032
1036,8.531301088968267,-0.09439707330578251
1037,8.526961586653655,-0.09503372407620307
1038,8.522608369160377,-0.09567241347608604
1039,8.518241472229365,-0.09631313351578547
1040,8.513860932159426,-0.09695587609101372
1041,8.509466785808783,-0.09760063298277401
1042,8.50505907059648,-0.09824739585730533
1043,8.500637824503917,-0.09889615626602791
1044,8.496203086076278,-0.09954690564550059
1045,8.491754894424,-0.10019963531738248
1046,8.487293289224231,-0.10085433648840157
1047,8.482818310722239,-0.10151100025033306
1048,8.478329999732862,-0.10216961757998086
1049,8.47382839764192,-0.10283017933916946
1050,8.469313546407617,-0.1034926762747413
1051,8.464785488561962,-0.10415709901856106
1052,8.460244267212142,-0.10482343808752831
1053,8.455689926041908,-0.10549168388359685
1054,8.451122509312949,-0.10616182669380046
1055,8.446542061866259,-0.10683385669028739
1056,8.441948629123477,-0.10750776393036113
1057,8.437342257088254,-0.10818353835652797
1058,8.432722992347545,-0.10886116979655466
1059,8.428090882072958,-0.10954064796353036
1060,8.42344597402209,-0.11022196245593568
1061,8.418788316539763,-0.11090510275772435
1062,8.414117958559372,-0.11159005823840512
1063,8.409434949604146,-0.11227681815313609
1064,8.404739339788406,-0.11296537164282568
1065,8.400031179818846,-0.11365570773423937
1066,8.395310520995764,-0.11434781534011593
1067,8.390577415214299,-0.11504168325929065
1068,8.385831914965667,-0.11573730017682533
1069,8.38107407333836,-0.11643465466414739
1070,8.376303944019357,-0.11713373517919504
1071,8.371521581295328,-0.11783453006657114
1072,8.366727040053776,-0.11853702755770514
1073,8.361920375784237,-0.11924121577102123
1074,8.357101644579432,-0.11994708271211486
1075,8.352270903136384,-0.12065461627393838
1076,8.347428208757586,-0.12136380423699197
1077,8.342573619352072,-0.12207463426952497
1078,8.337707193436565,-0.1227870939277424
1079,8.332828990136568,-0.12350117065602034
1080,8.327939069187398,-0.1242168517871312
1081,8.32303749093532,-0.12493412454247223
1082,8.318124316338539,-0.12565297603230755
1083,8.313199606968277,-0.12637339325601255
1084,8.308263425009793,-0.12709536310233033
1085,8.30331583326339,-0.12781887234963357
1086,8.29835689514542,-0.12854390766619536
1087,8.293386674689282,-0.12927045561046724
1088,8.28840523654636,-0.12999850263136706
1089,8.283412645987017,-0.13072803506857178
1090,8.278408968901525,-0.13145903915282012
1091,8.273394271800996,-0.13219150100622315
1092,8.268368621818286,-0.13292540664258248
1093,8.263332086708918,-0.1336607419677161
1094,8.258284734851935,-0.13439749277979277
1095,8.253226635250801,-0.13513564476967405
1096,8.248157857534256,-0.1358751835212634
1097,8.243078471957126,-0.13661609451186602
1098,8.237988549401175,-0.13735836311255337
1099,8.2328881613759,-0.13810197458853818
1100,8.227777380019324,-0.1388469140995559
1101,8.222656278098784,-0.13959316670025465
1102,8.21752492901169,-0.14034071734059303
1103,8.212383406786243,-0.14108955086624728
1104,8.207231786082207,-0.1418396520190235
1105,8.202070142191568,-0.1425910054372818
1106,8.196898551039281,-0.14334359565636354
1107,8.191717089183916,-0.14409740710903146
1108,8.186525833818317,-0.14485242412591487
1109,8.18132486277026,-0.14560863093596335
1110,8.17611425450306,-0.14636601166690938
1111,8.170894088116205,-0.14712455034573665
1112,8.165664443345916,-0.14788423089915964
1113,8.160425400565728,-0.1486450371541087
1114,8.15517704078706,-0.1494069528382234
1115,8.149919445659712,-0.15016996158035487
1116,8.144652697472438,-0.15093404691107468
1117,8.139376879153367,-0.15169919226319356
1118,8.134092074270566,-0.15246538097228488
1119,8.128798367032418,-0.15323259627722058
1120,8.123495842288115,-0.15400082132071038
1121,8.118184585528075,-0.15477003914985102
1122,8.112864682884302,-0.155540232716685
1123,8.107536221130804,-0.15631138487876342
1124,8.102199287683927,-0.15708347839972042
1125,8.096853970602735,-0.15785649594985143
1126,8.091500358589274,-0.158630420106704
1127,8.086138540988909,-0.15940523335567208
1128,8.080768607790574,-0.16018091809060125
1129,8.075390649627064,-0.1609574566143988
1130,8.070004757775218,-0.16173483113965498
1131,8.06461102415617,-0.16251302378926863
1132,8.059209541335532,-0.16329201659708228
1133,8.053800402523546,-0.16407179150852552
1134,8.048383701575242,-0.16485233038126407
1135,8.042959532990569,-0.16563361498585777
1136,8.037527991914473,-0.16641562700642637
1137,8.032089174136994,-0.16719834804132197
1138,8.026643176093302,-0.1679817596038105
1139,8.021190094863758,-0.16876584312275794
1140,8.015730028173882,-0.16955057994332784
1141,8.010263074394354,-0.17033595132768367
1142,8.004789332540987,-0.17112193845569829
1143,7.999308902274644,-0.1719085224256733
1144,7.993821883901149,-0.1726956842550637
1145,7.988328378371167,-0.17348340488121095
1146,7.982828487280074,-0.17427166516208295
1147,7.977322312867793,-0.17506044587702044
1148,7.971809958018594,-0.17584972772749302
1149,7.9662915262608855,-0.17663949133785978
1150,7.960767121766953,-0.17742971725613962
1151,7.955236849352714,-0.17822038595478623
1152,7.949700814477421,-0.17901147783147167
1153,7.9441591232433,-0.17980297320987834
1154,7.938611882395255,-0.18059485234049424
1155,7.933059199320449,-0.18138709540141926
1156,7.927501182047933,-0.18217968249917554
1157,7.92193793924817,-0.18297259366952748
1158,7.916369580232626,-0.1837658088783053
1159,7.910796214953231,-0.1845593080222391
1160,7.9052179540019,-0.1853530709297969
1161,7.89963490860997,-0.18614707736203062
1162,7.894047190647612,-0.18694130701342979
1163,7.888454912623256,-0.1877357395127793
1164,7.882858187682938,-0.18853035442402663
1165,7.877257129609629,-0.18932513124715442
1166,7.871651852822548,-0.19012004941905944
1167,7.866042472376432,-0.19091508831443876
1168,7.860429103960789,-0.19171022724668155
1169,7.854811863899109,-0.19250544546876777
1170,7.849190869148035,-0.19330072217417363
1171,7.843566237296523,-0.19409603649778293
1172,7.837938086564958,-0.19489136751680436
1173,7.832306535804245,-0.19568669425169588
1174,7.8266717044948395,-0.19648199566709523
1175,7.821033712745794,-0.1972772506727555
1176,7.815392681293733,-0.1980724381244881
1177,7.809748731501819,-0.19886753682511038
1178,7.804101985358661,-0.199662525525401
1179,7.79845256547719,-0.2004573829250602
1180,7.792800595093555,-0.20125208767367472
1181,7.787146198065893,-0.20204661837169174
1182,7.7814894988731345,-0.20284095357139556
1183,7.775830622613763,-0.20363507177789086
1184,7.7701696950045145,-0.20442895145009232
1185,7.764506842379057,-0.20522257100171956
1186,7.758842191686631,-0.20601590880229734
1187,7.753175870490644,-0.20680894317816143
1188,7.747508006967271,-0.2076016524134693
1189,7.741838729903976,-0.2083940147512165
1190,7.736168168697982,-0.2091860083942598
1191,7.730496453354752,-0.20997761150634342
1192,7.724823714486414,-0.21076880221313057
1193,7.719150083310134,-0.21155955860324221
1194,7.713475691646449,-0.2123498587292988
1195,7.707800671917607,-0.213139680608967
1196,7.7021251571457885,-0.21392900222601394
1197,7.696449280951379,-0.21471780153136188
1198,7.690773177551122,-0.21550605644415247
1199,7.685096981756278,-0.21629374485281228
1200,7.6794208289707635,-0.21708084461612326
1201,7.673744855189162,-0.21786733523241883
1202,7.668069196850081,-0.21865319786167275
1203,7.662393990689304,-0.2194384136785305
1204,7.656719373737542,-0.2202229638727622
1205,7.651045483318201,-0.22100682964971344
1206,7.645372457045055,-0.22178999223075815
1207,7.6397004328199305,-0.22257243285374945
1208,7.634029548830351,-0.22335413277346988
1209,7.628359943547145,-0.22413507326208237
1210,7.622691755721991,-0.2249152356095815
1211,7.617025124385018,-0.22569460112424017
1212,7.611360188842234,-0.22647315113306277
1213,7.605697088673044,-0.22725086698223154
1214,7.6000359637276915,-0.22802773003755525
1215,7.594376954124619,-0.22880372168491894
1216,7.58872020024787,-0.22957882333072957
1217,7.5830658427444035,-0.23035301640236452
1218,7.577414022521412,-0.23112628234861687
1219,7.571764880743546,-0.23189860264014306
1220,7.566118558830158,-0.23266995876990795
1221,7.560475198452493,-0.23344033225362965
1222,7.554834941530821,-0.23420970463022503
1223,7.549197930231575,-0.23497805746225317
1224,7.543564306964395,-0.23574537233635956
1225,7.537934214379205,-0.23651163086371835
1226,7.532307795363174,-0.23727681468047632
1227,7.526685193037725,-0.23804090544819256
1228,7.521066550755414,-0.2388038848542822
1229,7.515452012096842,-0.23956573461245612
1230,7.509841720867513,-0.24032643646316051
1231,7.504235821094606,-0.24108597217401792
1232,7.498634457023787,-0.24184432354026494
1233,7.493037773115922,-0.2426014723851907
1234,7.487445914043751,-0.24335740056057584
1235,7.4818590246885766,-0.24411208994712716
1236,7.476277250136838,-0.24486552245491647
1237,7.470700735676711,-0.24561768002381437
1238,7.465129626794623,-0.2463685446239263
1239,7.459564069171748,-0.2471180982560264
1240,7.454004208680454,-0.24786632295199124
1241,7.4484501913807035,-0.24861320077523288
1242,7.442902163516452,-0.24935871382113006
1243,7.4373602715119285,-0.25010284421746093
1244,7.431824661967955,-0.25084557412483255
1245,7.426295481658157,-0.25158688573711185
1246,7.420772877525193,-0.2523267612818538
1247,7.41525699667689,-0.2530651830207302
1248,7.409747986382368,-0.25380213324995715
1249,7.404245994068102,-0.2545375943007219
1250,7.398751167313971,-0.25527154853960826
1251,7.393263653849228,-0.2560039783690221
1252,7.387783601548431,-0.25673486622761604
1253,7.382311158427378,-0.25746419459071146
1254,7.376846472638921,-0.25819194597072315
1255,7.371389692468807,-0.2589181029175791
1256,7.3659409663314355,-0.25964264801914233
1257,7.360500442765576,-0.26036556390163046
1258,7.355068270430073,-0.2610868332300346
1259,7.349644598099443,-0.261806438708538
1260,7.344229574659506,-0.2625243630809327
1261,7.338823349102886,-0.2632405891310367
1262,7.3334260705245535,-0.2639550996831081
1263,7.328037888117269,-0.26466787760226007
1264,7.3226589511669955,-0.26537890579487394
1265,7.317289409048243,-0.2660881672090131
1266,7.31192941121943,-0.2667956448348325
1267,7.306579107218125,-0.2675013217049902
1268,7.301238646656301,-0.26820518089505685
1269,7.2959081792155045,-0.26890720552392405
1270,7.290587854642011,-0.2696073787542115
1271,7.285277822741919,-0.27030568379267345
1272,7.279978233376167,-0.2710021038906054
1273,7.274689236455588,-0.2716966223442464
1274,7.26941098193582,-0.272389222495184
1275,7.26414361981226,-0.2730798877307553
1276,7.258887300114897,-0.27376860148444876
1277,7.2536421729031435,-0.27445534723630427
1278,7.248408388260617,-0.2751401085133116
1279,7.243186096289853,-0.275822868889809
1280,7.2379754471070035,-0.27650361198787926
1281,7.2327765908364645,-0.2771823214777455
1282,7.22758967760549,-0.277858981078165
1283,7.222414857538689,-0.27853357455682387
1284,7.217252280752571,-0.2792060857307283
1285,7.212102097349986,-0.2798764984665954
1286,7.206964457414513,-0.2805447966812436
1287,7.201839511004858,-0.28121096434198045
1288,7.196727408149142,-0.2818749854669907
1289,7.191628298839187,-0.28253684412572255
1290,7.186542333024736,-0.2831965244392719
1291,7.18146966060763,-0.28385401058076715
1292,7.176410431435963,-0.2845092867757505
1293,7.171364795298148,-0.28516233730256024
1294,7.1663329019169755,-0.2858131464927106
1295,7.161314900943619,-0.28646169873126964
1296,7.156310941951575,-0.28710797845723807
1297,7.151321174430592,-0.28775197016392423
1298,7.146345747780526,-0.2883936583993198
1299,7.141384811305164,-0.2890330277664732
1300,7.136438514206004,-0.28967006292386205
1301,7.131507005576001,-0.2903047485857633
1302,7.126590434393237,-0.29093706952262394
1303,7.121688949514586,-0.2915670105614288
1304,7.116802699669316,-0.2921945565860674
1305,7.111931833452654,-0.2928196925376994
1306,7.107076499319271,-0.2934424034151203
1307,7.102236845576816,-0.29406267427512184
1308,7.0974130203793075,-0.2946804902328554
1309,7.092605171720538,-0.29529583646219154
1310,7.087813447427431,-0.2959086981960781
1311,7.083037995153335,-0.29651906072689854
1312,7.0782789623713125,-0.29712690940682673
1313,7.073536496367353,-0.2977322296481819
1314,7.068810744233561,-0.2983350069237817
1315,7.064101852861306,-0.29893522676729356
1316,7.059409968934342,-0.29953287477358437
1317,7.054735238921846,-0.3001279365990701
1318,7.050077809071487,-0.30072039796206157
1319,7.045437825402378,-0.30131024464311157
1320,7.040815433698047,-0.30189746248535826
1321,7.036210779499357,-0.3024820373948677
1322,7.031624008097386,-0.3030639553409749
1323,7.027055264526254,-0.30364320235662406
1324,7.0225046935559385,-0.3042197645387063
1325,7.017972439685031,-0.30479362804839655
1326,7.013458647133496,-0.3053647791114878
1327,7.008963459835337,-0.30593320401872603
1328,7.004487021431298,-0.30649888912614004
1329,7.000029475261457,-0.3070618208553742
1330,6.995590964357848,-0.30762198569401555
1331,6.9911716314370205,-0.30817937019592145
1332,6.986771618892573,-0.30873396098154526
1333,6.982391068787647,-0.30928574473826054
1334,6.978030122847397,-0.30983470822068365
1335,6.973688922451448,-0.31038083825099333
1336,6.969367608626289,-0.31092412171925105
1337,6.965066322037633,-0.31146454558371933
1338,6.960785202982836,-0.31200209687117453
1339,6.956524391383158,-0.312536762677224
1340,6.952284026776075,-0.31306853016661834
1341,6.948064248307556,-0.3135973865735613
1342,6.943865194724317,-0.3141233192020194
1343,6.939687004366032,-0.31464631542602955
1344,6.9355298151575235,-0.31516636269000525
1345,6.93139376460094,-0.3156834485090404
1346,6.927278989767903,-0.31619756046921205
1347,6.923185627291635,-0.31670868622788095
1348,6.919113813359074,-0.3172168135139907
1349,6.915063683702944,-0.31772193012836514
1350,6.911035373593818,-0.31822402394400423
1351,6.90702901783219,-0.31872308290637713
1352,6.903044750740463,-0.31921909503371554
1353,6.899082706154996,-0.31971204841730305
1354,6.895143017418085,-0.32020193122176394
1355,6.891225817369944,-0.32068873168535
1356,6.887331238340647,-0.3211724381202266
1357,6.8834594121421295,-0.32165303891275404
1358,6.879610470060064,-0.322130522523771
1359,6.875784542845829,-0.3226048774888733
1360,6.871981760708414,-0.32307609241869106
1361,6.868202253306314,-0.3235441559991666
1362,6.86444614973943,-0.324009056991827
1363,6.860713578540951,-0.32447078423405795
1364,6.857004667669257,-0.3249293266393725
1365,6.853319544499755,-0.325384673197682
1366,6.849658335816767,-0.3258368129755616
1367,6.846021167805404,-0.32628573511651554
1368,6.8424081660434055,-0.3267314288412408
1369,6.8388194554930095,-0.32717388344788795
1370,6.835255160492818,-0.3276130883123206
1371,6.831715404749632,-0.3280490328883734
1372,6.828200311330319,-0.32848170670810795
1373,6.824710002653687,-0.32891109938206536
1374,6.821244600482329,-0.32933720059951954
1375,6.817804225914482,-0.3297600001287271
1376,6.814388999375936,-0.33017948781717443
1377,6.810999040611877,-0.3305956535918247
1378,6.807634468678795,-0.3310084874593618
1379,6.80429540193636,-0.33141797950643304
1380,6.800981958039363,-0.3318241198998886
1381,6.797694253929579,-0.33222689888702134
1382,6.794432405827712,-0.3326263067958033
1383,6.791196529225386,-0.333022334035118
1384,6.787986738877037,-0.33341497109499535
1385,6.7848031487919,-0.333804208546842
1386,6.781645872226018,-0.3341900370436688
1387,6.778515021674218,-0.33457244732031904
1388,6.775410708862165,-0.33495143019369145
1389,6.77233304473839,-0.33532697656296434
1390,6.76928213946634,-0.335699077409816
1391,6.766258102416518,-0.3360677237986425
1392,6.763261042158541,-0.3364329068767755
1393,6.760291066453305,-0.3367946178746967
1394,6.75734828224516,-0.33715284810624996
1395,6.754432795654079,-0.3375075889688525
1396,6.751544711967889,-0.33785883194370386
1397,6.748684135634531,-0.33820656859599146
1398,6.745851170254339,-0.33855079057509574
1399,6.743045918572332,-0.3388914896147936
1400,6.740268482470618,-0.3392286575334569
1401,6.737518962960728,-0.3395622862342522
1402,6.734797460176039,-0.339892367705338
1403,6.732104073364292,-0.3402188940200562
1404,6.729438900880008,-0.3405418573371275
1405,6.726802040177089,-0.3408612499008394
1406,6.724193587801369,-0.3411770640412354
1407,6.72161363938323,-0.341489292174301
1408,6.7190622896303,-0.3417979268021467
1409,6.716539632320143,-0.3421029605131905
1410,6.714045760293012,-0.34240438598233797
1411,6.711580765444674,-0.34270219597115903
1412,6.709144738719245,-0.34299638332806465
1413,6.706737770102121,-0.34328694098847856
1414,6.704359948612909,-0.34357386197501044
1415,6.702011362298456,-0.343857139397624
1416,6.699692098225907,-0.3441367664538042
1417,6.697402242475819,-0.3444127364287224
1418,6.695141880135352,-0.3446850426953992
1419,6.692911095291491,-0.3449536787148647
1420,6.690709971024345,-0.3452186380363177
1421,6.688538589400499,-0.3454799142972816
1422,6.68639703146643,-0.34573750122375885
1423,6.684285377241985,-0.34599139263038314
1424,6.6822037057139365,-0.34624158242056874
1425,6.680152094829552,-0.34648806458665965
1426,6.678130621490316,-0.3467308332100737
1427,6.676139361545642,-0.346969882461447
1428,6.674178389786688,-0.3472052066007749
1429,6.672247779940244,-0.3474367999775512
1430,6.670347604662677,-0.34766465703090504
1431,6.6684779355339545,-0.34788877228973586
1432,6.666638843051745,-0.3481091403728459
1433,6.664830396625603,-0.34832575598907006
1434,6.663052664571193,-0.34853861393740504
1435,6.661305714104638,-0.3487477091071345
1436,6.659589611336892,-0.3489530364779539
1437,6.657904421268255,-0.3491545911200913
1438,6.656250207782917,-0.3493523681944273
1439,6.654627033643612,-0.34954636295261116
1440,6.653034960486327,-0.34973657073717795
1441,6.651474048815136,-0.34992298698165886
1442,6.649944357997076,-0.3501056072106939
1443,6.648445946257132,-0.3502844270401387
1444,6.646978870673294,-0.35045944217717223
1445,6.645543187171737,-0.3506306484203989
1446,6.64413895052203,-0.35079804165995204
1447,6.642766214332486,-0.3509616178775923
1448,6.6414250310455945,-0.3511213731468047
1449,6.640115451933507,-0.35127730363289494
1450,6.6388375270936555,-0.3514294055930811
1451,6.637591305444473,-0.35157767537658413
1452,6.6363768347211405,-0.35172210942471727
1453,6.635194161471513,-0.35186270427097105
1454,6.634043331052084,-0.35199945654109777
1455,6.632924387624086,-0.352132362953192
1456,6.631837374149641,-0.35226142031777163
1457,6.63078233238807,-0.35238662553785316
1458,6.629759302892212,-0.35250797560902875
1459,6.628768325004972,-0.3526254676195363
1460,6.627809436855839,-0.35273909875033144
1461,6.626882675357592,-0.35284886627515505
1462,6.625988076203062,-0.3529547675605996
1463,6.625125673862028,-0.35305680006617185
1464,6.6242955015781835,-0.3531549613443551
1465,6.623497591366252,-0.35324924904066696
1466,6.622731974009147,-0.3533396608937179
1467,6.621998679055301,-0.35342619473526393
1468,6.621297734816042,-0.3535088484902603
1469,6.620629168363125,-0.35358762017691076
1470,6.619993005526345,-0.35366250790671483
1471,6.619389270891252,-0.3537335098845143
1472,6.61881798779698,-0.35380062440853616
1473,6.618279178334224,-0.3538638498704322
1474,6.617772863343228,-0.35392318475531975
1475,6.617299062412,-0.35397862764181603
1476,6.616857793874547,-0.3540301772020738
1477,6.616449074809269,-0.35407783220181194
1478,6.616072921037432,-0.35412159150034594
1479,6.615729347121794,-0.354161454050614
1480,6.615418366365272,-0.35419741889920353
1481,6.615139990809809,-0.3542294851863722
1482,6.6148942312352705,-0.3542576521460698
1483,6.614681097158524,-0.3542819191059547
1484,6.6145005968325385,-0.35430228548741216
1485,6.61435273724573,-0.35431875080556463
1486,6.614237524121274,-0.354331314669286
1487,6.614154961916627,-0.35433997678120915
1488,6.614105053823132,-0.3543447369377328
1489,6.614087801765735,-0.35434559502902613
1490,6.614103206402811,-0.3543425510390306
1491,6.614151267126112,-0.35433560504546047
1492,6.6142319820608195,-0.35432475721979945
1493,6.614345348065699,-0.35431000782729755
1494,6.614491360733416,-0.35429135722696214
1495,6.614670014390905,-0.35426880587154985
1496,6.614881302099871,-0.3542423543075552
1497,6.615125215657414,-0.35421200317519635
1498,6.615401745596767,-0.3541777532083992
1499,6.615710881188129,-0.3541396052347789
1500,6.616052610439635,-0.3540975601756188
1501,6.616426920098399,-0.3540516190458483
1502,6.6168337956517105,-0.35400178295401713
1503,6.617273221328312,-0.35394805310226835
1504,6.6177451800998,-0.35389043078630805
1505,6.618249653682158,-0.3538289173953732
1506,6.618786622537325,-0.3537635144121983
1507,6.619356065874981,-0.3536942234129778
1508,6.619957961654365,-0.3536210460673275
1509,6.620592286586219,-0.35354398413824384
1510,6.621259016134854,-0.3534630394820597
1511,6.621958124520312,-0.3533782140483997
1512,6.622689584720639,-0.3532895098801316
1513,6.623453368474273,-0.35319692911331624
1514,6.624249446282536,-0.35310047397715505
1515,6.62507778741222,-0.35300014679393504
1516,6.625938359898275,-0.3528959499789729
1517,6.626831130546644,-0.35278788604055455
1518,6.627756064937161,-0.35267595757987347
1519,6.628713127426543,-0.3525601672909688
1520,6.629702281151545,-0.3524405179606569
1521,6.630723488032158,-0.35231701246846436
1522,6.631776708774937,-0.35218965378655753
1523,6.632861902876411,-0.35205844497966937
1524,6.63397902862663,-0.35192338920502464
1525,6.635128043112772,-0.35178448971226217
1526,6.636308902222876,-0.35164174984335567
1527,6.637521560649654,-0.35149517303253214
1528,6.638765971894419,-0.35134476280618726
1529,6.6400420882710955,-0.3511905227827996
1530,6.641349860910313,-0.35103245667284255
1531,6.642689239763643,-0.3508705682786926
1532,6.644060173607887,-0.3507048614945367
1533,6.645462610049464,-0.35053534030627753
1534,6.646896495528886,-0.350362008791436
1535,6.648361775325372,-0.35018487111905067
1536,6.649858393561474,-0.35000393154957726
1537,6.651386293207853,-0.34981919443478393
1538,6.652945416088133,-0.3496306642176443
1539,6.654535702883816,-0.3494383454322303
1540,6.656157093139308,-0.34924224270360027
1541,6.657809525267023,-0.3490423607476871
1542,6.659492936552577,-0.34883870437118203
1543,6.661207263160052,-0.34863127847141817
1544,6.662952440137366,-0.34842008803625024
1545,6.664728401421701,-0.34820513814393317
1546,6.666535079845011,-0.3479864339629984
1547,6.668372407139624,-0.3477639807521277
1548,6.670240313943918,-0.34753778386002476
1549,6.672138729808076,-0.3473078487252845
1550,6.674067583199918,-0.34707418087626013
1551,6.6760268015107735,-0.34683678593092937
1552,6.678016311061483,-0.34659566959675703
1553,6.680036037108436,-0.3463508376705552
1554,6.682085903849702,-0.346102296038342
1555,6.6841658344311865,-0.3458500506751994
1556,6.686275750952935,-0.3455941076451256
1557,6.6884155744754095,-0.3453344731008887
1558,6.6905852250259175,-0.3450711532838761
1559,6.6927846216050515,-0.3448041545239422
1560,6.695013682193214,-0.3445334832392546
1561,6.697272323757193,-0.3442591459361375
1562,6.699560462256822,-0.34398114920891315
1563,6.701878012651667,-0.3436994997397414
1564,6.704224888907818,-0.34341420429845604
1565,6.706601004004678,-0.34312526974240126
1566,6.709006269941873,-0.3428327030162633
1567,6.711440597746164,-0.3425365111519023
1568,6.713903897478451,-0.34223670126818034
1569,6.716396078240801,-0.3419332805707886
1570,6.7189170481835525,-0.34162625635207144
1571,6.7214667145124665,-0.34131563599084885
1572,6.724044983495892,-0.3410014269522373
1573,6.726651760472027,-0.3406836367874678
1574,6.729286949856211,-0.34036227313370127
1575,6.731950455148244,-0.34003734371384375
1576,6.734642178939762,-0.33970885633635806
1577,6.737362022921665,-0.3393768188950734
1578,6.740109887891573,-0.3390412393689939
1579,6.742885673761341,-0.33870212582210324
1580,6.745689279564572,-0.33835948640317004
1581,6.748520603464224,-0.3380133293455481
1582,6.751379542760192,-0.3376636629669776
1583,6.754265993896998,-0.337310495669381
1584,6.757179852471442,-0.3369538359386598
1585,6.760121013240313,-0.33659369234448866
1586,6.763089370128178,-0.33623007354010503
1587,6.766084816235127,-0.33586298826210026
1588,6.769107243844573,-0.3354924453302071
1589,6.772156544431122,-0.335118453647084
1590,6.775232608668404,-0.33474102219809976
1591,6.778335326436954,-0.3343601600511152
1592,6.781464586832142,-0.333975876356262
1593,6.78462027817211,-0.33358818034572
1594,6.787802288005704,-0.3331970813334939
1595,6.79101050312047,-0.33280258871518553
1596,6.7942448095506265,-0.3324047119677668
1597,6.797505092585098,-0.33200346064934827
1598,6.800791236775521,-0.33159884439894766
1599,6.804103125944323,-0.3311908729362547
1600,6.807440643192737,-0.3307795560613961
1601,6.810803670908908,-0.33036490365469634
1602,6.814192090775961,-0.3299469256764385
1603,6.817605783780096,-0.3295256321666216
1604,6.821044630218708,-0.3291010332447169
1605,6.824508509708466,-0.3286731391094226
1606,6.827997301193472,-0.3282419600384153
1607,6.831510882953366,-0.3278075063881011
1608,6.835049132611473,-0.32736978859336313
1609,6.83861192714292,-0.32692881716730915
1610,6.842199142882787,-0.32648460270101604
1611,6.845810655534245,-0.3260371558632724
1612,6.849446340176714,-0.3255864874003193
1613,6.853106071273989,-0.3251326081355895
1614,6.856789722682374,-0.32467552896944546
1615,6.860497167658847,-0.3242152608789137
1616,6.864228278869172,-0.3237518149174188
1617,6.86798292839604,-0.32328520221451534
1618,6.871760987747194,-0.3228154339756175
1619,6.875562327863564,-0.3223425214817267
1620,6.879386819127346,-0.32186647608915914
1621,6.883234331370134,-0.32138730922926884
1622,6.887104733881009,-0.3209050324081711
1623,6.890997895414613,-0.32041965720646365
1624,6.894913684199251,-0.31993119527894404
1625,6.898851967944925,-0.31943965835432886
1626,6.902812613851386,-0.3189450582349685
1627,6.906795488616188,-0.3184474067965606
1628,6.9108004584426865,-0.31794671598786256
1629,6.914827389048071,-0.317442997830401
1630,6.918876145671324,-0.316936264418181
1631,6.922946593081207,-0.31642652791739284
1632,6.927038595584211,-0.3159138005661168
1633,6.931152017032493,-0.3153980946740262
1634,6.935286720831791,-0.31487942262208923
1635,6.939442569949336,-0.3143577968622682
1636,6.943619426921667,-0.31383322991721996
1637,6.947817153862559,-0.3133057343799887
1638,6.952035612470782,-0.3127753229137046
1639,6.956274664037948,-0.31224200825127413
1640,6.960534169456278,-0.3117058031950729
1641,6.964813989226359,-0.31116672061663475
1642,6.969113983464855,-0.31062477345634076
1643,6.973434011912239,-0.3100799747231049
1644,6.977773933940447,-0.3095323374940591
1645,6.982133608560531,-0.3089818749142369
1646,6.986512894430286,-0.3084286001962542
1647,6.990911649861824,-0.3078725266199901
1648,6.995329732829136,-0.3073136675322653
1649,6.999767000975648,-0.30675203634651754
1650,7.004223311621673,-0.3061876465424791
1651,7.008698521771924,-0.30562051166584786
1652,7.013192488122915,-0.3050506453279616
1653,7.017705067070374,-0.3044780612054673
1654,7.022236114716637,-0.3039027730399892
1655,7.026785486877934,-0.30332479463779843
1656,7.031353039091724,-0.3027441398694773
1657,7.035938626623951,-0.3021608226695837
1658,7.04054210447627,-0.30157485703631454
1659,7.045163327393268,-0.30098625703116566
1660,7.049802149869571,-0.30039503677859347
1661,7.054458426157015,-0.2998012104656716
1662,7.059132010271708,-0.29920479234174846
1663,7.063822756001066,-0.29860579671810267
1664,7.068530516910859,-0.2980042379675957
1665,7.073255146352132,-0.29740013052432607
1666,7.077996497468164,-0.29679348888327883
1667,7.082754423201371,-0.2961843275999752
1668,7.087528776300129,-0.29557266129012116
1669,7.092319409325604,-0.2949585046292534
1670,7.097126174658523,-0.29434187235238485
1671,7.1019489245059075,-0.29372277925364804
1672,7.106787510907747,-0.29310124018593825
1673,7.111641785743658,-0.29247727006055374
1674,7.116511600739502,-0.2918508838468354
1675,7.121396807473926,-0.2912220965718055
1676,7.126297257384922,-0.29059092331980313
1677,7.13121280177627,-0.28995737923212145
1678,7.136143291823993,-0.2893214795066407
1679,7.141088578582746,-0.2886832393974615
1680,7.146048512992178,-0.2880426742145358
1681,7.151022945883228,-0.28739979932329723
1682,7.156011727984407,-0.2867546301442898
1683,7.161014709927995,-0.28610718215279596
1684,7.166031742256221,-0.28545747087846246
1685,7.171062675427417,-0.28480551190492487
1686,7.176107359822085,-0.28415132086943207
1687,7.18116564574895,-0.2834949134624677
1688,7.186237383450955,-0.282836305427372
1689,7.191322423111213,-0.2821755125599616
1690,7.196420614858922,-0.28151255070814796
1691,7.20153180877521,-0.2808474357715554
1692,7.206655854898989,-0.28018018370113595
1693,7.211792603232697,-0.27951081049878584
1694,7.216941903748034,-0.2788393322169585
1695,7.222103606391642,-0.2781657649582775
1696,7.22727756109076,-0.27749012487514746
1697,7.232463617758787,-0.2768124281693651
1698,7.237661626300848,-0.27613269109172756
1699,7.24287143661927,-0.2754509299416415
1700,7.248092898619083,-0.27476716106672766
1701,7.253325862213363,-0.2740814008624297
1702,7.258570177328655,-0.2733936657716156
1703,7.2638256939102375,-0.2727039722841836
1704,7.269092261927441,-0.2720123369366627
1705,7.27436973137884,-0.27131877631181506
1706,7.279657952297442,-0.2706233070382355
1707,7.284956774755822,-0.26992594578995094
1708,7.290266048871195,-0.2692267092860188
1709,7.295585624810477,-0.2685256142901232
1710,7.300915352795275,-0.2678226776101713
1711,7.306255083106835,-0.26711791609788765
1712,7.311604666090953,-0.2664113466484088
1713,7.316963952162819,-0.2657029861998759
1714,7.322332791811841,-0.2649928517330264
1715,7.327711035606411,-0.2642809602707852
1716,7.333098534198625,-0.2635673288778542
1717,7.33849513832897,-0.26285197466030125
1718,7.343900698830937,-0.2621349147651485
1719,7.349315066635639,-0.26141616637995846
1720,7.354738092776308,-0.26069574673242146
1721,7.360169628392855,-0.2599736730899388
1722,7.365609524736249,-0.2592499627592093
1723,7.3710576331729865,-0.25852463308581064
1724,7.376513805189417,-0.2577977014537828
1725,7.381977892396089,-0.25706918528520867
1726,7.387449746532005,-0.2563391020397955
1727,7.392929219468868,-0.255607469214454
1728,7.398416163215251,-0.2548743043428779
1729,7.403910429920757,-0.254139624995121
1730,7.409411871880099,-0.25340344877717585
1731,7.414920341537187,-0.2526657933305479
1732,7.420435691489121,-0.25192667633183263
1733,7.425957774490155,-0.2511861154922904
1734,7.431486443455634,-0.25044412855741927
1735,7.437021551465879,-0.24970073330652903
1736,7.44256295177003,-0.24895594755231304
1737,7.448110497789841,-0.24820978914041975
1738,7.453664043123441,-0.24746227594902406
1739,7.459223441549046,-0.2467134258883969
1740,7.46478854702863,-0.24596325690047488
1741,7.470359213711569,-0.24521178695842863
1742,7.47593529593822,-0.24445903406623073
1743,7.481516648243479,-0.24370501625822316
1744,7.487103125360278,-0.24294975159868373
1745,7.492694582223069,-0.24219325818139142
1746,7.498290873971242,-0.24143555412919204
1747,7.503891855952505,-0.2406766575935629
1748,7.509497383726261,-0.23991658675417538
1749,7.5151073130668635,-0.23915535981846028
1750,7.520721499966943,-0.23839299502116781
1751,7.526339800640596,-0.23762951062393187
1752,7.5319620715265865,-0.2368649249148295
1753,7.537588169291497,-0.23609925620794306
1754,7.5432179508328385,-0.2353325228429194
1755,7.548851273282134,-0.23456474318452955
1756,7.554487994007944,-0.2337959356222279
1757,7.56012797061885,-0.23302611856971134
1758,7.565771060966448,-0.23225531046447553
1759,7.571417123148245,-0.2314835297673736
1760,7.577066015510554,-0.23071079496217234
1761,7.5827175966513405,-0.2299371245551091
1762,7.588371725423034,-0.22916253707444667
1763,7.594028260935307,-0.22838705107002938
1764,7.599687062557801,-0.22761068511283805
1765,7.60534798992286,-0.2268334577945432
1766,7.611010902928166,-0.22605538772706033
1767,7.616675661739376,-0.22527649354210302
1768,7.622342126792742,-0.22449679389073535
1769,7.628010158797662,-0.2237163074429247
1770,7.633679618739199,-0.22293505288709434
1771,7.639350367880577,-0.22215304892967533
1772,7.645022267765644,-0.22137031429465748
1773,7.650695180221321,-0.22058686772313954
1774,7.656368967359958,-0.21980272797288136
1775,7.662043491581695,-0.21901791381785393
1776,7.6677186155768196,-0.2182324440477883
1777,7.673394202328045,-0.21744633746772546
1778,7.679070115112754,-0.21665961289756647
1779,7.684746217505253,-0.21587228917162046
1780,7.690422373378964,-0.2150843851381531
1781,7.696098446908581,-0.21429591965893569
1782,7.701774302572204,-0.21350691160879282
1783,7.707449805153457,-0.21271737987515024
1784,7.713124819743542,-0.21192734335758195
1785,7.718799211743302,-0.21113682096735775
1786,7.724472846865211,-0.21034583162699028
1787,7.730145591135382,-0.20955439426978137
1788,7.735817310895475,-0.20876252783936966
1789,7.741487872804676,-0.20797025128927527
1790,7.747157143841548,-0.20717758358244737
1791,7.752824991305908,-0.20638454369080947
1792,7.758491282820678,-0.2055911505948051
1793,7.764155886333673,-0.20479742328294362
1794,7.769818670119375,-0.20400338075134597
1795,7.775479502780712,-0.20320904200328946
1796,7.781138253250763,-0.20241442604875284
1797,7.786794790794451,-0.20161955190396216
1798,7.7924489850102345,-0.20082443859093443
1799,7.798100705831726,-0.2000291051370236
1800,7.803749823529324,-0.19923357057446478
1801,7.80939620871179,-0.19843785393991897
1802,7.815039732327829,-0.19764197427401778
1803,7.820680265667618,-0.19684595062090765
1804,7.826317680364328,-0.1960498020277942
1805,7.831951848395577,-0.19525354754448826
1806,7.837582642084965,-0.19445720622294715
1807,7.843209934103439,-0.19366079711682227
1808,7.8488335974707475,-0.1928643392810016
1809,7.854453505556811,-0.19206785177115515
1810,7.860069532083108,-0.1912713536432783
1811,7.865681551123989,-0.19047486395323804
1812,7.871289437108026,-0.189678401756315
1813,7.876893064819287,-0.1888819861067504
1814,7.882492309398618,-0.18808563605728887
1815,7.888087046344896,-0.18728937065872403
1816,7.8936771515162425,-0.18649320895944332
1817,7.899262501131235,-0.1856971700049728
1818,7.904842971770101,-0.18490127283752159
1819,7.91041844037588,-0.1841055364955272
1820,7.9159887842555365,-0.1833099800132014
1821,7.921553881081118,-0.18251462242007446
1822,7.927113608890827,-0.18171948274054167
1823,7.932667846090115,-0.1809245799934078
1824,7.938216471452716,-0.18012993319143472
1825,7.943759364121718,-0.1793355613408855
1826,7.949296403610541,-0.17854148344107212
1827,7.954827469803966,-0.177747718483901
1828,7.960352442959111,-0.17695428545341932
1829,7.965871203706361,-0.17616120332536303
1830,7.97138363305034,-0.17536849106670302
1831,7.976889612370815,-0.1745761676351924
1832,7.982389023423601,-0.17378425197891473
1833,7.987881748341434,-0.1729927630358319
1834,7.993367669634872,-0.17220171973333048
1835,7.998846670193099,-0.1714111409877726
1836,8.004318633284791,-0.17062104570404257
1837,8.009783442558886,-0.16983145277509826
1838,8.015240982045418,-0.16904238108151823
1839,8.020691136156296,-0.16825384949105132
1840,8.026133789686023,-0.16746587685816927
1841,8.031568827812492,-0.16667848202361388
1842,8.036996136097676,-0.16589168381394997
1843,8.042415600488365,-0.16510550104111504
1844,8.047827107316847,-0.16431995250197193
1845,8.053230543301595,-0.16353505697785967
1846,8.058625795547915,-0.1627508332341473
1847,8.064012751548644,-0.1619673000197833
1848,8.06939129918471,-0.1611844760668532
1849,8.074761326725815,-0.16040238009012964
1850,8.080122722831018,-0.15962103078662732
1851,8.085475376549308,-0.15884044683515816
1852,8.09081917732019,-0.1580606468958862
1853,8.09615401497426,-0.15728164960988178
1854,8.101479779733745,-0.15650347359867825
1855,8.10679636221302,-0.1557261374638287
1856,8.112103653419144,-0.15494965978646238
1857,8.117401544752365,-0.15417405912684218
1858,8.122689928006622,-0.1533993540239219
1859,8.127968695369988,-0.15262556299490665
1860,8.133237739425175,-0.1518527045348104
1861,8.138496953149989,-0.15108079711601477
1862,8.143746229917744,-0.1503098591878314
1863,8.148985463497704,-0.14953990917606153
1864,8.15421454805551,-0.14877096548255725
1865,8.159433378153578,-0.1480030464847835
1866,8.16464184875149,-0.1472361705353809
1867,8.169839855206378,-0.14647035596172894
1868,8.175027293273292,-0.1457056210655097
1869,8.180204059105566,-0.1449419841222721
1870,8.185370049255171,-0.144179463380997
1871,8.190525160673024,-0.14341807706366375
1872,8.195669290709342,-0.1426578433648161
1873,8.200802337113952,-0.14189878045112864
1874,8.205924198036584,-0.1411409064609763
1875,8.211034772027187,-0.14038423950400103
1876,8.216133958036194,-0.13962879766068245
1877,8.221221655414807,-0.13887459898190693
1878,8.226297763915253,-0.13812166148853924
1879,8.231362183691047,-0.13737000317099332
1880,8.236414815297243,-0.13661964198880425
1881,8.241455559690642,-0.13587059587020248
1882,8.246484318230062,-0.13512288271168585
1883,8.251500992676513,-0.13437652037759548
1884,8.256505485193443,-0.1336315266996906
1885,8.261497698346918,-0.13288791947672424
1886,8.266477535105796,-0.13214571647402162
1887,8.271444898841944,-0.13140493542305662
1888,8.276399693330408,-0.13066559402102984
1889,8.281341822749551,-0.12992770993045025
1890,8.286271191681244,-0.12919130077871296
1891,8.291187705110985,-0.1284563841576829
1892,8.296091268428068,-0.12772297762327484
1893,8.300981787425707,-0.126991098695037
1894,8.305859168301156,-0.1262607648557353
1895,8.310723317655833,-0.12553199355093775
1896,8.315574142495452,-0.1248048021885995
1897,8.32041155023009,-0.12407920813865035
1898,8.325235448674313,-0.12335522873258178
1899,8.330045746047269,-0.12263288126303501
1900,8.334842350972735,-0.12191218298339151
1901,8.339625172479249,-0.12119315110736217
1902,8.344394120000137,-0.12047580280857882
1903,8.349149103373598,-0.11976015522018706
1904,8.353890032842765,-0.11904622543443895
1905,8.358616819055738,-0.11833403050228736
1906,8.36332937306564,-0.11762358743298224
1907,8.368027606330662,-0.11691491319366527
1908,8.37271143071409,-0.11620802470896816
1909,8.37738075848434,-0.11550293886061083
1910,8.38203550231498,-0.11479967248700032
1911,8.386675575284729,-0.11409824238283237
1912,8.391300890877481,-0.11339866529869223
1913,8.395911362982327,-0.1127009579406566
1914,8.400506905893526,-0.11200513696989844
1915,8.40508743431052,-0.11131121900229123
1916,8.409652863337923,-0.11061922060801449
1917,8.414203108485495,-0.10992915831116139
1918,8.41873808566814,-0.10924104858934615
1919,8.423257711205867,-0.10855490787331382
1920,8.427761901823773,-0.1078707525465501
1921,8.432250574651992,-0.10718859894489378
1922,8.436723647225667,-0.10650846335614847
1923,8.441181037484935,-0.10583036201969585
1924,8.445622663774838,-0.1051543111261121
1925,8.450048444845288,-0.10448032681678346
1926,8.454458299851035,-0.10380842518352261
1927,8.458852148351564,-0.10313862226818929
1928,8.46322991031107,-0.10247093406230806
1929,8.467591506098383,-0.10180537650669003
1930,8.471936856486886,-0.10114196549105528
1931,8.476265882654467,-0.10048071685365526
1932,8.4805785061834,-0.09982164638089927
1933,8.484874649060313,-0.09916476980697851
1934,8.48915423367606,-0.09851010281349444
1935,8.49341718282567,-0.09785766102908655
1936,8.497663419708223,-0.0972074600290629
1937,8.5018928679268,-0.09655951533502936
1938,8.50610545148834,-0.09591384241452384
1939,8.510301094803573,-0.09527045668064882
1940,8.514479722686897,-0.0946293734917065
1941,8.518641260356285,-0.09399060815083496
1942,8.522785633433163,-0.09335417590564621
1943,8.526912767942319,-0.09272009194786415
1944,8.531022590311784,-0.09208837141296486
1945,8.535115027372687,-0.09145902937981944
1946,8.539190006359183,-0.09083208087033551
1947,8.543247454908297,-0.09020754084910207
1948,8.547287301059816,-0.08958542422303493
1949,8.551309473256167,-0.08896574584102418
1950,8.555313900342268,-0.08834852049358217
1951,8.559300511565423,-0.08773376291249378
1952,8.563269236575172,-0.08712148777046733
1953,8.56722000542317,-0.08651170968078732
1954,8.571152748563039,-0.0859044431969688
1955,8.575067396850224,-0.08529970281241306
1956,8.578963881541894,-0.084697502960063
1957,8.582842134296754,-0.08409785801206335
1958,8.586702087174917,-0.08350078227942011
1959,8.590543672637748,-0.08290629001166216
1960,8.594366823547755,-0.08231439539650263
1961,8.598171473168405,-0.08172511255950442
1962,8.601957555163983,-0.08113845556374574
1963,8.605725003599447,-0.08055443840948728
1964,8.609473752940277,-0.07997307503384062
1965,8.613203738052297,-0.07939437931043979
1966,8.616914894201557,-0.0788183650491112
1967,8.620607157054152,-0.07824504599554818
1968,8.624280462676065,-0.07767443583098595
1969,8.627934747533033,-0.07710654817187643
1970,8.631569948490345,-0.07654139656956872
1971,8.635186002812732,-0.07597899450998566
1972,8.63878284816415,-0.07541935541330766
1973,8.642360422607679,-0.07486249263365273
1974,8.6459186646053,-0.07430841945876278
1975,8.649457513017762,-0.07375714910968893
1976,8.652976907104431,-0.07320869474047717
1977,8.656476786523095,-0.07266306943785902
1978,8.659957091329806,-0.07212028622094235
1979,8.66341776197872,-0.07158035804090217
1980,8.666858739321928,-0.0710432977806752
1981,8.670279964609275,-0.07050911825465558
1982,8.673681379488217,-0.0699778322083909
1983,8.677062926003636,-0.06944945231828147
1984,8.680424546597658,-0.06892399119128118
1985,8.683766184109514,-0.06840146136459828
1986,8.687087781775336,-0.0678818753054002
1987,8.69038928322801,-0.06736524541051844
1988,8.693670632496996,-0.06685158400615508
1989,8.696931774008167,-0.06634090334759155
1990,8.700172652583618,-0.06583321561889986
1991,8.703393213441517,-0.06532853293265324
1992,8.706593402195912,-0.06482686732964137
1993,8.709773164856587,-0.06432823077858407
1994,8.712932447828855,-0.06383263517585049
1995,8.716071197913408,-0.06334009234517661
1996,8.719189362306162,-0.06285061403738519
1997,8.722286888598038,-0.06236421193011063
1998,8.725363724774843,-0.06188089762751997
1999,8.728419819217065,-0.06140068266004073
2000,8.731455120699703,-0.06092357848408828
2001,8.7344695783921,-0.060449596481794855
2002,8.737463141857802,-0.05997874796073943
2003,8.740435761054343,-0.059511044153682476
2004,8.74338738633309,-0.05904649621830008
2005,8.746317968439083,-0.05858511523691955
2006,8.749227458510862,-0.0581269122162579
2007,8.752115808080289,-0.05767189808716242
2008,8.754982969072392,-0.05722008370435164
2009,8.75782889380518,-0.05677147984615977
2010,8.760653534989485,-0.05632609721428137
2011,8.763456845728802,-0.055883946433518863
2012,8.766238779519103,-0.05544503805153158
2013,8.768999290248695,-0.05500938253858621
2014,8.771738332198025,-0.054576990287310445
2015,8.774455860039541,-0.05414787161244617
2016,8.777151828837518,-0.0537220367506068
2017,8.779826194047876,-0.053299495860035656
2018,8.78247891151806,-0.052880259020364806
2019,8.785109937486823,-0.05246433623237865
2020,8.787719228584102,-0.05205173741777655
2021,8.790306741830863,-0.05164247241893813
2022,8.792872434638896,-0.051236550998692544
2023,8.795416264810692,-0.05083398284008684
2024,8.797938190539279,-0.050434777546156724
2025,8.800438170408059,-0.05003894463970059
2026,8.802916163390654,-0.0496464935630544
2027,8.805372128850735,-0.049257433677868764
2028,8.807806026541888,-0.048871774264887924
2029,8.810217816607448,-0.04848952452373007
2030,8.812607459580338,-0.04811069357267107
2031,8.814974916382937,-0.04773529044842796
2032,8.817320148326914,-0.047363324105946104
2033,8.819643117113063,-0.04699480341818855
2034,8.821943784831193,-0.046629737175924446
2035,8.82422211395994,-0.04626813408752368
2036,8.826478067366631,-0.04591000277875
2037,8.828711608307154,-0.04555535179255719
2038,8.830922700425788,-0.045204189588888055
2039,8.833111307755075,-0.04485652454447384
2040,8.835277394715668,-0.04451236495263744
2041,8.837420926116184,-0.044171719023096793
2042,8.839541867153088,-0.04383459488177079
2043,8.841640183410506,-0.04350100057058836
2044,8.84371584086014,-0.04317094404729768
2045,8.845768805861093,-0.04284443318527848
2046,8.84779904515975,-0.042521475773356014
2047,8.849806525889624,-0.04220207951561791
2048,8.851791215571245,-0.04188625203123099
2049,8.853753082112013,-0.04157400085426232
2050,8.855692093806061,-0.04126533343350081
2051,8.85760821933415,-0.0409602571322813
2052,8.859501427763513,-0.0406587792283106
2053,8.861371688547731,-0.04036090691349626
2054,8.863218971526624,-0.0400666472937755
2055,8.865043246926108,-0.039776007388948764
2056,8.866844485358065,-0.03948899413251328
2057,8.86862265782025,-0.039205614371498845
2058,8.870377735696142,-0.038925874866306685
2059,8.87210969075484,-0.03864978229054943
2060,8.873818495150926,-0.03837734323089434
2061,8.875504121424369,-0.038108564186906405
2062,8.877166542500406,-0.03784345157089514
2063,8.878805731689415,-0.03758201170776397
2064,8.880421662686809,-0.03732425083485989
2065,8.882014309572922,-0.037070175101827064
2066,8.883583646812895,-0.036819790570460635
2067,8.885129649256594,-0.03657310321456323
2068,8.886652292138466,-0.03633011891980508
2069,8.888151551077458,-0.036090843483583754
2070,8.889627402076895,-0.03585528261488819
2071,8.891079821524393,-0.035623441934162905
2072,8.892508786191746,-0.03539532697317583
2073,8.893914273234838,-0.03517094317488695
2074,8.89529626019354,-0.03495029589332
2075,8.896654724991603,-0.03473339039343596
2076,8.897989645936581,-0.03452023185100858
2077,8.899301001719714,-0.03431082535250234
2078,8.900588771415865,-0.03410517589495111
2079,8.901852934483411,-0.033903288385840995
2080,8.903093470764139,-0.03370516764299497
2081,8.904310360483198,-0.03351081839445688
2082,8.905503584248976,-0.033320245278381594
2083,8.906673123053046,-0.03313345284292374
2084,8.907818958270063,-0.03295044554613148
2085,8.908941071657676,-0.03277122775584076
2086,8.910039445356478,-0.032595803749570954
2087,8.9111140618899,-0.03242417771442502
2088,8.912164904164154,-0.032256353746989395
2089,8.91319195546814,-0.03209233585323811
2090,8.914195199473399,-0.031932127948436057
2091,8.915174620234005,-0.031775733857049224
2092,8.916130202186523,-0.03162315731265192
2093,8.917061930149934,-0.031474401957838745
2094,8.917969789325582,-0.03132947134413836
2095,8.918853765297063,-0.031188368931930558
2096,8.919713844030225,-0.03105109809036246
2097,8.920550011873063,-0.0309176620972696
2098,8.921362255555657,-0.030788064139099333
2099,8.922150562190152,-0.030662307310832585
2100,8.92291491927067,-0.030540394615912816
2101,8.923655314673256,-0.030422328966174098
2102,8.924371736655837,-0.03030811318177211
2103,8.92506417385816,-0.030197749991117052
2104,8.925732615301749,-0.030091242030809064
2105,8.926377050389855,-0.029988591845575455
2106,8.926997468907409,-0.029889801888210502
2107,8.927593861020979,-0.029794874519516987
2108,8.928166217278731,-0.029703812008249873
2109,8.928714528610376,-0.02961661653106317
2110,8.929238786327128,-0.029533290172457895
2111,8.929738982121695,-0.029453834924731494
2112,8.9302151080682,-0.02937825268793199
2113,8.930667156622196,-0.029306545269811017
2114,8.93109512062058,-0.02923871438578266
2115,8.931498993281588,-0.02917476165888156
2116,8.93187876820479,-0.029114688619723172
2117,8.932234439371031,-0.029058496706468224
2118,8.932566001142387,-0.029006187264789752
2119,8.932873448262205,-0.028957761547837326
2120,8.933156775855014,-0.028913220716210726
2121,8.933415979426545,-0.028872565837929572
2122,8.93365105486369,-0.02883579788840937
2123,8.933861998434509,-0.028802917750435784
2124,8.93404880678818,-0.02877392621414628
2125,8.934211476955017,-0.028748823977008602
2126,8.934350006346445,-0.028727611643804437
2127,8.934464392754997,-0.028710289726614907
2128,8.934554634354281,-0.028696858644808247
2129,8.934620729699006,-0.028687318725028842
2130,8.934662677724958,-0.028681670201189023
2131,8.934680477748998,-0.02867991321446338
2132,8.934674129469066,-0.028682047813284418
2133,8.934643632964193,-0.02868807395334063
2134,8.934588988694465,-0.028697991497578443
2135,8.934510197501062,-0.028711800216203513
2136,8.934407260606244,-0.02872949978668605
2137,8.934280179613376,-0.028751089793767805
2138,8.934128956506921,-0.028776569729471
2139,8.933953593652465,-0.028805938993110045
2140,8.9337540937967,-0.0288391968913058
2141,8.933530460067493,-0.028876342637999312
2142,8.933282695973828,-0.02891737535447256
2143,8.93301080540589,-0.028962294069366352
2144,8.932714792635052,-0.029011097718703457
2145,8.9323946623139,-0.029063785145912777
2146,8.932050419476257,-0.02912035510185711
2147,8.931682069537205,-0.02918080624486048
2148,8.931289618293123,-0.029245137140740105
2149,8.930873071921702,-0.02931334626283924
2150,8.930432436981974,-0.029385431992063008
2151,8.929967720414348,-0.029461392616915726
2152,8.929478929540652,-0.029541226333540165
2153,8.928966072064167,-0.029624931245759302
2154,8.928429156069633,-0.029712505365122446
2155,8.927868190023329,-0.0298039466109488
2156,8.92728318277308,-0.029899252810378016
2157,8.926674143548327,-0.029998421698419042
2158,8.926041081960141,-0.03010145091800466
2159,8.925384008001306,-0.03020833802004442
2160,8.924702932046323,-0.030319080463483927
2161,8.923997864851493,-0.030433675615362074
2162,8.923268817554938,-0.03055212075087455
2163,8.922515801676683,-0.0306744130534354
2164,8.921738829118691,-0.030800549614743978
2165,8.920937912164916,-0.030930527434852997
2166,8.920113063481375,-0.031064343422237902
2167,8.919264296116182,-0.031201994393870062
2168,8.918391623499643,-0.031343477075289686
2169,8.917495059444297,-0.03148878810068349
2170,8.916574618144974,-0.03163792401296368
2171,8.915630314178864,-0.031790881263848256
2172,8.914662162505598,-0.0319476562139438
2173,8.913670178467301,-0.03210824513283116
2174,8.912654377788666,-0.03227264419915279
2175,8.911614776577037,-0.03244084950070114
2176,8.91055139132247,-0.03261285703451173
2177,8.909464238897804,-0.03278866270695588
2178,8.908353336558747,-0.0329682623338377
2179,8.907218701943956,-0.03315165164049053
2180,8.906060353075107,-0.03333882626187824
2181,8.90487830835699,-0.033529781742697114
2182,8.903672586577596,-0.03372451353747943
2183,8.902443206908163,-0.033923017010702355
2184,8.90119018890332,-0.03412528743689375
2185,8.899913552501113,-0.03433132000074547
2186,8.89861331802316,-0.034541109797223885
2187,8.897289506174685,-0.034754651831687196
2188,8.895942138044642,-0.03497194102000064
2189,8.894571235105802,-0.03519297218865713
2190,8.893176819214853,-0.03541774007489757
2191,8.891758912612483,-0.03564623932683511
2192,8.890317537923481,-0.035878464503580745
2193,8.888852718156873,-0.03611441007536957
2194,8.887364476705967,-0.03635407042369252
2195,8.885852837348505,-0.036597439841426604
2196,8.884317824246725,-0.036844512532970566
2197,8.88275946194751,-0.03709528261437904
2198,8.88117777538246,-0.03734974411350209
2199,8.879572789868027,-0.037607890970124604
2200,8.877944531105616,-0.03786971703610875
2201,8.876293025181687,-0.038135216075539026
2202,8.874618298567876,-0.038404381764868094
2203,8.872920378121123,-0.0386772076930651
2204,8.871199291083771,-0.03895368736176663
2205,8.869455065083681,-0.039233814185429865
2206,8.867687728134372,-0.03951758149148593
2207,8.865897308635118,-0.039804982520498265
2208,8.864083835371094,-0.04009601042631996
2209,8.862247337513484,-0.04039065827625524
2210,8.860387844619593,-0.04068891905122343
2211,8.858505386633004,-0.040990785645922234
2212,8.856599993883677,-0.04129625086899591
2213,8.854671697088097,-0.04160530744320362
2214,8.852720527349403,-0.0419179480055905
2215,8.85074651615749,-0.0422341651076622
2216,8.848749695389179,-0.042553951215557946
2217,8.846730097308349,-0.04287729871022836
2218,8.84468775456603,-0.04320419988761582
2219,8.842622700200584,-0.04353464695883441
2220,8.84053496763782,-0.04386863205035334
2221,8.83842459069114,-0.04420614720418257
2222,8.83629160356168,-0.044547184378059074
2223,8.834136040838445,-0.0448917354456373
2224,8.831957937498448,-0.045239792196679535
2225,8.82975732890688,-0.045591346337248824
2226,8.82753425081721,-0.04594638948990512
2227,8.82528873937137,-0.046304913193901606
2228,8.82302083109988,-0.046666908905383934
2229,8.820730562921996,-0.047032367997592237
2230,8.818417972145863,-0.04740128176106302
2231,8.816083096468677,-0.04777364140383428
2232,8.813725973976817,-0.0481494380516529
2233,8.811346643146,-0.048528662748184
2234,8.80894514284144,-0.04891130645522073
2235,8.806521512318014,-0.049297360052897275
2236,8.804075791220388,-0.049686814339904364
2237,8.801608019583183,-0.05007966003370604
2238,8.799118237831138,-0.05047588777075754
2239,8.79660648677927,-0.05087548810672564
2240,8.794072807633022,-0.05127845151671197
2241,8.791517241988437,-0.05168476839547659
2242,8.788939831832288,-0.05209442905766543
2243,8.786340619542282,-0.052507423738036844
2244,8.783719647887184,-0.05292374259169294
2245,8.781076960026988,-0.053343375694311745
2246,8.778412599513098,-0.053766313042379804
2247,8.775726610288482,-0.05419254455342862
2248,8.773019036687813,-0.05462206006627307
2249,8.770289923437682,-0.05505484934124927
2250,8.76753931565672,-0.05549090206045721
2251,8.764767258855786,-0.055930207828003585
2252,8.761973798938127,-0.05637275617024697
2253,8.75915898219955,-0.05681853653604477
2254,8.75632285532859,-0.05726753829700151
2255,8.753465465406673,-0.0577197507477202
2256,8.750586859908292,-0.058175163106054334
2257,8.747687086701175,-0.058633764513362246
2258,8.744766194046449,-0.059095544034763546
2259,8.741824230598823,-0.05956049065939614
2260,8.738861245406746,-0.060028593300677224
2261,8.73587728791258,-0.06049984079656407
2262,8.732872407952783,-0.060974221909817175
2263,8.729846655758076,-0.06145172532826566
2264,8.726800081953607,-0.061932339665074485
2265,8.723732737559121,-0.06241605345901312
2266,8.720644673989169,-0.06290285517472477
2267,8.71753594305322,-0.0633927332030007
2268,8.714406596955886,-0.06388567586105258
2269,8.711256688297064,-0.06438167139278932
2270,8.708086270072146,-0.06488070796909312
2271,8.704895395672143,-0.06538277368810054
2272,8.701684118883884,-0.0658878565754827
2273,8.698452493890207,-0.06639594458472725
2274,8.695200575270087,-0.06690702559742463
2275,8.691928417998858,-0.06742108742355221
2276,8.688636077448361,-0.06793811780176288
2277,8.685323609387112,-0.0684581043996758
2278,8.681991069980487,-0.06898103481416601
2279,8.678638515790883,-0.06950689657165879
2280,8.675266003777914,-0.07003567712842267
2281,8.671873591298555,-0.07056736387086748
2282,8.668461336107326,-0.0711019441158415
2283,8.665029296356453,-0.07163940511093164
2284,8.661577530596064,-0.07217973403476399
2285,8.658106097774338,-0.07272291799730712
2286,8.65461505723768,-0.0732689440401771
2287,8.651104468730884,-0.07381779913694363
2288,8.647574392397312,-0.07436947019343773
2289,8.644024888779056,-0.07492394404806159
2290,8.640456018817112,-0.07548120747209912
2291,8.636867843851546,-0.07604124717002897
2292,8.633260425621646,-0.0766040497798394
2293,8.629633826266108,-0.07716960187334332
2294,8.625988108323172,-0.07773788995649739
2295,8.622323334730813,-0.07830890046971908
2296,8.618639568826904,-0.07888261978820865
2297,8.614936874349336,-0.0794590342222717
2298,8.611215315436246,-0.08003813001764126
2299,8.607474956626104,-0.08061989335580574
2300,8.603715862857925,-0.08120431035433369
2301,8.599938099471396,-0.08179136706720333
2302,8.596141732207062,-0.08238104948513142
2303,8.592326827206433,-0.08297334353590693
2304,8.588493451012182,-0.08356823508472161
2305,8.584641670568264,-0.08416570993450635
2306,8.580771553220094,-0.08476575382626615
2307,8.576883166714673,-0.08536835243941795
2308,8.57297657920075,-0.08597349139212966
2309,8.569051859228951,-0.08658115624166104
2310,8.565109075751936,-0.08719133248470495
2311,8.561148298124536,-0.08780400555773113
2312,8.557169596103908,-0.08841916083733034
2313,8.553173039849638,-0.08903678364056232
2314,8.549158699923902,-0.0896568592253022
2315,8.545126647291609,-0.09027937279058958
2316,8.541076953320497,-0.09090430947698029
2317,8.5370096897813,-0.09153165436689716
2318,8.532924928847859,-0.09216139248498414
2319,8.528822743097255,-0.09279350879846018
2320,8.52470320550991,-0.09342798821747733
2321,8.52056638946973,-0.09406481559547654
2322,8.516412368764227,-0.0947039757295468
2323,8.51224121758462,-0.09534545336078593
2324,8.508053010525938,-0.09598923317466294
2325,8.503847822587161,-0.09663529980137928
2326,8.499625729171303,-0.09728363781623482
2327,8.495386806085527,-0.09793423173999233
2328,8.49113112954125,-0.09858706603924512
2329,8.486858776154218,-0.09924212512678594
2330,8.482569822944631,-0.09989939336197524
2331,8.478264347337232,-0.1005588550511128
2332,8.473942427161377,-0.1012204944478099
2333,8.469604140651136,-0.10188429575336314
2334,8.465249566445374,-0.10255024311712822
2335,8.460878783587832,-0.10321832063689698
2336,8.456491871527179,-0.10388851235927496
2337,8.452088910117135,-0.1045608022800576
2338,8.447669979616489,-0.10523517434461278
2339,8.443235160689186,-0.10591161244826046
2340,8.438784534404382,-0.1065901004366551
2341,8.434318182236511,-0.10727062210616868
2342,8.429836186065321,-0.10795316120427624
2343,8.42533862817594,-0.10863770142994031
2344,8.42082559125891,-0.10932422643399897
2345,8.416297158410218,-0.11001271981955406
2346,8.411753413131352,-0.11070316514235985
2347,8.407194439329324,-0.11139554591121355
2348,8.40262032131668,-0.11208984558834784
2349,8.398031143811554,-0.1127860475898221
2350,8.393426991937659,-0.1134841352859176
2351,8.388807951224308,-0.11418409200153183
2352,8.384174107606409,-0.1148859010165755
2353,8.379525547424487,-0.11558954556636863
2354,8.374862357424677,-0.11629500884203885
2355,8.370184624758696,-0.117002273990922
2356,8.365492436983855,-0.11771132411696157
2357,8.360785882063002,-0.11842214228111095
2358,8.356065048364554,-0.11913471150173462
2359,8.351330024662413,-0.11984901475501337
2360,8.346580900135937,-0.12056503497534914
2361,8.341817764369935,-0.12128275505576823
2362,8.337040707354578,-0.12200215784833077
2363,8.332249819485359,-0.12272322616453707
2364,8.327445191563026,-0.1234459427757367
2365,8.32262691479352,-0.12417029041353816
2366,8.317795080787908,-0.12489625177021901
2367,8.312949781562287,-0.12562380949913812
2368,8.308091109537692,-0.12635294621514878
2369,8.303219157540019,-0.12708364449501108
2370,8.298334018799913,-0.1278158868778071
2371,8.293435786952651,-0.12854965586535663
2372,8.28852455603806,-0.12928493392263196
2373,8.28360042050034,-0.13002170347817749
2374,8.278663475187972,-0.13075994692452617
2375,8.273713815353572,-0.13149964661861904
2376,8.26875153665373,-0.1322407848822254
2377,8.263776735148882,-0.1329833440023627
2378,8.258789507303115,-0.13372730623171974
2379,8.253789949984006,-0.13447265378907847
2380,8.248778160462464,-0.13521936885973654
2381,8.243754236412519,-0.1359674335959328
2382,8.238718275911129,-0.13671683011727132
2383,8.233670377437988,-0.13746754051114757
2384,8.228610639875294,-0.13821954683317553
2385,8.223539162507535,-0.13897283110761455
2386,8.218456045021252,-0.1397273753277976
2387,8.21336138750481,-0.14048316145656053
2388,8.208255290448124,-0.14124017142667158
2389,8.203137854742417,-0.1419983871412621
2390,8.198009181679954,-0.14275779047425702
2391,8.19286937295374,-0.14351836327080783
2392,8.187718530657232,-0.14428008734772557
2393,8.182556757284052,-0.14504294449391292
2394,8.177384155727678,-0.14580691647079852
2395,8.172200829281095,-0.14657198501277313
2396,8.167006881636492,-0.14733813182762356
2397,8.161802416884907,-0.14810533859696942
2398,8.156587539515858,-0.14887358697670033
2399,8.151362354417017,-0.14964285859741203
2400,8.14612696687377,-0.15041313506484683
2401,8.140881482568878,-0.1511843979603302
2402,8.13562600758207,-0.15195662884121075
2403,8.130360648389605,-0.15272980924130067
2404,8.125085511863873,-0.15350392067131563
2405,8.11980070527295,-0.1542789446193161
2406,8.114506336280144,-0.15505486255114934
2407,8.109202512943526,-0.15583165591089182
2408,8.103889343715467,-0.15660930612129145
2409,8.098566937442149,-0.1573877945842117
2410,8.093235403363067,-0.15816710268107412
2411,8.08789485111049,-0.15894721177330517
2412,8.08254539070897,-0.15972810320277858
2413,8.077187132574768,-0.1605097582922632
2414,8.071820187515312,-0.16129215834586672
2415,8.06644466672863,-0.162075284649484
2416,8.061060681802752,-0.16285911847124315
2417,8.055668344715126,-0.16364364106195262
2418,8.050267767831999,-0.1644288336555496
2419,8.044859063907799,-0.16521467746954735
2420,8.039442346084455,-0.16600115370548582
2421,8.034017727890776,-0.16678824354937902
2422,8.02858532324176,-0.1675759281721651
2423,8.023145246437904,-0.16836418873015643
2424,8.01769761216452,-0.16915300636548922
2425,8.012242535490962,-0.16994236220657571
2426,8.006780131869942,-0.17073223736855353
2427,8.001310517136739,-0.1715226129537382
2428,7.995833807508443,-0.17231347005207448
2429,7.99035011958316,-0.17310478974158872
2430,7.984859570339218,-0.17389655308884044
2431,7.979362277134319,-0.17468874114937638
2432,7.973858357704722,-0.17548133496818255
2433,7.9683479301643665,-0.1762743155801379
2434,7.962831113004001,-0.17706766401046825
2435,7.957308025090306,-0.17786136127519858
2436,7.951778785664944,-0.17865538838160955
2437,7.946243514343656,-0.17944972632869
2438,7.940702331115292,-0.18024435610759257
2439,7.935155356340844,-0.18103925870208826
2440,7.929602710752473,-0.18183441508902085
2441,7.924044515452474,-0.18262980623876318
2442,7.918480891912259,-0.18342541311567187
2443,7.912911961971309,-0.1842212166785429
2444,7.9073378478360965,-0.185017197881068
2445,7.901758672078998,-0.1858133376722901
2446,7.896174557637181,-0.18660961699705952
2447,7.890585627811459,-0.187406016796491
2448,7.884992006265161,-0.18820251800841858
2449,7.879393817022942,-0.1889991015678532
2450,7.873791184469595,-0.18979574840743826
2451,7.868184233348803,-0.19059243945790816
2452,7.862573088761924,-0.19138915564854322
2453,7.856957876166732,-0.19218587790762703
2454,7.85133872137611,-0.19298258716290342
2455,7.845715750556734,-0.1937792643420341
2456,7.840089090227753,-0.19457589037305506
2457,7.834458867259447,-0.1953724461848326
2458,7.828825208871814,-0.19616891270752215
2459,7.82318824263317,-0.19696527087302465
2460,7.817548096458744,-0.19776150161544281
2461,7.811904898609201,-0.19855758587153904
2462,7.806258777689169,-0.1993535045811922
2463,7.80060986264574,-0.20014923868785414
2464,7.794958282766924,-0.20094476913900763
2465,7.789304167680114,-0.20174007688662213
2466,7.783647647350494,-0.20253514288761093
2467,7.77798885207944,-0.20332994810428787
2468,7.772327912502861,-0.20412447350482457
2469,7.766664959589581,-0.20491870006370555
2470,7.761000124639609,-0.20571260876218583
2471,7.755333539282461,-0.2065061805887467
2472,7.749665335475391,-0.20729939653955162
2473,7.7439956455016326,-0.2080922376189028
2474,7.738324601968595,-0.20888468483969677
2475,7.732652337806054,-0.20967671922387954
2476,7.726978986264282,-0.21046832180290242
2477,7.721304680912154,-0.21125947361817807
2478,7.715629555635269,-0.21205015572153396
2479,7.709953744633971,-0.2128403491756689
2480,7.704277382421417,-0.21363003505460584
2481,7.698600603821538,-0.21441919444414792
2482,7.6929235439670265,-0.21520780844233214
2483,7.6872463382972835,-0.21599585815988218
2484,7.68156912255629,-0.21678332472066436
2485,7.675892032790527,-0.21757018926213856
2486,7.6702152053467945,-0.21835643293581256
2487,7.664538776870043,-0.219142036907694
2488,7.65886288430114,-0.21992698235874367
2489,7.6531876648746096,-0.22071125048532772
2490,7.647513256116387,-0.22149482249966823
2491,7.6418397958414745,-0.22227767963029546
2492,7.636167422151605,-0.22305980312249898
2493,7.630496273432852,-0.22384117423877814
2494,7.624826488353222,-0.2246217742592926
2495,7.619158205860215,-0.22540158448231187
2496,7.613491565178316,-0.22618058622466547
2497,7.607826705806504,-0.22695876082219166
2498,7.6021637675157105,-0.22773608963018532
2499,7.596502890346197,-0.2285125540238481
2500,7.590844214604955,-0.2292881353987349
2501,7.585187880863067,-0.23006281517120106
2502,7.5795340299529865,-0.23083657477885036
2503,7.573882802965823,-0.2316093956809808
2504,7.5682343412486,-0.23238125935902945
2505,7.5625887864014105,-0.23315214731702052
2506,7.556946280274625,-0.23392204108200776
2507,7.551306964965995,-0.23469092220452004
2508,7.545670982817753,-0.23545877225900516
2509,7.540038476413655,-0.23622557284427312
2510,7.534409588576013,-0.23699130558393858
2511,7.5287844623626645,-0.2377559521268633
2512,7.523163241063907,-0.23851949414759802
2513,7.517546068199408,-0.23928191334682278
2514,7.5119330875150565,-0.24004319145178887
2515,7.5063244429798095,-0.24080331021675638
2516,7.500720278782453,-0.24156225142343565
2517,7.495120739328361,-0.24231999688142436
2518,7.489525969236191,-0.2430765284286469
2519,7.483936113334572,-0.2438318279317899
2520,7.478351316658705,-0.24458587728674047
2521,7.472771724446966,-0.24533865841902133
2522,7.467197482137452,-0.2460901532842263
2523,7.461628735364483,-0.24684034386845488
2524,7.45606562995507,-0.24758921218874586
2525,7.45050831192532,-0.24833674029351174
2526,7.444956927476852,-0.2490829102629691
2527,7.43941162299311,-0.2498277042095724
2528,7.433872545035669,-0.2505711042784437
2529,7.428339840340494,-0.25131309264780355
2530,7.4228136558141635,-0.25205365152939974
2531,7.41729413853004,-0.252792763168936
2532,7.411781435724381,-0.253530409846501
2533,7.406275694792456,-0.2542665738769941
2534,7.400777063284559,-0.2550012376105527
2535,7.3952856889020415,-0.25573438343297694
2536,7.389801719493259,-0.2564659937661541
2537,7.3843253030494775,-0.25719605106848364
2538,7.378856587700757,-0.25792453783529884
2539,7.37339572171177,-0.25865143659928996
2540,7.3679428534776035,-0.2593767299309239
2541,7.362498131519473,-0.26010040043886656
2542,7.357061704480439,-0.26082243077040046
2543,7.351633721121064,-0.2615428036118439
2544,7.346214330314991,-0.26226150168896906
2545,7.340803681044526,-0.2629785077674183
2546,7.33540192239617,-0.2636938046531193
2547,7.330009203556063,-0.26440737519270097
2548,7.324625673805423,-0.26511920227390656
2549,7.319251482515945,-0.26582926882600666
2550,7.313886779145113,-0.26653755782021143
2551,7.308531713231516,-0.26724405227008113
2552,7.303186434390084,-0.2679487352319361
2553,7.297851092307291,-0.268651589805266
2554,7.292525836736316,-0.26935259913313725
2555,7.287210817492158,-0.2700517464026001
2556,7.281906184446684,-0.2707490148450949
2557,7.276612087523667,-0.27144438773685614
2558,7.271328676693757,-0.2721378483993166
2559,7.266056101969398,-0.2728293801995104
2560,7.260794513399734,-0.2735189665504735
2561,7.25554406106542,-0.2742065909116455
2562,7.250304895073425,-0.2748922367892683
2563,7.2450771655517805,-0.27557588773678443
2564,7.239861022644274,-0.27625752735523473
2565,7.234656616505117,-0.2769371392936532
2566,7.2294640972935245,-0.2776147072494639
2567,7.224283615168304,-0.2782902149688728
2568,7.219115320282353,-0.2789636462472619
2569,7.213959362777151,-0.2796349849295792
2570,7.208815892777141,-0.2803042149107313
2571,7.203685060384168,-0.28097132013596976
2572,7.198567015671778,-0.2816362846012803
2573,7.193461908679488,-0.2822990923537707
2574,7.188369889407077,-0.2829597274920537
2575,7.183291107808742,-0.28361817416663365
2576,7.178225713787256,-0.28427441658028846
2577,7.173173857188103,-0.2849284389884513
2578,7.168135687793501,-0.28558022569959157
2579,7.163111355316441,-0.286229761075594
2580,7.158101009394658,-0.28687702953213684
2581,7.15310479958455,-0.28752201553906814
2582,7.148122875355063,-0.28816470362078195
2583,7.143155386081539,-0.2888050783565915
2584,7.13820248103948,-0.28944312438110364
2585,7.133264309398345,-0.2900788263845882
2586,7.128341020215226,-0.2907121691133498
2587,7.123432762428508,-0.29134313737009615
2588,7.118539684851504,-0.2919717160143058
2589,7.1136619361660145,-0.2925978899625945
2590,7.10879966491588,-0.29322164418907914
2591,7.103953019500467,-0.2938429637257418
2592,7.099122148168103,-0.29446183366279205
2593,7.0943071990095055,-0.2950782391490268
2594,7.0895083199511175,-0.2956921653921909
2595,7.084725658748459,-0.29630359765933334
2596,7.079959362979389,-0.29691252127716533
2597,7.075209580037366,-0.297518921632414
2598,7.070476457124622,-0.29812278417217697
2599,7.0657601412453666,-0.29872409440427294
2600,7.061060779198862,-0.29932283789759445
2601,7.056378517572526,-0.2999190002824559
2602,7.051713502734968,-0.30051256725094155
2603,7.047065880828999,-0.3011035245572518
2604,7.042435797764599,-0.30169185801804776
2605,7.037823399211827,-0.30227755351279495
2606,7.033228830593742,-0.3028605969841046
2607,7.028652237079225,-0.3034409744380744
2608,7.02409376357582,-0.3040186719446267
2609,7.019553554722487,-0.3045936756378468
2610,7.015031754882379,-0.30516597171631726
2611,7.010528508135527,-0.305735546443453
2612,7.00604395827153,-0.3063023861478337
2613,7.0015782487821845,-0.3068664772235346
2614,6.997131522854114,-0.3074278061304557
2615,6.992703923361313,-0.30798635939465047
2616,6.988295592857707,-0.30854212360865196
2617,6.983906673569676,-0.3090950854317962
2618,6.979537307388507,-0.3096452315905471
2619,6.975187635862866,-0.3101925488788164
2620,6.970857800191183,-0.31073702415828547
2621,6.966547941214092,-0.311278644358721
2622,6.962258199406753,-0.3118173964782931
2623,6.9579887148711945,-0.31235326758389037
2624,6.9537396273286225,-0.3128862448114327
2625,6.949511076111692,-0.31341631536618275
2626,6.945303200156773,-0.31394346652305627
2627,6.941116137996153,-0.31446768562693056
2628,6.936950027750265,-0.3149889600929504
2629,6.9328050071198435,-0.3155072774068337
2630,6.9286812133780975,-0.3160226251251741
2631,6.924578783362835,-0.3165349908757427
2632,6.9204978534685715,-0.3170443623577881
2633,6.916438559638626,-0.31755072734233397
2634,6.912401037357183,-0.3180540736724759
2635,6.90838542164135,-0.31855438926367546
2636,6.904391847033186,-0.3190516621040538
2637,6.900420447591716,-0.31954588025468184
2638,6.896471356884933,-0.32003703184987037
2639,6.892544707981777,-0.3205251050974571
2640,6.888640633444093,-0.321010088279093
2641,6.884759265318601,-0.3214919697505259
2642,6.88090073512882,-0.3219707379418828
2643,6.877065173867005,-0.32244638135795023
2644,6.873252711986046,-0.32291888857845386
2645,6.869463479391406,-0.32338824825833323
2646,6.865697605432975,-0.3238544491280192
2647,6.8619552188969815,-0.32431747999370547
2648,6.858236447997877,-0.3247773297376204
2649,6.854541420370193,-0.3252339873182967
2650,6.850870263060412,-0.32568744177083914
2651,6.8472231025188215,-0.32613768220719047
2652,6.843600064591399,-0.3265846978163947
2653,6.840001274511637,-0.3270284778648601
2654,6.836426856892411,-0.32746901169661935
2655,6.832876935717845,-0.32790628873358674
2656,6.829351634335141,-0.3283402984758163
2657,6.825851075446454,-0.3287710305017555
2658,6.822375381100728,-0.32919847446849826
2659,6.8189246726856,-0.329622620112035
2660,6.815499070919214,-0.3300434572475031
2661,6.812098695842137,-0.3304609757694319
2662,6.808723666809216,-0.3308751656519895
2663,6.805374102481469,-0.331286016949225
2664,6.802050120817993,-0.33169351979530975
2665,6.798751839067855,-0.3320976644047769
2666,6.795479373762028,-0.33249844107275844
2667,6.7922328407053065,-0.33289584017522095
2668,6.7890123549682855,-0.3332898521691977
2669,6.785818030879275,-0.33368046759302245
2670,6.78264998201631,-0.33406767706655666
2671,6.779508321199136,-0.3344514712914185
2672,6.776393160481218,-0.3348318410512076
2673,6.773304611141792,-0.3352087772117286
2674,6.770242783677893,-0.3355822707212132
2675,6.767207787796457,-0.335952312610539
2676,6.764199732406412,-0.3363188939934474
2677,6.761218725610795,-0.33668200606675935
2678,6.758264874698904,-0.3370416401105889
2679,6.7553382861385085,-0.3373977874885537
2680,6.752439065567997,-0.3377504396479861
2681,6.749567317788671,-0.3380995881201394
2682,6.746723146756975,-0.3384452245203934
2683,6.743906655576826,-0.338787340548458
2684,6.741117946491908,-0.339125927988575
2685,6.738357120878093,-0.3394609787097158
2686,6.735624279235778,-0.3397924846657812
2687,6.732919521182389,-0.3401204378957938
2688,6.730242945444826,-0.34044483052409286
2689,6.727594649851992,-0.3407656547605247
2690,6.724974731327354,-0.3410829029006316
2691,6.72238328588154,-0.341396567325839
2692,6.71982040860498,-0.34170664050364064
2693,6.71728619366062,-0.3420131149877799
2694,6.71478073427664,-0.34231598341843156
2695,6.712304122739244,-0.3426152385223801
2696,6.709856450385489,-0.34291087311319585
2697,6.707437807596183,-0.3432028800914092
2698,6.70504828378879,-0.34349125244468376
2699,6.702687967410454,-0.34377598324798475
2700,6.7003569459310075,-0.3440570656637485
2701,6.698055305836091,-0.34433449294204704
2702,6.695783132620266,-0.34460825842075354
2703,6.69354051078028,-0.3448783555257017
2704,6.691327523808303,-0.34514477777084607
2705,6.689144254185229,-0.3454075187584207
2706,6.686990783374128,-0.3456665721790916
2707,6.684867191813636,-0.3459219318121121
2708,6.682773558911508,-0.34617359152547245
2709,6.680709963038173,-0.3464215452760491
2710,6.678676481520406,-0.34666578710975055
2711,6.676673190635007,-0.34690631116166243
2712,6.674700165602613,-0.3471431116561894
2713,6.6727574805815255,-0.34737618290719485
2714,6.670845208661658,-0.34760551931813916
2715,6.6689634218585,-0.34783111538221534
2716,6.667112191107194,-0.34805296568248256
2717,6.665291586256695,-0.34827106489199683
2718,6.6635016760639605,-0.34848540777394094
2719,6.661742528188245,-0.34869598918175115
2720,6.6600142091854915,-0.3489028040592418
2721,6.658316784502762,-0.3491058474407276
2722,6.656650318472776,-0.3493051144511443
2723,6.655014874308508,-0.3495006003061668
2724,6.653410514097896,-0.349692300312325
2725,6.651837298798594,-0.3498802098671177
2726,6.650295288232866,-0.3500643244591234
2727,6.648784541082488,-0.35024463966811065
2728,6.647305114883808,-0.35042115116514433
2729,6.645857066022841,-0.3505938547126912
2730,6.644440449730515,-0.35076274616472103
2731,6.6430553200779165,-0.3509278214668089
2732,6.641701729971711,-0.35108907665623185
2733,6.640379731149589,-0.3512465078620662
2734,6.63908937417586,-0.35140011130528
2735,6.637830708437103,-0.35154988329882525
2736,6.636603782137925,-0.35169582024772655
2737,6.635408642296797,-0.3518379186491687
2738,6.634245334742023,-0.35197617509258083
2739,6.633113904107742,-0.35211058625972025
2740,6.632014393830113,-0.35224114892475045
2741,6.630946846143523,-0.3523678599543211
2742,6.629911302076917,-0.35249071630764295
2743,6.628907801450263,-0.3526097150365611
2744,6.627936382871042,-0.3527248532856276
2745,6.626997083730932,-0.3528361282921682
2746,6.626089940202505,-0.35294353738635137
2747,6.625214987236098,-0.3530470779912513
2748,6.624372258556738,-0.35314674762291054
2749,6.623561786661199,-0.35324254389039994
2750,6.6227836028151374,-0.3533344644958768
2751,6.622037737050362,-0.3534225072346399
2752,6.6213242181622,-0.35350666999518215
2753,6.620643073706953,-0.3535869507592424
2754,6.619994329999479,-0.3536633476018537
2755,6.619378012110865,-0.3537358586913895
2756,6.618794143866231,-0.353804482289608
2757,6.6182427478426185,-0.3538692167516936
2758,6.61772384536701,-0.35393006052629644
2759,6.617237456514411,-0.3539870121555705
2760,6.6167836001061096,-0.35404007027520784
2761,6.616362293708003,-0.35408923361447087
2762,6.615973553629029,-0.3541345009962241
2763,6.615617394919737,-0.35417587133696105
2764,6.615293831370952,-0.35421334364683066
2765,6.615002875512542,-0.35424691702966093
2766,6.614744538612312,-0.35427659068298045
2767,6.6145188306750144,-0.35430236389803665
2768,6.614325760441441,-0.35432423605981367
2769,6.614165335387672,-0.35434220664704563
2770,6.614037561724393,-0.35435627523222984
2771,6.613942444396361,-0.35436644148163576
2772,6.613879987081945,-0.3543727051553139
2773,6.613850192192832,-0.3543750661070994
2774,6.613853060873762,-0.35437352428461766
2775,6.613888593002481,-0.35436807972928247
2776,6.613956787189731,-0.3543587325762958
2777,6.614057640779371,-0.35434548305464425
2778,6.614191149848618,-0.3543283314870925
2779,6.614357309208399,-0.354307278290175
2780,6.614556112403828,-0.35428232397418524
2781,6.61478755171475,-0.35425346914316347
2782,6.615051618156459,-0.35422071449488063
2783,6.615348301480469,-0.35418406082082193
2784,6.615677590175462,-0.354143509006166
2785,6.616039471468276,-0.3540990600297638
2786,6.616433931325065,-0.3540507149641136
2787,6.616860954452534,-0.35399847497533515
2788,6.617320524299305,-0.35394234132313984
2789,6.617812623057379,-0.3538823153608002
2790,6.618337231663705,-0.3538183985351174
2791,6.618894329801893,-0.35375059238638334
2792,6.619483895904016,-0.3536788985483442
2793,6.620105907152476,-0.3536033187481605
2794,6.620760339482063,-0.35352385480636367
2795,6.621447167582063,-0.3534405086368118
2796,6.622166364898496,-0.3533532822466426
2797,6.622917903636461,-0.35326217773622365
2798,6.6237017547625765,-0.3531671972991015
2799,6.6245178880075475,-0.3530683432219471
2800,6.625366271868807,-0.35296561788450054
2801,6.626246873613316,-0.3528590237595116
2802,6.627159659280393,-0.35274856341268035
2803,6.6281045936847285,-0.35263423950259315
2804,6.629081640419433,-0.35251605478065856
2805,6.6300907618592415,-0.35239401209103904
2806,6.6311319191637965,-0.3522681143705814
2807,6.632205072281004,-0.35213836464874615
2808,6.6333101799505725,-0.3520047660475313
2809,6.634447199707554,-0.35186732178139757
2810,6.635616087886055,-0.35172603515718903
2811,6.636816799623016,-0.35158090957405236
2812,6.638049288862092,-0.35143194852335397
2813,6.639313508357643,-0.3512791555885936
2814,6.640609409678797,-0.3511225344453181
2815,6.6419369432136195,-0.35096208886103103
2816,6.643296058173395,-0.35079782269510024
2817,6.6446867025969745,-0.3506297398986639
2818,6.646108823355234,-0.3504578445145339
2819,6.647562366155617,-0.35028214067709684
2820,6.649047275546765,-0.3501026326122135
2821,6.650563494923256,-0.3499193246371151
2822,6.652110966530395,-0.34973222116029845
2823,6.6536896314691285,-0.3495413266814182
2824,6.655299429701052,-0.34934664579117597
2825,6.656940300053459,-0.3491481831712093
2826,6.658612180224488,-0.3489459435939782
2827,6.66031500678841,-0.34873993192264624
2828,6.662048715200916,-0.3485301531109643
2829,6.663813239804551,-0.34831661220314797
2830,6.665608513834181,-0.3480993143337554
2831,6.66743446942258,-0.3478782647275618
2832,6.6692910376060555,-0.34765346869943214
2833,6.671178148330203,-0.3474249316541909
2834,6.673095730455667,-0.3471926590864914
2835,6.675043711764061,-0.34695665658068037
2836,6.677022018963874,-0.3467169298106631
2837,6.6790305776965395,-0.3464734845397637
2838,6.68106931254247,-0.3462263266205865
2839,6.683138147027276,-0.34597546199487167
2840,6.685237003627987,-0.3457208966933505
2841,6.687365803779336,-0.3454626368355993
2842,6.6895244678801244,-0.3452006886298905
2843,6.691712915299694,-0.3449350583730397
2844,6.69393106438439,-0.3446657524502536
2845,6.696178832464145,-0.34439277733497403
2846,6.698456135859084,-0.34411613958872034
2847,6.700762889886237,-0.34383584586092913
2848,6.703099008866256,-0.3435519028887928
2849,6.705464406130241,-0.3432643174970953
2850,6.707858994026587,-0.34297309659804537
2851,6.710282683927906,-0.34267824719110923
2852,6.712735386238005,-0.34237977636283884
2853,6.715217010398888,-0.34207769128670085
2854,6.7177274648978695,-0.3417719992229
2855,6.720266657274658,-0.3414627075182048
2856,6.722834494128567,-0.34114982360576657
2857,6.725430881125748,-0.34083335500493867
2858,6.728055723006427,-0.3405133093210947
2859,6.730708923592233,-0.3401896942454431
2860,6.733390385793586,-0.33986251755483904
2861,6.736100011617085,-0.33953178711159576
2862,6.73883770217296,-0.33919751086329286
2863,6.741603357682568,-0.3388596968425833
2864,6.744396877485895,-0.33851835316699835
2865,6.747218160049158,-0.338173488038749
2866,6.750067102972391,-0.3378251097445271
2867,6.752943602997081,-0.3374732266553041
2868,6.755847556013848,-0.3371178472261265
2869,6.758778857070162,-0.3367589799959107
2870,6.761737400378067,-0.3363966335872355
2871,6.764723079321955,-0.3360308167061318
2872,6.767735786466361,-0.33566153814187205
2873,6.770775413563806,-0.335288806766755
2874,6.7738418515626355,-0.33491263153589074
2875,6.776934990614913,-0.3345330214869832
2876,6.780054720084296,-0.33414998574011034
2877,6.78320092855401,-0.3337635334975017
2878,6.786373503834751,-0.33337367404331575
2879,6.789572332972685,-0.3329804167434137
2880,6.7927973022574415,-0.3325837710451313
2881,6.7960482972300955,-0.3321837464770505
2882,6.7993252026912145,-0.33178035264876693
2883,6.802627902708902,-0.33137359925065646
2884,6.805956280626835,-0.3309634960536403
2885,6.80931021907236,-0.3305500529089466
2886,6.812689599964553,-0.33013327974787243
2887,6.8160943045223235,-0.32971318658154153
2888,6.819524213272525,-0.3292897835006609
2889,6.82297920605804,-0.3288630806752775
2890,6.826459162045955,-0.32843308835452817
2891,6.829963959735636,-0.32799981686639357
2892,6.833493476966887,-0.327563276617446
2893,6.837047590928091,-0.32712347809259656
2894,6.840626178164341,-0.3266804318548409
2895,6.844229114585582,-0.32623414854500343
2896,6.847856275474771,-0.3257846388814777
2897,6.851507535496016,-0.32533191365996644
2898,6.8551827687027185,-0.3248759837532206
2899,6.858881848545711,-0.324416860110774
2900,6.862604647881428,-0.32395455375867793
2901,6.866351038979993,-0.3234890757992345
2902,6.87012089353339,-0.3230204374107261
2903,6.873914082663587,-0.32254864984714393
2904,6.877730476930616,-0.32207372443791654
2905,6.881569946340737,-0.3215956725876329
2906,6.8854323603545105,-0.3211145057757668
2907,6.889317587894881,-0.3206302355563987
2908,6.893225497355295,-0.32014287355793414
2909,6.897155956607732,-0.3196524314828227
2910,6.9011088330107775,-0.3191589211072741
2911,6.905083993417677,-0.3186623542809721
2912,6.909081304184353,-0.31816274292678726
2913,6.91310063117742,-0.31766009904048786
2914,6.917141839782185,-0.31715443469044935
2915,6.921204794910625,-0.3166457620173611
2916,6.9252893610093675,-0.3161340932339321
2917,6.929395402067616,-0.31561944062459524
2918,6.9335227816250695,-0.31510181654520975
2919,6.937671362779857,-0.3145812334227605
2920,6.941841008196386,-0.31405770375505815
2921,6.946031580113242,-0.31353124011043504
2922,6.9502429403509955,-0.31300185512744155
2923,6.954474950320031,-0.31246956151453925
2924,6.9587274710283324,-0.3119343720497933
2925,6.963000363089282,-0.31139629958056186
2926,6.967293486729331,-0.31085535702318706
2927,6.971606701795801,-0.3103115573626791
2928,6.975939867764518,-0.3097649136524036
2929,6.980292843747478,-0.30921543901376514
2930,6.984665488500505,-0.30866314663588856
2931,6.989057660430814,-0.30810804977530126
2932,6.993469217604627,-0.30755016175561006
2933,6.997900017754689,-0.30698949596718
2934,7.002349918287795,-0.3064260658668092
2935,7.0068187762922625,-0.3058598849774038
2936,7.011306448545387,-0.30529096688764984
2937,7.0158127915208555,-0.3047193252516849
2938,7.020337661396131,-0.30414497378876687
2939,7.024880914059812,-0.30356792628294227
2940,7.029442405118931,-0.30298819658271275
2941,7.0340219899062495,-0.3024057986006995
2942,7.038619523487505,-0.30182074631330663
2943,7.043234860668612,-0.30123305376038306
2944,7.047867856002834,-0.30064273504488337
2945,7.052518363797947,-0.3000498043325249
2946,7.057186238123305,-0.299454275851447
2947,7.061871332816933,-0.29885616389186515
2948,7.066573501492542,-0.298255482805726
2949,7.071292597546495,-0.2976522470063609
2950,7.076028474164794,-0.2970464709681357
2951,7.0807809843299525,-0.2964381692261022
2952,7.085549980827902,-0.2958273563756452
2953,7.090335316254775,-0.2952140470721314
2954,7.095136843023744,-0.2945982560305528
2955,7.0999544133717265,-0.2939799980251729
2956,7.104787879366131,-0.2933592878891679
2957,7.109637092911499,-0.29273614051426927
2958,7.114501905756128,-0.29211057085040354
2959,7.119382169498675,-0.2914825939053302
2960,7.124277735594673,-0.2908522247442803
2961,7.129188455363056,-0.2902194784895906
2962,7.134114179992588,-0.28958437032034
2963,7.1390547605483,-0.28894691547198115
2964,7.144010047977841,-0.28830712923597346
2965,7.148979893117821,-0.28766502695941276
2966,7.153964146700072,-0.2870206240446616
2967,7.158962659357909,-0.28637393594897603
2968,7.163975281632318,-0.28572497818413306
2969,7.169001863978104,-0.2850737663160552
2970,7.174042256769993,-0.28442031596443573
2971,7.179096310308707,-0.2837646428023602
2972,7.184163874826972,-0.28310676255592876
2973,7.1892448004954925,-0.28244669100387604
2974,7.194338937428855,-0.2817844439771915
2975,7.199446135691487,-0.2811200373587338
2976,7.204566245303393,-0.28045348708285184
2977,7.209699116246022,-0.2797848091349967
2978,7.214844598467972,-0.27911401955133786
2979,7.220002541890709,-0.2784411344183751
2980,7.225172796414226,-0.2777661698725502
2981,7.230355211922646,-0.27708914209985835
2982,7.23554963828978,-0.27641006733545703
2983,7.240755925384646,-0.27572896186327484
2984,7.245973923076967,-0.2750458420156175
2985,7.251203481242558,-0.27436072417277535
2986,7.256444449768737,-0.2736736247626271
2987,7.261696678559656,-0.27298456026024365
2988,7.266960017541569,-0.27229354718749194
2989,7.2722343166680865,-0.27160060211263565
2990,7.2775194259254015,-0.2709057416499347
2991,7.282815195337404,-0.27020898245924607
2992,7.288121474970795,-0.2695103412456222
2993,7.293438114940154,-0.2688098347589072
2994,7.298764965412952,-0.2681074797933337
2995,7.304101876614516,-0.2674032931871182
2996,7.309448698832948,-0.26669729182205515
2997,7.314805282424016,-0.26598949262310934
2998,7.320171477815983,-0.2652799125580088
2999,7.325547135514372,-0.26456856863683625
