turn,time_sigma_ns,Q1
0,9.16181167837438,-0.0034812389858047254
1,9.16182210362772,-0.0034801760926227686
2,9.161833053117974,-0.0034790566694141547
3,9.161844526707982,-0.003477880731018648
4,9.16185652425444,-0.0034766482929271744
5,9.161869045607856,-0.003475359371283693
6,9.161882090612602,-0.0034740139828825112
7,9.161895659106893,-0.0034726121451694267
8,9.16190975092278,-0.003471153876241029
9,9.161924365886165,-0.00346963919484505
10,9.161939503816816,-0.003468068120378198
11,9.16195516452833,-0.00346644067288898
12,9.161971347828173,-0.003464756873074379
13,9.161988053517678,-0.0034630167422806247
14,9.162005281392037,-0.0034612203025029837
15,9.16202303124031,-0.003459367576385345
16,9.16204130284541,-0.0034574585872203557
17,9.162060095984138,-0.003455493358948073
18,9.162079410427161,-0.0034534719161564815
19,9.162099245939029,-0.003451394284080223
20,9.16211960227817,-0.0034492604886013157
21,9.162140479196895,-0.003447070556247973
22,9.162161876441395,-0.003444824514194901
23,9.162183793751776,-0.0034425223902614997
24,9.162206230862017,-0.0034401642129130187
25,9.162229187500017,-0.003437750011258969
26,9.16225266338755,-0.0034352798150540514
27,9.162276658240312,-0.003432753654696631
28,9.162301171767925,-0.0034301715612276283
29,9.162326203673887,-0.0034275335663329558
30,9.162351753655638,-0.003424839702339785
31,9.162377821404542,-0.0034220900022176068
32,9.162404406605882,-0.003419284499577905
33,9.162431508938877,-0.0034164232286731815
34,9.16245912807666,-0.0034135062243976174
35,9.16248726368634,-0.0034105335222838185
36,9.162515915428939,-0.003407505158506033
37,9.162545082959442,-0.0034044211698765962
38,9.162574765926786,-0.0034012815938469104
39,9.162604963973855,-0.0033980864685071274
40,9.162635676737505,-0.003394835832584846
41,9.162666903848569,-0.003391529725443909
42,9.162698644931826,-0.003388168187086671
43,9.162730899606057,-0.0033847512581500288
44,9.162763667484,-0.003381278979907836
45,9.1627969481724,-0.003377751394268055
46,9.162830741271991,-0.0033741685437730915
47,9.162865046377503,-0.0033705304715995203
48,9.162899863077651,-0.0033668372215580134
49,9.162935190955192,-0.003363088838090502
50,9.162971029586869,-0.003359285366272276
51,9.163007378543462,-0.003355426851809149
52,9.16304423738977,-0.003351513341038577
53,9.163081605684615,-0.003347544880928261
54,9.16311948298086,-0.003343521519075985
55,9.163157868825417,-0.003339443303707826
56,9.163196762759238,-0.003335310283678769
57,9.163236164317325,-0.0033311225084719643
58,9.163276073028763,-0.0033268800281966043
59,9.163316488416667,-0.0033225828935901985
60,9.163357409998254,-0.0033182311560146717
61,9.163398837284804,-0.003313824867457656
62,9.163440769781698,-0.003309364080530996
63,9.163483206988385,-0.003304848848471079
64,9.16352614839843,-0.003300279225136994
65,9.163569593499496,-0.0032956552650103108
66,9.16361354177335,-0.0032909770231948784
67,9.163657992695894,-0.0032862445554144868
68,9.163702945737139,-0.003281457918014402
69,9.163748400361236,-0.0032766171679589583
70,9.16379435602646,-0.0032717223628319124
71,9.163840812185255,-0.0032667735608343206
72,9.16388776828419,-0.0032617708207855456
73,9.163935223764012,-0.003256714202121426
74,9.163983178059624,-0.003251603764893629
75,9.164031630600114,-0.003246439569768591
76,9.164080580808735,-0.003241221678027971
77,9.164130028102937,-0.003235950151566589
78,9.164179971894356,-0.0032306250528927423
79,9.164230411588854,-0.0032252464451254345
80,9.164281346586483,-0.003219814391996123
81,9.164332776281523,-0.003214328957846339
82,9.16438470006247,-0.003208790207627327
83,9.164437117312058,-0.0032031982068996627
84,9.164490027407272,-0.003197553021831015
85,9.164543429719327,-0.0031918547191972656
86,9.164597323613712,-0.0031861033663800695
87,9.164651708450178,-0.0031802990313666043
88,9.164706583582753,-0.003174441782748722
89,9.164761948359727,-0.0031685316897229875
90,9.1648178021237,-0.003162568822087902
91,9.164874144211572,-0.0031565532502443503
92,9.164930973954533,-0.0031504850451948905
93,9.1649882906781,-0.00314436427854218
94,9.165046093702102,-0.003138191022488635
95,9.165104382340717,-0.003131965349834689
96,9.165163155902459,-0.0031256873339787165
97,9.165222413690175,-0.0031193570489164235
98,9.1652821550011,-0.003112974569238414
99,9.165342379126807,-0.0031065399701313283
100,9.165403085353264,-0.0031000533273750582
101,9.165464272960811,-0.00309351471734325
102,9.165525941224185,-0.0030869242170017195
103,9.16558808941254,-0.0030802819039067067
104,9.16565071678942,-0.003073587856205716
105,9.165713822612814,-0.003066842152634926
106,9.165777406135117,-0.003060044872519606
107,9.165841466603185,-0.003053196095771887
108,9.165906003258316,-0.003046295902890156
109,9.165971015336266,-0.0030393443749589886
110,9.166036502067263,-0.003032341593646958
111,9.166102462676003,-0.003025287641206369
112,9.166168896381686,-0.0030181826004717343
113,9.166235802398003,-0.0030110265548592943
114,9.166303179933136,-0.0030038195883663513
115,9.166371028189811,-0.002996561785568487
116,9.166439346365268,-0.002989253231620549
117,9.166508133651284,-0.002981894012254689
118,9.16657738923418,-0.0029744842137795794
119,9.16664711229485,-0.0029670239230784835
120,9.166717302008747,-0.0029595132276095137
121,9.166787957545896,-0.0029519522154042633
122,9.16685907807091,-0.0029443409750664353
123,9.166930662743011,-0.002936679595770646
124,9.167002710716027,-0.002928968167261445
125,9.167075221138402,-0.00292120677985257
126,9.167148193153212,-0.0029133955244256817
127,9.167221625898176,-0.002905534492429166
128,9.167295518505645,-0.0028976237758778257
129,9.16736987010267,-0.0028896634673497685
130,9.167444679810943,-0.002881653659987482
131,9.167519946746857,-0.002873594447495578
132,9.167595670021491,-0.002865485924140235
133,9.167671848740637,-0.0028573281847472445
134,9.167748482004802,-0.0028491213247018574
135,9.167825568909214,-0.002840865439947148
136,9.167903108543845,-0.002832560626983047
137,9.167981099993426,-0.0028242069828646136
138,9.168059542337431,-0.0028158046052022875
139,9.168138434650123,-0.0028073535921588166
140,9.168217776000542,-0.0027988540424497203
141,9.168297565452528,-0.002790306055341106
142,9.168377802064725,-0.002781709730649085
143,9.168458484890603,-0.0027730651687379627
144,9.168539612978465,-0.0027643724705195974
145,9.168621185371434,-0.0027556317374529443
146,9.16870320110751,-0.0027468430715407543
147,9.168785659219555,-0.002738006575330083
148,9.168868558735301,-0.0027291223519108976
149,9.16895189867738,-0.002720190504914093
150,9.169035678063322,-0.0027112111385106637
151,9.169119895905563,-0.0027021843574112233
152,9.16920455121148,-0.0026931102668631968
153,9.169289642983381,-0.002683988972651079
154,9.169375170218519,-0.002674820581094564
155,9.169461131909127,-0.002665605199046564
156,9.169547527042383,-0.002656342933894417
157,9.169634354600491,-0.002647033893554577
158,9.16972161356062,-0.002637678186476009
159,9.169809302894977,-0.002628275921634831
160,9.169897421570779,-0.002618827208535822
161,9.169985968550291,-0.002609332157209512
162,9.170074942790821,-0.002599790878211886
163,9.170164343244744,-0.002590203482622662
164,9.170254168859511,-0.002580570082043844
165,9.170344418577661,-0.002570890788598792
166,9.17043509133684,-0.0025611657149303304
167,9.1705261860698,-0.002551394974200367
168,9.170617701704426,-0.002541578680087732
169,9.170709637163737,-0.0025317169467877544
170,9.170801991365916,-0.0025218098890093634
171,9.170894763224311,-0.0025118576219752336
172,9.170987951647449,-0.002501860261419867
173,9.171081555539054,-0.002491817923588089
174,9.171175573798044,-0.002481730725234669
175,9.171270005318576,-0.002471598783621229
176,9.171364848990029,-0.002461422216516434
177,9.171460103697033,-0.0024512011421939377
178,9.171555768319488,-0.002440935679430774
179,9.17165184173255,-0.0024306259475070334
180,9.171748322806673,-0.002420272066203217
181,9.171845210407614,-0.00240987415579988
182,9.171942503396451,-0.0023994323370750115
183,9.17204020062958,-0.002388946731304221
184,9.172138300958743,-0.002378417460257955
185,9.172236803231058,-0.0023678446462003675
186,9.172335706288992,-0.0023572284118887113
187,9.172435008970394,-0.0023465688805719017
188,9.172534710108541,-0.002335866175986892
189,9.172634808532102,-0.002325120422360321
190,9.172735303065176,-0.002314331744405242
191,9.172836192527308,-0.0023035002673199977
192,9.172937475733487,-0.0022926261167876016
193,9.173039151494203,-0.0022817094189722226
194,9.173141218615408,-0.0022707503005198405
195,9.173243675898547,-0.0022597488885564587
196,9.173346522140601,-0.0022487053106854797
197,9.17344975613406,-0.0022376196949878513
198,9.173553376666975,-0.0022264921700182556
199,9.173657382522935,-0.002215322864806634
200,9.173761772481114,-0.002204111908854407
201,9.17386654531628,-0.0021928594321335986
202,9.173971699798791,-0.0021815655650855056
203,9.174077234694625,-0.002170230438619522
204,9.174183148765394,-0.0021588541841110398
205,9.174289440768348,-0.0021474369334003635
206,9.174396109456415,-0.0021359788187907095
207,9.174503153578192,-0.002124479973046911
208,9.174610571877956,-0.0021129405293947093
209,9.174718363095709,-0.002101360621517826
210,9.174826525967159,-0.002089740383557554
211,9.174935059223762,-0.002078079950110335
212,9.17504396159273,-0.0020663794562267054
213,9.175153231797035,-0.0020546390374098097
214,9.175262868555437,-0.0020428588296134828
215,9.175372870582487,-0.0020310389692416476
216,9.175483236588557,-0.0020191795931453894
217,9.175593965279841,-0.00200728083862259
218,9.175705055358382,-0.001995342843415552
219,9.175816505522095,-0.0019833657457092118
220,9.17592831446475,-0.001971349684131099
221,9.176040480876033,-0.0019592947977474756
222,9.176153003441511,-0.0019472012260642508
223,9.176265880842696,-0.001935069109023268
224,9.176379111757027,-0.0019228985870018667
225,9.176492694857904,-0.0019106898008107863
226,9.17660662881469,-0.0018984428916933975
227,9.176720912292755,-0.0018861580013220965
228,9.176835543953446,-0.0018738352717993648
229,9.176950522454147,-0.001861474845654249
230,9.177065846448267,-0.0018490768658414568
231,9.177181514585268,-0.0018366414757396725
232,9.177297525510678,-0.001824168819149957
233,9.177413877866117,-0.0018116590402933
234,9.17753057028929,-0.001799112283810674
235,9.177647601414032,-0.0017865286947598002
236,9.1777649698703,-0.0017739084186142436
237,9.177882674284207,-0.0017612516012613544
238,9.17800071327803,-0.001748558389001328
239,9.178119085470215,-0.0017358289285450959
240,9.178237789475425,-0.0017230633670120262
241,9.17835682390452,-0.0017102618519297863
242,9.178476187364605,-0.0016974245312310788
243,9.178595878459024,-0.0016845515532528822
244,9.17871589578738,-0.001671643066734937
245,9.17883623794558,-0.0016586992208166172
246,9.178956903525801,-0.0016457201650374217
247,9.179077891116547,-0.0016327060493338222
248,9.17919919930265,-0.0016196570240377287
249,9.179320826665293,-0.0016065732398749858
250,9.17944277178202,-0.0015934548479638593
251,9.179565033226764,-0.0015803019998126807
252,9.179687609569854,-0.0015671148473186342
253,9.179810499378021,-0.0015538935427666385
254,9.179933701214452,-0.001540638238826132
255,9.180057213638767,-0.0015273490885504997
256,9.180181035207049,-0.0015140262453754495
257,9.180305164471887,-0.0015006698631158115
258,9.180429599982345,-0.0014872800959660239
259,9.180554340284028,-0.0014738570984961662
260,9.180679383919058,-0.001460401025651951
261,9.180804729426123,-0.0014469120327518844
262,9.180930375340475,-0.0014333902754861058
263,9.18105632019395,-0.001419835909914738
264,9.181182562514998,-0.001406249092465046
265,9.181309100828686,-0.0013926299799309448
266,9.181435933656722,-0.0013789787294707977
267,9.18156305951747,-0.001365295498605469
268,9.181690476925978,-0.001351580445216343
269,9.181818184393965,-0.0013378337275445921
270,9.181946180429879,-0.0013240555041882595
271,9.182074463538893,-0.0013102459341005914
272,9.182203032222915,-0.0012964051765893046
273,9.182331884980629,-0.0012825333913132622
274,9.18246102030749,-0.0012686307382819887
275,9.182590436695763,-0.0012546973778527072
276,9.18272013263451,-0.001240733470730376
277,9.182850106609646,-0.0012267391779631862
278,9.182980357103935,-0.0012127146609429982
279,9.183110882596992,-0.0011986600814033067
280,9.18324168156536,-0.0011845756014151319
281,9.183372752482441,-0.0011704613833889337
282,9.183504093818591,-0.001156317590069703
283,9.183635704041093,-0.0011421443845367712
284,9.1837675816142,-0.0011279419302008282
285,9.183899724999137,-0.0011137103908034224
286,9.184032132654137,-0.0010994499304131946
287,9.184164803034433,-0.0010851607134264776
288,9.184297734592288,-0.0010708429045641812
289,9.18443092577703,-0.0010564966688691542
290,9.184564375035043,-0.0010421221717058862
291,9.184698080809811,-0.0010277195787573702
292,9.184832041541908,-0.001013289056024531
293,9.184966255669046,-0.0009988307698228535
294,9.185100721626078,-0.0009843448867814576
295,9.185235437845,-0.0009698315738419312
296,9.18537040275501,-0.000955290998254412
297,9.185505614782494,-0.0009407233275776017
298,9.185641072351048,-0.0009261287296760548
299,9.18577677388151,-0.0009115073727186421
300,9.185912717791966,-0.0008968594251761617
301,9.186048902497777,-0.0008821850558199696
302,9.186185326411598,-0.0008674844337196116
303,9.18632198794338,-0.0008527577282415823
304,9.186458885500418,-0.0008380051090465621
305,9.18659601748734,-0.0008232267460885962
306,9.186733382306148,-0.0008084228096118961
307,9.186870978356216,-0.0007935934701504326
308,9.187008804034328,-0.0007787388985249905
309,9.187146857734687,-0.0007638592658411398
310,9.187285137848944,-0.0007489547434878014
311,9.187423642766191,-0.0007340255031358119
312,9.187562370873012,-0.0007190717167347476
313,9.187701320553481,-0.0007040935565119882
314,9.187840490189192,-0.0006890911949703614
315,9.187979878159263,-0.0006740648048865239
316,9.188119482840378,-0.000659014559308526
317,9.188259302606784,-0.0006439406315544769
318,9.188399335830322,-0.000628843195210342
319,9.188539580880445,-0.00061372242412763
320,9.188680036124234,-0.0005985784924221256
321,9.188820699926408,-0.0005834115744718822
322,9.188961570649374,-0.000568221844914276
323,9.189102646653211,-0.0005530094786453274
324,9.1892439262957,-0.0005377746508174409
325,9.189385407932363,-0.0005225175368366017
326,9.189527089916453,-0.0005072383123614234
327,9.189668970598975,-0.0004919371533014505
328,9.189811048328748,-0.0004766142358130928
329,9.189953321452363,-0.000461269736300509
330,9.190095788314244,-0.000445903831411724
331,9.19023844725666,-0.00043051669803700817
332,9.190381296619726,-0.00041510851330751707
333,9.19052433474144,-0.0003996794545930232
334,9.190667559957706,-0.00038422969949913915
335,9.190810970602339,-0.00036875942586663923
336,9.19095456500709,-0.00035326881176847173
337,9.191098341501668,-0.00033775803550830405
338,9.191242298413755,-0.00032222727561873087
339,9.191386434069035,-0.0003066767108582692
340,9.191530746791194,-0.0002911065202105034
341,9.191675234901972,-0.0002755168828813897
342,9.191819896721139,-0.00025990797829780483
343,9.191964730566546,-0.00024427998610534443
344,9.192109734754146,-0.00022863308616565697
345,9.192254907597993,-0.00021296745855551365
346,9.19240024741028,-0.00019728328356401014
347,9.19254575250134,-0.00018158074169119
348,9.192691421179687,-0.0001658600136454595
349,9.19283725175203,-0.00015012128034143154
350,9.192983242523272,-0.0001343647228989324
351,9.19312939179656,-0.00011859052264014949
352,9.193275697873267,-0.00010279886108842256
353,9.193422159053078,-8.698991996370697e-05
354,9.193568773633922,-7.116388118469015e-05
355,9.19371553991206,-5.532092686342214e-05
356,9.193862456182078,-3.946123930417933e-05
357,9.194009520736909,-2.3585001002342488e-05
358,9.19415673186785,-7.692394641125055e-06
359,9.19430408786459,8.216396909479329e-06
360,9.194451587015221,2.4141190595357464e-05
361,9.19459922760627,4.008180318024017e-05
362,9.194747007922691,5.603805124693473e-05
363,9.194894926247933,7.200975120105344e-05
364,9.195042980863906,8.799671927116535e-05
365,9.195191170051046,0.00010399877151243437
366,9.195339492088307,0.00012001572380752598
367,9.195487945253188,0.0001360473918692911
368,9.195636527821746,0.00015209359124192278
369,9.195785238068634,0.00016815413730428679
370,9.19593407426711,0.00018422884527131124
371,9.196083034689062,0.00020031753019640188
372,9.196232117605014,0.00021642000697253536
373,9.196381321284157,0.00023253609033529514
374,9.196530643994377,0.00024866559486473225
375,9.19668008400226,0.00026480833498750844
376,9.196829639573105,0.00028096412497764274
377,9.196979308970981,0.00029713277896113493
378,9.197129090458702,0.00031331411091572526
379,9.197278982297876,0.00032950793467382866
380,9.197428982748914,0.00034571406392509954
381,9.197579090071056,0.0003619323122174259
382,9.197729302522378,0.0003781624929595937
383,9.197879618359847,0.00039440441942454186
384,9.198030035839286,0.0004106579047486889
385,9.198180553215444,0.000426922761936472
386,9.198331168741975,0.0004431988038606842
387,9.198481880671498,0.0004594858432661917
388,9.198632687255591,0.000475783692770916
389,9.198783586744824,0.0004920921648683441
390,9.198934577388767,0.0005084110719295179
391,9.199085657436015,0.0005247402262046069
392,9.199236825134216,0.0005410794398259614
393,9.199388078730074,0.0005574285248091566
394,9.199539416469394,0.0005737872930565192
395,9.19969083659708,0.0005901555563576353
396,9.199842337357161,0.0006065331263921718
397,9.19999391699282,0.0006229198147324495
398,9.200145573746408,0.0006393154328445483
399,9.200297305859454,0.0006557197920909328
400,9.200449111572695,0.0006721327037320938
401,9.200600989126109,0.0006885539789300484
402,9.200752936758905,0.0007049834287485673
403,9.200904952709575,0.0007214208641563038
404,9.201057035215902,0.0007378660960296949
405,9.20120918251496,0.0007543189351525203
406,9.201361392843166,0.0007707791922206778
407,9.20151366443628,0.0007872466778429096
408,9.201665995529442,0.0008037212025433104
409,9.201818384357162,0.000820202576762923
410,9.201970829153375,0.0008366906108625592
411,9.202123328151446,0.0008531851151248572
412,9.202275879584185,0.0008696858997556759
413,9.202428481683864,0.0008861927748863147
414,9.20258113268227,0.0009027055505773721
415,9.202733830810672,0.000919224036817538
416,9.2028865742999,0.0009357480435294727
417,9.20303936138031,0.0009522773805687575
418,9.203192190281845,0.0009688118577281516
419,9.203345059234032,0.0009853512847383097
420,9.203497966466012,0.0010018954712705192
421,9.203650910206562,0.0010184442269392535
422,9.203803888684101,0.0010349973613027438
423,9.203956900126743,0.0010515546838679312
424,9.204109942762264,0.0010681160040887107
425,9.204263014818183,0.0010846811313718918
426,9.204416114521734,0.0011012498750766107
427,9.20456924009991,0.0011178220445176358
428,9.204722389779473,0.0011343974489669687
429,9.204875561786995,0.0011509758976572014
430,9.205028754348843,0.001167557199781611
431,9.205181965691237,0.0011841411644982723
432,9.205335194040241,0.0012007276009309298
433,9.205488437621788,0.0012173163181709943
434,9.205641694661729,0.0012339071252812225
435,9.205794963385799,0.0012504998312953338
436,9.205948242019694,0.0012670942452229685
437,9.206101528789063,0.001283690176049746
438,9.206254821919531,0.001300287432740678
439,9.2064081196367,0.0013168858242403286
440,9.206561420166214,0.0013334851594775671
441,9.206714721733741,0.0013500852473658873
442,9.206868022565002,0.0013666858968059315
443,9.207021320885811,0.0013832869166883921
444,9.207174614922073,0.001399888115895269
445,9.207327902899804,0.0014164893033018775
446,9.207481183045168,0.0014330902877797693
447,9.207634453584483,0.0014496908781985258
448,9.207787712744235,0.0014662908834268485
449,9.207940958751129,0.0014828901123369789
450,9.208094189832071,0.0014994883738045442
451,9.208247404214212,0.0015160854767117334
452,9.20840060012497,0.0015326812299500988
453,9.208553775792018,0.0015492754424202627
454,9.208706929443355,0.0015658679230376154
455,9.20886005930729,0.0015824584807314225
456,9.209013163612473,0.0015990469244486032
457,9.209166240587914,0.0016156330631551708
458,9.209319288462984,0.0016322167058374969
459,9.20947230546748,0.00164879766150694
460,9.20962528983162,0.0016653757392003803
461,9.209778239786036,0.0016819507479812433
462,9.209931153561843,0.0016985224969440185
463,9.210084029390627,0.0017150907952147517
464,9.210236865504475,0.0017316554519537142
465,9.210389660136002,0.001748216276357691
466,9.210542411518349,0.0017647730776613685
467,9.21069511788522,0.0017813256651401307
468,9.210847777470919,0.0017978738481126161
469,9.211000388510332,0.0018144174359419481
470,9.21115294923897,0.0018309562380380584
471,9.211305457892975,0.001847490063859336
472,9.21145791270918,0.001864018722917389
473,9.211610311925055,0.0018805420247744202
474,9.211762653778807,0.0018970597790503284
475,9.211914936509347,0.0019135717954215077
476,9.212067158356334,0.0019300778836246998
477,9.21221931756017,0.001946577853457321
478,9.212371412362055,0.0019630715147818958
479,9.212523441003988,0.0019795586775269137
480,9.21267540172878,0.00199603915168862
481,9.212827292780098,0.0020125127473342034
482,9.21297911240244,0.002028979274602524
483,9.213130858841215,0.0020454385437078514
484,9.213282530342711,0.0020618903649407007
485,9.21343412515414,0.002078334548670381
486,9.213585641523668,0.002094770905347879
487,9.213737077700392,0.002111199245506026
488,9.21388843193441,0.0021276193797637884
489,9.214039702476816,0.002144031118827474
490,9.214190887579711,0.002160434273492307
491,9.214341985496246,0.0021768286546453653
492,9.21449299448063,0.0021932140732679527
493,9.214643912788143,0.0022095903404363505
494,9.214794738675161,0.0022259572673249254
495,9.214945470399185,0.0022423146652082475
496,9.21509610621885,0.002258662345463292
497,9.215246644393943,0.002275000119570832
498,9.21539708318544,0.0022913277991187387
499,9.2155474208555,0.0023076451958025934
500,9.215697655667492,0.00232395212142874
501,9.215847785886046,0.0023403047977708083
502,9.215997604535008,0.002356784757714481
503,9.216146522454476,0.0023734163008766506
504,9.216293610754773,0.002390166424861604
505,9.2164376432775,0.0024069438742552163
506,9.216577139063666,0.0024235982012176514
507,9.216710404828715,0.0024399196040799567
508,9.216835577444403,0.0024556401828306636
509,9.216950666427184,0.0024704371227487775
510,9.217053596432816,0.002483938189718955
511,9.217142249756446,0.0024957297929260416
512,9.217214508837415,0.0025053677426861896
513,9.217268298767742,0.002512390703139987
514,9.217301629802797,0.0025163362114023658
515,9.217312639872764,0.0025167590066143383
516,9.217299637093035,0.0025132512841534583
517,9.217261142271441,0.002505464362108661
518,9.217195931410307,0.002493131119075761
519,9.217103078200964,0.002476088434395252
520,9.216981996508318,0.0024542987342287704
521,9.216832482843394,0.0024277845178467834
522,9.2166545394021,0.002396546420009545
523,9.216448168796045,0.002360585187898297
524,9.216213374052584,0.0023199016810987183
525,9.215950158614792,0.0022744968715779313
526,9.215658526341546,0.0022243718436644323
527,9.215338481507512,0.0021695277940201744
528,9.214990028803186,0.002109966031612614
529,9.214613173334957,0.002045687977685492
530,9.214207920625096,0.0019766951657221614
531,9.213774276611826,0.0019029892414112847
532,9.213312247649373,0.001824571962608489
533,9.21282184050799,0.0017414451992927291
534,9.21230306237403,0.0016536109335246636
535,9.21175592084997,0.0015610712593973194
536,9.21118042395451,0.0014638283829892457
537,9.21057658012258,0.0013618846223101514
538,9.209944398205453,0.0012552424072481182
539,9.209283887470777,0.001143904279511656
540,9.208595057602663,0.0010278728925696055
541,9.207877918701742,0.0009071510115888572
542,9.207132481285266,0.0007817415133702372
543,9.206358756287143,0.0006516473862784924
544,9.205556755058067,0.0005168717301743979
545,9.204726489365575,0.0003774177563406528
546,9.203867971394125,0.00023328878740581943
547,9.202981213745213,8.448825726707554e-05
548,9.202066229437465,-6.89802889899326e-05
549,9.201123031906711,-0.00022711319517645768
550,9.20015163500611,-0.0003899066940844243
551,9.199152053006232,-0.0005573569075768021
552,9.198124300595191,-0.0007294598466774005
553,9.197068392878723,-0.0009062114116658847
554,9.195984345380337,-0.0010876073921722031
555,9.194872174041395,-0.0012736434672776917
556,9.193731895221246,-0.0014643152056156576
557,9.192563525697354,-0.001659618065475231
558,9.191367082665415,-0.001859547394908273
559,9.19014258373949,-0.0020640984318388853
560,9.18889004695214,-0.002273266304175009
561,9.187609490754543,-0.0024870460299232107
562,9.186300934016659,-0.0027054325173049855
563,9.18496439602735,-0.0029284205648772866
564,9.18359989649453,-0.003156004861654448
565,9.182207455545313,-0.0033881799872321735
566,9.180787093726176,-0.003624940411915473
567,9.179338832003085,-0.0038662804968486405
568,9.177862691761678,-0.004112194494147307
569,9.176358694807409,-0.004362676547033604
570,9.174826863365718,-0.004617720689973611
571,9.173267220082193,-0.004877320848817735
572,9.171679788022745,-0.005141470840942669
573,9.170064590673777,-0.005410164375397073
574,9.168421651942342,-0.0056833950530498405
575,9.166750996156367,-0.005961156366738623
576,9.165052648064785,-0.006243441701424351
577,9.163326632837748,-0.006530244334345663
578,9.161572976066804,-0.006821557435177093
579,9.1597917037651,-0.0071173740661889025
580,9.157982842367542,-0.007417687182411414
581,9.156146418731053,-0.007722489631797883
582,9.154282460134713,-0.008031774155394968
583,9.152390994279985,-0.008345533387512004
584,9.150472049290936,-0.008663759855893533
585,9.148525653714424,-0.008986445981895597
586,9.146551836520327,-0.009313584080662882
587,9.14455062710174,-0.009645166361310246
588,9.142522055275208,-0.009981184927104626
589,9.140466151280949,-0.010321631775650417
590,9.138382945783068,-0.010666498799078097
591,9.136272469869798,-0.011015777784233967
592,9.134134755053717,-0.011369460412873178
593,9.131969833271993,-0.01172753826185515
594,9.12977773688661,-0.01209000280334131
595,9.127558498684614,-0.01245684540499539
596,9.125312151878367,-0.012828057330185482
597,9.123038730105769,-0.013203629738190326
598,9.120738267430534,-0.013583553684405223
599,9.118410798342412,-0.013967820120554518
600,9.116056357757477,-0.014356419894901364
601,9.113674981018356,-0.014749343752464575
602,9.111266703894504,-0.015146582335235274
603,9.108831562582482,-0.015548126182395825
604,9.106369593706194,-0.01595396573054364
605,9.103880834317177,-0.016364091313914725
606,9.101365321894864,-0.016778493164611046
607,9.098823094346878,-0.01719716141282907
608,9.096254190009294,-0.017620086087092632
609,9.09365864764692,-0.018047257114486934
610,9.091036506453591,-0.018478664320894785
611,9.088387806052454,-0.01891429743123579
612,9.085712586496264,-0.019354146069707173
613,9.083010888267664,-0.019798199760028428
614,9.080282752279503,-0.020246447925685997
615,9.077528219875115,-0.020698879890183524
616,9.07474733282863,-0.02115548487729131
617,9.071940133345285,-0.021616252011299776
618,9.06910666406171,-0.022081170317275592
619,9.066246968046284,-0.022550228721318025
620,9.063361088799397,-0.023023416050821033
621,9.060449070253814,-0.023500721034733493
622,9.057510956774953,-0.023982132303826495
623,9.054546793161249,-0.024467638390958148
624,9.051556624644437,-0.024957227731345153
625,9.048540496889917,-0.025450888662832957
626,9.04549845599706,-0.02594860942617068
627,9.042430548499567,-0.02645037816528647
628,9.039336821365774,-0.026956182927567556
629,9.036217321999032,-0.02746601166413962
630,9.033072098238007,-0.027979852230151408
631,9.02990119835706,-0.028497692385058927
632,9.026704671066572,-0.02901951979291373
633,9.02348256551332,-0.02954532202265285
634,9.020234931280779,-0.030075086548392024
635,9.016961818389554,-0.030608800749717478
636,9.013663277297676,-0.031146451911985343
637,9.010339358900993,-0.031688027226618905
638,9.006990114533522,-0.032233513791410984
639,9.003615595967833,-0.03278289861082589
640,9.000215855415394,-0.03333616859630621
641,8.996790945526973,-0.03389331056657943
642,8.993340919392987,-0.03445431124796901
643,8.98986583054389,-0.035019157274705885
644,8.986365732950551,-0.03558783518924315
645,8.982840681024644,-0.036160331442571955
646,8.97929072961903,-0.03673663239454038
647,8.975715934028127,-0.03731672431417538
648,8.972116349988337,-0.03790059338000362
649,8.968492033678398,-0.03848822568037873
650,8.964843041719817,-0.039079607213806655
651,8.961169431177234,-0.039674723889276876
652,8.95747125955885,-0.04027356152659252
653,8.953748584816807,-0.040876105856704925
654,8.950001465347617,-0.041482342522048375
655,8.946229959992532,-0.04209225707687942
656,8.942434128038002,-0.04270583498761509
657,8.938614029216055,-0.04332306163317594
658,8.934769723704715,-0.04394392230533001
659,8.930901272128429,-0.044568402209038994
660,8.92700873555846,-0.045196486462806836
661,8.923092175513355,-0.0458281600990287
662,8.919151653959323,-0.04646340806434491
663,8.915187233310688,-0.04710221521999409
664,8.911198976430288,-0.0477445663421709
665,8.907186946629947,-0.04839044612238277
666,8.903151207670879,-0.049039839167811364
667,8.899091823764106,-0.04969273000167565
668,8.895008859570941,-0.05034910306359483
669,8.890902380203377,-0.05100894270995604
670,8.886772451224564,-0.05167223321428206
671,8.882619138649227,-0.05233895876760198
672,8.878442508944136,-0.053009103478823025
673,8.874242629028503,-0.053682651375106936
674,8.870019566274504,-0.054359586402242414
675,8.865773388507643,-0.05503989242502769
676,8.861504164007266,-0.05572355322764802
677,8.85721196150699,-0.05641055251405808
678,8.852896850195178,-0.05710087390836585
679,8.848558899715352,-0.05779450095521954
680,8.844198180166703,-0.058491417120194227
681,8.839814762104506,-0.05919160579018269
682,8.835408716540611,-0.059895050273785645
683,8.830980114943886,-0.06060173380170668
684,8.826529029240701,-0.06131163952714578
685,8.822055531815376,-0.062024750526198304
686,8.817559695510658,-0.06274104979825275
687,8.813041593628178,-0.06346052026639215
688,8.808501299928947,-0.0641831447777961
689,8.803938888633795,-0.0649089061041461
690,8.799354434423861,-0.06563778694203147
691,8.794748012441058,-0.06636976991335751
692,8.79011969828857,-0.06710483756575451
693,8.785469568031294,-0.06784297237299101
694,8.780797698196325,-0.06858415673538666
695,8.776104165773456,-0.06932837298022658
696,8.771389048215639,-0.07007560336217904
697,8.766652423439462,-0.07082583006371429
698,8.761894369825638,-0.07157903519552472
699,8.757114966219484,-0.07233520079694676
700,8.752314291931407,-0.07309430883638492
701,8.747492426737365,-0.07385634121173823
702,8.742649450879371,-0.07462127975082654
703,8.73778544506598,-0.07538910621181927
704,8.732900490472751,-0.07615980228366734
705,8.727994668742765,-0.07693334958653361
706,8.723068061987078,-0.07770972967222843
707,8.71812075278522,-0.07848892402464482
708,8.713152824185666,-0.07927091406019598
709,8.708164359706354,-0.08005568112825313
710,8.703155443335143,-0.08084320651158701
711,8.698126159530311,-0.08163347142680952
712,8.693076593221033,-0.08242645702481771
713,8.68800682980787,-0.08322214439123903
714,8.682916955163256,-0.0840205145468781
715,8.677807055631984,-0.08482154844816515
716,8.672677218031692,-0.08562522698760582
717,8.667527529653348,-0.08643153099423295
718,8.66235807826172,-0.08724044123406018
719,8.65716895209588,-0.08805193841053546
720,8.651960239869677,-0.08886600316499778
721,8.646732030772222,-0.08968261607713492
722,8.641484414468367,-0.0905017576654424
723,8.636217481099184,-0.09132340838768403
724,8.630931321282457,-0.09214754864135406
725,8.625626026113142,-0.09297415876414077
726,8.620301687163858,-0.09380321903439162
727,8.614958396485372,-0.0946347096715787
728,8.609596246607037,-0.09546861083676889
729,8.604215330537308,-0.09630490263309066
730,8.598815741764206,-0.09714356510620557
731,8.593397574255754,-0.09798457824478184
732,8.587960922460496,-0.09882792198096549
733,8.582505881307933,-0.09967357619085694
734,8.577032546208988,-0.10052152069498689
735,8.571541013056493,-0.10137173525879295
736,8.566031378225624,-0.10222419959310025
737,8.560503738574377,-0.10307889335460027
738,8.55495819144402,-0.10393579614633329
739,8.549394834659545,-0.10479488751817088
740,8.543813766530125,-0.10565614696730054
741,8.538215085849552,-0.10651955393871095
742,8.53259889189671,-0.10738508782567852
743,8.526965284435995,-0.10825272797025576
744,8.521314363717748,-0.10912245366376114
745,8.515646230478735,-0.10999424414726837
746,8.509960985942524,-0.11086807861209966
747,8.50425873181997,-0.11174393620031749
748,8.498539570309617,-0.1126217960052193
749,8.492803604098128,-0.11350163707183308
750,8.487050936360703,-0.1143834383974138
751,8.481281670761478,-0.11526717893194217
752,8.475495911453981,-0.11615283757862178
753,8.469693763081516,-0.11704039319438032
754,8.463875330777554,-0.11792982459037123
755,8.458040720166164,-0.1188211105324752
756,8.452190037362378,-0.11971422974180441
757,8.446323388972605,-0.12060916089520705
758,8.44044088209501,-0.12150588262577248
759,8.434542624319903,-0.12240437352333815
760,8.428628723730094,-0.12330461213499848
761,8.422699288901294,-0.12420657696561256
762,8.416754428902458,-0.12511024647831467
763,8.410794253296144,-0.12601559909502613
764,8.404818872138891,-0.12692261319696568
765,8.39882839598155,-0.12783126712516368
766,8.392822935869622,-0.12874153918097622
767,8.38680260334361,-0.12965340762660005
768,8.380767510439334,-0.1305668506855882
769,8.37471776968828,-0.1314818465433672
770,8.368653494117888,-0.1323983733477552
771,8.362574797251874,-0.13331640920948146
772,8.356481793110534,-0.13423593220270497
773,8.350374596211038,-0.1351569203655366
774,8.344253321567727,-0.13607935170055915
775,8.338118084692384,-0.1370032041753511
776,8.331969001594507,-0.13792845572301
777,8.325806188781575,-0.1388550842426766
778,8.319629763259321,-0.13978306760005949
779,8.31343984253195,-0.1407123836279623
780,8.307236544602404,-0.14164301012680977
781,8.301019987972586,-0.14257492486517523
782,8.294790291643592,-0.1435081055803092
783,8.288547575115892,-0.14444252997866994
784,8.282291958389584,-0.14537817573645131
785,8.276023561964545,-0.14631502050011538
786,8.269742506840634,-0.14725304188692348
787,8.263448914517861,-0.14819221748546874
788,8.257142906996567,-0.14913252485620837
789,8.250824606777554,-0.1500739415319985
790,8.244494136862247,-0.15101644501862826
791,8.238151620752816,-0.151960012795355
792,8.231797182452318,-0.15290462231543953
793,8.225430946464765,-0.15385025100668442
794,8.219053037795264,-0.15479687627196959
795,8.212663581950086,-0.155744475489791
796,8.206262704936737,-0.15669302601479868
797,8.19985053326402,-0.1576425051783369
798,8.193427193942107,-0.15859289028898207
799,8.186992814482545,-0.15954415863308505
800,8.180547522898296,-0.16049628747531108
801,8.174091447703741,-0.16144925405918134
802,8.167624717914686,-0.16240303560761524
803,8.161147463048335,-0.16335760932347262
804,8.15465981312327,-0.16431295239009738
805,8.148161898659392,-0.16526904197186085
806,8.141653850677873,-0.16622585521470606
807,8.13513580070107,-0.16718336924669233
808,8.128607880752444,-0.16814156117854048
809,8.122070223356443,-0.1691004081041789
810,8.115522961538392,-0.17005988710128842
811,8.108966228824357,-0.17101997523184992
812,8.10240015924097,-0.1719806495426913
813,8.09582488731528,-0.17294188706603406
814,8.089240548074551,-0.17390366482004185
815,8.08264727704608,-0.17486595980936756
816,8.076045210256934,-0.17582874902570367
817,8.06943448423376,-0.1767920094483288
818,8.062815236002479,-0.1777557180446592
819,8.056187603088034,-0.17871985177079724
820,8.049551723514096,-0.17968438757208097
821,8.042907735802736,-0.18064930238363536
822,8.036255778974095,-0.18161457313092244
823,8.029595992546032,-0.18258017673029173
824,8.022928516533746,-0.18354609008953202
825,8.01625349144939,-0.18451229010842188
826,8.009571058301638,-0.18547875367928232
827,8.002881358595264,-0.18644545768752774
828,7.996184534330672,-0.18741237901221863
829,7.989480728003426,-0.1883794945266133
830,7.982770082603731,-0.18934678109872108
831,7.976052741615938,-0.19031421559185374
832,7.969328849017943,-0.19128177486518044
833,7.962598549280666,-0.19224943577427875
834,7.955861987367443,-0.19321717517168827
835,7.949119308733396,-0.19418496990746406
836,7.9423706593247925,-0.19515279682973022
837,7.9356161855783744,-0.1961206327852336
838,7.928856034420672,-0.19708845461989638
839,7.9220903532672855,-0.19805623917937065
840,7.915319290022121,-0.19902396330959193
841,7.908542993076651,-0.19999160385733233
842,7.901761611309087,-0.2009591376707552
843,7.8949752940835545,-0.20192654159996923
844,7.888184191249264,-0.20289379249758072
845,7.881388453139625,-0.2038608672192484
846,7.874588230571301,-0.204827742624238
847,7.8677836748433165,-0.2057943955759749
848,7.860974937736057,-0.2067608029425985
849,7.854162171510304,-0.20772694159751515
850,7.847345528906178,-0.20869278841995287
851,7.840525163142092,-0.20965832029551426
852,7.833701227913665,-0.21062351411673008
853,7.82687387739259,-0.2115883467836132
854,7.820043266225511,-0.21255279520421036
855,7.813209549532816,-0.2135168362951565
856,7.8063728829074215,-0.21448044698222749
857,7.799533422413515,-0.21544360420089342
858,7.792691324585312,-0.21640628489686936
859,7.785846746425687,-0.21736846602667015
860,7.778999845404856,-0.21833012455816111
861,7.772150779458986,-0.21929123747111015
862,7.765299706988747,-0.220251781757741
863,7.758446786857908,-0.22121173442328185
864,7.751592178391777,-0.22217107248652024
865,7.744736041375728,-0.22312977298035103
866,7.737878536053591,-0.22408781295232916
867,7.731019823126066,-0.2250451694652194
868,7.72416006374909,-0.22600181959754573
869,7.717299419532131,-0.22695774044414238
870,7.710438052536477,-0.22791290911670303
871,7.70357612527348,-0.2288673027443293
872,7.696713800702746,-0.22982089847408005
873,7.6898512422302865,-0.23077367347152036
874,7.682988613706667,-0.23172560492126795
875,7.676126079425036,-0.23267667002754278
876,7.6692638041192,-0.2336268460147125
877,7.662401952961587,-0.23457611012784035
878,7.655540691561204,-0.2355244396332313
879,7.648680185961552,-0.23647181181897722
880,7.641820602638454,-0.23741820399550348
881,7.634962108497897,-0.23836359349611336
882,7.628104870873795,-0.23930795767753216
883,7.621249057525721,-0.24025127392045134
884,7.614394836636568,-0.2411935196300721
885,7.60754237681018,-0.24213467223664892
886,7.60069184706896,-0.2430747091960304
887,7.593843416851386,-0.24401360799020214
888,7.5869972560095125,-0.24495134612782732
889,7.580153534806382,-0.2458879011447887
890,7.57331242391344,-0.24682325060472748
891,7.566474094407883,-0.24775737209958215
892,7.55963871776994,-0.24869024325012806
893,7.552806465880089,-0.24962184170651638
894,7.5459775110162735,-0.2505521451488103
895,7.53915202585101,-0.25148113128752336
896,7.5323301834485195,-0.25240877786415306
897,7.525512157261703,-0.25333506265171934
898,7.518698121129161,-0.254259963455297
899,7.511888249272089,-0.25518345811255133
900,7.505082716291158,-0.25610552449427043
901,7.498281697163319,-0.257026140504899
902,7.491485367238579,-0.25794528408306827
903,7.484693902236677,-0.2588629332021293
904,7.477907478243753,-0.2597790658706816
905,7.47112627170893,-0.2606936601331028
906,7.464350459440825,-0.26160669407007847
907,7.45758021860405,-0.2625181457991289
908,7.450815726715592,-0.26342799347513673
909,7.444057161641218,-0.26433621529087187
910,7.437304701591704,-0.2652427894775191
911,7.430558525119115,-0.2661476943052009
912,7.423818811112975,-0.2670509080835007
913,7.417085738796361,-0.26795240916198654
914,7.410359487721954,-0.26885217593073296
915,7.403640237768049,-0.26975018682084073
916,7.396928169134455,-0.2706464203049576
917,7.390223462338369,-0.2715408548977971
918,7.383526298210166,-0.2724334691566566
919,7.376836857889145,-0.2733242416819338
920,7.370155322819192,-0.27421315111764333
921,7.36348187474436,-0.2751001761519321
922,7.356816695704455,-0.27598529551759166
923,7.350159968030477,-0.27686848799257296
924,7.3435118743400105,-0.27774973240049766
925,7.33687259753259,-0.278629007611169
926,7.3302423207849525,-0.2795062925410817
927,7.323621227546247,-0.2803815661539306
928,7.31700950153317,-0.28125480746111825
929,7.310407326725015,-0.28212599552226186
930,7.303814887358679,-0.2829951094456984
931,7.29723236792359,-0.2838621283889889
932,7.290659953156552,-0.2847270315594218
933,7.284097828036524,-0.28558979821451497
934,7.277546177779343,-0.28645040766251684
935,7.271005187832357,-0.28730883926290546
936,7.264475043869002,-0.2881650724268875
937,7.257955931783278,-0.2890190866178957
938,7.251448037684196,-0.2898708613520843
939,7.2449515478901185,-0.2907203761988241
940,7.238466648923027,-0.2915676107811969
941,7.231993527502727,-0.2924125447764869
942,7.2255323705409875,-0.2932551579166721
943,7.219083365135582,-0.29409542998891436
944,7.212646698564268,-0.2949333408360477
945,7.206222558278685,-0.29576887035706606
946,7.1998111318981985,-0.29660199850760827
947,7.193412607203634,-0.29743270530044336
948,7.187027172130952,-0.2982609708059542
949,7.180655014764858,-0.29908677515261844
950,7.174296323332302,-0.29991009852749007
951,7.1679512861959465,-0.3007309211766779
952,7.16162009184753,-0.3015492234058232
953,7.155302928901132,-0.3023649855805772
954,7.1489999860863955,-0.3031781881270756
955,7.1427114522416755,-0.3039888115324117
956,7.136437516307063,-0.30479683634510923
957,7.130178367317396,-0.3056022431755925
958,7.123934194395124,-0.306405012696656
959,7.1177051867431365,-0.3072051256439326
960,7.111491533637512,-0.30800256281635885
961,7.105293424420164,-0.3087973050766408
962,7.099111048491428,-0.30958933335171684
963,7.092944595302562,-0.3103786286332195
964,7.086794254348149,-0.3111651719779366
965,7.080660215158474,-0.3119489445082683
966,7.074542667291758,-0.312729927412686
967,7.068441800326336,-0.3135081019461873
968,7.062357803852794,-0.31428344943074954
969,7.05629086746594,-0.31505595125578373
970,7.050241180756783,-0.31582558887858436
971,7.044208933304386,-0.31659234382477863
972,7.038194314667652,-0.3173561976887745
973,7.032197514376994,-0.3181171321342077
974,7.02621872192602,-0.31887512889438374
975,7.020258126763024,-0.31963016977272307
976,7.014315918282448,-0.32038223664320153
977,7.008392285816309,-0.32113131145078894
978,7.002487418625472,-0.3218773762118875
979,6.996601505890872,-0.32262041301476835
980,6.990734736704682,-0.3233604040200049
981,6.984887300061346,-0.3240973314609068
982,6.97905938484862,-0.3248311776439492
983,6.9732511798384476,-0.3255619249492029
984,6.967462873677782,-0.32628955583076236
985,6.9616946548793806,-0.3270140528171699
986,6.955946711812438,-0.3277353985118413
987,6.95021923269323,-0.3284535755934863
988,6.944512405575601,-0.3291685668165302
989,6.938826418341434,-0.3298803550115316
990,6.933161458691007,-0.33058892308559984
991,6.927517714133297,-0.3312942540228093
992,6.921895371976215,-0.3319963308846122
993,6.916294619316712,-0.3326951368102511
994,6.910715643030894,-0.3333906550171667
995,6.905158629763987,-0.33408286880140675
996,6.899623765920289,-0.3347717615380303
997,6.894111237652991,-0.335457316681513
998,6.888621230853992,-0.3361395177661474
999,6.883153931143571,-0.3368183484064444
1000,6.877709523860063,-0.33749379229752974
1001,6.872288194049388,-0.3381658332155414
1002,6.866890126454592,-0.3388344550180225
1003,6.861515505505231,-0.3394996416443153
1004,6.856164515306767,-0.34016137711594957
1005,6.850837339629841,-0.34081964553703215
1006,6.845534161899512,-0.34147443109463294
1007,6.840255165184429,-0.34212571805916864
1008,6.835000532185894,-0.34277349078478636
1009,6.8297704452269405,-0.3434177337097425
1010,6.824565086241257,-0.3440584313567825
1011,6.81938463676214,-0.3446955683335158
1012,6.814229277911309,-0.34532912933279114
1013,6.809099190387707,-0.3459590991330683
1014,6.8039945544562315,-0.34658546259878836
1015,6.798915549936398,-0.3472082046807414
1016,6.793862356190958,-0.34782731041643317
1017,6.78883515211444,-0.3484427649304493
1018,6.783834116121669,-0.34905455343481634
1019,6.778859426136217,-0.3496626612293615
1020,6.773911259578781,-0.3502670737020711
1021,6.7689897933555425,-0.3508677763294456
1022,6.764095203846462,-0.35146475467685284
1023,6.7592276668935085,-0.35205799439887986
1024,6.754387357788877,-0.35264748123968165
1025,6.7495744512631335,-0.3532332010333279
1026,6.7447891214733,-0.35381513970414896
1027,6.740031541990959,-0.3543932832670769
1028,6.735301885790248,-0.3549676178279869
1029,6.730600325235853,-0.355538129584035
1030,6.725927032070924,-0.3561048048239954
1031,6.7212821774050076,-0.3566676299285928
1032,6.716665931701911,-0.3572265913708346
1033,6.712078464767506,-0.35778167571634106
1034,6.707519945737569,-0.3583328696236714
1035,6.702990543065515,-0.35888015984464955
1036,6.6984904245101555,-0.3594235332246864
1037,6.694019757123414,-0.3599629767031
1038,6.6895787072379695,-0.3604984773134352
1039,6.68516744045497,-0.3610300221837775
1040,6.6807861216316216,-0.3615575985370685
1041,6.676434914868829,-0.3620811936914158
1042,6.672113983498781,-0.362600795060403
1043,6.6678234900725135,-0.3631163901533966
1044,6.66356359634749,-0.3636279665758495
1045,6.659334463275148,-0.3641355120296035
1046,6.65513625098841,-0.36463901431318946
1047,6.650969118789222,-0.36513846132212446
1048,6.646833225136068,-0.365633841049207
1049,6.642728727631468,-0.36612514158480974
1050,6.6386557830095,-0.3666123511171695
1051,6.634614547123274,-0.36709545793267623
1052,6.6306051749324695,-0.3675744504161571
1053,6.626627820490801,-0.3680493170511615
1054,6.622682636933546,-0.3685200464202408
1055,6.618769776465037,-0.36898662720522724
1056,6.614889390346191,-0.36944904818751056
1057,6.611041628882046,-0.36990729824831026
1058,6.607226641409302,-0.37036136636894756
1059,6.603444576283847,-0.3708112416311152
1060,6.5996955808683575,-0.3712569132171424
1061,6.595979801519883,-0.3716983704102595
1062,6.592297383577441,-0.3721356025948596
1063,6.588648471349675,-0.37256859925675717
1064,6.5850332081024945,-0.37299734998344475
1065,6.5814517360467635,-0.3734218444643477
1066,6.577904196326022,-0.3738420724910749
1067,6.574390729004216,-0.3742580239576696
1068,6.570911473053519,-0.37466968886085356
1069,6.567466566342116,-0.37507705730027335
1070,6.5640561456220645,-0.37548011947874177
1071,6.56068034651721,-0.3758788657024762
1072,6.557339303511121,-0.37627328638133606
1073,6.554033149935071,-0.37666337202905686
1074,6.550762017956084,-0.37704911326348195
1075,6.547526038565028,-0.37743050080679125
1076,6.544325341564742,-0.3778075254857281
1077,6.541160055558247,-0.3781801782318238
1078,6.538030307936997,-0.3785484500816183
1079,6.5349362248691865,-0.37891233217688
1080,6.531877931288145,-0.3792718157648211
1081,6.528855550880773,-0.37962689219831275
1082,6.52586920607604,-0.3799775529360957
1083,6.522919018033592,-0.3803237895429888
1084,6.520005106632395,-0.3806655936900952
1085,6.517127590459455,-0.3810029571550066
1086,6.514286586798629,-0.38133587182200335
1087,6.511482211619527,-0.3816643296822533
1088,6.508714579566464,-0.3819883228340072
1089,6.5059838039475135,-0.38230784348279245
1090,6.503289996723657,-0.38262288394160315
1091,6.500633268498009,-0.38293343663108814
1092,6.498013728505134,-0.38323949407973684
1093,6.4954314846004815,-0.38354104892406066
1094,6.492886643249872,-0.38383809390877466
1095,6.490379309519125,-0.3841306218869742
1096,6.487909587063763,-0.3844186258203097
1097,6.485477578118855,-0.38470209877915856
1098,6.483083383488903,-0.38498103394279515
1099,6.480727102537899,-0.3852554245995575
1100,6.478408833179448,-0.3855252641470119
1101,6.4761286718670386,-0.38579054609211366
1102,6.473886713584417,-0.38605126405136625
1103,6.471683051836061,-0.38630741175097794
1104,6.469517778637797,-0.3865589830270149
1105,6.467390984507521,-0.3868059718255522
1106,6.4653027584560885,-0.38704837220282146
1107,6.463253187978238,-0.3872861783253577
1108,6.461242359043746,-0.38751938447014084
1109,6.459270356088659,-0.387747985024736
1110,6.457337262006651,-0.3879719744874317
1111,6.455443158140556,-0.3881913474673739
1112,6.453588124273998,-0.388406098684698
1113,6.451772238623195,-0.38861622297065807
1114,6.449995577828868,-0.38882171526775383
1115,6.44825821694831,-0.3890225706298547
1116,6.446560229447629,-0.3892187842223201
1117,6.444901687194071,-0.38941035132211915
1118,6.443282660448567,-0.38959726731794514
1119,6.441703217858385,-0.38977952771032914
1120,6.440163426449941,-0.3899571281117504
1121,6.438663351621786,-0.390130064246743
1122,6.437203057137712,-0.39029833195200225
1123,6.435782605120045,-0.3904619271764855
1124,6.434402056043099,-0.3906208459815119
1125,6.433061468726787,-0.39077508454085863
1126,6.4317609003303895,-0.3909246391408549
1127,6.430500406346474,-0.3910695061804735
1128,6.429280040595014,-0.3912096821714189
1129,6.428099855217662,-0.39134516373821215
1130,6.426959900672188,-0.3914759476182745
1131,6.425860225727072,-0.39160203066200766
1132,6.424800877456313,-0.39172340983287046
1133,6.423781901234379,-0.39184008220745364
1134,6.422803340731335,-0.3919520449755517
1135,6.421865237908147,-0.3920592954402321
1136,6.420967633012196,-0.3921618310179009
1137,6.420110564572909,-0.3922596492383671
1138,6.419294069397621,-0.3923527477449029
1139,6.41851818256761,-0.39244112429430134
1140,6.417782937434281,-0.39252477675693254
1141,6.4170883656155855,-0.392603703116795
1142,6.41643449699257,-0.3926779014715659
1143,6.415821359706168,-0.39274737003264765
1144,6.415248980154127,-0.3928121071252116
1145,6.414717382988126,-0.39287211118824095
1146,6.41422659111115,-0.3929273807745666
1147,6.413776625674943,-0.3929779145509051
1148,6.4133675060777255,-0.3930237112978914
1149,6.412999249962091,-0.39306476991010775
1150,6.412671873213078,-0.39310108939611216
1151,6.41238538995643,-0.3931326688784628
1152,6.412139812557066,-0.3931595075937395
1153,6.411935151617728,-0.3931816048925629
1154,6.411771415977815,-0.3931989602396109
1155,6.411648612712423,-0.3932115732136321
1156,6.4115667471315785,-0.3932194435074562
1157,6.411525822779647,-0.3932225709280019
1158,6.411525841434954,-0.3932209553962823
1159,6.411566803109569,-0.3932145969474072
1160,6.411648706049334,-0.39320349573058205
1161,6.411771546734046,-0.3931876520091049
1162,6.411935319877806,-0.39316706616036123
1163,6.412140018429636,-0.393141738675814
1164,6.412385633574252,-0.39311167016099174
1165,6.412672154732983,-0.3930768613354755
1166,6.412999569564943,-0.39303731303288103
1167,6.413367863968406,-0.3929930262008377
1168,6.413777022082301,-0.3929440019009675
1169,6.414227026287963,-0.3928902413088579
1170,6.414717857211034,-0.3928317457140347
1171,6.415249493723581,-0.3927685165199302
1172,6.415821912946403,-0.3927005552438495
1173,6.416435090251496,-0.3926278635169335
1174,6.417088999264742,-0.3925504430841198
1175,6.41778361186877,-0.39246829580410014
1176,6.418518898206001,-0.39238142364927536
1177,6.419294826681883,-0.3922898287057077
1178,6.420111363968308,-0.39219351317307016
1179,6.420968475007222,-0.39209247936459307
1180,6.421866123014404,-0.3919867297070078
1181,6.422804269483442,-0.3918762667404883
1182,6.423782874189879,-0.3917610931185885
1183,6.424801895195544,-0.39164121160817866
1184,6.42586128885305,-0.39151662508937835
1185,6.426961009810526,-0.39138733655548413
1186,6.428101011016405,-0.3912533491129004
1187,6.429281243724527,-0.39111466598106087
1188,6.430501657499313,-0.3909712904923518
1189,6.431762200221176,-0.39082322609203013
1190,6.433062818092044,-0.39067047633814034
1191,6.434403455641123,-0.39051304490142724
1192,6.43578405573076,-0.3903509355652469
1193,6.437204559562512,-0.39018415222547476
1194,6.43866490668338,-0.3900126988904101
1195,6.4401650349921775,-0.3898365796806798
1196,6.4417048807461015,-0.38965579882913615
1197,6.443284378567428,-0.38947036068075547
1198,6.444903461450388,-0.38928026969253116
1199,6.446562060768185,-0.38908553043336563
1200,6.448260106280175,-0.38888614758395956
1201,6.449997526139214,-0.38868212593669643
1202,6.451774246899122,-0.38847347039552704
1203,6.453590193522324,-0.3882601859758498
1204,6.455445289387629,-0.3880422778043885
1205,6.4573394562981585,-0.38781975111906697
1206,6.459272614489424,-0.38759261126888167
1207,6.461244682637511,-0.387360863713772
1208,6.463255577867452,-0.3871245140244866
1209,6.4653052157617035,-0.3868835678824477
1210,6.467393510368785,-0.3866380310796125
1211,6.469520374212003,-0.38638790951833263
1212,6.471685718298359,-0.3861332092112101
1213,6.473889452127579,-0.3858739362809498
1214,6.47613148370121,-0.38561009696021203
1215,6.478411719531934,-0.38534169759145925
1216,6.480730064652931,-0.3850687446268015
1217,6.483086422627383,-0.38479124462784076
1218,6.485480695558124,-0.38450920426550866
1219,6.487912784097353,-0.3842226303199058
1220,6.490382587456513,-0.38393152968013544
1221,6.492890003416245,-0.3836359093441359
1222,6.495434928336462,-0.3833357764185101
1223,6.4980172571665324,-0.3830311381183522
1224,6.50063688345556,-0.38272200176707183
1225,6.503293699362776,-0.3824083747962157
1226,6.505987595668012,-0.3820902647452859
1227,6.508718461782299,-0.381767679261557
1228,6.511486185758516,-0.3814406260998892
1229,6.514290654302198,-0.3811091131225388
1230,6.517131752782359,-0.3807731482989674
1231,6.520009365242452,-0.3804327397056469
1232,6.522923374411375,-0.38008789552586403
1233,6.525873661714632,-0.37973862404951875
1234,6.528860107285466,-0.37938493367292403
1235,6.531882589976171,-0.3790268328986004
1236,6.534940987369416,-0.3786643303350686
1237,6.538035175789661,-0.3782974346966403
1238,6.541165030314648,-0.37792615480320524
1239,6.54433042478696,-0.3775504995800166
1240,6.5475312318256265,-0.37717047805747306
1241,6.550767322837824,-0.376786099370899
1242,6.554038568030612,-0.3763973727603217
1243,6.55734483642272,-0.37600430757024655
1244,6.560685995856432,-0.3756069132494286
1245,6.56406191300947,-0.37520519935064284
1246,6.56747245340697,-0.3747991755304515
1247,6.570917481433485,-0.37438885154896834
1248,6.574396860345038,-0.37397423726962115
1249,6.577910452281243,-0.37355534265891055
1250,6.581458118277422,-0.3731321777861683
1251,6.5850397182767875,-0.37270475282331134
1252,6.588655111142678,-0.3722730780445936
1253,6.59230415467078,-0.3718371638263567
1254,6.595986705601435,-0.37139702064677593
1255,6.599702619631952,-0.3709526590856056
1256,6.603451751428933,-0.3705040898239211
1257,6.607233954640646,-0.37005132364385906
1258,6.611049081909419,-0.3695943714283539
1259,6.614896984884045,-0.36913324416087334
1260,6.618777514232213,-0.36866795292515064
1261,6.622690519652951,-0.3681985089049144
1262,6.626635849889081,-0.36772492338361645
1263,6.630613352739702,-0.36724720774415676
1264,6.634622875072655,-0.36676537346860627
1265,6.63866426283703,-0.3662794321379271
1266,6.642737361075646,-0.36578939543169037
1267,6.646842013937557,-0.3652952751277923
1268,6.650978064690554,-0.3647970831021666
1269,6.655145355733643,-0.36429483132849594
1270,6.659343728609575,-0.36378853187791954
1271,6.663573024017298,-0.3632781969187409
1272,6.667833081824501,-0.36276383871612844
1273,6.672123741080031,-0.3622454696318198
1274,6.676444840026384,-0.3617231021238199
1275,6.6807962161121734,-0.3611967487460966
1276,6.685177706004552,-0.3606664221482763
1277,6.689589145601634,-0.360132135075336
1278,6.69403037004492,-0.3595939003672915
1279,6.698501213731677,-0.35905173095888643
1280,6.703001510327301,-0.3585056398792764
1281,6.707531092777646,-0.3579556402517128
1282,6.7120897933213675,-0.35740174529322255
1283,6.716677443502203,-0.3568439683142862
1284,6.721293874181211,-0.35628232271851557
1285,6.725938915549068,-0.3557168220023245
1286,6.7306123971381915,-0.35514747975460387
1287,6.735314147834959,-0.35457430965638864
1288,6.740043995891834,-0.35399732548052537
1289,6.7448017689394435,-0.3534165410913378
1290,6.749587293998663,-0.35283197044428843
1291,6.754400397492625,-0.35224362758563965
1292,6.759240905258695,-0.35165152665211213
1293,6.764108642560422,-0.35105568187054004
1294,6.769003434099416,-0.35045610755752615
1295,6.773925104027209,-0.34985281811909263
1296,6.77887347595706,-0.34924582805033094
1297,6.783848372975705,-0.3486351519350493
1298,6.7888496176550674,-0.3480208044454177
1299,6.793877032063909,-0.3474028003416116
1300,6.798930437779437,-0.3467811544714528
1301,6.804009655898869,-0.34615588177004764
1302,6.809114507050935,-0.34552699725942443
1303,6.814244811407283,-0.3448945160481688
1304,6.81940038869391,-0.34425845333105515
1305,6.82458105820248,-0.34361882438867825
1306,6.829786638801604,-0.34297564458708035
1307,6.83501694894804,-0.34232892937737935
1308,6.8402718066978485,-0.3416786942953923
1309,6.845551029717507,-0.34102495496125773
1310,6.850854435294925,-0.34036772707905577
1311,6.856181840350417,-0.339707026436427
1312,6.861533061447593,-0.3390428689041889
1313,6.866907914804219,-0.33837527043594956
1314,6.872306216302973,-0.3377042470677206
1315,6.877727781502175,-0.3370298149175268
1316,6.883172425646403,-0.33635199018501527
1317,6.8886399636770825,-0.335670789151061
1318,6.894130210242982,-0.3349862281773725
1319,6.89964297971065,-0.3342983237060931
1320,6.905178086174785,-0.3336070922594024
1321,6.9107353434685175,-0.33291255043911433
1322,6.91631456517363,-0.3322147149262751
1323,6.921915564630732,-0.3315136024807564
1324,6.927538154949316,-0.3308092299408494
1325,6.933182149017755,-0.33010161422285617
1326,6.938847359513266,-0.3293907723206778
1327,6.9445335989117165,-0.32867672130540354
1328,6.950240679497458,-0.3279594783248943
1329,6.95596841337301,-0.3272390606033674
1330,6.961716612468675,-0.32651548544097886
1331,6.96748508855212,-0.32578877021340297
1332,6.973273653237848,-0.32505893237141015
1333,6.979082117996586,-0.3243259894404444
1334,6.9849102941646235,-0.3235899590201973
1335,6.99075799295307,-0.3228508587841807
1336,6.996625025456998,-0.3221087064792985
1337,7.002511202664545,-0.3213635199254163
1338,7.008416335465941,-0.320615317014928
1339,7.014340234662419,-0.31986411571232276
1340,7.020282710975094,-0.31910993405374855
1341,7.026243575053724,-0.3183527901465751
1342,7.03222263748542,-0.3175927021689543
1343,7.038219708803248,-0.31682968836938014
1344,7.044234599494797,-0.3160637670662445
1345,7.050267120010592,-0.3152949566473956
1346,7.056317080772538,-0.3145232755696892
1347,7.062384292182157,-0.31374874235854316
1348,7.068468564628845,-0.31297137560748794
1349,7.074569708498002,-0.3121911939777154
1350,7.080687534179095,-0.31140821619762654
1351,7.086821852073635,-0.31062246106237806
1352,7.092972472603083,-0.3098339474334264
1353,7.099139206216681,-0.3090426942380703
1354,7.10532186339917,-0.30824872046899293
1355,7.11152025467846,-0.3074520451838014
1356,7.117734190633232,-0.30665268750456487
1357,7.123963481900403,-0.3058506666173517
1358,7.130207939182583,-0.30504600177176405
1359,7.1364673732554005,-0.30423871228047206
1360,7.1427415949747655,-0.30342881751874634
1361,7.149030415284068,-0.302616336923988
1362,7.155333645221277,-0.30180128999525807
1363,7.161651095925967,-0.3009836962928058
1364,7.167982578646267,-0.30016357543759475
1365,7.1743279047457245,-0.29934094711082815
1366,7.180686885710114,-0.2985158310534716
1367,7.18705933315413,-0.2976882470657763
1368,7.19344505882805,-0.2968582150067986
1369,7.199843874624264,-0.29602575479392035
1370,7.206255592583788,-0.2951908864023663
1371,7.212680024902633,-0.29435362986472124
1372,7.219116983938173,-0.2935140052704443
1373,7.225566282215366,-0.29267203276538417
1374,7.232027732432944,-0.29182773255129085
1375,7.238501147469507,-0.29098112488532735
1376,7.244986340389562,-0.2901322300795791
1377,7.251483124449458,-0.2892810685005634
1378,7.257991313103259,-0.2884276605687368
1379,7.2645107200085635,-0.2875720267580009
1380,7.2710411590322135,-0.2867141875952072
1381,7.2775824442559545,-0.2858541636596613
1382,7.284134389982006,-0.2849919755826258
1383,7.290696810738593,-0.2841276440468197
1384,7.297269521285366,-0.28326118978592013
1385,7.303852336618756,-0.2823926335840607
1386,7.31044507197726,-0.28152199627533
1387,7.317047542846699,-0.2806492987432661
1388,7.323659564965317,-0.27977456192035444
1389,7.330280954328898,-0.27889780678752013
1390,7.336911527195756,-0.27801905437362195
1391,7.3435511000916875,-0.27713832575494396
1392,7.350199489814812,-0.27625564205468744
1393,7.35685651344041,-0.2753710244424592
1394,7.363521988325624,-0.27448449413376164
1395,7.370195732114158,-0.27359607238947936
1396,7.37687756274085,-0.2727057805153664
1397,7.383567298436205,-0.271813639861532
1398,7.39026475773087,-0.27091967182192483
1399,7.3969697594600285,-0.27002389783381686
1400,7.403682122767734,-0.2691263393772853
1401,7.4104016671111825,-0.26822701797469517
1402,7.417128212264915,-0.26732595519017877
1403,7.423861578324964,-0.26642317262911613
1404,7.4306015857129255,-0.2655186919376135
1405,7.437348055179973,-0.2646125348019812
1406,7.444100807810802,-0.2637047229482105
1407,7.4508596650275445,-0.26279527814144943
1408,7.457624448593585,-0.2618842221854774
1409,7.464394980617317,-0.26097157692218076
1410,7.47117108355588,-0.2600573642310239
1411,7.477952580218783,-0.25914160602852376
1412,7.4847392937715,-0.2582243242677206
1413,7.491531047739002,-0.2573055409376488
1414,7.498327666009232,-0.25638527806280664
1415,7.505128972836528,-0.25546355770262547
1416,7.511934792844953,-0.2545404019509385
1417,7.518744951031633,-0.2536158329354477
1418,7.5255592727699705,-0.2526898728171911
1419,7.5323775838128455,-0.25176254379000895
1420,7.539199710295752,-0.25083386808000874
1421,7.546025478739875,-0.24990386794502975
1422,7.552854716055108,-0.2489725656741075
1423,7.559687249543045,-0.248039983586936
1424,7.566522906899888,-0.24710614403333062
1425,7.573361516219306,-0.24617106939269043
1426,7.580202905995266,-0.2452347820734587
1427,7.58704690512478,-0.24429730451258397
1428,7.593893342910615,-0.24335865917497998
1429,7.6007420490639905,-0.24241886855298367
1430,7.607592853707144,-0.2414779551658155
1431,7.614445587375917,-0.2405359415590371
1432,7.62130008102228,-0.23959285030400748
1433,7.628156166016775,-0.2386487039973418
1434,7.635013674150953,-0.23770352526036645
1435,7.641872437639715,-0.23675733673857585
1436,7.648732289123689,-0.2358101611010865
1437,7.6555930616714605,-0.2348620210400927
1438,7.662454588781825,-0.2339129392703208
1439,7.669316704385961,-0.23296293852848293
1440,7.676179242849606,-0.2320120415727296
1441,7.683042038975104,-0.231060271182104
1442,7.689904928003524,-0.2301076501559925
1443,7.696767745616603,-0.22915420131357891
1444,7.703630327938764,-0.22819994749329423
1445,7.710492511539024,-0.2272449115522686
1446,7.71735413343289,-0.22628911636578178
1447,7.7242150310841895,-0.22533258482671367
1448,7.731075042406885,-0.22437533984499433
1449,7.737934005766826,-0.22341740434705376
1450,7.744791759983493,-0.2224588012752708
1451,7.751648144331654,-0.22149955358742277
1452,7.75850299854304,-0.22053968425613338
1453,7.76535616280793,-0.2195792162683218
1454,7.772207477776728,-0.21861817262465066
1455,7.779056784561503,-0.21765657633897323
1456,7.785903924737479,-0.21669445043778154
1457,7.792748740344486,-0.21573181795965402
1458,7.799591073888408,-0.2147687019547016
1459,7.8064307683425405,-0.21380512548401548
1460,7.813267667148961,-0.21284111161911368
1461,7.82010161421986,-0.21187668344138647
1462,7.826932453938794,-0.2109118640415445
1463,7.833760031161971,-0.209946676519063
1464,7.84058419121945,-0.20898114398162876
1465,7.847404779916324,-0.2080152895445861
1466,7.854221643533885,-0.207049136330382
1467,7.861034628830735,-0.20608270746801235
1468,7.867843583043882,-0.20511602609246687
1469,7.874648353889808,-0.20414911534417446
1470,7.881448789565475,-0.20318199836844913
1471,7.888244738749345,-0.20221469831493488
1472,7.895036050602348,-0.20124723833705044
1473,7.901822574768798,-0.20027964159143602
1474,7.908604161377347,-0.19931193123739613
1475,7.915380661041824,-0.19834413043634708
1476,7.922151924862119,-0.19737626235126057
1477,7.928917804425002,-0.19640835014610944
1478,7.935678151804904,-0.19544041698531378
1479,7.9424328195647345,-0.19447248603318412
1480,7.949181660756583,-0.1935045804533687
1481,7.955924528922473,-0.19253672340829778
1482,7.962661278095031,-0.19156893805862996
1483,7.96939176279817,-0.1906012475626973
1484,7.976115838047755,-0.18963367507595044
1485,7.982833359352175,-0.18866624375040603
1486,7.98954418271299,-0.18769897673409092
1487,7.996248164625478,-0.18673189717048955
1488,8.002945162079182,-0.18576502819798985
1489,8.009635032558453,-0.18479839294932973
1490,8.016317634042943,-0.18383201455104364
1491,8.022992825008085,-0.18286591612291
1492,8.029660464425579,-0.18190012077739676
1493,8.03632041176379,-0.1809346516191109
1494,8.042972526988189,-0.17996953174424474
1495,8.049616670561758,-0.17900478424002364
1496,8.056252703445342,-0.17804043218415497
1497,8.062880487098022,-0.17707649864427563
1498,8.069499883477455,-0.17611300667740118
1499,8.076110755040178,-0.1751499793293748
1500,8.082712964741905,-0.17418743963431696
1501,8.089306376037808,-0.17322541061407473
1502,8.095890852882802,-0.17226391527767113
1503,8.10246625973174,-0.17130297662075722
1504,8.10903246153967,-0.17034261762506156
1505,8.115589323762045,-0.16938286125784144
1506,8.12213671235488,-0.168423730471335
1507,8.128674493774964,-0.16746524820221276
1508,8.135202534979989,-0.16650743737103021
1509,8.14172070342869,-0.16555032088168078
1510,8.148228867080986,-0.16459392162084888
1511,8.154726894398054,-0.16363826245746427
1512,8.161214654342471,-0.16268336624215507
1513,8.167692016378243,-0.16172925580670372
1514,8.17415885047089,-0.16077595396350178
1515,8.180615027087477,-0.15982348350500628
1516,8.187060417196681,-0.1588718672031941
1517,8.19349489226875,-0.1579211278090222
1518,8.199918324275572,-0.15697128805188176
1519,8.20633058569062,-0.1560223706390578
1520,8.21273154948896,-0.1550743982551871
1521,8.219121089147189,-0.1541273935617182
1522,8.2254990786434,-0.1531813791963705
1523,8.231865392457122,-0.15223637777259513
1524,8.238219905569236,-0.1512924118790352
1525,8.244562493461908,-0.15034950407898845
1526,8.250893032118471,-0.14940767690986909
1527,8.257211398023324,-0.14846695288267092
1528,8.26351746816183,-0.14752735448143064
1529,8.26981112002015,-0.14658890416269282
1530,8.276092231585123,-0.14565162435497495
1531,8.282360681344104,-0.14471553745823354
1532,8.288616348284823,-0.14378066584332902
1533,8.29485911189517,-0.1428470318514956
1534,8.301088852163042,-0.14191465779380774
1535,8.307305449576148,-0.14098356595064912
1536,8.313508785121789,-0.14005377857118279
1537,8.319698740286663,-0.13912531787282123
1538,8.325875197056629,-0.13819820604069788
1539,8.332038037916492,-0.1372724652271389
1540,8.33818714584975,-0.13634811755113638
1541,8.344322404338346,-0.13542518509782206
1542,8.350443697362424,-0.13450368991794157
1543,8.356550909400061,-0.1335836540273303
1544,8.362643925426978,-0.13266509940639012
1545,8.368722630916269,-0.1317480479995662
1546,8.374786911838125,-0.13083252171482504
1547,8.380836654659538,-0.1299185424231336
1548,8.386871746343983,-0.1290061319579395
1549,8.39289207435111,-0.12809531211465242
1550,8.398897526636436,-0.1271861046501257
1551,8.404887991651021,-0.12627853128213895
1552,8.410863358341137,-0.1253726136888823
1553,8.416823516147932,-0.12446837350844103
1554,8.422768355007088,-0.1235658323382818
1555,8.42869776534847,-0.12266501173473926
1556,8.434611638095761,-0.12176593321250508
1557,8.440509864666135,-0.12086861824411478
1558,8.446392336969868,-0.11997308825943906
1559,8.452258947409957,-0.11907936464517568
1560,8.458109588881772,-0.11818746874434027
1561,8.463944154772657,-0.11729742185575985
1562,8.46976253896153,-0.11640924523356855
1563,8.475564635818545,-0.11552296008670043
1564,8.481350340204626,-0.11463858757838902
1565,8.487119547471123,-0.11375614882566319
1566,8.49287215345938,-0.11287566489884635
1567,8.498608054500332,-0.11199715682105722
1568,8.504327147414088,-0.11112064556771059
1569,8.510029329509528,-0.1102461520660192
1570,8.515714498583872,-0.109373697194498
1571,8.521382552922255,-0.10850330178246909
1572,8.527033391297305,-0.10763498660956691
1573,8.5326669129687,-0.10676877240524668
1574,8.538283017682755,-0.1059046798482916
1575,8.543881605671963,-0.10504272956632324
1576,8.54946257765457,-0.10418294213531266
1577,8.555025834834103,-0.10332533807909294
1578,8.560571278898967,-0.1024699378688717
1579,8.566098812021961,-0.10161676192274674
1580,8.571608336859843,-0.10076583060522197
1581,8.577099756552865,-0.09991716422672486
1582,8.582572974724327,-0.09907078304312555
1583,8.588027895480101,-0.0982267072552568
1584,8.59346442340819,-0.0973849570084351
1585,8.598882463578253,-0.09654555239198408
1586,8.60428192154115,-0.09570851343875815
1587,8.60966270332844,-0.09487386012466946
1588,8.615024715451966,-0.09404161236821287
1589,8.620367864903349,-0.09321179002999577
1590,8.625692059153518,-0.09238441291226768
1591,8.630997206152237,-0.09155950075845183
1592,8.636283214327644,-0.09073707325267674
1593,8.641549992585762,-0.0899171500193111
1594,8.646797450310025,-0.08909975062249953
1595,8.652025497360798,-0.08828489456569921
1596,8.657234044074889,-0.08747260129121917
1597,8.662423001265077,-0.08666289017975969
1598,8.66759228021965,-0.08585578054995317
1599,8.672741792701878,-0.0850512916579089
1600,8.67787145094956,-0.08424944269675656
1601,8.682981167674544,-0.08345025279619224
1602,8.688070856062225,-0.08265374102202636
1603,8.693140429771063,-0.08185992637573333
1604,8.698189802932115,-0.08106882779400125
1605,8.703218890148518,-0.08028046414828564
1606,8.708227606495049,-0.0794948542443616
1607,8.71321586751759,-0.07871201682188114
1608,8.718183589232673,-0.07793197055392932
1609,8.723130688126986,-0.077154734046583
1610,8.728057081156878,-0.07638032583847175
1611,8.732962685747887,-0.07560876440033923
1612,8.737847419794257,-0.07484006813460688
1613,8.742711201658436,-0.07407425537493964
1614,8.747553950170587,-0.0733113443858131
1615,8.752375584628142,-0.07255135336208075
1616,8.757176024795262,-0.07179430042854641
1617,8.7619551909024,-0.07104020363953452
1618,8.766713003645785,-0.07028908097846483
1619,8.771449384186964,-0.06954095035742713
1620,8.776164254152306,-0.0687958296167588
1621,8.78085753563252,-0.06805373652462386
1622,8.785529151182175,-0.06731468877659356
1623,8.79017902381924,-0.0665787039952275
1624,8.794807077024561,-0.0658457997296604
1625,8.799413234741438,-0.06511599345518496
1626,8.803997421375099,-0.06438930257284205
1627,8.808559561792256,-0.06366574440900873
1628,8.813099581320602,-0.06294533621499056
1629,8.817617405748372,-0.062228095166613366
1630,8.822112961323837,-0.06151403836381944
1631,8.82658617475486,-0.060803182830263224
1632,8.83103697320841,-0.0600955455129105
1633,8.835465284310091,-0.05939114328163871
1634,8.839871036143677,-0.05868999292883923
1635,8.844254157250667,-0.05799211116902061
1636,8.848614576629767,-0.05729751463841693
1637,8.852952223736503,-0.056606219894592115
1638,8.857267028482674,-0.05591824341605367
1639,8.861558921235961,-0.055233601601860895
1640,8.865827832819456,-0.05455231077123949
1641,8.870073694511154,-0.05387438716319894
1642,8.874296438043567,-0.053199846936146836
1643,8.87849599560322,-0.05252870616751068
1644,8.882672299830219,-0.051860980853358184
1645,8.886825283817823,-0.05119668690801907
1646,8.890954881111945,-0.05053584016371307
1647,8.89506102571074,-0.04987845637017528
1648,8.89914365206415,-0.04922455119428583
1649,8.903202695073482,-0.04857414021969992
1650,8.907238090090932,-0.047927238946482376
1651,8.911249772919172,-0.047283862790741885
1652,8.915237679810891,-0.046644027084268805
1653,8.919201747468398,-0.04600774707417302
1654,8.923141913043148,-0.04537503792252599
1655,8.927058114135333,-0.044745914706004065
1656,8.930950288793461,-0.044120392415532436
1657,8.9348183755139,-0.04349848595593429
1658,8.93866231324049,-0.04288021014557814
1659,8.942482041364089,-0.04226557971603076
1660,8.946277499722168,-0.04165460931170991
1661,8.950048628598411,-0.04104731348953901
1662,8.953795368722266,-0.040443706718606504
1663,8.957517661268543,-0.03984380337982459
1664,8.961215447857024,-0.0392476177655905
1665,8.964888670552028,-0.038655164079451264
1666,8.968537271862024,-0.03806645643576935
1667,8.972161194739211,-0.03748150885939067
1668,8.975760382579132,-0.03690033528531518
1669,8.97933477922026,-0.0363229495583694
1670,8.98288432894362,-0.03574936543287994
1671,8.98640897647237,-0.035179596572351896
1672,8.989908666971456,-0.03461365654914526
1673,8.993383346047166,-0.03405155884415847
1674,8.99683295974677,-0.033493316846510746
1675,9.00025745455815,-0.032938943853226384
1676,9.003656777409399,-0.03238845306892386
1677,9.007030875668447,-0.031841857605504544
1678,9.010379697142687,-0.031299170481845294
1679,9.013703190078605,-0.030760404623492155
1680,9.01700130316139,-0.030225572862357653
1681,9.020273985514601,-0.029694687936417847
1682,9.023521186699773,-0.029167762489414314
1683,9.026742856716057,-0.028644809070557265
1684,9.029938945999877,-0.02812584013423002
1685,9.033109405424547,-0.027610868039697756
1686,9.036254186299944,-0.027099905050815987
1687,9.039373240372134,-0.02659296333574364
1688,9.042466519823035,-0.026090054966657037
1689,9.045533977270052,-0.025591191919466995
1690,9.048575565765777,-0.025096386073536137
1691,9.05159123879759,-0.024605649211402226
1692,9.054580950287365,-0.02411899301850046
1693,9.057544654591103,-0.023636429082889616
1694,9.06048230649863,-0.02315796889497973
1695,9.063393861233243,-0.022683623847262767
1696,9.066279274451405,-0.022213405234044723
1697,9.069138502242394,-0.02174732425118224
1698,9.071971501128012,-0.02128539199581778
1699,9.074778228062229,-0.020827619466121633
1700,9.0775586404309,-0.020374017561032343
1701,9.080312696051445,-0.019924597080001386
1702,9.08304035317252,-0.0194793687227409
1703,9.085741570473742,-0.01903834308897069
1704,9.088416307065367,-0.018601530678171458
1705,9.091064522487981,-0.018168941889338514
1706,9.093686176712218,-0.017740587020736973
1707,9.096281230138448,-0.01731647626966169
1708,9.098849643596502,-0.01689661973219686
1709,9.10139137834538,-0.016481027402979822
1710,9.103906396072947,-0.01606970917496734
1711,9.106394658895674,-0.0156626748392032
1712,9.108856129358337,-0.015259934084588813
1713,9.111290770433762,-0.014861496497655764
1714,9.113698545522514,-0.014467371562342886
1715,9.116079418452662,-0.014077568659771878
1716,9.118433353479498,-0.0136920970680285
1717,9.120760315285265,-0.013310965961945533
1718,9.123060268978897,-0.012934184412887316
1719,9.125333180095765,-0.012561761388537405
1720,9.127579014597421,-0.01219370575268856
1721,9.12979773887133,-0.01183002626503537
1722,9.131989319730643,-0.011470731580968391
1723,9.134153724413926,-0.011115830251372397
1724,9.136290920584921,-0.010765330722425923
1725,9.138400876332328,-0.010419241335402602
1726,9.140483560169528,-0.010077570326477398
1727,9.142538941034383,-0.009740325826532302
1728,9.144566988288982,-0.009407515860966805
1729,9.146567671719415,-0.009079148349510244
1730,9.14854096153555,-0.008755231106036033
1731,9.150486828370822,-0.008435771838378216
1732,9.152405243281985,-0.008120778148152522
1733,9.154296177748904,-0.007810257530577866
1734,9.156159603674379,-0.007504217374299543
1735,9.157995493383863,-0.007202664961219313
1736,9.159803819625322,-0.006905607466322005
1737,9.16158455556899,-0.006613051957509614
1738,9.163337674807183,-0.006325005395435137
1739,9.165063151354103,-0.006041474633339672
1740,9.166760959645618,-0.005762466416893379
1741,9.168431074539095,-0.005487987384036468
1742,9.170073471313222,-0.005218044064823107
1743,9.171688125667774,-0.004952642881271734
1744,9.173275013723478,-0.004691790147212092
1745,9.1748341120218,-0.0044354920681390665
1746,9.176365397524796,-0.004183754741066763
1747,9.17786884761492,-0.003936584154386235
1748,9.179344440094848,-0.0036939861877266153
1749,9.180792153187339,-0.0034559666118156715
1750,9.182211965535021,-0.003222531088347442
1751,9.183603856200298,-0.0029936851698465854
1752,9.184967804665119,-0.002769434299542651
1753,9.18630379083088,-0.0025497838112395156
1754,9.187611795018224,-0.0023347389291934785
1755,9.188891797966951,-0.002124304767988168
1756,9.190143780835815,-0.0019184863324182054
1757,9.191367725202404,-0.001717288517370621
1758,9.19256361306301,-0.0015207161077110008
1759,9.193731426832482,-0.0013287737781709488
1760,9.1948711493441,-0.001141466093240113
1761,9.19598276384942,-0.0009587975070597947
1762,9.197066254018186,-0.0007807723633174465
1763,9.198121603938159,-0.0006073948951473548
1764,9.199148798115052,-0.00043866922502964665
1765,9.200147821472367,-0.00027459936469597794
1766,9.201118659351307,-0.0001151892150345069
1767,9.202061297510634,3.9557433999496715e-05
1768,9.2029757221266,0.00018963690347368383
1769,9.203861919792809,0.0003350456255630193
1770,9.204719877520144,0.0004757801436344183
1771,9.205549582736628,0.0006118371123254387
1772,9.206351023287379,0.0007432132976244111
1773,9.207124187434472,0.0008699055769438539
1774,9.207869063856874,0.0009919109391944407
1775,9.208585641650341,0.0011092264848539155
1776,9.209273910327374,0.0012218494260370462
1777,9.209933859817077,0.0013297770865573057
1778,9.210565480465124,0.0014330069019910286
1779,9.211168763033678,0.0015315364197370188
1780,9.211743698701323,0.0016253632990739977
1781,9.212290279062973,0.0017144853112130462
1782,9.212808496129833,0.001798900339351637
1783,9.213298342329331,0.0018786063787216661
1784,9.213759810505042,0.001953601536635394
1785,9.214192893916664,0.0020238840325312564
1786,9.214597586239957,0.0020894521980143665
1787,9.214973881566669,0.002150304476893813
1788,9.21532177440451,0.002206439425219991
1789,9.215641259677122,0.0022578557113183593
1790,9.215932332724012,0.0023045521158193403
1791,9.216194989300543,0.002346527531687094
1792,9.216429225577874,0.002383780964244322
1793,9.216635038142954,0.002416311531195959
1794,9.216812423998482,0.0024441184626491654
1795,9.21696138056289,0.002467201101130804
1796,9.217081905670293,0.0024855589016015748
1797,9.217173997570537,0.0024991914314708807
1798,9.217237654929106,0.0025080983706032675
1799,9.217272876827185,0.00251227951132914
1800,9.217279662761586,0.0025117347584452943
1801,9.21725801264479,0.002506464129220215
1802,9.217207926804925,0.002496467753391017
1803,9.217129405985773,0.002481745873161493
1804,9.217022451346779,0.0024622988431950185
1805,9.216887064463037,0.0024381271306059254
1806,9.216723247325335,0.0024092313149491297
1807,9.216531002340133,0.002375612088204519
1808,9.216310332329614,0.0023372702547623347
1809,9.21606124053167,0.002294206731401929
1810,9.215783730599963,0.002246422547271653
1811,9.21547780660391,0.0021939188438628732
1812,9.215143473028755,0.0021366968749842396
1813,9.21478073477557,0.0020747580067309265
1814,9.214389597161302,0.0020081037174524076
1815,9.213970065918824,0.0019367355977181237
1816,9.213522147196954,0.0018606553502791279
1817,9.213045847560515,0.001779864790027674
1818,9.212541173990376,0.0016943658439548318
1819,9.212008133883526,0.0016041605511054901
1820,9.211446735053087,0.0015092510625284929
1821,9.210856985728416,0.0014096396412277205
1822,9.210238894555133,0.0013053286621074862
1823,9.209592470595208,0.0011963206119175646
1824,9.208917723327023,0.0010826180891938782
1825,9.208214662645416,0.00096422380419624
1826,9.207483298861801,0.0008411405788471097
1827,9.20672364270421,0.0007133713466630393
1828,9.205935705317389,0.0005809191526861859
1829,9.205119498262869,0.00044378715341266854
1830,9.204275033519055,0.00030197861671777527
1831,9.203402323481335,0.0001554969217803233
1832,9.202501380962149,4.345559002092969e-06
1833,9.201572219191092,-0.0001514718700742794
1834,9.200614851815006,-0.0003119516528501393
1835,9.199629292898106,-0.0004770899657569341
1836,9.198615556922062,-0.000646882874347176
1837,9.197573658786098,-0.000821326333387848
1838,9.196503613807133,-0.0010004161869535525
1839,9.195405437719888,-0.0011841481685249814
1840,9.19427914667698,-0.0013725179010898416
1841,9.19312475724907,-0.0015655208972452552
1842,9.191942286424972,-0.0017631525593029345
1843,9.19073175161178,-0.0019654081793982156
1844,9.189493170635018,-0.0021722829395990602
1845,9.188226561738736,-0.0023837719120212418
1846,9.186931943585678,-0.0025998700589428825
1847,9.185609335257409,-0.0028205722329231607
1848,9.18425875625446,-0.0030458731769230168
1849,9.182880226496476,-0.0032757675244287853
1850,9.18147376632236,-0.003510249799578547
1851,9.180039396490429,-0.0037493144172904905
1852,9.178577138178555,-0.003992955683394427
1853,9.177087012984355,-0.004241167794764854
1854,9.175569042925307,-0.004493944839458534
1855,9.174023250438962,-0.004751280796851917
1856,9.172449658383089,-0.005013169537782598
1857,9.170848290035822,-0.005279604824695412
1858,9.169219169095875,-0.005550580311786654
1859,9.167562319682705,-0.0058260895451533404
1860,9.16587776633668,-0.0061061259629459335
1861,9.164165534019274,-0.0063906828955214426
1862,9.162425648113246,-0.0066797535656007824
1863,9.160658134422828,-0.006973331088427651
1864,9.158863019173936,-0.0072714084719295
1865,9.157040329014329,-0.007573978616883319
1866,9.15519009101385,-0.007881034317080858
1867,9.153312332664592,-0.008192568259498628
1868,9.151407081881135,-0.008508573024468785
1869,9.149474367000721,-0.008829041085854923
1870,9.147514216783483,-0.009153964811227263
1871,9.14552666041267,-0.009483336462042434
1872,9.143511727494822,-0.00981714819382623
1873,9.141469448060045,-0.010155392056355678
1874,9.1393998525622,-0.010498059993847309
1875,9.13730297187913,-0.010845143845146104
1876,9.1351788373129,-0.01119663534391688
1877,9.133027480590018,-0.011552526118838904
1878,9.130848933861683,-0.011912807693801496
1879,9.12864322970402,-0.012277471488104002
1880,9.12641040111832,-0.012646508816656337
1881,9.124150481531279,-0.013019910890184411
1882,9.121863504795241,-0.013397668815435552
1883,9.119549505188475,-0.013779773595387082
1884,9.117208517415396,-0.01416621612945843
1885,9.114840576606845,-0.014556987213724051
1886,9.112445718320336,-0.014952077541130536
1887,9.110023978540333,-0.015351477701713754
1888,9.107575393678493,-0.015755178182821534
1889,9.105100000573952,-0.016163169369336018
1890,9.102597836493581,-0.01657544154390026
1891,9.10006893913229,-0.016991984887145116
1892,9.097513346613267,-0.017412789477921513
1893,9.094931097488294,-0.017837845293532082
1894,9.092322230738006,-0.018267142209967516
1895,9.08968678577219,-0.01870067000214395
1896,9.08702480243006,-0.019138418344143864
1897,9.084336320980567,-0.019580376809457494
1898,9.081621382122698,-0.02002653487122789
1899,9.078880026985747,-0.02047688190249941
1900,9.076112297129635,-0.02093140717646647
1901,9.07331823454521,-0.021390099866725736
1902,9.070497881654573,-0.021852949047529695
1903,9.067651281311345,-0.022319943694045156
1904,9.064778476801024,-0.022791072682610405
1905,9.06187951184127,-0.023266324790997855
1906,9.058954430582242,-0.02374568869867695
1907,9.056003277606907,-0.024229152987080792
1908,9.05302609793138,-0.024716706139873524
1909,9.050022937005226,-0.02520833654322247
1910,9.046993840711814,-0.025704032486069645
1911,9.043938855368644,-0.026203782160407182
1912,9.040858027727667,-0.026707573661555937
1913,9.037751404975639,-0.02721539498844426
1914,9.034619034734472,-0.02772723404388955
1915,9.031460965061557,-0.02824307863488378
1916,9.028277244450107,-0.028762916472880026
1917,9.025067921829526,-0.029286735174080952
1918,9.02183304656576,-0.029814522259729147
1919,9.018572668461632,-0.03034626515640199
1920,9.015286837757225,-0.030881951196305907
1921,9.01197560513022,-0.031421567617575204
1922,9.008639021696267,-0.03196510156457188
1923,9.005277139009358,-0.03251254008818723
1924,9.001890009062185,-0.0330638701461472
1925,8.998477684286517,-0.033619078603318545
1926,8.995040217553584,-0.03417815223201711
1927,8.991577662174421,-0.034741077712320594
1928,8.988090071900286,-0.03530784163238017
1929,8.984577500923004,-0.03587843048873714
1930,8.98104000387539,-0.036452830686639
1931,8.977477635831596,-0.03703102854036119
1932,8.973890452307533,-0.03761301027352725
1933,8.970278509261231,-0.03819876201943443
1934,8.966641863093265,-0.038788269821378236
1935,8.96298057064713,-0.03938151963298207
1936,8.95929468920966,-0.0399784973185264
1937,8.955584276511393,-0.04057918865328359
1938,8.951849390727023,-0.04118357932384962
1939,8.948090090475764,-0.0417916549284835
1940,8.944306434821774,-0.04240340097744506
1941,8.940498483274572,-0.0430188028933357
1942,8.936666295789454,-0.04363784601144154
1943,8.932809932767888,-0.044260515580079075
1944,8.92892945505795,-0.04488679676094221
1945,8.925024923954735,-0.04551667462945115
1946,8.92109640120079,-0.04615013417510385
1947,8.917143948986528,-0.046787160301829445
1948,8.913167629950639,-0.047427737828344724
1949,8.909167507180562,-0.04807185148850908
1950,8.905143644212881,-0.04871948593168637
1951,8.901096105033767,-0.0493706257231046
1952,8.89702495407941,-0.05002525534422091
1953,8.892930256236472,-0.050683359193085545
1954,8.888812076842493,-0.051344921584710844
1955,8.88467048168637,-0.05200992675143908
1956,8.880505537008764,-0.052678358843315565
1957,8.876317309502584,-0.05335020192845979
1958,8.872105866313392,-0.054025439993442864
1959,8.86787127503989,-0.054704056943663384
1960,8.863613603734342,-0.055386036603727214
1961,8.859332920903023,-0.056071362717829115
1962,8.855029295506716,-0.05676001895013383
1963,8.850702796961107,-0.05745198888516376
1964,8.846353495137286,-0.058147256028183256
1965,8.841981460362195,-0.05884580380558905
1966,8.837586763419086,-0.059547615565299694
1967,8.833169475547962,-0.060252674577149674
1968,8.828729668446098,-0.060960964033281266
1969,8.824267414268427,-0.061672467048543775
1970,8.819782785628076,-0.062387166660888956
1971,8.815275855596798,-0.0631050458317724
1972,8.81074669770544,-0.06382608744655525
1973,8.806195385944422,-0.06455027431490734
1974,8.801621994764227,-0.06527758917121167
1975,8.797026599075833,-0.06600801467497393
1976,8.792409274251225,-0.06674153341122888
1977,8.78777009612385,-0.06747812789095294
1978,8.783109140989085,-0.06821778055147638
1979,8.778426485604736,-0.06896047375689697
1980,8.773722207191508,-0.0697061897984965
1981,8.768996383433468,-0.07045491089515918
1982,8.76424909247856,-0.0712066191937892
1983,8.759480412939054,-0.07196129676973413
1984,8.754690423892033,-0.07271892562720736
1985,8.749879204879887,-0.07347948769971228
1986,8.745046835910786,-0.07424296485046894
1987,8.740193397459178,-0.07500933887284188
1988,8.735318970466231,-0.07577859149077128
1989,8.730423636340385,-0.076550704359202
1990,8.725507476957771,-0.07732565906451903
1991,8.720570574662734,-0.07810343712498122
1992,8.715613012268308,-0.07888401999115724
1993,8.710634873056705,-0.0796673890463645
1994,8.705636240779794,-0.08045352560710825
1995,8.700617199659588,-0.08124241092352336
1996,8.695577834388741,-0.08203402617981649
1997,8.690518230131017,-0.08282835249471118
1998,8.685438472521785,-0.08362537092189386
1999,8.68033864766851,-0.08442506245046087
2000,8.675218842151217,-0.0852274080053686
2001,8.670079143023012,-0.086032388447883
2002,8.664919637810529,-0.08683998457603305
2003,8.659740414514419,-0.08765017712506468
2004,8.654541561609872,-0.08846294676789425
2005,8.649323168047047,-0.08927827411556766
2006,8.644085323251595,-0.09009613971771718
2007,8.638828117125112,-0.09091652406302218
2008,8.633551640045635,-0.09173940757966978
2009,8.62825598286813,-0.09256477063581747
2010,8.622941236924936,-0.09339259354005879
2011,8.617607494026283,-0.09422285654188713
2012,8.61225484646073,-0.09505553983216458
2013,8.606883386995676,-0.09589062354358886
2014,8.601493208877809,-0.09672808775116432
2015,8.596084405833562,-0.09756791247267403
2016,8.590657072069643,-0.09841007766914996
2017,8.585211302273446,-0.09925456324534936
2018,8.579747191613533,-0.10010134905023023
2019,8.574264835740102,-0.10095041487742708
2020,8.568764330785456,-0.10180174046573014
2021,8.563245773364446,-0.10265530549956438
2022,8.557709260574962,-0.10351108960946999
2023,8.552154889998343,-0.10436907237258597
2024,8.546582759699868,-0.10522923331313241
2025,8.540992968229192,-0.10609155190289564
2026,8.53538561462077,-0.10695600756171592
2027,8.529760798394369,-0.1078225796579713
2028,8.52411861955545,-0.10869124750906906
2029,8.518459178595617,-0.10956199038193558
2030,8.512782576493084,-0.11043478749350567
2031,8.507088914713059,-0.11130961801121739
2032,8.50137829520823,-0.11218646105350308
2033,8.495650820419158,-0.11306529569028546
2034,8.489906593274691,-0.11394610094347415
2035,8.484145717192407,-0.11482885578746195
2036,8.478368296079022,-0.11571353914962283
2037,8.4725744343308,-0.11660012991081248
2038,8.466764236833944,-0.11748860690586885
2039,8.46093780896503,-0.1183789489241125
2040,8.455095256591372,-0.11927113470985182
2041,8.449236686071444,-0.12016514296288504
2042,8.443362204255251,-0.12106095233900618
2043,8.437471918484711,-0.1219585414505118
2044,8.431565936594072,-0.12285788886670605
2045,8.425644366910213,-0.12375897311441304
2046,8.419707318253081,-0.12466177267848229
2047,8.41375489993603,-0.12556626600230097
2048,8.407787221766165,-0.12647243148830556
2049,8.401804394044715,-0.12738024749849386
2050,8.395806527567366,-0.12828969235493864
2051,8.389793733624606,-0.12920074434030213
2052,8.383766124002051,-0.13011338169835185
2053,8.37772381098078,-0.13102758263447686
2054,8.371666907337653,-0.13194332531620515
2055,8.365595526345636,-0.1328605878737212
2056,8.359509781774083,-0.13377934840038724
2057,8.353409787889055,-0.13469958495326176
2058,8.347295659453605,-0.1356212755536214
2059,8.341167511728068,-0.13654439818748296
2060,8.335025460470327,-0.1374689308061265
2061,8.328869621936096,-0.13839485132661858
2062,8.32270011287917,-0.13932213763233767
2063,8.316517050551681,-0.1402507675734995
2064,8.310320552704365,-0.14118071896768206
2065,8.304110737586747,-0.14211196960035574
2066,8.297887723947415,-0.1430444972254086
2067,8.291651631034227,-0.14397827956567621
2068,8.285402578594505,-0.14491329431347166
2069,8.279140686875238,-0.14584951913111555
2070,8.272866076623291,-0.14678693165146678
2071,8.266578869085548,-0.14772550947845597
2072,8.260279186009132,-0.1486652301876155
2073,8.253967149641518,-0.14960607132661538
2074,8.247642882730709,-0.15054801041579588
2075,8.241306508525359,-0.15149102494870328
2076,8.234958150774906,-0.15243509239262457
2077,8.228597933729699,-0.15338019018912374
2078,8.22222598214108,-0.1543262957545791
2079,8.215842421261478,-0.15527338648072112
2080,8.209447376844524,-0.15622143973516855
2081,8.203040975145075,-0.1571704328619697
2082,8.196623342919297,-0.15812034318214024
2083,8.190194607424706,-0.1590711479942031
2084,8.18375489642018,-0.16002282457473077
2085,8.17730433816599,-0.16097535017888437
2086,8.170843061423808,-0.16192870204095675
2087,8.1643711954567,-0.16288285737491315
2088,8.157888870029085,-0.1638377933749359
2089,8.1513962154067,-0.16479348721596704
2090,8.144893362356555,-0.165749916054252
2091,8.138380442146872,-0.16670705702788313
2092,8.13185758654698,-0.16766488725734652
2093,8.125324927827242,-0.16862338384606537
2094,8.118782598758914,-0.16958252388094702
2095,8.112230732614043,-0.17054228443292863
2096,8.105669463165304,-0.17150264255752373
2097,8.099098924685846,-0.1724635752953696
2098,8.0925192519491,-0.17342505967277452
2099,8.085930580228597,-0.17438707270226608
2100,8.079333045297751,-0.17534959138313896
2101,8.072726783429612,-0.17631259270200422
2102,8.066111931396645,-0.177276053633337
2103,8.059488626470435,-0.1782399511400276
2104,8.052857006421425,-0.1792042621739296
2105,8.046217209518582,-0.1801689636764111
2106,8.0395693745291,-0.18113403257890437
2107,8.032913640718036,-0.18209944580345624
2108,8.026250147847946,-0.18306518026328011
2109,8.01957903617852,-0.18403121286330573
2110,8.012900446466144,-0.18499752050073184
2111,8.006214519963512,-0.1859640800655764
2112,7.999521398419145,-0.18693086844122986
2113,7.992821224076937,-0.18789786250500673
2114,7.986114139675667,-0.1888650391286973
2115,7.979400288448465,-0.18983237517912166
2116,7.972679814122306,-0.1907998475186803
2117,7.965952860917418,-0.1917674330059088
2118,7.959219573546727,-0.19273510849602957
2119,7.952480097215218,-0.1937028508415061
2120,7.945734577619335,-0.1946706368925951
2121,7.938983160946307,-0.19563844349790036
2122,7.932225993873477,-0.19660624750492608
2123,7.925463223567585,-0.19757402576063057
2124,7.91869499768404,-0.19854175511197983
2125,7.911921464366153,-0.19950941240650152
2126,7.905142772244378,-0.20047697449283775
2127,7.898359070435481,-0.20144441822129922
2128,7.891570508541685,-0.20241172044442
2129,7.884777236649845,-0.2033788580175095
2130,7.877979405330507,-0.2043458077992081
2131,7.871177165637015,-0.2053125466520394
2132,7.864370669104551,-0.2062790514429646
2133,7.857560067749152,-0.2072452990439358
2134,7.850745514066687,-0.2082112663324504
2135,7.843927161031824,-0.209176930192104
2136,7.837105162096972,-0.21014226751314335
2137,7.830279671191157,-0.21110725519302032
2138,7.823450842718883,-0.21207187013694548
2139,7.816618831558982,-0.21303608925844034
2140,7.8097837930634,-0.213999889479891
2141,7.802945883055978,-0.21496324773310008
2142,7.796105257831158,-0.21592614095984092
2143,7.789262074152726,-0.21688854611240785
2144,7.782416489252445,-0.21785044015417016
2145,7.775568660828696,-0.21881180006012327
2146,7.768718747045067,-0.21977260281744135
2147,7.761866906528935,-0.22073282542602773
2148,7.755013298369956,-0.22169244489906778
2149,7.748158082118578,-0.22265143826357903
2150,7.741301417784497,-0.2236097825609613
2151,7.73444346583505,-0.2245674548475487
2152,7.727584387193594,-0.22552443219515936
2153,7.720724343237865,-0.22648069169164436
2154,7.713863495798252,-0.22743621044143855
2155,7.707002007156055,-0.2283909655661098
2156,7.700140040041724,-0.2293449342049067
2157,7.693277757633022,-0.23029809351530822
2158,7.686415323553151,-0.23125042067357193
2159,7.679552901868898,-0.23220189287527981
2160,7.672690657088618,-0.23315248733588884
2161,7.665828754160301,-0.23410218129127505
2162,7.658967358469525,-0.23505095199828116
2163,7.652106635837363,-0.23599877673526326
2164,7.645246752518299,-0.23694563280263498
2165,7.638387875198046,-0.23789149752341338
2166,7.631530170991332,-0.23883634824376376
2167,7.62467380743965,-0.23978016233354393
2168,7.617818952508969,-0.24072291718684719
2169,7.610965774587395,-0.2416645902225453
2170,7.604114442482763,-0.2426051588848316
2171,7.5972651254201935,-0.24354460064376313
2172,7.590417993039621,-0.24448289299580156
2173,7.583573215393251,-0.2454200134643542
2174,7.5767309629429755,-0.24635593960031438
2175,7.569891406557735,-0.24729064898260109
2176,7.563054717510839,-0.24822411921869783
2177,7.556221067477223,-0.2491563279451916
2178,7.54939062853067,-0.2500872528283098
2179,7.542563573140974,-0.25101687156445784
2180,7.535740074171046,-0.2519451618807556
2181,7.528920304873967,-0.2528721015355729
2182,7.522104438889991,-0.25379766831906525
2183,7.515292650243506,-0.25472184005370757
2184,7.508485113339919,-0.25564459459482797
2185,7.501682002962502,-0.25656590983114047
2186,7.494883494269182,-0.25748576368527754
2187,7.488089762789268,-0.2584041341143209
2188,7.481300984420115,-0.2593209991103329
2189,7.474517335423761,-0.2602363367008855
2190,7.467738992423457,-0.26115012494959045
2191,7.460966132400191,-0.2620623419566262
2192,7.454198932689131,-0.262972965859266
2193,7.447437570975988,-0.26388197483240483
2194,7.440682225293377,-0.2647893470890834
2195,7.43393307401704,-0.2656950608810152
2196,7.427190295862078,-0.2665990944991087
2197,7.420454069879074,-0.267501426273992
2198,7.413724575450202,-0.2684020345765328
2199,7.407001992285225,-0.2693008978183615
2200,7.400286500417435,-0.2701979944523914
2201,7.393578280199587,-0.2710933029733371
2202,7.386877512299705,-0.27198680191823316
2203,7.380184377696856,-0.2728784698669517
2204,7.373499057676824,-0.27376828544271986
2205,7.36682173382779,-0.2746562273126334
2206,7.360152588035882,-0.27554227418817206
2207,7.353491802480667,-0.2764264048257137
2208,7.346839559630613,-0.277308598027045
2209,7.3401960422384365,-0.27818883263987476
2210,7.3335614333364285,-0.27906708755834286
2211,7.326935916231663,-0.27994334172353025
2212,7.320319674501197,-0.28081757412396635
2213,7.3137128919871515,-0.2816897637961366
2214,7.307115752791727,-0.2825598898249889
2215,7.300528441272193,-0.2834279313444374
2216,7.293951142035764,-0.2842938675378663
2217,7.287384039934405,-0.28515767763863376
2218,7.280827320059589,-0.28601934093057196
2219,7.274281167736993,-0.28687883674848724
2220,7.267745768521069,-0.2877361444786602
2221,7.261221308189593,-0.28859124355934285
2222,7.254707972738125,-0.2894441134812553
2223,7.248205948374393,-0.2902947337880815
2224,7.241715421512615,-0.2911430840769626
2225,7.235236578767711,-0.2919891439989914
2226,7.228769606949503,-0.29283289325970235
2227,7.2223146930567745,-0.29367431161956364
2228,7.215872024271317,-0.2945133788944646
2229,7.2094417879518415,-0.295350074956205
2230,7.203024171627863,-0.2961843797329811
2231,7.196619362993472,-0.2970162732098707
2232,7.1902275499010795,-0.2978457354293167
2233,7.183848920355005,-0.2986727464916112
2234,7.177483662505071,-0.29949728655537505
2235,7.171131964640086,-0.3003193358380384
2236,7.164794015181222,-0.3011388746163195
2237,7.158470002675385,-0.3019558832267004
2238,7.152160115788415,-0.30277034206590486
2239,7.1458645432983,-0.3035822315913705
2240,7.139583474088247,-0.3043915323217228
2241,7.133317097139698,-0.3051982248372463
2242,7.127065601525278,-0.30600228978035443
2243,7.120829176401635,-0.30680370785605826
2244,7.114608011002244,-0.3076024598324328
2245,7.108402294630073,-0.3083985265410838
2246,7.102212216650228,-0.30919188887761084
2247,7.096037966482492,-0.3099825278020699
2248,7.08987973359377,-0.31077042433943486
2249,7.083737707490484,-0.31155555958005693
2250,7.0776120777108655,-0.3123379146801223
2251,7.071503033817196,-0.3131174708621084
2252,7.065410765387921,-0.31389420941523943
2253,7.05933546200973,-0.3146681116959394
2254,7.053277313269541,-0.31543915912828296
2255,7.0472365087463915,-0.3162073332044468
2256,7.041213238003271,-0.3169726154851571
2257,7.035207690578856,-0.3177349876001368
2258,7.029220055979172,-0.31849443124855115
2259,7.023250523669188,-0.3192509281994505
2260,7.017299283064304,-0.320004460292213
2261,7.011366523521788,-0.32075500943698426
2262,7.005452434332118,-0.32150255761511637
2263,6.999557204710244,-0.32224708687960435
2264,6.993681023786772,-0.3229885793555219
2265,6.987824080599079,-0.3237270172404544
2266,6.981986564082335,-0.324462382804931
2267,6.9761686630604665,-0.32519465839285416
2268,6.970370566237019,-0.32592382642192824
2269,6.964592462185934,-0.32664986938408686
2270,6.958834539342303,-0.32737276984591596
2271,6.953096985992969,-0.3280925104490786
2272,6.947379990267121,-0.3288090739107349
2273,6.94168374012677,-0.3295224430239613
2274,6.936008423357129,-0.33023260065817006
2275,6.930354227557003,-0.3309395297595227
2276,6.924721340128994,-0.3316432133513456
2277,6.9191099482697265,-0.33234363453454097
2278,6.913520238959931,-0.3330407764879979
2279,6.907952398954473,-0.3337346224690011
2280,6.902406614772344,-0.3344251558136363
2281,6.896883072686528,-0.33511235993719585
2282,6.8913819587138265,-0.33579621833458106
2283,6.885903458604586,-0.33647671458070383
2284,6.880447757832403,-0.3371538323308843
2285,6.875015041583702,-0.33782755532124914
2286,6.869605494747271,-0.3384978673691263
2287,6.864219301903754,-0.3391647523734371
2288,6.858856647315001,-0.33982819431508954
2289,6.853517714913421,-0.3404881772573665
2290,6.848202688291266,-0.341144685346312
2291,6.842911750689776,-0.3417977028111185
2292,6.837645084988357,-0.3424472139645086
2293,6.832402873693587,-0.3430932032031184
2294,6.8271852989283115,-0.3437356550078738
2295,6.821992542420495,-0.34437455394437044
2296,6.816824785492133,-0.3450098846632482
2297,6.811682209048087,-0.34564163190056363
2298,6.806564993564816,-0.34626978047816204
2299,6.801473319079075,-0.3468943153040469
2300,6.796407365176593,-0.3475152213727454
2301,6.791367310980597,-0.3481324837656759
2302,6.78635333514041,-0.348746087651508
2303,6.781365615819872,-0.3493560182865255
2304,6.776404330685798,-0.34996226101498407
2305,6.7714696568963175,-0.35056480126946865
2306,6.766561771089235,-0.35116362457124645
2307,6.761680849370259,-0.3517587165306213
2308,6.756827067301241,-0.3523500628472823
2309,6.7520005998883565,-0.3529376493106528
2310,6.747201621570233,-0.35352146180023536
2311,6.7424303062060265,-0.35410148628595667
2312,6.737686827063477,-0.3546777088285078
2313,6.732971356806893,-0.3552501155796849
2314,6.728284067485132,-0.3558186927827253
2315,6.723625130519506,-0.35638342677264345
2316,6.718994716691673,-0.35694430397656285
2317,6.714392996131504,-0.35750131091404663
2318,6.709820138304869,-0.35805443419742694
2319,6.705276312001443,-0.35860366053212983
2320,6.7007616853224565,-0.35914897671699963
2321,6.696276425668408,-0.3596903696446206
2322,6.691820699726779,-0.3602278263016357
2323,6.6873946734596865,-0.36076133376906483
2324,6.68299851209154,-0.3612908792226185
2325,6.678632380096662,-0.361816449933011
2326,6.674296441186901,-0.36233803326627
2327,6.669990858299212,-0.3628556166840449
2328,6.665715793583213,-0.3633691877439125
2329,6.661471408388747,-0.3638787340996806
2330,6.65725786325344,-0.36438424350168735
2331,6.653075317890188,-0.36488570379710245
2332,6.648923931174713,-0.3653831029302213
2333,6.644803861133063,-0.36587642894275996
2334,6.640715264929122,-0.36636566997414594
2335,6.636658298852091,-0.36685081426180893
2336,6.6326331183040255,-0.3673318501414658
2337,6.6286398777872995,-0.3678087660474068
2338,6.6246787308921355,-0.36828155051277633
2339,6.620749830284109,-0.36875019216985333
2340,6.616853327691645,-0.36921467975032873
2341,6.612989373893569,-0.36967500208557974
2342,6.609158118706628,-0.3701311481069424
2343,6.605359710973026,-0.3705831068459829
2344,6.601594298548014,-0.3710308674347635
2345,6.597862028287451,-0.3714744191061088
2346,6.594163046035406,-0.3719137511938682
2347,6.590497496611801,-0.3723488531331759
2348,6.5868655238000295,-0.3727797144607094
2349,6.583267270334636,-0.3732063248149449
2350,6.57970287788903,-0.3736286739364094
2351,6.576172487063214,-0.3740467516679318
2352,6.572676237371525,-0.3744605479548915
2353,6.569214267230464,-0.374870052845463
2354,6.565786713946542,-0.3752752564908582
2355,6.562393713704133,-0.37567614914556857
2356,6.559035401553405,-0.3760727211676022
2357,6.555711911398277,-0.37646496301872
2358,6.552423375984458,-0.3768528652646676
2359,6.549169926887486,-0.3772364185754066
2360,6.54595169450085,-0.37761561372534236
2361,6.542768808024175,-0.3779904415935489
2362,6.539621395451415,-0.3783608931639929
2363,6.536509583559189,-0.378726959525752
2364,6.533433497895077,-0.37908863187323466
2365,6.530393262766055,-0.3794459015063945
2366,6.527389001226976,-0.37979875983094236
2367,6.524420835069107,-0.3801471983585574
2368,6.521488884808778,-0.38049120870709296
2369,6.518593269676023,-0.38083078260078335
2370,6.515734107603381,-0.3811659118704453
2371,6.512911515214733,-0.3814965884536775
2372,6.510125607814237,-0.381822804395058
2373,6.507376499375349,-0.38214455184633805
2374,6.504664302529878,-0.38246182306663556
2375,6.50198912855722,-0.3827746104226227
2376,6.499351087373607,-0.3830829063887135
2377,6.496750287521498,-0.3833867035472473
2378,6.4941868361590105,-0.3836859945886709
2379,6.491660839049508,-0.38398077231171746
2380,6.489172400551255,-0.38427102962358156
2381,6.486721623607179,-0.38455675954009405
2382,6.484308609734767,-0.38483795518589126
2383,6.481933459016003,-0.38511460979458495
2384,6.479596270087468,-0.38538671670892743
2385,6.477297140130556,-0.38565426938097397
2386,6.475036164861777,-0.385917261372243
2387,6.472813438523181,-0.38617568635387445
2388,6.470629053872917,-0.3864295381067837
2389,6.468483102175885,-0.38667881052181535
2390,6.466375673194557,-0.38692349759989064
2391,6.4643068551798715,-0.38716359345215623
2392,6.462276734862278,-0.3873990923001278
2393,6.460285397442937,-0.3876299884758309
2394,6.458332926585015,-0.3878562764219402
2395,6.456419404405119,-0.3880779506919162
2396,6.454544911464865,-0.3882950059501382
2397,6.452709526762638,-0.38850743697203427
2398,6.450913327725407,-0.3887152386442104
2399,6.449156390200725,-0.3889184059645757
2400,6.447438788448907,-0.3891169340424639
2401,6.445760595135279,-0.3893108180987545
2402,6.444121881322658,-0.3895000534659885
2403,6.442522716463896,-0.38968463558848454
2404,6.440963168394658,-0.38986456002244896
2405,6.439443303326276,-0.39003982243608637
2406,6.4379631858388455,-0.390210418609704
2407,6.436522878874387,-0.39037634443581726
2408,6.435122443730253,-0.3905375959192485
2409,6.433761940052637,-0.390694169177226
2410,6.432441425830238,-0.39084606043948006
2411,6.431160957388158,-0.39099326604833384
2412,6.429920589381907,-0.3911357824587938
2413,6.428720374791562,-0.3912736062386379
2414,6.427560364916171,-0.3914067340684976
2415,6.426440609368231,-0.3915351627419415
2416,6.42536115606842,-0.3916588891655527
2417,6.424322051240453,-0.3917779103590056
2418,6.423323339406124,-0.391892223455139
2419,6.422365063380547,-0.3920018257000257
2420,6.421447264267527,-0.39210671445304135
2421,6.420569981455145,-0.3922068871869294
2422,6.419733252611514,-0.3923023414878627
2423,6.418937113680733,-0.3923930750555023
2424,6.418181598878972,-0.3924790857030559
2425,6.417466740690805,-0.3925603713573298
2426,6.416792569865676,-0.39263693005878075
2427,6.416159115414558,-0.3927087599615649
2428,6.4155664046068175,-0.3927758593335828
2429,6.4150144629672665,-0.39283822655652145
2430,6.414503314273367,-0.3928958601258955
2431,6.414032980552666,-0.3929487586510834
2432,6.413603482080368,-0.39299692085536325
2433,6.413214837377176,-0.39304034557594203
2434,6.412867063207238,-0.39307903176398656
2435,6.412560174576325,-0.3931129784846487
2436,6.4122941847301895,-0.3931421849170892
2437,6.412069105153135,-0.39316665035449716
2438,6.41188494556676,-0.3931863742041086
2439,6.4117417139288735,-0.39320135598722117
2440,6.411639416432662,-0.3932115953392059
2441,6.411578057505985,-0.3932170920095168
2442,6.411557639810889,-0.3932178458616978
2443,6.411578164243342,-0.3932138568733855
2444,6.411639629933098,-0.3932051251363115
2445,6.411742034243814,-0.3931916508562996
2446,6.411885372773341,-0.3931734343532609
2447,6.41206963935419,-0.3931504760611877
2448,6.412294826054204,-0.393122776528142
2449,6.412560923177427,-0.39309033641624347
2450,6.412867919265172,-0.3930531565016529
2451,6.413215801097242,-0.39301123767455454
2452,6.413604553693394,-0.39296458093913406
2453,6.4140341603149755,-0.3929131874135542
2454,6.414504602466707,-0.3928570583299292
2455,6.415015859898745,-0.3927961950342934
2456,6.41556791060885,-0.3927305989865702
2457,6.4161607308448,-0.3926602717605355
2458,6.416794295106951,-0.3925852150437808
2459,6.417468576151013,-0.3925054306376719
2460,6.418183544991005,-0.39242092045730537
2461,6.418939170902404,-0.3923316865314616
2462,6.419735421425462,-0.3922377310025565
2463,6.420572262368717,-0.392139056126589
2464,6.421449657812685,-0.39203566427308695
2465,6.42236757011375,-0.39192755792504874
2466,6.4233259599082135,-0.39181473967888375
2467,6.424324786116538,-0.3916972122443487
2468,6.425364005947761,-0.3915749784444825
2469,6.426443574904101,-0.3914480412155372
2470,6.427563446785719,-0.39131640360690706
2471,6.4287235736956845,-0.3911800687810536
2472,6.429923906045084,-0.39103904001343004
2473,6.431164392558332,-0.3908933206924003
2474,6.43244498027863,-0.3907429143191577
2475,6.4337656145736135,-0.390587824507639
2476,6.435126239141151,-0.3904280549844376
2477,6.436526796015338,-0.390263609588711
2478,6.437967225572615,-0.39009449227208953
2479,6.4394474665381,-0.38992070709857835
2480,6.440967455992035,-0.38974225824446007
2481,6.442527129376423,-0.38955914999819197
2482,6.444126420501804,-0.3893713867603029
2483,6.445765261554239,-0.3891789730432841
2484,6.447443583102366,-0.3889819134714815
2485,6.449161314104683,-0.38878021278098207
2486,6.450918381916945,-0.38857387581949854
2487,6.452714712299729,-0.38836290754625125
2488,6.454550229426141,-0.38814731303184785
2489,6.456424855889654,-0.3879270974581596
2490,6.458338512712117,-0.38770226611819514
2491,6.460291119351893,-0.3874728244159714
2492,6.462282593712146,-0.3872387778663821
2493,6.4643128521492255,-0.3870001320950641
2494,6.46638180948128,-0.38675689283825865
2495,6.468489378996884,-0.38650906594267365
2496,6.470635472463894,-0.3862566573653398
2497,6.4728200001383955,-0.38599967317346623
2498,6.4750428707737795,-0.3857381195442917
2499,6.477303991629918,-0.38547200276493615
2500,6.479603268482551,-0.3852013292322447
2501,6.481940605632668,-0.3849261054526342
2502,6.484315905916117,-0.3846463380419339
2503,6.486729070713276,-0.3843620337252233
2504,6.489179999958856,-0.3840731993366698
2505,6.4916685921518,-0.3837798418193609
2506,6.494194744365312,-0.383481968225136
2507,6.496758352256969,-0.3831795857144142
2508,6.499359310078987,-0.38287270155601894
2509,6.501997510688504,-0.38256132312700275
2510,6.504672845558058,-0.38224545791246584
2511,6.507385204786112,-0.38192511350537384
2512,6.510134477107638,-0.38160029760637465
2513,6.512920549904926,-0.38127101802360736
2514,6.515743309218308,-0.3809372826725152
2515,6.518602639757099,-0.38059909957565136
2516,6.5214984249105905,-0.38025647686248293
2517,6.524430546759095,-0.3799094227691937
2518,6.527398886085125,-0.37955794563848294
2519,6.530403322384602,-0.37920205391936224
2520,6.533443733878158,-0.3788417561669498
2521,6.536519997522539,-0.3784770610422617
2522,6.539631989022038,-0.3781079773120009
2523,6.5427795828400095,-0.3777345138483436
2524,6.5459626522104735,-0.3773566796287234
2525,6.549181069149767,-0.37697448373561127
2526,6.552434704468241,-0.3765879353562958
2527,6.555723427782028,-0.3761970437826589
2528,6.559047107524885,-0.375801818410949
2529,6.562405610960087,-0.37540226874155175
2530,6.5657988041923385,-0.3749984043787593
2531,6.569226552179755,-0.3745902350305366
2532,6.572688718745927,-0.3741777705082835
2533,6.5761851665919755,-0.3737610207265963
2534,6.57971575730866,-0.37333999570302717
2535,6.583280351388562,-0.3729147055578388
2536,6.586878808238279,-0.3724851605137578
2537,6.590510986190646,-0.3720513708957268
2538,6.594176742517004,-0.37161334713065197
2539,6.597875933439521,-0.3711710997471488
2540,6.601608414143485,-0.3707246393752864
2541,6.605374038789666,-0.37027397674632856
2542,6.609172660526707,-0.3698191226924716
2543,6.613004131503531,-0.3693600881465803
2544,6.616868302881726,-0.3688968841419224
2545,6.620765024848006,-0.36842952181189986
2546,6.624694146626642,-0.36795801238977754
2547,6.628655516491958,-0.3674823672084089
2548,6.632648981780782,-0.36700259769996074
2549,6.636674388904943,-0.3665187153956341
2550,6.640731583363758,-0.36603073192538405
2551,6.644820409756514,-0.3655386590176365
2552,6.648940711794984,-0.3650425084990024
2553,6.653092332315943,-0.3645422922939884
2554,6.657275113293604,-0.36403802242470956
2555,6.661488895852192,-0.36352971101059295
2556,6.665733520278366,-0.3630173702680856
2557,6.670008826033733,-0.36250101251035516
2558,6.674314651767338,-0.3619806501469902
2559,6.678650835328058,-0.36145629568369964
2560,6.683017213777113,-0.3609279617220067
2561,6.687413623400481,-0.3603956609589424
2562,6.691839899721296,-0.35985940618673695
2563,6.69629587751227,-0.3593192102925077
2564,6.700781390808046,-0.3587750862579461
2565,6.705296272917567,-0.35822704715900133
2566,6.709840356436399,-0.3576751061655619
2567,6.714413473259033,-0.3571192765411357
2568,6.719015454591172,-0.3565595716425261
2569,6.723646130961975,-0.35599600491950795
2570,6.728305332236261,-0.3554285899144999
2571,6.732992887626706,-0.3548573402622347
2572,6.737708625705995,-0.35428226968942744
2573,6.742452374418924,-0.353703392014442
2574,6.747223961094505,-0.35312072114695375
2575,6.7520232124579795,-0.3525342710876121
2576,6.75684995464282,-0.35194405592769973
2577,6.761704013202711,-0.35135008984878935
2578,6.766585213123428,-0.3507523871223995
2579,6.7714933788347595,-0.350150962109646
2580,6.77642833422229,-0.34954582926089384
2581,6.78138990263919,-0.34893700311540565
2582,6.786377906917965,-0.34832449830098705
2583,6.791392169382105,-0.34770832953363234
2584,6.796432511857747,-0.34708851161716536
2585,6.801498755685246,-0.34646505944287975
2586,6.806590721730679,-0.3458379879891778
2587,6.8117082303973495,-0.3452073123212048
2588,6.816851101637187,-0.34457304759048357
2589,6.822019154962106,-0.34393520903454616
2590,6.82721220945531,-0.343293811976563
2591,6.832430083782545,-0.34264887182497034
2592,6.837672596203261,-0.3420004040730965
2593,6.842939564581765,-0.34134842429878415
2594,6.848230806398263,-0.3406929481640122
2595,6.85354613875986,-0.34003399141451557
2596,6.858885378411509,-0.3393715698794016
2597,6.864248341746879,-0.33870569947076584
2598,6.869634844819147,-0.33803639618330555
2599,6.875044703351757,-0.33736367609393075
2600,6.880477732749086,-0.3366875553613738
2601,6.885933748107041,-0.3360080502257968
2602,6.891412564223628,-0.3353251770083964
2603,6.896913995609373,-0.3346389521110089
2604,6.902437856497777,-0.3339493920157095
2605,6.907983960855591,-0.3332565132844141
2606,6.913552122393125,-0.3325603325584753
2607,6.91914215457437,-0.3318608665582805
2608,6.924753870627186,-0.3311581320828429
2609,6.930387083553287,-0.3304521460093958
2610,6.936041606138235,-0.329742925292982
2611,6.9417172509613225,-0.329030486966042
2612,6.947413830405397,-0.3283148481380006
2613,6.9531311566666005,-0.32759602599485177
2614,6.958869041764036,-0.3268740377987413
2615,6.964627297549369,-0.3261489008875477
2616,6.970405735716354,-0.32542063267446075
2617,6.976204167810249,-0.3246892506475596
2618,6.9820224052371795,-0.32395477236938947
2619,6.9878602592734635,-0.3232172154765323
2620,6.993717541074775,-0.32247659767918196
2621,6.999594061685292,-0.32173293676071263
2622,7.00548963204675,-0.32098625057724844
2623,7.011404063007417,-0.3202365570572294
2624,7.017337165330986,-0.31948387420097696
2625,7.023288749705387,-0.31872822008025714
2626,7.029258626751542,-0.3179696128378422
2627,7.035246607031993,-0.3172080706870712
2628,7.041252501059509,-0.31644361191140696
2629,7.047276119305568,-0.31567625486399437
2630,7.053317272208802,-0.3149060179672135
2631,7.059375770183291,-0.314132919712235
2632,7.065451423626871,-0.3133569786585695
2633,7.071544042929288,-0.31257821343361963
2634,7.0776534384803,-0.31179664273222774
2635,7.0837794206777085,-0.3110122853162222
2636,7.08992179993529,-0.3102251600139635
2637,7.096080386690671,-0.309435285719887
2638,7.102254991413077,-0.30864268139404666
2639,7.108445424611077,-0.30784736606165364
2640,7.1146514968401835,-0.307049358812616
2641,7.120873018710378,-0.3062486788010776
2642,7.127109800893612,-0.30544534524495137
2643,7.133361654131151,-0.30463937742545655
2644,7.139628389240906,-0.30383079468664953
2645,7.145909817124655,-0.30301961643495623
2646,7.152205748775167,-0.3022058621387022
2647,7.158515995283294,-0.301389551327641
2648,7.164840367844939,-0.3005707035924814
2649,7.171178677767988,-0.29974933858441244
2650,7.177530736479119,-0.2989254760146283
2651,7.183896355530583,-0.29809913565385077
2652,7.190275346606837,-0.2972703373318511
2653,7.196667521531186,-0.29643910093696946
2654,7.203072692272273,-0.295605446415634
2655,7.209490670950545,-0.29476939377187766
2656,7.215921269844598,-0.29393096306685473
2657,7.222364301397487,-0.2930901744183549
2658,7.228819578222938,-0.2922470480003163
2659,7.235286913111457,-0.2914016040423387
2660,7.241766119036437,-0.2905538628291926
2661,7.248257009160113,-0.2897038447003294
2662,7.254759396839498,-0.28885157004938905
2663,7.261273095632195,-0.28799705932370734
2664,7.267797919302185,-0.2871403330238209
2665,7.274333681825502,-0.28628141170297194
2666,7.280880197395852,-0.28542031596661116
2667,7.287437280430168,-0.28455706647189916
2668,7.294004745574077,-0.283691683927207
2669,7.300582407707268,-0.2828241890916176
2670,7.307170081948872,-0.2819546027744209
2671,7.313767583662679,-0.281082945834613
2672,7.320374728462338,-0.2802092391803916
2673,7.326991332216464,-0.27933350376865046
2674,7.333617211053687,-0.27845576060447363
2675,7.340252181367621,-0.27757603074062726
2676,7.3468960598217725,-0.2766943352770519
2677,7.353548663354369,-0.27581069536035197
2678,7.360209809183133,-0.27492513218328585
2679,7.366879314809995,-0.2740376669842528
2680,7.373556998025695,-0.2731483210467813
2681,7.380242676914362,-0.27225711569901495
2682,7.386936169858016,-0.2713640723131972
2683,7.3936372955410095,-0.27046921230515497
2684,7.400345872954374,-0.26957255713378225
2685,7.407061721400126,-0.26867412830052273
2686,7.413784660495517,-0.2677739473488493
2687,7.420514510177202,-0.2668720358637452
2688,7.427251090705341,-0.2659684154711829
2689,7.433994222667645,-0.26506310783760273
2690,7.440743726983377,-0.2641561346693893
2691,7.447499424907249,-0.26324751771234867
2692,7.454261138033304,-0.262337278751183
2693,7.461028688298712,-0.26142543960896564
2694,7.467801897987494,-0.2605120221466149
2695,7.474580589734208,-0.25959704826236646
2696,7.481364586527576,-0.25868053989124595
2697,7.4881537117140375,-0.25776251900453906
2698,7.494947789001254,-0.2568430076092629
2699,7.501746642461553,-0.25592202774763456
2700,7.508550096535296,-0.2549996014965412
2701,7.515357976034242,-0.2540757509670063
2702,7.522170106144794,-0.2531504983036579
2703,7.528986312431219,-0.25222386568419486
2704,7.535806420838829,-0.2512958753188519
2705,7.542630257697071,-0.2503665494498646
2706,7.54945764972257,-0.24943591035093496
2707,7.556288424022156,-0.248503980326693
2708,7.563122408095785,-0.2475707817121607
2709,7.569959429839449,-0.2466363368722134
2710,7.5767993175480015,-0.2457006682010423
2711,7.583641899917956,-0.24476379812161395
2712,7.590487006050234,-0.24382574908513116
2713,7.597334465452821,-0.24288654357049272
2714,7.604184108043443,-0.2419462040837515
2715,7.611035764152126,-0.2410047531575735
2716,7.617889264523742,-0.2400622133506953
2717,7.624744440320502,-0.2391186072473814
2718,7.631601123124406,-0.23817395745688014
2719,7.638459144939621,-0.2372282866128804
2720,7.645318338194847,-0.23628161737296688
2721,7.6521785357455965,-0.23533397241807538
2722,7.659039570876469,-0.23438537445194688
2723,7.665901277303348,-0.23343584620058186
2724,7.672763489175576,-0.23248541041169346
2725,7.679626041078086,-0.2315340898541602
2726,7.686488768033429,-0.23058190731748046
2727,7.693351505503878,-0.22962888561122155
2728,7.700214089393366,-0.22867504756447396
2729,7.707076356049456,-0.22772041602530171
2730,7.713938142265237,-0.22676501386019346
2731,7.720799285281206,-0.22580886395351218
2732,7.7276596227870655,-0.22485198920694693
2733,7.734518992923541,-0.22389441253896103
2734,7.741377234284085,-0.2229361568842427
2735,7.74823418591663,-0.22197724519315287
2736,7.75508968732519,-0.22101770043117594
2737,7.761943578471564,-0.2200575455783657
2738,7.768795699776855,-0.2190968036287958
2739,7.775645892123067,-0.21813549759000633
2740,7.782493996854605,-0.21717365048245155
2741,7.789339855779739,-0.21621128533894826
2742,7.79618331117207,-0.2152484252041218
2743,7.803024205771926,-0.21428509313385322
2744,7.80986238278773,-0.21332131219472625
2745,7.816697685897339,-0.21235710546347392
2746,7.82352995924935,-0.21139249602642413
2747,7.8303590474643565,-0.210427506978947
2748,7.837184795636194,-0.20946216142489976
2749,7.844007049333153,-0.20849648247607275
2750,7.850825654599121,-0.2075304932516356
2751,7.857640457954741,-0.20656421687758283
2752,7.86445130639851,-0.20559767648617852
2753,7.871258047407852,-0.204630895215403
2754,7.878060528940191,-0.20366389620839587
2755,7.884858599433898,-0.2026967026129048
2756,7.8916521078093504,-0.2017293375807273
2757,7.898440903469847,-0.20076182426715758
2758,7.9052248363025335,-0.19979418583043143
2759,7.912003756679309,-0.19882644543117145
2760,7.918777515457706,-0.1978586262318311
2761,7.92554596398171,-0.19689075139614143
2762,7.932308954082575,-0.19592284408855545
2763,7.939066338079638,-0.19495492747369275
2764,7.945817968781039,-0.1939870247157861
2765,7.952563699484487,-0.19301915897812558
2766,7.959303383977952,-0.1920513534225046
2767,7.966036876540361,-0.19108363120866484
2768,7.972764031942246,-0.19011601549374235
2769,7.979484705446372,-0.18914852943171345
2770,7.986198752808359,-0.18818119617284015
2771,7.992906030277269,-0.1872140388631157
2772,7.999606394596162,-0.18624708064371143
2773,8.00629970300262,-0.18528034465042356
2774,8.012985813229289,-0.18431385401311876
2775,8.019664583504355,-0.18334763185518096
2776,8.026335872552023,-0.18238170129295894
2777,8.032999539592964,-0.18141608543521287
2778,8.03965544434474,-0.18045080738256214
2779,8.046303447022224,-0.17948589022693257
2780,8.052943408337965,-0.17852135705100478
2781,8.059575189502585,-0.17755723092766174
2782,8.066198652225083,-0.1765935349194386
2783,8.072813658713216,-0.17563029207796926
2784,8.079420071673749,-0.17466752544343814
2785,8.086017754312781,-0.17370525804402762
2786,8.092606570336011,-0.1727435128953685
2787,8.099186383948968,-0.17178231299999047
2788,8.105757059857265,-0.17082168134677245
2789,8.112318463266815,-0.16986164091039269
2790,8.118870459884006,-0.16890221465078156
2791,8.125412915915906,-0.16794342551257235
2792,8.13194569807043,-0.16698529642455257
2793,8.138468673556456,-0.1660278502991187
2794,8.144981710083988,-0.16507111003172734
2795,8.151484675864252,-0.16411509850034972
2796,8.157977439609812,-0.16315983856492494
2797,8.164459870534632,-0.1622053530668152
2798,8.17093183835417,-0.16125166482825998
2799,8.177393213285407,-0.16029879665183222
2800,8.183843866046912,-0.15934677131989378
2801,8.190283667858857,-0.1583956115940516
2802,8.196712490443014,-0.15744534021461631
2803,8.203130206022768,-0.1564959799000586
2804,8.209536687323117,-0.1555475533464668
2805,8.2159318075706,-0.154600083227008
2806,8.222315440493288,-0.1536535921913856
2807,8.228687460320732,-0.15270810286529943
2808,8.23504774178387,-0.15176363784990754
2809,8.241396160114965,-0.15082021972128642
2810,8.24773259104752,-0.14987787102989344
2811,8.254056910816157,-0.14893661430002958
2812,8.26036899615652,-0.14799647202930216
2813,8.266668724305127,-0.14705746668808992
2814,8.272955972999265,-0.14611962071900633
2815,8.279230620476799,-0.1451829565363668
2816,8.285492545476066,-0.14424749652565266
2817,8.291741627235663,-0.14331326304298006
2818,8.297977745494297,-0.1423802784145657
2819,8.304200780490575,-0.1414485649361974
2820,8.310410612962812,-0.14051814487270212
2821,8.31660712414884,-0.13958904045741524
2822,8.32279019578576,-0.1386612738916532
2823,8.328959710109748,-0.13773486734418355
2824,8.335115549855795,-0.13680984295069815
2825,8.341257598257478,-0.1358862228132862
2826,8.347385739046704,-0.1349640289999084
2827,8.353499856453448,-0.1340432835438722
2828,8.359599835205493,-0.13312400844330705
2829,8.365685560528142,-0.13220622566064189
2830,8.371756918143934,-0.13128995712208302
2831,8.377813794272356,-0.1303752247170922
2832,8.383856075629556,-0.12946205029786562
2833,8.38988364942802,-0.12855045567881548
2834,8.395896403376272,-0.12764046263605072
2835,8.401894225678543,-0.1267320929068598
2836,8.407877005034443,-0.1258253681891941
2837,8.413844630638646,-0.12492031014115182
2838,8.419796992180528,-0.12401694038046399
2839,8.425733979843848,-0.12311528048397961
2840,8.431655484306376,-0.12221535198715451
2841,8.437561396739541,-0.12131717638353894
2842,8.443451608808077,-0.12042077512426715
2843,8.449326012669639,-0.11952616961754821
2844,8.45518450097444,-0.11863338122815739
2845,8.461026966864882,-0.11774243127692874
2846,8.466853303975151,-0.11685334104024887
2847,8.472663406430845,-0.11596613174955249
2848,8.478457168848568,-0.11508082459081766
2849,8.484234486335549,-0.11419744070406304
2850,8.489995254489228,-0.11331600118284628
2851,8.495739369396844,-0.11243652707376409
2852,8.50146672763505,-0.11155903937595131
2853,8.50717722626947,-0.11068355904058405
2854,8.512870762854282,-0.10981010697038282
2855,8.518547235431825,-0.10893870401911522
2856,8.524206542532138,-0.10806937099110289
2857,8.529848583172557,-0.10720212864072673
2858,8.535473256857266,-0.10633699767193591
2859,8.541080463576861,-0.10547399873775651
2860,8.546670103807918,-0.10461315243980203
2861,8.552242078512561,-0.10375447932778374
2862,8.557796289137984,-0.102897999899026
2863,8.563332637616039,-0.10204373459797816
2864,8.568851026362765,-0.10119170381573106
2865,8.57435135827793,-0.10034192788953424
2866,8.579833536744607,-0.09949442710231245
2867,8.58529746562868,-0.09864922168218694
2868,8.590743049278387,-0.0978063318019956
2869,8.596170192523896,-0.09696577757881412
2870,8.601578800676783,-0.09612757907348145
2871,8.606968779529623,-0.09529175629012272
2872,8.612340035355476,-0.09445832917567683
2873,8.617692474907443,-0.09362731761942379
2874,8.623026005418186,-0.09279874145251354
2875,8.628340534599461,-0.09197262044749684
2876,8.633635970641624,-0.09114897431785733
2877,8.638912222213188,-0.09032782271754423
2878,8.644169198460322,-0.08950918524050785
2879,8.64940680900638,-0.08869308142023546
2880,8.654624963951408,-0.08787953072929013
2881,8.65982357387169,-0.08706855257884846
2882,8.665002549819269,-0.08626016631824154
2883,8.670161803321408,-0.08545439123449958
2884,8.67530124638017,-0.08465124655189275
2885,8.680420791471928,-0.08385075143147766
2886,8.685520351546844,-0.08305292497064436
2887,8.690599840028405,-0.08225778620266537
2888,8.695659170812952,-0.0814653540962443
2889,8.700698258269187,-0.08067564755506766
2890,8.705717017237657,-0.07988868541735968
2891,8.710715363030312,-0.07910448645543487
2892,8.715693211430004,-0.0783230693752548
2893,8.720650478689985,-0.07754445281598756
2894,8.725587081533435,-0.07676865534956546
2895,8.730502937152984,-0.075995695480247
2896,8.73539796321021,-0.07522559164417966
2897,8.740272077835163,-0.07445836220896422
2898,8.745125199625871,-0.07369402547322126
2899,8.749957247647865,-0.07293259966615852
2900,8.75476814143369,-0.07217410294714059
2901,8.759557800982426,-0.0714185534052597
2902,8.764326146759187,-0.07066596905890955
2903,8.769073099694653,-0.06991636785535889
2904,8.773798581184595,-0.06916976767032808
2905,8.778502513089375,-0.06842618630756711
2906,8.783184817733463,-0.06768564149843642
2907,8.787845417904983,-0.06694815090148623
2908,8.792484236855211,-0.06621373210204123
2909,8.7971011982981,-0.06548240261178596
2910,8.801696226409813,-0.06475417986835018
2911,8.806269245828227,-0.06402908123489907
2912,8.810820181652472,-0.06330712399972276
2913,8.815348959442455,-0.06258832537582826
2914,8.819855505218387,-0.06187270250053383
2915,8.824339745460312,-0.061160272435064715
2916,8.828801607107616,-0.06045105216415153
2917,8.833241017558596,-0.0597450585956281
2918,8.837657904669948,-0.059042308560034625
2919,8.842052196756345,-0.0583428188102192
2920,8.846423822589932,-0.05764660602094437
2921,8.850772711399893,-0.0569536867884926
2922,8.855098792871956,-0.05626407763027671
2923,8.859401997147973,-0.05557779498444894
2924,8.863682254825422,-0.054894855209514835
2925,8.867939496956966,-0.05421527458394742
2926,8.872173655049991,-0.05353906930580361
2927,8.87638466106617,-0.052866255492341974
2928,8.880572447420995,-0.05219684917964365
2929,8.884736946983319,-0.05153086632223493
2930,8.888878093074908,-0.05086832279271139
2931,8.892995819470023,-0.05020923438136252
2932,8.897090060394948,-0.049553616795801524
2933,8.901160750527536,-0.048901485660595524
2934,8.90520782499679,-0.048252856516896925
2935,8.909231219382422,-0.047607744822077254
2936,8.913230869714393,-0.04696616594936427
2937,8.917206712472517,-0.04632813518747895
2938,8.921158684585972,-0.04569366774027707
2939,8.925086723432921,-0.045062778726389766
2940,8.928990766840066,-0.04443548317886825
2941,8.932870753082193,-0.043811796044831076
2942,8.936726620881789,-0.04319173218511105
2943,8.940558309408585,-0.04257530637390648
2944,8.944365758279167,-0.041962533298432525
2945,8.948148907556519,-0.04135342755857753
2946,8.951907697749641,-0.04074800366655756
2947,8.955642069813118,-0.04014627604657638
2948,8.959351965146704,-0.03954825903448598
2949,8.963037325594936,-0.03895396687744869
2950,8.966698093446698,-0.038363413733603316
2951,8.970334211434826,-0.03777661367173165
2952,8.973945622735725,-0.03719358067092731
2953,8.977532270968936,-0.03661432862026778
2954,8.981094100196755,-0.036038871318488326
2955,8.984631054923852,-0.03546722247365574
2956,8.98814308009686,-0.03489939570284779
2957,8.991630121103974,-0.03433540453183364
2958,8.995092123774597,-0.033775262394754174
2959,8.998529034378931,-0.03321898263380753
2960,9.001940799627597,-0.032666578498935596
2961,9.005327366671258,-0.03211806314751244
2962,9.008688683100253,-0.0315734496440349
2963,9.012024696944202,-0.031032750959816235
2964,9.015335356671626,-0.03049597997268213
2965,9.018620611189633,-0.029963149466665527
2966,9.021880409843469,-0.029434272131710463
2967,9.025114702416227,-0.028909360563370137
2968,9.028323439128453,-0.028388427262513085
2969,9.031506570637779,-0.027871484635030017
2970,9.034664048038577,-0.027358544991541788
2971,9.037795822861614,-0.026849620547110226
2972,9.040901847073696,-0.026344723420951687
2973,9.043982073077308,-0.02584386563615293
2974,9.047036453710282,-0.025347059119388553
2975,9.050064942245443,-0.024854315700641314
2976,9.05306749239029,-0.024365647112923865
2977,9.056044058286638,-0.023881064992004222
2978,9.058994594510297,-0.023400580876132216
2979,9.06191905607073,-0.02292420620576927
2980,9.064817398410733,-0.02245195232331947
2981,9.06768957740611,-0.021983830472863557
2982,9.070535549365335,-0.021519851799896104
2983,9.073355271029254,-0.02106002735106283
2984,9.076148699570755,-0.020604368073902046
2985,9.07891579259446,-0.020152884816587703
2986,9.081656508136406,-0.019705588327675445
2987,9.084370804663745,-0.019262489255850373
2988,9.087058641074425,-0.01882359814967754
2989,9.089719976696898,-0.01838892545735433
2990,9.092354771289832,-0.017958481526465057
2991,9.094962985041787,-0.017532276603739815
2992,9.09754457857094,-0.0171103208348131
2993,9.10009951292479,-0.01669262426398618
2994,9.102627749579874,-0.016279196833992125
2995,9.105129250441465,-0.015870048385762562
2996,9.107603977843317,-0.015465188658196762
2997,9.110051894547356,-0.015064627287934599
2998,9.112472963743437,-0.014668373809128561
2999,9.114867149049033,-0.014276437653223464
