turn,time_sigma_ns,Q1
0,9.959436791699536,-0.003481583550653032
1,9.95944440342184,-0.003480879235634714
2,9.95945244403697,-0.0034801323968790413
3,9.959460913470862,-0.003479343041898959
4,9.959469811645848,-0.003478511178557309
5,9.959479138480665,-0.0034776368150667915
6,9.959488893890445,-0.0034767199599903507
7,9.959499077786697,-0.0034757606222415257
8,9.959509690077345,-0.003474758811083249
9,9.959520730666705,-0.0034737145361280397
10,9.95953219945551,-0.0034726278073378865
11,9.95954409634086,-0.0034714985557916535
12,9.95955639535159,-0.0034703293202646215
13,9.959569070513064,-0.0034691226446946677
14,9.959582095847432,-0.0034678810781609286
15,9.9595954453738,-0.0034666071748664265
16,9.959609093108496,-0.0034653034941149394
17,9.959623013065235,-0.003463972600293623
18,9.959637179255372,-0.003462617062850577
19,9.959651565688127,-0.003461239456274106
20,9.959666146370765,-0.0034598423600735073
21,9.959680895308857,-0.003458428358756394
22,9.959695786506474,-0.003457000041808112
23,9.959710793966408,-0.0034555600036710954
24,9.959725891690397,-0.003454110843722931
25,9.959741053679352,-0.0034526551662540286
26,9.959756253933552,-0.0034511955804473553
27,9.959771466452894,-0.0034497347003551618
28,9.959786665237095,-0.0034482751448773412
29,9.959801824285924,-0.003446819537739096
30,9.959816917599415,-0.0034453705074684146
31,9.959831919178086,-0.003443930687374282
32,9.95984680302316,-0.003442502715523
33,9.95986154313681,-0.0034410892347149775
34,9.959876113522355,-0.003439692892462529
35,9.959890488184485,-0.0034383163409663522
36,9.9599046411295,-0.003436962237091747
37,9.959918546365506,-0.0034356332423457706
38,9.95993217790268,-0.003434332022852152
39,9.959945509753442,-0.003433061249329083
40,9.959958515932719,-0.0034318235970640467
41,9.959971170458148,-0.0034306217458896894
42,9.959983447350302,-0.003429458380160015
43,9.959995320632942,-0.0034283361887242412
44,9.960006764333192,-0.0034272578649042606
45,9.960017752481795,-0.003426226106468529
46,9.960028259113336,-0.003425243615606921
47,9.960038258266477,-0.0034243130989051714
48,9.960047723984163,-0.003423437267320442
49,9.960056630313836,-0.00342261883615573
50,9.960064951307707,-0.0034218605250329603
51,9.960072661022938,-0.0034211650578683597
52,9.960079733521885,-0.003420535162845996
53,9.960086142872337,-0.003419973572390869
54,9.960091863147722,-0.003419483023143308
55,9.96009686842735,-0.003419066255932181
56,9.960101132796622,-0.0034187260157485396
57,9.96010463034728,-0.003418465051717702
58,9.960107335177618,-0.003418286117073371
59,9.96010922139271,-0.0034181919691301326
60,9.960110263104653,-0.0034181853692549615
61,9.960110434432796,-0.0034182690828407376
62,9.960109709503925,-0.003418445879279304
63,9.96010806245255,-0.003418718531931688
64,9.960105467421114,-0.0034190898181008273
65,9.960101898560202,-0.0034195625190038127
66,9.960097330028793,-0.003420139419743198
67,9.960091735994485,-0.0034208233092779977
68,9.96008509063371,-0.003421616980396015
69,9.960077368131996,-0.0034225232296835515
70,9.96006854268416,-0.00342354485749757
71,9.960058588494562,-0.003424684667935943
72,9.960047479777339,-0.00342594546880743
73,9.960035190756612,-0.003427330071603649
74,9.960021695666732,-0.003428841291468305
75,9.960006968752529,-0.0034304819471669004
76,9.959990984269494,-0.0034322548610581393
77,9.959973716484063,-0.00343416285906235
78,9.959955139673832,-0.0034362087706308634
79,9.959935228127762,-0.0034383954287176706
80,9.959913956146453,-0.003440725669745695
81,9.959891298042349,-0.0034432023335779897
82,9.959867228139965,-0.0034458282634865604
83,9.959841720776156,-0.003448606306119575
84,9.959814750300307,-0.0034515393114719203
85,9.959786291074598,-0.003454630132852064
86,9.959756317474211,-0.0034578816268514287
87,9.959724803887593,-0.003461296653311953
88,9.959691724716663,-0.003464878075293622
89,9.959657054377049,-0.0034686287590440417
90,9.959620767298338,-0.003472551573963613
91,9.959582837924303,-0.0034766493925743203
92,9.959543240713124,-0.0034809250904872828
93,9.959501950137646,-0.00348538154636866
94,9.95945894068559,-0.0034900216419077672
95,9.959414186859807,-0.0034948482617831273
96,9.959367663178492,-0.0034998642936296042
97,9.959319344175452,-0.0035050726280039394
98,9.959269204400293,-0.003510476158352562
99,9.959217218418706,-0.0035160777809760454
100,9.959163360812656,-0.00352188039499638
101,9.95910760618067,-0.003527886902321299
102,9.959049929138025,-0.003534100207610988
103,9.958990304317005,-0.0035405232182438105
104,9.95892870636714,-0.0035471588442803053
105,9.95886510995542,-0.0035540099984298266
106,9.958799489766577,-0.0035610795960136486
107,9.958731820503274,-0.00356837055493143
108,9.958662076886357,-0.0035758857956253096
109,9.958590233655109,-0.003583628241043857
110,9.958516265567468,-0.003591600816606631
111,9.958440147400262,-0.003599806450169099
112,9.958361853949468,-0.0036082480719848886
113,9.958281360030423,-0.0036169286146713786
114,9.958198640478082,-0.0036258510131721607
115,9.958113670147254,-0.0036350182047202905
116,9.958026423912823,-0.0036444331288030775
117,9.95793687666999,-0.0036540987271241787
118,9.957845003334535,-0.00366401794356622
119,9.957750778843035,-0.003674193724153835
120,9.957654178153097,-0.0036846290170173108
121,9.95755517624361,-0.0036953267723539318
122,9.957453748114988,-0.0037062899423900555
123,9.957349868789391,-0.003717521481344363
124,9.957243513310974,-0.0037290243453894
125,9.957134656746128,-0.003740801492613195
126,9.957023274183712,-0.003752855882980932
127,9.956909340735303,-0.003765190478296664
128,9.95679283153543,-0.003777808242164464
129,9.956673721741804,-0.003790712139949951
130,9.956551986535581,-0.003803905138740545
131,9.956427601121577,-0.0038173902073072624
132,9.956300540728522,-0.003831170316064832
133,9.956170780609312,-0.003845248437031689
134,9.956038296041207,-0.0038596275437923814
135,9.955903062326115,-0.003874310611455438
136,9.955765054790824,-0.003889300616614314
137,9.955624248787217,-0.003904600537307826
138,9.955480619692556,-0.00392021335297881
139,9.955334142909674,-0.003936142044434868
140,9.955184793867256,-0.003952389593806817
141,9.955032548020064,-0.003968958984508036
142,9.954877380849167,-0.003985853201194648
143,9.954719267862219,-0.004003075229722337
144,9.954558184593653,-0.004020628057107469
145,9.954394106604948,-0.004038514671484669
146,9.954227009484878,-0.004056738062064578
147,9.954056868849745,-0.00407530121909317
148,9.953883660343612,-0.004094207133809584
149,9.953707359638567,-0.004113458798403601
150,9.95352794243494,-0.004133059205974514
151,9.953345384461572,-0.0041530113504875165
152,9.953159661476027,-0.004173318226732807
153,9.952970749264868,-0.004193982830281081
154,9.95277862364387,-0.004215008157442286
155,9.952583260458267,-0.004236397205222552
156,9.952384635583028,-0.004258152971279689
157,9.952182724923063,-0.004280278453881098
158,9.951977504413483,-0.004302776651860234
159,9.951768950019838,-0.00432565056457256
160,9.951557037738368,-0.004348903191852343
161,9.951341743596226,-0.004372537533969127
162,9.951123043651739,-0.004396556591582753
163,9.950900913994666,-0.004420963365699275
164,9.950675330746416,-0.004445760857626984
165,9.950446270060285,-0.004470952068932706
166,9.950213708121746,-0.004496540001395115
167,9.949977621148639,-0.004522527656962102
168,9.949737985391454,-0.004548918037704147
169,9.949494777133552,-0.004575714145770717
170,9.94924797269143,-0.004602918983343322
171,9.948997548414939,-0.004630535552592259
172,9.948743480687563,-0.004658566855628476
173,9.948485745926627,-0.0046870158944606385
174,9.948224320583575,-0.004715885670946902
175,9.947959181144196,-0.004745179186750321
176,9.94769030412887,-0.004774899443292297
177,9.947417666092814,-0.0048050494417065555
178,9.947141243626348,-0.004835632182792046
179,9.9468610133551,-0.00486665066696724
180,9.946576951940289,-0.004898107894222871
181,9.946289036078957,-0.004930006864074663
182,9.945997242504198,-0.004962350575517857
183,9.945701547985438,-0.004995142026978345
184,9.945401929328662,-0.005028384216265615
185,9.945098363376653,-0.005062080140526612
186,9.944790827009246,-0.005096232796196848
187,9.94447929714359,-0.005130845178952854
188,9.944163750734345,-0.005165920283665602
189,9.943844164774005,-0.0052014611043499715
190,9.943520516293075,-0.005237470634118972
191,9.943192782360356,-0.005273951865134132
192,9.942860940083177,-0.005310907788557649
193,9.942524966607653,-0.005348341394503226
194,9.942184839118914,-0.005386255671988264
195,9.941840534841374,-0.005424653608883931
196,9.94149203103896,-0.00546353819186698
197,9.94113930501536,-0.005502912406370752
198,9.9407823341143,-0.005542779236534458
199,9.94042109571975,-0.005583141665155417
200,9.940055567256195,-0.0056240026736387345
201,9.939685726188886,-0.005665365241947582
202,9.939311550024065,-0.005707232348554034
203,9.938933016309239,-0.005749606970388279
204,9.93855010263342,-0.005792492082788603
205,9.938162786627355,-0.005835890659452137
206,9.937771045963805,-0.005879805672383147
207,9.937374858357765,-0.005924240091843764
208,9.936974201566745,-0.005969196886301849
209,9.93656905339097,-0.006014679022382481
210,9.936159391673684,-0.00606068946481458
211,9.935745194301354,-0.006107231176381996
212,9.935326439203944,-0.006154307117870939
213,9.93490310435515,-0.006201920248019714
214,9.934475167772664,-0.006250073523466332
215,9.934042607518418,-0.0062987698986972564
216,9.93360540169882,-0.006348012325996526
217,9.933163528465016,-0.006397803755393196
218,9.932716966013134,-0.006448147134609843
219,9.93226569258454,-0.006499045409009983
220,9.931809686466075,-0.006550501521546822
221,9.931348925990331,-0.006602518412709166
222,9.930883389535857,-0.006655099020471992
223,9.930413055527465,-0.00670824628024036
224,9.929937902436425,-0.006761963124799686
225,9.929457908780748,-0.006816252484261497
226,9.928973053125432,-0.00687111728601074
227,9.928483314082687,-0.0069265604546539196
228,9.927988670312239,-0.00698258491196297
229,9.927489100521521,-0.007039193576825605
230,9.926984583465961,-0.007096389365189542
231,9.926475097949213,-0.00715417519001014
232,9.92596062282343,-0.007212553961195837
233,9.92544113698949,-0.007271528585555498
234,9.924916619397267,-0.007331101966743313
235,9.924387049045851,-0.007391277005206848
236,9.92385240498385,-0.007452056598130327
237,9.923312666309583,-0.007513443639382894
238,9.922767812171385,-0.007575441019462088
239,9.922217821767813,-0.007638051625441825
240,9.921662674347928,-0.0077012783409155855
241,9.921102349211532,-0.007765124045943288
242,9.92053682570942,-0.007829591616996206
243,9.919966083243644,-0.007894683926901336
244,9.91939010126775,-0.007960403844787464
245,9.918808859287036,-0.008026754236029611
246,9.918222336858806,-0.008093737962193828
247,9.91763051359261,-0.008161357880982333
248,9.91703336915051,-0.008229616846177547
249,9.916430883247337,-0.008298517707586519
250,9.915823035650936,-0.008368063310985382
251,9.91520980618239,-0.008438256498065302
252,9.914591174716323,-0.008509100106373768
253,9.913967121181114,-0.008580596969261122
254,9.91333762555918,-0.008652749915822986
255,9.912702667887187,-0.008725561770845465
256,9.912062228256358,-0.008799035354747232
257,9.911416286812674,-0.008873173483524998
258,9.910764823757162,-0.00894797896869597
259,9.910107819346116,-0.009023454617242386
260,9.909445253891397,-0.009099603231552972
261,9.908777107760633,-0.009176427609368742
262,9.908103361377517,-0.009253930543723933
263,9.907423995222022,-0.00933211482289117
264,9.906738989830691,-0.009410983230322653
265,9.906048325796863,-0.009490538544594264
266,9.905351983770947,-0.009570783539347713
267,9.904649944460646,-0.009651720983234295
268,9.903942188631248,-0.009733353639856404
269,9.903228697105853,-0.009815684267710727
270,9.90250945076565,-0.009898715620129854
271,9.901784430550132,-0.009982450445227
272,9.901053617457395,-0.010066891485835417
273,9.90031699254436,-0.010152041479452558
274,9.899574536927059,-0.010237903158180756
275,9.898826231780863,-0.010324479248670488
276,9.89807205834073,-0.010411772472062422
277,9.897311997901484,-0.010499785543928691
278,9.896546031818062,-0.010588521174214492
279,9.895774141505756,-0.010677982067180581
280,9.894996308440493,-0.01076817092134408
281,9.894212514159058,-0.010859090429421186
282,9.893422740259373,-0.01095074327826749
283,9.892626968400755,-0.011043132148819856
284,9.891825180304142,-0.011136259716038396
285,9.891017357752377,-0.011230128648846682
286,9.890203482590463,-0.011324741610073236
287,9.88938353672579,-0.011420101256393662
288,9.888557502128418,-0.011516210238270489
289,9.887725360831327,-0.011613071199894458
290,9.886887094930673,-0.011710686779125496
291,9.88604268658603,-0.011809059607433947
292,9.885192118020663,-0.011908192309841014
293,9.884335371521777,-0.012008087504859414
294,9.883472429440777,-0.012108747804433977
295,9.882603274193507,-0.012210175813883012
296,9.88172788826053,-0.012312374131837592
297,9.880846254187382,-0.012415345350182516
298,9.879958354584812,-0.012519092053997158
299,9.879064172129032,-0.012623616821495933
300,9.878163689562014,-0.012728922223967336
301,9.877256889691706,-0.012835010825715235
302,9.876343755392309,-0.012941885183998818
303,9.875424269604531,-0.013049547848972429
304,9.87449841533583,-0.013158001363626251
305,9.873566175660693,-0.013267248263725566
306,9.872627533720873,-0.01337729107775136
307,9.871682472725668,-0.013488132326839269
308,9.870730975952153,-0.01359977452472092
309,9.869773026745449,-0.013712220177662231
310,9.868808608518984,-0.013825471784404462
311,9.86783770475476,-0.013939531836102134
312,9.866860299003577,-0.014054402816264848
313,9.865876374885325,-0.01417008720069515
314,9.864885916089232,-0.014286587457428813
315,9.863888906374093,-0.014403906046675274
316,9.862885329568584,-0.014522045420754876
317,9.861875169571471,-0.014641008024040206
318,9.860858410351886,-0.014760796292894928
319,9.859835035949583,-0.01488141265561328
320,9.858805030475201,-0.01500285953235879
321,9.85776837811052,-0.015125139335104029
322,9.85672506310872,-0.015248254467569944
323,9.855675069794627,-0.015372207325165078
324,9.854618382564993,-0.015497000294924226
325,9.853554985888735,-0.015622635755448306
326,9.852484864307211,-0.015749116076842692
327,9.85140800243446,-0.01587644362065728
328,9.85032438495747,-0.01600462073982498
329,9.849233996636446,-0.016133649778600483
330,9.84813682230505,-0.016263533072499708
331,9.84703284687067,-0.016394272948238822
332,9.845922055314679,-0.016525871723673088
333,9.8448044326927,-0.01665833170773528
334,9.84367996413486,-0.016791655200374966
335,9.842548634846045,-0.016925844492498014
336,9.841410430106158,-0.017060901865904515
337,9.840265335270384,-0.017196829593228682
338,9.839113335769452,-0.01733362993787626
339,9.83795441710989,-0.01747130515396463
340,9.83678856487428,-0.017609857486261142
341,9.835615764721531,-0.017749289170121734
342,9.834436002387116,-0.017889602431430382
343,9.833249263683369,-0.018030799486536624
344,9.832055534499704,-0.018172882542195536
345,9.830854800802902,-0.01831585379550594
346,9.829647048637367,-0.01845971543384887
347,9.828432264125368,-0.01860446963482746
348,9.827210433467316,-0.018750118566204673
349,9.825981542942026,-0.01889666438584195
350,9.82474557890697,-0.019044109241638595
351,9.823502527798535,-0.019192455271470118
352,9.8222523761323,-0.019341704603126657
353,9.820995110503274,-0.019491859354252357
354,9.81973071758616,-0.01964292163228445
355,9.818459184135648,-0.019794893534389974
356,9.817180496986616,-0.019947777147407558
357,9.815894643054442,-0.020101574547783902
358,9.814601609335254,-0.020256287801512715
359,9.813301382906165,-0.020411918964074908
360,9.811993950925578,-0.020568470080375215
361,9.810679300633405,-0.0207259431846833
362,9.80935741935135,-0.020884340300570865
363,9.808028294483162,-0.02104366344085166
364,9.8066919135149,-0.021203914607519334
365,9.805348264015203,-0.021365095791686543
366,9.803997333635529,-0.021527208973524534
367,9.802639110110427,-0.02169025612220155
368,9.80127358125781,-0.021854239195821436
369,9.799900734979213,-0.02201916014136234
370,9.798520559260034,-0.022185020894617047
371,9.797133042169826,-0.022351823380130385
372,9.795738171862514,-0.022519569511139998
373,9.79433593657672,-0.022688261189513215
374,9.792926324635971,-0.02285790030568786
375,9.791509324448974,-0.02302848873861123
376,9.790084924509895,-0.02320002835567799
377,9.788653113398599,-0.02337252101267081
378,9.787213879780934,-0.023545968553698463
379,9.78576721240898,-0.02372037281113538
380,9.784313100121288,-0.02389573560556207
381,9.782851531843214,-0.024072058745701723
382,9.781382496587078,-0.024249344028363276
383,9.779905983452513,-0.0244275932383777
384,9.778421981626689,-0.024606808148538894
385,9.776930480384593,-0.024786990519542126
386,9.775431469089254,-0.02496814209992564
387,9.773924937192055,-0.025150264626008032
388,9.772410874232953,-0.02533335982182915
389,9.770889269840765,-0.02551742939908968
390,9.769360113733438,-0.02570247505708984
391,9.767823395718276,-0.025888498482670746
392,9.766279105692252,-0.026075501350152644
393,9.764727233642219,-0.02626348532127648
394,9.763167769645205,-0.026452452045142776
395,9.761600703868679,-0.026642403158151366
396,9.760026026570786,-0.026833340283942703
397,9.75844372810063,-0.027025265033337388
398,9.756853798898538,-0.02721817900427558
399,9.755256229496304,-0.027412083781759033
400,9.753651010517485,-0.027606980937789165
401,9.752038132677624,-0.027802872031310027
402,9.750417586784536,-0.027999758608146727
403,9.748789363738583,-0.0281976422009464
404,9.747153454532903,-0.028396524329119814
405,9.745509850253699,-0.028596406498781018
406,9.743858542080492,-0.028797290202688612
407,9.742199521286388,-0.028999176920186245
408,9.740532779238322,-0.029202068117144615
409,9.738858307397367,-0.029405965245900115
410,9.73717609731894,-0.02961086974519901
411,9.735486140653101,-0.029816783040136175
412,9.733788429144816,-0.03002370654209716
413,9.732082954634203,-0.03023164164869969
414,9.730369709056797,-0.030440589743735313
415,9.728648684443819,-0.030650552197110745
416,9.72691987292245,-0.030861530364788444
417,9.725183266716082,-0.03107352558872965
418,9.723438858144574,-0.03128653919683568
419,9.721686639624528,-0.031500572502889845
420,9.719926603669537,-0.031715626806499746
421,9.718158742890466,-0.03193170339303877
422,9.716383049995702,-0.032148803533588816
423,9.714599517791438,-0.03236692848488128
424,9.712808139181906,-0.032586079489241436
425,9.711008907169646,-0.03280625777452999
426,9.709201814855787,-0.03302746455408557
427,9.707386855440303,-0.03324970102666696
428,9.70556402222227,-0.033472968376396794
429,9.70373330860012,-0.0336972677727046
430,9.701894708071922,-0.03392260037026913
431,9.700048214235645,-0.03414896730896145
432,9.698193820789415,-0.03437636971378847
433,9.696331521531766,-0.034604808694836765
434,9.694461310361914,-0.03483428534721585
435,9.692583181280026,-0.035064800751001296
436,9.690697128387482,-0.03529635597117849
437,9.68880314588712,-0.035528952057587534
438,9.686901228083508,-0.035762590044866205
439,9.684991369383221,-0.035997270952394564
440,9.683073564295091,-0.03623299578423859
441,9.681147807430468,-0.03646976552909511
442,9.679214093503484,-0.036707581160236535
443,9.677272417331313,-0.03694644363545516
444,9.675322773834443,-0.03718635389700761
445,9.673365158036944,-0.03742731287155964
446,9.671399565066695,-0.03766932147013279
447,9.669425990155684,-0.037912380588047606
448,9.667444428640266,-0.03815649110486933
449,9.665454875961393,-0.03840165388435499
450,9.66345732766493,-0.03864786977439643
451,9.661451779401853,-0.0388951396069687
452,9.659438226928557,-0.03914346419807431
453,9.657416666107126,-0.03939284434768886
454,9.655387092905544,-0.03964328083970947
455,9.653349503398012,-0.03989477444189825
456,9.651303893765164,-0.04014732590583171
457,9.649250260294362,-0.040400935966845054
458,9.64718859937995,-0.040655605343980154
459,9.645118907523505,-0.04091133473993239
460,9.643041181334103,-0.04116812484099785
461,9.640955417528584,-0.04142597631702053
462,9.638861612931816,-0.04168488982133955
463,9.636759764476949,-0.04194486599073708
464,9.634649869205678,-0.04220590544538635
465,9.632531924268497,-0.042468008788799465
466,9.630405926924988,-0.042731176607774854
467,9.628271874544051,-0.042995409472346514
468,9.626129764604164,-0.04326070793573252
469,9.623979594693683,-0.043527072534282375
470,9.62182136251106,-0.043794503787427455
471,9.619655065865112,-0.044063002197629375
472,9.617480702675296,-0.044332568250329156
473,9.615298270971959,-0.044603202413896544
474,9.613107768896608,-0.044874905139579216
475,9.61090919470215,-0.04514767686145369
476,9.608702546753179,-0.04542151799637389
477,9.606487823526212,-0.04569642894392221
478,9.604265023609953,-0.04597241008635957
479,9.602034145705572,-0.04624946178857558
480,9.599795188626938,-0.046527584398039896
481,9.597548151300897,-0.046806778244752295
482,9.595293032767518,-0.04708704364119469
483,9.593029832180363,-0.0473683808822816
484,9.590758548806734,-0.0476507902453122
485,9.588479182027957,-0.047934271989921284
486,9.586191731339607,-0.048218826358032034
487,9.583896196351763,-0.04850445357380873
488,9.581592576789326,-0.048791153843606085
489,9.5792808724922,-0.04907892735592556
490,9.576961083415615,-0.04936777428136483
491,9.57463320963033,-0.0496576947725733
492,9.57229725132293,-0.04994868896420351
493,9.569953208796065,-0.050240756972865334
494,9.567601082468709,-0.05053389889707953
495,9.565240872876423,-0.05082811481723112
496,9.56287258067161,-0.05112340479552336
497,9.56049620662376,-0.0514197688759332
498,9.558111751619727,-0.051717207084163976
499,9.55571921666396,-0.05201571942760168
500,9.553318602878784,-0.05231530589526867
501,9.55090991150464,-0.052615966457779655
502,9.548493143900359,-0.05291770106729617
503,9.54606830154338,-0.05322050965748363
504,9.543635386030044,-0.05352439214346587
505,9.541194399075824,-0.05382934842178186
506,9.538745342515599,-0.054135378370341734
507,9.536288218303897,-0.054442481848383316
508,9.53382302851514,-0.054750658696429706
509,9.53134977534392,-0.05505990873624529
510,9.528868461105231,-0.05537023177079351
511,9.52637908823474,-0.05568162758419442
512,9.523881659289044,-0.05599409594168182
513,9.521376176945887,-0.05630763658956283
514,9.518862644004447,-0.0566222492551749
515,9.51634106338559,-0.05693793364684416
516,9.513811438132093,-0.05725468945384555
517,9.511273771408916,-0.05757251634636068
518,9.508728066503462,-0.057891413975437345
519,9.506174326825809,-0.0582113819729494
520,9.503612555908974,-0.058532419951556315
521,9.501042757409154,-0.05885452750466358
522,9.498464935105984,-0.059177704206382624
523,9.495879092902783,-0.05950194961149195
524,9.493285234826807,-0.0598272632553976
525,9.490683365029492,-0.0601536446540945
526,9.488073487786695,-0.06048109330412857
527,9.48545560749898,-0.06080960868255643
528,9.482829728691827,-0.06113919024690982
529,9.480195856015893,-0.06146983743515616
530,9.47755399424726,-0.06180154966566197
531,9.474904148287694,-0.06213432633715512
532,9.472246323164871,-0.06246816682868822
533,9.469580524032633,-0.06280307049960213
534,9.466906756171241,-0.06313903668948945
535,9.464225024987611,-0.06347606471815831
536,9.461535336015563,-0.063814153885597
537,9.458837694916062,-0.06415330347193865
538,9.456132107477476,-0.06449351273742479
539,9.453418579615816,-0.06483478092237187
540,9.45069711737495,-0.06517710724713674
541,9.447967726926894,-0.06552049091208105
542,9.445230414572027,-0.06586493109753844
543,9.442485186739345,-0.06621042696377992
544,9.439732049986677,-0.06655697765098198
545,9.43697101100097,-0.06690458227919166
546,9.434202076598497,-0.06725323994829502
547,9.431425253725115,-0.06760294973798402
548,9.428640549456484,-0.06795371070772528
549,9.425847970998339,-0.06830552189672684
550,9.4230475256867,-0.068658382323908
551,9.420239220988135,-0.06901229098786685
552,9.417423064499971,-0.0693672468668507
553,9.414599063950565,-0.06972324891872407
554,9.41176722719951,-0.07008029608093957
555,9.4089275622379,-0.07043838727050734
556,9.406080077188536,-0.07079752138396571
557,9.403224780306205,-0.07115769729735116
558,9.400361679977863,-0.07151891386617078
559,9.397490784722901,-0.07188116992537275
560,9.39461210319339,-0.07224446428931743
561,9.39172564417428,-0.07260879575175068
562,9.388831416583663,-0.07297416308577508
563,9.385929429473002,-0.07334056504382298
564,9.383019692027357,-0.07370800035762924
565,9.380102213565602,-0.07407646773820595
566,9.377177003540679,-0.07444596587581423
567,9.374244071539826,-0.07481649343993932
568,9.371303427284788,-0.07518804907926463
569,9.368355080632075,-0.07556063142164664
570,9.365399041573157,-0.07593423907409003
571,9.362435320234724,-0.07630887062272265
572,9.35946392687889,-0.07668452463277159
573,9.356484871903435,-0.07706119964853933
574,9.353498165842016,-0.07743889419338021
575,9.35050381936441,-0.07781760676967672
576,9.347501843276737,-0.07819733585881722
577,9.344492248521654,-0.07857807992117358
578,9.341475046178617,-0.07895983739607874
579,9.338450247464095,-0.07934260670180443
580,9.335417863731763,-0.0797263862355413
581,9.332377906472766,-0.08011117437337606
582,9.329330387315911,-0.08049696947027218
583,9.326275318027887,-0.08088376986004912
584,9.323212710513513,-0.08127157385536174
585,9.320142576815913,-0.08166037974768203
586,9.31706492911676,-0.08205018580727924
587,9.313979779736504,-0.08244099028320051
588,9.310887141134552,-0.0828327914032536
589,9.307787025909525,-0.08322558737398739
590,9.30467944679942,-0.08361937638067628
591,9.301564416681892,-0.08401415658730016
592,9.298441948574407,-0.08440992613652987
593,9.295312055634476,-0.08480668314970942
594,9.292174751159887,-0.08520442572683952
595,9.289030048588872,-0.08560315194656332
596,9.285877961500354,-0.08600285986614946
597,9.282718503614142,-0.0864035475214776
598,9.279551688791125,-0.08680521292702433
599,9.276377531033505,-0.08720785407584822
600,9.27319604448499,-0.08761146893957605
601,9.270007243430992,-0.08801605546838984
602,9.266811142298849,-0.08842161159101336
603,9.263607755657995,-0.08882813521470033
604,9.260397098220215,-0.08923562422522055
605,9.25717918483979,-0.08964407648684979
606,9.25395403051375,-0.09005348984235684
607,9.250721650382024,-0.09046386211299394
608,9.247482059727673,-0.0908751910984851
609,9.244235273977068,-0.09128747457701654
610,9.240981308700103,-0.09170071030522611
611,9.237720179610374,-0.09211489601819467
612,9.234451902565388,-0.09253002942943647
613,9.231176493566744,-0.09294610823089117
614,9.227893968760334,-0.09336313009291519
615,9.224604344436539,-0.09378109266427366
616,9.221307637030385,-0.09419999357213472
617,9.218003863121789,-0.09461983042206028
618,9.214693039435693,-0.0950406007980015
619,9.21137518284229,-0.09546230226229116
620,9.208050310357182,-0.09588493235563952
621,9.204718439141576,-0.09630848859712801
622,9.201379586502483,-0.0967329684842046
623,9.198033769892868,-0.09715836949267957
624,9.194681006911846,-0.09758468907672237
625,9.19132131530488,-0.0980119246688562
626,9.187954712963931,-0.09844007367995666
627,9.184581217927647,-0.0988691334992488
628,9.181200848381547,-0.09929910149430378
629,9.177813622658187,-0.09972997501103856
630,9.17441955923732,-0.1001617513737142
631,9.171018676746112,-0.10059442788493377
632,9.167610993959261,-0.10102800182564352
633,9.164196529799213,-0.10146247045513163
634,9.160775303336285,-0.1018978310110298
635,9.157347333788861,-0.1023340807093134
636,9.153912640523574,-0.10277121674430191
637,9.150471243055424,-0.10320923628866269
638,9.147023161047976,-0.10364813649341197
639,9.143568414313506,-0.10408791448791745
640,9.14010702281317,-0.10452856737990185
641,9.136639006657171,-0.10497009225544573
642,9.13316438610489,-0.10541248617899274
643,9.129683181565062,-0.105855746193353
644,9.126195413595926,-0.10629986931970871
645,9.122701102905383,-0.10674485255761892
646,9.119200270351133,-0.10719069288502601
647,9.115692936940848,-0.10763738725826143
648,9.112179123832295,-0.1080849326120528
649,9.108658852333505,-0.1085333258595312
650,9.105132143902898,-0.10898256389223875
651,9.10159902014944,-0.10943264358013693
652,9.098059502832799,-0.10988356177161415
653,9.09451361386344,-0.11033531529349712
654,9.090961375302832,-0.11078790095105732
655,9.087402809363505,-0.11124131552802469
656,9.083837938409252,-0.11169555578659486
657,9.08026678495525,-0.11215061846744127
658,9.076689371668158,-0.1126065002897275
659,9.07310572136627,-0.11306319795111881
660,9.069515857019665,-0.11352070812779325
661,9.065919801750297,-0.11397902747445623
662,9.062317578832147,-0.11443815262435292
663,9.058709211691335,-0.11489808018928217
664,9.055094723906242,-0.11535880675961134
665,9.051474139207638,-0.11582032890429036
666,9.047847481478778,-0.11628264317086835
667,9.044214774755561,-0.11674574608550706
668,9.040576043226595,-0.11720963415299969
669,9.036931311233342,-0.11767430385678612
670,9.03328060327022,-0.11813975165897045
671,9.029623943984719,-0.11860597400033844
672,9.02596135817748,-0.11907296730037674
673,9.022292870802442,-0.11954072795729044
674,9.018618506966908,-0.12000925234802287
675,9.01493829193167,-0.12047853682827508
676,9.011252251111097,-0.1209485777325262
677,9.007560410073234,-0.12141937137405373
678,9.003862794539888,-0.12189091404495557
679,9.000159430386741,-0.12236320201617058
680,8.99645034364343,-0.12283623153750138
681,8.992735560493625,-0.123309998837637
682,8.989015107275128,-0.12378450012417616
683,8.985289010479958,-0.12425973158365046
684,8.98155729675441,-0.12473568938154972
685,8.97781999289918,-0.12521236966234472
686,8.974077125869407,-0.12568976854951389
687,8.970328722774752,-0.12616788214556862
688,8.966574810879484,-0.12664670653207935
689,8.96281541760254,-0.12712623776970253
690,8.959050570517594,-0.12760647189820756
691,8.955280297353134,-0.12808740493650447
692,8.951504625992508,-0.12856903288267285
693,8.947723584474007,-0.1290513517139891
694,8.943937200990895,-0.1295343573869578
695,8.940145503891504,-0.13001804583733934
696,8.936348521679244,-0.130502412980182
697,8.932546283012703,-0.1309874547098511
698,8.928738816705655,-0.1314731669000617
699,8.924926151727119,-0.1319595454039101
700,8.92110831720142,-0.13244658605390552
701,8.917285342408206,-0.13293428466200374
702,8.913457256782515,-0.13342263701963966
703,8.909624089914777,-0.13391163889776245
704,8.905785871550869,-0.13440128604686924
705,8.901942631592147,-0.1348915741970397
706,8.898094400095472,-0.13538249905797214
707,8.894241207273227,-0.13587405631901953
708,8.890383083493353,-0.13636624164922556
709,8.886520059279365,-0.13685905069736173
710,8.882652165310361,-0.13735247909196552
711,8.878779432421053,-0.13784652244137793
712,8.87490189160176,-0.13834117633378235
713,8.871019573998435,-0.13883643633724363
714,8.867132510912656,-0.1393322979997477
715,8.863240733801646,-0.13982875684924195
716,8.859344274278254,-0.14032580839367592
717,8.855443164110968,-0.14082344812104255
718,8.851537435223902,-0.1413216714994199
719,8.847627119696792,-0.14182047397701364
720,8.843712249764966,-0.14231985098220049
721,8.839792857819376,-0.1428197979235697
722,8.83586897640653,-0.14332031018996905
723,8.831940638228485,-0.14382138315054896
724,8.82800787614284,-0.14432301215480667
725,8.824070723162691,-0.1448251925326322
726,8.82012921245661,-0.1453279195943549
727,8.81618337734862,-0.1458311886307887
728,8.812233251318133,-0.1463349949132812
729,8.80827886799993,-0.14683933369375993
730,8.804320261184104,-0.14734420020478134
731,8.800357464816042,-0.14784958965957865
732,8.796390512996338,-0.14835549725211244
733,8.792419439980755,-0.1488619181571197
734,8.788444280180178,-0.14936884753016427
735,8.784465068160548,-0.14987628050768773
736,8.780481838642794,-0.15038421220706114
737,8.77649462650277,-0.15089263772663702
738,8.77250346677117,-0.15140155214580195
739,8.768508394633486,-0.15191095052502923
740,8.76450944542989,-0.15242082790593342
741,8.760506654655194,-0.15293117931132363
742,8.75650005795873,-0.1534419997452586
743,8.752489691144284,-0.153953284193102
744,8.748475590169992,-0.15446502762157852
745,8.744457791148259,-0.1549772249788293
746,8.740436330345636,-0.15548987119447014
747,8.736411244182728,-0.15600296117964846
748,8.732382569234089,-0.156516489827101
749,8.728350342228108,-0.15703045201121274
750,8.7243146000469,-0.15754484258807555
751,8.720275379726186,-0.15805965639554814
752,8.716232718455158,-0.15857488825331642
753,8.712186653576355,-0.15909053296295453
754,8.708137222585556,-0.15960658530798474
755,8.704084463131602,-0.16012304005394143
756,8.700028413016303,-0.16063989194843126
757,8.695969110194271,-0.16115713572119755
758,8.691906592772755,-0.16167476608418402
759,8.687840899011531,-0.16219277773159735
760,8.683772067322726,-0.16271116533997274
761,8.679700136270636,-0.1632299235682398
762,8.675625144571612,-0.16374904705778617
763,8.671547131093838,-0.16426853043252587
764,8.6674661348572,-0.16478836829896495
765,8.663382195033094,-0.16530855524626867
766,8.659295350944227,-0.16582908584633063
767,8.65520564206447,-0.16634995465383942
768,8.651113108018642,-0.16687115620634882
769,8.647017788582293,-0.16739268502434793
770,8.642919723681567,-0.16791453561132932
771,8.638818953392935,-0.16843670245386166
772,8.63471551794303,-0.16895918002165933
773,8.630609457708413,-0.16948196276765526
774,8.626500813215367,-0.17000504512807235
775,8.622389625139654,-0.1705284215224975
776,8.61827593430632,-0.17105208635395366
777,8.614159781689432,-0.1715760340089749
778,8.610041208411857,-0.17210025885768024
779,8.605920255745025,-0.17262475525384885
780,8.601796965108672,-0.17314951753499566
781,8.597671378070604,-0.17367454002244725
782,8.593543536346422,-0.17419981702141923
783,8.589413481799264,-0.17472534282109295
784,8.585281256439558,-0.1752511116946935
785,8.58114690242473,-0.17577711789956757
786,8.577010462058952,-0.1763033556772629
787,8.572871977792813,-0.17682981925360836
788,8.568731492223097,-0.17735650283879176
789,8.564589048092452,-0.17788340062744254
790,8.560444688289095,-0.17841050679871204
791,8.556298455846514,-0.17893781551635538
792,8.552150393943178,-0.17946532092881276
793,8.548000545902191,-0.1799930171692939
794,8.543848955191011,-0.1805208983558593
795,8.539695665421105,-0.18104895859150544
796,8.53554072034762,-0.1815771919642489
797,8.531384163869058,-0.1821055925472111
798,8.527226040026925,-0.18263415439870395
799,8.523066393005397,-0.18316287156231573
800,8.518905267130968,-0.18369173806699754
801,8.514742706872104,-0.18422074792715012
802,8.510578756838855,-0.18474989514271223
803,8.506413461782502,-0.18527917369924868
804,8.502246866595188,-0.1858085775680387
805,8.498079016309543,-0.18633810070616497
806,8.49390995609827,-0.1868677370566048
807,8.489739731273788,-0.18739748054831892
808,8.485568387287843,-0.18792732509634247
809,8.481395969731052,-0.1884572646018782
810,8.477222524332555,-0.18898729295238617
811,8.473048096959566,-0.189517404021678
812,8.468872733616962,-0.19004759167000884
813,8.464696480446865,-0.19057784974417133
814,8.460519383728197,-0.19110817207759007
815,8.456341489876245,-0.19163855249041598
816,8.452162845442214,-0.19216898478962186
817,8.447983497112807,-0.19269946276909664
818,8.443803491709707,-0.19322998020974438
819,8.439622876189176,-0.1937605308795785
820,8.435441697641556,-0.19429110853382042
821,8.431260003290786,-0.19482170691499742
822,8.427077840493938,-0.19535231975304077
823,8.422895256740722,-0.1958829407653846
824,8.418712299652986,-0.19641356365706578
825,8.414529016984226,-0.1969441821208235
826,8.410345456619064,-0.19747478983720024
827,8.406161666572752,-0.19800538047464228
828,8.40197769499062,-0.19853594768960203
829,8.397793590147604,-0.1990664851266391
830,8.39360940044764,-0.19959698641852427
831,8.389425174423186,-0.20012744518634154
832,8.385240960734635,-0.20065785503959252
833,8.381056808169769,-0.2011882095763008
834,8.376872765643213,-0.20171850238311553
835,8.372688882195861,-0.20224872703541788
836,8.368505206994282,-0.20277887709742665
837,8.36432178933017,-0.20330894612230382
838,8.360138678619721,-0.20383892765226233
839,8.35595592440307,-0.20436881521867295
840,8.35177357634366,-0.20489860234217214
841,8.347591684227654,-0.20542828253277065
842,8.343410297963297,-0.20595784928996236
843,8.339229467580328,-0.20648729610283284
844,8.335049243229298,-0.2070166164501711
845,8.33086967518097,-0.20754580380057838
846,8.326690813825678,-0.20807485161257927
847,8.322512709672624,-0.20860375333473458
848,8.318335413349278,-0.20913250240575143
849,8.314158975600682,-0.20966109225459678
850,8.309983447288761,-0.21018951630061042
851,8.305808879391682,-0.21071776795361785
852,8.301635323003122,-0.21124584061404467
853,8.297462829331584,-0.21177372767303146
854,8.293291449699723,-0.21230142251254755
855,8.289121235543577,-0.21282891850550795
856,8.284952238411888,-0.21335620901588864
857,8.280784509965375,-0.21388328739884246
858,8.27661810197598,-0.21441014700081695
859,8.272453066326133,-0.21493678115967163
860,8.268289455007995,-0.2154631832047961
861,8.264127320122718,-0.21598934645722784
862,8.259966713879656,-0.216515264229772
863,8.255807688595619,-0.2170409298271199
864,8.251650296694061,-0.21756633654596966
865,8.247494590704314,-0.21809147767514656
866,8.24334062326076,-0.21861634649572406
867,8.239188447102073,-0.2191409362811442
868,8.235038115070365,-0.2196652402973405
869,8.230889680110387,-0.22018925180285973
870,8.22674319526868,-0.22071296404898527
871,8.222598713692758,-0.22123637027985982
872,8.218456288630248,-0.2217594637326094
873,8.214315973428043,-0.22228223763746774
874,8.210177821531449,-0.22280468521790026
875,8.206041886483288,-0.22332679969073052
876,8.201908221923045,-0.22384857426626503
877,8.197776881585973,-0.22437000214841918
878,8.193647919302194,-0.22489107653484453
879,8.189521388995813,-0.22541179061705496
880,8.185397344683981,-0.2259321375805549
881,8.181275840475992,-0.2264521106049676
882,8.177156930572346,-0.2269717028641623
883,8.173040669263832,-0.2274909075263842
884,8.16892711093055,-0.22800971775438367
885,8.164816310040994,-0.22852812670554512
886,8.160708321151047,-0.22904612753201922
887,8.156603198903069,-0.22956371338085074
888,8.152500998024863,-0.23008087739411218
889,8.148401773328715,-0.23059761270903445
890,8.144305579710393,-0.23111391245813867
891,8.14021247214814,-0.2316297697693688
892,8.136122505701657,-0.23214517776622529
893,8.132035735511092,-0.23266012956789706
894,8.127952216796004,-0.23317461828939626
895,8.123872004854325,-0.23368863704169207
896,8.119795155061297,-0.23420217893184614
897,8.115721722868452,-0.23471523706314593
898,8.1116517638025,-0.23522780453524234
899,8.107585333464288,-0.23573987444428426
900,8.103522487527702,-0.23625143988305553
901,8.09946328173858,-0.23676249394111137
902,8.095407771913605,-0.23727302970491596
903,8.091356013939212,-0.23778304025797975
904,8.087308063770443,-0.23829251868099763
905,8.08326397742985,-0.23880145805198735
906,8.079223811006324,-0.23930985144642847
907,8.075187620653992,-0.2398176919374013
908,8.071155462591019,-0.24032497259572738
909,8.067127393098456,-0.24083168649010936
910,8.063103468519111,-0.24133782668727
911,8.059083745256299,-0.24184338625209548
912,8.05506827977271,-0.24234835824777456
913,8.051057128589163,-0.24285273573594224
914,8.047050348283449,-0.24335651177681947
915,8.043047995489061,-0.24385967942935793
916,8.039050126893999,-0.24436223175138183
917,8.035056799239538,-0.24486416179973067
918,8.031068069318957,-0.245365462630404
919,8.027083993976307,-0.24586612729870494
920,8.023104630105147,-0.24636614885938415
921,8.019130034647262,-0.2468655203667853
922,8.015160264591392,-0.2473642348749898
923,8.011195376971937,-0.24786228543796243
924,8.007235428867666,-0.24835966510969684
925,8.003280477400393,-0.2488563669443629
926,7.999330579733672,-0.24935238399645226
927,7.995385793071469,-0.2498477093209257
928,7.991446174656821,-0.2503423359733606
929,7.987511781770497,-0.2508362570100985
930,7.983582671729654,-0.2513294654883929
931,7.979658901886444,-0.25182195446655853
932,7.975740529626681,-0.25231371700411864
933,7.971827612368422,-0.252804746161956
934,7.9679202075606055,-0.25329503500246064
935,7.964018372681631,-0.253784576589681
936,7.9601221652379675,-0.2542733639894729
937,7.956231642762742,-0.2547613902696504
938,7.952346862814278,-0.2552486485001372
939,7.948467882974695,-0.255735131753117
940,7.944594760848449,-0.25622083310318533
941,7.94072755406088,-0.25670574562750126
942,7.936866320256738,-0.2571898624059398
943,7.933011117098742,-0.2576731765212434
944,7.929162002266067,-0.2581556810591758
945,7.925319033452872,-0.2586373691086744
946,7.921482268366778,-0.25911823376200444
947,7.917651764727401,-0.2595982681149111
948,7.913827580264794,-0.26007746526677533
949,7.910009772717941,-0.26055581832076674
950,7.906198399833226,-0.26103332038399873
951,7.902393519362877,-0.26150996456768344
952,7.898595189063408,-0.26198574398728713
953,7.894803466694067,-0.2624606517626854
954,7.891018410015279,-0.26293468101831824
955,7.887240076787041,-0.26340782488334713
956,7.883468524767352,-0.26388007649181083
957,7.879703811710597,-0.2643514289827823
958,7.875945995365957,-0.2648218755005252
959,7.872195133475791,-0.2652914091946513
960,7.868451283774006,-0.26576002322027775
961,7.864714503984441,-0.26622771073818446
962,7.860984851819191,-0.2666944649149732
963,7.857262384976996,-0.26716027892322447
964,7.853547161141576,-0.2676251459416559
965,7.849839237979936,-0.2680890591552824
966,7.846138673140722,-0.26855201175557386
967,7.8424455242525095,-0.2690139969406151
968,7.838759848922149,-0.26947500791526435
969,7.835081704733021,-0.2699350378913143
970,7.831411149243365,-0.2703940800876504
971,7.827748239984524,-0.2708521277304129
972,7.824093034459255,-0.27130917405315563
973,7.820445590139969,-0.27176521229700745
974,7.816805964466992,-0.2722202357108335
975,7.813174214846843,-0.2726742375513942
976,7.80955039865043,-0.27312721108350935
977,7.805934573211312,-0.27357914958021745
978,7.802326795823911,-0.27403004632293915
979,7.79872712374174,-0.27447989460163724
980,7.795135614175595,-0.2749286877149806
981,7.791552324291775,-0.2753764189705053
982,7.787977311210269,-0.2758230816847773
983,7.784410632002928,-0.2762686691835559
984,7.780852343691651,-0.276713174801956
985,7.777302503246567,-0.277156591884611
986,7.773761167584171,-0.27759891378583673
987,7.770228393565502,-0.2780401338697944
988,7.766704237994277,-0.27848024551065426
989,7.763188757615036,-0.27891924209275964
990,7.75968200911126,-0.2793571170107909
991,7.756184049103517,-0.2797938636699293
992,7.7526949341475655,-0.28022947548602134
993,7.749214720732467,-0.2806639458857434
994,7.7457434652786965,-0.2810972683067659
995,7.742281224136223,-0.28152943619791876
996,7.738828053582581,-0.28196044301935663
997,7.735384009821024,-0.2823902822427216
998,7.731949148978519,-0.28281894735131113
999,7.728523527103852,-0.2832464318402421
1000,7.725107200165691,-0.2836727292166161
1001,7.721700224050625,-0.2840978329996858
1002,7.7183026545612226,-0.2845217367210196
1003,7.714914547414071,-0.2849444339246684
1004,7.711535958237809,-0.28536591816733103
1005,7.708166942571159,-0.2857861830185203
1006,7.704807555860942,-0.28620522206072957
1007,7.701457853460103,-0.2866230288895983
1008,7.698117890625717,-0.28703959711407917
1009,7.694787722516983,-0.2874549203566042
1010,7.691467404193239,-0.28786899225325113
1011,7.688156990611949,-0.28828180645391016
1012,7.684856536626672,-0.2886933566224512
1013,7.681566096985071,-0.28910363643688974
1014,7.678285726326859,-0.28951263958955487
1015,7.675015479181799,-0.2899203597872549
1016,7.671755409967644,-0.2903267907514456
1017,7.668505572988093,-0.2907319262183967
1018,7.6652660224307745,-0.2911357599393593
1019,7.6620368123651605,-0.29153828568073276
1020,7.658817996740534,-0.2919394972242324
1021,7.655609629383919,-0.29233938836705603
1022,7.652411763998015,-0.2927379529220524
1023,7.649224454159118,-0.293135184717888
1024,7.646047753315058,-0.29353107759921465
1025,7.642881714783101,-0.2939256254268369
1026,7.639726391747889,-0.2943188220778797
1027,7.636581837259342,-0.29471066144595526
1028,7.6334481042305535,-0.2951011374413317
1029,7.630325245435707,-0.29549024399109997
1030,7.627213313507971,-0.2958779750393411
1031,7.624112360937387,-0.29626432454729495
1032,7.621022440068769,-0.29664928649352695
1033,7.617943603099593,-0.2970328548740955
1034,7.614875902077884,-0.29741502370271994
1035,7.6118193889000905,-0.29779578701094817
1036,7.608774115308965,-0.29817513884832403
1037,7.605740132891432,-0.29855307328255526
1038,7.6027174930764785,-0.2989295843996804
1039,7.599706247132996,-0.29930466630423713
1040,7.596706446167678,-0.29967831311942844
1041,7.593718141122847,-0.30005051898729207
1042,7.5907413827743575,-0.3004212780688657
1043,7.587776221729422,-0.3007905845443559
1044,7.5848227084244835,-0.3011584326133046
1045,7.581880893123066,-0.3015248164947568
1046,7.578950825913629,-0.3018897304274276
1047,7.576032556707404,-0.3022531686698698
1048,7.573126135236277,-0.30261512550063974
1049,7.570231611050597,-0.30297559521846573
1050,7.5673490335170595,-0.303334572142414
1051,7.564478451816509,-0.3036920506120567
1052,7.561619914941815,-0.3040480249876373
1053,7.55877347169571,-0.30440248965023825
1054,7.55593917068864,-0.3047554390019465
1055,7.5531170603365645,-0.30510686746602195
1056,7.550307188858842,-0.30545676948706185
1057,7.547509604276057,-0.30580513953116806
1058,7.544724354407845,-0.30615197208611344
1059,7.541951486870752,-0.30649726166150737
1060,7.539191049076061,-0.30684100278896176
1061,7.536443088227644,-0.30718319002225725
1062,7.53370765131979,-0.30752381793750894
1063,7.530984785135061,-0.30786288113333093
1064,7.528274536242112,-0.3082003742310035
1065,7.525576950993543,-0.3085362918746374
1066,7.522892075523742,-0.308870628731339
1067,7.5202199557467555,-0.3092033794913748
1068,7.517560637354082,-0.30953453886833765
1069,7.5149141658125584,-0.30986410159931044
1070,7.512280586362197,-0.3101920624450305
1071,7.509659944014021,-0.31051841619005516
1072,7.50705228354795,-0.31084315764292403
1073,7.504457649510626,-0.31116628163632465
1074,7.501876086213281,-0.3114877830272554
1075,7.499307637729579,-0.31180765669719007
1076,7.4967523478934925,-0.3121258975522404
1077,7.49421026029718,-0.3124425005233193
1078,7.491681418288831,-0.31275746056630405
1079,7.4891658649705315,-0.3130707726622
1080,7.486663643196153,-0.31338243181730197
1081,7.48417479556922,-0.31369243306335737
1082,7.481699364440793,-0.31400077145772826
1083,7.479237391907342,-0.31430744208355316
1084,7.476788919808665,-0.3146124400499085
1085,7.474353989725723,-0.31491576049197145
1086,7.471932642978592,-0.31521739857117925
1087,7.469524920624328,-0.315517349475392
1088,7.467130863454889,-0.3158156084190518
1089,7.4647505119950415,-0.31611217064334446
1090,7.462383906500245,-0.31640703141635995
1091,7.460031086954622,-0.31670018603325106
1092,7.457692093068845,-0.3169916298163941
1093,7.45536696427807,-0.31728135811554853
1094,7.453055739739889,-0.31756936630801524
1095,7.450758458332252,-0.3178556497987962
1096,7.448475158651417,-0.31814020402075294
1097,7.446205879009918,-0.3184230244347643
1098,7.443950657434508,-0.318704106529885
1099,7.441709531664121,-0.31898344582350363
1100,7.4394825391478605,-0.3192610378614991
1101,7.437269717042963,-0.3195368782183986
1102,7.435071102212787,-0.3198109624975342
1103,7.4328867312248175,-0.32008328633119865
1104,7.430716640348651,-0.32035384538080225
1105,7.428560865554006,-0.3206226353370285
1106,7.426419442508746,-0.32088965191998936
1107,7.424292406576895,-0.3211548908793806
1108,7.422179792816673,-0.32141834799463614
1109,7.420081635978536,-0.3216800190750827
1110,7.417997970503213,-0.3219398999600943
1111,7.415928830519765,-0.32219798651924575
1112,7.413874249843669,-0.32245427465246523
1113,7.411834261974878,-0.32270876029018797
1114,7.409808900095886,-0.32296143939350896
1115,7.4077981970698525,-0.3232123079543348
1116,7.405802185438678,-0.3234613619955358
1117,7.403820897421133,-0.323708597571097
1118,7.401854364910967,-0.3239540107662695
1119,7.39990261947505,-0.324197597697721
1120,7.397965692351496,-0.3244393545136862
1121,7.3960436144478265,-0.3246792773941168
1122,7.394136416339138,-0.3249173625508302
1123,7.392244128266263,-0.32515360622765865
1124,7.3903667801339585,-0.32538800470059864
1125,7.3885044015090875,-0.32562055427795833
1126,7.386657021618852,-0.3258512513005051
1127,7.384824669348981,-0.32608009214161293
1128,7.383007373241971,-0.32630707320740987
1129,7.3812051614953305,-0.32653219093692337
1130,7.379418061959805,-0.32675544180222743
1131,7.37764610213769,-0.3269768223085864
1132,7.3758893091810664,-0.3271963289946008
1133,7.3741477098900985,-0.32741395843235266
1134,7.372421330711333,-0.32762970722754836
1135,7.370710197736019,-0.3278435720196625
1136,7.369014336698435,-0.328055549482081
1137,7.36733377297422,-0.32826563632224387
1138,7.365668531578721,-0.3284738292817875
1139,7.364018637165388,-0.3286801251366849
1140,7.362384114024105,-0.3288845206973889
1141,7.360764986079639,-0.32908701280897074
1142,7.359161276889993,-0.32928759835126137
1143,7.357573009644877,-0.32948627423899024
1144,7.356000207164108,-0.3296830374219247
1145,7.354442891896054,-0.32987788488500863
1146,7.352901085916131,-0.3300708136485001
1147,7.351374810925258,-0.3302618207681085
1148,7.34986408824836,-0.3304509033351319
1149,7.348368938832858,-0.3306380584765932
1150,7.346889383247217,-0.33082328335537603
1151,7.345425441679472,-0.33100657517035914
1152,7.343977133935786,-0.33118793115655176
1153,7.342544479439,-0.3313673485852282
1154,7.341127497227257,-0.3315448247640596
1155,7.339726205952559,-0.3317203570372489
1156,7.338340623879431,-0.3318939427856607
1157,7.336970768883497,-0.33206557942695597
1158,7.335616658450187,-0.3322352644157205
1159,7.334278309673366,-0.3324029952435965
1160,7.332955739254024,-0.33256876943941327
1161,7.331648963498977,-0.33273258456931526
1162,7.330357998319598,-0.3328944382368908
1163,7.329082859230512,-0.3330543280833017
1164,7.327823561348391,-0.33321225178740876
1165,7.32658011939069,-0.33336820706589954
1166,7.325352547674431,-0.3335221916734153
1167,7.32414086011504,-0.3336742034026742
1168,7.322945070225119,-0.33382424008459893
1169,7.321765191113317,-0.33397229958843927
1170,7.320601235483178,-0.334118379821896
1171,7.319453215632012,-0.3342624787312437
1172,7.318321143449765,-0.3344045943014543
1173,7.317205030417976,-0.3345447245563165
1174,7.316104887608667,-0.33468286755855836
1175,7.3150207256833,-0.3348190214099669
1176,7.313952554891748,-0.3349531842515077
1177,7.312900385071277,-0.3350853542634439
1178,7.31186422564553,-0.3352155296654546
1179,7.3108440856235815,-0.3353437087167516
1180,7.309839973598956,-0.33546988971619673
1181,7.308851897748711,-0.3355940710024172
1182,7.307879865832465,-0.3357162509539228
1183,7.306923885191557,-0.3358364279892182
1184,7.305983962748121,-0.33595460056691845
1185,7.305060105004247,-0.33607076718586143
1186,7.3041523180411385,-0.33618492638521996
1187,7.303260607518274,-0.3362970767446148
1188,7.302384978672612,-0.3364072168842242
1189,7.301525436317809,-0.3365153454648952
1190,7.300681984843451,-0.33662146118825215
1191,7.299854628214321,-0.33672556279680604
1192,7.299043369969667,-0.33682764907406226
1193,7.2982482132224895,-0.336927718844628
1194,7.297469160658884,-0.33702577097431813
1195,7.296706214537363,-0.33712180437026096
1196,7.295959376688223,-0.33721581798100303
1197,7.295228648512895,-0.3373078107966145
1198,7.294514030983396,-0.3373977818487897
1199,7.293815524641698,-0.3374857302109521
1200,7.2931331295992115,-0.33757165499835445
1201,7.292466845536203,-0.33765555536818076
1202,7.291816671701313,-0.33773743051964566
1203,7.291182606911062,-0.337817279694093
1204,7.290564649549348,-0.33789510217509566
1205,7.28996279756701,-0.3379708972885524
1206,7.2893770484813825,-0.33804466440278474
1207,7.288807399375911,-0.3381164029286325
1208,7.288253846899727,-0.33818611231954926
1209,7.287716387267308,-0.3382537920716968
1210,7.287195016258109,-0.3383194417240377
1211,7.28668972921624,-0.33838306085842923
1212,7.286200521050173,-0.3384446490997132
1213,7.285727386232434,-0.33850420611580856
1214,7.285270318799367,-0.33856173161780023
1215,7.284829312350881,-0.3386172253600284
1216,7.284404360050224,-0.33867068714017723
1217,7.283995454623792,-0.3387221167993614
1218,7.283602588360959,-0.33877151422221297
1219,7.28322575311391,-0.3388188793369671
1220,7.282864940297512,-0.3388642121155463
1221,7.282520140889214,-0.33890751257364415
1222,7.282191345428945,-0.3389487807708085
1223,7.281878544019031,-0.33898801681052354
1224,7.281581726324171,-0.3390252208402908
1225,7.281300881571414,-0.33906039305170826
1226,7.2810359985501405,-0.33909353368055073
1227,7.2807870656121,-0.3391246430068474
1228,7.280554070671406,-0.3391537213549605
1229,7.280337001204663,-0.33918076909365935
1230,7.280135844251013,-0.3392057866361976
1231,7.279950586412227,-0.3392287744403877
1232,7.279781213852861,-0.3392497330086735
1233,7.279627712300392,-0.33926866288820395
1234,7.279490067045388,-0.33928556467090365
1235,7.279368262941691,-0.3393004389935448
1236,7.279262284406645,-0.33931328653781595
1237,7.279172115421324,-0.33932410803039126
1238,7.279097739530786,-0.33933290424299783
1239,7.279039139844359,-0.3393396759924831
1240,7.278996299035923,-0.3393444241408804
1241,7.278969199344257,-0.3393471495954734
1242,7.278957822573334,-0.3393478533088615
1243,7.278962150092758,-0.33934653627902
1244,7.278982162838074,-0.33934319954936476
1245,7.279017841311225,-0.33933784420881097
1246,7.279069165580949,-0.3393304713918346
1247,7.279136115283247,-0.33932108227852975
1248,7.279218669621841,-0.3393096780946679
1249,7.279316807368662,-0.3392962601117537
1250,7.279430506864382,-0.339280829647081
1251,7.279559746018931,-0.33926338806378764
1252,7.279704502312043,-0.33924393677090936
1253,7.279864752793848,-0.3392224772234325
1254,7.2800404740854505,-0.3391990109223454
1255,7.2802316423795705,-0.33917353941468875
1256,7.2804382334411555,-0.3391460642936057
1257,7.28066022260806,-0.33911658719839
1258,7.2808975847917035,-0.3390851098145334
1259,7.281150294477767,-0.3390516338737729
1260,7.281418325726938,-0.3390161611541348
1261,7.281701652175648,-0.3389786934799791
1262,7.2820002470367795,-0.3389392327220442
1263,7.282314083100523,-0.338897780797487
1264,7.282643132735125,-0.33885433966992495
1265,7.282987367887729,-0.33880891134947594
1266,7.2833467600852,-0.33876149789279736
1267,7.2837212804350004,-0.33871210140312324
1268,7.284110899626067,-0.33866072403030123
1269,7.284515587929702,-0.33860736797082835
1270,7.284935315200504,-0.33855203546788515
1271,7.2853700508772965,-0.33849472881136905
1272,7.2858197639840805,-0.33843545033792743
1273,7.286284423131029,-0.3383742024309875
1274,7.286763996515483,-0.3383109875207868
1275,7.287258451922945,-0.3382458080844027
1276,7.287767756728135,-0.3381786666457791
1277,7.288291877896026,-0.33810956577575463
1278,7.288830781982933,-0.3380385080920864
1279,7.289384435137607,-0.3379654962594754
1280,7.2899528031023095,-0.3378905329895899
1281,7.29053585121398,-0.3378136210410869
1282,7.2911335444053815,-0.3377347632196332
1283,7.291745847206224,-0.33765396237792594
1284,7.292372723744392,-0.33757122141571005
1285,7.293014137747114,-0.3374865432797974
1286,7.293670052542198,-0.3373999309640815
1287,7.294340431059262,-0.3373113875095537
1288,7.2950252358309795,-0.33722091600431703
1289,7.2957244289943635,-0.33712851958359874
1290,7.296437972292062,-0.33703420142976204
1291,7.297165827073644,-0.33693796477231663
1292,7.297907954296918,-0.33683981288792886
1293,7.298664314529295,-0.33673974910042853
1294,7.2994348679491186,-0.33663777678081713
1295,7.300219574347066,-0.33653389934727257
1296,7.301018393127526,-0.33642812026515395
1297,7.301831283309995,-0.3363204430470056
1298,7.302658203530494,-0.33621087125255916
1299,7.3034991120430455,-0.33609940848873376
1300,7.304353966721091,-0.3359860584096366
1301,7.305222725058958,-0.3358708247165614
1302,7.306105344173391,-0.33575371115798536
1303,7.307001780804988,-0.3356347215295663
1304,7.307911991319772,-0.3355138596741367
1305,7.3088359317107034,-0.3353911294816973
1306,7.309773557599213,-0.33526653488941094
1307,7.31072482423679,-0.33514007988159217
1308,7.311689686506551,-0.33501176848969844
1309,7.312668098924807,-0.33488160479231893
1310,7.313660015642705,-0.3347495929151617
1311,7.314665390447837,-0.33461573703104003
1312,7.315684176765847,-0.33448004135985865
1313,7.3167163276621405,-0.3343425101685955
1314,7.3177617958434755,-0.33420314777128723
1315,7.318820533659708,-0.33406195852900755
1316,7.319892493105426,-0.33391894684985
1317,7.320977625821677,-0.3337741171889057
1318,7.322075883097701,-0.3336274740482408
1319,7.323187215872621,-0.3334790219768735
1320,7.324311574737222,-0.33332876557074914
1321,7.325448909935689,-0.3331767094727136
1322,7.326599171367371,-0.3330228583724871
1323,7.3277623085885795,-0.33286721700663374
1324,7.328938270814375,-0.3327097901585333
1325,7.330127006920354,-0.3325505826583496
1326,7.331328465444497,-0.3323895993829974
1327,7.332542594588975,-0.33222684525610974
1328,7.333769342221987,-0.3320623252480025
1329,7.335008655879648,-0.3318960443756377
1330,7.336260482767811,-0.33172800770258665
1331,7.3375247697639505,-0.33155822033899124
1332,7.338801463419063,-0.33138668744152344
1333,7.340090509959571,-0.33121341421334355
1334,7.341391855289191,-0.33103840590405853
1335,7.342705444990898,-0.3308616678096773
1336,7.344031224328813,-0.330683205272566
1337,7.345369138250163,-0.33050302368140116
1338,7.346719131387241,-0.33032112847112177
1339,7.348081148059337,-0.3301375251228802
1340,7.349455132274716,-0.3299522191639924
1341,7.350841027732605,-0.32976521616788546
1342,7.352238777825175,-0.3295765217540444
1343,7.353648325639527,-0.32938614158795876
1344,7.355069613959699,-0.3291940813810666
1345,7.356502585268711,-0.3290003468906965
1346,7.357947181750523,-0.32880494392001175
1347,7.359403345292142,-0.3286078783179476
1348,7.360871017485591,-0.3284091559791538
1349,7.36235013963003,-0.3282087828439289
1350,7.36384065273373,-0.32800676489816016
1351,7.365342497516198,-0.32780310817325625
1352,7.36685561441023,-0.32759781874608207
1353,7.368379943563975,-0.3273909027388919
1354,7.369915424843037,-0.32718236631925934
1355,7.371461997832579,-0.32697221570000784
1356,7.373019601839387,-0.32676045713913976
1357,7.374588175894021,-0.32654709693976264
1358,7.376167658752883,-0.3263321414500165
1359,7.377757988900373,-0.326115597062997
1360,7.379359104550999,-0.32589747021667964
1361,7.380970943651529,-0.3256777673938412
1362,7.382593443883107,-0.32545649512198055
1363,7.384226542663391,-0.32523365997323883
1364,7.385870177148732,-0.32500926856431617
1365,7.387524284236315,-0.32478332755638856
1366,7.38918880056633,-0.32455584365502343
1367,7.39086366252412,-0.32432682361009385
1368,7.392548806242376,-0.32409627421569037
1369,7.394244167603286,-0.3238642023100334
1370,7.395949682240747,-0.32363061477538235
1371,7.397665285542528,-0.32339551853794446
1372,7.399390912652466,-0.32315892056778256
1373,7.401126498472674,-0.32292082787871995
1374,7.4028719776657255,-0.3226812475282462
1375,7.40462728465686,-0.3224401866174194
1376,7.406392353636206,-0.32219765229076885
1377,7.4081671185609554,-0.3219536517361955
1378,7.409951513157623,-0.32170819218487057
1379,7.411745470924226,-0.3214612809111346
1380,7.413548925132525,-0.32121292523239303
1381,7.415361808830245,-0.32096313250901165
1382,7.4171840548433,-0.32071191014421085
1383,7.419015595778015,-0.3204592655839578
1384,7.420856364023376,-0.32020520631685784
1385,7.422706291753241,-0.3199497398740444
1386,7.424565310928607,-0.3196928738290669
1387,7.42643335329982,-0.3194346157977789
1388,7.428310350408844,-0.3191749734382226
1389,7.4301962335914755,-0.31891395445051485
1390,7.4320909339796035,-0.3186515665767295
1391,7.4339943825034736,-0.31838781760077856
1392,7.435906509893884,-0.31812271534829434
1393,7.437827246684498,-0.31785626768650665
1394,7.439756523214053,-0.31758848252412186
1395,7.441694269628624,-0.31731936781119896
1396,7.44364041588387,-0.3170489315390247
1397,7.445594891747304,-0.3167771817399869
1398,7.44755762680054,-0.3165041264874471
1399,7.449528550441539,-0.3162297738956118
1400,7.451507591886868,-0.3159541321194022
1401,7.453494680173964,-0.315677209354322
1402,7.455489744163371,-0.31539901383632535
1403,7.457492712541018,-0.3151195538416815
1404,7.459503513820464,-0.3148388376868399
1405,7.461522076345148,-0.3145568737282928
1406,7.463548328290646,-0.3142736703624375
1407,7.465582197666922,-0.31398923602543616
1408,7.467623612320616,-0.31370357919307407
1409,7.469672499937238,-0.31341670838061925
1410,7.471728788043459,-0.3131286321426773
1411,7.473792404009355,-0.31283935907304666
1412,7.475863275050659,-0.31254889780457246
1413,7.4779413282310045,-0.3122572570089986
1414,7.4800264904641685,-0.3119644453968191
1415,7.482118688516336,-0.3116704717171274
1416,7.4842178490083136,-0.31137534475746526
1417,7.486323898417803,-0.311079073343669
1418,7.488436763081636,-0.3107816663397153
1419,7.490556369197995,-0.31048313264756644
1420,7.492682642828667,-0.3101834812070122
1421,7.494815509901267,-0.3098827209955125
1422,7.496954896211485,-0.3095808610280371
1423,7.499100727425303,-0.309277910356905
1424,7.501252929081237,-0.30897387807162174
1425,7.5034114265925504,-0.3086687732987166
1426,7.505576145249476,-0.3083626052015771
1427,7.507747010221445,-0.30805538298028295
1428,7.509923946559295,-0.3077471158714389
1429,7.512106879197495,-0.30743781314800506
1430,7.514295732956346,-0.30712748411912755
1431,7.516490432544205,-0.3068161381299664
1432,7.518690902559659,-0.3065037845615238
1433,7.5208970674937605,-0.30619043283046893
1434,7.523108851732192,-0.3058760923889637
1435,7.525326179557507,-0.3055607727244844
1436,7.527548975151278,-0.30524448335964555
1437,7.529777162596297,-0.3049272338520197
1438,7.532010665878765,-0.30460903379395704
1439,7.53424940889047,-0.30428989281240354
1440,7.536493315430959,-0.30396982056871785
1441,7.538742309209702,-0.30364882675848703
1442,7.540996313848295,-0.30332692111134013
1443,7.543255252882571,-0.303004113390762
1444,7.545519049764805,-0.30268041339390456
1445,7.547787627865837,-0.30235583095139756
1446,7.550060910477237,-0.30203037592715765
1447,7.552338820813449,-0.30170405821819596
1448,7.554621282013926,-0.30137688775442517
1449,7.55690821714528,-0.30104887449846435
1450,7.559199549203411,-0.30072002844544315
1451,7.561495201115631,-0.3003903596228046
1452,7.563795095742762,-0.3000598780901075
1453,7.566099155881306,-0.299728593938825
1454,7.568407304265503,-0.2993965172921454
1455,7.570719463569476,-0.2990636583047687
1456,7.573035556409312,-0.2987300271627036
1457,7.575355505345169,-0.29839563408306274
1458,7.577679232883374,-0.2980604893138565
1459,7.580006661478483,-0.29772460313378607
1460,7.5823377135353915,-0.2973879858520347
1461,7.5846723114114045,-0.29705064780805795
1462,7.587010377418283,-0.29671259937137345
1463,7.589351833824317,-0.2963738509413485
1464,7.591696602856426,-0.2960344129469851
1465,7.594044606702148,-0.295694295846708
1466,7.59639576751173,-0.2953535101281465
1467,7.598750007400159,-0.29501206630791865
1468,7.601107248449184,-0.29466997493141306
1469,7.603467412709367,-0.2943272465725685
1470,7.605830422202083,-0.29398389183365425
1471,7.608196198921574,-0.29363992134504696
1472,7.610564664836917,-0.2932953457650091
1473,7.612935741894061,-0.2929501757794631
1474,7.61530935201781,-0.29260442210176724
1475,7.617685417113842,-0.2922580954724874
1476,7.620063859070662,-0.2919112066591704
1477,7.6224445997616,-0.2915637664561151
1478,7.624827561046791,-0.2912157856841407
1479,7.627212664775129,-0.2908672751903571
1480,7.629599832786243,-0.2905182458479311
1481,7.631988986912446,-0.29016870855585286
1482,7.634380048980687,-0.2898186742387012
1483,7.636772940814487,-0.2894681538464075
1484,7.6391675842358815,-0.28911715835401847
1485,7.641563901067345,-0.2887656987614576
1486,7.643961813133722,-0.2884137860932856
1487,7.646361242264142,-0.28806143139845974
1488,7.648762110293924,-0.28770864575009203
1489,7.6511643390664705,-0.2873554402452067
1490,7.653567850435198,-0.2870018260044951
1491,7.655972566265387,-0.28664781417207136
1492,7.658378408436088,-0.2862934159152258
1493,7.66078529884199,-0.2859386424241773
1494,7.663193159395294,-0.28558350491182494
1495,7.665601912027579,-0.28522801461349767
1496,7.668011478691644,-0.2848721827867047
1497,7.670421781363362,-0.28451602071088267
1498,7.672832742043537,-0.28415953968714264
1499,7.675244282759719,-0.2838027510380169
1500,7.6776563255680434,-0.28344566610720257
1501,7.680068792555046,-0.28308829625930637
1502,7.682481605839488,-0.28273065287958626
1503,7.68489468757414,-0.28237274737369455
1504,7.687307959947616,-0.28201459116741673
1505,7.689721345186142,-0.28165619570641204
1506,7.692134765555348,-0.2812975724559514
1507,7.694548143362044,-0.2809387329006552
1508,7.696961400955995,-0.28057968854422954
1509,7.699374460731702,-0.2802204509092003
1510,7.701787245130128,-0.2798610315366494
1511,7.704199676640483,-0.2795015565215656
1512,7.706611697861599,-0.2791420344746277
1513,7.709023251456057,-0.2787824740075723
1514,7.711434280151357,-0.2784228837329902
1515,7.713844726741236,-0.27806327226411665
1516,7.7162545340868345,-0.277703648214628
1517,7.718663645118003,-0.27734402019843113
1518,7.721072002834453,-0.2769843968294599
1519,7.723479550307035,-0.27662478672146634
1520,7.725886230678914,-0.276265198487815
1521,7.728291987166796,-0.27590564074127527
1522,7.730696763062115,-0.2755461220938157
1523,7.733100501732225,-0.2751866511563966
1524,7.735503146621598,-0.2748272365387637
1525,7.737904641253006,-0.27446788684924084
1526,7.74030492922867,-0.2741086106945246
1527,7.7427039542314615,-0.2737494166794765
1528,7.745101660026037,-0.2733903134069174
1529,7.747497990459996,-0.273031309477421
1530,7.749892889465054,-0.27267241348910637
1531,7.752286301058146,-0.27231363403743364
1532,7.754678169342599,-0.27195497971499566
1533,7.757068438509227,-0.27159645911131336
1534,7.759457052837492,-0.27123808081262873
1535,7.761843956696586,-0.2708798534016993
1536,7.76422909454656,-0.2705217854575922
1537,7.766612410939426,-0.2701638855554782
1538,7.768993850520238,-0.2698061622664266
1539,7.771373358028226,-0.269448624157198
1540,7.773750878297826,-0.269091279790041
1541,7.7761263562598035,-0.26873413772248494
1542,7.778499736942292,-0.2683772065071363
1543,7.78087096547189,-0.26802049469147204
1544,7.783239987074696,-0.26766401081763586
1545,7.785606747077382,-0.26730776342223217
1546,7.787971190908226,-0.26695176103612245
1547,7.790333264098176,-0.26659601218421947
1548,7.792692912281845,-0.26624052538528464
1549,7.795050081198574,-0.2658853091517221
1550,7.797404716693457,-0.2655303719893749
1551,7.799756764718327,-0.26517572239732223
1552,7.802106171332803,-0.2648213688676737
1553,7.804452882705266,-0.2644673198853676
1554,7.806796845113867,-0.2641135839279666
1555,7.809138004947529,-0.26376016946545405
1556,7.811476308706918,-0.26340708496003234
1557,7.813811703005439,-0.26305433886591845
1558,7.816144134570188,-0.2627019396291424
1559,7.818473550242945,-0.26234989568734446
1560,7.8207998969811205,-0.26199821546957264
1561,7.823123121858703,-0.2616469073960816
1562,7.825443172067249,-0.261295979878129
1563,7.827759994916764,-0.2609454413177765
1564,7.830073537836705,-0.26059530010768595
1565,7.83238374837687,-0.2602455646309196
1566,7.834690574208339,-0.259896243260739
1567,7.836993963124384,-0.2595473443604047
1568,7.839293863041406,-0.25919887628297494
1569,7.841590221999829,-0.2588508473711058
1570,7.843882988164994,-0.2585032659568523
1571,7.846172109828067,-0.25815614036146756
1572,7.848457535406935,-0.25780947889520384
1573,7.850739213447073,-0.25746328985711414
1574,7.853017092622435,-0.2571175815348524
1575,7.855291121736337,-0.2567723622044754
1576,7.857561249722299,-0.25642764013024477
1577,7.859827425644948,-0.25608342356442826
1578,7.862089598700824,-0.2557397207471031
1579,7.864347718219261,-0.25539653990595823
1580,7.8666017336632486,-0.25505388925609657
1581,7.868851594630203,-0.2547117769998404
1582,7.871097250852894,-0.2543702113265319
1583,7.873338652200207,-0.2540292004123392
1584,7.875575748677974,-0.2536887524200608
1585,7.877808490429825,-0.25334887549892804
1586,7.880036827737956,-0.25300957778441246
1587,7.882260711023972,-0.25267086739802896
1588,7.884480090849655,-0.252332752447143
1589,7.886694917917772,-0.251995241024776
1590,7.888905143072872,-0.2516583412094109
1591,7.891110717302082,-0.2513220610647991
1592,7.893311591735834,-0.2509864086397685
1593,7.895507717648689,-0.25065139196802966
1594,7.897699046460086,-0.2503170190679838
1595,7.899885529735107,-0.24998329794253096
1596,7.902067119185218,-0.24965023657887928
1597,7.9042437666690715,-0.24931784294835144
1598,7.906415424193179,-0.2489861250061972
1599,7.908582043912703,-0.2486550906914009
1600,7.910743578132176,-0.248324747926492
1601,7.912899979306243,-0.24799510461735544
1602,7.915051200040358,-0.2476661686530433
1603,7.91719719309155,-0.2473379479055845
1604,7.919337911369098,-0.24701045022979778
1605,7.9214733079352495,-0.24668368346310382
1606,7.92360333600594,-0.24635765542533686
1607,7.925727948951492,-0.24603237391855778
1608,7.927847100297275,-0.24570784672686904
1609,7.929960743724444,-0.24538408161622619
1610,7.93206883307058,-0.24506108633425447
1611,7.934171322330408,-0.24473886861006136
1612,7.936268165656445,-0.24441743615405312
1613,7.938359317359673,-0.2440967966577504
1614,7.94044473191022,-0.24377695779360328
1615,7.942524363937996,-0.24345792721480936
1616,7.944598168233361,-0.2431397125551295
1617,7.946666099747776,-0.242822321428706
1618,7.948728113594445,-0.24250576142988015
1619,7.950784165048952,-0.24219004013301118
1620,7.952834209549892,-0.24187516509229498
1621,7.9548782026995255,-0.24156114384158317
1622,7.956916100264362,-0.24124798389420402
1623,7.95894785817583,-0.24093569274278148
1624,7.960973432530856,-0.24062427785905735
1625,7.962992779592497,-0.2403137466937118
1626,7.965005855790516,-0.240004106676187
1627,7.967012617722029,-0.23969536521450704
1628,7.969013022152074,-0.23938752969510305
1629,7.971007026014218,-0.23908060748263532
1630,7.972994586411124,-0.23877460591981853
1631,7.97497566061515,-0.23846953232724577
1632,7.97695020606894,-0.23816539400321318
1633,7.97891818038597,-0.2378621982235467
1634,7.980879541351128,-0.2375599522414279
1635,7.982834246921306,-0.2372586632872195
1636,7.984782255225929,-0.23695833856829435
1637,7.986723524567518,-0.23665898526886295
1638,7.988658013422247,-0.23636061054980131
1639,7.990585680440499,-0.23606322154848022
1640,7.992506484447399,-0.2357668253785947
1641,7.9944203844433455,-0.23547142912999502
1642,7.996327339604563,-0.23517703986851607
1643,7.998227309283629,-0.23488366463580942
1644,8.000120253009998,-0.23459131044917494
1645,8.002006130490505,-0.23429998430139404
1646,8.003884901609911,-0.23400969316056194
1647,8.005756526431421,-0.233720443969921
1648,8.00762096519715,-0.2334322436476965
1649,8.00947817832867,-0.23314509908693007
1650,8.011328126427504,-0.23285901715531582
1651,8.013170770275606,-0.2325740046950363
1652,8.015006070835867,-0.23229006852259962
1653,8.016833989252609,-0.23200721542867594
1654,8.018654486852055,-0.23172545217793636
1655,8.020467525142822,-0.23144478550889083
1656,8.022273065816378,-0.23116522213372845
1657,8.024071070747553,-0.23088676873815567
1658,8.025861501994964,-0.23060943198123832
1659,8.027644321801512,-0.230333218495242
1660,8.029419492594823,-0.23005813488547427
1661,8.031186976987714,-0.2297841877301269
1662,8.032946737778648,-0.2295113835801188
1663,8.034698737952182,-0.2292397289589402
1664,8.036442940679398,-0.22896923036249714
1665,8.03817930931837,-0.22869989425895615
1666,8.039907807414586,-0.22843172708859003
1667,8.041628398701373,-0.2281647352636251
1668,8.043341047100357,-0.22789892516808719
1669,8.045045716721857,-0.2276343031576504
1670,8.046742371865328,-0.22737087555948501
1671,8.048430977019777,-0.2271086486721068
1672,8.05011149686416,-0.22684762876522754
1673,8.051783896267827,-0.22658782207960457
1674,8.053448140290904,-0.22632923482689238
1675,8.055104194184704,-0.22607187318949537
1676,8.056752023392129,-0.22581574332041954
1677,8.058391593548075,-0.22556085134312606
1678,8.060022870479813,-0.22530720335138593
1679,8.061645820207378,-0.22505480540913453
1680,8.063260408943973,-0.22480366355032666
1681,8.064866603096341,-0.22455378377879348
1682,8.066464369265127,-0.22430517206809963
1683,8.068053674245293,-0.2240578343614
1684,8.069634485026466,-0.22381177657129883
1685,8.071206768793294,-0.22356700457970946
1686,8.07277049292585,-0.22332352423771298
1687,8.074325624999968,-0.2230813413654198
1688,8.075872132787602,-0.22284046175183084
1689,8.077409984257182,-0.22260089115470028
1690,8.078939147573998,-0.22236263530039674
1691,8.0804595911005,-0.22212569988376898
1692,8.081971283396673,-0.22189009056800937
1693,8.083474193220376,-0.22165581298451933
1694,8.084968289527678,-0.22142287273277517
1695,8.0864535414732,-0.22119127538019456
1696,8.087929918410435,-0.2209610264620047
1697,8.089397389892095,-0.22073213148111012
1698,8.090855925670425,-0.22050459590796198
1699,8.092305495697525,-0.2202784251804279
1700,8.0937460701257,-0.22005362470366172
1701,8.095177619307718,-0.219830199849977
1702,8.096600113797182,-0.21960815595871708
1703,8.0980135243488,-0.2193874983361295
1704,8.099417821918744,-0.21916823225523827
1705,8.100812977664884,-0.21895036295572048
1706,8.102198962947151,-0.21873389564378007
1707,8.103575749327796,-0.21851883549202522
1708,8.104943308571722,-0.21830518763934373
1709,8.106301612646737,-0.21809295719078295
1710,8.107650633723877,-0.21788214921742674
1711,8.10899034417767,-0.21767276875627586
1712,8.11032071658644,-0.2174648208101274
1713,8.111641723732566,-0.21725831034745707
1714,8.112953338602779,-0.21705324230229994
1715,8.114255534388432,-0.21684962157413373
1716,8.115548284485758,-0.21664745302776273
1717,8.116831562496161,-0.21644674149320145
1718,8.118105342226476,-0.21624749176556024
1719,8.11936959768922,-0.21604970860493158
1720,8.120624303102868,-0.21585339673627676
1721,8.121869432892101,-0.21565856084931376
1722,8.123104961688083,-0.21546520559840537
1723,8.124330864328675,-0.21527333560244966
1724,8.125547115858717,-0.2150829554447694
1725,8.126753691530277,-0.21489406967300329
1726,8.127950566802859,-0.21470668279899915
1727,8.129137717343694,-0.2145207992987046
1728,8.130315119027934,-0.21433642361206326
1729,8.131482747938916,-0.21415356014290793
1730,8.1326405803684,-0.21397221325885551
1731,8.133788592816774,-0.21379238729120534
1732,8.134926761993288,-0.21361408653483505
1733,8.13605506481632,-0.21343731524809786
1734,8.137173478413542,-0.2132620776527237
1735,8.138281980122176,-0.21308837793371713
1736,8.1393805474892,-0.21291622023925946
1737,8.14046915827156,-0.21274560868060935
1738,8.14154779043641,-0.21257654733200543
1739,8.142616422161279,-0.21240904023057056
1740,8.143675031834304,-0.21224309137621508
1741,8.14472359805444,-0.21207870473154236
1742,8.145762099631659,-0.21191588422175486
1743,8.146790515587133,-0.21175463373456133
1744,8.147808825153442,-0.21159495712008455
1745,8.148817007774799,-0.2114368581907691
1746,8.149815043107191,-0.21128034072129256
1747,8.15080291101861,-0.211125408448475
1748,8.151780591589219,-0.2109720650711911
1749,8.15274806511154,-0.21082031425028216
1750,8.153705312090658,-0.2106701596084691
1751,8.15465231324436,-0.21052160473026799
1752,8.155589049503371,-0.21037465316190265
1753,8.15651550201148,-0.21022930841122325
1754,8.15743165212573,-0.21008557394762226
1755,8.158337481416602,-0.20994345320195149
1756,8.15923297166817,-0.2098029495664423
1757,8.16011810487826,-0.2096640663946248
1758,8.16099286325865,-0.20952680700124743
1759,8.161857229235187,-0.2093911746622003
1760,8.16271118544797,-0.20925717261443683
1761,8.163554714751522,-0.20912480405589623
1762,8.164387800214916,-0.2089940721454297
1763,8.16521042512194,-0.20886498000272455
1764,8.166022572971253,-0.20873753070823076
1765,8.166824227476523,-0.20861172730308808
1766,8.167615372566583,-0.208487572789054
1767,8.168395992385577,-0.20836507012843322
1768,8.169166071293086,-0.20824422224400715
1769,8.169925593864285,-0.20812503201896507
1770,8.17067454489008,-0.20800750229683596
1771,8.171412909377217,-0.20789163588142165
1772,8.172140672548458,-0.20777743553673
1773,8.172857819842667,-0.2076649039869102
1774,8.173564336914982,-0.20755404391618823
1775,8.174260209636905,-0.20744485796880327
1776,8.174945424096446,-0.20733734874894572
1777,8.175619966598239,-0.20723151882069551
1778,8.176283823663677,-0.2071273707079612
1779,8.176936982031005,-0.20702490689442152
1780,8.17757942865544,-0.20692412982346622
1781,8.17821115070932,-0.20682504189813744
1782,8.178832135582162,-0.2067276454810752
1783,8.179442370880823,-0.20663194289445952
1784,8.180041844429569,-0.20653793641995735
1785,8.180630544270201,-0.20644562829866778
1786,8.18120845866214,-0.2063550207310704
1787,8.181775576082563,-0.2062661158769718
1788,8.182331885226475,-0.2061789158554559
1789,8.1828773750068,-0.20609342274483433
1790,8.183412034554493,-0.20600963858259697
1791,8.183935853218642,-0.20592756536536344
1792,8.184448820566528,-0.20584720504883788
1793,8.184950926383738,-0.2057685595477612
1794,8.185442160674258,-0.20569163073586677
1795,8.185922513660543,-0.20561642044583645
1796,8.1863919757836,-0.20554293046925767
1797,8.18685053770307,-0.20547116255658157
1798,8.187298190297312,-0.20540111841708125
1799,8.187734924663486,-0.20533279971881202
1800,8.188160732117623,-0.20526620808857224
1801,8.18857560419469,-0.20520134511186516
1802,8.18897953264867,-0.20513821233286236
1803,8.189372509452635,-0.2050768112543663
1804,8.189754526798808,-0.20501714333777618
1805,8.190125577098625,-0.20495921000305384
1806,8.190485652982803,-0.20490301262868985
1807,8.190834747301396,-0.20484855255167203
1808,8.191172853123877,-0.20479583106745322
1809,8.191499963739167,-0.20474484942992216
1810,8.191816072655703,-0.20469560885137358
1811,8.192121173601503,-0.20464811050248005
1812,8.19241526052418,-0.20460235551226527
1813,8.192698327591055,-0.2045583449680766
1814,8.192970369189139,-0.2045160799155611
1815,8.193231379925226,-0.20447556135864037
1816,8.193481354625918,-0.2044367902594875
1817,8.193720288337673,-0.20439976753850478
1818,8.193948176326833,-0.20436449407430296
1819,8.194165014079678,-0.20433097070367984
1820,8.194370797302463,-0.20429919822160167
1821,8.194565521921445,-0.20426917738118464
1822,8.194749184082921,-0.20424090889367766
1823,8.19492178015325,-0.20421439342844608
1824,8.195083306718882,-0.2041896316129566
1825,8.195233760586415,-0.2041666240327618
1826,8.195373138782582,-0.20414537123148838
1827,8.195501438554288,-0.2041258737108238
1828,8.195618657368652,-0.20410813193050498
1829,8.195724792912989,-0.20409214630830858
1830,8.195819843094862,-0.204077917220041
1831,8.195903806042079,-0.20406544499953047
1832,8.195976680102707,-0.20405472993861978
1833,8.196038463845106,-0.2040457722871592
1834,8.19608915605791,-0.20403857225300184
1835,8.19612875575005,-0.2040331300019995
1836,8.196157262150775,-0.20402944565799805
1837,8.196174674709628,-0.20402751930283677
1838,8.196180993096466,-0.204027350976346
1839,8.196176217201456,-0.20402894067634683
1840,8.196160347135084,-0.20403228835865198
1841,8.196133383228148,-0.2040373939370672
1842,8.196095326031735,-0.20404425728339462
1843,8.196046176317246,-0.20405287822743526
1844,8.195985935076367,-0.20406325655699462
1845,8.19591460352107,-0.2040753920178876
1846,8.19583218308359,-0.20408928431394593
1847,8.19573867541642,-0.20410493310702524
1848,8.195634082392298,-0.20412233801701368
1849,8.195518406104167,-0.20414149862184214
1850,8.1953916488652,-0.20416241445749378
1851,8.195253813208733,-0.20418508501801694
1852,8.195104901888257,-0.20420950975553734
1853,8.194944917877422,-0.2042356880802703
1854,8.194773864369967,-0.20426361936053766
1855,8.19459174477971,-0.20429330292278208
1856,8.194398562740535,-0.20432473805158347
1857,8.194194322106318,-0.20435792398967742
1858,8.193979026950933,-0.20439285993797307
1859,8.193752681568197,-0.20442954505557318
1860,8.193515290471836,-0.20446797845979423
1861,8.19326685839544,-0.20450815922618854
1862,8.19300739029242,-0.20455008638856667
1863,8.192736891335988,-0.2045937589390203
1864,8.19245536691908,-0.20463917582794786
1865,8.192162822654325,-0.20468633596407923
1866,8.191859264373992,-0.20473523821450282
1867,8.191544698129947,-0.20478588140469245
1868,8.191219130193584,-0.2048382643185365
1869,8.190882567055771,-0.2048923856983675
1870,8.190535015426816,-0.20494824424499167
1871,8.190176482236385,-0.20500583861772115
1872,8.189806974633454,-0.20506516743440617
1873,8.189426499986219,-0.2051262292714693
1874,8.1890350658821,-0.20518902266393738
1875,8.18863268012758,-0.20525354610548047
1876,8.188219350748199,-0.20531979804844597
1877,8.187795085988482,-0.2053877769038957
1878,8.18735989431184,-0.20545748104164582
1879,8.186913784400515,-0.20552890879030483
1880,8.186456765155507,-0.20560205843731413
1881,8.185988845696457,-0.2056769282289904
1882,8.185510035361622,-0.2057535163705663
1883,8.185020343707773,-0.2058318210262339
1884,8.184519780510081,-0.2059118403191903
1885,8.184008355762078,-0.20599357233168097
1886,8.183486079675532,-0.2060770151050473
1887,8.182952962680373,-0.20616216663977296
1888,8.182409015424604,-0.20624902489553207
1889,8.18185424877419,-0.20633758779123873
1890,8.181288673812992,-0.20642785320509607
1891,8.180712301842632,-0.20651981897464847
1892,8.180125144382421,-0.20661348289683246
1893,8.179527213169251,-0.20670884272802986
1894,8.17891852015748,-0.20680589618412223
1895,8.178299077518833,-0.20690464094054523
1896,8.177668897642297,-0.20700507463234427
1897,8.177027993134002,-0.2071071948542316
1898,8.176376376817126,-0.2072109991606438
1899,8.175714061731759,-0.20731648506580042
1900,8.175041061134781,-0.20742365004376442
1901,8.174357388499784,-0.2075324915285013
1902,8.173663057516922,-0.207643006913941
1903,8.172958082092768,-0.20775519355404212
1904,8.17224247635024,-0.20786904876285248
1905,8.17151625462843,-0.20798456981457566
1906,8.170779431482508,-0.20810175394363523
1907,8.170032021683552,-0.20822059834474171
1908,8.169274040218456,-0.208341100172959
1909,8.168505502289758,-0.2084632565437736
1910,8.167726423315539,-0.20858706453316203
1911,8.166936818929251,-0.20871252117766254
1912,8.166136704979587,-0.20883962347444507
1913,8.16532609753034,-0.2089683683813834
1914,8.164505012860257,-0.20909875281712795
1915,8.163673467462887,-0.20923077366117915
1916,8.162831478046423,-0.20936442775396308
1917,8.161979061533563,-0.20949971189690605
1918,8.16111623506133,-0.20963662285251222
1919,8.160243015980962,-0.20977515734443913
1920,8.159359421857706,-0.20991531205757782
1921,8.15846547047067,-0.210057083638132
1922,8.15756117981267,-0.2102004686936969
1923,8.15664656809005,-0.21034546379334207
1924,8.155721653722512,-0.2104920654676922
1925,8.154786455342958,-0.2106402702090108
1926,8.153840991797303,-0.21079007447128348
1927,8.152885282144306,-0.21094147467030303
1928,8.151919345655404,-0.21109446718375466
1929,8.150943201814494,-0.21124904835130356
1930,8.149956870317792,-0.2114052144746813
1931,8.148960371073626,-0.21156296181777456
1932,8.147953724202244,-0.21172228660671477
1933,8.146936950035649,-0.21188318502996745
1934,8.145910069117372,-0.21204565323842417
1935,8.14487310220231,-0.2122096873454937
1936,8.143826070256504,-0.21237528342719533
1937,8.142768994456954,-0.21254243752225252
1938,8.141701896191401,-0.2127111456321878
1939,8.140624797058154,-0.21288140372141678
1940,8.139537718865855,-0.21305320771734643
1941,8.138440683633254,-0.2132265535104717
1942,8.13733371358905,-0.21340143695447278
1943,8.136216831171632,-0.21357785386631503
1944,8.135090059028874,-0.2137558000263486
1945,8.133953420017924,-0.21393527117840871
1946,8.13280693720497,-0.2141162630299182
1947,8.131650633865013,-0.21429877125198926
1948,8.130484533481663,-0.2144827914795263
1949,8.129308659746886,-0.21466831931133115
1950,8.128123036560778,-0.2148553503102075
1951,8.126927688031312,-0.21504388000306757
1952,8.125722638474153,-0.2152339038810369
1953,8.12450791241236,-0.21542541739956414
1954,8.123283534576165,-0.21561841597852832
1955,8.122049529902736,-0.21581289500234835
1956,8.120805923535912,-0.2160088498200932
1957,8.119552740825966,-0.21620627574559256
1958,8.118290007329337,-0.21640516805754922
1959,8.117017748808394,-0.2166055219996507
1960,8.115735991231157,-0.21680733278068365
1961,8.11444476077104,-0.2170105955746477
1962,8.113144083806587,-0.2172153055208707
1963,8.111833986921209,-0.2174214577241244
1964,8.110514496902908,-0.21762904725474144
1965,8.109185640744002,-0.21783806914873285
1966,8.10784744564086,-0.21804851840790587
1967,8.106499938993592,-0.218260389999985
1968,8.105143148405816,-0.218473678858729
1969,8.103777101684333,-0.21868837988405426
1970,8.102401826838852,-0.21890448794215517
1971,8.10101735208171,-0.21912199786562664
1972,8.099623705827566,-0.21934090445358742
1973,8.09822091669309,-0.2195612024718046
1974,8.096809013496703,-0.21978288665281726
1975,8.095388025258233,-0.22000595169606318
1976,8.093957981198638,-0.22023039226800428
1977,8.092518910739683,-0.22045620300225474
1978,8.091070843503637,-0.22068337849970734
1979,8.089613809312953,-0.2209119133286637
1980,8.088147838189952,-0.22114180202496317
1981,8.086672960356488,-0.22137303909211323
1982,8.08518920623366,-0.22160561900141976
1983,8.083696606441444,-0.2218395361921197
1984,8.082195191798391,-0.22207478507151304
1985,8.080684993321276,-0.22231136001509652
1986,8.079166042224777,-0.22254925536669717
1987,8.07763836992111,-0.22278846543860772
1988,8.076102008019722,-0.22302898451172137
1989,8.07455698832692,-0.2232708068356684
1990,8.073003342845524,-0.2235139266289535
1991,8.071441103774527,-0.22375833807909293
1992,8.06987030350871,-0.22400403534275384
1993,8.068290974638318,-0.22425101254589253
1994,8.066703149948676,-0.22449926378389531
1995,8.065106862419832,-0.22474878312171823
1996,8.063502145226176,-0.22499956459402928
1997,8.061889031736078,-0.22525160220535045
1998,8.060267555511512,-0.22550488993020004
1999,8.058637750307671,-0.2257594217132364
2000,8.056999650072582,-0.22601519146940272
2001,8.05535328894673,-0.22627219308407115
2002,8.05369870126265,-0.22653042041318927
2003,8.052035921544565,-0.22678986728342534
2004,8.050364984507937,-0.22705052749231755
2005,8.04868592505913,-0.2273123948084185
2006,8.046998778294958,-0.22757546297144668
2007,8.0453035795023,-0.22783972569243366
2008,8.043600364157667,-0.22810517665387506
2009,8.041889167926817,-0.2283718095098806
2010,8.040170026664315,-0.2286396178863247
2011,8.038442976413123,-0.22890859538099895
2012,8.036708053404157,-0.22917873556376508
2013,8.034965294055876,-0.22945003197670671
2014,8.033214734973837,-0.22972247813428448
2015,8.031456412950261,-0.22999606752348986
2016,8.02969036496359,-0.23027079360400063
2017,8.02791662817806,-0.23054664980833592
2018,8.026135239943217,-0.23082362954201366
2019,8.024346237793502,-0.23110172618370683
2020,8.022549659447776,-0.2313809330854015
2021,8.020745542808848,-0.23166124357255527
2022,8.018933925963037,-0.23194265094425628
2023,8.01711484717968,-0.23222514847338246
2024,8.015288344910697,-0.23250872940676146
2025,8.013454457790072,-0.23279338696533233
2026,8.011613224633388,-0.2330791143443068
2027,8.00976468443736,-0.2333659047133307
2028,8.007908876379325,-0.23365375121664728
2029,8.006045839816766,-0.23394264697326012
2030,8.004175614286801,-0.23423258507709735
2031,8.002298239505702,-0.2345235585971754
2032,8.000413755368376,-0.23481556057776512
2033,7.998522201947864,-0.23510858403855645
2034,7.996623619494819,-0.2354026219748254
2035,7.994718048437007,-0.2356976673576003
2036,7.992805529378767,-0.23599371313382964
2037,7.990886103100495,-0.23629075222655005
2038,7.988959810558126,-0.23658877753505386
2039,7.987026692882586,-0.23688778193505935
2040,7.9850867913792385,-0.2371877582788808
2041,7.983140147527397,-0.2374886993955965
2042,7.98118680297971,-0.23779059809122227
2043,7.97922679956167,-0.23809344714888048
2044,7.977260179271012,-0.23839723932897372
2045,7.975286984277184,-0.23870196736935603
2046,7.973307256920777,-0.23900762398550604
2047,7.971321039712934,-0.23931420187070152
2048,7.969328375334819,-0.23962169369619155
2049,7.9673293066370094,-0.23993009211137223
2050,7.965323876638924,-0.24023938974396156
2051,7.963312128528223,-0.24054957920017522
2052,7.96129410566024,-0.24086065306490237
2053,7.959269851557369,-0.2411726039018821
2054,7.957239409908473,-0.241485424253881
2055,7.955202824568281,-0.2417991066428699
2056,7.9531601395567675,-0.24211364357020315
2057,7.9511113990585525,-0.24242902751679613
2058,7.949056647422271,-0.2427452509433051
2059,7.946995929159961,-0.24306230629030623
2060,7.94492928894641,-0.24338018597847635
2061,7.942856771618571,-0.24369888240877216
2062,7.940778422174868,-0.24401838796261272
2063,7.938694285774593,-0.24433869500205993
2064,7.936604407737246,-0.24465979587000083
2065,7.934508833541881,-0.24498168289032957
2066,7.932407608826455,-0.24530434836813061
2067,7.930300779387156,-0.24562778458986217
2068,7.928188391177736,-0.2459519838235399
2069,7.926070490308867,-0.24627693831891984
2070,7.923947123047425,-0.246602640307685
2071,7.92181833581583,-0.24692908200362895
2072,7.919684175191363,-0.24725625560284165
2073,7.917544687905463,-0.24758415328389538
2074,7.915399920843022,-0.2479127672080315
2075,7.913249921041714,-0.24824208951934634
2076,7.91109473569126,-0.24857211234497864
2077,7.908934412132721,-0.24890282779529752
2078,7.906768997857797,-0.24923422796408973
2079,7.904598540508085,-0.2495663049287481
2080,7.902423087874356,-0.24989905075046126
2081,7.900242687895832,-0.25023245747440115
2082,7.898057388659434,-0.25056651712991385
2083,7.8958672383990685,-0.25090122173070806
2084,7.893672285494817,-0.25123656327504756
2085,7.891472578472257,-0.25157253374593935
2086,7.889268166001657,-0.2519091251113262
2087,7.887059096897214,-0.25224632932427765
2088,7.884845420116303,-0.25258413832318166
2089,7.882627184758691,-0.25292254403193626
2090,7.880404440065762,-0.2532615383601423
2091,7.878177235419719,-0.2536011132032966
2092,7.875945620342794,-0.2539412604429848
2093,7.873709644496468,-0.2542819719470744
2094,7.87146935768065,-0.2546232395699087
2095,7.869224809832883,-0.2549650551525011
2096,7.866976051027522,-0.25530741052272926
2097,7.864723131474913,-0.25565029749553003
2098,7.862466101520581,-0.25599370787309417
2099,7.860205011644383,-0.2563376334450622
2100,7.8579399124596865,-0.25668206598871945
2101,7.855670854712533,-0.257026997269192
2102,7.8533978892807585,-0.25737241903964375
2103,7.851121067173186,-0.25771832304147185
2104,7.848840439528731,-0.25806470100450435
2105,7.846556057615552,-0.2584115446471968
2106,7.844267972830196,-0.25875884567682944
2107,7.841976236696689,-0.2591065957897055
2108,7.839680900865668,-0.2594547866713492
2109,7.837382017113521,-0.2598034099967023
2110,7.835079637341469,-0.2601524574303241
2111,7.832773813574656,-0.2605019206265899
2112,7.830464597961264,-0.26085179122988955
2113,7.8281520427716,-0.2612020608748267
2114,7.825836200397188,-0.2615527211864178
2115,7.823517123349818,-0.26190376378029284
2116,7.821194864260665,-0.26225518026289324
2117,7.818869475879299,-0.26260696223167435
2118,7.8165410110727915,-0.26295910127530386
2119,7.814209522824742,-0.2633115889738635
2120,7.811875064234338,-0.2636644168990487
2121,7.809537688515404,-0.2640175766143703
2122,7.807197448995424,-0.26437105967535524
2123,7.804854399114581,-0.2647248576297481
2124,7.802508592424765,-0.2650789620177129
2125,7.800160082588621,-0.2654333643720339
2126,7.797808923378537,-0.2657880562183183
2127,7.795455168675656,-0.2661430290751979
2128,7.793098872468886,-0.26649827445453117
2129,7.790740088853867,-0.26685378386160663
2130,7.788378872032005,-0.2672095487953435
2131,7.7860152763094,-0.2675655607484965
2132,7.783649356095856,-0.26792181120785774
2133,7.781281165903846,-0.2682782916544592
2134,7.77891076034748,-0.2686349935637762
2135,7.776538194141436,-0.2689919084059316
2136,7.774163522099934,-0.26934902764589835
2137,7.771786799135674,-0.269706342743703
2138,7.769408080258775,-0.2700638451546298
2139,7.767027420575721,-0.27042152632942357
2140,7.764644875288257,-0.2707793777144951
2141,7.762260499692329,-0.27113739075212395
2142,7.759874349176998,-0.271495556880663
2143,7.757486479223334,-0.27185386753474294
2144,7.755096945403333,-0.2722123141454757
2145,7.752705803378804,-0.27257088814065994
2146,7.75031310890026,-0.2729295809449843
2147,7.747918917805791,-0.2732883839802334
2148,7.745523286019953,-0.2736472886654914
2149,7.743126269552625,-0.2740062864173469
2150,7.740727924497875,-0.2743653686500986
2151,7.738328307032832,-0.2747245267759585
2152,7.735927473416517,-0.275083752205258
2153,7.733525479988691,-0.2754430363466528
2154,7.731122383168702,-0.2758023706073272
2155,7.728718239454298,-0.2761617463932003
2156,7.726313105420469,-0.27652115510912983
2157,7.72390703771827,-0.2768805881591174
2158,7.72150009307361,-0.27724003694651495
2159,7.719092328286085,-0.2775994928742278
2160,7.7166838002277585,-0.27795894734492155
2161,7.714274565841956,-0.2783183917612266
2162,7.711864682142049,-0.27867781752594367
2163,7.709454206210266,-0.2790372160422479
2164,7.70704319519642,-0.2793965787138956
2165,7.704631706316697,-0.27975589694542874
2166,7.702219796852435,-0.2801151621423794
2167,7.699807524148855,-0.2804743657114758
2168,7.697394945613818,-0.2808334990608473
2169,7.6949821187165615,-0.28119255360022954
2170,7.692569100986442,-0.28155152074116896
2171,7.690155950011654,-0.2819103918972288
2172,7.687742723437964,-0.28226915848419354
2173,7.685329478967434,-0.28262781192027286
2174,7.682916274357116,-0.28298634362630837
2175,7.680503167417749,-0.2833447450259777
2176,7.678090216012477,-0.28370300754599864
2177,7.6756774780555235,-0.2840611226163351
2178,7.673265011510901,-0.2844190816704001
2179,7.670852874391041,-0.28477687614526265
2180,7.668441124755523,-0.28513449748184966
2181,7.666029820709706,-0.285491937125152
2182,7.663619020403397,-0.28584918652442826
2183,7.661208782029495,-0.2862062371334095
2184,7.658799163822657,-0.2865630804105023
2185,7.656390224057902,-0.2869197078189947
2186,7.653982021049298,-0.28727611082725746
2187,7.651574613148541,-0.28763228090895016
2188,7.649168058743619,-0.2879882095432232
2189,7.64676241625738,-0.28834388821492285
2190,7.6443577441461805,-0.2886993084147937
2191,7.6419541008984595,-0.2890544616396824
2192,7.639551545033371,-0.2894093393927401
2193,7.637150135099334,-0.28976393318362653
2194,7.634749929672646,-0.29011823452871205
2195,7.632350987356052,-0.2904722349512804
2196,7.629953366777298,-0.29082592598173207
2197,7.627557126587722,-0.29117929915778606
2198,7.625162325460812,-0.29153234602468175
2199,7.622769022090753,-0.2918850581353811
2200,7.620377275190969,-0.2922374270507715
2201,7.617987143492664,-0.29258944433986633
2202,7.615598685743368,-0.2929411015800073
2203,7.613211960705465,-0.2932923903570647
2204,7.610827027154715,-0.29364330226563945
2205,7.608443943878755,-0.29399382890926407
2206,7.6060627696756375,-0.2943439619006025
2207,7.603683563352317,-0.29469369286165176
2208,7.601306383723156,-0.2950430134239412
2209,7.598931289608412,-0.2953919152287336
2210,7.596558339832749,-0.29574038992722373
2211,7.594187593223682,-0.2960884291807393
2212,7.591819108610083,-0.2964360246609396
2213,7.5894529448206445,-0.2967831680500145
2214,7.587089160682342,-0.2971298510408837
2215,7.58472781501888,-0.2974760653373958
2216,7.582368966649176,-0.2978218026545257
2217,7.580012674385773,-0.2981670547185736
2218,7.577658997033313,-0.2985118132673623
2219,7.575307993386953,-0.2988560700504353
2220,7.572959722230798,-0.2991998168292538
2221,7.57061424233634,-0.29954304537739385
2222,7.568271612460865,-0.2998857474807433
2223,7.565931891345875,-0.30022791493769796
2224,7.563595137715492,-0.30056953955935795
2225,7.561261410274856,-0.3009106131697242
2226,7.558930767708543,-0.30125112760589295
2227,7.556603268678932,-0.30159107471825225
2228,7.55427897182462,-0.3019304463706759
2229,7.5519579357587885,-0.3022692344407185
2230,7.5496402190675855,-0.3026074308198104
2231,7.5473258803085,-0.3029450274134507
2232,7.545014978008715,-0.3032820161414019
2233,7.542707570663487,-0.3036183889378832
2234,7.5404037167345,-0.30395413775176267
2235,7.538103474648209,-0.304289254546751
2236,7.535806902794215,-0.30462373130159265
2237,7.533514059523558,-0.3049575600102597
2238,7.531225003147094,-0.30529073268214185
2239,7.528939791933826,-0.3056232413422382
2240,7.526658484109222,-0.3059550780313481
2241,7.5243811378535295,-0.3062862348062625
2242,7.522107811300118,-0.3066167037399528
2243,7.519838562533785,-0.3069464769217616
2244,7.5175734495890465,-0.3072755464575921
2245,7.515312530448461,-0.30760390447009706
2246,7.513055863040948,-0.3079315430988664
2247,7.510803505240047,-0.30825845450061734
2248,7.508555514862235,-0.3085846308493808
2249,7.506311949665214,-0.308910064336689
2250,7.504072867346177,-0.3092347471717634
2251,7.501838325540112,-0.3095586715817003
2252,7.499608381818069,-0.3098818298116575
2253,7.4973830936854275,-0.3102042141250398
2254,7.495162518580171,-0.31052581680368463
2255,7.492946713871134,-0.3108466301480475
2256,7.490735736856296,-0.3111666464773849
2257,7.4885296447610115,-0.31148585812993973
2258,7.486328494736282,-0.3118042574631243
2259,7.484132343856964,-0.3121218368537042
2260,7.481941249120084,-0.3124385886979795
2261,7.479755267443026,-0.3127545054119683
2262,7.477574455661781,-0.3130695794315883
2263,7.475398870529212,-0.3133838032128371
2264,7.473228568713249,-0.3136971692319745
2265,7.4710636067951315,-0.3140096699857019
2266,7.468904041267649,-0.31432129799134234
2267,7.466749928533347,-0.31463204578701987
2268,7.464601324902758,-0.3149419059318386
2269,7.462458286592617,-0.3152508710060606
2270,7.460320869724073,-0.3155589336112846
2271,7.458189130320896,-0.31586608637062313
2272,7.456063124307715,-0.3161723219288781
2273,7.45394290750817,-0.31647763295272
2274,7.451828535643169,-0.31678201213086105
2275,7.449720064329078,-0.31708545217423134
2276,7.447617549075892,-0.3173879458161548
2277,7.4455210452854725,-0.31768948581252177
2278,7.4434306082497175,-0.3179900649419638
2279,7.441346293148754,-0.3182896760060268
2280,7.439268155049144,-0.3185883118293435
2281,7.437196248902064,-0.31888596525980545
2282,7.435130629541493,-0.31918262916873513
2283,7.433071351682399,-0.3194782964510564
2284,7.43101846991893,-0.31977296002546507
2285,7.428972038722575,-0.3200666128345997
2286,7.426932112440382,-0.32035924784520925
2287,7.424898745293092,-0.3206508580483238
2288,7.422871991373356,-0.32094143645942125
2289,7.420851904643894,-0.32123097611859563
2290,7.418838538935672,-0.321519470090724
2291,7.416831947946091,-0.3218069114656328
2292,7.414832185237123,-0.3220932933582646
2293,7.412839304233534,-0.3223786089088417
2294,7.410853358221018,-0.3226628512830327
2295,7.408874400344397,-0.3229460136721148
2296,7.406902483605761,-0.3232280892931389
2297,7.40493766086268,-0.32350907138909113
2298,7.402979984826329,-0.3237889532290562
2299,7.401029508059697,-0.32406772810837803
2300,7.3990862829757305,-0.32434538934882157
2301,7.397150361835522,-0.32462193029873276
2302,7.395221796746467,-0.32489734433319856
2303,7.393300639660456,-0.3251716248542052
2304,7.391386942372002,-0.32544476529079863
2305,7.389480756516455,-0.32571675909924036
2306,7.38758213356815,-0.3259875997631657
2307,7.385691124838597,-0.3262572807937397
2308,7.383807781474638,-0.3265257957298138
2309,7.381932154456623,-0.32679313813808053
2310,7.380064294596586,-0.32705930161322844
2311,7.378204252536426,-0.3273242797780957
2312,7.37635207874608,-0.3275880662838234
2313,7.374507823521702,-0.3278506548100085
2314,7.3726715369838365,-0.32811203906485514
2315,7.3708432690755945,-0.3283722127853271
2316,7.369023069560863,-0.3286311697372962
2317,7.367210988022453,-0.3288889037156947
2318,7.365407073860321,-0.3291454085446622
2319,7.363611376289728,-0.3294006780776956
2320,7.3618239443394256,-0.3296547061977969
2321,7.3600448268498875,-0.329907486817619
2322,7.358274072471457,-0.33015901387961355
2323,7.356511729662579,-0.33040928135617553
2324,7.354757846687976,-0.33065828324978885
2325,7.353012471616851,-0.33090601359317073
2326,7.35127565232111,-0.33115246644941465
2327,7.3495474364735545,-0.33139763591213306
2328,7.3478278715460865,-0.33164151610560055
2329,7.3461170048079305,-0.3318841011848945
2330,7.344414883323856,-0.33212538533603486
2331,7.34272155395238,-0.33236536277612583
2332,7.341037063344004,-0.3326040277534936
2333,7.339361457939421,-0.3328413745478257
2334,7.337694783967792,-0.3330773974703072
2335,7.336037087444916,-0.3333120908637597
2336,7.334388414171508,-0.333545449102776
2337,7.332748809731436,-0.33377746659385604
2338,7.331118319489961,-0.3340081377755412
2339,7.32949698859199,-0.33423745711854863
2340,7.327884861960326,-0.33446541912590416
2341,7.326281984293939,-0.33469201833307455
2342,7.324688400066209,-0.33491724930809935
2343,7.32310415352322,-0.33514110665172137
2344,7.3215292886820125,-0.33536358499751706
2345,7.319963849328878,-0.3355846790120251
2346,7.318407879017615,-0.33580438339487617
2347,7.316861421067858,-0.3360226928789191
2348,7.315324518563347,-0.3362396022303485
2349,7.31379721435022,-0.3364551062488312
2350,7.312279551035344,-0.33666919976763043
2351,7.310771570984591,-0.33688187765373184
2352,7.309273316321196,-0.3370931348079658
2353,7.30778482892405,-0.3373029661651309
2354,7.306306150426041,-0.3375113666941158
2355,7.304837322212381,-0.33771833139802104
2356,7.303378385418953,-0.33792385531427904
2357,7.301929380930667,-0.3381279335147734
2358,7.300490349379807,-0.3383305611059582
2359,7.2990613311443795,-0.3385317332289762
2360,7.2976423663465155,-0.338731445059775
2361,7.296233494850816,-0.33892969180922433
2362,7.294834756262731,-0.33912646872323166
2363,7.293446189926986,-0.3393217710828557
2364,7.292067834925943,-0.33951559420442123
2365,7.290699730078025,-0.3397079334396317
2366,7.289341913936114,-0.3398987841756814
2367,7.287994424785994,-0.34008814183536673
2368,7.286657300644753,-0.34027600187719664
2369,7.285330579259227,-0.3404623597955025
2370,7.284014298104463,-0.34064721112054613
2371,7.282708494382141,-0.34083055141862845
2372,7.281413205019063,-0.3410123762921958
2373,7.280128466665604,-0.34119268137994657
2374,7.278854315694199,-0.3413714623569363
2375,7.277590788197816,-0.34154871493468236
2376,7.276337919988473,-0.34172443486126697
2377,7.275095746595742,-0.3418986179214397
2378,7.273864303265236,-0.34207125993672055
2379,7.272643624957152,-0.3422423567654996
2380,7.271433746344814,-0.342411904303137
2381,7.270234701813195,-0.342579898482063
2382,7.26904652545747,-0.342746335271876
2383,7.267869251081592,-0.34291121067943897
2384,7.266702912196851,-0.34307452074897726
2385,7.265547542020466,-0.34323626156217313
2386,7.264403173474155,-0.34339642923826114
2387,7.263269839182768,-0.34355501993412146
2388,7.262147571472868,-0.3437120298443732
2389,7.261036402371379,-0.34386745520146594
2390,7.259936363604198,-0.3440212922757713
2391,7.258847486594863,-0.3441735373756723
2392,7.257769802463177,-0.34432418684765387
2393,7.256703342023891,-0.34447323707639044
2394,7.25564813578539,-0.34462068448483296
2395,7.254604213948367,-0.3447665255342962
2396,7.253571606404505,-0.34491075672454463
2397,7.252550342735233,-0.34505337459387564
2398,7.251540452210411,-0.34519437571920497
2399,7.250541963787075,-0.34533375671614824
2400,7.249554906108181,-0.3454715142391038
2401,7.248579307501357,-0.34560764498133356
2402,7.247615195977688,-0.34574214567504247
2403,7.246662599230484,-0.3458750130914578
2404,7.245721544634074,-0.34600624404090785
2405,7.244792059242605,-0.34613583537289927
2406,7.243874169788882,-0.3462637839761924
2407,7.242967902683177,-0.34639008677887734
2408,7.242073284012084,-0.34651474074844835
2409,7.241190339537359,-0.34663774289187765
2410,7.240319094694816,-0.3467590902556868
2411,7.239459574593177,-0.3468787799260196
2412,7.238611804012996,-0.34699680902871194
2413,7.237775807405545,-0.3471131747293616
2414,7.236951608891727,-0.34722787423339796
2415,7.236139232261044,-0.347340904786148
2416,7.235338700970527,-0.34745226367290427
2417,7.234550038143675,-0.3475619482189909
2418,7.233773266569468,-0.34766995578982784
2419,7.23300840870132,-0.34777628379099546
2420,7.232255486656114,-0.3478809296682967
2421,7.231514522213189,-0.3479838909078201
2422,7.230785536813383,-0.3480851650360002
2423,7.230068551558081,-0.34818474961967744
2424,7.22936358720826,-0.3482826422661581
2425,7.228670664183583,-0.34837884062327135
2426,7.22798980256145,-0.3484733423794277
2427,7.22732102207614,-0.34856614526367385
2428,7.2266643421179,-0.3486572470457488
2429,7.226019781732077,-0.3487466455361378
2430,7.225387359618271,-0.34883433858612606
2431,7.224767094129487,-0.34892032408785023
2432,7.224159003271321,-0.3490045999743502
2433,7.2235631047011415,-0.349087164219619
2434,7.222979415727276,-0.3491680148386533
2435,7.222407953308264,-0.34924714988750033
2436,7.221848734052074,-0.34932456746330587
2437,7.22130177421534,-0.3494002657043609
2438,7.220767089702652,-0.34947424279014655
2439,7.220244696065817,-0.3495464969413787
2440,7.219734608503157,-0.34961702642005155
2441,7.21923684185884,-0.34968582952947935
2442,7.21875141062217,-0.34975290461433894
2443,7.218278328926958,-0.3498182500607092
2444,7.217817610550876,-0.34988186429611096
2445,7.217369268914804,-0.34994374578954557
2446,7.216933317082278,-0.3500038930515314
2447,7.2165097677588195,-0.35006230463414195
2448,7.216098633291418,-0.35011897913103956
2449,7.2156999256679315,-0.35017391517751134
2450,7.2153136565165505,-0.3502271114505016
2451,7.214939837105272,-0.3502785666686449
2452,7.214578478341393,-0.3503282795922965
2453,7.214229590770982,-0.3503762490235644
2454,7.213893184578419,-0.35042247380633756
2455,7.213569269585924,-0.35046695282631474
2456,7.213257855253109,-0.35050968501103186
2457,7.212958950676546,-0.3505506693298882
2458,7.2126725645893295,-0.3505899047941729
2459,7.212398705360715,-0.35062739045708735
2460,7.212137380995704,-0.35066312541377026
2461,7.211888599134677,-0.35069710880131977
2462,7.211652367053056,-0.35072933979881443
2463,7.211428691660969,-0.3507598176273334
2464,7.211217579502913,-0.3507885415499767
2465,7.21101903675747,-0.35081551087188273
2466,7.210833069237013,-0.3508407249402462
2467,7.210659682387459,-0.35086418314433365
2468,7.210498881287992,-0.35088588491549916
2469,7.210350670650831,-0.35090582972719947
2470,7.210215054821027,-0.3509240170950058
2471,7.210092037776258,-0.3509404465766171
2472,7.209981623126629,-0.3509551177718712
2473,7.2098838141145265,-0.3509680303227546
2474,7.209798613614451,-0.35097918391341226
2475,7.20972602413289,-0.35098857827015556
2476,7.209666047808209,-0.35099621316146895
2477,7.2096186864105345,-0.35100208839801755
2478,7.2095839413416964,-0.3510062038326503
2479,7.209561813635128,-0.35100855936040626
2480,7.209552303955844,-0.35100915491851614
2481,7.209555412600387,-0.35100799048640546
2482,7.209571139496847,-0.3510050660856944
2483,7.20959948420483,-0.35100038178019904
2484,7.209640445915481,-0.35099393767593023
2485,7.209694023451519,-0.3509857339210916
2486,7.209760215267326,-0.35097577070607544
2487,7.209839019448958,-0.3509640482634607
2488,7.209930433714264,-0.3509505668680067
2489,7.210034455412998,-0.3509353268366471
2490,7.210151081526909,-0.35091832852848365
2491,7.210280308669902,-0.35089957234477726
2492,7.210422133088181,-0.3508790587289398
2493,7.210576550660427,-0.35085678816652305
2494,7.210743556897985,-0.350832761185208
2495,7.210923146945053,-0.3508069783547933
2496,7.21111531557892,-0.3507794402871815
2497,7.211320057210201,-0.3507501476363649
2498,7.211537365883089,-0.3507191010984105
2499,7.211767235275612,-0.35068630141144425
2500,7.212009658699959,-0.35065174935563315
2501,7.212264629102745,-0.3506154457531672
2502,7.212532139065358,-0.35057739146824063
2503,7.212812180804265,-0.35053758740703167
2504,7.213104746171423,-0.35049603451768035
2505,7.21340982665458,-0.35045273379026765
2506,7.213727413377722,-0.35040768625679103
2507,7.21405749710145,-0.35036089299114054
2508,7.214400068223398,-0.35031235510907394
2509,7.214755116778678,-0.3502620737681899
2510,7.2151226324403295,-0.350210050167901
2511,7.215502604519796,-0.3501562855494052
2512,7.215895021967388,-0.3501007811956567
2513,7.216299873372824,-0.3500435384313353
2514,7.2167171469657125,-0.3499845586228154
2515,7.217146830616105,-0.3499238431781336
2516,7.217588911835043,-0.34986139354695495
2517,7.218043377775122,-0.34979721122053914
2518,7.2185102152310625,-0.3497312977317053
2519,7.218989410640337,-0.3496636546547947
2520,7.219480950083763,-0.349594283605634
2521,7.219984819286141,-0.3495231862414966
2522,7.2205010036168815,-0.34945036426106424
2523,7.2210294880907,-0.34937581940438495
2524,7.2215702573682545,-0.3492995534528336
2525,7.222123295756867,-0.3492215682290679
2526,7.222688587211226,-0.34914186559698585
2527,7.223266115334104,-0.3490604474616812
2528,7.223855863377089,-0.34897731576939833
2529,7.224457814241363,-0.34889247250748523
2530,7.225071950478431,-0.34880591970434743
2531,7.225698254290952,-0.3487176594293982
2532,7.226336707533506,-0.34862769379301006
2533,7.226987291713411,-0.3485360249464647
2534,7.227649987991565,-0.34844265508190075
2535,7.228324777183279,-0.3483475864322627
2536,7.229011639759139,-0.34825082127124657
2537,7.229710555845884,-0.3481523619132461
2538,7.23042150522728,-0.3480522107132977
2539,7.231144467345035,-0.3479503700670242
2540,7.231879421299711,-0.347846842410577
2541,7.232626345851657,-0.3477416302205789
2542,7.233385219421946,-0.34763473601406425
2543,7.234156020093355,-0.3475261623484187
2544,7.234938725611307,-0.347415911821319
2545,7.235733313384877,-0.34730398707067006
2546,7.236539760487794,-0.3471903907745425
2547,7.237358043659455,-0.3470751256511079
2548,7.238188139305949,-0.3469581944585744
2549,7.239030023501099,-0.34683959999512065
2550,7.239883671987534,-0.3467193450988285
2551,7.240749060177721,-0.34659743264761617
2552,7.241626163155087,-0.3464738655591679
2553,7.242514955675089,-0.3463486467908656
2554,7.243415412166332,-0.3462217793397171
2555,7.244327506731703,-0.3460932662422844
2556,7.2452512131494755,-0.345963110574612
2557,7.246186504874488,-0.3458313154521519
2558,7.247133355039274,-0.34569788402969054
2559,7.248091736455253,-0.34556281950127216
2560,7.24906162161393,-0.345426125100122
2561,7.250042982688057,-0.34528780409857035
2562,7.2510357915328605,-0.3451478598079731
2563,7.252040019687282,-0.34500629557863194
2564,7.253055638375191,-0.34486311479971543
2565,7.254082618506614,-0.3447183208991771
2566,7.2551209306790305,-0.34457191734367343
2567,7.256170545178618,-0.3444239076384804
2568,7.2572314319815385,-0.3442742953274103
2569,7.258303560755228,-0.34412308399272606
2570,7.259386900859711,-0.3439702772550556
2571,7.260481421348908,-0.34381587877330494
2572,7.261587090971954,-0.3436598922445712
2573,7.262703878174554,-0.3435023214040528
2574,7.263831751100326,-0.3433431700249604
2575,7.26497067759213,-0.34318244191842734
2576,7.266120625193484,-0.3430201409334169
2577,7.267281561149926,-0.34285627095663007
2578,7.268453452410388,-0.34269083591241367
2579,7.269636265628619,-0.34252383976266504
2580,7.270829967164592,-0.3423552865067367
2581,7.272034523085918,-0.34218518018134153
2582,7.273249899169275,-0.3420135248604557
2583,7.274476060901877,-0.3418403246552198
2584,7.2757129734828805,-0.3416655837138415
2585,7.276960601824887,-0.34148930622149554
2586,7.278218910555372,-0.3413114964002233
2587,7.27948786401822,-0.341132158508831
2588,7.280767426275148,-0.34095129684278874
2589,7.282057561107252,-0.3407689157341259
2590,7.2833582320164965,-0.3405850195513284
2591,7.284669402227233,-0.34039961269923286
2592,7.285991034687718,-0.3402126996189215
2593,7.287323092071655,-0.3400242847876153
2594,7.288665536779726,-0.3398343727185668
2595,7.290018330941157,-0.33964296796095117
2596,7.291381436415265,-0.3394500750997571
2597,7.292754814793022,-0.33925569875567746
2598,7.294138427398634,-0.33905984358499747
2599,7.295532235291142,-0.3388625142794826
2600,7.296936199265966,-0.33866371556626756
2601,7.298350279856548,-0.338463452207741
2602,7.29977443733592,-0.33826172900143253
2603,7.301208631718369,-0.3380585507798956
2604,7.302652822760997,-0.33785392241059353
2605,7.3041069699653836,-0.33764784879578164
2606,7.305571032579215,-0.33744033487238895
2607,7.307044969597918,-0.33723138561190064
2608,7.308528739766315,-0.33702100602023777
2609,7.3100223015802595,-0.336809201137638
2610,7.311525613288321,-0.3365959760385334
2611,7.313038632893456,-0.336381335831429
2612,7.314561318154665,-0.33616528565877946
2613,7.316093626588655,-0.33594783069686707
2614,7.317635515471563,-0.33572897615567615
2615,7.319186941840626,-0.33550872727876774
2616,7.320747862495877,-0.3352870893431544
2617,7.322318234001863,-0.33506406765917235
2618,7.323898012689331,-0.33483966757035505
2619,7.325487154656966,-0.3346138944533038
2620,7.327085615773085,-0.334386753717559
2621,7.3286933516773844,-0.33415825080547
2622,7.330310317782653,-0.3339283911920642
2623,7.331936469276508,-0.33369718038491597
2624,7.333571761123149,-0.3334646239240132
2625,7.335216148065074,-0.33323072738162546
2626,7.336869584624852,-0.3329954963621691
2627,7.338532025106871,-0.3327589365020723
2628,7.340203423599067,-0.33252105346964117
2629,7.341883733974725,-0.33228185296492174
2630,7.34357290989422,-0.3320413407195637
2631,7.345270904806791,-0.3317995224966824
2632,7.346977671952315,-0.3315564040907205
2633,7.348693164363075,-0.33131199132730854
2634,7.350417334865554,-0.33106629006312477
2635,7.352150136082197,-0.3308193061857549
2636,7.353891520433218,-0.33057104561354944
2637,7.355641440138378,-0.33032151429548273
2638,7.357399847218776,-0.33007071821100864
2639,7.359166693498653,-0.3298186633699177
2640,7.360941930607181,-0.3295653558121925
2641,7.3627255099802715,-0.3293108016078616
2642,7.364517382862383,-0.3290550068568544
2643,7.366317500308293,-0.32879797768885494
2644,7.368125813184962,-0.3285397202631527
2645,7.369942272173308,-0.328280240768496
2646,7.371766827770006,-0.32801954542294326
2647,7.373599430289344,-0.3277576404737123
2648,7.375440029865004,-0.3274945321970313
2649,7.377288576451908,-0.32723022689798664
2650,7.379145019828001,-0.32696473091037276
2651,7.381009309596118,-0.32669805059653845
2652,7.38288139518578,-0.32643019234723436
2653,7.384761225855008,-0.32616116258145983
2654,7.386648750692181,-0.32589096774630744
2655,7.38854391861783,-0.32561961431680914
2656,7.390446678386493,-0.3253471087957793
2657,7.39235697858851,-0.3250734577136597
2658,7.3942747676519,-0.3247986676283606
2659,7.39619999384415,-0.3245227451251049
2660,7.398132605274062,-0.32424569681626847
2661,7.40007254989357,-0.3239675293412222
2662,7.4020197754996016,-0.3236882493661709
2663,7.403974229735877,-0.3234078635839943
2664,7.405935860094764,-0.32312637871408517
2665,7.407904613919096,-0.322843801502188
2666,7.409880438404008,-0.322560138720237
2667,7.411863280598772,-0.32227539716619275
2668,7.413853087408627,-0.321989583663879
2669,7.415849805596595,-0.32170270506281845
2670,7.417853381785345,-0.32141476823806786
2671,7.419863762458986,-0.32112578009005294
2672,7.421880893964928,-0.320835747544402
2673,7.423904722515683,-0.3205446775517797
2674,7.4259351941907195,-0.32025257708771965
2675,7.4279722549382665,-0.3199594531524567
2676,7.430015850577152,-0.31966531277075866
2677,7.432065926798633,-0.31937016299175663
2678,7.434122429168188,-0.3190740108887773
2679,7.436185303127391,-0.31877686355917006
2680,7.438254493995693,-0.31847872812413824
2681,7.440329946972244,-0.3181796117285675
2682,7.442411607137732,-0.3178795215408536
2683,7.444499419456177,-0.31757846475273
2684,7.446593328776767,-0.3172764485790949
2685,7.448693279835651,-0.31697348025783784
2686,7.450799217257754,-0.31666956704966576
2687,7.452911085558592,-0.31636471623792783
2688,7.455028829146092,-0.31605893512843997
2689,7.457152392322345,-0.315752231049311
2690,7.459281719285485,-0.3154446113507635
2691,7.46141675413142,-0.31513608340495947
2692,7.463557440855668,-0.31482665460582154
2693,7.465703723355142,-0.3145163323688556
2694,7.467855545429931,-0.314205124130973
2695,7.470012850785109,-0.31389303735031054
2696,7.472175583032509,-0.3135800795060516
2697,7.474343685692518,-0.31326625809824643
2698,7.476517102195849,-0.3129515806476313
2699,7.478695775885325,-0.3126360546954478
2700,7.48087965001764,-0.312319687803262
2701,7.4830686677651475,-0.3120024875527818
2702,7.485262772217635,-0.3116844615456743
2703,7.487461906384062,-0.3113656174033844
2704,7.489666013194365,-0.3110459627669493
2705,7.4918750355011605,-0.31072550529681703
2706,7.4940889160815525,-0.31040425267266064
2707,7.496307597638861,-0.31008221259319396
2708,7.498531022804371,-0.30975939277598624
2709,7.5007591341390745,-0.309435800957277
2710,7.502991874135417,-0.3091114448917897
2711,7.50522918521904,-0.30878633235254493
2712,7.50747100975051,-0.30846047113067343
2713,7.509717290027047,-0.30813386903522905
2714,7.511967968284229,-0.3078065338930018
2715,7.514222986697764,-0.30747847354832714
2716,7.516482287385162,-0.3071496958628997
2717,7.518745812407463,-0.30682020871558313
2718,7.521013503770945,-0.30649002000222103
2719,7.523285303428839,-0.30615913763544633
2720,7.525561153283015,-0.3058275695444917
2721,7.527840995185691,-0.3054953236749985
2722,7.530124770941098,-0.30516240798882616
2723,7.5324124223072015,-0.30482883046386033
2724,7.5347038909973705,-0.3044945990938205
2725,7.536999118682042,-0.3041597218880689
2726,7.539298046990423,-0.30382420687141687
2727,7.541600617512122,-0.30348806208393264
2728,7.543906771798844,-0.3031512955807475
2729,7.546216451366038,-0.30281391543186226
2730,7.548529597694537,-0.3024759297219535
2731,7.550846152232243,-0.3021373465501781
2732,7.553166056395731,-0.30179817402998005
2733,7.55548925157192,-0.30145842028889375
2734,7.557815679119692,-0.3011180934683498
2735,7.560145280371498,-0.30077720172347916
2736,7.562477996635042,-0.3004357532229161
2737,7.5648137691948465,-0.30009375614860245
2738,7.567152539313883,-0.29975121869559107
2739,7.569494248235186,-0.2994081490718485
2740,7.571838837183446,-0.2990645554980576
2741,7.574186247366612,-0.2987204462074202
2742,7.576536419977496,-0.2983758294454585
2743,7.578889296195332,-0.2980307134698176
2744,7.581244817187384,-0.29768510655006647
2745,7.583602924110503,-0.2973390169674997
2746,7.585963558112717,-0.2969924530149374
2747,7.588326660334787,-0.2966454229965264
2748,7.590692171911745,-0.2962979352275415
2749,7.593060033974477,-0.29594999803418426
2750,7.595430187651265,-0.2956016197533833
2751,7.597802574069322,-0.2952528087325939
2752,7.600177134356329,-0.2949035733295976
2753,7.602553809641975,-0.29455392191230095
2754,7.604932541059469,-0.29420386285853445
2755,7.607313269747071,-0.29385340455585135
2756,7.609695936849592,-0.29350255540132614
2757,7.612080483519919,-0.29315132380135217
2758,7.614466850920505,-0.2927997181714401
2759,7.616854980224854,-0.29244774693601594
2760,7.619244812619055,-0.29209541852821713
2761,7.621636289303203,-0.2917427413896918
2762,7.6240293514929345,-0.2913897239703944
2763,7.626423940420861,-0.29103637472838356
2764,7.628819997338053,-0.290682702129618
2765,7.631217463515485,-0.29032871464775434
2766,7.633616280245525,-0.28997442076394164
2767,7.636016388843321,-0.2896198289666198
2768,7.638417730648301,-0.2892649477513137
2769,7.640820247025592,-0.28890978562042957
2770,7.643223879367418,-0.2885543510830518
2771,7.645628569094569,-0.288198652654737
2772,7.648034257657785,-0.2878426988573103
2773,7.650440886539186,-0.28748649821866
2774,7.652848397253659,-0.2871300592725337
2775,7.655256731350283,-0.2867733905583316
2776,7.657665830413698,-0.286416500620903
2777,7.6600756360655,-0.2860593980103399
2778,7.66248608996561,-0.28570209128177243
2779,7.6648971338136604,-0.285344588995163
2780,7.66730870935036,-0.2849868997151003
2781,7.669720758358849,-0.28462903201059403
2782,7.672133222666057,-0.28427099445486914
2783,7.674546044144053,-0.28391279562515936
2784,7.676959164711385,-0.2835544441025017
2785,7.679372526334419,-0.28319594847152996
2786,7.6817860710286485,-0.2828373173202692
2787,7.684199740860052,-0.28247855923992854
2788,7.686613477946376,-0.28211968282469596
2789,7.68902722445847,-0.2817606966715306
2790,7.691440922621584,-0.28140160937995695
2791,7.693854514716647,-0.2810424295518588
2792,7.696267943081581,-0.2806831657912723
2793,7.698681150112572,-0.28032382670417894
2794,7.701094078265355,-0.2799644208982996
2795,7.70350667005649,-0.27960495698288707
2796,7.70591886806461,-0.27924544356852027
2797,7.708330614931702,-0.2788858892668966
2798,7.710741853364347,-0.27852630269062584
2799,7.713152526134953,-0.27816669245302333
2800,7.71556257608303,-0.2778070671679026
2801,7.7179719461163865,-0.2774474354493693
2802,7.720380579212388,-0.27708780591161375
2803,7.722788418419149,-0.2767281871687048
2804,7.7251954068567725,-0.2763685878343824
2805,7.727601487718529,-0.2760090165218517
2806,7.730006604272091,-0.2756494818435752
2807,7.732410699860696,-0.2752899924110673
2808,7.734813717904358,-0.27493055683468637
2809,7.737215601901049,-0.2745711837234288
2810,7.73961629542786,-0.2742118816847222
2811,7.742015742142171,-0.27385265932421915
2812,7.744413885782836,-0.27349352524559
2813,7.746810670171313,-0.2731344880503172
2814,7.7492060392128375,-0.272775556337488
2815,7.751599936897548,-0.272416738703589
2816,7.753992307301623,-0.2720580437422996
2817,7.756383094588437,-0.27169948004428507
2818,7.758772243009653,-0.2713410561969919
2819,7.761159696906368,-0.27098278078444005
2820,7.763545400710202,-0.27062466238701866
2821,7.765929298944427,-0.27026670958127863
2822,7.768311336225047,-0.2699089309397285
2823,7.770691457261895,-0.2695513350306275
2824,7.773069606859745,-0.2691939304177802
2825,7.775445729919352,-0.26883672566033184
2826,7.777819771438555,-0.26847972931256237
2827,7.780191676513337,-0.26812294992368135
2828,7.782561390338887,-0.26776639603762303
2829,7.78492885821066,-0.26741007619284135
2830,7.787294025525403,-0.26705399892210596
2831,7.789656837782244,-0.2666981727522957
2832,7.792017240583683,-0.2663426062041962
2833,7.794375179636661,-0.26598730779229374
2834,7.796730600753551,-0.2656322860245727
2835,7.799083449853202,-0.2652775494023104
2836,7.801433672961921,-0.26492310641987454
2837,7.803781216214538,-0.26456896556451714
2838,7.80612602585534,-0.2642151353161737
2839,7.808468048239101,-0.2638616241472584
2840,7.8108072298320605,-0.26350844052246164
2841,7.8131435172129065,-0.26315559289854684
2842,7.815476857073763,-0.2628030897241472
2843,7.817807196221138,-0.2624509394395642
2844,7.820134481576904,-0.2620991504765648
2845,7.822458660179245,-0.261747731258179
2846,7.824779679183613,-0.261396690198499
2847,7.827097485863687,-0.2610460357024758
2848,7.829412027612298,-0.26069577616571943
2849,7.83172325194234,-0.26034591997429746
2850,7.834031106487748,-0.2599964755045333
2851,7.836335539004393,-0.25964745112280585
2852,7.838636497370998,-0.25929885518534884
2853,7.840933929590041,-0.2589506960380516
2854,7.843227783788677,-0.25860298201625775
2855,7.845518008219625,-0.2582557214445664
2856,7.8478045512620795,-0.2579089226366316
2857,7.850087361422554,-0.25756259389496516
2858,7.852366387335815,-0.2572167435107357
2859,7.854641577765724,-0.2568713797635709
2860,7.85691288160611,-0.25652651092135964
2861,7.859180247881648,-0.25618214524005306
2862,7.8614436257486995,-0.2558382909634676
2863,7.863702964496176,-0.255494956323087
2864,7.865958213546385,-0.25515214953786536
2865,7.868209322455869,-0.25480987881403033
2866,7.870456240916237,-0.2544681523448867
2867,7.872698918755005,-0.25412697831061976
2868,7.874937305936405,-0.2537863648781001
2869,7.877171352562227,-0.25344632020068736
2870,7.879401008872593,-0.25310685241803577
2871,7.8816262252468094,-0.25276796965589854
2872,7.883846952204137,-0.2524296800259338
2873,7.886063140404618,-0.2520919916255096
2874,7.888274740649825,-0.2517549125375116
2875,7.890481703883673,-0.2514184508301484
2876,7.892683981193208,-0.25108261455675857
2877,7.894881523809362,-0.25074741175561793
2878,7.8970742831077265,-0.2504128504497476
2879,7.899262210609326,-0.2500789386467213
2880,7.901445257981359,-0.24974568433847472
2881,7.903623377037984,-0.24941309550111246
2882,7.905796519741024,-0.24908118009471936
2883,7.907964638200743,-0.24874994606316841
2884,7.910127684676577,-0.2484194013339311
2885,7.912285611577846,-0.24808955381788828
2886,7.914438371464503,-0.24776041140914032
2887,7.916585917047843,-0.24743198198481858
2888,7.91872820119123,-0.24710427340489668
2889,7.920865176910812,-0.24677729351200195
2890,7.922996797376202,-0.24645105013122948
2891,7.925123015911195,-0.24612555106995374
2892,7.927243785994482,-0.2458008041176413
2893,7.9293590612603095,-0.24547681704566585
2894,7.931468795499187,-0.24515359760712163
2895,7.933572942658545,-0.24483115353663842
2896,7.935671456843443,-0.24450949255019577
2897,7.937764292317224,-0.2441886223449391
2898,7.93985140350216,-0.2438685505989961
2899,7.941932744980154,-0.243549284971292
2900,7.944008271493367,-0.24323083310136717
2901,7.94607793794487,-0.2429132026091949
2902,7.948141699399309,-0.24259640109499797
2903,7.950199511083534,-0.2422804361390678
2904,7.952251328387229,-0.2419653153015835
2905,7.9542971068635575,-0.24165104612243057
2906,7.9563368022297745,-0.2413376361210211
2907,7.958370370367874,-0.2410250927961135
2908,7.960397767325169,-0.2407134236256342
2909,7.962418949314936,-0.2404026360664981
2910,7.964433872717025,-0.2400927375544302
2911,7.966442494078433,-0.23978373550378923
2912,7.968444770113936,-0.23947563730738874
2913,7.970440657706638,-0.23916845033632272
2914,7.9724301139086196,-0.23886218193978698
2915,7.974413095941496,-0.23855683944490466
2916,7.976389561196975,-0.23825243015655195
2917,7.978359467237468,-0.23794896135718271
2918,7.980322771796643,-0.2376464403066543
2919,7.98227943277999,-0.23734487424205528
2920,7.984229408265399,-0.23704427037753117
2921,7.9861726565036975,-0.23674463590411352
2922,7.98810913591923,-0.23644597798954664
2923,7.9900388051103715,-0.2361483037781184
2924,7.991961622850105,-0.23585162039048782
2925,7.993877548086559,-0.23555593492351545
2926,7.995786539943514,-0.2352612544500951
2927,7.997688557720972,-0.23496758601898354
2928,7.999583560895651,-0.23467493665463315
2929,8.001471509121547,-0.23438331335702328
2930,8.003352362230414,-0.2340927231014941
2931,8.005226080232298,-0.23380317283857985
2932,8.007092623316044,-0.23351466949384284
2933,8.008951951849813,-0.23322721996770773
2934,8.010804026381567,-0.2329408311352976
2935,8.012648807639575,-0.23265550984626954
2936,8.014486256532912,-0.23237126292465118
2937,8.016316334151936,-0.232088097168678
2938,8.018139001768798,-0.23180601935063042
2939,8.019954220837901,-0.23152503621667328
2940,8.021761952996375,-0.23124515448669464
2941,8.023562160064579,-0.2309663808541447
2942,8.025354804046536,-0.23068872198587698
2943,8.027139847130432,-0.230412184521989
2944,8.028917251689053,-0.23013677507566355
2945,8.030686980280263,-0.22986250023301144
2946,8.03244899564743,-0.22958936655291481
2947,8.034203260719899,-0.22931738056686982
2948,8.035949738613455,-0.22904654877883054
2949,8.037688392630718,-0.2287768776650557
2950,8.039419186261622,-0.2285083736739526
2951,8.041142083183829,-0.22824104322592406
2952,8.04285704726317,-0.2279748927132151
2953,8.044564042554079,-0.2277099284997609
2954,8.046263033299988,-0.22744615692103484
2955,8.047953983933791,-0.2271835842838971
2956,8.049636859078221,-0.22692221686644515
2957,8.051311623546283,-0.22666206091786384
2958,8.05297824234166,-0.22640312265827603
2959,8.054636680659112,-0.22614540827859483
2960,8.056286903884892,-0.22588892394037588
2961,8.057928877597123,-0.22563367577567087
2962,8.059562567566218,-0.22537966988688077
2963,8.061187939755252,-0.2251269123466109
2964,8.062804960320358,-0.22487540919752647
2965,8.064413595611109,-0.22462516645220812
2966,8.066013812170889,-0.22437619009300933
2967,8.067605576737295,-0.22412848607191307
2968,8.06918885624249,-0.22388206031039068
2969,8.070763617813586,-0.2236369186992606
2970,8.072329828772993,-0.22339306709854853
2971,8.073887456638804,-0.2231505113373471
2972,8.075436469125137,-0.22290925721367785
2973,8.076976834142503,-0.22266931049435287
2974,8.078508519798165,-0.22243067691483703
2975,8.080031494396465,-0.22219336217911237
2976,8.081545726439202,-0.22195737195954165
2977,8.083051184625944,-0.22172271189673373
2978,8.084547837854398,-0.22148938759940875
2979,8.086035655220732,-0.22125740464426516
2980,8.087514606019898,-0.22102676857584702
2981,8.088984659745979,-0.22079748490641204
2982,8.090445786092516,-0.22056955911580006
2983,8.091897954952834,-0.22034299665130275
2984,8.093341136420346,-0.22011780292753455
2985,8.094775300788893,-0.21989398332630303
2986,8.096200418553034,-0.21967154319648216
2987,8.097616460408393,-0.21945048785388316
2988,8.099023397251942,-0.21923082258112955
2989,8.100421200182307,-0.2190125526275313
2990,8.101809840500074,-0.21879568320895995
2991,8.103189289708098,-0.218580219507724
2992,8.104559519511785,-0.21836616667244663
2993,8.105920501819407,-0.21815352981794198
2994,8.107272208742364,-0.2179423140250954
2995,8.108614612595494,-0.21773252434074084
2996,8.109947685897355,-0.21752416577754197
2997,8.111271401370496,-0.2173172433138726
2998,8.112585731941742,-0.2171117618936988
2999,8.113890650742471,-0.21690772642646097
