turn,time_sigma_ns,Q1
0,14.762234127298964,-0.0034821947940345097
1,14.762235259731598,-0.0034821321870929893
2,14.762236573305826,-0.003482057514321757
3,14.762238068017481,-0.0034819707761154575
4,14.76223974386211,-0.0034818719728881577
5,14.762241600834944,-0.0034817611050743003
6,14.76224363893089,-0.0034816381731287856
7,14.762245858144544,-0.003481503177526628
8,14.762248258470198,-0.003481356118762738
9,14.762250839901826,-0.003481196997352503
10,14.762253602433086,-0.0034810258138315837
11,14.762256546057333,-0.003480842575810679
12,14.762259638259046,-0.00348064941500292
13,14.762262846522438,-0.00348044847979801
14,14.762266138331487,-0.0034802419352593992
15,14.762269481169989,-0.0034800319631212518
16,14.762272842521627,-0.0034798207617842934
17,14.762276189870025,-0.003479610546311898
18,14.76227949069881,-0.003479403548426438
19,14.762282712491658,-0.0034792020165054487
20,14.762285822732366,-0.003479008215577096
21,14.762288788904884,-0.00347882442731673
22,14.762291578493405,-0.0034786529500417333
23,14.762294158982389,-0.0034784960987078407
24,14.76229649785666,-0.0034783562049038046
25,14.762298562601435,-0.003478235616846939
26,14.762300320702408,-0.0034781366993782603
27,14.762301739645777,-0.0034780618339582572
28,14.762302786918323,-0.003478013418660905
29,14.762303430007488,-0.003477993868168363
30,14.762303636401395,-0.0034780056137668582
31,14.762303373588944,-0.0034780511033397255
32,14.762302609059851,-0.0034781328013628525
33,14.762301310304721,-0.003478253188898617
34,14.762299444815097,-0.003478414763590217
35,14.76229698008354,-0.0034786200396552487
36,14.762293883603682,-0.0034788715478799113
37,14.76229012287028,-0.0034791718356128863
38,14.762285665379284,-0.0034795234667587324
39,14.76228047862791,-0.0034799290217714294
40,14.762274530114688,-0.0034803910976477256
41,14.762267787339542,-0.003480912307920139
42,14.762260217803815,-0.003481495282650922
43,14.762251789010396,-0.003482142668423612
44,14.762242468463734,-0.003482857128336596
45,14.762232223669919,-0.0034836413419956414
46,14.762221022136746,-0.003484498005506627
47,14.76220883137378,-0.0034854298314676443
48,14.76219561889242,-0.0034864395489610485
49,14.762181352205959,-0.0034875299035461724
50,14.762165998829675,-0.003488703657250115
51,14.762149526280858,-0.0034899635885607167
52,14.762131902078908,-0.003491312492417454
53,14.762113093745384,-0.003492753180203291
54,14.762093068804091,-0.00349428847973546
55,14.762071794781118,-0.003495921235257216
56,14.76204923920493,-0.0034976543074285863
57,14.762025369606432,-0.003499490573317044
58,14.762000153519015,-0.0035014329263890163
59,14.761973558478653,-0.003503484276499298
60,14.761945552023956,-0.00350564754988226
61,14.761916101696253,-0.003507925689141655
62,14.761885175039632,-0.003510321653241158
63,14.761852739601045,-0.003512838417493762
64,14.761818762930352,-0.0035154789735517516
65,14.76178321258041,-0.0035182463293962746
66,14.76174605610712,-0.003521143509327098
67,14.761707261069523,-0.003524173553951251
68,14.761666795029843,-0.003527339520172867
69,14.761624625553596,-0.003530644481181264
70,14.761580720209622,-0.0035340915264404226
71,14.761535046570176,-0.0035376837616774535
72,14.761487572211008,-0.0035414243088707034
73,14.76143826471141,-0.0035453163062384918
74,14.761387091654315,-0.003549362908226679
75,14.761334020626355,-0.003553567285497207
76,14.761279019217938,-0.0035579326249152864
77,14.76122205502331,-0.003562462129537378
78,14.761163095640654,-0.0035671590185984412
79,14.761102108672143,-0.003572026527499068
80,14.761039061724013,-0.0035770679077928662
81,14.760973922406658,-0.0035822864271727846
82,14.760906658334685,-0.0035876853694582836
83,14.760837237126989,-0.0035932680345819677
84,14.760765626406839,-0.0035990377385755733
85,14.76069179380195,-0.003604997813556046
86,14.760615706944565,-0.0036111516077119055
87,14.76053733347151,-0.003617502485288783
88,14.760456641024279,-0.0036240538265754287
89,14.760373597249147,-0.003630809027888186
90,14.760288169797187,-0.003637771501557449
91,14.76020032632438,-0.003644944675912185
92,14.760110034491696,-0.003652331995264494
93,14.760017261965155,-0.0036599369198948464
94,14.759921976415924,-0.003667762926036066
95,14.759824145520382,-0.0036758135058580963
96,14.759723736960195,-0.0036840921674517915
97,14.759620718422418,-0.003692602434812845
98,14.759515057599542,-0.0037013478478259473
99,14.75940672218959,-0.0037103319622480394
100,14.759295679896201,-0.0037195583496914607
101,14.759181898428707,-0.003729030597607162
102,14.75906534550221,-0.003738752309267997
103,14.758945988837661,-0.0037487271037509556
104,14.75882379616195,-0.0037589586159201814
105,14.758698735207968,-0.003769450496409434
106,14.758570773714716,-0.0037802064116034466
107,14.758439879427359,-0.0037912300436207646
108,14.758306020097326,-0.0038025250902950277
109,14.758169163482393,-0.0038140952651564623
110,14.758029277346747,-0.0038259442974137863
111,14.75788632946109,-0.003838075931934683
112,14.75774028760271,-0.003850493929226933
113,14.757591119555567,-0.003863202065419602
114,14.757438793110373,-0.0038762041322429434
115,14.757283276064692,-0.003889503937008893
116,14.757124536223,-0.0039031053025914233
117,14.756962541396788,-0.003917012067406109
118,14.75679725940464,-0.003931228085390079
119,14.756628658072312,-0.003945757225981297
120,14.756456705232832,-0.003960603374098114
121,14.756281368726572,-0.0039757704301179074
122,14.75610261640134,-0.003991262309856071
123,14.755920416112462,-0.004007082944544897
124,14.755734735722884,-0.0040232362808113
125,14.75554554310322,-0.004039726280656369
126,14.755352806131896,-0.004056556921431482
127,14.755156492695184,-0.004073732195817532
128,14.754956570687328,-0.00409125611180143
129,14.75475300801061,-0.0041091326926543815
130,14.754545772575431,-0.004127365976908482
131,14.75433483230043,-0.004145960018333446
132,14.75412015511254,-0.004164918885913405
133,14.753901708947105,-0.004184246663823386
134,14.753679461747959,-0.004203947451404948
135,14.753453381467502,-0.004224025363143304
136,14.753223436066795,-0.004244484528642234
137,14.752989593515666,-0.0042653290925996805
138,14.752751821792794,-0.004286563214782917
139,14.752510088885778,-0.004308191070004135
140,14.75226436279127,-0.004330216848094497
141,14.752014611515017,-0.004352644753879698
142,14.751760803071992,-0.004375479007153441
143,14.75150290548647,-0.00439872384265188
144,14.751240886792122,-0.004422383510027508
145,14.750974715032102,-0.004446462273823035
146,14.75070435825915,-0.0044709644134444575
147,14.750429784535662,-0.0044958942231349
148,14.750150961933823,-0.004521256011946438
149,14.749867858535668,-0.004547054103713851
150,14.749580442433187,-0.00457329283702659
151,14.749288681728407,-0.004599976565201468
152,14.748992544533515,-0.004627109656253882
153,14.74869199897092,-0.004654696492870293
154,14.748387013173375,-0.004682741472379354
155,14.748077555284057,-0.004711249006723117
156,14.747763593456648,-0.004740223522429086
157,14.747445095855467,-0.004769669460579384
158,14.74712203065555,-0.004799591276781918
159,14.746794366042732,-0.004829993441141374
160,14.746462070213763,-0.004860880438228475
161,14.74612511137639,-0.0048922567670501155
162,14.745783457749464,-0.004924126941018924
163,14.745437077563045,-0.004956495487922118
164,14.745085939058479,-0.0049893669498910255
165,14.7447300104885,-0.005022745883370348
166,14.74436926011736,-0.00505663685908513
167,14.74400365622088,-0.005091044462010875
168,14.743633167086587,-0.005125973291340203
169,14.743257761013785,-0.0051614279604517786
170,14.742877406313683,-0.005197413096876824
171,14.742492071309478,-0.005233933342266904
172,14.742101724336433,-0.005270993352361459
173,14.74170633374203,-0.005308597796953473
174,14.741305867886032,-0.005346751359856684
175,14.740900295140591,-0.00538545873887183
176,14.740489583890362,-0.0054247246457520895
177,14.740073702532593,-0.005464553806169613
178,14.739652619477203,-0.005504950959681045
179,14.739226303146948,-0.005545920859691442
180,14.738794721977476,-0.005587468273420326
181,14.738357844417429,-0.005629597981866388
182,14.73791563892856,-0.005672314779771534
183,14.737468073985832,-0.005715623475585367
184,14.737015118077535,-0.005759528891428438
185,14.736556739705359,-0.005804035863056671
186,14.736092907384526,-0.005849149239824521
187,14.735623589643888,-0.005894873884647399
188,14.73514875502603,-0.005941214673965428
189,14.734668372087368,-0.0059881764977053826
190,14.73418240939827,-0.006035764259243262
191,14.733690835543134,-0.006083982875366556
192,14.733193619120536,-0.006132837276235017
193,14.732690728743309,-0.0061823324053429975
194,14.732182133038632,-0.006232473219480908
195,14.731667800648184,-0.006283264688695046
196,14.731147700228213,-0.006334711796249269
197,14.730621800449658,-0.006386819538584932
198,14.730090069998264,-0.006439592925280713
199,14.729552477574666,-0.006493036979013317
200,14.729008991894522,-0.006547156735515989
201,14.728459581688618,-0.006601957243538557
202,14.727904215702956,-0.006657443564806094
203,14.727342862698896,-0.006713620773977631
204,14.726775491453234,-0.006770493958604823
205,14.726202070758344,-0.006828068219089462
206,14.725622569422246,-0.006886348668642725
207,14.725036956268758,-0.006945340433241146
208,14.724445200137595,-0.007005048651584781
209,14.72384726988445,-0.007065478475054651
210,14.723243134381162,-0.007126635067668172
211,14.722632762515783,-0.007188523606036827
212,14.722016123192693,-0.007251149279322001
213,14.721393185332737,-0.007314517289190702
214,14.720763917873319,-0.0073786328497713015
215,14.720128289768518,-0.007443501187608783
216,14.719486269989194,-0.007509127541620103
217,14.718837827523132,-0.007575517163048037
218,14.718182931375113,-0.007642675315417004
219,14.717521550567064,-0.0077106072744858095
220,14.716853654138143,-0.007779318328202733
221,14.71617921114489,-0.007848813776658045
222,14.715498190661304,-0.00791909893203837
223,14.71481056177897,-0.007990179118579094
224,14.714116293607193,-0.008062059672516934
225,14.713415355273098,-0.008134745942042573
226,14.712707715921747,-0.008208243287252875
227,14.711993344716257,-0.008282557080102726
228,14.711272210837922,-0.00835769270435639
229,14.710544283486318,-0.008433655555538842
230,14.70980953187943,-0.00851045104088707
231,14.709067925253777,-0.008588084579299625
232,14.708319432864519,-0.008666561601288167
233,14.707564023985574,-0.008745887548927139
234,14.706801667909733,-0.008826067875803617
235,14.706032333948794,-0.008907108046966403
236,14.705255991433694,-0.008989013538875037
237,14.704472609714585,-0.009071789839349413
238,14.703682158160976,-0.009155442447518293
239,14.702884606161874,-0.009239976873766566
240,14.702079923125876,-0.009325398639684047
241,14.701268078481299,-0.009411713278013285
242,14.700449041676311,-0.009498926332596155
243,14.699622782179027,-0.009587043358321765
244,14.69878926947767,-0.009676069921072417
245,14.69794847308065,-0.009766011597670718
246,14.697100362516732,-0.009856873975824926
247,14.69624490733511,-0.009948662654075818
248,14.695382077105581,-0.01004138324174111
249,14.694511841418624,-0.010135041358861778
250,14.693634169885547,-0.010229642636146058
251,14.692749032138606,-0.010325192714914746
252,14.691856397831124,-0.010421697247045194
253,14.690956236637644,-0.01051916189491468
254,14.690048518254011,-0.010617592331345214
255,14.689133212397532,-0.010716994239546288
256,14.688210288807076,-0.010817373313058131
257,14.68727971724322,-0.010918735255694265
258,14.686341467488367,-0.011021085781484028
259,14.685395509346868,-0.011124430614615101
260,14.68444181264517,-0.011228775489374399
261,14.683480347231914,-0.011334126150090558
262,14.68251108297808,-0.011440488351074694
263,14.681533989777119,-0.011547867856560952
264,14.68054903754506,-0.011656270440648092
265,14.679556196220663,-0.011765701887238777
266,14.67855543576554,-0.01187616798997956
267,14.677546726164271,-0.011987674552201488
268,14.676530037424552,-0.01210022738685827
269,14.675505339577324,-0.012213832316465497
270,14.674472602676884,-0.012328495173040249
271,14.673431796801038,-0.012444221798038084
272,14.672382892051223,-0.01256101804229215
273,14.671325858552636,-0.012678889765950564
274,14.670260666454363,-0.012797842838413747
275,14.669187285929528,-0.01291788313827142
276,14.66810568717539,-0.013039016553240038
277,14.667015840413525,-0.013161248980098267
278,14.665917715889913,-0.013284586324623928
279,14.66481128387511,-0.01340903450152921
280,14.663696514664341,-0.013534599434396916
281,14.662573378577674,-0.013661287055614906
282,14.661441845960114,-0.013789103306311497
283,14.66030188718178,-0.013918054136289689
284,14.659153472638005,-0.014048145503961607
285,14.657996572749493,-0.014179383376281973
286,14.656831157962452,-0.014311773728682243
287,14.655657198748708,-0.01444532254500372
288,14.65447466560588,-0.014580035817429917
289,14.653283529057479,-0.014715919546420167
290,14.65208375965306,-0.014852979740641288
291,14.650875327968365,-0.014991222416899676
292,14.649658204605457,-0.01513065360007261
293,14.648432360192862,-0.015271279323040014
294,14.647197765385691,-0.015413105626615674
295,14.645954390865793,-0.015556138559477302
296,14.6447022073419,-0.015700384178096726
297,14.643441185549745,-0.015845848546671145
298,14.64217129625221,-0.015992537737051785
299,14.640892510239487,-0.01614045782867307
300,14.639604798329183,-0.016289614908482637
301,14.638308131366498,-0.01644001507086901
302,14.63700248022433,-0.01659166441759093
303,14.635687815803438,-0.016744569057704845
304,14.634364109032584,-0.016898735107492725
305,14.633031330868674,-0.017054168690389424
306,14.631689452296875,-0.017210875936910532
307,14.630338444330807,-0.017368862984577727
308,14.62897827801264,-0.01752813597784637
309,14.627608924413249,-0.017688701068031557
310,14.62623035463239,-0.017850564413232895
311,14.624842539798804,-0.018013732178260924
312,14.623445451070374,-0.01817821053456197
313,14.622039059634279,-0.018344005660142916
314,14.620623336707132,-0.01851112373949541
315,14.619198253535117,-0.018679570963520797
316,14.617763781394153,-0.018849353529452835
317,14.616319891590035,-0.019020477640781824
318,14.614866555458569,-0.019192949507177683
319,14.613403744365725,-0.019366775344412845
320,14.611931429707791,-0.019541961374284534
321,14.610449582911512,-0.019718513824537275
322,14.608958175434257,-0.019896438928783778
323,14.607457178764134,-0.020075742926427657
324,14.605946564420167,-0.020256432062584123
325,14.604426303952424,-0.02043851258800074
326,14.602896368942192,-0.020621990758977693
327,14.601356731002111,-0.020806872837288354
328,14.599807361776318,-0.02099316509009921
329,14.598248232940612,-0.021180873789888942
330,14.596679316202593,-0.021370005214367997
331,14.595100583301825,-0.02156056564639734
332,14.593512006009986,-0.021752561373906746
333,14.591913556130983,-0.021945998689813864
334,14.590305205501178,-0.02214088389194066
335,14.588686925989482,-0.022337223282931935
336,14.587058689497532,-0.022535023170172187
337,14.585420467959821,-0.02273428986570308
338,14.583772233343886,-0.022935029686139176
339,14.582113957650455,-0.023137248952584073
340,14.580445612913556,-0.02334095399054771
341,14.578767171200736,-0.023546151129860186
342,14.577078604613183,-0.02375284670458775
343,14.575379885285882,-0.02396104705294783
344,14.573670985387771,-0.02417075851722351
345,14.571951877121926,-0.024381987443677058
346,14.570222532725673,-0.024594740182464745
347,14.568482924470763,-0.024809023087550612
348,14.566733024663547,-0.02502484251661822
349,14.564972805645107,-0.02524220483098537
350,14.563202239791439,-0.02546111639551515
351,14.561421299513604,-0.02568158357852874
352,14.559629957257856,-0.02590361275171826
353,14.557828185505851,-0.026127210290056952
354,14.556015956774782,-0.026352382571710842
355,14.55419324361754,-0.026579135977949822
356,14.55236001862287,-0.026807476893058582
357,14.550516254415545,-0.0270374117042463
358,14.548661923656518,-0.02726894680155657
359,14.546796999043078,-0.02750208857777779
360,14.544921453309026,-0.02773684342835145
361,14.543035259224839,-0.02797321775128139
362,14.541138389597826,-0.028211217947042445
363,14.539230817272268,-0.028450850418489354
364,14.537312515129628,-0.028692121570763642
365,14.53538345608868,-0.02893503781120196
366,14.533443613105696,-0.029179605549242833
367,14.531492959174575,-0.029425831196334854
368,14.529531467327068,-0.029673721165841188
369,14.527559110632883,-0.02992328187294793
370,14.525575862199872,-0.030174519734569485
371,14.523581695174226,-0.030427441169253347
372,14.521576582740602,-0.030682052597086455
373,14.519560498122305,-0.030938360439599973
374,14.51753341458146,-0.031196371119673563
375,14.515495305419174,-0.03145609106144016
376,14.513446143975711,-0.03171752669018981
377,14.511385903630662,-0.031980684432273185
378,14.50931455780308,-0.03224557071500583
379,14.507232079951715,-0.03251219196656962
380,14.505138443575124,-0.03278055461591687
381,14.503033622211868,-0.03305066509267233
382,14.500917589440693,-0.03332252982703472
383,14.498790318880662,-0.03359615524967953
384,14.496651784191366,-0.03387154779165952
385,14.494501959073085,-0.03414871388430597
386,14.49234081726696,-0.03442765995912946
387,14.490168332555152,-0.034708392447720914
388,14.487984478761025,-0.03499091778165099
389,14.485789229749328,-0.03527524239237018
390,14.483582559426361,-0.03556137271110829
391,14.481364441740148,-0.03584931516877338
392,14.479134850680612,-0.0361390761958509
393,14.476893760279767,-0.03643066222230186
394,14.474641144611866,-0.036724079677461205
395,14.47237697779358,-0.03701933498993633
396,14.4701012339842,-0.03731643458750342
397,14.467813887385796,-0.037615384897005354
398,14.465514912243389,-0.037916192344248596
399,14.46320428284514,-0.038218863353899915
400,14.46088197352253,-0.03852340434938194
401,14.458547958650525,-0.03882982175277016
402,14.456202212647783,-0.039138121984687226
403,14.453844709976785,-0.03944831146420006
404,14.451475425144055,-0.03976039660871349
405,14.449094332700332,-0.04007438383386519
406,14.446701407240749,-0.04039027955342017
407,14.444296623404998,-0.04070809017916531
408,14.441879955877539,-0.041027822120802075
409,14.439451379387767,-0.04134948178584071
410,14.437010868710205,-0.04167307557949288
411,14.434558398664656,-0.041998609904565366
412,14.43209394411643,-0.04232609116135116
413,14.429617479976486,-0.042655525747523154
414,14.427128981201651,-0.04298692005802475
415,14.424628422794788,-0.04332028048496202
416,14.422115779804985,-0.04365561341749471
417,14.41959102732773,-0.04399292524172745
418,14.417054140505101,-0.04433222234060049
419,14.414505094525978,-0.044673511093779074
420,14.411943864626187,-0.04501679787754474
421,14.409370426088714,-0.04536208906468412
422,14.406784754243889,-0.045709391024378716
423,14.404186824469578,-0.04605871012209357
424,14.401576612191361,-0.04641005271946657
425,14.398954092882715,-0.046763425174196974
426,14.396319242065218,-0.04711883383993313
427,14.393672035308759,-0.04747628506615988
428,14.391012448231672,-0.047835785198087635
429,14.38834045650098,-0.04819734057653818
430,14.38565603583256,-0.04856095753783236
431,14.382959161991318,-0.04892664241367714
432,14.380249810791438,-0.049294401531050525
433,14.377527958096525,-0.049664241212088844
434,14.374793579819809,-0.05003616777397221
435,14.372046651924341,-0.05041018752880991
436,14.36928715042319,-0.05078630678352571
437,14.366515051379652,-0.05116453183974195
438,14.363730330907403,-0.051544868993665616
439,14.360932965170727,-0.05192732453597146
440,14.358122930384711,-0.052311904751685984
441,14.355300202815444,-0.05269861592007137
442,14.352464758780185,-0.053087464314509246
443,14.349616574647584,-0.053478456202383506
444,14.346755626837883,-0.05387159784496273
445,14.343881891823102,-0.05426689549728319
446,14.340995346127254,-0.054664355408030635
447,14.3380959663265,-0.05506398381942347
448,14.335183729049426,-0.05546578696709196
449,14.332258610977163,-0.055869771079962334
450,14.329320588843633,-0.05627594238013614
451,14.326369639435748,-0.056684307082771376
452,14.323405739593593,-0.05709487139596339
453,14.320428866210657,-0.057507641520624306
454,14.317438996233976,-0.057922623650364526
455,14.314436106664424,-0.0583398239713704
456,14.311420174556835,-0.05875924866228504
457,14.308391177020253,-0.05918090389408698
458,14.305349091218135,-0.05960479582996838
459,14.302293894368525,-0.06003093062521498
460,14.299225563744294,-0.06045931442708303
461,14.29614407667332,-0.06088995337467795
462,14.29304941053872,-0.06132285359883172
463,14.289941542779033,-0.06175802122198054
464,14.286820450888442,-0.062195462358041936
465,14.283686112416966,-0.06263518311229181
466,14.280538504970703,-0.06307718958124024
467,14.277377606211989,-0.06352148785250945
468,14.27420339385965,-0.06396808400470808
469,14.271015845689197,-0.06441698410730808
470,14.267814939533014,-0.06486819422052047
471,14.264600653280612,-0.06532172039516959
472,14.261372964878815,-0.0657775686725687
473,14.258131852331964,-0.06623574508439516
474,14.254877293702153,-0.06669625565256401
475,14.251609267109421,-0.06715910638910291
476,14.248327750731988,-0.06762430329602546
477,14.245032722806434,-0.06809185236520597
478,14.241724161627948,-0.0685617595782517
479,14.238402045550535,-0.06903403090637651
480,14.235066352987205,-0.06950867231027448
481,14.231717062410246,-0.06998568973999102
482,14.228354152351361,-0.07046508913479722
483,14.224977601401955,-0.07094687642306055
484,14.221587388213326,-0.07143105752211723
485,14.21818349149689,-0.07191763833814376
486,14.21476589002437,-0.07240662476602903
487,14.21133456262807,-0.0728980226892444
488,14.207889488201035,-0.0733918379797158
489,14.204430645697313,-0.07388807649769354
490,14.200958014132171,-0.07438674409162253
491,14.197471572582293,-0.07488784659801384
492,14.193971300186035,-0.07539138984131287
493,14.190457176143612,-0.07589737963377079
494,14.186929179717344,-0.07640582177531267
495,14.183387290231883,-0.07691672205340735
496,14.179831487074416,-0.07743008624293637
497,14.176261749694918,-0.07794592010606241
498,14.172678057606348,-0.07846422939209828
499,14.169080390384906,-0.07898501983737466
500,14.165468727670225,-0.0795082971651089
501,14.161843049165617,-0.08003406708527254
502,14.158203334638308,-0.08056233529445829
503,14.154549563919648,-0.08109310747574838
504,14.150881716905356,-0.08162638929858113
505,14.147199773555739,-0.08216218641861772
506,14.143503713895914,-0.08270050447760988
507,14.139793518016063,-0.08324134910326514
508,14.136069166071648,-0.08378472590911355
509,14.132330638283635,-0.08433064049437414
510,14.12857791493874,-0.08487909844382042
511,14.124810976389663,-0.08543010532764544
512,14.12102980305531,-0.0859836667013282
513,14.117234375421031,-0.08653978810549817
514,14.113424674038855,-0.08709847506580057
515,14.109600679527727,-0.08765973309276077
516,14.105762372573746,-0.08822356768164911
517,14.101909733930391,-0.08878998431234532
518,14.09804274441877,-0.08935898844920238
519,14.094161384927851,-0.08993058554091045
520,14.090265636414696,-0.09050478102036111
521,14.08635547990471,-0.09108158030451018
522,14.082430896491875,-0.0916609887942415
523,14.078491867338979,-0.09224301187423015
524,14.074538373677877,-0.09282765491280495
525,14.070570396809721,-0.09341492326181146
526,14.066587918105187,-0.09400482225647502
527,14.062590919004752,-0.09459735721526179
528,14.058579381018914,-0.09519253343974211
529,14.054553285728439,-0.09579035621445196
530,14.050512614784598,-0.09639083080675505
531,14.046457349909433,-0.09699396246670391
532,14.042387472895971,-0.09759975642690212
533,14.03830296560849,-0.09820821790236517
534,14.034203809982776,-0.09881935209038084
535,14.030089988026347,-0.09943316417037108
536,14.025961481818717,-0.10004965930375226
537,14.021818273511624,-0.10066884263379604
538,14.017660345329316,-0.10129071928548877
539,14.013487679568772,-0.1019152943653929
540,14.009300258599948,-0.10254257296150647
541,14.00509806486604,-0.10317256014312307
542,14.00088108088375,-0.10380526096069077
543,13.996649289243527,-0.10444068044567248
544,13.992402672609789,-0.10507882361040585
545,13.988141213721223,-0.10571969544796098
546,13.983864895391031,-0.10636330093200015
547,13.979573700507153,-0.10700964501663734
548,13.975267612032564,-0.10765873263629569
549,13.970946613005486,-0.10831056870556763
550,13.9666106865397,-0.10896515811907152
551,13.962259815824765,-0.10962250575131106
552,13.957893984126274,-0.11028261645653356
553,13.953513174786123,-0.11094549506858761
554,13.949117371222796,-0.11161114640077995
555,13.944706556931585,-0.1122795752457349
556,13.940280715484867,-0.11295078637525077
557,13.935839830532366,-0.113624784540158
558,13.931383885801432,-0.1143015744701751
559,13.92691286509727,-0.11498116087376747
560,13.922426752303235,-0.11566354843800346
561,13.917925531381076,-0.11634874182841136
562,13.913409186371224,-0.11703674568883603
563,13.908877701393033,-0.11772756464129595
564,13.904331060645063,-0.1184212032858394
565,13.899769248405327,-0.11911766620040128
566,13.895192249031595,-0.11981695794065854
567,13.890600046961637,-0.12051908303988694
568,13.885992626713493,-0.121224046008817
569,13.881369972885752,-0.12193185133548977
570,13.876732070157827,-0.12264250348511259
571,13.8720789032902,-0.1233560068999152
572,13.867410457124738,-0.12407236599900459
573,13.862726716584932,-0.12479158517822098
574,13.85802766667617,-0.12551366880999365
575,13.853313292486053,-0.12623862124319463
576,13.84858357918461,-0.12696644680299568
577,13.843838512024615,-0.12769714979072255
578,13.83907807634188,-0.1284307344837091
579,13.83430225755547,-0.12916720513515398
580,13.829511041168043,-0.12990656597397407
581,13.824704412766096,-0.13064882120465987
582,13.819882358020257,-0.13139397500712938
583,13.815044862685568,-0.1321420315365833
584,13.810191912601752,-0.13289299492335954
585,13.805323493693521,-0.1336468692727868
586,13.800439591970834,-0.13440365866503975
587,13.795540193529193,-0.1351633671549925
588,13.790625284549922,-0.13592599877207373
589,13.785694851300468,-0.13669155752011938
590,13.780748880134668,-0.13746004737722783
591,13.77578735749305,-0.13823147229561328
592,13.770810269903103,-0.13900583620145993
593,13.765817603979594,-0.13978314299477534
594,13.760809346424828,-0.14056339654924466
595,13.755785484028962,-0.141346600712084
596,13.75074600367029,-0.14213275930389396
597,13.745690892315517,-0.142921876118514
598,13.740620137020077,-0.14371395492287492
599,13.735533724928422,-0.14450899945685278
600,13.730431643274297,-0.14530701343312274
601,13.725313879381062,-0.1461080005370118
602,13.720180420661968,-0.14691196442635263
603,13.715031254620476,-0.14771890873133633
604,13.709866368850522,-0.14852883705436673
605,13.704685751036834,-0.14934175296991278
606,13.699489388955259,-0.15015766002436165
607,13.694277270473007,-0.1509765617358728
608,13.689049383549005,-0.15179846159423005
609,13.683805716234156,-0.15262336306069588
610,13.67854625667168,-0.15345126956786354
611,13.673270993097395,-0.15428218451951065
612,13.66797991384003,-0.1551161112904522
613,13.662673007321523,-0.1559530532263937
614,13.657350262057342,-0.15679301364378395
615,13.652011666656774,-0.15763599582966867
616,13.646657209823246,-0.15848200304154297
617,13.641286880354642,-0.1593310385072044
618,13.635900667143598,-0.16018310542460631
619,13.630498559177799,-0.16103820696171134
620,13.625080545540332,-0.1618963462563433
621,13.619646615409984,-0.16275752641604066
622,13.614196758061523,-0.1636217505179105
623,13.60873096286607,-0.1644890216084799
624,13.603249219291357,-0.16535934270355115
625,13.597751516902074,-0.16623271678805313
626,13.592237845360211,-0.16710914681589462
627,13.58670819442532,-0.16798863570981853
628,13.581162553954877,-0.16887118636125417
629,13.575600913904573,-0.16975680163017087
630,13.570023264328677,-0.1706454843449307
631,13.564429595380322,-0.17153723730214218
632,13.558819897311828,-0.17243206326651384
633,13.55319416047506,-0.17332996497070674
634,13.547552375321718,-0.17423094511518847
635,13.54189453240367,-0.17513500636808693
636,13.536220622373312,-0.17604215136504253
637,13.530530635983842,-0.17695238270906324
638,13.52482456408963,-0.17786570297037718
639,13.519102397646542,-0.17878211468628635
640,13.513364127712256,-0.17970162036102094
641,13.507609745446617,-0.18062422246559204
642,13.501839242111942,-0.18154992343764678
643,13.496052609073374,-0.18247872568132123
644,13.49024983779923,-0.18341063156709436
645,13.484430919861303,-0.1843456434316427
646,13.47859584693522,-0.18528376357769433
647,13.472744610800781,-0.18622499427388234
648,13.466877203342296,-0.18716933775459998
649,13.460993616548919,-0.18811679621985478
650,13.455093842515017,-0.1890673718351221
651,13.44917787344047,-0.190021066731201
652,13.443245701631046,-0.19097788300406843
653,13.43729731949873,-0.19193782271473342
654,13.431332719562091,-0.1929008878890923
655,13.425351894446603,-0.19386708051778367
656,13.419354836885002,-0.19483640255604348
657,13.413341539717656,-0.1958088559235597
658,13.407311995892888,-0.196784442504328
659,13.401266198467328,-0.1977631641465072
660,13.395204140606285,-0.19874502266227437
661,13.389125815584102,-0.19973001982768016
662,13.383031216784483,-0.20071815738250548
663,13.376920337700875,-0.20170943703011654
664,13.370793171936812,-0.2027038604373211
665,13.364649713206283,-0.20370142923422446
666,13.358489955334077,-0.20470214501408587
667,13.352313892256166,-0.20570600933317465
668,13.346121518020041,-0.20671302371062694
669,13.339912826785094,-0.20772318962830233
670,13.333687812822975,-0.20873650853064024
671,13.327446470517957,-0.20975298182451765
672,13.321188794367314,-0.21077261087910537
673,13.314914778981667,-0.21179539702572592
674,13.308624419085357,-0.21282134155771096
675,13.302317709516842,-0.21385044573025835
676,13.295994645229039,-0.21488271076029014
677,13.289655221289703,-0.21591813782631097
678,13.283299432881817,-0.21695672806826516
679,13.276927275303938,-0.21799848258739613
680,13.27053874397061,-0.21904340244610365
681,13.264133834412695,-0.22009148866780415
682,13.2577125422778,-0.22114274223678732
683,13.251274863330627,-0.22219716409807694
684,13.244820793453359,-0.22325475515728935
685,13.238350328646057,-0.22431551628049257
686,13.231863465027025,-0.22537944829406642
687,13.22536019883321,-0.22644655198456212
688,13.218840526420564,-0.22751682809856244
689,13.212304444264479,-0.2285902773425411
690,13.205751948960108,-0.22966690038272464
691,13.199183037222824,-0.23074669784495172
692,13.192597705888577,-0.23182967031453416
693,13.18599595191428,-0.232915818336119
694,13.179377772378233,-0.23400514241354828
695,13.172743164480483,-0.2350976430097219
696,13.166092125543253,-0.23619332054645842
697,13.159424653011314,-0.23729217540435787
698,13.1527407444524,-0.23839420792266333
699,13.14604039755762,-0.23949941839912317
700,13.139323610141833,-0.24060780708985477
701,13.132590380144068,-0.2417193742092065
702,13.125840705627928,-0.24283411992962148
703,13.119074584781993,-0.2439520443815008
704,13.112292015920248,-0.24507314765306693
705,13.105492997482466,-0.24619742979022813
706,13.098677528034605,-0.24732489079644346
707,13.091845606269292,-0.248455530632585
708,13.084997231006149,-0.24958934921680515
709,13.078132401192267,-0.25072634642440006
710,13.071251115902605,-0.2518665220876756
711,13.064353374340405,-0.2530098759958128
712,13.05743917583762,-0.25415640789473365
713,13.050508519855322,-0.25530611748696785
714,13.043561405984134,-0.2564590044315187
715,13.036597833944665,-0.25761506834372977
716,13.029617803587898,-0.25877430879515295
717,13.022621314895682,-0.2599367253134143
718,13.015608367981088,-0.26110231738208306
719,13.008578963088892,-0.26227108444053915
720,13.001533100595985,-0.26344302588384133
721,12.99447078101181,-0.2646181410625962
722,12.987392004978798,-0.26579642928282665
723,12.980296773272798,-0.26697788980584164
724,12.973185086803522,-0.2681625218481057
725,12.966056946615007,-0.269350324581108
726,12.95891235388601,-0.2705412971312339
727,12.951751309930472,-0.2717354385796354
728,12.944573816197979,-0.2729327479621008
729,12.93737987427418,-0.27413322426892767
730,12.930169485881269,-0.27533686644479294
731,12.922942652878405,-0.2765436733886261
732,12.915699377262163,-0.27775364395348123
733,12.90843966116702,-0.2789667769464091
734,12.90116350686576,-0.280183071128331
735,12.893870916769982,-0.28140252521391185
736,12.88656189343052,-0.282625137871434
737,12.879236439537918,-0.28385090772267146
738,12.871894557922884,-0.28507983334276465
739,12.864536251556766,-0.286311913260095
740,12.857161523552007,-0.2875471459561603
741,12.849770377162613,-0.2887855298654511
742,12.842362815784616,-0.2900270633753259
743,12.834938842956564,-0.2912717448258878
744,12.82749846235996,-0.29251957250986255
745,12.820041677819772,-0.2937705446724739
746,12.812568493304877,-0.29502465951132345
747,12.80507891292857,-0.2962819151762669
748,12.797572940949006,-0.2975423097692939
749,12.790050581769718,-0.2988058413444064
750,12.782511839940064,-0.30007250790749856
751,12.774956720155737,-0.30134230741623586
752,12.767385227259252,-0.3026152377799358
753,12.759797366240418,-0.30389129685944866
754,12.752193142236838,-0.3051704824670384
755,12.744572560534397,-0.3064527923662642
756,12.73693562656776,-0.3077382242718628
757,12.72928234592087,-0.30902677584963056
758,12.721612724327448,-0.3103184447163064
759,12.713926767671467,-0.3116132284394559
760,12.706224481987691,-0.31291112453735376
761,12.69850587346216,-0.31421213047886953
762,12.690770948432705,-0.31551624368335107
763,12.683019713389418,-0.31682346152051144
764,12.675252174975215,-0.318133781310313
765,12.667468339986321,-0.31944720032285423
766,12.659668215372792,-0.3207637157782562
767,12.651851808239009,-0.32208332484655083
768,12.644019125844226,-0.3234060246475666
769,12.636170175603073,-0.32473181225081843
770,12.628304965086079,-0.3260606846753954
771,12.620423502020191,-0.3273926388898506
772,12.612525794289322,-0.32872767181208973
773,12.604611849934855,-0.3300657803092622
774,12.596681677156173,-0.3314069611976518
775,12.588735284311225,-0.33275121124256707
776,12.580772679917008,-0.3340985271582342
777,12.57279387265014,-0.3354489056076885
778,12.564798871347408,-0.33680234320266683
779,12.55678768500627,-0.33815883650350204
780,12.54876032278543,-0.33951838201901635
781,12.540716794005355,-0.3408809762064155
782,12.53265710814887,-0.3422466154711834
783,12.52458127486166,-0.3436152961669785
784,12.516489303952826,-0.34498701459552983
785,12.508381205395489,-0.34636176700653215
786,12.500256989327285,-0.3477395495975451
787,12.492116666050952,-0.3491203585138896
788,12.483960246034892,-0.35050418984854675
789,12.475787739913729,-0.3518910396420563
790,12.467599158488888,-0.35328090388241656
791,12.459394512729144,-0.35467377850498377
792,12.451173813771197,-0.3560696593923739
793,12.442937072920262,-0.3574685423743622
794,12.434684301650607,-0.358870423227787
795,12.42641551160618,-0.36027529767645017
796,12.41813071460114,-0.3616831613910217
797,12.409829922620487,-0.3630940099889419
798,12.4015131478206,-0.3645078390343271
799,12.39318040252986,-0.3659246440378733
800,12.384831699249224,-0.3673444204567618
801,12.376467050652819,-0.36876716369456625
802,12.36808646958853,-0.3701928691011583
803,12.359689969078618,-0.37162153197261505
804,12.351277562320298,-0.3730531475511274
805,12.342849262686359,-0.37448771102490835
806,12.33440508372574,-0.3759252175281029
807,12.325945039164177,-0.37736566214069656
808,12.317469142904779,-0.3788090398884274
809,12.308977409028664,-0.3802553457426963
810,12.30046985179556,-0.38170457462047924
811,12.291946485644429,-0.38315672138423934
812,12.283407325194084,-0.3846117808418405
813,12.274852385243816,-0.3860697477464612
814,12.266281680774018,-0.3875306167965087
815,12.25769522694681,-0.3889943826355345
816,12.24909303910667,-0.3904610398521504
817,12.240475132781084,-0.3919305829799442
818,12.23184152368116,-0.3934030064973981
819,12.223192227702276,-0.39487830482780617
820,12.214527260924726,-0.3963564723391926
821,12.205846639614364,-0.3978375033442314
822,12.197150380223247,-0.3993213921001666
823,12.188438499390296,-0.4008081328087328
824,12.179711013941931,-0.4022977196160766
825,12.170967940892735,-0.4037901466126793
826,12.162209297446141,-0.40528540783327854
827,12.153435100995038,-0.40678349725679364
828,12.144645369122482,-0.4082844088062489
829,12.135840119602356,-0.40978813634869865
830,12.127019370400015,-0.4112946736951537
831,12.118183139672995,-0.41280401460050753
832,12.109331445771668,-0.41431615276346356
833,12.100464307239907,-0.41583108182646394
834,12.091581742815821,-0.4173487953756169
835,12.082683771432382,-0.4188692869406282
836,12.073770412218156,-0.4203925499947298
837,12.06484168449796,-0.42191857795461235
838,12.055897607793593,-0.42344736418035617
839,12.046938201824501,-0.42497890197536436
840,12.03796348650851,-0.4265131845862958
841,12.028973481962487,-0.42805020520300024
842,12.019968208503093,-0.4295899569584524
843,12.010947686647471,-0.43113243292868847
844,12.001911937113956,-0.4326776261327419
845,11.992860980822801,-0.4342255295325819
846,11.983794838896893,-0.4357761360330507
847,11.974713532662468,-0.4373294384818033
848,11.965617083649864,-0.4388854296692463
849,11.956505513594225,-0.4404441023284797
850,11.947378844436239,-0.4420054491352374
851,11.938237098322874,-0.4435694627078307
852,11.929080297608131,-0.44513613560708964
853,11.919908464853773,-0.4467054603363084
854,11.91072162283007,-0.4482774293411898
855,11.901519794516572,-0.4498520350097899
856,11.892303003102821,-0.4514292696724661
857,11.883071271989149,-0.4530091256018233
858,11.873824624787403,-0.4545915950126624
859,11.864563085321743,-0.4561766700619293
860,11.855286677629376,-0.4577643428486648
861,11.845995425961359,-0.45935460541395484
862,11.836689354783344,-0.46094744974088336
863,11.82736848877637,-0.4625428677544831
864,11.818032852837641,-0.46414085132169036
865,11.808682472081312,-0.46574139225129874
866,11.79931737183928,-0.4673444822939136
867,11.789937577661963,-0.4689501131419096
868,11.780543115319114,-0.47055827642938586
869,11.771134010800601,-0.47216896373212486
870,11.761710290317238,-0.47378216656755057
871,11.75227198030155,-0.47539787639468867
872,11.74281910740862,-0.47701608461412653
873,11.733351698516888,-0.4786367825679745
874,11.72386978072897,-0.4802599615398286
875,11.714373381372475,-0.48188561275473385
876,11.704862528000842,-0.4835137273791479
877,11.695337248394154,-0.48514429652090696
878,11.68579757055999,-0.4867773112291903
879,11.676243522734232,-0.48841276249448984
880,11.66667513338195,-0.4900506412485749
881,11.657092431198205,-0.49169093836446337
882,11.647495445108913,-0.4933336446563904
883,11.6378842042717,-0.4949787508797801
884,11.628258738076756,-0.4966262477312157
885,11.618619076147706,-0.49827612584841363
886,11.608965248342447,-0.49992837581019656
887,11.59929728475405,-0.501582988136468
888,11.589615215711603,-0.5032399532881876
889,11.579919071781115,-0.5048992616673484
890,11.570208883766357,-0.5065609036169538
891,11.560484682709806,-0.5082248694209962
892,11.550746499893478,-0.509891149304436
893,11.540994366839849,-0.5115597334331831
894,11.53122831531274,-0.5132306119140772
895,11.521448377318238,-0.5149037747948713
896,11.511654585105562,-0.5165792120642145
897,11.501846971168037,-0.5182569136516367
898,11.492025568243943,-0.5199368694275338
899,11.482190409317464,-0.5216190692031546
900,11.47234152761962,-0.5233035027305879
901,11.46247895662916,-0.5249901597027518
902,11.452602730073538,-0.5266790297533819
903,11.442712881929806,-0.5283701024570232
904,11.432809446425587,-0.530063367329021
905,11.422892458040003,-0.5317588138255137
906,11.412961951504625,-0.5334564313434266
907,11.403017961804425,-0.5351562092204663
908,11.393060524178733,-0.5368581367351175
909,11.383089674122216,-0.538562203106638
910,11.373105447385836,-0.540268397495058
911,11.36310787997781,-0.541976709001179
912,11.353097008164589,-0.5436871266665729
913,11.343072868471838,-0.5453996394735846
914,11.333035497685456,-0.5471142363453322
915,11.322984932852505,-0.5488309061457117
916,11.31292121128225,-0.5505496376794009
917,11.302844370547147,-0.5522704196918641
918,11.292754448483842,-0.5539932408693595
919,11.282651483194172,-0.5557180898389468
920,11.27253551304621,-0.5574449551684943
921,11.262406576675229,-0.5591738253666912
922,11.252264712984786,-0.560904688883056
923,11.242109961147703,-0.5626375341079495
924,11.23194236060713,-0.5643723493725876
925,11.221761951077562,-0.5661091229490564
926,11.211568772545881,-0.5678478430503258
927,11.201362865272412,-0.5695884978302678
928,11.191144269791984,-0.5713310753836719
929,11.180913026914972,-0.5730755637462649
930,11.170669177728357,-0.5748219508947315
931,11.160412763596804,-0.5765702247467334
932,11.150143826163713,-0.5783203731609327
933,11.139862407352338,-0.5800723839370139
934,11.12956854936682,-0.5818262448157093
935,11.119262294693296,-0.5835819434788242
936,11.108943686101018,-0.5853394675492626
937,11.098612766643377,-0.5870988045910562
938,11.088269579659084,-0.588859942109393
939,11.077914168773232,-0.5906228675506466
940,11.067546577898431,-0.5923875683024077
941,11.057166851235895,-0.5941540316935178
942,11.0467750332766,-0.5959222449941008
943,11.036371168802384,-0.5976921954155994
944,11.0259553028871,-0.5994638701108099
945,11.015527480897749,-0.6012372561739198
946,11.005087748495612,-0.6030123406405459
947,10.994636151637424,-0.6047891104877741
948,10.984172736576495,-0.6065675526341996
949,10.973697549863896,-0.6083476539399693
950,10.96321063834962,-0.610129401206824
951,10.952712049183743,-0.6119127811781437
952,10.942201829817586,-0.6136977805389928
953,10.931680028004953,-0.6154843859161657
954,10.921146691803244,-0.6172725838782362
955,10.910601869574693,-0.6190623609356058
956,10.900045609987565,-0.6208537035405536
957,10.889477962017335,-0.6226465980872888
958,10.878898974947916,-0.624441030912003
959,10.868308698372857,-0.6262369882929238
960,10.85770718219658,-0.6280344564503709
961,10.847094476635602,-0.6298334215468113
962,10.836470632219738,-0.6316338696869183
963,10.825835699793396,-0.6334357869176291
964,10.815189730516732,-0.6352391592282068
965,10.80453277586699,-0.6370439725502994
966,10.793864887639689,-0.6388502127580042
967,10.78318611794991,-0.6406578656679315
968,10.772496519233561,-0.6424669170392688
969,10.761796144248622,-0.6442773525738483
970,10.751085046076453,-0.6460891579162142
971,10.740363278123054,-0.6479023186536913
972,10.72963089412036,-0.6497168203164556
973,10.718887948127536,-0.6515326483776058
974,10.708134494532263,-0.6533497882532353
975,10.697370588052044,-0.6551682253025081
976,10.68659628373554,-0.6569879448277312
977,10.675811636963846,-0.6588089320744339
978,10.66501670345184,-0.6606311722314444
979,10.654211539249498,-0.6624546504309688
980,10.643396200743227,-0.6642793517486724
981,10.632570744657217,-0.6661052612037599
982,10.621735228054757,-0.6679323637590607
983,10.610889708339618,-0.6697606443211113
984,10.60003424325739,-0.6715900877402415
985,10.589168890896847,-0.6734206788106617
986,10.578293709691307,-0.6752524022705507
987,10.567408758420033,-0.6770852428021457
988,10.556514096209575,-0.6789191850318326
989,10.545609782535179,-0.6807542135302385
990,10.534695877222168,-0.6825903128123256
991,10.523772440447361,-0.6844274673374849
992,10.512839532740456,-0.6862656615096334
993,10.501897214985407,-0.6881048796773115
994,10.4909455484219,-0.689945106133781
995,10.479984594646755,-0.6917863251171259
996,10.469014415615327,-0.6936285208103534
997,10.458035073642957,-0.6954716773414976
998,10.447046631406417,-0.6973157787837223
999,10.436049151945328,-0.6991608091554277
1000,10.425042698663628,-0.7010067524203567
1001,10.414027335331038,-0.7028535924877025
1002,10.403003126084508,-0.7047013132122193
1003,10.391970135429698,-0.7065498983943318
1004,10.380928428242411,-0.708399331780249
1005,10.36987806977013,-0.7102495970620765
1006,10.358819125633458,-0.7121006778779314
1007,10.347751661827647,-0.7139525578120597
1008,10.336675744724058,-0.715805220394953
1009,10.325591441071683,-0.7176586491034678
1010,10.31449881799865,-0.7195128273609457
1011,10.303397943013739,-0.7213677385373357
1012,10.29228888400789,-0.7232233659493168
1013,10.281171709255757,-0.7250796928604221
1014,10.270046487417215,-0.7269367024811659
1015,10.258913287538903,-0.72879437796917
1016,10.247772179055756,-0.7306527024292927
1017,10.236623231792587,-0.7325116589137584
1018,10.225466515965602,-0.7343712304222896
1019,10.214302102183991,-0.7362313999022392
1020,10.203130061451477,-0.7380921502487247
1021,10.191950465167883,-0.7399534643047644
1022,10.180763385130735,-0.7418153248614135
1023,10.16956889353682,-0.7436777146579026
1024,10.158367062983784,-0.7455406163817779
1025,10.147157966471724,-0.7474040126690423
1026,10.135941677404787,-0.7492678861042973
1027,10.124718269592774,-0.7511322192208878
1028,10.11348781725277,-0.7529969945010462
1029,10.102250395010714,-0.7548621943760411
1030,10.091006077903076,-0.7567278012263234
1031,10.079754941378441,-0.7585937973816773
1032,10.068497061299166,-0.7604601651213709
1033,10.057232513943008,-0.7623268866743078
1034,10.04596137600477,-0.7641939442191821
1035,10.034683724597942,-0.7660613198846329
1036,10.023399637256368,-0.7679289957494009
1037,10.012109191935883,-0.7697969538424877
1038,10.000812467016015,-0.771665176143313
1039,9.989509541301604,-0.7735336445818773
1040,9.978200494024508,-0.775402341038924
1041,9.966885404845286,-0.7772712473461024
1042,9.955564353854863,-0.7791403452861334
1043,9.944237421576217,-0.7810096165929764
1044,9.932904688966087,-0.782879042951997
1045,9.921566237416698,-0.7847486060001351
1046,9.910222148757393,-0.7866182873260789
1047,9.898872505256389,-0.7884880684704345
1048,9.887517389622495,-0.7903579309259011
1049,9.876156885006807,-0.7922278561374454
1050,9.864791075004435,-0.7940978255024788
1051,9.853420043656255,-0.7959678203710346
1052,9.842043875450587,-0.7978378220459493
1053,9.830662655324973,-0.7997078117830417
1054,9.819276468667905,-0.8015777707912964
1055,9.807885401320569,-0.8034476802330468
1056,9.796489539578582,-0.8053175212241614
1057,9.785088970193755,-0.8071872748342299
1058,9.77368378037585,-0.8090569220867514
1059,9.76227405779432,-0.810926443959324
1060,9.7508598905801,-0.8127958213838364
1061,9.739441367327345,-0.8146650352466603
1062,9.728018577095238,-0.8165340663888432
1063,9.71659160940972,-0.8184028956063056
1064,9.7051605542653,-0.8202715036500365
1065,9.693725502126807,-0.8221398712262933
1066,9.682286543931214,-0.8240079789967991
1067,9.670843771089393,-0.8258758075789465
1068,9.65939727548791,-0.827743337545999
1069,9.647947149490815,-0.8296105494272957
1070,9.636493485941472,-0.8314774237084559
1071,9.625036378164308,-0.8333439408315874
1072,9.613575919966648,-0.8352100811954942
1073,9.6021122056405,-0.8370758251558873
1074,9.59064532996438,-0.8389411530255955
1075,9.57917538820509,-0.840806045074778
1076,9.567702476119576,-0.8426704815311399
1077,9.556226689956693,-0.8445344425801468
1078,9.54474812645905,-0.846397908365243
1079,9.533266882864805,-0.8482608589880704
1080,9.5217830569095,-0.8501232745086867
1081,9.51029674682788,-0.8519851349457902
1082,9.498808051355702,-0.8538464202769402
1083,9.487317069731553,-0.855707110438784
1084,9.475823901698705,-0.8575671853272803
1085,9.464328647506898,-0.8594266247979289
1086,9.45283140791419,-0.8612854086659987
1087,9.441332284188771,-0.8631435167067588
1088,9.429831378110807,-0.8650009286557091
1089,9.418328791974236,-0.8668576242088153
1090,9.406824628588616,-0.8687135830227429
1091,9.395318991280947,-0.8705687847150934
1092,9.383811983897488,-0.8724232088646422
1093,9.372303710805598,-0.8742768350115786
1094,9.360794276895538,-0.876129642657745
1095,9.349283787582316,-0.8779816112668799
1096,9.337772348807503,-0.8798327202648625
1097,9.326260067041057,-0.8816829490399556
1098,9.314747049283136,-0.8835322769430535
1099,9.303233403065907,-0.8853806832879308
1100,9.291719236455396,-0.88722814735149
1101,9.280204658053272,-0.8890746483740135
1102,9.268689776998666,-0.8909201655594159
1103,9.257174702970001,-0.8927646780754982
1104,9.245659546186776,-0.8946081650542015
1105,9.234144417411374,-0.8964506055918667
1106,9.222629427950869,-0.8982919787494895
1107,9.21111468965882,-0.9001322635529828
1108,9.199600314937078,-0.9019714389934361
1109,9.188086416737564,-0.9038094840273782
1110,9.176573108564053,-0.9056463775770426
1111,9.16506050447397,-0.9074820985306317
1112,9.15354871908015,-0.9093166257425838
1113,9.14203786755262,-0.9111499380338431
1114,9.130528065620373,-0.9129820141921274
1115,9.119019429573116,-0.9148128329722014
1116,9.107512076263031,-0.916642373096148
1117,9.096006123106534,-0.9184706132536429
1118,9.084501688086004,-0.920297532102231
1119,9.072998889751537,-0.9221231082676028
1120,9.061497847222657,-0.9239473203438733
1121,9.049998680190058,-0.925770146893862
1122,9.038501508917307,-0.9275915664493743
1123,9.027006454242565,-0.9294115575114845
1124,9.015513637580266,-0.9312300985508202
1125,9.004023180922822,-0.9330471680078477
1126,8.992535206842314,-0.93486274429316
1127,8.981049838492133,-0.9366768057877652
1128,8.969567199608687,-0.9384893308433758
1129,8.958087414513022,-0.9403002977827022
1130,8.946610608112488,-0.9421096848997426
1131,8.935136905902333,-0.9439174704600817
1132,8.923666433967371,-0.9457236327011822
1133,8.912199318983575,-0.9475281498326851
1134,8.900735688219669,-0.949331000036707
1135,8.889275669538716,-0.9511321614681408
1136,8.877819391399703,-0.9529316122549575
1137,8.8663669828591,-0.9547293304985084
1138,8.854918573572371,-0.9565252942738305
1139,8.843474293795591,-0.9583194816299507
1140,8.832034274386878,-0.9601118705901954
1141,8.820598646807941,-0.9619024391524974
1142,8.80916754312558,-0.963691165289707
1143,8.797741096013121,-0.9654780269499024
1144,8.786319438751924,-0.9672630020567045
1145,8.774902705232785,-0.9690460685095884
1146,8.763491029957375,-0.9708272041842027
1147,8.752084548039667,-0.972606386932683
1148,8.74068339520729,-0.9743835945839737
1149,8.72928770780293,-0.9761588049441456
1150,8.717897622785678,-0.9779319957967179
1151,8.706513277732356,-0.9797031449029814
1152,8.695134810838814,-0.9814722300023232
1153,8.683762360921294,-0.9832392288125502
1154,8.6723960674176,-0.9850041190302181
1155,8.661036070388434,-0.9867668783309584
1156,8.64968251051859,-0.9885274843698088
1157,8.638335529118159,-0.9902859147815437
1158,8.626995268123725,-0.9920421471810073
1159,8.61566187009953,-0.9937961591634467
1160,8.604335478238575,-0.9955479283048484
1161,8.593016236363768,-0.9972974321622731
1162,8.581704288929018,-0.9990446482741945
1163,8.57039978102025,-1.0007895541608396
1164,8.559102858356475,-1.0025321273245271
1165,8.547813667290791,-1.0042723452500122
1166,8.536532354811346,-1.0060101854048276
1167,8.525259068542315,-1.0077456252396289
1168,8.5139939567448,-1.0094786421885422
1169,8.502737168317728,-1.0112092136695094
1170,8.491488852798687,-1.0129373170846379
1171,8.48024916036483,-1.0146629298205514
1172,8.469018241833588,-1.0163860292487403
1173,8.45779624866349,-1.0181065927259152
1174,8.446583332954862,-1.0198245975943605
1175,8.435379647450564,-1.0215400211822903
1176,8.424185345536618,-1.0232528408042054
1177,8.413000581242862,-1.0249630337612508
1178,8.401825509243531,-1.0266705773415754
1179,8.39066028485783,-1.0283754488206927
1180,8.379505064050427,-1.0300776254618436
1181,8.368360003431963,-1.0317770845163585
1182,8.357225260259476,-1.0334738032240227
1183,8.346100992436819,-1.0351677588134427
1184,8.334987358515011,-1.0368589285024128
1185,8.32388451769255,-1.0385472894982843
1186,8.312792629815721,-1.040232818998335
1187,8.301711855378816,-1.0419154941901396
1188,8.290642355524314,-1.0435952922519445
1189,8.279584292043054,-1.0452721903530386
1190,8.268537827374333,-1.0469461656541306
1191,8.25750312460594,-1.048617195307724
1192,8.246480347474195,-1.0502852564584946
1193,8.235469660363897,-1.0519503262436705
1194,8.224471228308243,-1.0536123817934109
1195,8.213485216988692,-1.055271400231188
1196,8.202511792734773,-1.0569273586741694
1197,8.191551122523853,-1.0585802342336017
1198,8.180603373980837,-1.060230004015196
1199,8.169668715377846,-1.0618766451195145
1200,8.1587473156338,-1.0635201346423562
1201,8.147839344313974,-1.0651604496751483
1202,8.136944971629482,-1.0667975673053343
1203,8.126064368436731,-1.0684314646167654
1204,8.115197706236772,-1.0700621186900943
1205,8.104345157174627,-1.0716895066031666
1206,8.093506894038573,-1.0733136054314178
1207,8.082683090259302,-1.0749343922482677
1208,8.071873919909077,-1.0765518441255182
1209,8.061079557700799,-1.078165938133753
1210,8.050300178987017,-1.0797766513427343
1211,8.03953595975887,-1.081383960821807
1212,8.028787076644988,-1.0829878436402978
1213,8.018053706910262,-1.0845882768679205
1214,8.007336028454613,-1.0861852375751786
1215,7.996634219811682,-1.087778702833772
1216,7.985948460147398,-1.089368649717003
1217,7.975278929258548,-1.0909550553001846
1218,7.964625807571214,-1.0925378966610486
1219,7.953989276139173,-1.0941171508801564
1220,7.943369516642206,-1.0956927950413105
1221,7.932766711384341,-1.0972648062319657
1222,7.922181043292018,-1.0988331615436435
1223,7.911612695912161,-1.100397838072347
1224,7.901061853410201,-1.1019588129189746
1225,7.890528700568,-1.10351606318974
1226,7.880013422781678,-1.1050695659965872
1227,7.86951620605941,-1.1066192984576113
1228,7.859037237019069,-1.108165237697478
1229,7.848576702885857,-1.1097073608478443
1230,7.838134791489789,-1.1112456450477821
1231,7.827711691263135,-1.1127800674442003
1232,7.817307591237747,-1.1143106051922702
1233,7.8069226810423125,-1.11583723545585
1234,7.796557150899507,-1.1173599354079122
1235,7.786211191623064,-1.118878682230971
1236,7.775884994614748,-1.1203934531175108
1237,7.765578751861235,-1.1219042252704157
1238,7.7552926559309,-1.1234109759034008
1239,7.745026899970512,-1.1249136822414438
1240,7.734781677701795,-1.1264123215212174
1241,7.724557183417989,-1.1279068709915232
1242,7.71435361198017,-1.1293973079137272
1243,7.704171158813599,-1.1308836095621944
1244,7.6940100199038834,-1.1323657532247267
1245,7.683870391793088,-1.1338437162030008
1246,7.673752471575699,-1.1353174758130056
1247,7.663656456894533,-1.136787009385483
1248,7.653582545936491,-1.1382522942663686
1249,7.643530937428217,-1.1397133078172337
1250,7.63350183063167,-1.1411700274157268
1251,7.6234954253395815,-1.1426224304560186
1252,7.613511921870753,-1.1440704943492455
1253,7.603551521065307,-1.145514196523956
1254,7.593614424279813,-1.146953514426556
1255,7.583700833382243,-1.1483884255217571
1256,7.573810950746874,-1.1498189072930243
1257,7.563944979249042,-1.1512449372430258
1258,7.554103122259782,-1.1526664928940824
1259,7.544285583640377,-1.1540835517886192
1260,7.534492567736718,-1.1554960914896169
1261,7.524724279373624,-1.1569040895810636
1262,7.514980923848978,-1.1583075236684113
1263,7.505262706927777,-1.1597063713790277
1264,7.495569834836019,-1.161100610362652
1265,7.485902514254506,-1.1624902182918526
1266,7.476260952312497,-1.1638751728624825
1267,7.466645356581237,-1.1652554517941376
1268,7.457055935067328,-1.1666310328306164
1269,7.4474928962060325,-1.1680018937403784
1270,7.4379564488543926,-1.169368012317004
1271,7.428446802284234,-1.170729366379658
1272,7.418964166175012,-1.1720859337735494
1273,7.4095087506065935,-1.1734376923703942
1274,7.400080766051815,-1.1747846200688805
1275,7.390680423368964,-1.1761266947951319
1276,7.381307933794077,-1.177463894503172
1277,7.3719635089331526,-1.1787961971753913
1278,7.362647360754186,-1.1801235808230137
1279,7.353359701579076,-1.1814460234865627
1280,7.344100744075374,-1.1827635032363308
1281,7.334870701247918,-1.1840759981728484
1282,7.325669786430295,-1.185383486427352
1283,7.316498213276199,-1.1866859461622559
1284,7.307356195750593,-1.1879833555716222
1285,7.298243948120759,-1.189275692881633
1286,7.289161684947196,-1.1905629363510628
1287,7.280109621074354,-1.191845064271751
1288,7.271087971621262,-1.1931220549690762
1289,7.26209695197195,-1.1943938868024302
1290,7.253136777765744,-1.1956605381656933
1291,7.2442076648874485,-1.1969219874877102
1292,7.235309829457331,-1.1981782132327647
1293,7.226443487820951,-1.19942919390106
1294,7.21760885653889,-1.2006749080291923
1295,7.208806152376264,-1.2019153341906323
1296,7.2000355922921235,-1.2031504509962019
1297,7.191297393428707,-1.2043802370945538
1298,7.1825917731005005,-1.2056046711726534
1299,7.1739189487831725,-1.2068237319562565
1300,7.165279138102346,-1.2080373982103927
1301,7.156672558822218,-1.2092456487398457
1302,7.148099428834016,-1.2104484623896374
1303,7.13955996614431,-1.2116458180455076
1304,7.131054388863157,-1.2128376946344
1305,7.122582915192097,-1.2140240711249448
1306,7.114145763412,-1.215204926527944
1307,7.105743151870716,-1.216380239896855
1308,7.09737529897062,-1.2175499903282772
1309,7.08904242315599,-1.2187141569624365
1310,7.0807447429001895,-1.2198727189836729
1311,7.072482476692726,-1.2210256556209267
1312,7.064255843026171,-1.222172946148226
1313,7.056065060382863,-1.2233145698851742
1314,7.0479103472215066,-1.2244505061974382
1315,7.039791921963625,-1.2255807344972363
1316,7.0317100029797786,-1.2267052342438294
1317,7.0236648085757345,-1.2278239849440076
1318,7.015656556978372,-1.228936966152582
1319,7.00768546632154,-1.2300441574728738
1320,6.999751754631668,-1.2311455385572063
1321,6.991855639813281,-1.2322410891073938
1322,6.983997339634351,-1.2333307888752345
1323,6.976177071711473,-1.2344146176630026
1324,6.968395053494886,-1.2354925553239384
1325,6.960651502253426,-1.2365645817627422
1326,6.952946635059188,-1.2376306769360665
1327,6.945280668772165,-1.2386908208530099
1328,6.937653820024657,-1.2397449935756077
1329,6.930066305205578,-1.2407931752193302
1330,6.9225183404446025,-1.241835345953572
1331,6.915010141596159,-1.242871486002148
1332,6.907541924223282,-1.2439015756437886
1333,6.900113903581329,-1.2449255952126335
1334,6.89272629460155,-1.2459435250987265
1335,6.885379311874504,-1.2469553457485116
1336,6.8780731696333826,-1.247961037665327
1337,6.870808081737122,-1.2489605814099023
1338,6.86358426165344,-1.249953957600853
1339,6.856401922441709,-1.2509411469151774
1340,6.849261276735716,-1.2519221300887522
1341,6.84216253672626,-1.2528968879168292
1342,6.835105914143669,-1.2538654012545314
1343,6.828091620240124,-1.2548276510173504
1344,6.821119865771921,-1.255783618181643
1345,6.8141908609815625,-1.256733283785127
1346,6.807304815579762,-1.2576766289273804
1347,6.800461938727292,-1.2586136347703367
1348,6.7936624390167495,-1.2595442825387833
1349,6.786906524454198,-1.2604685535208577
1350,6.780194402440684,-1.2613864290685461
1351,6.77352627975363,-1.2622978905981812
1352,6.766902362528176,-1.263202919590938
1353,6.760322856238357,-1.2641014975933322
1354,6.753787965678192,-1.264993606217719
1355,6.747297894942702,-1.2658792271427894
1356,6.740852847408798,-1.266758342114068
1357,6.73445302571608,-1.267630932944411
1358,6.72809863174756,-1.2684969815145042
1359,6.72178986661027,-1.2693564697733593
1360,6.715526930615835,-1.2702093797388134
1361,6.7093100232608665,-1.2710556934980242
1362,6.703139343207412,-1.2718953932079704
1363,6.697015088263196,-1.272728461095946
1364,6.69093745536187,-1.27355487946006
1365,6.684906640543175,-1.2743746306697326
1366,6.678922838933013,-1.2751876971661924
1367,6.672986244723497,-1.2759940614629737
1368,6.667097051152903,-1.2767937061464134
1369,6.661255450485579,-1.2775866138761474
1370,6.655461633991828,-1.2783727673856071
1371,6.649715791927683,-1.2791521494825178
1372,6.644018113514731,-1.2799247430493914
1373,6.638368786919793,-1.2806905310440257
1374,6.63276799923463,-1.281449496499999
1375,6.627215936455603,-1.2822016225271657
1376,6.621712783463307,-1.2829468923121523
1377,6.616258724002169,-1.2836852891188526
1378,6.6108539406600455,-1.284416796288922
1379,6.605498614847779,-1.2851413972422732
1380,6.600192926778767,-1.28585907547757
1381,6.5949370554485,-1.2865698145727225
1382,6.589731178614127,-1.2872735981853796
1383,6.584575472773995,-1.2879704100534237
1384,6.579470113147196,-1.288660233995464
1385,6.574415273653162,-1.2893430539113289
1386,6.569411126891208,-1.2900188537825594
1387,6.564457844120172,-1.2906876176729005
1388,6.559555595238003,-1.2913493297287948
1389,6.554704548761454,-1.292003974179871
1390,6.5499048718057375,-1.2926515353394392
1391,6.545156730064285,-1.2932919976049784
1392,6.540460287788496,-1.2939253454586281
1393,6.535815707767554,-1.2945515634676792
1394,6.531223151308333,-1.2951706362850612
1395,6.526682778215296,-1.2957825486498342
1396,6.52219474677051,-1.2963872853876752
1397,6.517759213713714,-1.2969848314113668
1398,6.513376334222444,-1.297575171721286
1399,6.509046261892258,-1.2981582914058902
1400,6.504769148717025,-1.2987341756422046
1401,6.500545145069351,-1.2993028096963073
1402,6.496374399681013,-1.2998641789238168
1403,6.492257059623586,-1.3004182687703754
1404,6.488193270289095,-1.300965064772134
1405,6.484183175370852,-1.3015045525562372
1406,6.480226916844333,-1.3020367178413053
1407,6.476324634948212,-1.302561546437918
1408,6.472476468165547,-1.3030790242490966
1409,6.4686825532050545,-1.3035891372707837
1410,6.464943024982527,-1.3040918715923278
1411,6.461258016602389,-1.3045872133969598
1412,6.457627659339419,-1.3050751489622754
1413,6.454052082620639,-1.305555664660712
1414,6.450531414007277,-1.3060287469600294
1415,6.447065779176988,-1.3064943824237842
1416,6.44365530190618,-1.3069525577118095
1417,6.440300104052546,-1.3074032595806897
1418,6.437000305537756,-1.3078464748842367
1419,6.4337560243303376,-1.308282190573963
1420,6.430567376428736,-1.308710393699558
1421,6.427434475844573,-1.3091310714093591
1422,6.424357434586111,-1.3095442109508246
1423,6.421336362641891,-1.3099497996710066
1424,6.41837136796462,-1.3103478250170195
1425,6.415462556455246,-1.3107382745365117
1426,6.412610031947225,-1.311121135878134
1427,6.409813896191071,-1.3114963967920081
1428,6.407074248839097,-1.3118640451301937
1429,6.404391187430358,-1.3122240688471551
1430,6.401764807375904,-1.3125764560002269
1431,6.399195201944191,-1.3129211947500792
1432,6.396682462246821,-1.3132582733611802
1433,6.39422667722445,-1.3135876802022601
1434,6.391827933633027,-1.3139094037467733
1435,6.389486316030211,-1.3142234325733582
1436,6.387201906762147,-1.3145297553662982
1437,6.384974785950414,-1.31482836091598
1438,6.382805031479298,-1.3151192381193535
1439,6.380692718983356,-1.315402375980385
1440,6.378637921835204,-1.3156777636105186
1441,6.376640711133633,-1.3159453902291258
1442,6.374701155691991,-1.3162052451639632
1443,6.372819322026884,-1.3164573178516243
1444,6.3709952743471305,-1.3167015978379906
1445,6.36922907454305,-1.3169380747786832
1446,6.367520782176025,-1.317166738439512
1447,6.365870454468403,-1.317387578696925
1448,6.364278146293672,-1.3176005855384545
1449,6.362743910166993,-1.3178057490631638
1450,6.361267796235988,-1.3180030594820935
1451,6.359849852271894,-1.3181925071187035
1452,6.358490123661025,-1.3183740824093175
1453,6.357188653396545,-1.3185477759035635
1454,6.3559454820705925,-1.3187135782648145
1455,6.354760647866717,-1.3188714802706283
1456,6.353634186552647,-1.3190214728131844
1457,6.352566131473423,-1.3191635468997207
1458,6.351556513544786,-1.3192976936529708
1459,6.350605361247032,-1.3194239043115958
1460,6.3497127006190865,-1.3195421702306183
1461,6.34887855525299,-1.3196524828818543
1462,6.34810294628871,-1.319754833854343
1463,6.347385892409311,-1.3198492148547758
1464,6.346727409836449,-1.3199356177079236
1465,6.346127512326223,-1.320014034357064
1466,6.345586211165425,-1.3200844568644057
1467,6.345103515168032,-1.3201468774115115
1468,6.344679430672186,-1.3202012882997216
1469,6.344313961537432,-1.3202476819505728
1470,6.344007109142338,-1.3202860509062202
1471,6.343758872382503,-1.3203163878298523
1472,6.343569247668869,-1.3203386855061092
1473,6.343438228926417,-1.3203529368414975
1474,6.3433658075932255,-1.3203591348648027
1475,6.343351972619874,-1.3203572727275035
1476,6.34339671046923,-1.3203473437041797
1477,6.343500005116538,-1.3203293411929224
1478,6.343661838049939,-1.3203032587157422
1479,6.34388218827128,-1.3202690899189744
1480,6.344161032297336,-1.320226828573683
1481,6.3444983441613365,-1.3201764685760644
1482,6.344894095414899,-1.320118003947849
1483,6.345348255130269,-1.3200514288366998
1484,6.345860789902958,-1.3199767375166105
1485,6.346431663854708,-1.3198939243883034
1486,6.347060838636808,-1.3198029839796221
1487,6.3477482734337745,-1.3197039109459268
1488,6.348493924967367,-1.3195967000704845
1489,6.349297747500954,-1.3194813462648598
1490,6.350159692844243,-1.3193578445693015
1491,6.351079710358327,-1.3192261901531315
1492,6.3520577469610995,-1.3190863783151272
1493,6.35309374713299,-1.3189384044839056
1494,6.354187652923032,-1.3187822642183051
1495,6.3553394039552975,-1.318617953207764
1496,6.356548937435646,-1.318445467272699
1497,6.3578161881588,-1.318264802364882
1498,6.359141088515763,-1.3180759545678113
1499,6.360523568501537,-1.3178789200970875
1500,6.361963555723207,-1.3176736953007826
1501,6.363460975408297,-1.3174602766598085
1502,6.365015750413492,-1.3172386607882849
1503,6.366627801233626,-1.3170088444339025
1504,6.368297046011024,-1.316770824478289
1505,6.370023400545122,-1.3165245979373674
1506,6.371806778302402,-1.3162701619617174
1507,6.373647090426637,-1.3160075138369336
1508,6.375544245749396,-1.3157366509839776
1509,6.377498150800913,-1.3154575709595355
1510,6.379508709821176,-1.3151702714563678
1511,6.38157582477134,-1.3148747503036586
1512,6.3836993953454,-1.314571005467365
1513,6.385879318982178,-1.314259035050561
1514,6.38811549087754,-1.3139388372937832
1515,6.390407803996927,-1.3136104105753705
1516,6.3927561490881,-1.313273753411806
1517,6.395160414694197,-1.3129288644580523
1518,6.397620487167032,-1.3125757425078892
1519,6.4001362506806165,-1.312214386494246
1520,6.402707587244989,-1.3118447954895336
1521,6.405334376720222,-1.3114669687059732
1522,6.408016496830717,-1.3110809054959247
1523,6.410753823179727,-1.3106866053522102
1524,6.413546229264082,-1.3102840679084387
1525,6.416393586489162,-1.3098732929393255
1526,6.419295764184091,-1.3094542803610123
1527,6.4222526296171445,-1.3090270302313822
1528,6.425264048011371,-1.3085915427503756
1529,6.4283298825604,-1.3081478182603015
1530,6.43144999444446,-1.3076958572461466
1531,6.4346242428466365,-1.3072356603358852
1532,6.4378524849692385,-1.3067672283007825
1533,6.441134576050425,-1.306290562055699
1534,6.444470369380963,-1.3058056626593912
1535,6.447859716321196,-1.3053125313148102
1536,6.451302466318166,-1.304811169369398
1537,6.454798466922895,-1.3043015783153817
1538,6.4583475638078465,-1.3037837597900648
1539,6.4619496007845285,-1.3032577155761187
1540,6.465604419821251,-1.3027234476018668
1541,6.469311861061017,-1.3021809579415708
1542,6.473071762839598,-1.3016302488157137
1543,6.476883961703666,-1.301071322591278
1544,6.480748292429127,-1.3005041817820253
1545,6.484664588039538,-1.2999288290487705
1546,6.488632679824676,-1.2993452671996544
1547,6.492652397359197,-1.2987534991904148
1548,6.496723568521402,-1.2981535281246528
1549,6.500846019512103,-1.2975453572541016
1550,6.505019574873627,-1.2969289899788858
1551,6.509244057508866,-1.296304429847784
1552,6.513519288700446,-1.295671680558486
1553,6.517845088129959,-1.2950307459578498
1554,6.522221273897285,-1.294381630042153
1555,6.526647662539996,-1.2937243369573432
1556,6.531124069052805,-1.293058870999288
1557,6.535650306907103,-1.292385236614018
1558,6.54022618807054,-1.291703438397971
1559,6.54485152302667,-1.291013481098232
1560,6.549526120794599,-1.2903153696127714
1561,6.55424978894878,-1.2896091089906785
1562,6.559022333638739,-1.288894704432396
1563,6.563843559608889,-1.2881721612899482
1564,6.568713270218367,-1.287441485067169
1565,6.573631267460895,-1.2867026814199265
1566,6.578597351984663,-1.285955756156345
1567,6.583611323112205,-1.2852007152370235
1568,6.588672978860345,-1.284437564775253
1569,6.593782115960079,-1.2836663110372302
1570,6.59893852987649,-1.282886960442268
1571,6.604142014828692,-1.2820995195630045
1572,6.6093923638097065,-1.2813039951256093
1573,6.614689368606393,-1.2805003940099855
1574,6.62003281981929,-1.2796887232499699
1575,6.625422506882545,-1.2788689900335304
1576,6.630858218083677,-1.278041201702962
1577,6.636339740583462,-1.277205365755077
1578,6.641866860435667,-1.2763614898413944
1579,6.647439362606822,-1.275509581768327
1580,6.653057030995944,-1.2746496494973638
1581,6.658719648454178,-1.2737817011452512
1582,6.664426996804425,-1.2729057449841705
1583,6.670178856860937,-1.2720217894419135
1584,6.675975008448802,-1.2711298431020526
1585,6.681815230423419,-1.2702299147041123
1586,6.68769930068992,-1.2693220131437342
1587,6.693626996222475,-1.2684061474728394
1588,6.69959809308357,-1.2674823268997921
1589,6.705612366443232,-1.2665505607895529
1590,6.711669590598113,-1.2656108586638366
1591,6.717769538990569,-1.264663230201263
1592,6.723911984227607,-1.2637076852375042
1593,6.730096698099814,-1.262744233765432
1594,6.736323451600087,-1.26177288593526
1595,6.742592014942411,-1.2607936520546827
1596,6.748902157580434,-1.2598065425890141
1597,6.755253648226018,-1.2588115681613183
1598,6.761646254867638,-1.2578087395525444
1599,6.768079744788748,-1.2567980677016486
1600,6.774553884585994,-1.2557795637057247
1601,6.781068440187296,-1.2547532388201217
1602,6.787623176869939,-1.2537191044585636
1603,6.79421785927841,-1.2526771721932648
1604,6.800852251442234,-1.2516274537550425
1605,6.807526116793626,-1.250569961033425
1606,6.814239218185083,-1.2495047060767601
1607,6.820991317906807,-1.248431701092315
1608,6.827782177704045,-1.2473509584463787
1609,6.8346115587942915,-1.2462624906643578
1610,6.841479221884367,-1.2451663104308697
1611,6.8483849271873805,-1.2440624305898336
1612,6.855328434439541,-1.2429508641445584
1613,6.862309502916885,-1.2418316242578247
1614,6.869327891451839,-1.2407047242519682
1615,6.876383358449628,-1.2395701776089558
1616,6.883475661904624,-1.2384279979704602
1617,6.890604559416472,-1.2372781991379325
1618,6.897769808206166,-1.2361207950726687
1619,6.904971165131923,-1.2349557998958753
1620,6.912208386704931,-1.2337832278887308
1621,6.919481229104986,-1.232603093492444
1622,6.926789448195968,-1.2314154113083087
1623,6.934132799541169,-1.2302201960977563
1624,6.941511038418475,-1.229017462782404
1625,6.948923919835443,-1.227807226444099
1626,6.956371198544181,-1.2265895023249624
1627,6.9638526290561185,-1.2253643058274262
1628,6.971367965656613,-1.2241316525142691
1629,6.978916962419428,-1.2228915581086481
1630,6.986499373221028,-1.221644038494128
1631,6.994114951754772,-1.2203891097147066
1632,7.001763451544922,-1.2191267879748349
1633,7.009444625960512,-1.217857089639438
1634,7.017158228229095,-1.216580031233929
1635,7.024904011450282,-1.2152956294442208
1636,7.0326817286091945,-1.2140039011167345
1637,7.040491132589721,-1.2127048632584057
1638,7.04833197618763,-1.2113985330366843
1639,7.0562040121235725,-1.2100849277795331
1640,7.0641069930558675,-1.2087640649754245
1641,7.072040671593184,-1.207435962273328
1642,7.080004800307066,-1.2061006374827021
1643,7.087999131744282,-1.204758108573477
1644,7.096023418439057,-1.2034083936760345
1645,7.1040774129251085,-1.2020515110811878
1646,7.112160867747599,-1.2006874792401532
1647,7.120273535474867,-1.199316316764523
1648,7.128415168710047,-1.197938042426231
1649,7.136585520102527,-1.1965526751575162
1650,7.14478434235926,-1.1951602340508838
1651,7.15301138825592,-1.193760738359061
1652,7.16126641064794,-1.1923542074949498
1653,7.169549162481324,-1.1909406610315778
1654,7.177859396803402,-1.1895201187020426
1655,7.186196866773375,-1.1880926003994552
1656,7.1945613256727405,-1.1866581261768787
1657,7.20295252691554,-1.1852167162472644
1658,7.211370224058519,-1.1837683909833812
1659,7.219814170811073,-1.1823131709177468
1660,7.228284121045083,-1.1808510767425506
1661,7.236779828804611,-1.179382129309575
1662,7.245301048315424,-1.1779063496301123
1663,7.2538475339944135,-1.1764237588748805
1664,7.262419040458833,-1.1749343783739317
1665,7.271015322535413,-1.1734382296165582
1666,7.2796361352693335,-1.1719353342511982
1667,7.28828123393306,-1.170425714085333
1668,7.296950374034998,-1.168909391085383
1669,7.305643311328107,-1.1673863873766002
1670,7.314359801818243,-1.1658567252429572
1671,7.323099601772496,-1.1643204271270307
1672,7.331862467727263,-1.1627775156298839
1673,7.340648156496309,-1.1612280135109434
1674,7.349456425178604,-1.1596719436878729
1675,7.35828703116605,-1.158109329236444
1676,7.367139732151111,-1.156540193390402
1677,7.376014286134247,-1.154964559541329
1678,7.384910451431274,-1.153382451238503
1679,7.393827986680551,-1.1517938921887527
1680,7.4027666508500936,-1.150198906256311
1681,7.411726203244484,-1.14859751746266
1682,7.420706403511707,-1.1469897499863786
1683,7.429707011649859,-1.1453756281629806
1684,7.4387277880137175,-1.143755176484752
1685,7.447768493321176,-1.142128419600585
1686,7.456828888659576,-1.1404953823158068
1687,7.465908735491921,-1.1388560895920048
1688,7.4750077956629495,-1.1372105665468484
1689,7.4841258314050965,-1.1355588384539084
1690,7.49326260534434,-1.1339009307424701
1691,7.502417880505939,-1.132236868997344
1692,7.5115914203200305,-1.130566678958674
1693,7.520782988627136,-1.1288903865217375
1694,7.529992349683553,-1.1272080177367476
1695,7.539219268166604,-1.1255195988086475
1696,7.548463509179799,-1.1238251560969017
1697,7.5577248382579105,-1.1221247161152852
1698,7.567003021371881,-1.1204183055316659
1699,7.576297824933657,-1.1187059511677868
1700,7.585609015800929,-1.1169876799990408
1701,7.594936361281731,-1.115263519154245
1702,7.604279629138969,-1.1135334959154086
1703,7.613638587594829,-1.1117976377174974
1704,7.623013005335069,-1.1100559721481975
1705,7.632402651513247,-1.10830852694767
1706,7.641807295754794,-1.1065553300083062
1707,7.65122670816105,-1.1047964093744778
1708,7.660660659313172,-1.1030317932422804
1709,7.670108920275938,-1.1012615099592789
1710,7.679571262601454,-1.0994855880242445
1711,7.68904745833278,-1.097704056086888
1712,7.698537280007492,-1.095916942947592
1713,7.708040500661077,-1.0941242775571365
1714,7.717556893830295,-1.0923260890164237
1715,7.727086233556443,-1.0905224065761947
1716,7.736628294388528,-1.0887132596367466
1717,7.7461828513863376,-1.0868986777476422
1718,7.755749680123413,-1.0850786906074192
1719,7.765328556690024,-1.0832533280632932
1720,7.774919257695937,-1.081422620110857
1721,7.784521560273159,-1.0795865968937768
1722,7.794135242078642,-1.0777452887034848
1723,7.803760081296832,-1.0758987259788662
1724,7.8133958566421695,-1.074046939305945
1725,7.8230423473615245,-1.0721899594175637
1726,7.832699333236541,-1.070327817193059
1727,7.842366594585901,-1.068460543657936
1728,7.852043912267541,-1.0665881699835353
1729,7.861731067680734,-1.0647107274867
1730,7.871427842768167,-1.062828247629435
1731,7.881134020017904,-1.0609407620185651
1732,7.890849382465304,-1.0590483024053872
1733,7.900573713694851,-1.0571509006853208
1734,7.9103067978419075,-1.0552485888975531
1735,7.920048419594438,-1.0533413992246796
1736,7.929798364194615,-1.0514293639923447
1737,7.939556417440427,-1.049512515668871
1738,7.949322365687126,-1.047590886864893
1739,7.95909599584871,-1.0456645103329825
1740,7.9688770953992885,-1.0437334189672682
1741,7.978665452374388,-1.0417976458030576
1742,7.988460855372219,-1.039857224016448
1743,7.9982630935548675,-1.0379121869239392
1744,8.008071956649442,-1.0359625679820388
1745,8.017887234949113,-1.034008400786866
1746,8.027708719314187,-1.032049719073749
1747,8.037536201173053,-1.0300865567168203
1748,8.04736947252308,-1.0281189477286086
1749,8.057208325931494,-1.0261469262596246
1750,8.067052554536186,-1.0241705265979446
1751,8.076901952046452,-1.0221897831687903
1752,8.086756312743686,-1.0202047305341029
1753,8.09661543148208,-1.0182154033921165
1754,8.106479103689187,-1.016221836576923
1755,8.116347125366458,-1.0142240650580394
1756,8.12621929308981,-1.0122221239399634
1757,8.136095404010035,-1.0102160484617335
1758,8.145975255853243,-1.0082058739964772
1759,8.155858646921224,-1.0061916360509622
1760,8.165745376091767,-1.004173370265139
1761,8.17563524281894,-1.0021511124116813
1762,8.185528047133369,-1.0001248983955233
1763,8.195423589642381,-0.9980947642533916
1764,8.20532167153021,-0.9960607461533344
1765,8.215222094558085,-0.9940228803942452
1766,8.225124661064315,-0.9919812034053858
1767,8.235029173964339,-0.9899357517459011
1768,8.24493543675073,-0.9878865621043348
1769,8.254843253493148,-0.9858336712981353
1770,8.264752428838275,-0.9837771162731649
1771,8.27466276800972,-0.9817169341031992
1772,8.284574076807859,-0.9796531619894253
1773,8.294486161609681,-0.9775858372599354
1774,8.304398829368571,-0.9755149973692177
1775,8.314311887614071,-0.9734406798976412
1776,8.324225144451605,-0.9713629225509394
1777,8.334138408562199,-0.9692817631596877
1778,8.3440514892021,-0.9671972396787787
1779,8.353964196202455,-0.9651093901868925
1780,8.363876339968897,-0.9630182528859641
1781,8.373787731481153,-0.9609238661006453
1782,8.383698182292571,-0.9588262682777653
1783,8.393607504529625,-0.956725497985786
1784,8.403515510891477,-0.9546215939142519
1785,8.413422014649377,-0.9525145948732406
1786,8.42332682964615,-0.9504045397928043
1787,8.433229770295613,-0.9482914677224108
1788,8.443130651581969,-0.9461754178303803
1789,8.453029289059186,-0.9440564294033171
1790,8.462925498850344,-0.9419345418455383
1791,8.472819097646951,-0.9398097946784998
1792,8.482709902708278,-0.9376822275402156
1793,8.492597731860625,-0.935551880184677
1794,8.502482403496598,-0.9334187924812645
1795,8.512363736574349,-0.9312830044141578
1796,8.522241550616796,-0.9291445560817432
1797,8.532115665710831,-0.927003487696014
1798,8.541985902506523,-0.9248598395819696
1799,8.551852082216264,-0.9227136521770098
1800,8.56171402661395,-0.920564966030327
1801,8.571571558034085,-0.9184138218022913
1802,8.581424499370916,-0.9162602602638351
1803,8.59127267407754,-0.9141043222958329
1804,8.601115906164992,-0.9119460488884764
1805,8.610954020201298,-0.9097854811406473
1806,8.620786841310542,-0.9076226602592851
1807,8.630614195171926,-0.9054576275587526
1808,8.640435908018778,-0.9032904244601968
1809,8.650251806637572,-0.9011210924909052
1810,8.66006171836693,-0.8989496732836606
1811,8.669865471096616,-0.8967762085760905
1812,8.679662893266533,-0.8946007402100128
1813,8.689453813865645,-0.8924233101307795
1814,8.69923806243097,-0.8902439603866144
1815,8.709015469046506,-0.8880627331279493
1816,8.71878586434219,-0.8858796706067542
1817,8.728549079492781,-0.8836948151758665
1818,8.738304946216799,-0.8815082092883149
1819,8.748053296775446,-0.8793198954966388
1820,8.757793963971462,-0.877129916452207
1821,8.767526781148042,-0.8749383149045298
1822,8.777251582187718,-0.8727451337005688
1823,8.786968201511202,-0.8705504157840438
1824,8.796676474076268,-0.8683542041947345
1825,8.806376235376625,-0.866156542067779
1826,8.81606732144073,-0.8639574726329698
1827,8.825749568830663,-0.861757039214046
1828,8.835422814640935,-0.8595552852279797
1829,8.845086896497342,-0.8573522541842625
1830,8.854741652555782,-0.855147989684185
1831,8.864386921501074,-0.8529425354201153
1832,8.874022542545784,-0.8507359351747716
1833,8.883648355429004,-0.8485282328204939
1834,8.8932642004152,-0.8463194723185107
1835,8.902869918292968,-0.8441096977182013
1836,8.912465350373875,-0.8418989531563565
1837,8.922050338491225,-0.8396872828564348
1838,8.931624724998851,-0.8374747311278152
1839,8.941188352769922,-0.8352613423650462
1840,8.950741065195714,-0.8330471610470922
1841,8.960282706184378,-0.8308322317365754
1842,8.969813120159742,-0.828616599079016
1843,8.979332152060092,-0.8264003078020651
1844,8.988839647336917,-0.8241834027147396
1845,8.998335451953713,-0.8219659287066498
1846,9.007819412384748,-0.819747930747224
1847,9.017291375613825,-0.8175294538849311
1848,9.026751189133055,-0.8153105432464994
1849,9.036198700941643,-0.8130912440361303
1850,9.045633759544636,-0.8108716015347112
1851,9.055056213951692,-0.8086516610990233
1852,9.06446591367587,-0.8064314681609472
1853,9.073862708732387,-0.8042110682266633
1854,9.083246449637379,-0.8019905068758515
1855,9.092616987406679,-0.7997698297608851
1856,9.101974173554595,-0.7975490826060228
1857,9.111317860092663,-0.7953283112065974
1858,9.120647899528423,-0.7931075614282008
1859,9.12996414486422,-0.7908868792058653
1860,9.139266449595944,-0.788666310543242
1861,9.148554667711807,-0.7864459015117774
1862,9.157828653691146,-0.7842256982498842
1863,9.167088262503198,-0.7820057469621101
1864,9.176333349605853,-0.7797860939183039
1865,9.185563770944468,-0.7775667854527778
1866,9.194779382950657,-0.775347867963466
1867,9.203980042541053,-0.7731293879110812
1868,9.213165607116103,-0.770911391818268
1869,9.22233593455889,-0.7686939262687507
1870,9.231490883233898,-0.7664770379064817
1871,9.24063031198584,-0.7642607734347838
1872,9.249754080138436,-0.7620451796154907
1873,9.258862047493228,-0.7598303032680842
1874,9.2679540743284,-0.7576161912688276
1875,9.277030021397582,-0.7554028905498981
1876,9.286089749928665,-0.7531904480985127
1877,9.295133121622623,-0.7509789109560545
1878,9.304159998652343,-0.748768326217194
1879,9.313170243661453,-0.7465587410290072
1880,9.322163719763129,-0.7443502025900925
1881,9.331140290538997,-0.7421427581496819
1882,9.340099820037885,-0.7399364550067519
1883,9.349042172774746,-0.7377313405091294
1884,9.357967213729466,-0.7355274620525959
1885,9.36687480834574,-0.7333248670799881
1886,9.37576482252989,-0.731123603080296
1887,9.384637122649789,-0.7289237175877568
1888,9.393491575533695,-0.7267252581809481
1889,9.40232804846912,-0.7245282724818765
1890,9.411146409201727,-0.7223328081550633
1891,9.419946525934204,-0.7201389129066287
1892,9.42872826732515,-0.7179466344833718
1893,9.437491502487989,-0.715756020671848
1894,9.446236100989843,-0.713567119297444
1895,9.454961932850443,-0.7113799782234504
1896,9.463668868541054,-0.7091946453501301
1897,9.472356778983391,-0.7070111686137843
1898,9.481025535548516,-0.7048295959858173
1899,9.489675010055791,-0.7026499754717969
1900,9.498305074771798,-0.7004723551105121
1901,9.506915602409292,-0.6982967829730287
1902,9.515506466126125,-0.6961233071617425
1903,9.524077539524205,-0.6939519758094294
1904,9.532628696648471,-0.6917828370782909
1905,9.54115981198582,-0.6896159391590015
1906,9.549670760464105,-0.687451330269749
1907,9.558161417451101,-0.6852890586552738
1908,9.566631658753495,-0.6831291725859063
1909,9.575081360615844,-0.6809717203566014
1910,9.583510399719593,-0.6788167502859693
1911,9.591918653182086,-0.6766643107153048
1912,9.60030599855553,-0.6745144500076138
1913,9.608672313826057,-0.6723672165466372
1914,9.617017477412709,-0.670222658735873
1915,9.625341368166481,-0.6680808249975936
1916,9.633643865369324,-0.6659417637718644
1917,9.641924848733238,-0.6638055235155557
1918,9.650184198399252,-0.6616721527013558
1919,9.658421794936531,-0.6595416998167793
1920,9.6666375193414,-0.657414213363174
1921,9.674831253036421,-0.6552897418547249
1922,9.683002877869475,-0.6531683338174565
1923,9.691152276112804,-0.6510500377882323
1924,9.699279330462137,-0.6489349023137517
1925,9.707383924035758,-0.6468229759495453
1926,9.715465940373617,-0.6447143072589667
1927,9.72352526343643,-0.6426089448121836
1928,9.73156177760479,-0.6405069371851648
1929,9.739575367678277,-0.6384083329586677
1930,9.747565918874603,-0.6363131807172192
1931,9.755533316828734,-0.6342215290480995
1932,9.763477447592024,-0.6321334265403189
1933,9.771398197631374,-0.630048921783597
1934,9.779295453828382,-0.6279680633673346
1935,9.787169103478485,-0.6258908998795898
1936,9.795019034290156,-0.6238174799060443
1937,9.802845134384055,-0.6217478520289754
1938,9.810647292292227,-0.6196820648262201
1939,9.818425396957272,-0.6176201668701393
1940,9.826179337731558,-0.6155622067265809
1941,9.833909004376398,-0.6135082329538398
1942,9.841614287061295,-0.6114582941016142
1943,9.849295076363127,-0.6094124387099636
1944,9.856951263265382,-0.6073707153082625
1945,9.864582739157399,-0.605333172414151
1946,9.872189395833578,-0.6032998585324869
1947,9.879771125492642,-0.601270822154293
1948,9.887327820736894,-0.5992461117557032
1949,9.894859374571453,-0.5972257757969077
1950,9.902365680403546,-0.5952098627210947
1951,9.909846632041756,-0.5931984209533919
1952,9.917302123695308,-0.5911914988998053
1953,9.924732049973366,-0.5891891449461558
1954,9.932136305884331,-0.5871914074570149
1955,9.9395147868351,-0.5851983347746387
1956,9.946867388630423,-0.5832099752178986
1957,9.95419400747219,-0.581226377081213
1958,9.961494539958755,-0.5792475886334741
1959,9.96876888308426,-0.5772736581169762
1960,9.976016934237999,-0.5753046337463392
1961,9.983238591203719,-0.5733405637074331
1962,9.99043375215899,-0.5713814961563
1963,9.997602315674563,-0.5694274792180731
1964,10.004744180713734,-0.5674785609858969
1965,10.011859246631689,-0.5655347895198434
1966,10.018947413174919,-0.5635962128458274
1967,10.026008580480585,-0.5616628789545214
1968,10.033042649075908,-0.5597348358002673
1969,10.04004951987755,-0.5578121312999886
1970,10.047029094191062,-0.5558948133320993
1971,10.053981273710248,-0.5539829297354121
1972,10.060905960516621,-0.5520765283080449
1973,10.067803057078795,-0.5501756568063276
1974,10.074672466251952,-0.5482803629437049
1975,10.081514091277244,-0.5463906943896393
1976,10.088327835781287,-0.5445066987685124
1977,10.095113603775543,-0.5426284236585267
1978,10.101871299655855,-0.5407559165906013
1979,10.10860082820186,-0.5388892250472725
1980,10.11530209457648,-0.5370283964615888
1981,10.121975004325419,-0.5351734782160056
1982,10.128619463376607,-0.5333245176412809
1983,10.13523537803974,-0.5314815620153664
1984,10.141822655005752,-0.5296446585623
1985,10.148381201346318,-0.5278138544510967
1986,10.154910924513386,-0.5259891967946374
1987,10.161411732338687,-0.5241707326485577
1988,10.167883533033262,-0.5223585090101355
1989,10.174326235186994,-0.5205525728171766
1990,10.180739747768149,-0.5187529709469012
1991,10.18712398012293,-0.5169597502148272
1992,10.193478841975015,-0.5151729573736544
1993,10.19980424342513,-0.5133926391121464
1994,10.206100094950603,-0.511618842054013
1995,10.212366307404952,-0.5098516127567898
1996,10.218602792017455,-0.5080909977107194
1997,10.224809460392732,-0.5063370433376293
1998,10.230986224510353,-0.5045897959898108
1999,10.237132996724405,-0.5028493019488959
2000,10.243249689763127,-0.5011156074247347
2001,10.249336216728533,-0.4993887585542705
2002,10.255392491095979,-0.49766880140041575
2003,10.26141842671384,-0.49595578195092566
2004,10.267413937803104,-0.49424974611727357
2005,10.273378938957036,-0.49255073973352226
2006,10.279313345140809,-0.4908588085551981
2007,10.285217071691141,-0.4891739982581621
2008,10.29109003431597,-0.4874963544374827
2009,10.296932149094125,-0.4858259226063041
2010,10.302743332474963,-0.48416274819471944
2011,10.308523501278067,-0.4825068765486392
2012,10.314272572692937,-0.4808583529286603
2013,10.319990464278645,-0.47921722250893617
2014,10.325677093963543,-0.47758353037604473
2015,10.331332380044985,-0.4759573215278564
2016,10.336956241188997,-0.4743386408724018
2017,10.342548596430012,-0.47272753322674
2018,10.348109365170572,-0.47112404331582447
2019,10.353638467181081,-0.4695282157713707
2020,10.359135822599514,-0.46794009513072243
2021,10.36460135193113,-0.4663597258357184
2022,10.37003497604827,-0.4647871522315575
2023,10.375436616190058,-0.4632224185656656
2024,10.380806193962192,-0.4616655689865607
2025,10.386143631336662,-0.46011664754271914
2026,10.39144885065155,-0.4585756981814404
2027,10.396721774610802,-0.4570427647477124
2028,10.401962326283988,-0.45551789098307766
2029,10.40717042910609,-0.4540011205244979
2030,10.412346006877298,-0.45249249690321974
2031,10.41748898376281,-0.4509920635436394
2032,10.42259928429263,-0.4494998637621684
2033,10.427676833361362,-0.4480159407660991
2034,10.432721556228055,-0.4465403376524697
2035,10.437733378515976,-0.44507309740693063
2036,10.442712226212482,-0.44361426290260914
2037,10.447658025668826,-0.44216387689897646
2038,10.452570703599985,-0.44072198204071317
2039,10.457450187084529,-0.43928862085657566
2040,10.462296403564446,-0.43786383575826293
2041,10.467109280845001,-0.4364476690392832
2042,10.471888747094601,-0.4350401628738212
2043,10.476634730844664,-0.43364135931560593
2044,10.481347160989456,-0.4322513002967784
2045,10.486025966786023,-0.4308700276267593
2046,10.490671077854026,-0.42949758299111873
2047,10.495282424175633,-0.4281340079504447
2048,10.499859936095447,-0.4267793439392125
2049,10.50440354432036,-0.4254336322646555
2050,10.508913179919492,-0.4240969141056347
2051,10.513388774324062,-0.42276923051151144
2052,10.517830259327344,-0.4214506224010173
2053,10.522237567084552,-0.4201411305611283
2054,10.526610630112799,-0.41884079564593574
2055,10.530949381290997,-0.41754965817552203
2056,10.535253753859815,-0.4162677585348332
2057,10.539523681421596,-0.41499513697255536
2058,10.543759097940335,-0.4137318335999893
2059,10.547959937741604,-0.412477888389928
2060,10.552126135512529,-0.4112333411755331
2061,10.556257626301745,-0.4099982316492136
2062,10.560354345519366,-0.4087725993615048
2063,10.564416228936956,-0.40755648371994796
2064,10.568443212687505,-0.40634992398797165
2065,10.572435233265425,-0.40515295928377276
2066,10.576392227526517,-0.4039656285792
2067,10.580314132687997,-0.4027879706986367
2068,10.584200886328471,-0.40162002431788646
2069,10.588052426387941,-0.40046182796305846
2070,10.591868691167829,-0.39931342000945436
2071,10.595649619330981,-0.3981748386804561
2072,10.599395149901692,-0.3970461220464154
2073,10.603105222265732,-0.3959273080235437
2074,10.606779776170377,-0.39481843437280356
2075,10.610418751724433,-0.393719538698802
2076,10.614022089398294,-0.39263065844868345
2077,10.617589730023976,-0.39155183091102563
2078,10.621121614795168,-0.39048309321473595
2079,10.624617685267303,-0.3894244823279492
2080,10.628077883357594,-0.3883760350569269
2081,10.631502151345117,-0.38733778804495805
2082,10.634890431870879,-0.38630977777126063
2083,10.638242667937893,-0.38529204054988575
2084,10.64155880291126,-0.38428461252862184
2085,10.644838780518254,-0.3832875296879022
2086,10.648082544848394,-0.38230082783971203
2087,10.651290040353583,-0.3813245426264983
2088,10.654461211848162,-0.3803587095200813
2089,10.657596004509042,-0.37940336382056694
2090,10.660694363875821,-0.3784585406552612
2091,10.663756235850872,-0.3775242749775866
2092,10.666781566699477,-0.3766006015660003
2093,10.669770303049939,-0.3756875550229131
2094,10.67272239189377,-0.37478516977361037
2095,10.675637780585726,-0.3738934800651767
2096,10.678516416844044,-0.37301251996541945
2097,10.681358248750508,-0.37214232336179676
2098,10.68416322475065,-0.3712829239603454
2099,10.68693129365389,-0.37043435528461166
2100,10.68966240463368,-0.36959665067458425
2101,10.692356507227673,-0.36876984328562884
2102,10.695013551337908,-0.3679539660874245
2103,10.697633487230966,-0.367149051862902
2104,10.700216265538154,-0.36635513320718516
2105,10.702761837255677,-0.3655722425265333
2106,10.705270153744824,-0.36480041203728675
2107,10.707741166732191,-0.3640396737648125
2108,10.710174828309853,-0.3632900595424547
2109,10.712571090935533,-0.3625516010104864
2110,10.714929907432875,-0.3618243296150619
2111,10.717251230991613,-0.36110827660717376
2112,10.719535015167777,-0.3604034730416113
2113,10.721781213883947,-0.35970994977592036
2114,10.723989781429443,-0.359027737469367
2115,10.726160672460585,-0.35835686658190247
2116,10.728293842000896,-0.3576973673731315
2117,10.73038924544136,-0.35704926990128244
2118,10.732446838540662,-0.35641260402217945
2119,10.734466577425435,-0.3557873993882186
2120,10.736448418590498,-0.35517368544734507
2121,10.73839231889913,-0.3545714914420344
2122,10.740298235583325,-0.3539808464082745
2123,10.742166126244069,-0.3534017791745514
2124,10.743995948851587,-0.3528343183608384
2125,10.745787661745624,-0.35227849237758657
2126,10.747541223635746,-0.3517343294247179
2127,10.749256593601597,-0.35120185749062294
2128,10.750933731093205,-0.3506811043511592
2129,10.752572595931264,-0.3501720975686535
2130,10.754173148307439,-0.34967486449090696
2131,10.755735348784661,-0.34918943225020305
2132,10.757259158297444,-0.3487158277623175
2133,10.758744538152193,-0.3482540777255329
2134,10.760191450027506,-0.3478042086196548
2135,10.761599855974508,-0.34736624670503147
2136,10.762969718417184,-0.34694021802157665
2137,10.764301000152692,-0.3465261483877947
2138,10.765593664351702,-0.3461240633998105
2139,10.766847674558731,-0.3457339884304002
2140,10.768062994692496,-0.34535594862802715
2141,10.769239589046244,-0.34498996891587996
2142,10.770377422288133,-0.34463607399091345
2143,10.771476459461558,-0.34429428832289366
2144,10.772536665985522,-0.34396463615344675
2145,10.773558007655012,-0.34364714149510855
2146,10.77454045064137,-0.34334182813038017
2147,10.775483961492641,-0.34304871961078626
2148,10.776388507133987,-0.3427678392559356
2149,10.777254054868036,-0.3424992101525868
2150,10.778080572375304,-0.3422428551537153
2151,10.778868027714555,-0.3419987968775866
2152,10.779616389323227,-0.34176705770683047
2153,10.780325626017824,-0.34154765978751966
2154,10.780995706994306,-0.341340625028253
2155,10.78162660182853,-0.341145975099241
2156,10.782218280476625,-0.34096373143139574
2157,10.782770713275456,-0.3407939152154233
2158,10.783283870943023,-0.34063654740092175
2159,10.783757724578896,-0.3404916486954812
2160,10.784192245664638,-0.3403592395637889
2161,10.78458740606426,-0.34023934022673674
2162,10.784943178024651,-0.340131970660534
2163,10.785259534176044,-0.34003715059582257
2164,10.785536447532426,-0.33995489951679764
2165,10.785773891492044,-0.3398852366603309
2166,10.785971839837833,-0.33982818101509793
2167,10.786130266737901,-0.3397837513207104
2168,10.78624914674598,-0.3397519660668515
2169,10.786328454801918,-0.33973284349241545
2170,10.786368166232146,-0.3397264015846513
2171,10.786368256750162,-0.3397326580783112
2172,10.786328702457041,-0.33975163045480156
2173,10.786249479841887,-0.33978333594133964
2174,10.786130565782361,-0.33982779151011416
2175,10.785971937545185,-0.33988501387744896
2176,10.78577357278664,-0.3399550195029721
2177,10.78553544955306,-0.3400378245887895
2178,10.78525754628139,-0.34013344507866133
2179,10.784939841799673,-0.34024189665718396
2180,10.784582315327572,-0.34036319474897675
2181,10.784184946476932,-0.3404973545178711
2182,10.783747715252295,-0.3406443908661064
2183,10.783270602051427,-0.340804318433529
2184,10.782753587665889,-0.34097715159679587
2185,10.782196653281565,-0.34116290446858316
2186,10.78159978047923,-0.34136159089679885
2187,10.780962951235104,-0.34157322446379995
2188,10.78028614792141,-0.34179781848561536
2189,10.779569353306947,-0.3420353860111717
2190,10.778812550557666,-0.34228593982152494
2191,10.778015723237235,-0.3425494924290967
2192,10.777178855307634,-0.3428260560769148
2193,10.776301931129742,-0.34311564273785844
2194,10.77538493546393,-0.34341826411390913
2195,10.774427853470648,-0.34373393163540533
2196,10.773430670711031,-0.34406265646030276
2197,10.772393373147505,-0.3444044494734393
2198,10.771315947144412,-0.3447593212858041
2199,10.770198379468598,-0.34512728223381334
2200,10.769040657290086,-0.3455083423785882
2201,10.767842768182634,-0.34590251150524143
2202,10.766604700124422,-0.3463097991221661
2203,10.765326441498656,-0.34673021446033014
2204,10.76400798109423,-0.34716376647257624
2205,10.762649308106358,-0.3476104638329272
2206,10.761250412137242,-0.3480703149358956
2207,10.759811283196697,-0.348543327895799
2208,10.758331911702866,-0.34902951054608056
2209,10.756812288482829,-0.3495288704386345
2210,10.755252404773305,-0.3500414148431375
2211,10.753652252221325,-0.3505671507463844
2212,10.75201182288493,-0.3511060848516296
2213,10.750331109233812,-0.3516582235779345
2214,10.748610104150066,-0.35222357305951946
2215,10.746848800928843,-0.3528021391451213
2216,10.745047193279065,-0.35339392739735687
2217,10.743205275324158,-0.3539989430920906
2218,10.741323041602717,-0.35461719121781005
2219,10.739400487069275,-0.35524867647500397
2220,10.737437607094993,-0.35589340327554836
2221,10.7354343974684,-0.35655137574209694
2222,10.733390854396129,-0.3572225977074774
2223,10.731306974503672,-0.35790707271409294
2224,10.729182754836083,-0.3586048040133308
2225,10.727018192858788,-0.3593157945649745
2226,10.724813286458286,-0.3600400470366236
2227,10.72256803394296,-0.3607775638031181
2228,10.720282434043806,-0.36152834694596875
2229,10.717956485915225,-0.3622923982527943
2230,10.7155901891358,-0.3630697192167627
2231,10.713183543709075,-0.36386031103603944
2232,10.710736550064356,-0.364664174613242
2233,10.708249209057495,-0.3654813105548986
2234,10.7057215219717,-0.3663117191709151
2235,10.703153490518345,-0.36715540047404605
2236,10.70054511683777,-0.36801235417937267
2237,10.697896403500106,-0.3688825797037869
2238,10.695207353506106,-0.369766076165481
2239,10.69247797028796,-0.37066284238344355
2240,10.689708257710164,-0.3715728768769612
2241,10.686898220070315,-0.37249617786512745
2242,10.684047862100007,-0.37343274326635645
2243,10.681157188965653,-0.374382570697904
2244,10.678226206269352,-0.37534565747539383
2245,10.675254920049772,-0.37632200061235144
2246,10.672243336782996,-0.3773115968197423
2247,10.66919146338342,-0.3783144425055186
2248,10.66609930720464,-0.3793305337741701
2249,10.662966876040324,-0.38035986642628333
2250,10.659794178125132,-0.3814024359581055
2251,10.656581222135584,-0.3824582375611168
2252,10.653328017191031,-0.38352726612160604
2253,10.650034572854508,-0.3846095162202563
2254,10.646700899133688,-0.3857049821317348
2255,10.64332700648181,-0.3868136578242899
2256,10.639912905798607,-0.3879355369593545
2257,10.636458608431257,-0.3890706128911563
2258,10.632964126175324,-0.3902188786663347
2259,10.629429471275706,-0.3913803270235638
2260,10.625854656427618,-0.39255495039318267
2261,10.62223969477754,-0.3937427408968317
2262,10.618584599924217,-0.39494369034709587
2263,10.614889385919605,-0.3961577902471556
2264,10.61115406726989,-0.3973850317904423
2265,10.607378658936463,-0.3986254058603035
2266,10.603563176336953,-0.39987890302967166
2267,10.599707635346189,-0.4011455135607428
2268,10.59581205229727,-0.4024252274046594
2269,10.591876443982537,-0.4037180342012024
2270,10.587900827654646,-0.4050239232784882
2271,10.583885221027584,-0.40634288365267385
2272,10.579829642277716,-0.4076749040276689
2273,10.575734110044834,-0.40901997279485386
2274,10.571598643433234,-0.41037807803280585
2275,10.56742326201275,-0.41174920750703187
2276,10.563207985819876,-0.41313334866970775
2277,10.558952835358788,-0.4145304886594258
2278,10.554657831602483,-0.4159406143009484
2279,10.55032299599386,-0.4173637121049689
2280,10.545948350446796,-0.41879976826788023
2281,10.54153391734731,-0.42024876867155014
2282,10.537079719554642,-0.4217106988831039
2283,10.532585780402396,-0.42318554415471354
2284,10.528052123699664,-0.4246732894233959
2285,10.523478773732185,-0.426173919310816
2286,10.518865755263485,-0.4276874181230991
2287,10.514213093536034,-0.4292137698506498
2288,10.50952081427241,-0.4307529581679777
2289,10.504788943676493,-0.4323049664335316
2290,10.500017508434633,-0.4338697776895398
2291,10.495206535716822,-0.4354473746618598
2292,10.490356053177937,-0.43703773975983196
2293,10.485466088958923,-0.43864085507614464
2294,10.480536671687988,-0.4402567023867047
2295,10.475567830481873,-0.4418852631505144
2296,10.470559594947062,-0.44352651850955827
2297,10.465511995181002,-0.44518044928869666
2298,10.460425061773373,-0.4468470359955656
2299,10.455298825807372,-0.4485262588204857
2300,10.450133318860955,-0.45021809763637755
2301,10.444928573008088,-0.45192253199868665
2302,10.439684620820083,-0.4536395411453132
2303,10.434401495366856,-0.45536910399655206
2304,10.429079230218246,-0.4571111991550391
2305,10.42371785944533,-0.45886580490570494
2306,10.418317417621726,-0.4606328992157378
2307,10.41287793982494,-0.46241245973455297
2308,10.407399461637704,-0.46420446379377006
2309,10.40188201914933,-0.466008888407199
2310,10.396325648957058,-0.46782571027083214
2311,10.390730388167409,-0.46965490576284685
2312,10.385096274397617,-0.4714964509436127
2313,10.379423345776958,-0.4733503215557087
2314,10.373711640948176,-0.47521649302394897
2315,10.36796119906889,-0.4770949404554135
2316,10.362172059813007,-0.4789856386394893
2317,10.356344263372147,-0.4808885620479193
2318,10.350477850457079,-0.48280368483485775
2319,10.344572862299179,-0.48473098083693494
2320,10.338629340651869,-0.48667042357333
2321,10.332647327792111,-0.48862198624585007
2322,10.326626866521861,-0.4905856417390196
2323,10.320568000169558,-0.49256136262017663
2324,10.314470772591637,-0.49454912113957716
2325,10.30833522817403,-0.4965488892305075
2326,10.30216141183371,-0.4985606385094048
2327,10.295949369020168,-0.5005843402759872
2328,10.28969914571701,-0.5026199655133888
2329,10.283410788443486,-0.5046674848883066
2330,10.277084344256048,-0.5067268687511526
2331,10.27071986074995,-0.5087980871362153
2332,10.264317386060789,-0.5108811097618309
2333,10.257876968866167,-0.5129759060305589
2334,10.251398658387233,-0.5150824450293707
2335,10.24488250439035,-0.5172006955298423
2336,10.238328557188716,-0.5193306259883571
2337,10.231736867643999,-0.5214722045463184
2338,10.225107487167982,-0.5236253990303671
2339,10.218440467724275,-0.5257901769526103
2340,10.211735861829938,-0.5279665055108566
2341,10.20499372255721,-0.5301543515888615
2342,10.198214103535204,-0.5323536817565787
2343,10.191397058951614,-0.5345644622704224
2344,10.184542643554458,-0.5367866590735361
2345,10.177650912653801,-0.5390202377960708
2346,10.17072192212352,-0.5412651637554713
2347,10.163755728403064,-0.5435214019567708
2348,10.156752388499243,-0.5457889170928946
2349,10.149711959987993,-0.5480676735449713
2350,10.142634501016207,-0.5503576353826535
2351,10.135520070303548,-0.5526587663644458
2352,10.128368727144267,-0.5549710299380424
2353,10.121180531409069,-0.5572943892406728
2354,10.113955543546924,-0.5596288070994562
2355,10.106693824586992,-0.5619742460317643
2356,10.099395436140473,-0.564330668245592
2357,10.092060440402513,-0.5666980356399385
2358,10.084688900154124,-0.5690763098051944
2359,10.077280878764093,-0.5714654520235404
2360,10.069836440190928,-0.5738654232693516
2361,10.062355648984822,-0.5762761842096125
2362,10.0548385702896,-0.5786976952043402
2363,10.047285269844721,-0.5811299163070155
2364,10.039695813987262,-0.5835728072650234
2365,10.032070269653934,-0.5860263275201021
2366,10.024408704383092,-0.5884904362088004
2367,10.016711186316797,-0.5909650921629445
2368,10.008977784202882,-0.5934502539101117
2369,10.001208567396978,-0.5959458796741159
2370,9.993403605864623,-0.5984519273754986
2371,9.985562970183382,-0.6009683546320304
2372,9.977686731544944,-0.6034951187592206
2373,9.969774961757226,-0.6060321767708371
2374,9.961827733246578,-0.6085794853794317
2375,9.953845119059913,-0.6111370009968777
2376,9.945827192866876,-0.6137046797349142
2377,9.937774028962059,-0.6162824774056993
2378,9.929685702267212,-0.6188703495223736
2379,9.92156228833345,-0.6214682512996305
2380,9.913403863343513,-0.6240761376542964
2381,9.905210504114025,-0.6266939632059195
2382,9.89698228809777,-0.6293216822773678
2383,9.88871929338597,-0.631959248895435
2384,9.880421598710623,-0.6346066167914556
2385,9.872089283446808,-0.6372637394019295
2386,9.863722427615032,-0.6399305698691551
2387,9.855321111883608,-0.64260706104187
2388,9.846885417571013,-0.6452931654759024
2389,9.838415426648302,-0.6479888354348307
2390,9.8299112217415,-0.6506940228906507
2391,9.821372886134059,-0.6534086795244547
2392,9.812800503769296,-0.6561327567271152
2393,9.804194159252857,-0.6588662055999818
2394,9.795553937855214,-0.6616089769555834
2395,9.78687992551416,-0.6643610213183423
2396,9.778172208837326,-0.6671222889252948
2397,9.769430875104744,-0.6698927297268216
2398,9.760656012271399,-0.6726722933873877
2399,9.751847708969793,-0.6754609292862896
2400,9.743006054512561,-0.6782585865184143
2401,9.734131138895092,-0.6810652138950027
2402,9.72522305279814,-0.6838807599444267
2403,9.7162818875905,-0.686705172912972
2404,9.707307735331685,-0.6895384007656306
2405,9.698300688774621,-0.6923803911869032
2406,9.689260841368343,-0.6952310915816091
2407,9.68018828726077,-0.6980904490757057
2408,9.67108312130141,-0.7009584105171172
2409,9.661945439044175,-0.7038349224765711
2410,9.652775336750173,-0.706719931248445
2411,9.643572911390503,-0.7096133828516215
2412,9.634338260649113,-0.7125152230303523
2413,9.625071482925652,-0.7154253972551303
2414,9.61577267733835,-0.7183438507235724
2415,9.606441943726926,-0.7212705283613096
2416,9.597079382655478,-0.7242053748228866
2417,9.587685095415477,-0.7271483344926705
2418,9.578259184028699,-0.730099351485768
2419,9.568801751250216,-0.7330583696489519
2420,9.55931290057141,-0.7360253325615962
2421,9.549792736223004,-0.7390001835366198
2422,9.54024136317812,-0.7419828656214399
2423,9.53065888715533,-0.7449733215989341
2424,9.521045414621788,-0.7479714939884106
2425,9.511401052796328,-0.7509773250465878
2426,9.501725909652615,-0.7539907567685833
2427,9.492020093922305,-0.757011730888911
2428,9.482283715098248,-0.7600401888824876
2429,9.472516883437693,-0.7630760719656464
2430,9.46271970996551,-0.7661193210971639
2431,9.452892306477477,-0.7691698769792898
2432,9.443034785543547,-0.7722276800587903
2433,9.433147260511152,-0.7752926705279981
2434,9.423229845508537,-0.7783647883258725
2435,9.413282655448121,-0.7814439731390661
2436,9.403305806029877,-0.7845301644030032
2437,9.39329941374472,-0.7876233013029647
2438,9.383263595877953,-0.7907233227751833
2439,9.373198470512706,-0.7938301675079467
2440,9.363104156533433,-0.7969437739427097
2441,9.352980773629383,-0.8000640802752157
2442,9.342828442298162,-0.8031910244566256
2443,9.332647283849267,-0.806324544194657
2444,9.322437420407665,-0.8094645769547317
2445,9.312198974917399,-0.8126110599611311
2446,9.30193207114522,-0.8157639301981617
2447,9.291636833684251,-0.8189231244113274
2448,9.281313387957628,-0.8220885791085141
2449,9.270961860222265,-0.8252602305611774
2450,9.26058237757254,-0.8284380148055459
2451,9.250175067944076,-0.8316218676438264
2452,9.23974006011755,-0.8348117246454226
2453,9.229277483722441,-0.8380075211481609
2454,9.218787469240924,-0.8412091922595235
2455,9.208270148011731,-0.8444166728578927
2456,9.197725652234027,-0.8476298975938018
2457,9.187154114971332,-0.8508488008911957
2458,9.17655567015546,-0.8540733169487006
2459,9.165930452590544,-0.8573033797408982
2460,9.15527859795696,-0.8605389230196162
2461,9.144600242815416,-0.8637798803152192
2462,9.13389552461099,-0.8670261849379145
2463,9.1231645816772,-0.8702777699790618
2464,9.112407553240153,-0.8735345683124944
2465,9.10162457942265,-0.8767965125958473
2466,9.090815801248374,-0.8800635352718955
2467,9.07998136064607,-0.8833355685698987
2468,9.069121400453787,-0.8866125445069553
2469,9.058236064423133,-0.8898943948893653
2470,9.047325497223545,-0.8931810513140023
2471,9.0363898444466,-0.8964724451696904
2472,9.025429252610351,-0.8997685076385947
2473,9.014443869163717,-0.9030691696976159
2474,9.003433842490848,-0.9063743621197952
2475,8.992399321915572,-0.9096840154757269
2476,8.981340457705848,-0.9129980601349802
2477,8.970257401078213,-0.9163164262675287
2478,8.959150304202359,-0.9196390438451872
2479,8.94801932020562,-0.9229658426430586
2480,8.936864603177561,-0.9262967522409881
2481,8.925686308174592,-0.9296317020250247
2482,8.914484591224555,-0.9329706211888941
2483,8.90325960933142,-0.9363134387354752
2484,8.892011520479954,-0.9396600834782887
2485,8.880740483640448,-0.943010484042992
2486,8.869446658773448,-0.9463645688688815
2487,8.858130206834543,-0.9497222662104057
2488,8.84679128977917,-0.9530835041386831
2489,8.835430070567424,-0.9564482105430314
2490,8.82404671316894,-0.9598163131325013
2491,8.81264138256781,-0.9631877394374209
2492,8.801214244767438,-0.9665624168109476
2493,8.789765466795544,-0.9699402724306281
2494,8.778295216709147,-0.9733212332999636
2495,8.766803663599523,-0.9767052262499879
2496,8.755290977597301,-0.9800921779408487
2497,8.743757329877484,-0.9834820148634004
2498,8.732202892664601,-0.9868746633408008
2499,8.720627839237752,-0.9902700495301208
2500,8.709032343935846,-0.9936680994239563
2501,8.697416582162731,-0.997068738852052
2502,8.68578073039242,-1.0004718934829313
2503,8.674124966174329,-1.0038774888255342
2504,8.662449468138558,-1.0072854502308617
2505,8.650754416001162,-1.0106957028936308
2506,8.639039990569533,-1.0141081718539322
2507,8.627306373747682,-1.0175227819989028
2508,8.615553748541661,-1.020939458064398
2509,8.603782299064964,-1.024358124636677
2510,8.591992210543989,-1.027778706154093
2511,8.580183669323453,-1.0311999405764258
2512,8.568356881945203,-1.0346217461574303
2513,8.556512056028051,-1.0380440411327077
2514,8.544649400272819,-1.0414667437216591
2515,8.532769124467476,-1.0448897721294366
2516,8.520871439492256,-1.048313044548892
2517,8.508956557324842,-1.0517364791625343
2518,8.497024691045507,-1.055159994144481
2519,8.485076054842327,-1.0585835076624122
2520,8.473110864016446,-1.0620069378795265
2521,8.461129334987254,-1.0654302029564955
2522,8.449131685297713,-1.0688532210534205
2523,8.437118133619624,-1.072275910331788
2524,8.425088899758942,-1.0756981889564263
2525,8.413044204661102,-1.0791199750974645
2526,8.40098427041637,-1.082541186932287
2527,8.388909320265237,-1.0859617426474932
2528,8.376819578603769,-1.0893815604408554
2529,8.36471527098907,-1.0928005585232745
2530,8.352596624144644,-1.0962186551207416
2531,8.340463865965907,-1.0996357684762927
2532,8.328317225525584,-1.1030518168519703
2533,8.31615693307924,-1.1064667185307786
2534,8.30398322007073,-1.109880391818644
2535,8.291796319137747,-1.1132927550463714
2536,8.279596464117317,-1.1167037265716029
2537,8.26738389005134,-1.1201132247807755
2538,8.25515883319215,-1.1235211680910782
2539,8.242921531008077,-1.126927474952409
2540,8.230672222189005,-1.130332063849332
2541,8.218411146651968,-1.1337348533030323
2542,8.206138545546729,-1.1371357618732758
2543,8.193854661261415,-1.1405347081603594
2544,8.181559737428099,-1.143931610807069
2545,8.169254018928427,-1.1473263885006326
2546,8.156937751899266,-1.1507189599746754
2547,8.144611183738292,-1.1541092440111707
2548,8.132274563109661,-1.157497159442393
2549,8.11992813994964,-1.1608826251528699
2550,8.10757216547224,-1.1642655600813316
2551,8.095206892174877,-1.1676458832226615
2552,8.082832573844007,-1.1710235136298444
2553,8.070449465560761,-1.1743983704159153
2554,8.058057823706623,-1.1777703727559037
2555,8.045657905969028,-1.1811394398887822
2556,8.033249971347015,-1.18450549111941
2557,8.020834280156876,-1.1878684458204756
2558,8.008411094037752,-1.1912282234344396
2559,7.995980675957276,-1.1945847434754757
2560,7.983543290217159,-1.1979379255314102
2561,7.971099202458794,-1.2012876892656614
2562,7.9586486796688725,-1.2046339544191742
2563,7.946191990184898,-1.2079766408123571
2564,7.93372940370081,-1.2113156683470159
2565,7.921261191272478,-1.2146509570082862
2566,7.908787625323242,-1.2179824268665642
2567,7.896308979649437,-1.221309998079435
2568,7.883825529425846,-1.224633590893601
2569,7.871337551211179,-1.2279531256468081
2570,7.858845322953518,-1.231268522769768
2571,7.846349123995714,-1.2345797027880814
2572,7.833849235080779,-1.2378865863241586
2573,7.821345938357246,-1.2411890940991366
2574,7.808839517384484,-1.2444871469347967
2575,7.796330257137993,-1.2477806657554777
2576,7.783818444014666,-1.2510695715899884
2577,7.771304365837982,-1.2543537855735192
2578,7.758788311863225,-1.257633228949547
2579,7.746270572782592,-1.2609078230717439
2580,7.73375144073028,-1.2641774894058793
2581,7.7212312092875655,-1.26744214953172
2582,7.7087101734877725,-1.2707017251449324
2583,7.696188629821255,-1.2739561380589748
2584,7.683666876240251,-1.277205310206994
2585,7.671145212163776,-1.2804491636437156
2586,7.658623938482378,-1.2836876205473338
2587,7.646103357562862,-1.2869206032213958
2588,7.633583773252946,-1.2901480340966887
2589,7.621065490885894,-1.293369835733117
2590,7.608548817285008,-1.2965859308215821
2591,7.596034060768106,-1.2997962421858595
2592,7.5835215311519,-1.3030006927844686
2593,7.571011539756325,-1.3061992057125438
2594,7.558504399408729,-1.309391704203701
2595,7.546000424448088,-1.312578111631902
2596,7.533499930728993,-1.3157583515133144
2597,7.521003235625698,-1.31893234750817
2598,7.508510658035954,-1.3221000234226188
2599,7.49602251838483,-1.3252613032105802
2600,7.4835391386283945,-1.3284161109755934
2601,7.471060842257315,-1.3315643709726592
2602,7.45858795430035,-1.3347060076100834
2603,7.446120801327712,-1.3378409454513158
2604,7.433659711454361,-1.3409691092167824
2605,7.421205014343151,-1.3440904237857207
2606,7.408757041207873,-1.3472048141980038
2607,7.396316124816163,-1.3503122056559673
2608,7.383882599492303,-1.3534125235262298
2609,7.371456801119864,-1.3565056933415087
2610,7.3590390671442485,-1.359591640802436
2611,7.34662973657508,-1.362670291779366
2612,7.334229149988463,-1.3657415723141821
2613,7.321837649529055,-1.3688054086220993
2614,7.309455578912047,-1.3718617270934623
2615,7.297083283424952,-1.37491045429554
2616,7.284721109929246,-1.3779515169743155
2617,7.272369406861871,-1.3809848420562731
2618,7.260028524236507,-1.3840103566501814
2619,7.247698813644753,-1.3870279880488692
2620,7.235380628257069,-1.390037663731002
2621,7.2230743228235665,-1.3930393113628514
2622,7.210780253674606,-1.3960328588000603
2623,7.198498778721218,-1.3990182340894055
2624,7.186230257455283,-1.4019953654705526
2625,7.17397505094959,-1.4049641813778115
2626,7.161733521857627,-1.4079246104418832
2627,7.149506034413175,-1.4108765814916042
2628,7.137292954429687,-1.413820023555685
2629,7.125094649299461,-1.4167548658644464
2630,7.112911487992589,-1.4196810378515485
2631,7.1007438410556505,-1.422598469155717
2632,7.0885920806101765,-1.4255070896224635
2633,7.076456580350884,-1.428406829305803
2634,7.064337715543676,-1.431297618469963
2635,7.052235863023335,-1.4341793875910935
2636,7.040151401191024,-1.437052067358964
2637,7.0280847100114645,-1.4399155886786645
2638,7.016036171009897,-1.4427698826722966
2639,7.0040061672687,-1.4456148806806581
2640,6.991995083423821,-1.4484505142649264
2641,6.980003305660813,-1.4512767152083366
2642,6.968031221710652,-1.4540934155178495
2643,6.956079220845223,-1.4569005474258219
2644,6.944147693872514,-1.459698043391665
2645,6.932237033131479,-1.4624858361035016
2646,6.920347632486573,-1.4652638584798165
2647,6.908479887322038,-1.4680320436711018
2648,6.896634194535725,-1.4707903250614967
2649,6.884810952532713,-1.4735386362704215
2650,6.873010561218465,-1.4762769111542082
2651,6.861233421991732,-1.479005083807722
2652,6.849479937737035,-1.4817230885659798
2653,6.837750512816806,-1.4844308600057627
2654,6.826045553063134,-1.4871283329472238
2655,6.814365465769184,-1.4898154424554866
2656,6.802710659680173,-1.4924921238422415
2657,6.791081544983976,-1.4951583126673362
2658,6.779478533301353,-1.4978139447403578
2659,6.76790203767573,-1.5004589561222106
2660,6.756352472562592,-1.5030932831266894
2661,6.744830253818472,-1.5057168623220438
2662,6.733335798689474,-1.508329630532539
2663,6.7218695257993835,-1.5109315248400095
2664,6.710431855137334,-1.5135224825854061
2665,6.6990232080450385,-1.5161024413703392
2666,6.687644007203541,-1.5186713390586126
2667,6.676294676619507,-1.5212291137777547
2668,6.6649756416110835,-1.52377570392054
2669,6.653687328793237,-1.5263110481465065
2670,6.6424301660626215,-1.5288350853834662
2671,6.6312045825819625,-1.5313477548290106
2672,6.620011008763963,-1.5338489959520056
2673,6.608849876254658,-1.5363387484940856
2674,6.597721617916284,-1.538816952471137
2675,6.58662666780964,-1.5412835481747762
2676,6.575565461175888,-1.5437384761738238
2677,6.564538434417883,-1.5461816773157662
2678,6.553546025080894,-1.5486130927282165
2679,6.542588671832826,-1.5510326638203669
2680,6.531666814443857,-1.5534403322844321
2681,6.520780893765546,-1.5558360400970883
2682,6.5099313517093655,-1.5582197295209061
2683,6.499118631224623,-1.5605913431057736
2684,6.488343176275879,-1.5629508236903151
2685,6.477605431819707,-1.5652981144033034
2686,6.466905843780908,-1.5676331586650614
2687,6.456244859028105,-1.5699559001888603
2688,6.4456229253487445,-1.5722662829823115
2689,6.435040491423468,-1.5745642513487468
2690,6.424498006799891,-1.576849749888596
2691,6.413995921865755,-1.5791227235007559
2692,6.403534687821421,-1.581383117383951
2693,6.393114756651793,-1.5836308770380891
2694,6.382736581097545,-1.5858659482656072
2695,6.372400614625716,-1.5880882771728129
2696,6.3621073113997015,-1.590297810171216
2697,6.35185712624851,-1.592494493978854
2698,6.341650514635442,-1.5946782756216105
2699,6.331487932626058,-1.596849102434525
2700,6.321369836855499,-1.5990069220630971
2701,6.3112966844951055,-1.6011516824645797
2702,6.301268933218419,-1.6032833319092705
2703,6.29128704116644,-1.605401818981789
2704,6.281351466912275,-1.6075070925823514
2705,6.271462669425009,-1.6095991019280358
2706,6.261621108032973,-1.611677796554038
2707,6.25182724238627,-1.6137431263149244
2708,6.24208153241863,-1.615795041385871
2709,6.2323844383085625,-1.6178334922638995
2710,6.222736420439794,-1.619858429769104
2711,6.21313793936105,-1.6218698050458684
2712,6.203589455745084,-1.6238675695640787
2713,6.194091430347041,-1.6258516751203256
2714,6.184644323962103,-1.6278220738390985
2715,6.175248597382444,-1.6297787181739738
2716,6.165904711353467,-1.631721560908794
2717,6.156613126529338,-1.6336505551588367
2718,6.147374303427834,-1.6355656543719808
2719,6.138188702384482,-1.6374668123298588
2720,6.129056783505986,-1.639353983149005
2721,6.119979006622971,-1.641227121281992
2722,6.110955831242056,-1.643086181518565
2723,6.101987716497137,-1.6449311189867593
2724,6.093075121100124,-1.6467618891540179
2725,6.084218503290867,-1.6485784478282957
2726,6.075418320786468,-1.6503807511591548
2727,6.066675030729857,-1.6521687556388591
2728,6.057989089637789,-1.6539424181034477
2729,6.04936095334806,-1.6557016957338135
2730,6.040791076966131,-1.6574465460567638
2731,6.032279914811085,-1.6591769269460739
2732,6.023827920360903,-1.6608927966235383
2733,6.015435546197109,-1.662594113660007
2734,6.007103243948816,-1.664280836976413
2735,5.998831464236097,-1.6659529258447976
2736,5.990620656612722,-1.667610339889319
2737,5.982471269508356,-1.6692530390872597
2738,5.974383750170081,-1.6708809837700203
2739,5.966358544603358,-1.6724941346241045
2740,5.958396097512409,-1.6740924526921
2741,5.950496852240026,-1.6756758993736454
2742,5.942661250706825,-1.6772444364263916
2743,5.934889733349925,-1.678798025966953
2744,5.927182739061129,-1.6803366304718503
2745,5.919540705124551,-1.6818602127784448
2746,5.911964067153785,-1.6833687360858625
2747,5.904453259028505,-1.6848621639559118
2748,5.897008712830657,-1.686340460313988
2749,5.889630858780164,-1.687803589449975
2750,5.882320125170162,-1.6892515160191328
2751,5.875076938301818,-1.690684205042976
2752,5.867901722418744,-1.6921016219101497
2753,5.860794899641007,-1.6935037323772868
2754,5.853756889898769,-1.6948905025698633
2755,5.846788110865526,-1.696261898983044
2756,5.839888977891069,-1.6976178884825137
2757,5.833059903934075,-1.698958438305307
2758,5.826301299494425,-1.7002835160606207
2759,5.8196135725452045,-1.7015930897306244
2760,5.812997128464489,-1.7028871276712598
2761,5.806452369966858,-1.7041655986130237
2762,5.799979697034723,-1.705428471661755
2763,5.793579506849425,-1.7066757162993995
2764,5.787252193722199,-1.7079073023847755
2765,5.780998149024966,-1.7091232001543213
2766,5.7748177611210245,-1.7103233802228417
2767,5.768711415295619,-1.7115078135842376
2768,5.762679493686459,-1.7126764716122336
2769,5.756722375214187,-1.7138293260610882
2770,5.750840435512819,-1.7149663490663005
2771,5.745034046860196,-1.7160875131453077
2772,5.739303578108453,-1.717192791198169
2773,5.733649394614597,-1.7182821565082407
2774,5.728071858171092,-1.719355582742846
2775,5.722571326936653,-1.7204130439539316
2776,5.717148155367074,-1.7214545145787161
2777,5.711802694146359,-1.7224799694403263
2778,5.706535290117938,-1.723489383748429
2779,5.70134628621618,-1.7244827330998482
2780,5.696236021398125,-1.7254599934791757
2781,5.691204830575575,-1.7264211412593709
2782,5.686253044547408,-1.7273661532023508
2783,5.681380989932318,-1.7282950064595712
2784,5.676588989101908,-1.7292076785725978
2785,5.671877360114185,-1.7301041474736674
2786,5.6672464166475285,-1.7309843914862395
2787,5.662696467935074,-1.7318483893255383
2788,5.658227818699691,-1.7326961200990842
2789,5.653840769089388,-1.7335275633072182
2790,5.649535614613387,-1.734342698843612
2791,5.6453126460786995,-1.7351415069957725
2792,5.6411721495274145,-1.7359239684455354
2793,5.637114406174597,-1.7366900642695469
2794,5.633139692346876,-1.7374397759397384
2795,5.629248279421794,-1.738173085323788
2796,5.625440433767845,-1.7388899746855786
2797,5.62171641668536,-1.7395904266856375
2798,5.618076484348191,-1.7402744243815715
2799,5.614520887746201,-1.7409419512284934
2800,5.61104987262866,-1.7415929910794337
2801,5.607663679448552,-1.742227528185744
2802,5.6043625433078015,-1.7428455471974964
2803,5.60114669390347,-1.7434470331638623
2804,5.598016355474949,-1.7440319715334895
2805,5.594971746752149,-1.7446003481548684
2806,5.592013080904796,-1.7451521492766824
2807,5.5891405654927455,-1.745687361548157
2808,5.586354402417429,-1.7462059720193923
2809,5.583654787874452,-1.7467079681416864
2810,5.5810419123073185,-1.7471933377678524
2811,5.578515960362355,-1.7476620691525222
2812,5.576077110844865,-1.7481141509524412
2813,5.5737255366764815,-1.7485495722267526
2814,5.571461404853837,-1.7489683224372712
2815,5.5692848764084575,-1.7493703914487495
2816,5.567196106367991,-1.7497557695291326
2817,5.565195243718809,-1.7501244473497994
2818,5.56328243136988,-1.7504764159858002
2819,5.561457806118083,-1.7508116669160794
2820,5.559721498614877,-1.7511301920236904
2821,5.5580736333344465,-1.7514319835959984
2822,5.556514328543161,-1.7517170343248762
2823,5.55504369627065,-1.7519853373068865
2824,5.553661842282197,-1.752236886043457
2825,5.552368866052704,-1.752471674441042
2826,5.551164860742135,-1.7526896968112797
2827,5.550049913172488,-1.7528909478711305
2828,5.54902410380627,-1.7530754227430163
2829,5.5480875067265405,-1.7532431169549374
2830,5.547240189618516,-1.7533940264405912
2831,5.546482213752699,-1.7535281475394713
2832,5.545813633969645,-1.7536454769969616
2833,5.545234498666268,-1.7537460119644195
2834,5.544744849783757,-1.7538297499992483
2835,5.544344722797117,-1.7538966890649585
2836,5.544034146706275,-1.753946827531221
2837,5.5438131440288405,-1.7539801641739075
2838,5.543681730794452,-1.753996698175127
2839,5.5436399165407755,-1.7539964291232413
2840,5.543687704311108,-1.7539793570128814
2841,5.543825090653627,-1.7539454822449472
2842,5.544052065622221,-1.7538948056265982
2843,5.544368612779023,-1.7538273283712356
2844,5.5447747091984905,-1.753743052098474
2845,5.545270325473149,-1.753641978834101
2846,5.545855425720965,-1.7535241110100288
2847,5.546529967594291,-1.7533894514642328
2848,5.547293902290445,-1.7532380034406851
2849,5.548147174563909,-1.7530697705892742
2850,5.549089722740096,-1.7528847569657116
2851,5.550121478730684,-1.7526829670314361
2852,5.551242368050609,-1.7524644056535024
2853,5.552452309836502,-1.7522290781044598
2854,5.553751216866791,-1.7519769900622228
2855,5.5551389955832935,-1.75170814760993
2856,5.5566155461143465,-1.7514225572357947
2857,5.558180762299444,-1.751120225832942
2858,5.559834531715407,-1.7508011606992397
2859,5.561576735703992,-1.7504653695371168
2860,5.563407249401005,-1.7501128604533727
2861,5.5653259417668455,-1.7497436419589751
2862,5.5673326756185055,-1.7493577229688497
2863,5.569427307662953,-1.7489551128016585
2864,5.571609688531945,-1.7485358211795679
2865,5.573879662818175,-1.748099858228008
2866,5.5762370691128,-1.747647234475421
2867,5.578681740044281,-1.7471779608529978
2868,5.581213502318547,-1.7466920486944086
2869,5.5838321767604295,-1.7461895097355205
2870,5.58653757835637,-1.7456703561141038
2871,5.5893295162983545,-1.7451346003695343
2872,5.592207794029067,-1.7445822554424766
2873,5.59517220928819,-1.7440133346745645
2874,5.598222554159925,-1.743427851808071
2875,5.6013586151216055,-1.7428258209855638
2876,5.604580173093442,-1.7422072567495517
2877,5.607887003489275,-1.7415721740421293
2878,5.61127887626848,-1.740920588204599
2879,5.614755555988802,-1.740252514977091
2880,5.618316801860253,-1.7395679704981728
2881,5.621962367799901,-1.7388669713044462
2882,5.625692002487663,-1.7381495343301376
2883,5.629505449422953,-1.7374156769066724
2884,5.633402446982198,-1.73666541676225
2885,5.63738272847724,-1.7358987720213959
2886,5.641446022214527,-1.7351157612045143
2887,5.645592051555082,-1.7343164032274274
2888,5.649820534975201,-1.7335007174009027
2889,5.6541311861279215,-1.7326687234301728
2890,5.658523713905129,-1.7318204414144456
2891,5.662997822500377,-1.730955891846403
2892,5.667553211472262,-1.7300750956116913
2893,5.672189575808471,-1.7291780739884024
2894,5.676906605990325,-1.7282648486465404
2895,5.681703988057886,-1.7273354416474875
2896,5.686581403675599,-1.7263898754434492
2897,5.69153853019833,-1.7254281728769005
2898,5.696575040737915,-1.7244503571800123
2899,5.701690604230068,-1.7234564519740794
2900,5.706884885501688,-1.7224464812689246
2901,5.712157545338535,-1.7214204694623076
2902,5.71750824055318,-1.720378441339315
2903,5.722936624053293,-1.7193204220717435
2904,5.728442344910132,-1.7182464372174735
2905,5.734025048427313,-1.7171565127198323
2906,5.739684376209754,-1.71605067490695
2907,5.74541996623279,-1.714928950491103
2908,5.75123145291144,-1.713791366568049
2909,5.757118467169771,-1.7126379506163538
2910,5.76308063651037,-1.7114687304967062
2911,5.769117585083856,-1.7102837344512263
2912,5.775228933758439,-1.7090829911027599
2913,5.781414300189465,-1.7078665294541693
2914,5.787673298888944,-1.706634378887611
2915,5.794005541295048,-1.7053865691638022
2916,5.800410635841524,-1.7041231304212836
2917,5.806888188026977,-1.7028440931756683
2918,5.813437800484096,-1.7015494883188804
2919,5.820059073048663,-1.7002393471183916
2920,5.826751602828439,-1.6989137012164388
2921,5.833514984271834,-1.6975725826292394
2922,5.840348809236381,-1.696216023746193
2923,5.847252667056923,-1.6948440573290786
2924,5.854226144613608,-1.6934567165112377
2925,5.861268826399539,-1.6920540347967514
2926,5.868380294588145,-1.6906360460596064
2927,5.875560129100255,-1.6892027845428537
2928,5.8828079076707835,-1.6877542848577556
2929,5.890123205915089,-1.6862905819829288
2930,5.897505597394933,-1.6848117112634695
2931,5.9049546536840465,-1.6833177084100792
2932,5.912469944433287,-1.681808609498176
2933,5.920051037435368,-1.6802844509669954
2934,5.927697498689107,-1.678745269618689
2935,5.935408892463254,-1.677191102617406
2936,5.943184781359794,-1.6756219874883724
2937,5.951024726376813,-1.6740379621169574
2938,5.958928286970793,-1.672439064747731
2939,5.96689502111843,-1.6708253339835166
2940,5.974924485377891,-1.6691968087844302
2941,5.983016234949529,-1.6675535284669132
2942,5.99116982373605,-1.6658955327027543
2943,5.999384804402101,-1.664222861518107
2944,6.007660728433256,-1.6625355552924943
2945,6.015997146194468,-1.660833654757805
2946,6.024393606987829,-1.659117200997284
2947,6.032849659109804,-1.657386235444511
2948,6.041364849907775,-1.655640799882374
2949,6.049938725836036,-1.6538809364420282
2950,6.0585708325110375,-1.6521066876018544
2951,6.06726071476611,-1.6503180961864032
2952,6.076007916705422,-1.648515205365333
2953,6.084811981757398,-1.646698058652335
2954,6.093672452727358,-1.64486669990406
2955,6.102588871849553,-1.6430211733190252
2956,6.11156078083853,-1.64116152343652
2957,6.120587720939774,-1.6392877951355012
2958,6.129669232979707,-1.6374000336334786
2959,6.138804857414975,-1.635498284485396
2960,6.14799413438107,-1.6335825935824995
2961,6.157236603740217,-1.6316530071512005
2962,6.166531805128629,-1.6297095717519303
2963,6.175879278002984,-1.6277523342779845
2964,6.18527856168628,-1.6257813419543619
2965,6.194729195412926,-1.623796642336594
2966,6.204230718373167,-1.6217982833095657
2967,6.213782669756816,-1.6197863130863301
2968,6.223384588796233,-1.6177607802069132
2969,6.23303601480866,-1.6157217335371112
2970,6.242736487237807,-1.6136692222672806
2971,6.252485545694754,-1.6116032959111206
2972,6.262282729998182,-1.6095240043044454
2973,6.272127580213833,-1.6074313976039512
2974,6.282019636693362,-1.6053255262859747
2975,6.291958440112397,-1.6032064411452425
2976,6.301943531508015,-1.6010741932936143
2977,6.311974452315406,-1.5989288341588193
2978,6.3220507444039455,-1.5967704154831808
2979,6.332171950112548,-1.594598989322338
2980,6.342337612284319,-1.592414608043958
2981,6.352547274300549,-1.5902173243264395
2982,6.3628004801140525,-1.5880071911576097
2983,6.373096774281774,-1.5857842618334157
2984,6.383435701996813,-1.5835485899566042
2985,6.393816809119684,-1.5813002294353982
2986,6.404239642209051,-1.5790392344821624
2987,6.414703748551641,-1.5767656596120652
2988,6.425208676191672,-1.57447955964173
2989,6.435753973959528,-1.5721809896878807
2990,6.446339191499862,-1.5698700051659802
2991,6.456963879299017,-1.5675466617888612
2992,6.467627588711841,-1.5652110155653491
2993,6.478329871987901,-1.5628631227988814
2994,6.489070282297038,-1.5605030400861135
2995,6.499848373754345,-1.5581308243155236
2996,6.510663701444517,-1.5557465326660085
2997,6.5215158214456626,-1.5533502226054705
2998,6.532404290852419,-1.5509419518893992
2999,6.54332866779858,-1.5485217785594478
