turn,time_sigma_ns,Q1
0,18.463462941069135,-0.003482254949400955
1,18.463462881861457,-0.0034822582777294065
2,18.463462941238806,-0.0034822553198639705
3,18.463463119200213,-0.003482246075914503
4,18.463463415744588,-0.0034822305459957788
5,18.4634638308708,-0.003482208730225935
6,18.463464364577597,-0.0034821806287279613
7,18.46346501686367,-0.0034821462416288512
8,18.463465787727603,-0.0034821055690600644
9,18.46346667716791,-0.0034820586111571077
10,18.46346768518303,-0.0034820053680595115
11,18.46346881177131,-0.0034819458399111534
12,18.46347005693102,-0.0034818800268600412
13,18.463471420660344,-0.003481807929058432
14,18.463472902957374,-0.0034817295466631117
15,18.463474503820127,-0.003481644879834976
16,18.463476223246545,-0.0034815539287385414
17,18.463478061234483,-0.0034814566935431122
18,18.463480017781706,-0.0034813531744219083
19,18.463482092885897,-0.0034812433715528117
20,18.463484286544663,-0.0034811272851175126
21,18.46348659875552,-0.0034810049153020804
22,18.463489029515916,-0.003480876262296436
23,18.46349157882319,-0.003480741326295396
24,18.463494246674628,-0.003480600107497353
25,18.463497033067416,-0.0034804526061051467
26,18.463499937998662,-0.003480298822325874
27,18.463502961465384,-0.003480138756370838
28,18.46350610346453,-0.003479972408455339
29,18.46350936399295,-0.0034797997787992356
30,18.463512743047435,-0.003479620867626132
31,18.463516240624667,-0.003479435675164234
32,18.46351985672126,-0.0034792442016458205
33,18.463523591333733,-0.0034790464473074658
34,18.463527444458542,-0.0034788424123897597
35,18.46353141609204,-0.0034786320971376804
36,18.463535506230507,-0.003478415501800295
37,18.463539714870137,-0.0034781926266309496
38,18.46354404200706,-0.0034779634718868748
39,18.463548487637294,-0.0034777280378298953
40,18.463553051756787,-0.0034774863247261506
41,18.4635577343614,-0.003477238332845557
42,18.46356253544693,-0.003476984062462315
43,18.463567455009066,-0.003476723513855032
44,18.463572493043433,-0.003476456687306491
45,18.463577649545556,-0.0034761835831034526
46,18.4635829245109,-0.0034759042015370324
47,18.46358831793482,-0.0034756185429025677
48,18.463593829812616,-0.003475326607499418
49,18.46359946013949,-0.003475028395631356
50,18.46360520891056,-0.003474723907606276
51,18.463611076120866,-0.003474413143736218
52,18.463617061765355,-0.003474096104337653
53,18.463623165838914,-0.0034737727897307534
54,18.46362938833634,-0.003473443200240067
55,18.463635729252328,-0.0034731073361946854
56,18.463642188581506,-0.0034727651979277324
57,18.46364876631841,-0.00347241678577649
58,18.463655462457513,-0.003472062100082136
59,18.46366227699319,-0.003471701141190327
60,18.46366920991974,-0.0034713339094508875
61,18.463676261231374,-0.003470960405217788
62,18.46368343092221,-0.003470580628849481
63,18.463690718986314,-0.0034701945807079867
64,18.46369812541764,-0.0034698022611600317
65,18.463705650210073,-0.0034694036705764032
66,18.46371329335742,-0.003468998809331986
67,18.463721054853387,-0.0034685876778059025
68,18.46372893469161,-0.0034681702763816502
69,18.46373693286565,-0.0034677466054463856
70,18.46374504936898,-0.0034673166653919297
71,18.463753284194983,-0.003466880456614153
72,18.463761637336955,-0.003466437979513219
73,18.46377010878813,-0.0034659892344933324
74,18.463778698541642,-0.0034655342219627253
75,18.46378740659055,-0.0034650729423342085
76,18.46379623292783,-0.003464605396024598
77,18.463805177546377,-0.003464131583454662
78,18.463814240439,-0.0034636515050496257
79,18.463823421598427,-0.0034631651612386898
80,18.463832721017308,-0.003462672552455473
81,18.463842138688197,-0.0034621736791377623
82,18.463851674603575,-0.0034616685417273112
83,18.463861328755847,-0.0034611571406701147
84,18.463871101137325,-0.003460639476416492
85,18.463880991740243,-0.0034601155494207157
86,18.46389100055676,-0.003459585360141314
87,18.463901127578936,-0.0034590489090411424
88,18.463911372798755,-0.003458506196587159
89,18.463921736208125,-0.003457957223250397
90,18.463932217798877,-0.0034574019895058775
91,18.463942817562728,-0.0034568404958335124
92,18.463953535491356,-0.0034562727427165213
93,18.463964371576328,-0.003455698730642878
94,18.463975325809134,-0.0034551184601044603
95,18.463986398181188,-0.003454531931597403
96,18.463997588683817,-0.003453939145621922
97,18.464008897308272,-0.0034533401026825006
98,18.464020324045705,-0.0034527348032877625
99,18.464031868887215,-0.0034521232479504745
100,18.46404353182378,-0.003451505437187656
101,18.464055312846327,-0.0034508813715205078
102,18.464067211945693,-0.0034502510514741003
103,18.464079229112624,-0.0034496144775781517
104,18.464091364337794,-0.003448971650366092
105,18.46410361761179,-0.003448322570375653
106,18.46411598892512,-0.003447667238148884
107,18.464128478268208,-0.0034470056542318284
108,18.464141085631386,-0.003446337819174931
109,18.46415381100492,-0.003445663733532541
110,18.464166654378985,-0.003444983397863224
111,18.464179615743685,-0.0034442968127295316
112,18.46419269508901,-0.0034436039786989794
113,18.464205892404912,-0.0034429048963420614
114,18.464219207681243,-0.0034421995662339555
115,18.464232640907756,-0.0034414879889543273
116,18.464246192074132,-0.0034407701650868133
117,18.464259861169978,-0.0034400460952189065
118,18.464273648184825,-0.0034393157799423747
119,18.464287553108097,-0.003438579219853507
120,18.464301575929152,-0.00343783641555236
121,18.46431571663727,-0.0034370873676431144
122,18.464329975221638,-0.003436332076734375
123,18.464344351671375,-0.0034355705434385704
124,18.464358845975493,-0.0034348027683727684
125,18.464373458122946,-0.0034340287521576742
126,18.46438818810261,-0.0034332484954182826
127,18.464403035903246,-0.003432461998784038
128,18.464418001513568,-0.0034316692628882208
129,18.464433084922188,-0.0034308702883682485
130,18.46444828611765,-0.00343006507586584
131,18.464463605088405,-0.0034292536260266894
132,18.46447904182282,-0.003428435939500858
133,18.46449459630919,-0.0034276120169424835
134,18.464510268535722,-0.0034267818590097265
135,18.464526058490545,-0.0034259454663650105
136,18.464541966161704,-0.0034251028396747826
137,18.464557991537163,-0.0034242539796097474
138,18.464574134604796,-0.003423398886844744
139,18.46459039535241,-0.003422537562058598
140,18.464606773767716,-0.003421670005934557
141,18.464623269838356,-0.003420796219159741
142,18.46463988355188,-0.0034199162024256837
143,18.464656614895752,-0.0034190299564277986
144,18.464673463857377,-0.003418137481865601
145,18.464690430424064,-0.003417238779442846
146,18.46470751458303,-0.0034163338498675484
147,18.464724716321427,-0.003415422693851586
148,18.464742035626312,-0.0034145053121114144
149,18.464759472484666,-0.003413581705367263
150,18.4647770268834,-0.003412651874343341
151,18.46479469880932,-0.0034117158197684476
152,18.464812488249176,-0.0034107735423750635
153,18.46483039518962,-0.0034098250429000915
154,18.464848419617212,-0.003408870322084583
155,18.46486656151845,-0.0034079093806737575
156,18.46488482087975,-0.0034069422194164716
157,18.464903197687438,-0.003405968839066355
158,18.46492169192775,-0.003404989240380891
159,18.46494030358686,-0.0034040034241215934
160,18.464959032650857,-0.003403011391054044
161,18.464977879105735,-0.0034020131419482042
162,18.464996842937424,-0.0034010086775779057
163,18.465015924131755,-0.0033999979987213345
164,18.465035122674493,-0.00339898110616061
165,18.465054438551302,-0.00339795800068218
166,18.465073871747787,-0.0033969286830764205
167,18.465093422249453,-0.0033958931541380223
168,18.465113090041733,-0.003394851414665518
169,18.465132875109983,-0.003393803465461721
170,18.465152777439464,-0.003392749307333669
171,18.46517279701537,-0.0033916889410921377
172,18.46519293382281,-0.003390622367552433
173,18.4652131878468,-0.0033895495875337404
174,18.465233559072292,-0.003388470601859331
175,18.46525404748414,-0.0033873854113568866
176,18.46527465306713,-0.0033862940168578803
177,18.465295375805955,-0.003385196419198038
178,18.465316215685235,-0.003384092619217361
179,18.465337172689505,-0.003382982617759527
180,18.46535824680322,-0.0033818664156727543
181,18.465379438010753,-0.0033807440138091324
182,18.465400746296403,-0.003379615413024755
183,18.46542217164438,-0.0033784806141798156
184,18.46544371403881,-0.0033773396181392534
185,18.465465373463744,-0.003376192425771285
186,18.465487149903144,-0.00337503903794875
187,18.46550904334091,-0.003373879455548208
188,18.465531053760827,-0.0033727136794507095
189,18.465553181146642,-0.0033715417105410254
190,18.46557542548198,-0.003370363549708465
191,18.465597786750404,-0.003369179197846165
192,18.465620264935406,-0.0033679886558510646
193,18.465642860020374,-0.0033667919246249496
194,18.46566557198863,-0.0033655890050729924
195,18.465688400823417,-0.0033643798981047306
196,18.46571134650788,-0.0033631646046340465
197,18.465734409025114,-0.003361943125578268
198,18.465757588358098,-0.0033607154618594654
199,18.465780884489742,-0.003359481614403608
200,18.46580429740289,-0.003358241584140565
201,18.465827827080282,-0.0033569953720045875
202,18.4658514735046,-0.0033557429789337744
203,18.465875236658416,-0.0033544844058705494
204,18.46589911652426,-0.0033532196537609
205,18.465923113084543,-0.0033519487235556104
206,18.465947226321614,-0.003350671616209236
207,18.465971456217744,-0.003349388332680172
208,18.465995802755113,-0.0033480988739312246
209,18.466020265915827,-0.0033468032409292997
210,18.466044845681907,-0.0033455014346451804
211,18.466069542035296,-0.0033441934560538102
212,18.466094354957857,-0.0033428793061342204
213,18.46611928443136,-0.003341558985869611
214,18.466144330437526,-0.0033402324962469557
215,18.46616949295796,-0.0033388998382576
216,18.466194771974198,-0.0033375610128970196
217,18.466220167467707,-0.0033362160211643202
218,18.466245679419853,-0.003334864864063433
219,18.46627130781194,-0.0033335075426016254
220,18.466297052625176,-0.0033321440577906715
221,18.466322913840713,-0.0033307744106459507
222,18.466348891439583,-0.0033293986021876586
223,18.466374985402766,-0.0033280166334396753
224,18.46640119571116,-0.0033266285054295167
225,18.46642752234558,-0.003325234219189371
226,18.46645396528675,-0.003323833775755402
227,18.466480524515323,-0.003322427176167659
228,18.46650720001187,-0.0033210144214702564
229,18.46653399175688,-0.0033195955127115285
230,18.466560899730762,-0.003318170450943737
231,18.46658792391384,-0.0033167392372234544
232,18.466615064286383,-0.0033153018726106453
233,18.46664232082854,-0.003313858358170142
234,18.4666696935204,-0.003312408694970533
235,18.46669718234197,-0.003310952884084408
236,18.466724787273183,-0.0033094909265883885
237,18.466752508293883,-0.003308022823563167
238,18.46678034538383,-0.0033065485760936566
239,18.46680829852272,-0.0033050681852685535
240,18.466836367690146,-0.0033035816521809684
241,18.466864552865644,-0.0033020889779276077
242,18.466892854028647,-0.0033005901636096466
243,18.46692127115853,-0.0032990852103319747
244,18.46694980423458,-0.0032975741192035196
245,18.466978453235992,-0.00329605689133777
246,18.467007218141887,-0.0032945335278519324
247,18.467036098931317,-0.0032930040298670485
248,18.467065095583227,-0.00329146839850881
249,18.467094208076517,-0.003289926634906105
250,18.46712343638999,-0.003288378740192409
251,18.467152780502364,-0.003286824715505167
252,18.46718224039228,-0.0032852645619859174
253,18.467211816038297,-0.0032836982807802257
254,18.467241507418898,-0.0032821258730375328
255,18.467271314512498,-0.003280547339911317
256,18.467301237297406,-0.003278962682559284
257,18.46733127575187,-0.0032773719021430767
258,18.46736142985405,-0.0032757749998283954
259,18.46739169958203,-0.0032741719767850085
260,18.467422084913803,-0.0032725628341867476
261,18.4674525858273,-0.0032709475732112564
262,18.467483202300357,-0.003269326195040496
263,18.467513934310745,-0.0032676987008601515
264,18.467544781836143,-0.003266065091860208
265,18.467575744854148,-0.0032644253692345176
266,18.467606823342287,-0.003262779534181122
267,18.467638017278002,-0.003261127587902056
268,18.467669326638656,-0.0032594695316030204
269,18.467700751401534,-0.0032578053664942424
270,18.467732291543836,-0.00325613509378972
271,18.467763947042684,-0.0032544587147076377
272,18.46779571787512,-0.003252776230470031
273,18.467827604018115,-0.0032510876423029245
274,18.467859605448545,-0.0032493929514365296
275,18.46789172214323,-0.0032476921591048052
276,18.46792395407888,-0.003245985266546053
277,18.467956301232142,-0.003244272275002534
278,18.467988763579587,-0.0032425531857203167
279,18.468021341097693,-0.0032408279999497024
280,18.46805403376287,-0.0032390967189449412
281,18.468086841551447,-0.0032373593439641276
282,18.468119764439667,-0.003235615876269673
283,18.4681528024037,-0.0032338663171277283
284,18.46818595541963,-0.003232110667808566
285,18.46821922346348,-0.0032303489295863064
286,18.46825260651117,-0.0032285811037392627
287,18.46828610453855,-0.0032268071915499057
288,18.46831971752139,-0.003225027194304306
289,18.468353445435376,-0.0032232411132929032
290,18.468387288256125,-0.003221448949810054
291,18.468421245959167,-0.0032196507051539193
292,18.468455318519958,-0.003217846380626768
293,18.468489505913865,-0.0032160359775350016
294,18.468523808116185,-0.003214219497188922
295,18.468558225102132,-0.0032123969409026763
296,18.46859275684685,-0.003210568309994605
297,18.468627403325378,-0.0032087336057870885
298,18.46866216451271,-0.003206892829606258
299,18.468697040383738,-0.00320504598278238
300,18.468732030913273,-0.003203193066649891
301,18.46876713607606,-0.0032013340825469343
302,18.46880235584676,-0.0031994690318156785
303,18.46883769019996,-0.0031975979158022374
304,18.468873139110155,-0.0031957207358568993
305,18.468908702551772,-0.003193837493333946
306,18.468944380499146,-0.0031919481895915647
307,18.46898017292656,-0.003190052825991661
308,18.469016079808174,-0.003188151403900881
309,18.469052101118116,-0.003186243924688899
310,18.469088236830405,-0.0031843303897299796
311,18.46912448691899,-0.0031824108004022194
312,18.469160851357742,-0.0031804851580876097
313,18.46919733012046,-0.00317855346417206
314,18.469233923180845,-0.0031766157200458743
315,18.469270630512533,-0.0031746719271029565
316,18.469307452089076,-0.0031727220867411804
317,18.469344387883954,-0.0031707662003626355
318,18.46938143787056,-0.0031688042693730884
319,18.469418602022227,-0.0031668362951822082
320,18.469455880312168,-0.0031648622792043745
321,18.46949327271356,-0.0031628822228569648
322,18.469530779199484,-0.003160896127561898
323,18.469568399742943,-0.003158903994744878
324,18.46960613431686,-0.003156905825835578
325,18.469643982894073,-0.0031549016222678574
326,18.469681945447363,-0.0031528913854790446
327,18.469720021949406,-0.0031508751169109913
328,18.469758212372824,-0.0031488528180091445
329,18.469796516690142,-0.0031468244902229086
330,18.469834934873813,-0.0031447901350058673
331,18.469873466896214,-0.0031427497538153285
332,18.46991211272964,-0.0031407033481127213
333,18.469950872346306,-0.0031386509193635035
334,18.469989745718348,-0.003136592469036865
335,18.470028732817827,-0.0031345279986061255
336,18.47006783361673,-0.0031324575095483457
337,18.47010704808696,-0.0031303810033446295
338,18.470146376200347,-0.003128298481479961
339,18.470185817928623,-0.0031262099454436943
340,18.470225373243476,-0.0031241153967285205
341,18.47026504211648,-0.003122014836831509
342,18.470304824519154,-0.003119908267253414
343,18.470344720422933,-0.003117795689499025
344,18.470384729799175,-0.0031156771050770402
345,18.470424852619157,-0.003113552515500186
346,18.47046508885407,-0.0031114219222851307
347,18.470505438475048,-0.0031092853269522407
348,18.470545901453125,-0.0031071427310262415
349,18.470586477759266,-0.003104994136035488
350,18.47062716736436,-0.003102839543512275
351,18.470667970239212,-0.0031006789549930048
352,18.470708886354558,-0.0030985123720178
353,18.470749915681044,-0.0030963397961309394
354,18.470791058189253,-0.0030941612288802388
355,18.470832313849687,-0.0030919766718176984
356,18.47087368263275,-0.003089786126499552
357,18.470915164508796,-0.0030875895944852444
358,18.47095675944808,-0.0030853870773388976
359,18.470998467420785,-0.0030831785766280945
360,18.471040288397027,-0.0030809640939244297
361,18.471082222346826,-0.0030787436308035497
362,18.47112426924014,-0.003076517188844744
363,18.471166429046846,-0.003074284769631414
364,18.47120870173673,-0.003072046374751028
365,18.471251087279526,-0.0030698020057944022
366,18.471293585644865,-0.0030675516643569175
367,18.471336196802312,-0.003065295352037598
368,18.471378920721353,-0.003063033070439268
369,18.471421757371395,-0.003060764821168921
370,18.471464706721775,-0.0030584906058371097
371,18.471507768741734,-0.003056210426058786
372,18.47155094340045,-0.0030539242834522412
373,18.471594230667034,-0.0030516321796400783
374,18.471637630510482,-0.0030493341162488455
375,18.47168114289976,-0.003047030094908462
376,18.471724767803725,-0.003044720117253278
377,18.471768505191157,-0.00304240418492148
378,18.47181235503078,-0.003040082299554787
379,18.471856317291227,-0.0030377544627991646
380,18.471900391941045,-0.003035420676304409
381,18.471944578948712,-0.003033080941724341
382,18.47198887828264,-0.0030307352607161888
383,18.472033289911142,-0.0030283836349416604
384,18.472077813802464,-0.0030260260660661454
385,18.47212244992479,-0.0030236625557585276
386,18.4721671982462,-0.003021293105692108
387,18.472212058734712,-0.003018917717543959
388,18.472257031358264,-0.003016536392994913
389,18.472302116084723,-0.0030141491337295928
390,18.472347312881862,-0.0030117559414369003
391,18.472392621717386,-0.0030093568178094637
392,18.47243804255894,-0.003006951764543194
393,18.472483575374067,-0.0030045407833388465
394,18.472529220130244,-0.0030021238759003147
395,18.472574976794863,-0.0029997010439359083
396,18.472620845335268,-0.0029972722891570655
397,18.472666825718683,-0.0029948376132799995
398,18.47271291791228,-0.0029923970180244035
399,18.47275912188315,-0.0029899505051135754
400,18.472805437598314,-0.0029874980762750985
401,18.4728518650247,-0.0029850397332401115
402,18.472898404129182,-0.0029825754777437125
403,18.472945054878537,-0.0029801053115250204
404,18.47299181723947,-0.002977629236326896
405,18.473038691178616,-0.0029751472538959967
406,18.473085676662524,-0.0029726593659829413
407,18.473132773657674,-0.002970165574342357
408,18.473179982130468,-0.0029676658807323846
409,18.473227302047224,-0.0029651602869152603
410,18.473274733374197,-0.0029626487946570216
411,18.473322276077567,-0.0029601314057271155
412,18.47336993012341,-0.002957608121899841
413,18.473417695477757,-0.002955078944952514
414,18.473465572106537,-0.0029525438766668396
415,18.473513559975622,-0.0029500029188278282
416,18.4735616590508,-0.0029474560732247915
417,18.47360986929779,-0.002944903341650613
418,18.47365819068222,-0.002942344725902095
419,18.47370662316965,-0.0029397802277799437
420,18.473755166725574,-0.002937209849088629
421,18.473803821315386,-0.0029346335916365074
422,18.47385258690442,-0.002932051457235908
423,18.473901463457935,-0.0029294634477027882
424,18.473950450941107,-0.002926869564856986
425,18.47399954931904,-0.002924269810522145
426,18.47404875855676,-0.002921664186525799
427,18.47409807861922,-0.0029190526946994123
428,18.474147509471283,-0.0029164353368782907
429,18.474197051077756,-0.002913812114901392
430,18.474246703403356,-0.002911183030611476
431,18.47429646641274,-0.0029085480858553167
432,18.474346340070475,-0.002905907282483157
433,18.47439632434105,-0.002903260622349652
434,18.47444641918889,-0.0029006081073127336
435,18.474496624578325,-0.0028979497392347337
436,18.474546940473633,-0.002895285519981198
437,18.474597366839003,-0.0028926154514217427
438,18.474647903638544,-0.0028899395354298908
439,18.474698550836308,-0.0028872577738827984
440,18.474749308396248,-0.0028845701686616098
441,18.474800176282248,-0.0028818767216512854
442,18.47485115445813,-0.0028791774347404647
443,18.47490224288763,-0.002876472309821506
444,18.474953441534407,-0.002873761348790751
445,18.475004750362043,-0.0028710445535486406
446,18.475056169334046,-0.002868321925998891
447,18.475107698413854,-0.0028655934680492166
448,18.47515933756483,-0.002862859181611186
449,18.47521108675025,-0.002860119068600196
450,18.475262945933327,-0.0028573731309352248
451,18.475314915077185,-0.002854621370539401
452,18.475366994144895,-0.0028518637893392294
453,18.475419183099422,-0.002849100389265646
454,18.475471481903682,-0.002846331172252672
455,18.47552389052051,-0.00284355614023848
456,18.47557640891265,-0.002840775295165007
457,18.475629037042793,-0.002837988638977969
458,18.475681774873536,-0.0028351961736268806
459,18.475734622367415,-0.00283239790106502
460,18.475787579486887,-0.0028295938232492674
461,18.475840646194325,-0.0028267839421407407
462,18.475893822452043,-0.0028239682597038167
463,18.475947108222257,-0.0028211467779071468
464,18.476000503467137,-0.002818319498722833
465,18.476054008148758,-0.002815486424126685
466,18.47610762222911,-0.0028126475560988984
467,18.47616134567014,-0.0028098028966226695
468,18.476215178433698,-0.0028069524476853954
469,18.476269120481554,-0.0028040962112782504
470,18.47632317177543,-0.002801234189395765
471,18.476377332276957,-0.0027983663840366753
472,18.476431601947674,-0.002795492797203571
473,18.476485980749068,-0.0027926134309025474
474,18.47654046864254,-0.002789728287143641
475,18.47659506558943,-0.002786837367940381
476,18.476649771550992,-0.0027839406753101107
477,18.476704586488406,-0.0027810382112741882
478,18.47675951036278,-0.0027781299778575734
479,18.47681454313515,-0.0027752159770890236
480,18.47686968476647,-0.0027722962110008865
481,18.476924935217628,-0.002769370681629451
482,18.476980294449426,-0.0027664393910148237
483,18.477035762422602,-0.0027635023412007774
484,18.47709133909782,-0.0027605595342345608
485,18.47714702443566,-0.002757610972167753
486,18.477202818396634,-0.0027546566570550773
487,18.477258720941187,-0.0027516965909553195
488,18.477314732029672,-0.0027487307759311713
489,18.47737085162239,-0.002745759214048411
490,18.477427079679536,-0.0027427819073775625
491,18.477483416161263,-0.002739798857992118
492,18.47753986102763,-0.0027368100679695606
493,18.477596414238636,-0.002733815539390889
494,18.477653075754194,-0.0027308152743413514
495,18.47770984553415,-0.0027278092749092302
496,18.477766723538277,-0.0027247975431871686
497,18.477823709726263,-0.0027217800812712706
498,18.477880804057726,-0.002718756891261331
499,18.47793800649222,-0.0027157279752610137
500,18.477995316989222,-0.00271269333537755
501,18.47805273550813,-0.002709638630920343
502,18.478110230551916,-0.0027065372126400668
503,18.478167708554885,-0.002703366562031641
504,18.478225015148897,-0.0027001088378308504
505,18.47828193642962,-0.0026967516959848694
506,18.478338200222897,-0.0026932893614123026
507,18.478393477351105,-0.0026897239303348987
508,18.478447382899752,-0.002686066882411523
509,18.478499477484014,-0.0026823407823735527
510,18.478549268515494,-0.002678581151309514
511,18.478596211469057,-0.002674838488207912
512,18.478639711149828,-0.002671180422821582
513,18.478679122960422,-0.0026676939813712725
514,18.478713754168236,-0.00266448794706586
515,18.478742865173075,-0.0026616952978629283
516,18.478765670774916,-0.0026594757043546403
517,18.478781341441984,-0.002658018071111623
518,18.47878900457907,-0.0026575431052741055
519,18.4787877457962,-0.0026583058966290055
520,18.478776610177512,-0.0026605984938690634
521,18.4787546035506,-0.0026647524621739543
522,18.47872069375614,-0.002671141407715628
523,18.478673811917947,-0.0026801834551341756
524,18.478612853713386,-0.0026923436644884858
525,18.478536680644293,-0.002708136374635137
526,18.47844412130823,-0.0027281274604477866
527,18.478333972670306,-0.002752936491735455
528,18.478205001335404,-0.002783238782180713
529,18.47805594482096,-0.0028197673170698083
530,18.477885512830216,-0.002863314549044297
531,18.47769238852601,-0.002914734051563585
532,18.477475229805094,-0.0029749420202213168
533,18.477232670573002,-0.003044918612526636
534,18.476963322019483,-0.0031257091172138666
535,18.47666577389446,-0.003218424944615664
536,18.476338595784593,-0.0033242444300925515
537,18.475980338390364,-0.0034444134429829644
538,18.475589534803785,-0.0035802457940023757
539,18.475164701786586,-0.003733123434493305
540,18.474704341049044,-0.0039044964413965074
541,18.47420694052934,-0.004095882782288977
542,18.473670975673382,-0.004308867855312507
543,18.473094910715318,-0.004545103799287221
544,18.47247719995841,-0.004806308569793353
545,18.471816289056484,-0.005094264777478647
546,18.471110616295892,-0.005410818285336545
547,18.470358613877835,-0.005757876562185681
548,18.46955870920123,-0.006137406790067093
549,18.468709326145902,-0.0065514337237682855
550,18.46780888635623,-0.007002037301171379
551,18.466855810525075,-0.007491350003620244
552,18.465848519678065,-0.00802155396599223
553,18.46478543645814,-0.008594877836661205
554,18.463664986410325,-0.009213593388034114
555,18.46248559926671,-0.009880011878844727
556,18.461245710231566,-0.010596480169888952
557,18.45994376126657,-0.01136537659538929
558,18.458578202376074,-0.012189106592678666
559,18.457147492892346,-0.013070098093398954
560,18.455650102760796,-0.014010796679914181
561,18.454084513825034,-0.015013660511144304
562,18.45244922111177,-0.016081155022531633
563,18.45074273411547,-0.017215747405357622
564,18.448963578082676,-0.018419900871133765
565,18.44711029529597,-0.01969606870729584
566,18.44518144635749,-0.021046688130935957
567,18.443175611471887,-0.022474173947811475
568,18.441091391728698,-0.023980912024371488
569,18.438927410384064,-0.025569252581044134
570,18.436682314141663,-0.027241503315527667
571,18.4343547744328,-0.02899992236532752
572,18.431943488695598,-0.030846711119273857
573,18.42944718165313,-0.032784006888252296
574,18.426864606590517,-0.03481387544586467
575,18.424194546630794,-0.036938303450229845
576,18.421435816009524,-0.03915919075861416
577,18.41858726134802,-0.04147834264706211
578,18.415647762925136,-0.04389746194767357
579,18.412616235947468,-0.046418141116644815
580,18.409491631817918,-0.04904185424665748
581,18.40627293940254,-0.051769949037658435
582,18.402959186295444,-0.054603638740534345
583,18.39954944008192,-0.05754399408862659
584,18.39604280959931,-0.060591935232487175
585,18.39243844619594,-0.0637482236937002
586,18.38873554498766,-0.06701345435403681
587,18.384933346112124,-0.07038804749662773
588,18.381031135980614,-0.07387224091625427
589,18.377028248527285,-0.07746608211627125
590,18.372924066455838,-0.08116942061007205
591,18.3687180224834,-0.08498190034540073
592,18.364409600581585,-0.08890295227020019
593,18.359998337214638,-0.0929317870590593
594,18.355483822574534,-0.09706738801969175
595,18.350865701812946,-0.10130850419923394
596,18.346143676270028,-0.10565364371049768
597,18.341317504699877,-0.11010106729865551
598,18.33638700449257,-0.11464878216916247
599,18.33135205289275,-0.11929453609803782
600,18.32621258821465,-0.12403581184594145
601,18.320968611053445,-0.12887121199414273
602,18.315620153873343,-0.13380062729813275
603,18.31016724979009,-0.1388239463828738
604,18.304609932571005,-0.14394105574495017
605,18.29894823663508,-0.14915183975475962
606,18.293182197053053,-0.15445618065874728
607,18.287311849547457,-0.15985395858168142
608,18.281337230492753,-0.16534505152896953
609,18.275258376915374,-0.1709293353890177
610,18.26907532649381,-0.17660668393563125
611,18.262788117558706,-0.18237696883045595
612,18.25639678909294,-0.18824005962546245
613,18.24990138073173,-0.19419582376547087
614,18.243301932762698,-0.20024412659071839
615,18.236598486126002,-0.2063848313394672
616,18.229791082414376,-0.21261779915065546
617,18.222879763873284,-0.21894288906658807
618,18.215864573400992,-0.22535995803567058
619,18.20874555454867,-0.2318688609151839
620,18.2015227515205,-0.23846945047410117
621,18.194196209173782,-0.24516157739594502
622,18.18676597301904,-0.25194509028168766
623,18.179232089220132,-0.2588198356526919
624,18.17159460459437,-0.2657856579536935
625,18.16385356661263,-0.2728423995558255
626,18.15600902339947,-0.27998990075968355
627,18.148061023733234,-0.2872279997984331
628,18.140009617046204,-0.29455653284095823
629,18.13185485342471,-0.30197533399505055
630,18.123596783609244,-0.30948423531064173
631,18.11523545899462,-0.31708306678307563
632,18.106770931630052,-0.324771656356423
633,18.098203254219356,-0.3325498299268366
634,18.089532480121036,-0.3404174113459481
635,18.080758663348444,-0.3483742224243071
636,18.071881858569924,-0.3564200829348595
637,18.062902121108962,-0.3645548106164696
638,18.053819506944293,-0.3727782211774822
639,18.04463407271011,-0.38109012829932587
640,18.03534587569617,-0.3894903436401575
641,18.025954973847984,-0.39797867683854926
642,18.016461425766945,-0.40655493551721517
643,18.006865290710522,-0.41521892528677956
644,17.997166628592392,-0.4239704497495877
645,17.98736549998263,-0.4328093105035556
646,17.97746196610788,-0.4417353071460627
647,17.967456088851513,-0.450748237277885
648,17.957347930753826,-0.459847896507169
649,17.947137555012187,-0.46903407845344774
650,17.93682502548126,-0.478306574751697
651,17.926410406673153,-0.4876651750564326
652,17.915893763757662,-0.49710966704584864
653,17.905275162562408,-0.5066398364259982
654,17.894554669573047,-0.5162554669350128
655,17.883732351933496,-0.5259563403473645
656,17.872808277446122,-0.5357422364781682
657,17.86178251457195,-0.5456129331875242
658,17.85065513243086,-0.5555682063849043
659,17.83942620080182,-0.5656078300335751
660,17.828095790123104,-0.5757315761550644
661,17.816663971492506,-0.5859392148336686
662,17.805130816667585,-0.5962305142209994
663,17.79349639806587,-0.6066052405405719
664,17.781760788765105,-0.6170631580924347
665,17.769924062503502,-0.6276040292578388
666,17.757986293679956,-0.6382276145039477
667,17.745947557354306,-0.6489336723885896
668,17.733807929247607,-0.6597219595650471
669,17.721567485742362,-0.6705922307868908
670,17.70922630388277,-0.6815442389128521
671,17.696784461375017,-0.6925777349117354
672,17.684242036587538,-0.7036924678673727
673,17.671599108551284,-0.7148881849836174
674,17.65885575696001,-0.7261646315893788
675,17.646012062170545,-0.7375215511436976
676,17.633068105203087,-0.7489586852408604
677,17.620023967741517,-0.7604757736155556
678,17.60687973213365,-0.7720725541480705
679,17.593635481391587,-0.7837487628695251
680,17.58029129919199,-0.7955041339671507
681,17.566847269876405,-0.8073383997896052
682,17.553303478451582,-0.8192512908523302
683,17.53966001058983,-0.8312425358429475
684,17.525916952629277,-0.8433118616266958
685,17.512074391574263,-0.8554589932519084
686,17.498132415095675,-0.8676836539555285
687,17.48409111153127,-0.8799855651686672
688,17.469950569886034,-0.8923644465222001
689,17.455710879832562,-0.9048200158524027
690,17.441372131711404,-0.9173519892066277
691,17.426934416531434,-0.9299600808490203
692,17.41239782597025,-0.9426440032662744
693,17.397762452374522,-0.9554034671734276
694,17.383028388760412,-0.9682381815196975
695,17.368195728813973,-0.9811478534943541
696,17.3532645668915,-0.9941321885326363
697,17.33823499802001,-1.0071908903217042
698,17.323107117897617,-1.0203236608066324
699,17.30788102289398,-1.0335302001964422
700,17.292556810050705,-1.0468102069701737
701,17.277134577081814,-1.060163377882998
702,17.26161442237416,-1.0735894079723654
703,17.24599644498791,-1.0870879905641964
704,17.230280744656987,-1.1006588172791096
705,17.21446742178954,-1.11430157803869
706,17.198556577468427,-1.1280159610717957
707,17.1825483134517,-1.1418016529209032
708,17.166442732173074,-1.1556583384484922
709,17.15023993674247,-1.1695857008434694
710,17.133940030946494,-1.1835834216276298
711,17.117543119248943,-1.197651180662159
712,17.101049306791378,-1.2117886561541722
713,17.0844586993936,-1.2259955246632928
714,17.067771403554254,-1.2402714611082684
715,17.05098752645132,-1.2546161387736274
716,17.034107175942726,-1.2690292293163723
717,17.017130460566893,-1.2835104027727111
718,17.000057489543316,-1.2980593275648298
719,16.982888372773168,-1.3126756705076987
720,16.9656232208399,-1.3273590968159201
721,16.948262145009824,-1.3421092701106154
722,16.930805257232763,-1.3569258524263446
723,16.913252670142683,-1.3718085042180694
724,16.89560449705831,-1.3867568843681526
725,16.87786085198381,-1.4017706501933929
726,16.86002184960942,-1.4168494574521016
727,16.84208760531214,-1.431992960351213
728,16.824058235156436,-1.4472008115534356
729,16.805933855894907,-1.4624726621844382
730,16.787714584968995,-1.4778081618400756
731,16.769400540509725,-1.493206958593651
732,16.750991841338426,-1.5086686990032145
733,16.73248860696747,-1.5241930281189
734,16.713890957601038,-1.5397795894903015
735,16.69519901413588,-1.5554280251738797
736,16.676412898162102,-1.5711379757404142
737,16.65753273196396,-1.586909080282486
738,16.638558638520664,-1.6027409764219998
739,16.6194907415072,-1.6186333003177436
740,16.600329165295168,-1.6345856866729813
741,16.58107403495363,-1.6505977687430882
742,16.56172547624999,-1.666669178343214
743,16.542283615650827,-1.6827995458559935
744,16.52274858032283,-1.6989885002392828
745,16.503120498133686,-1.715235669033938
746,16.483399497653007,-1.7315406783716303
747,16.46358570815326,-1.7479031529826912
748,16.44367925961073,-1.7643227162040036
749,16.423680282706474,-1.7807989899869163
750,16.403588908827324,-1.797331594905206
751,16.383405270066884,-1.8139201501630686
752,16.363129499226527,-1.8305642736031456
753,16.34276172981646,-1.8472635817145906
754,16.32230209605675,-1.8640176896411642
755,16.301750732878414,-1.8808262111893739
756,16.281107775924493,-1.8976887588366371
757,16.260373361551174,-1.9146049437394919
758,16.23954762682887,-1.9315743757418313
759,16.218630709543437,-1.9485966633831802
760,16.197622748197254,-1.9656714139070046
761,16.176523882010475,-1.982798233269054
762,16.15533425092218,-1.99997672614574
763,16.134053995591618,-2.0172064959425495
764,16.112683257399446,-2.0344871448024926
765,16.091222178448987,-2.0518182736145794
766,16.06967090156751,-2.0691994820223423
767,16.048029570307545,-2.086630368432378
768,16.026298328948208,-2.104110530022936
769,16.004477322496545,-2.1216395627525326
770,15.982566696688894,-2.139217061368602
771,15.960566597992292,-2.156842619416181
772,15.9384771736059,-2.1745158292466242
773,15.916298571462413,-2.192236282026359
774,15.89403094022957,-2.210003567745664
775,15.871674429311604,-2.2278172752274905
776,15.849229188850776,-2.245676992136308
777,15.826695369728903,-2.263582304986989
778,15.80407312356895,-2.2815327991537258
779,15.78136260273658,-2.299528058878975
780,15.758563960341831,-2.317567667282438
781,15.735677350240705,-2.335651206370076
782,15.712702927036888,-2.353778257043149
783,15.689640846083408,-2.371948399107299
784,15.666491263484401,-2.390161211281653
785,15.643254336096872,-2.4084162712079644
786,15.619930221532451,-2.4267131554597863
787,15.596519078159258,-2.445051439551671
788,15.573021065103715,-2.4634306979484086
789,15.549436342252443,-2.481850504074289
790,15.52576507025419,-2.5003104303223984
791,15.502007410521765,-2.51881004806395
792,15.478163525233997,-2.537348927657638
793,15.45423357733779,-2.5559266384590296
794,15.43021773055014,-2.57454274882998
795,15.406116149360228,-2.593196826148087
796,15.381928999031523,-2.6118884368161672
797,15.35765644560395,-2.6306171462717653
798,15.33329865589608,-2.6493825189966964
799,15.308855797507343,-2.6681841185266095
800,15.284328038820316,-2.687021507460593
801,15.259715549002996,-2.7058942474707974
802,15.235018498011167,-2.724801899312095
803,15.210237056590765,-2.743744022831764
804,15.185371396280317,-2.7627201769792067
805,15.160421689413392,-2.7817299198156906
806,15.135388109121127,-2.800772808524122
807,15.110270829334752,-2.8198483994188464
808,15.08507002478818,-2.8389562479554775
809,15.05978587102068,-2.858095908740756
810,15.034418544379523,-2.877266935542431
811,15.00896822202273,-2.896468881299176
812,14.983435081921847,-2.9157012981305286
813,14.957819302864774,-2.9349637373468562
814,14.932121064458599,-2.9542557494593544
815,14.90634054713257,-2.9735768841900647
816,14.880477932141039,-2.9929266904819283
817,14.854533401566485,-3.012304716508857
818,14.828507138322598,-3.031710509685838
819,14.802399326157412,-3.05114361667906
820,14.776210149656468,-3.070603583416071
821,14.749939794246062,-3.090089955095957
822,14.723588446196544,-3.109602276199545
823,14.697156292625667,-3.129140090499642
824,14.670643521501981,-3.148702941071286
825,14.64405032164832,-3.1682903703020298
826,14.617376882745335,-3.1879019199022505
827,14.590623395335049,-3.20753713091548
828,14.563790050824556,-3.227195543728764
829,14.536877041489701,-3.246876698083039
830,14.50988456047887,-3.2665801330835427
831,14.482812801816861,-3.286305387210242
832,14.455661960408753,-3.3060519983282837
833,14.428432232043946,-3.325819503698479
834,14.40112381340016,-3.345607439987795
835,14.373736902047593,-3.365415343279885
836,14.346271696453112,-3.385242749085633
837,14.31872839598452,-3.405089192353724
838,14.2911072009149,-3.424954207481236
839,14.263408312427035,-3.444837328324255
840,14.235631932617924,-3.464738088208515
841,14.207778264503343,-3.48465601994005
842,14.179847512022539,-3.5045906558158815
843,14.151839880042921,-3.524541527634719
844,14.12375557436494,-3.544508166707684
845,14.09559480172698,-3.564490103869049
846,14.067357769810359,-3.584486869487018
847,14.039044687244425,-3.6044979934744945
848,14.010655763611735,-3.624523005299903
849,13.982191209453331,-3.644561433998012
850,13.953651236274114,-3.664612808180778
851,13.925036056548297,-3.6846766560482167
852,13.896345883724974,-3.704752505399287
853,13.867580932233794,-3.7248398836427996
854,13.838741417490693,-3.7449383178083417
855,13.809827555903807,-3.7650473345572215
856,13.780839564879397,-3.7851664601934303
857,13.75177766282798,-3.805295220674622
858,13.722642069170485,-3.825433141623117
859,13.693433004344554,-3.8455797483369163
860,13.664150689811006,-3.86573456580074
861,13.634795348060319,-3.885897118697074
862,13.605367202619314,-3.9060669314172474
863,13.575866478057915,-3.9262435280725163
864,13.54629339999605,-3.9464264325051657
865,13.5166481951107,-3.966615168299632
866,13.486931091142994,-3.986809258793641
867,13.457142316905557,-4.007008227089356
868,13.427282102289881,-4.027211596064554
869,13.397350678273892,-4.047418888383798
870,13.367348276929663,-4.0676296265096505
871,13.337275131431213,-4.087843332713878
872,13.307131476062509,-4.10805952908868
873,13.276917546225587,-4.12827773755794
874,13.246633578448828,-4.1484974798884755
875,13.216279810395381,-4.168718277701316
876,13.18585648087175,-4.188939652482985
877,13.155363829836555,-4.209161125596802
878,13.124802098409425,-4.229382218294192
879,13.094171528880079,-4.2496024517260125
880,13.063472364717573,-4.269821346953894
881,13.032704850579705,-4.290038424961588
882,13.00186923232264,-4.310253206666327
883,12.970965757010648,-4.330465212930207
884,12.93999467292608,-4.350673964571569
885,12.908956229579514,-4.370878982376396
886,12.877850677720096,-4.391079787109724
887,12.846678269346056,-4.4112758995270624
888,12.815439257715468,-4.4314668403858235
889,12.784133897357167,-4.45165213045676
890,12.752762444081887,-4.471831290535422
891,12.721325154993648,-4.492003841453612
892,12.689822288501304,-4.512169304090859
893,12.658254104330334,-4.532327199385893
894,12.626620863534882,-4.552477048348137
895,12.59492282850999,-4.572618372069201
896,12.563160263004095,-4.592750691734389
897,12.53133343213176,-4.6128735286342115
898,12.49944260238663,-4.632986404175905
899,12.467488041654669,-4.653088839894958
900,12.435470019227626,-4.673180357466656
901,12.403388805816792,-4.69326047871761
902,12.37124467356699,-4.713328725637318
903,12.339037896070865,-4.733384620389715
904,12.306768748383446,-4.75342768532473
905,12.274437507036977,-4.773457442989861
906,12.242044450056062,-4.793473416141744
907,12.20958985697308,-4.8134751277577275
908,12.177074008843949,-4.833462101047464
909,12.144497188264125,-4.853433859464484
910,12.111859679385011,-4.8733899267178
911,12.07916176793061,-4.893329826783494
912,12.046403741214561,-4.913253083916318
913,12.013585888157456,-4.933159222661301
914,11.98070849930458,-4.953047767865344
915,11.947771866843931,-4.972918244688841
916,11.914776284624653,-4.992770178617277
917,11.881722048175801,-5.012603095472852
918,11.848609454725514,-5.032416521426087
919,11.815438803220538,-5.052209983007442
920,11.78221039434616,-5.07198300711894
921,11.748924530546581,-5.0917351210457715
922,11.715581516045624,-5.111465852467928
923,11.682181656867918,-5.131174729471812
924,11.648725260860516,-5.150861280561855
925,11.615212637714908,-5.170525034672146
926,11.58164409898951,-5.190165521178034
927,11.548019958132647,-5.209782269907762
928,11.514340530505944,-5.229374811154068
929,11.480606133408227,-5.24894267568581
930,11.446817086099928,-5.268485394759569
931,11.412973709827986,-5.288002500131267
932,11.379076327851228,-5.307493524067769
933,11.345125265466324,-5.3269579993584895
934,11.311120850034277,-5.346395459326992
935,11.277063411007417,-5.365805437842588
936,11.242953279957012,-5.385187469331933
937,11.208790790601446,-5.404541088790609
938,11.174576278834936,-5.4238658317947195
939,11.140310082756931,-5.443161234512459
940,11.105992542702062,-5.462426833715699
941,11.071624001270777,-5.481662166791548
942,11.03720480336059,-5.50086677175392
943,11.002735296197997,-5.520040187255092
944,10.968215829371061,-5.539181952597257
945,10.933646754862737,-5.558291607744062
946,10.899028427084849,-5.57736869333215
947,10.864361202912836,-5.596412750682689
948,10.829645441721201,-5.615423321812897
949,10.794881505419772,-5.634399949447545
950,10.760069758490715,-5.653342177030476
951,10.725210568026345,-5.672249548736094
952,10.690304303767766,-5.69112160948085
953,10.655351338144321,-5.7099579049347255
954,10.620352046313966,-5.728757981532696
955,10.585306806204441,-5.747521386486188
956,10.550215998555403,-5.7662476677945325
957,10.515080006961439,-5.7849363742563975
958,10.47989921791606,-5.803587055481211
959,10.444674020856645,-5.822199261900579
960,10.409404808210365,-5.8407725447796865
961,10.374091975441148,-5.859306456228688
962,10.338735921097658,-5.877800549214081
963,10.303337046862376,-5.896254377570076
964,10.267895757601725,-5.914667496009945
965,10.232412461417349,-5.933039460137358
966,10.196887569698555,-5.951369826457712
967,10.161321497175878,-5.969658152389432
968,10.125714661975893,-5.987903996275273
969,10.090067485677247,-6.0061069173936
970,10.054380393367971,-6.02426647596965
971,10.018653813704077,-6.042382233186782
972,9.982888178969485,-6.060453751197708
973,9.947083925137319,-6.078480593135719
974,9.911241491932605,-6.0964623231258726
975,9.8753613228964,-6.114398506296186
976,9.839443865451381,-6.132288708788798
977,9.803489570968985,-6.15013249777112
978,9.767498894838024,-6.167929441446961
979,9.731472296534951,-6.185679109067648
980,9.695410239695729,-6.203381070943108
981,9.65931319218936,-6.221034898452955
982,9.623181626193142,-6.238640164057534
983,9.58701601826967,-6.256196441308965
984,9.550816849445628,-6.2737033048621464
985,9.514584605292475,-6.291160330485764
986,9.478319776008957,-6.3085670950732515
987,9.442022856505634,-6.325923176653752
988,9.40569434649136,-6.343228154403042
989,9.369334750561816,-6.36048160865445
990,9.332944578290148,-6.377683120909733
991,9.296524344319774,-6.394832273849946
992,9.2600745684594,-6.411928651346286
993,9.223595775780279,-6.428971838470904
994,9.187088496715836,-6.445961421507707
995,9.150553267163694,-6.462896987963123
996,9.113990628590104,-6.479778126576847
997,9.07740112813695,-6.4966044273325725
998,9.04078531873132,-6.5133754814686755
999,9.004143759197714,-6.530090881488895
1000,8.96747701437305,-6.5467502211729744
1001,8.930785655224367,-6.563353095587285
1002,8.894070258969514,-6.579899101095417
1003,8.85733140920071,-6.596387835368744
1004,8.820569696011164,-6.612818897396973
1005,8.783785716124836,-6.629191887498641
1006,8.746980073029345,-6.645506407331614
1007,8.710153377112194,-6.661762059903538
1008,8.67330624580038,-6.677958449582264
1009,8.63643930370342,-6.694095182106251
1010,8.599553182759992,-6.710171864594939
1011,8.562648522388189,-6.726188105559081
1012,8.525725969639522,-6.742143514911065
1013,8.488786179356854,-6.758037703975182
1014,8.451829814336188,-6.773870285497885
1015,8.414857545492564,-6.789640873658014
1016,8.377870052030193,-6.805349084076969
1017,8.34086802161681,-6.820994533828876
1018,8.303852150562456,-6.836576841450706
1019,8.26682314400281,-6.8520956269523845
1020,8.229781716087176,-6.867550511826825
1021,8.192728590171207,-6.882941119059976
1022,8.15566449901462,-6.898267073140807
1023,8.1185901849839,-6.913528000071272
1024,8.081506400260206,-6.928723527376231
1025,8.044413907052602,-6.943853284113354
1026,8.007313477816805,-6.958916900882956
1027,7.970205895479469,-6.973914009837841
1028,7.933091953668363,-6.988844244693087
1029,7.89597245694839,-7.00370724073578
1030,7.858848221063762,-7.018502634834754
1031,7.821720073186415,-7.033230065450248
1032,7.78458885217089,-7.047889172643566
1033,7.747455408815831,-7.062479598086673
1034,7.710320606132242,-7.07700098507177
1035,7.673185319618777,-7.091452978520817
1036,7.6360504375441725,-7.105835224995038
1037,7.5989168612370595,-7.120147372704357
1038,7.561785505383371,-7.134389071516838
1039,7.5246572983314834,-7.1485599729680445
1040,7.487533182405382,-7.162659730270382
1041,7.450414114226022,-7.176687998322399
1042,7.413301065041098,-7.1906444337180435
1043,7.376195021063525,-7.2045286947558855
1044,7.3390969838187265,-7.218340441448284
1045,7.302007970501126,-7.2320793355305355
1046,7.26492901433997,-7.245745040469963
1047,7.227861164974778,-7.259337221474975
1048,7.190805488840678,-7.272855545504071
1049,7.153763069563879,-7.28629968127482
1050,7.116735008367547,-7.299669299272778
1051,7.079722424488356,-7.312964071760382
1052,7.042726455604034,-7.3261836727857865
1053,7.0057482582721144,-7.339327778191667
1054,6.968789008380212,-7.352396065623961
1055,6.931849901608217,-7.365388214540601
1056,6.894932153902497,-7.37830390622016
1057,6.858037001962642,-7.391142823770483
1058,6.821165703740929,-7.403904652137261
1059,6.784319538954866,-7.416589078112561
1060,6.747499809613104,-7.429195790343314
1061,6.710707840555129,-7.441724479339752
1062,6.673944980004969,-7.454174837483808
1063,6.637212600139309,-7.4665465590374485
1064,6.600512097670373,-7.4788393401509925
1065,6.5638448944438395,-7.491052878871348
1066,6.5272124380522225,-7.503186875150223
1067,6.490616202464035,-7.515241030852293
1068,6.454057688669071,-7.527215049763289
1069,6.417538425340225,-7.539108637598087
1070,6.381059969512091,-7.550921502008692
1071,6.344623907276851,-7.5626533525922275
1072,6.308231854497677,-7.57430390089883
1073,6.2718854575400504,-7.585872860439526
1074,6.235586394021395,-7.597359946694046
1075,6.199336373579296,-7.6087648771185865
1076,6.1631371386587395,-7.620087371153524
1077,6.126990465318596,-7.631327150231089
1078,6.090898164057805,-7.642483937782969
1079,6.054862080661522,-7.653557459247872
1080,6.018884097067527,-7.6645474420790505
1081,5.982966132253256,-7.675453615751738
1082,5.947110143143683,-7.686275711770574
1083,5.911318125540378,-7.6970134636769565
1084,5.875592115071952,-7.70766660705634
1085,5.839934188166157,-7.718234879545481
1086,5.804346463043845,-7.728718020839645
1087,5.768831100734937,-7.739115772699745
1088,5.7333903061166245,-7.749427878959428
1089,5.698026328973866,-7.759654085532111
1090,5.6627414650822745,-7.7697941404179645
1091,5.627538057313482,-7.77984779371084
1092,5.592418496762923,-7.789814797605141
1093,5.557385223900065,-7.799694906402638
1094,5.522440729740884,-7.809487876519233
1095,5.487587557042532,-7.819193466491669
1096,5.452828301519878,-7.828811436984173
1097,5.41816561308373,-7.838341550795056
1098,5.38360219710024,-7.8477835728632535
1099,5.349140815671143,-7.857137270274803
1100,5.314784288934258,-7.866402412269276
1101,5.2805354963835525,-7.875578770246135
1102,5.246397378208121,-7.88466611777106
1103,5.212372936649125,-7.893664230582191
1104,5.178465237373715,-7.902572886596329
1105,5.144677410864898,-7.911391865915071
1106,5.111012653825988,-7.920120950830904
1107,5.0774742305982885,-7.9287599258332015
1108,5.0440654745903455,-7.9373085776142105
1109,5.010789789717145,-7.945766695074948
1110,4.977650651847139,-7.954134069331039
1111,4.944651610255124,-7.96241049371852
1112,4.911796289078429,-7.970595763799544
1113,4.879088388774028,-7.978689677368067
1114,4.8465316875735,-7.986692034455449
1115,4.81413004293299,-7.99460263733599
1116,4.781887392974581,-8.002421290532439
1117,4.749807757915599,-8.010147800821397
1118,4.71789524148178,-8.017781977238698
1119,4.68615403230006,-8.025323631084712
1120,4.654588405266381,-8.032772575929581
1121,4.623202722883496,-8.040128627618403
1122,4.592001436563474,-8.047391604276356
1123,4.560989087889136,-8.054561326313763
1124,4.5301703098283435,-8.06163761643107
1125,4.499549827894488,-8.068620299623797
1126,4.469132461246319,-8.075509203187409
1127,4.438923123719554,-8.08230415672211
1128,4.408926824782432,-8.089004992137609
1129,4.37914867040686,-8.0956115436578
1130,4.34959386384617,-8.102123647825369
1131,4.3202677063103,-8.108541143506374
1132,4.291175597528383,-8.114863871894721
1133,4.262323036188492,-8.121091676516604
1134,4.233715620243645,-8.127224403234866
1135,4.2053590470726245,-8.133261900253306
1136,4.177259113483864,-8.139204018120921
1137,4.149421715549975,-8.145050609736073
1138,4.1218528482600645,-8.150801530350606
1139,4.094558604976642,-8.156456637573882
1140,4.067545176683336,-8.16201579137678
1141,4.040818851009367,-8.167478854095586
1142,4.014386011016322,-8.172845690435867
1143,3.9882531337325187,-8.178116167476245
1144,3.962426788419871,-8.183290154672116
1145,3.9369136345581484,-8.18836752385932
1146,3.911720419531376,-8.1933481492577
1147,3.886853976000931,-8.198231907474659
1148,3.8623212189502576,-8.203018677508593
1149,3.8381291423859185,-8.207708340752296
1150,3.8142848156804314,-8.212300780996276
1151,3.790795379542336,-8.216795884432019
1152,3.7676680415997543,-8.221193539655179
1153,3.7449100715842163,-8.225493637668707
1154,3.722528796102674,-8.22969607188591
1155,3.700531592986236,-8.233800738133427
1156,3.678925885205733,-8.237807534654179
1157,3.6577191343453865,-8.24171636211022
1158,3.6369188336275178,-8.245527123585507
1159,3.61653250048305,-8.249239724588657
1160,3.5965676686644428,-8.252854073055572
1161,3.5770318798999905,-8.256370079352052
1162,3.5579326750907896,-8.259787656276302
1163,3.5392775850542373,-8.263106719061389
1164,3.521074120820817,-8.266327185377628
1165,3.5033297634938116,-8.269448975334903
1166,3.486051953684875,-8.272472011484908
1167,3.469248080541644,-8.275396218823335
1168,3.4529254703870658,-8.278221524791993
1169,3.4370913749937353,-8.280947859280836
1170,3.421752959520238,-8.283575154629958
1171,3.406917290140179,-8.286103345631492
1172,3.3925913213984615,-8.288532369531453
1173,3.3787818833330014,-8.290862166031502
1174,3.3654956684039603,-8.293092677290668
1175,3.352739218275943,-8.295223847926955
1176,3.34051891050235,-8.297255625018934
1177,3.3288409451641097,-8.299187958107217
1178,3.3177113315180775,-8.301020799195904
1179,3.3071358747132256,-8.302754102753923
1180,3.2971201626349615,-8.30438782571634
1181,3.2876695529399136,-8.305921927485562
1182,3.278789160345066,-8.307356369932494
1183,3.2704838442361956,-8.30869111739763
1184,3.2627581966608585,-8.309926136692054
1185,3.255616530771364,-8.311061397098392
1186,3.249062869782351,-8.312096870371683
1187,3.243100936506308,-8.31303253074018
1188,3.237734143528603,-8.313868354906102
1189,3.2329655840809295,-8.314604322046284
1190,3.228798023669174,-8.315240413812786
1191,3.2252338925076507,-8.315776614333403
1192,3.222275278807724,-8.316212910212153
1193,3.2199239229637158,-8.316549290529638
1194,3.2181812126738776,-8.316785746843381
1195,3.2170481790283083,-8.31692227318806
1196,3.2165254935896703,-8.316958866075714
1197,3.2166134664860566,-8.316895524495829
1198,3.2173120455287694,-8.316732249915384
1199,3.2186208163608225,-8.31646904627884
1200,3.2205390036352544,-8.316105920008026
1201,3.223065473215361,-8.315642880001972
1202,3.22619873538213,-8.315079937636686
1203,3.22993694902777,-8.314417106764832
1204,3.234277926807505,-8.313654403715368
1205,3.2392191412162132,-8.31279184729309
1206,3.244757731550473,-8.311829458778124
1207,3.2508905117116673,-8.310767261925342
1208,3.2576139788008893,-8.309605282963707
1209,3.2649243224525004,-8.30834355059555
1210,3.272817434849436,-8.30698209599578
1211,3.281288921360511,-8.305520952811019
1212,3.2903341117376006,-8.303960157158675
1213,3.299948071808923,-8.302299747625941
1214,3.3101256156034777,-8.300539765268727
1215,3.3208613178412674,-8.298680253610518
1216,3.3321495267239745,-8.29672125864117
1217,3.3439843769615307,-8.294662828815634
1218,3.3563598029709856,-8.292505015052601
1219,3.369269552185915,-8.290247870733106
1220,3.382707198416613,-8.287891451699023
1221,3.3966661552037545,-8.28543581625153
1222,3.4111396891110606,-8.282881025149475
1223,3.4261209329056115,-8.280227141607696
1224,3.4416028985776714,-8.277474231295255
1225,3.4575784901555355,-8.274622362333615
1226,3.474040516274438,-8.271671605294738
1227,3.4909817024623937,-8.26862203319913
1228,3.5083947031094382,-8.265473721513798
1229,3.52627211309077,-8.262226748150159
1230,3.5446064790177987,-8.25888119346186
1231,3.5633903100948885,-8.255437140242549
1232,3.582616088563132,-8.251894673723562
1233,3.602276279715916,-8.248253881571555
1234,3.6223633414743035,-8.244514853886065
1235,3.6428697335135043,-8.240677683196987
1236,3.6637879259344612,-8.236742464462012
1237,3.685110407477464,-8.232709295063973
1238,3.7068296932772005,-8.22857827480814
1239,3.7289383321610146,-8.224349505919433
1240,3.7514289134942542,-8.220023093039574
1241,3.774294073578519,-8.215599143224185
1242,3.797526501610388,-8.211077765939795
1243,3.821118945209668,-8.206459073060795
1244,3.8450642155276125,-8.201743178866323
1245,3.869355191946617,-8.196930200037087
1246,3.8939848263839747,-8.192020255652103
1247,3.9189461472129947,-8.187013467185402
1248,3.944232262815528,-8.181909958502626
1249,3.9698363647803565,-8.176709855857593
1250,3.9957517307623953,-8.171413287888788
1251,4.021971727017746,-8.16602038561577
1252,4.048489810629995,-8.160531282435539
1253,4.075299531442949,-8.154946114118811
1254,4.102394533715201,-8.149265018806263
1255,4.1297685575115315,-8.14348813700467
1256,4.157415439846208,-8.137615611583007
1257,4.185329115592709,-8.13164758776848
1258,4.213503618174372,-8.125584213142485
1259,4.241933080049801,-8.119425637636505
1260,4.270611733006729,-8.113172013527945
1261,4.299533908277446,-8.106823495435904
1262,4.3286940364884545,-8.100380240316875
1263,4.358086647456651,-8.093842407460386
1264,4.387706369843668,-8.087210158484583
1265,4.417547930679666,-8.08048365733174
1266,4.447606154767254,-8.073663070263697
1267,4.477875963975834,-8.066748565857266
1268,4.508352376435953,-8.059740314999537
1269,4.539030505643024,-8.052638490883151
1270,4.5699055594789995,-8.045443269001481
1271,4.600972839160344,-8.038154827143778
1272,4.6322277381200045,-8.030773345390244
1273,4.66366574083073,-8.023299006107028
1274,4.695282421576558,-8.01573199394118
1275,4.727073443178936,-8.008072495815547
1276,4.75903455568351,-8.000320700923576
1277,4.791161595013126,-7.992476800724085
1278,4.82345048159237,-7.984540988935971
1279,4.855897218948438,-7.976513461532837
1280,4.8884978922929205,-7.968394416737568
1281,4.921248667088614,-7.960184055016869
1282,4.9541457876053485,-7.9518825790756935
1283,4.9871855754682395,-7.9434901938516616
1284,5.020364428201819,-7.935007106509389
1285,5.053678817772921,-7.9264335264347565
1286,5.087125289135183,-7.917769665229137
1287,5.12070045877765,-7.90901573670355
1288,5.154401013279767,-7.900171956872756
1289,5.18822370787492,-7.891238543949297
1290,5.222165365024276,-7.882215718337481
1291,5.25622287300282,-7.873103702627291
1292,5.290393184498942,-7.863902721588264
1293,5.3246733152290675,-7.854613002163288
1294,5.359060342568519,-7.845234773462345
1295,5.393551404199655,-7.8357682667562125
1296,5.428143696778251,-7.8262137154700815
1297,5.462834474619037,-7.816571355177141
1298,5.497621048400952,-7.806841423592093
1299,5.532500783892874,-7.797024160564613
1300,5.567471100700266,-7.787119808072755
1301,5.602529471033185,-7.777128610216305
1302,5.637673418496018,-7.767050813210063
1303,5.672900516899191,-7.756886665377089
1304,5.708208389093087,-7.7466364171418824
1305,5.743594705824285,-7.736300321023508
1306,5.779057184614239,-7.725878631628667
1307,5.8145935886604025,-7.71537160564471
1308,5.850201725759801,-7.704779501832605
1309,5.885879447254945,-7.694102581019849
1310,5.921624647002107,-7.683341106093308
1311,5.957435260361665,-7.672495341992032
1312,5.993309263210486,-7.66156555569999
1313,6.029244670976108,-7.650552016238781
1314,6.065239537692466,-7.639454994660255
1315,6.1012919550769595,-7.6282747640391175
1316,6.1374000516286396,-7.617011599465459
1317,6.173561991747143,-7.6056657780372365
1318,6.209775974872136,-7.5942375788527166
1319,6.246040234642975,-7.582727283002846
1320,6.282353038078264,-7.571135173563587
1321,6.318712684774881,-7.559461535588198
1322,6.355117506126333,-7.547706656099457
1323,6.391565864559877,-7.535870824081848
1324,6.428056152792263,-7.523954330473676
1325,6.4645867931035585,-7.511957468159162
1326,6.501156236628873,-7.499880531960458
1327,6.537762962667462,-7.487723818629635
1328,6.574405478009042,-7.475487626840615
1329,6.611082316276743,-7.463172257181042
1330,6.647792037286518,-7.450778012144135
1331,6.684533226422588,-7.438305196120455
1332,6.721304494028543,-7.425754115389654
1333,6.758104474813795,-7.413125078112169
1334,6.794931827274992,-7.400418394320859
1335,6.831785233132097,-7.3876343759126
1336,6.8686633967787625,-7.374773336639846
1337,6.905565044746652,-7.361835592102126
1338,6.9424889251833894,-7.3488214597375014
1339,6.979433807343859,-7.335731258813991
1340,7.016398481094412,-7.322565310420921
1341,7.053381756429812,-7.3093239374602605
1342,7.090382463002469,-7.296007464637898
1343,7.127399449663775,-7.282616218454871
1344,7.164431584017152,-7.269150527198563
1345,7.2014777519825595,-7.25561072093384
1346,7.238536857372176,-7.241997131494161
1347,7.275607821476937,-7.22831009247264
1348,7.312689582663701,-7.21454993921305
1349,7.349781095982718,-7.2007170088008134
1350,7.386881332785188,-7.186811640053927
1351,7.423989280350596,-7.172834173513844
1352,7.461103941523636,-7.158784951436348
1353,7.4982243343603745,-7.144664317782333
1354,7.535349491783545,-7.130472618208584
1355,7.572478461246621,-7.116210200058509
1356,7.609610304406456,-7.101877412352816
1357,7.646744096804348,-7.087474605780161
1358,7.683878927555195,-7.073002132687761
1359,7.72101389904463,-7.058460347071956
1360,7.758148126633798,-7.043849604568744
1361,7.795280738371715,-7.029170262444261
1362,7.832410874714925,-7.01442267958525
1363,7.869537688254254,-6.999607216489458
1364,7.906660343448506,-6.984724235256028
1365,7.943778016364919,-6.969774099575826
1366,7.980889894426177,-6.954757174721756
1367,8.017995176163796,-6.939673827539013
1368,8.055093070977756,-6.92452442643533
1369,8.092182798902183,-6.909309341371156
1370,8.129263590376896,-6.8940289438498255
1371,8.166334686024724,-6.878683606907676
1372,8.203395336434404,-6.863273705104144
1373,8.240444801948858,-6.847799614511807
1374,8.277482352458849,-6.832261712706421
1375,8.314507267201707,-6.81666037875689
1376,8.351518834565084,-6.800995993215227
1377,8.388516351895605,-6.785268938106475
1378,8.425499125312252,-6.7694795969185915
1379,8.462466469524356,-6.753628354592303
1380,8.499417707654114,-6.737715597510923
1381,8.536352171063447,-6.721741713490151
1382,8.573269199185138,-6.70570709176783
1383,8.610168139358123,-6.6896121229936645
1384,8.647048346666827,-6.67345719921893
1385,8.683909183784367,-6.657242713886132
1386,8.72075002081968,-6.640969061818649
1387,8.757570235168282,-6.624636639210334
1388,8.794369211366728,-6.608245843615098
1389,8.83114634095056,-6.591797073936448
1390,8.86790102231569,-6.575290730417019
1391,8.904632660583157,-6.558727214628064
1392,8.941340667467127,-6.5421069294589085
1393,8.978024461146058,-6.525430279106396
1394,9.01468346613697,-6.508697669064295
1395,9.051317113172747,-6.491909506112676
1396,9.087924839082294,-6.4750661983072755
1397,9.124506086673644,-6.4581681549688135
1398,9.161060304619758,-6.441215786672311
1399,9.197586947347114,-6.4242095052363535
1400,9.234085474926864,-6.4071497237123545
1401,9.270555352968605,-6.390036856373776
1402,9.306996052516624,-6.372871318705337
1403,9.343407049948597,-6.355653527392188
1404,9.379787826876658,-6.338383900309069
1405,9.416137870050811,-6.321062856509443
1406,9.452456671264537,-6.303690816214599
1407,9.48874372726263,-6.286268200802742
1408,9.524998539651191,-6.268795432798061
1409,9.561220614809693,-6.251272935859759
1410,9.597409463805056,-6.233701134771085
1411,9.633564602307754,-6.216080455428325
1412,9.669685550509785,-6.198411324829783
1413,9.705771833044588,-6.180694171064737
1414,9.74182297890877,-6.1629294233023755
1415,9.77783852138559,-6.145117511780715
1416,9.813817997970236,-6.1272588677954944
1417,9.849760950296783,-6.10935392368906
1418,9.885666924066793,-6.091403112839216
1419,9.921535468979526,-6.073406869648071
1420,9.957366138663781,-6.055365629530856
1421,9.993158490611195,-6.037279828904731
1422,10.028912086111081,-6.019149905177577
1423,10.064626490186749,-6.000976296736754
1424,10.100301271533196,-5.982759442937867
1425,10.135936002456225,-5.964499784093492
1426,10.171530258812897,-5.946197761461905
1427,10.207083619953321,-5.927853817235778
1428,10.242595668663741,-5.909468394530881
1429,10.278065991110838,-5.89104193737474
1430,10.313494176787296,-5.87257489069531
1431,10.348879818458567,-5.854067700309612
1432,10.384222512110776,-5.835520812912374
1433,10.419521856899799,-5.816934676064633
1434,10.454777455101407,-5.798309738182353
1435,10.489988912062552,-5.779646448525015
1436,10.525155836153663,-5.760945257184183
1437,10.560277838722017,-5.742206615072086
1438,10.595354534046065,-5.723430973910161
1439,10.6303855392908,-5.704618786217601
1440,10.66537047446407,-5.685770505299888
1441,10.700308962373771,-5.666886585237307
1442,10.735200628586073,-5.6479674808734615
1443,10.770045101384403,-5.629013647803769
1444,10.804842011729411,-5.610025542363954
1445,10.83959099321976,-5.591003621618528
1446,10.874291682053677,-5.5719483433492565
1447,10.908943716991432,-5.552860166043624
1448,10.943546739318526,-5.533739548883289
1449,10.9781003928097,-5.514586951732524
1450,11.01260432369366,-5.495402835126658
1451,11.047058180618563,-5.476187660260502
1452,11.081461614618263,-5.456941888976774
1453,11.115814279079196,-5.437665983754516
1454,11.150115829707982,-5.418360407697498
1455,11.184365924499721,-5.3990256245226265
1456,11.218564223706922,-5.379662098548335
1457,11.252710389809073,-5.3602702946829845
1458,11.286804087482865,-5.340850678413239
1459,11.320844983573004,-5.321403715792456
1460,11.354832747063618,-5.301929873429055
1461,11.388767049050287,-5.282429618474898
1462,11.42264756271261,-5.262903418613653
1463,11.456473963287355,-5.2433517420491595
1464,11.490245928042132,-5.22377505749379
1465,11.523963136249607,-5.204173834156813
1466,11.557625269162283,-5.184548541732739
1467,11.59123200998774,-5.164899650389688
1468,11.624783043864362,-5.145227630757731
1469,11.658278057837608,-5.125532953917244
1470,11.691716740836748,-5.105816091387255
1471,11.725098783652024,-5.0860775151137965
1472,11.758423878912316,-5.066317697458247
1473,11.791691721063216,-5.046537111185683
1474,11.824902006345585,-5.026736229453219
1475,11.85805443277448,-5.006915525798366
1476,11.89114870011857,-4.987075474127363
1477,11.924184509879879,-4.967216548703543
1478,11.95716156527398,-4.947339224135669
1479,11.990079571210593,-4.927443975366294
1480,12.022938234274525,-4.907531277660107
1481,12.055737262706984,-4.887601606592296
1482,12.08847636638733,-4.8676554380369
1483,12.121155256815076,-4.8476932481551716
1484,12.153773647092327,-4.827715513383939
1485,12.18633125190653,-4.8077227104239775
1486,12.218827787513543,-4.787715316228373
1487,12.251262971721067,-4.767693807990902
1488,12.283636523872367,-4.747658663134409
1489,12.315948164830333,-4.727610359299192
1490,12.348197616961855,-4.707549374331381
1491,12.380384604122442,-4.6874761862713505
1492,12.412508851641222,-4.667391273342098
1493,12.444570086306145,-4.6472951139376635
1494,12.47656803634955,-4.627188186611532
1495,12.508502431433952,-4.607070970065056
1496,12.540373002638095,-4.586943943135877
1497,12.572179482443337,-4.566807584786354
1498,12.603921604720211,-4.546662374092007
1499,12.635599104715311,-4.526508790229962
1500,12.667211719038361,-4.506347312467399
1501,12.698759185649596,-4.486178420150019
1502,12.73024124384733,-4.466002592690515
1503,12.761657634255783,-4.4458203095570425
1504,12.79300809881313,-4.425632050261719
1505,12.824292380759776,-4.405438294349112
1506,12.855510224626846,-4.385239521384752
1507,12.886661376224898,-4.365036210943642
1508,12.91774558263286,-4.34482884259879
1509,12.948762592187103,-4.324617895909748
1510,12.979712154470848,-4.304403850411147
1511,13.010594020303632,-4.28418718560127
1512,13.041407941731057,-4.263968380930615
1513,13.072153672014695,-4.243747915790478
1514,13.102830965622198,-4.223526269501543
1515,13.133439578217565,-4.203303921302492
1516,13.163979266651614,-4.183081350338621
1517,13.19444978895262,-4.162859035650461
1518,13.224850904317101,-4.142637456162441
1519,13.255182373100826,-4.122417090671521
1520,13.28544395680994,-4.10219841783588
1521,13.31563541809228,-4.081981916163585
1522,13.34575652072882,-4.0617680640012965
1523,13.375807029625303,-4.041557339522978
1524,13.405786710804026,-4.0213502207186185
1525,13.435695331395726,-4.001147185382977
1526,13.46553265963167,-3.9809487111043316
1527,13.495298464835862,-3.9607552752532573
1528,13.524992517417402,-3.940567354971406
1529,13.554614588862963,-3.9203854271603102
1530,13.584164451729418,-3.9002099684701994
1531,13.613641879636617,-3.880041455288834
1532,13.643046647260254,-3.8598803637303574
1533,13.67237853032489,-3.839727169624161
1534,13.7016373055971,-3.8195823485037645
1535,13.730822750878714,-3.7994463755957275
1536,13.759934645000243,-3.779319725808552
1537,13.788972767814336,-3.759202873721633
1538,13.817936900189453,-3.739096293574205
1539,13.846826824003527,-3.719000459254316
1540,13.875642322137875,-3.698915844287818
1541,13.904383178471104,-3.6788429218273726
1542,13.933049177873192,-3.6587821646414884
1543,13.961640106199656,-3.638734045103556
1544,13.990155750285803,-3.618699035180926
1545,14.018595897941108,-3.5986776064239856
1546,14.046960337943693,-3.5786702299552693
1547,14.075248860034893,-3.558677376458586
1548,14.103461254913888,-3.538699516168161
1549,14.1315973142325,-3.518737118857805
1550,14.159656830590006,-3.498790653830103
1551,14.187639597528099,-3.4788605899056186
1552,14.215545409525896,-3.4589473954121264
1553,14.243374061995075,-3.4390515381738616
1554,14.271125351275066,-3.419173485500795
1555,14.298799074628294,-3.399313704177922
1556,14.326395030235622,-3.3794726604545833
1557,14.3539130171917,-3.3596508200338016
1558,14.38135283550059,-3.339848648061644
1559,14.40871428607129,-3.3200666091166013
1560,14.435997170713447,-3.3003051671990025
1561,14.463201292133109,-3.280564785720434
1562,14.490326453928535,-3.260845927493202
1563,14.51737246058612,-3.241149054719803
1564,14.544339117476337,-3.2214746289824268
1565,14.57122623084979,-3.201823111232476
1566,14.598033607833326,-3.1821949617801226
1567,14.624761056426202,-3.1625906402838706
1568,14.65140838549632,-3.1430106057401597
1569,14.677975404776527,-3.1234553164729846
1570,14.704461924861013,-3.1039252301235405
1571,14.73086775720171,-3.0844208036398975
1572,14.757192714104795,-3.064942493266694
1573,14.783436608727243,-3.045490754534862
1574,14.809599255073415,-3.026066042251375
1575,14.835680467991763,-3.0066688104890194
1576,14.861680063171534,-2.9872995125761967
1577,14.887597857139534,-2.9679586010867514
1578,14.913433667257001,-2.948646527829817
1579,14.939187311716477,-2.9293637438397044
1580,14.964858609538721,-2.9101106993658012
1581,14.990447380569753,-2.890887843862508
1582,15.015953445477862,-2.8716956259791964
1583,15.041376625750704,-2.8525344935501997
1584,15.066716743692465,-2.8334048935848246
1585,15.09197362242104,-2.814307272257395
1586,15.11714708586528,-2.7952420748973266
1587,15.142236958762256,-2.7762097459792177
1588,15.16724306665461,-2.757210729112983
1589,15.192165235887954,-2.7382454670340066
1590,15.217003293608222,-2.7193144015933246
1591,15.24175706775922,-2.7004179737478378
1592,15.266426387080058,-2.681556623550556
1593,15.291011081102758,-2.6627307901408646
1594,15.315510980149789,-2.643940911734828
1595,15.339925915331747,-2.6251874256155134
1596,15.364255718545,-2.606470768123356
1597,15.38850022246939,-2.587791374646542
1598,15.412659260565997,-2.569149679611429
1599,15.43673266707492,-2.5505461164729932
1600,15.460720277013086,-2.5319811177053086
1601,15.484621926172133,-2.5134551147920563
1602,15.508437451116276,-2.4949685382170603
1603,15.532166689180258,-2.4765218174548607
1604,15.555809478467305,-2.458115380961312
1605,15.579365657847111,-2.4397496561642154
1606,15.602835066953903,-2.421425069453982
1607,15.626217546184458,-2.4031420461743243
1608,15.649512936696249,-2.384901010612983
1609,15.672721080405532,-2.366702385992482
1610,15.69584181998551,-2.3485465944609203
1611,15.718874998864555,-2.330434057082786
1612,15.741820461224385,-2.3123651938298124
1613,15.76467805199833,-2.294340423571862
1614,15.78744761686962,-2.2763601640678397
1615,15.810129002269681,-2.258424831956644
1616,15.832722055376449,-2.2405348427481475
1617,15.855226624112781,-2.2226906108142086
1618,15.877642557144792,-2.204892549379721
1619,15.899969703880295,-2.1871410705136887
1620,15.92220791446724,-2.169436585120341
1621,15.944357039792182,-2.1517795029302795
1622,15.966416931478758,-2.1341702324916523
1623,15.988387441886246,-2.1166091811613663
1624,16.01026842410805,-2.0990967550963373
1625,16.0320597319703,-2.0816333592447656
1626,16.053761220030438,-2.0642193973374456
1627,16.07537274357582,-2.046855271879121
1628,16.09689415862235,-2.029541384139855
1629,16.118325321913165,-2.0122781341464555
1630,16.13966609091728,-1.9950659206739147
1631,16.160916323828307,-1.9779051412368993
1632,16.182075879563165,-1.9607961920812642
1633,16.203144617760838,-1.9437394681756064
1634,16.224122398781134,-1.926735363202852
1635,16.24500908370347,-1.9097842695518772
1636,16.26580453432566,-1.8928865783091664
1637,16.286508613162773,-1.8760426792505018
1638,16.307121183445936,-1.8592529608326924
1639,16.32764210912122,-1.842517810185335
1640,16.348071254848534,-1.8258376131026104
1641,16.368408486000483,-1.8092127540351186
1642,16.38865366866132,-1.7926436160817456
1643,16.408806669625857,-1.7761305809815673
1644,16.42886735639844,-1.7596740291057904
1645,16.448835597191895,-1.7432743394497265
1646,16.46871126092654,-1.7269318896248043
1647,16.488494217229146,-1.7106470558506175
1648,16.50818433643201,-1.6944202129470076
1649,16.527781489571943,-1.678251734326184
1650,16.547285548389343,-1.6621419919848812
1651,16.566696385327262,-1.6460913564965507
1652,16.586013873530472,-1.6301001970035884
1653,16.60523788684458,-1.6141688812096042
1654,16.62436829981512,-1.5982977753717205
1655,16.643404987686704,-1.5824872442929145
1656,16.662347826402115,-1.566737651314392
1657,16.68119669260152,-1.5510493583080014
1658,16.6999514636216,-1.5354227256686839
1659,16.71861201749472,-1.51985811230696
1660,16.737178232948168,-1.5043558756414552
1661,16.755649989403324,-1.488916371591459
1662,16.774027166974886,-1.4735399545695276
1663,16.792309646470112,-1.4582269774741172
1664,16.810497309388083,-1.4429777916822593
1665,16.828590037918907,-1.427792747042273
1666,16.846587714943038,-1.4126721918665135
1667,16.864490224030536,-1.3976164729241585
1668,16.88229744944038,-1.3826259354340344
1669,16.90000927611974,-1.3677009230574786
1670,16.91762558970331,-1.3528417778912405
1671,16.93514627651265,-1.3380488404604194
1672,16.9525712235555,-1.323322449711443
1673,16.969900318525138,-1.308662943005082
1674,16.987133449799742,-1.294070656109503
1675,17.004270506441767,-1.2795459231933612
1676,17.021311378197293,-1.2650890768189293
1677,17.03825595549546,-1.2507004479352686
1678,17.055104129447827,-1.2363803658714336
1679,17.071855791847817,-1.2221291583297194
1680,17.08851083517011,-1.2079471513789464
1681,17.105069152570078,-1.1938346694477822
1682,17.121530637883243,-1.1797920353181046
1683,17.13789518562469,-1.1658195701184038
1684,17.154162690988542,-1.1519175933172192
1685,17.17033304984743,-1.138086422716621
1686,17.186406158751964,-1.1243263744457264
1687,17.202381914930196,-1.1106377629542579
1688,17.21826021628715,-1.097020901006138
1689,17.23404096140428,-1.083476099673126
1690,17.249724049538987,-1.0700036683284917
1691,17.265309380624156,-1.05660391464073
1692,17.280796855267663,-1.0432771445673126
1693,17.296186374751898,-1.0300236623484837
1694,17.31147784103332,-1.0168437705010898
1695,17.32667115674199,-1.0037377698124517
1696,17.341766225181146,-0.9907059593342776
1697,17.356762950326722,-0.9777486363766118
1698,17.37166123682696,-0.9648660965018279
1699,17.38646099000195,-0.9520586335186566
1700,17.401162115843242,-0.9393265394762591
1701,17.4157645210134,-0.9266701046583335
1702,17.430268112845642,-0.9140896175772679
1703,17.4446727993434,-0.9015853649683285
1704,17.458978489179948,-0.8891576317838906
1705,17.473185091698017,-0.8768067011877071
1706,17.48729251690942,-0.8645328545492194
1707,17.501300675494655,-0.8523363714379079
1708,17.515209478802564,-0.8402175296176809
1709,17.529018838849964,-0.8281766050413062
1710,17.542728668321306,-0.8162138718448805
1711,17.55633888056829,-0.8043296023423412
1712,17.569849389609555,-0.7925240670200174
1713,17.583260110130322,-0.7807975345312216
1714,17.596570957482076,-0.7691502716908808
1715,17.609781847682235,-0.7575825434702097
1716,17.62289269741383,-0.746094612991423
1717,17.635903424025177,-0.7346867415224889
1718,17.64881394552958,-0.7233591884719235
1719,17.661624180605028,-0.7121122113836238
1720,17.67433404859387,-0.7009460659317438
1721,17.686943469502562,-0.68986100591561
1722,17.69945236400132,-0.6788572832546773
1723,17.711860653423894,-0.6679351479835265
1724,17.72416825976723,-0.6570948482469018
1725,17.73637510569125,-0.6463366302947888
1726,17.748481114518537,-0.635660738477535
1727,17.760486210234077,-0.6250674152410086
1728,17.772390317485,-0.6145569011218005
1729,17.784193361580325,-0.6041294347424662
1730,17.795895268490707,-0.5937852528068072
1731,17.807495964848183,-0.5835245900951959
1732,17.818995377945917,-0.5733476794599408
1733,17.83039343573797,-0.563254751820691
1734,17.841690066839053,-0.5532460361598832
1735,17.85288520052431,-0.5433217595182301
1736,17.86397876672907,-0.5334821469902484
1737,17.874970696048617,-0.5237274217198298
1738,17.885860919738,-0.5140578048958505
1739,17.89664936971178,-0.5044735157478252
1740,17.90733597854384,-0.4949747715415987
1741,17.917920679467144,-0.4855617875750822
1742,17.928403406373544,-0.4762347771740281
1743,17.938784093813602,-0.46699395168784724
1744,17.949062676996352,-0.4578395204854667
1745,17.959239091789122,-0.4487716909512307
1746,17.96931327471733,-0.43979066848084014
1747,17.979285162964306,-0.430896656477335
1748,17.989154694371088,-0.422089856347119
1749,17.998921807436254,-0.4133704674960233
1750,18.00858644131573,-0.4047386873254133
1751,18.018148535822625,-0.396194711228336
1752,18.027608031427047,-0.3877387325857097
1753,18.036964869255918,-0.37937094276255423
1754,18.046218991092825,-0.3710915311042627
1755,18.05537033937787,-0.36290068493291505
1756,18.06441885720746,-0.35479858954363336
1757,18.073364488334178,-0.34678542820097846
1758,18.082207177166634,-0.3388613821353867
1759,18.09094686876928,-0.331026630539651
1760,18.09958350886229,-0.3232813505654407
1761,18.108117043821384,-0.31562571731986505
1762,18.1165474206777,-0.3080599038620767
1763,18.124874587117663,-0.3005840811999177
1764,18.133098491482787,-0.2931984182866075
1765,18.141219082769616,-0.28590308201747056
1766,18.149236310629522,-0.27869823722670856
1767,18.15715012536859,-0.2715840466842119
1768,18.164960477947524,-0.26456067109241327
1769,18.172667319981457,-0.25762826908318387
1770,18.180270603739864,-0.25078699721477066
1771,18.187770282146428,-0.24403700996877492
1772,18.19516630877893,-0.23737845974717292
1773,18.20245863786911,-0.23081149686937857
1774,18.209647224302557,-0.22433626956934757
1775,18.216732023618604,-0.21795292399272292
1776,18.223712992010196,-0.21166160419402258
1777,18.23059008632379,-0.20546245213386882
1778,18.237363264059262,-0.19935560767625934
1779,18.24403248336976,-0.19334120858587991
1780,18.25059770306165,-0.1874193905254591
1781,18.25705888259437,-0.18159028705316463
1782,18.263415982080367,-0.17585402962004146
1783,18.269668962284953,-0.17021074756749216
1784,18.275817784626263,-0.16466056812479798
1785,18.281862411175116,-0.159203616406683
1786,18.287802804654948,-0.1538400154109195
1787,18.293638928441712,-0.14856988601597487
1788,18.299370746563785,-0.143393346978701
1789,18.30499822370189,-0.1383105149320652
1790,18.31052132518901,-0.13332150438292248
1791,18.3159400170103,-0.12842642770983106
1792,18.32125426580301,-0.12362539516090755
1793,18.326464038856408,-0.11891851485172644
1794,18.331569304111685,-0.11430589276325986
1795,18.336570030161905,-0.10978763273985946
1796,18.341466186251907,-0.10536383648728051
1797,18.346257742278258,-0.10103460357074759
1798,18.350944668789143,-0.09680003141306275
1799,18.355526936984337,-0.09266021529275428
1800,18.360004518715122,-0.08861524834226882
1801,18.364377386484204,-0.0846652215462046
1802,18.368645513445678,-0.08081022373958645
1803,18.37280887340494,-0.07705034160618336
1804,18.37686744081863,-0.07338565967686737
1805,18.380821190794602,-0.06981626032801408
1806,18.384670099091817,-0.06634222377994654
1807,18.38841414212032,-0.06296362809541918
1808,18.39205329694119,-0.05968054917814484
1809,18.395587541266437,-0.05649306077136355
1810,18.399016853459024,-0.0534012344564527
1811,18.40234121253275,-0.05040513965157985
1812,18.40556059815225,-0.04750484361039678
1813,18.4086749906329,-0.04470041142077641
1814,18.411684370940826,-0.04199190600359002
1815,18.414588720692812,-0.03937938811152829
1816,18.417388022156263,-0.03686291632796333
1817,18.42008225824921,-0.03444254706585179
1818,18.422671412540193,-0.032118334566682116
1819,18.425155469248296,-0.029890330899461106
1820,18.427534413243045,-0.027758585959744904
1821,18.429808230044433,-0.025723147468709476
1822,18.43197690582283,-0.023784060972265455
1823,18.434040427398983,-0.02194136984021287
1824,18.43599878224397,-0.020195115265438723
1825,18.437851958479186,-0.01854533626315681
1826,18.43959994487628,-0.016992069670188743
1827,18.441242730857166,-0.015535350144287398
1828,18.442780306493972,-0.01417521016350143
1829,18.44421266250901,-0.012911680025583811
1830,18.445539790274772,-0.011744787847439266
1831,18.44676168181389,-0.010674559564616357
1832,18.447878329799128,-0.009701018930839713
1833,18.44888972755334,-0.008824187517585144
1834,18.449795869049485,-0.008044084713695984
1835,18.450596748910574,-0.0073607277250423
1836,18.451292362409667,-0.006774131574220821
1837,18.451882705469888,-0.0062843091002971465
1838,18.452367774664346,-0.005891270958591344
1839,18.452747567216186,-0.0055950256205026345
1840,18.453022080998522,-0.005395579373378872
1841,18.4531913145345,-0.005292936320425155
1842,18.4532552669972,-0.005287098380657322
1843,18.453213938209704,-0.005378065288894465
1844,18.453067328645048,-0.005565834595795508
1845,18.452815439426228,-0.005850401667936305
1846,18.452458272326208,-0.006231759687929269
1847,18.45199582976788,-0.006709899654584909
1848,18.45142811482414,-0.007284810383114541
1849,18.450755131217793,-0.007956478505375989
1850,18.449976883321614,-0.008724888470160591
1851,18.449093376158338,-0.00959002254352144
1852,18.44810461540067,-0.010551860809144496
1853,18.44701060737127,-0.01161038116876132
1854,18.445811359042782,-0.012765559342602883
1855,18.44450687803784,-0.014017368869896438
1856,18.443097172629056,-0.015365781109403336
1857,18.441582251739057,-0.016810765239999085
1858,18.439962124940486,-0.01835228826129483
1859,18.438236802456014,-0.019990314994301314
1860,18.436406295158342,-0.021724808082134364
1861,18.434470614570262,-0.02355572799076167
1862,18.432429772864612,-0.025483033009792218
1863,18.430283782864347,-0.027506679253307163
1864,18.42803265804252,-0.029626620660732374
1865,18.425676412522357,-0.03184280899775261
1866,18.423215061077197,-0.034155193857268853
1867,18.42064861913061,-0.036563722660394676
1868,18.417977102756343,-0.03906834065749769
1869,18.415200528678405,-0.04166899092928012
1870,18.412318914271058,-0.044365614387902555
1871,18.40933227755886,-0.04715814977814904
1872,18.406240637216705,-0.050046533678634014
1873,18.40304401256984,-0.053030700503050636
1874,18.39974242359391,-0.056110582501461434
1875,18.396335890914994,-0.059286109761630144
1876,18.39282443580964,-0.0625572102103959
1877,18.389208080204888,-0.06592380961508845
1878,18.385486846678344,-0.06938583158498554
1879,18.38166075845818,-0.07294319757281183
1880,18.37772983942322,-0.07659582687627954
1881,18.37369411410296,-0.08034363663967047
1882,18.369553607677616,-0.0841865418554605
1883,18.365308345978168,-0.08812445536598527
1884,18.360958355486417,-0.09215728786514707
1885,18.356503663335044,-0.09628494790016412
1886,18.35194429730765,-0.10050734187336087
1887,18.347280285838803,-0.10482437404400105
1888,18.342511658014125,-0.10923594653016057
1889,18.337638443570306,-0.11374195931064389
1890,18.3326606728952,-0.11834231022694039
1891,18.327578377027873,-0.12303689498522376
1892,18.322391587658664,-0.12782560715839164
1893,18.317100337129247,-0.132708338188148
1894,18.3117046584327,-0.1376849773871266
1895,18.306204585213568,-0.14275541194105554
1896,18.300600151767963,-0.14791952691096402
1897,18.294891393043578,-0.1531772052354307
1898,18.289078344639826,-0.15852832773287273
1899,18.283161042807848,-0.16397277310387753
1900,18.277139524450646,-0.16951041793357488
1901,18.27101382712314,-0.17514113669405118
1902,18.26478398903225,-0.18086480174680497
1903,18.25845004903697,-0.18668128334524425
1904,18.252012046648467,-0.19259044963722452
1905,18.24547002203016,-0.19859216666762916
1906,18.23882401599782,-0.2046862983809905
1907,18.232074070019642,-0.21087270662415272
1908,18.225220226216344,-0.21715125114897602
1909,18.218262527361276,-0.22352178961508215
1910,18.211201016880512,-0.22998417759264117
1911,18.204035738852927,-0.23653826856520027
1912,18.196766738010332,-0.2431839139325528
1913,18.189394059737566,-0.24992096301364922
1914,18.181917750072582,-0.2567492630495503
1915,18.17433785570658,-0.2636686592064199
1916,18.1666544239841,-0.2706789945785599
1917,18.158867502903167,-0.27778011019148596
1918,18.15097714111537,-0.2849718450050462
1919,18.142983387925984,-0.2922540359165787
1920,18.134886293294123,-0.2996265177641115
1921,18.126685907832815,-0.3070891233296041
1922,18.11838228280917,-0.31464168334222925
1923,18.109975470144477,-0.32228402648169663
1924,18.10146552241435,-0.33001597938161736
1925,18.092852492848863,-0.33783736663290964
1926,18.08413643533267,-0.3457480107872455
1927,18.075317404405176,-0.35374773236053864
1928,18.066395455260615,-0.361836349836474
1929,18.05737064374828,-0.370013679670077
1930,18.048243026372575,-0.37827953629132544
1931,18.039012660293267,-0.3866337321088003
1932,18.029679603325537,-0.3950760775133808
1933,18.020243913940217,-0.40360638088197637
1934,18.010705651263887,-0.41222444858130347
1935,18.00106487507907,-0.42093008497170087
1936,17.991321645824403,-0.4297230924109854
1937,17.98147602459477,-0.4386032712583522
1938,17.971528073141506,-0.4475704198783111
1939,17.961477853872548,-0.4566243346446674
1940,17.951325429852638,-0.4657648099445416
1941,17.941070864803464,-0.4749916381824308
1942,17.930714223103895,-0.4843046097843103
1943,17.920255569790108,-0.49370351320177686
1944,17.90969497055583,-0.5031881349162317
1945,17.8990324917525,-0.5127582594431044
1946,17.888268200389483,-0.5224136693361178
1947,17.877402164134274,-0.5321541451915937
1948,17.866434451312696,-0.5419794656527982
1949,17.855365130909085,-0.5518894074143293
1950,17.844194272566547,-0.5618837452265434
1951,17.83292194658715,-0.5719622519000231
1952,17.821548223932137,-0.582124698310086
1953,17.81007317622216,-0.5923708534013323
1954,17.798496875737516,-0.6027004841922357
1955,17.78681939541835,-0.6131133557797713
1956,17.775040808864947,-0.6236092313440867
1957,17.763161190337897,-0.6341878721532122
1958,17.751180614758404,-0.644849037567811
1959,17.739099157708498,-0.6555924850459709
1960,17.72691689543131,-0.6664179701480354
1961,17.714633904831313,-0.6773252465414751
1962,17.702250263474596,-0.6883140660057994
1963,17.689766049589124,-0.6993841784375087
1964,17.677181342065,-0.7105353318550862
1965,17.66449622045479,-0.72176727240403
1966,17.651710764973725,-0.7330797443619259
1967,17.638825056500067,-0.7444724901435585
1968,17.62583917657534,-0.7559452503060649
1969,17.61275320740465,-0.7674977635541256
1970,17.59956723185701,-0.7791297667451976
1971,17.586281333465593,-0.7908409948947861
1972,17.57289559642809,-0.8026311811817559
1973,17.559410105607,-0.8145000569536839
1974,17.54582494652999,-0.8264473517322498
1975,17.532140205390164,-0.8384727932186679
1976,17.518355969046453,-0.8505761072991572
1977,17.50447232502392,-0.8627570180504528
1978,17.490489361514122,-0.8750152477453558
1979,17.476407167375445,-0.8873505168583214
1980,17.4622258321335,-0.8997625440710908
1981,17.447945445981436,-0.9122510462783578
1982,17.433566099780343,-0.9248157385934778
1983,17.41908788505962,-0.937456334354214
1984,17.404510894017363,-0.9501725451285267
1985,17.389835219520737,-0.9629640807203963
1986,17.375060955106377,-0.9758306491756914
1987,17.360188194980807,-0.9887719567880716
1988,17.34521703402085,-1.0017877081049316
1989,17.330147567774,-1.014877605933384
1990,17.314979892458908,-1.028041351346281
1991,17.29971410496577,-1.0412786436882766
1992,17.28435030285677,-1.0545891805819232
1993,17.268888584366554,-1.0679726579338138
1994,17.253329048402637,-1.0814287699407568
1995,17.2376717945459,-1.0949572090959943
1996,17.221916923051054,-1.108557666195455
1997,17.206064534847084,-1.122229830344051
1998,17.190114731537765,-1.1359733889620058
1999,17.174067615402155,-1.1497880277912296
2000,17.157923289395086,-1.1636734309017254
2001,17.141681857147656,-1.1776292806980386
2002,17.125343422967784,-1.191655257925743
2003,17.108908091840707,-1.205751041677964
2004,17.09237596942951,-1.2199163094019445
2005,17.07574716207571,-1.234150736905642
2006,17.059021776799757,-1.248453998364371
2007,17.04219992130164,-1.2628257663274787
2008,17.02528170396143,-1.2772657117250616
2009,17.00826723383987,-1.2917735038747162
2010,16.99115662067898,-1.306348810488333
2011,16.973949974902634,-1.3209912976789244
2012,16.956647407617197,-1.3357006299674907
2013,16.93924903061211,-1.3504764702899263
2014,16.92175495636057,-1.3653184800039595
2015,16.90416529802012,-1.3802263188961341
2016,16.886480169433344,-1.3951996451888262
2017,16.868699685128508,-1.4102381155472972
2018,16.850823960320255,-1.4253413850867875
2019,16.83285311091026,-1.4405091073796445
2020,16.814787253487953,-1.4557409344624899
2021,16.796626505331226,-1.4710365168434223
2022,16.778370984407136,-1.4863955035092578
2023,16.76002080937267,-1.501817541932808
2024,16.74157609957545,-1.517302278080194
2025,16.723036975054534,-1.5328493564181973
2026,16.70440355654115,-1.5484584199216485
2027,16.68567596545949,-1.564129110080851
2028,16.66685432392752,-1.5798610669090432
2029,16.647938754757792,-1.595653928949894
2030,16.628929381458224,-1.611507333285041
2031,16.60982632823299,-1.6274209155416548
2032,16.590629719983337,-1.6433943099000516
2033,16.571339682308487,-1.6594271491013322
2034,16.551956341506457,-1.675519064455061
2035,16.532479824575006,-1.691669685846984
2036,16.51291025921252,-1.7078786417467753
2037,16.49324777381895,-1.7241455592158266
2038,16.473492497496725,-1.7404700639150676
2039,16.453644560051735,-1.756851780112824
2040,16.433704091994297,-1.7732903306927124
2041,16.413671224540135,-1.7897853371615666
2042,16.393546089611366,-1.8063364196574057
2043,16.37332881983757,-1.8229431969574275
2044,16.353019548556777,-1.8396052864860475
2045,16.332618409816543,-1.8563223043229675
2046,16.312125538375035,-1.8730938652112796
2047,16.29154106970209,-1.8899195825656054
2048,16.27086513998036,-1.9067990684802696
2049,16.2500978861064,-1.9237319337375105
2050,16.229239445691835,-1.9407177878157207
2051,16.208289957064544,-1.9577562388977268
2052,16.1872495592698,-1.9748468938791004
2053,16.166118392071517,-1.9919893583765047
2054,16.14489659595343,-2.0091832367360736
2055,16.12358431212038,-2.0264281320418283
2056,16.102181682499566,-2.0437236461241226
2057,16.080688849741815,-2.061069379568128
2058,16.05910595722292,-2.0784649317223463
2059,16.03743314904493,-2.0959099007071615
2060,16.015670570037546,-2.1134038834234192
2061,15.993818365759477,-2.1309464755610468
2062,15.971876682499817,-2.1485372716076983
2063,15.949845667279499,-2.1661758648574394
2064,15.927725467852712,-2.183861847419462
2065,15.90551623270841,-2.2015948102268315
2066,15.88321811107175,-2.2193743430452693
2067,15.860831252905657,-2.2372000344819627
2068,15.838355808912342,-2.2550714719944156
2069,15.815791930534894,-2.2729882418993235
2070,15.793139769958854,-2.290949929381484
2071,15.770399480113847,-2.3089561185027407
2072,15.747571214675249,-2.327006392210956
2073,15.72465512806583,-2.3451003323490194
2074,15.701651375457496,-2.3632375196638846
2075,15.67856011277299,-2.3814175338156396
2076,15.655381496687706,-2.3996399533866057
2077,15.632115684631442,-2.4179043558904727
2078,15.608762834790218,-2.436210317781461
2079,15.585323106108163,-2.454557414463518
2080,15.561796658289383,-2.47294522029954
2081,15.538183651799896,-2.4913733086206316
2082,15.514484247869548,-2.5098412517353905
2083,15.490698608494045,-2.5283486209392283
2084,15.466826896436933,-2.5468949865237134
2085,15.442869275231642,-2.565479917785952
2086,15.418825909183631,-2.5841029830379965
2087,15.394696963372432,-2.60276374961628
2088,15.370482603653858,-2.621461783891087
2089,15.346182996662193,-2.64019665127605
2090,15.321798309812412,-2.6589679162376743
2091,15.297328711302436,-2.6777751423048963
2092,15.272774370115483,-2.6966178920786654
2093,15.248135456022366,-2.715495727241562
2094,15.22341213958391,-2.734408208567437
2095,15.198604592153375,-2.7533548959310843
2096,15.173712985878918,-2.7723353483179425
2097,15.148737493706117,-2.791349123833819
2098,15.123678289380498,-2.810395779714652
2099,15.098535547450165,-2.8294748723362906
2100,15.073309443268425,-2.848585957224309
2101,15.048000152996476,-2.867728589063846
2102,15.02260785360615,-2.8869023217094747
2103,14.99713272288268,-2.906106708195094
2104,14.971574939427526,-2.925341300743854
2105,14.945934682661271,-2.944605650778102
2106,14.920212132826517,-2.963899308929363
2107,14.894407470990908,-2.9832218250483384
2108,14.868520879050099,-3.002572748214935
2109,14.842552539730876,-3.021951626748325
2110,14.816502636594281,-3.041358008217022
2111,14.790371354038788,-3.060791439448994
2112,14.764158877303558,-3.0802514665417924
2113,14.737865392471715,-3.0997376348727137
2114,14.711491086473734,-3.1192494891089835
2115,14.685036147090827,-3.1387865732179647
2116,14.658500762958425,-3.1583484304773943
2117,14.63188512356971,-3.1779346034856433
2118,14.605189419279215,-3.197544634171996
2119,14.578413841306466,-3.217178063806967
2120,14.5515585817397,-3.2368344330126275
2121,14.524623833539678,-3.2565132817729654
2122,14.49760979054351,-3.276214149444266
2123,14.47051664746858,-3.295936574765516
2124,14.443344599916525,-3.315680095868834
2125,14.41609384437731,-3.3354442502899198
2126,14.388764578233344,-3.3552285749785304
2127,14.361356999763677,-3.3750326063089773
2128,14.33387130814828,-3.3948558800906454
2129,14.306307703472383,-3.4146979315785413
2130,14.27866638673092,-3.434558295483852
2131,14.25094755983301,-3.4544365059845354
2132,14.223151425606563,-3.47433209673593
2133,14.195278187802911,-3.4942446008813857
2134,14.1673280511016,-3.5141735510629135
2135,14.139301221115181,-3.5341184794318643
2136,14.111197904394126,-3.55407891765962
2137,14.083018308431878,-3.5740543969483065
2138,14.054762641669864,-3.5940444480415397
2139,14.026431113502765,-3.6140486012351714
2140,13.998023934283731,-3.634066386388072
2141,13.969541315329758,-3.6540973329329254
2142,13.940983468927172,-3.6741409698870484
2143,13.912350608337194,-3.6941968258632216
2144,13.88364294780157,-3.71426442908055
2145,13.85486070254837,-3.7343433073753345
2146,13.826004088797834,-3.7544329882119682
2147,13.797073323768354,-3.774532998693843
2148,13.768068625682545,-3.7946428655742865
2149,13.738990213773443,-3.814762115267506
2150,13.70983830829082,-3.8348902738595587
2151,13.680613130507563,-3.8550268671193315
2152,13.651314902726241,-3.8751714205095458
2153,13.621943848285735,-3.8953234591977774
2154,13.592500191568018,-3.9154825080674893
2155,13.562984158005053,-3.9356480917290857
2156,13.533395974085792,-3.955819734530983
2157,13.503735867363345,-3.9759969605706953
2158,13.47400406646225,-3.996179293705929
2159,13.4442008010859,-4.016366257565713
2160,13.414326302024053,-4.036557375561519
2161,13.384380801160544,-4.0567521708984176
2162,13.35436453148111,-4.076950166586241
2163,13.324277727081359,-4.097150885450755
2164,13.294120623174877,-4.11735385014486
2165,13.263893456101517,-4.137558583159791
2166,13.2335964633358,-4.157764606836347
2167,13.203229883495498,-4.177971443376112
2168,13.172793956350372,-4.198178614852721
2169,13.142288922831051,-4.218385643223108
2170,13.111715025038128,-4.238592050338786
2171,13.081072506251363,-4.2587973579571345
2172,13.050361610939108,-4.279001087752699
2173,13.019582584767857,-4.299202761328504
2174,12.988735674612062,-4.319401900227375
2175,12.957821128564,-4.339598025943278
2176,12.926839195943963,-4.359790659932665
2177,12.895790127310548,-4.379979323625831
2178,12.864674174471194,-4.400163538438287
2179,12.833491590492871,-4.420342825782138
2180,12.80224262971301,-4.440516707077477
2181,12.77092754775062,-4.460684703763779
2182,12.739546601517636,-4.480846337311319
2183,12.708100049230442,-4.501001129232589
2184,12.676588150421676,-4.521148601093723
2185,12.645011165952194,-4.541288274525947
2186,12.613369358023307,-4.561419671237013
2187,12.581662990189244,-4.581542313022667
2188,12.54989232736984,-4.601655721778101
2189,12.518057635863482,-4.621759419509435
2190,12.486159183360297,-4.64185292834519
2191,12.454197238955613,-4.661935770547778
2192,12.422172073163654,-4.682007468524995
2193,12.39008395793149,-4.702067544841521
2194,12.357933166653309,-4.722115522230427
2195,12.325719974184937,-4.74215092360469
2196,12.293444656858622,-4.76217327206871
2197,12.261107492498134,-4.7821820909298385
2198,12.228708760434152,-4.802176903709899
2199,12.196248741519963,-4.822157234156738
2200,12.163727718147427,-4.84212260625575
2201,12.131145974263335,-4.862072544241431
2202,12.098503795385989,-4.882006572608922
2203,12.065801468622215,-4.901924216125564
2204,12.033039282684623,-4.921824999842453
2205,12.000217527909266,-4.941708449106
2206,11.967336496273614,-4.961574089569491
2207,11.934396481414938,-4.981421447204656
2208,11.90139777864898,-5.001250048313229
2209,11.868340684989091,-5.021059419538525
2210,11.83522549916565,-5.040849087877008
2211,11.802052521645981,-5.060618580689859
2212,11.768822054654585,-5.080367425714556
2213,11.735534402193808,-5.100095151076448
2214,11.702189870064943,-5.119801285300323
2215,11.668788765889774,-5.139485357321988
2216,11.635331399132463,-5.159146896499849
2217,11.601818081122026,-5.178785432626473
2218,11.568249125075118,-5.1984004959401755
2219,11.534624846119415,-5.217991617136581
2220,11.500945561317385,-5.2375583273802055
2221,11.46721158969058,-5.2571001583160175
2222,11.433423252244449,-5.276616642081012
2223,11.399580871993594,-5.296107311315772
2224,11.365684773987631,-5.315571699176034
2225,11.331735285337516,-5.335009339344246
2226,11.297732735242489,-5.354419766041127
2227,11.263677455017493,-5.373802514037216
2228,11.229569778121242,-5.393157118664428
2229,11.195410040184814,-5.41248311582759
2230,11.161198579040896,-5.431780042015991
2231,11.126935734753607,-5.451047434314914
2232,11.092621849648939,-5.4702848304171585
2233,11.058257268345887,-5.489491768634581
2234,11.023842337788203,-5.508667787909605
2235,10.989377407276793,-5.527812427826734
2236,10.954862828502893,-5.546925228624059
2237,10.920298955581838,-5.56600573120476
2238,10.885686145087636,-5.585053477148601
2239,10.851024756088252,-5.604068008723405
2240,10.816315150181643,-5.623048868896545
2241,10.781557691532532,-5.641995601346402
2242,10.746752746910088,-5.660907750473837
2243,10.711900685726256,-5.679784861413631
2244,10.677001880075082,-5.698626480045935
2245,10.642056704772745,-5.717432153007707
2246,10.607065537398556,-5.736201427704127
2247,10.572028758336806,-5.754933852320015
2248,10.536946750819546,-5.7736289758312385
2249,10.501819900970279,-5.792286348016097
2250,10.466648597848662,-5.810905519466708
2251,10.431433233496096,-5.829486041600378
2252,10.396174202982438,-5.848027466670959
2253,10.360871904453672,-5.866529347780189
2254,10.325526739180598,-5.8849912388890395
2255,10.290139111608719,-5.903412694829021
2256,10.254709429409143,-5.921793271313501
2257,10.219238103530651,-5.940132524948993
2258,10.183725548252934,-5.958430013246437
2259,10.148172181240994,-5.976685294632471
2260,10.112578423600823,-5.9948979284606745
2261,10.076944699936279,-6.0130674750228135
2262,10.041271438407282,-6.031193495560054
2263,10.005559070789285,-6.049275552274178
2264,9.969808032534171,-6.0673132083387635
2265,9.934018762832446,-6.085306027910365
2266,9.898191704676911,-6.103253576139671
2267,9.862327304927746,-6.121155419182639
2268,9.826426014379148,-6.139011124211629
2269,9.790488287827412,-6.1568202594265005
2270,9.754514584140672,-6.174582394065704
2271,9.718505366330156,-6.192297098417349
2272,9.68246110162319,-6.209963943830256
2273,9.646382261537791,-6.227582502724994
2274,9.610269321959077,-6.2451523486048846
2275,9.57412276321743,-6.2626730560669985
2276,9.537943070168465,-6.2801442008131305
2277,9.501730732274895,-6.297565359660753
2278,9.465486243690306,-6.314936110553944
2279,9.429210103344904,-6.332256032574305
2280,9.392902815033308,-6.3495247059518425
2281,9.356564887504366,-6.366741712075843
2282,9.32019683455316,-6.383906633505719
2283,9.283799175115142,-6.401019053981826
2284,9.247372433362568,-6.418078558436272
2285,9.210917138803174,-6.435084733003693
2286,9.174433826381257,-6.452037165032001
2287,9.137923036581162,-6.468935443093126
2288,9.101385315533285,-6.485779156993712
2289,9.064821215122555,-6.502567897785807
2290,9.028231293099628,-6.519301257777516
2291,8.991616113194718,-6.535978830543637
2292,8.954976245234201,-6.5526002109362596
2293,8.918312265260074,-6.569164995095358
2294,8.881624755652293,-6.585672780459336
2295,8.84491430525411,-6.60212316577556
2296,8.808181509500526,-6.618515751110856
2297,8.771426970549815,-6.634850137861989
2298,8.734651297418344,-6.651125928766104
2299,8.697855106118686,-6.667342727911153
2300,8.661039019801192,-6.6835001407462755
2301,8.624203668898996,-6.6995977740921635
2302,8.587349691276676,-6.7156352361514005
2303,8.550477732382586,-6.731612136518755
2304,8.513588445404999,-6.747528086191458
2305,8.476682491432141,-6.763382697579456
2306,8.439760539616222,-6.779175584515612
2307,8.402823267341603,-6.794906362265889
2308,8.365871360397156,-6.810574647539518
2309,8.328905513153016,-6.826180058499095
2310,8.291926428741705,-6.84172221477069
2311,8.254934819243944,-6.85720073745389
2312,8.217931405879092,-6.872615249131835
2313,8.180916919200435,-6.887965373881202
2314,8.14389209929545,-6.903250737282165
2315,8.106857695991163,-6.918470966428325
2316,8.069814469064738,-6.933625689936598
2317,8.032763188459475,-6.948714537957073
2318,7.995704634506297,-6.963737142182839
2319,7.958639598150948,-6.978693135859765
2320,7.921568881187011,-6.993582153796262
2321,7.88449329649494,-7.008403832373006
2322,7.847413668287176,-7.023157809552603
2323,7.810330832359708,-7.037843724889249
2324,7.773245636350035,-7.0524612195383405
2325,7.736158940001845,-7.067009936266045
2326,7.699071615436514,-7.08148951945883
2327,7.661984547431707,-7.095899615132978
2328,7.624898633707145,-7.1102398709440315
2329,7.587814785217854,-7.124509936196229
2330,7.550733926454992,-7.138709461851883
2331,7.513656995754557,-7.152838100540728
2332,7.476584945614151,-7.166895506569225
2333,7.439518743017917,-7.180881335929836
2334,7.402459369770085,-7.194795246310249
2335,7.365407822837139,-7.20863689710256
2336,7.328365114698971,-7.2224059494124315
2337,7.291332273709202,-7.236102066068197
2338,7.254310344464938,-7.249724911629918
2339,7.217300388186194,-7.263274152398421
2340,7.18030348310525,-7.276749456424278
2341,7.143320724866203,-7.290150493516741
2342,7.106353226934959,-7.303476935252655
2343,7.069402121019983,-7.3167284549853004
2344,7.032468557504024,-7.329904727853213
2345,6.99555370588713,-7.34300543078896
2346,6.958658755241263,-7.356030242527857
2347,6.921784914676757,-7.36897884361666
2348,6.884933413820968,-7.381850916422205
2349,6.848105503309348,-7.394646145139991
2350,6.811302455289376,-7.4073642158027475
2351,6.774525563937511,-7.420004816288923
2352,6.737776145989602,-7.432567636331162
2353,6.7010555412850366,-7.445052367524704
2354,6.664365113324894,-7.457458703335762
2355,6.627706249844586,-7.469786339109834
2356,6.59108036340116,-7.482034972079993
2357,6.554488891975689,-7.494204301375102
2358,6.517933299591096,-7.506294028028004
2359,6.4814150769456615,-7.518303854983652
2360,6.444935742062712,-7.530233487107197
2361,6.408496840956674,-7.542082631192025
2362,6.372099948315985,-7.553850995967747
2363,6.335746668203075,-7.565538292108139
2364,6.299438634771846,-7.577144232239042
2365,6.263177513003015,-7.58866853094619
2366,6.226964999457505,-7.600110904783025
2367,6.190802823048445,-7.611471072278413
2368,6.154692745831925,-7.622748753944368
2369,6.118636563816916,-7.633943672283669
2370,6.082636107794616,-7.645055551797472
2371,6.0466932441875745,-7.656084118992841
2372,6.010809875918908,-7.667029102390245
2373,5.974987943301762,-7.677890232530987
2374,5.939229424949452,-7.688667241984609
2375,5.903536338706365,-7.699359865356205
2376,5.867910742599997,-7.709967839293729
2377,5.832354735814202,-7.720490902495201
2378,5.7968704596839284,-7.730928795715902
2379,5.761460098711501,-7.7412812617754945
2380,5.726125881604673,-7.7515480455650865
2381,5.690870082336413,-7.7617288940542615
2382,5.655695021226568,-7.771823556298029
2383,5.6206030660453346,-7.781831783443745
2384,5.585596633138536,-7.79175332873796
2385,5.550678188574584,-7.801587947533224
2386,5.515850249312979,-7.811335397294827
2387,5.481115384394117,-7.820995437607498
2388,5.446476216150125,-7.8305678301820265
2389,5.411935421436392,-7.840052338861859
2390,5.377495732883317,-7.849448729629601
2391,5.34315994016775,-7.858756770613507
2392,5.308930891303541,-7.867976232093869
2393,5.274811493950462,-7.8771068865093925
2394,5.240804716740597,-7.886148508463474
2395,5.206913590621445,-7.8951008747304545
2396,5.173141210214353,-7.903963764261792
2397,5.139490735187385,-7.912736958192193
2398,5.105965391641037,-7.9214202398456806
2399,5.0725684735053775,-7.930013394741595
2400,5.039303343946901,-7.938516210600553
2401,5.006173436783195,-7.946928477350334
2402,4.9731822579034555,-7.955249987131721
2403,4.940333386692432,-7.963480534304265
2404,4.907630477455425,-7.971619915452002
2405,4.875077260841584,-7.979667929389117
2406,4.842677545262527,-7.987624377165531
2407,4.810435218303078,-7.995489062072443
2408,4.778354248120561,-8.003261789647796
2409,4.746438684828935,-8.01094236768171
2410,4.714692661863594,-8.018530606221821
2411,4.683120397322451,-8.026026317578577
2412,4.651726195278499,-8.033429316330484
2413,4.620514447058787,-8.040739419329269
2414,4.589489632484255,-8.047956445704985
2415,4.558656321064603,-8.055080216871076
2416,4.52801917314188,-8.062110556529356
2417,4.497582940976109,-8.069047290674927
2418,4.467352469765855,-8.075890247601064
2419,4.4373326985960775,-8.082639257903992
2420,4.40752866130538,-8.089294154487646
2421,4.377945487264056,-8.09585477256833
2422,4.348588402053984,-8.102320949679346
2423,4.319462728040986,-8.108692525675535
2424,4.290573884829657,-8.114969342737762
2425,4.261927389590307,-8.12115124537735
2426,4.233528857247029,-8.127238080440433
2427,4.205384000515626,-8.13322969711225
2428,4.177498629779438,-8.139125946921393
2429,4.149878652790813,-8.144926683743947
2430,4.122530074185464,-8.150631763807631
2431,4.0954589947965445,-8.156241045695802
2432,4.0686716107549294,-8.161754390351462
2433,4.042174212361715,-8.16717166108114
2434,4.015973182718815,-8.172492723558767
2435,3.9900749961032034,-8.177717445829424
2436,3.964486216070122,-8.182845698313095
2437,3.9392134932704614,-8.187877353808284
2438,3.914263562967565,-8.192812287495617
2439,3.8896432422386256,-8.197650376941363
2440,3.865359426846028,-8.202391502100875
2441,3.8414190877642884,-8.20703554532199
2442,3.817829267348484,-8.211582391348347
2443,3.7945970751306826,-8.216031927322641
2444,3.7717296832313845,-8.220384042789808
2445,3.7492343213739083,-8.224638629700163
2446,3.727118271490441,-8.228795582412436
2447,3.70538886190968,-8.23285479769678
2448,3.6840534611171836,-8.236816174737676
2449,3.663119471081119,-8.240679615136807
2450,3.642594320137665,-8.244445022915839
2451,3.6224854554321215,-8.24811230451914
2452,3.60280033491404,-8.251681368816437
2453,3.5835464188866193,-8.255152127105402
2454,3.5647311611133206,-8.258524493114182
2455,3.5463619994871345,-8.261798383003834
2456,3.528446346270776,-8.264973715370724
2457,3.510991577919151,-8.268050411248836
2458,3.494005024498389,-8.271028394112026
2459,3.477493958719364,-8.273907589876204
2460,3.461465584606666,-8.276687926901435
2461,3.4459270258277908,-8.279369335994007
2462,3.430885313710813,-8.281951750408384
2463,3.4163473749823594,-8.28443510584913
2464,3.4023200192614564,-8.286819340472746
2465,3.3888099263483262,-8.289104394889439
2466,3.375823633350835,-8.291290212164824
2467,3.363367521694514,-8.293376737821568
2468,3.3514478040655304,-8.295363919840948
2469,3.3400705113387574,-8.29725170866435
2470,3.329241479546066,-8.2990400571947
2471,3.318966336942178,-8.30072892079782
2472,3.3092504912276888,-8.30231825730373
2473,3.3000991169903497,-8.303808027007852
2474,3.2915171434270567,-8.30519819267218
2475,3.2835092424095844,-8.306488719526353
2476,3.276079816957431,-8.307679575268683
2477,3.269232990180642,-8.308770730067081
2478,3.262972594754692,-8.30976215655996
2479,3.2573021629878305,-8.310653829857014
2480,3.252224917539353,-8.311445727539983
2481,3.2477437628443564,-8.312137829663296
2482,3.2438612772974444,-8.3127301187547
2483,3.2405797062438513,-8.313222579815767
2484,3.2379009558221,-8.313615200322364
2485,3.2358265876974794,-8.31390797022505
2486,3.234357814720298,-8.314100881949381
2487,3.2334954975370813,-8.314193930396188
2488,3.233240142176927,-8.314187112941742
2489,3.233591898628905,-8.314080429437873
2490,3.2345505604199007,-8.313873882212013
2491,3.236115565195639,-8.313567476067183
2492,3.2382859963011343,-8.313161218281882
2493,3.2410605853500347,-8.31265511860993
2494,3.2444377157660775,-8.312049189280245
2495,3.2484154272733825,-8.311343444996519
2496,3.252991421306538,-8.310537902936872
2497,3.25816306730558,-8.309632582753391
2498,3.263927409855864,-8.308627506571622
2499,3.270281176627962,-8.307522698989999
2500,3.277220787068373,-8.306318187079189
2501,3.284742361788172,-8.305014000381373
2502,3.2928417325934762,-8.303610170909455
2503,3.301514453098891,-8.30210673314621
2504,3.3107558098633154,-8.300503724043361
2505,3.320560833985727,-8.298801183020565
2506,3.330924313098149,-8.296999151964371
2507,3.3418408036922536,-8.295097675227067
2508,3.353304643716724,-8.293096799625488
2509,3.3653099653831817,-8.290996574439744
2510,3.3778507081195928,-8.288797051411862
2511,3.3909206316120937,-8.286498284744399
2512,3.40451332887808,-8.284100331098948
2513,3.4186222393159778,-8.281603249594589
2514,3.4332406616798608,-8.279007101806284
2515,3.448361766930258,-8.276311951763176
2516,3.463978610915498,-8.27351786594684
2517,3.4800841468416492,-8.270624913289469
2518,3.4966712374924094,-8.26763316517197
2519,3.513732667164055,-8.264542695422001
2520,3.5312611532841083,-8.261353580311965
2521,3.5492493576861133,-8.258065898556882
2522,3.5676898975162503,-8.254679731312248
2523,3.5865753557514166,-8.25119516217179
2524,3.6058982913113735,-8.247612277165162
2525,3.6256512487511903,-8.243931164755589
2526,3.645826767523063,-8.240151915837414
2527,3.6664173907998077,-8.236274623733603
2528,3.6874156738548534,-8.232299384193166
2529,3.708814191996416,-8.228226295388518
2530,3.730605548055694,-8.224055457912776
2531,3.7527823794313737,-8.219786974776968
2532,3.7753373646945274,-8.215420951407213
2533,3.798263229759987,-8.210957495641788
2534,3.821552753631718,-8.206396717728165
2535,3.845198773731328,-8.201738730319963
2536,3.869194190819983,-8.196983648473834
2537,3.893531973525063,-8.192131589646285
2538,3.918205162483881,-8.187182673690439
2539,3.9432068741175077,-8.182137022852714
2540,3.9685303040483,-8.176994761769462
2541,3.9941687301752338,-8.1717560174635
2542,4.020115515421571,-8.166420919340622
2543,4.046364110169383,-8.160989599186014
2544,4.072908054395904,-8.15546219116061
2545,4.099740979526368,-8.149838831797396
2546,4.126856610018166,-8.144119659997614
2547,4.154248764690972,-8.138304817026947
2548,4.181911357817164,-8.132394446511604
2549,4.209838399986776,-8.126388694434347
2550,4.2380239987607915,-8.120287709130464
2551,4.266462359126261,-8.11409164128367
2552,4.295147783766363,-8.107800643921935
2553,4.324074673158089,-8.101414872413267
2554,4.35323752550976,-8.094934484461406
2555,4.382630936550205,-8.088359640101485
2556,4.4122495991808615,-8.081690501695586
2557,4.442088303001627,-8.074927233928278
2558,4.472141933720845,-8.06807000380205
2559,4.5024054724592535,-8.061118980632711
2560,4.532873994957191,-8.054074336044707
2561,4.563542670694094,-8.04693624396639
2562,4.594406761928583,-8.039704880625207
2563,4.625461622667095,-8.032380424542845
2564,4.65670269756867,-8.024963056530288
2565,4.688125520792767,-8.017452959682851
2566,4.719725714796907,-8.009850319375106
2567,4.751498989090279,-8.002155323255783
2568,4.783441138949086,-7.994368161242582
2569,4.8155480440991685,-7.986489025516943
2570,4.847815667370863,-7.978518110518748
2571,4.880240053330873,-7.970455612940955
2572,4.912817326895499,-7.962301731724182
2573,4.945543691929286,-7.954056668051215
2574,4.978415429832834,-7.945720625341477
2575,5.01142889812328,-7.937293809245418
2576,5.044580529010529,-7.928776427638851
2577,5.07786682797228,-7.920168690617229
2578,5.11128437233049,-7.91147081048986
2579,5.144829809831655,-7.902683001774067
2580,5.178499857233273,-7.893805481189284
2581,5.2122912988984424,-7.8848384676510905
2582,5.246200985400428,-7.87578218226519
2583,5.280225832138903,-7.86663684832134
2584,5.31436281796935,-7.857402691287206
2585,5.34860898384693,-7.848079938802161
2586,5.38296143148605,-7.83866882067104
2587,5.417417322036647,-7.829169568857827
2588,5.451973874778187,-7.819582417479274
2589,5.486628365832104,-7.809907602798492
2590,5.521378126893468,-7.800145363218445
2591,5.55622054398242,-7.79029593927543
2592,5.591153056215932,-7.780359573632467
2593,5.626173154600287,-7.770336511072644
2594,5.661278380844667,-7.760226998492414
2595,5.696466326196067,-7.750031284894826
2596,5.731734630295792,-7.739749621382696
2597,5.767080980057642,-7.729382261151742
2598,5.802503108567911,-7.718929459483647
2599,5.837998794007233,-7.708391473739065
2600,5.8735658585942465,-7.69776856335059
2601,5.909202167551041,-7.687060989815656
2602,5.944905628090289,-7.676269016689382
2603,5.980674188423981,-7.665392909577375
2604,6.016505836793545,-7.654432936128471
2605,6.052398600521213,-7.643389366027422
2606,6.088350545082419,-7.632262470987531
2607,6.124359773199021,-7.621052524743244
2608,6.160424423953021,-7.609759803042671
2609,6.196542671920635,-7.598384583640071
2610,6.232712726326317,-7.586927146288275
2611,6.268932830216532,-7.575387772731067
2612,6.305201259652898,-7.563766746695503
2613,6.3415163229244795,-7.552064353884183
2614,6.37787635977879,-7.54028088196748
2615,6.414279740671227,-7.528416620575709
2616,6.4507248660326955,-7.5164718612912385
2617,6.487210165554893,-7.5044468976405785
2618,6.523734097493068,-7.492342025086389
2619,6.56029514798588,-7.480157541019464
2620,6.596891830391909,-7.467893744750643
2621,6.6335226846426565,-7.455550937502691
2622,6.670186276611496,-7.443129422402132
2623,6.706881197498353,-7.4306295044710104
2624,6.743606063229783,-7.4180514906186374
2625,6.780359513873989,-7.405395689633265
2626,6.817140213070577,-7.392662412173724
2627,6.8539468474746075,-7.379851970761011
2628,6.890778126214683,-7.366964679769831
2629,6.927632780364733,-7.354000855420086
2630,6.964509562429136,-7.340960815768343
2631,7.001407245840894,-7.32784488069921
2632,7.038324624472557,-7.31465337191672
2633,7.075260512159536,-7.301386612935626
2634,7.112213742235563,-7.28804492907268
2635,7.149183167079983,-7.274628647437842
2636,7.186167657676538,-7.261138096925479
2637,7.22316610318341,-7.247573608205488
2638,7.260177410514249,-7.233935513714384
2639,7.297200503929857,-7.2202241476463636
2640,7.334234324640287,-7.206439845944289
2641,7.371277830417097,-7.1925829462906785
2642,7.408329995215501,-7.178653788098594
2643,7.445389808806137,-7.1646527125025505
2644,7.4824562764162525,-7.150580062349339
2645,7.519528418379986,-7.136436182188811
2646,7.556605269797608,-7.122221418264661
2647,7.593685880203407,-7.107936118505111
2648,7.630769313242035,-7.093580632513602
2649,7.667854646353073,-7.0791553115594255
2650,7.704940970463624,-7.06466050856831
2651,7.742027389688697,-7.050096578112978
2652,7.7791130210391755,-7.0354638764036705
2653,7.81619699413724,-7.020762761278608
2654,7.853278450938907,-7.00599359219444
2655,7.89035654546367,-6.991156730216639
2656,7.927430443530877,-6.976252538009873
2657,7.964499322502817,-6.961281379828312
2658,8.00156237103428,-6.9462436215059356
2659,8.038618788828362,-6.931139630446769
2660,8.07566778639842,-6.915969775615111
2661,8.112708584836057,-6.9007344275257
2662,8.149740415584818,-6.885433958233866
2663,8.186762520219622,-6.870068741325633
2664,8.223774150231632,-6.854639151907794
2665,8.260774566818545,-6.839145566597952
2666,8.297763040680064,-6.823588363514517
2667,8.334738851818448,-6.8079679222666805
2668,8.371701289344035,-6.792284623944346
2669,8.408649651285513,-6.776538851108041
2670,8.44558324440497,-6.760730987778778
2671,8.482501384017405,-6.744861419427891
2672,8.519403393814754,-6.7289305329668485
2673,8.556288605694188,-6.712938716737015
2674,8.59315635959066,-6.696886360499404
2675,8.630006003313502,-6.680773855424379
2676,8.666836892387066,-6.664601594081332
2677,8.703648389895182,-6.648369970428338
2678,8.740439866329451,-6.6320793798017705
2679,8.777210699441211,-6.615730218905888
2680,8.813960274097054,-6.599322885802391
2681,8.850687982137869,-6.582857779899956
2682,8.887393222241249,-6.5663353019437345
2683,8.92407539978725,-6.5497558540048235
2684,8.96073392672735,-6.533119839469713
2685,8.997368221456528,-6.516427663029697
2686,9.03397770868844,-6.499679730670266
2687,9.070561819333532,-6.482876449660469
2688,9.107119990380081,-6.466018228542242
2689,9.143651664778048,-6.449105477119731
2690,9.180156291325698,-6.4321386064485555
2691,9.216633324558858,-6.415118028825082
2692,9.25308222464285,-6.398044157775644
2693,9.289502457266885,-6.380917408045753
2694,9.325893493541027,-6.363738195589284
2695,9.362254809895502,-6.346506937557625
2696,9.398585887982387,-6.329224052288818
2697,9.434886214579574,-6.311889959296662
2698,9.471155281496985,-6.294505079259808
2699,9.507392585484967,-6.277069834010816
2700,9.543597628144791,-6.259584646525199
2701,9.5797699158412,-6.242049940910444
2702,9.61590895961704,-6.2244661423950065
2703,9.652014275109762,-6.206833677317285
2704,9.68808538246993,-6.189152973114584
2705,9.724121806281504,-6.171424458312036
2706,9.760123075484017,-6.153648562511528
2707,9.796088723296476,-6.135825716380582
2708,9.832018287143033,-6.117956351641241
2709,9.867911308580268,-6.100040901058915
2710,9.90376733322623,-6.082079798431218
2711,9.939585910690946,-6.064073478576792
2712,9.975366594508602,-6.046022377324093
2713,10.011108942071186,-6.027926931500179
2714,10.046812514563644,-6.009787578919479
2715,10.082476876900467,-5.991604758372523
2716,10.118101597663705,-5.973378909614684
2717,10.153686249042345,-5.955110473354887
2718,10.189230406773042,-5.9367998912443
2719,10.224733650082184,-5.918447605865021
2720,10.260195561629168,-5.9000540607187375
2721,10.295615727451022,-5.88161970021538
2722,10.330993736908157,-5.863144969661751
2723,10.366329182631343,-5.844630315250154
2724,10.401621660469862,-5.826076184046991
2725,10.436870769440771,-5.807483023981359
2726,10.472076111679261,-5.788851283833624
2727,10.507237292390107,-5.770181413224001
2728,10.542353919800172,-5.7514738626010855
2729,10.577425605111946,-5.732729083230411
2730,10.61245196245805,-5.713947527182974
2731,10.647432608856748,-5.695129647323744
2732,10.682367164168431,-5.676275897300177
2733,10.717255251052975,-5.657386731530707
2734,10.752096494928088,-5.638462605193231
2735,10.786890523928433,-5.619503974213578
2736,10.821636968865771,-5.600511295253981
2737,10.856335463189795,-5.581485025701523
2738,10.890985642949913,-5.562425623656587
2739,10.925587146757767,-5.543333547921285
2740,10.96013961575056,-5.524209257987895
2741,10.994642693555175,-5.505053214027272
2742,11.02909602625302,-5.485865876877259
2743,11.063499262345605,-5.466647708031097
2744,11.097852052720876,-5.447399169625814
2745,11.13215405062021,-5.428120724430617
2746,11.166404911606094,-5.408812835835271
2747,11.200604293530517,-5.389475967838483
2748,11.234751856503989,-5.370110585036264
2749,11.268847262865165,-5.350717152610299
2750,11.302890177151172,-5.331296136316302
2751,11.336880266068482,-5.311848002472377
2752,11.370817198464398,-5.29237321794736
2753,11.404700645299142,-5.272872250149172
2754,11.438530279618481,-5.253345567013154
2755,11.472305776526962,-5.23379363699041
2756,11.506026813161617,-5.214216929036141
2757,11.539693068666272,-5.194615912597976
2758,11.573304224166337,-5.1749910576042994
2759,11.606859962744103,-5.155342834452583
2760,11.640359969414586,-5.135671713997706
2761,11.67380393110176,-5.115978167540281
2762,11.70719153661538,-5.096262666814978
2763,11.740522476628168,-5.076525683978839
2764,11.773796443653545,-5.056767691599604
2765,11.807013132023748,-5.036989162644029
2766,11.840172237868375,-5.017190570466209
2767,11.873273459093413,-4.997372388795893
2768,11.906316495360642,-4.977535091726808
2769,11.939301048067417,-4.95767915370498
2770,11.972226820326938,-4.937805049517061
2771,12.005093516948808,-4.917913254278644
2772,12.037900844420049,-4.898004243422602
2773,12.070648510886443,-4.878078492687405
2774,12.103336226134267,-4.858136478105459
2775,12.13596370157237,-4.838178675991436
2776,12.16853065021461,-4.818205562930615
2777,12.2010367866626,-4.798217615767215
2778,12.23348182708887,-4.778215311592749
2779,12.265865489220227,-4.758199127734363
2780,12.29818749232158,-4.738169541743195
2781,12.330447557179955,-4.71812703138273
2782,12.362645406088912,-4.698072074617162
2783,12.394780762833198,-4.678005149599762
2784,12.426853352673714,-4.657926734661247
2785,12.458862902332783,-4.6378373082981685
2786,12.490809139979682,-4.6177373491612865
2787,12.522691795216476,-4.597627336043968
2788,12.554510599064075,-4.577507747870583
2789,12.586265283948604,-4.55737906368491
2790,12.617955583688023,-4.537241762638548
2791,12.649581233478969,-4.5170963239793345
2792,12.681141969883864,-4.4969432270397816
2793,12.712637530818288,-4.476782951225504
2794,12.744067655538586,-4.456615976003665
2795,12.775432084629644,-4.436442780891437
2796,12.806730559993003,-4.4162638454444565
2797,12.83796282483509,-4.396079649245297
2798,12.869128623655753,-4.375890671891957
2799,12.900227702236947,-4.355697392986346
2800,12.931259807631683,-4.335500292122787
2801,12.962224688153137,-4.315299848876532
2802,12.993122093363985,-4.295096542792283
2803,13.023951774065946,-4.274890853372724
2804,13.054713482289491,-4.2546832600670745
2805,13.08540697128377,-4.234474242259637
2806,13.116031995506694,-4.214264279258374
2807,13.14658831061525,-4.194053850283482
2808,13.177075673455915,-4.173843434455996
2809,13.20749384205533,-4.153633510786385
2810,13.237842575611094,-4.133424558163177
2811,13.268121634482748,-4.11321705534159
2812,13.298330780182898,-4.093011480932182
2813,13.328469775368534,-4.072808313389504
2814,13.358538383832485,-4.052608031000784
2815,13.388536370495041,-4.032411111874605
2816,13.418463501395717,-4.012218033929616
2817,13.448319543685162,-3.992029274883245
2818,13.478104265617247,-3.9718453122404345
2819,13.50781743654125,-3.9516666232823883
2820,13.537458826894209,-3.9314936850553384
2821,13.567028208193427,-3.9113269743593206
2822,13.596525353029069,-3.8911669677369747
2823,13.625950035056926,-3.871014141462353
2824,13.655302028991304,-3.850868971529753
2825,13.684581110598014,-3.8307319336425594
2826,13.71378705668755,-3.81060350320211
2827,13.742919645108316,-3.7904841552965767
2828,13.771978654739998,-3.77037436468986
2829,13.800963865487088,-3.7502746058105085
2830,13.829875058272483,-3.7301853527406514
2831,13.858712015031221,-3.710107079204949
2832,13.887474518704305,-3.6900402585595686
2833,13.916162353232657,-3.6699853637811684
2834,13.94477530355117,-3.649942867455911
2835,13.973313155582884,-3.6299132417684916
2836,14.001775696233208,-3.60989695849118
2837,14.03016271338433,-3.5898944889728956
2838,14.058473995889644,-3.569906304128291
2839,14.086709333568342,-3.5499328744268612
2840,14.114868517200037,-3.5299746698820686
2841,14.142951338519515,-3.5100321600404976
2842,14.170957590211612,-3.4901058139710206
2843,14.198887065906117,-3.47019610025399
2844,14.226739560172774,-3.4503034869704496
2845,14.254514868516427,-3.4304284416913737
2846,14.282212787372195,-3.410571431466915
2847,14.309833114100735,-3.3907329228156895
2848,14.337375646983611,-3.3709133817140726
2849,14.364840185218753,-3.3511132735855242
2850,14.392226528915929,-3.331333063289935
2851,14.41953447909238,-3.311573215112988
2852,14.446763837668463,-3.2918341927555614
2853,14.473914407463415,-3.2721164593231324
2854,14.500985992191165,-3.2524204773152223
2855,14.527978396456227,-3.2327467086148567
2856,14.554891425749666,-3.213095614478051
2857,14.581724886445112,-3.1934676555233206
2858,14.608478585794883,-3.1738632917212186
2859,14.635152331926133,-3.1542829823838896
2860,14.661745933837102,-3.1347271861546573
2861,14.688259201393388,-3.1151963609976336
2862,14.714691945324345,-3.0956909641873525
2863,14.741043977219455,-3.0762114522984274
2864,14.767315109524855,-3.056758281195239
2865,14.79350515553986,-3.037331906021645
2866,14.819613929413572,-3.0179327811907153
2867,14.845641246141527,-2.9985613603745005
2868,14.871586921562436,-2.9792180964938133
2869,14.89745077235493,-2.9599034417080503
2870,14.923232616034404,-2.9406178474050337
2871,14.948932270949914,-2.9213617641908773
2872,14.974549556281062,-2.9021356418798887
2873,15.000084292035035,-2.882939929484487
2874,15.025536299043601,-2.8637750752051594
2875,15.050905398960227,-2.8446415264204363
2876,15.076191414257194,-2.8255397296769003
2877,15.101394168222788,-2.806470130679221
2878,15.12651348495853,-2.787433174280215
2879,15.151549189376466,-2.768429304470942
2880,15.176501107196483,-2.74945896437082
2881,15.201369064943663,-2.730522596217775
2882,15.226152889945713,-2.7116206413584214
2883,15.25085241033042,-2.6927535402382636
2884,15.275467455023152,-2.673921732391936
2885,15.299997853744392,-2.655125656433462
2886,15.324443437007309,-2.636365750046557
2887,15.34880403611541,-2.617642449974943
2888,15.373079483160193,-2.5989561920127104
2889,15.397269611018832,-2.580307410994697
2890,15.421374253351916,-2.561696540786905
2891,15.44539324460125,-2.5431240142769442
2892,15.46932641998765,-2.524590263364506
2893,15.493173615508809,-2.5060957189518724
2894,15.516934667937162,-2.4876408109344483
2895,15.540609414817817,-2.469225968191332
2896,15.564197694466513,-2.450851618575913
2897,15.58769934596762,-2.432518188906499
2898,15.611114209172145,-2.4142261049569815
2899,15.634442124695791,-2.3959757914475253
2900,15.657682933917059,-2.3777676720352945
2901,15.68083647897534,-2.359602169305208
2902,15.7039026027691,-2.3414797047607268
2903,15.726881148954025,-2.3234006988146767
2904,15.749771961941267,-2.3053655707800993
2905,15.772574886895661,-2.287374738861137
2906,15.795289769734008,-2.269428620143951
2907,15.817916457123356,-2.251527630587671
2908,15.840454796479353,-2.2336721850153793
2909,15.86290463596457,-2.2158626971051265
2910,15.885265824486922,-2.198099579380979
2911,15.90753821169803,-2.180383243204104
2912,15.92972164799168,-2.1627140987638827
2913,15.951815984502273,-2.145092555069062
2914,15.973821073103329,-2.127519019938934
2915,15.995736766405978,-2.1099938999945556
2916,16.01756291775749,-2.092517600649997
2917,16.039299381239843,-2.075090526103627
2918,16.06094601166832,-2.0577130793294307
2919,16.082502664590063,-2.040385662068362
2920,16.103969196282762,-2.023108674819732
2921,16.125345463753266,-2.0058825168326284
2922,16.146631324736273,-1.9887075860973746
2923,16.167826637693,-1.971584279337016
2924,16.18893126180993,-1.95451299199885
2925,16.20994505699752,-1.9374941182459844
2926,16.230867883888973,-1.920528050948932
2927,16.25169960383903,-1.903615181677244
2928,16.272440078922724,-1.8867559006911725
2929,16.293089171934223,-1.869950596933376
2930,16.313646746385686,-1.8531996580206527
2931,16.334112666506066,-1.8365034702357137
2932,16.354486797240018,-1.8198624185189936
2933,16.37476900424679,-1.8032768864604902
2934,16.39495915389914,-1.7867472562916478
2935,16.415057113282224,-1.7702739088772712
2936,16.43506275019258,-1.753857223707479
2937,16.45497593313707,-1.73749757888969
2938,16.474796531331872,-1.7211953511406493
2939,16.49452441470145,-1.704950915778488
2940,16.5141594538776,-1.688764646714822
2941,16.533701520198452,-1.6726369164468837
2942,16.553150485707523,-1.6565680960496947
2943,16.57250622315277,-1.6405585551682713
2944,16.591768605985678,-1.6246086620098723
2945,16.610937508360323,-1.6087187833362757
2946,16.630012805132488,-1.5928892844561007
2947,16.64899437185881,-1.5771205292171613
2948,16.66788208479586,-1.561412879998859
2949,16.686675820899314,-1.545766697704615
2950,16.705375457823123,-1.5301823417543334
2951,16.72398087391868,-1.5146601700769118
2952,16.742491948234004,-1.4992005391027783
2953,16.760908560512927,-1.4838038037564758
2954,16.77923059119433,-1.4684703174492777
2955,16.797457921411358,-1.4532004320718441
2956,16.815590432990657,-1.4379944979869161
2957,16.833628008451626,-1.4228528640220466
2958,16.851570531005677,-1.4077758774623708
2959,16.869417884555517,-1.3927638840434127
2960,16.88716995369443,-1.377817227943933
2961,16.904826623705556,-1.3629362517788115
2962,16.92238778056124,-1.3481212965919713
2963,16.939853310922317,-1.3333727018493395
2964,16.95722310213746,-1.3186908054318458
2965,16.9744970422425,-1.3040759436284615
2966,16.991675019959803,-1.2895284511292768
2967,17.00875692469764,-1.275048661018616
2968,17.025742646549517,-1.2606369047681911
2969,17.04263207629361,-1.2462935122302943
2970,17.059425105392112,-1.2320188116310336
2971,17.07612162599066,-1.217813129563599
2972,17.092721530917757,-1.2036767909815769
2973,17.109224713684156,-1.1896101191922956
2974,17.12563106848233,-1.175613435850217
2975,17.141940490185902,-1.1616870609503613
2976,17.15815287434907,-1.1478313128217752
2977,17.1742681172061,-1.1340465081210382
2978,17.190286115670762,-1.1203329618258082
2979,17.206206767335825,-1.1066909872284054
2980,17.22202997047254,-1.0931208959294378
2981,17.23775562403012,-1.0796229978314664
2982,17.253383627635245,-1.0661976011327063
2983,17.26891388159157,-1.052845012320773
2984,17.284346286879252,-1.0395655361664633
2985,17.299680745154454,-1.026359475717579
2986,17.314917158748884,-1.0132271322927913
2987,17.330055430669344,-1.0001688054755402
2988,17.34509546459726,-0.9871847931079814
2989,17.36003716488825,-0.9742753912849643
2990,17.37488043657168,-0.9614408943480587
2991,17.389625185350216,-0.9486815948796149
2992,17.40427131759942,-0.9359977836968683
2993,17.41881874036733,-0.9233897498460808
2994,17.433267361374025,-0.9108577805967265
2995,17.44761708901125,-0.8984021614357127
2996,17.461867832342012,-0.8860231760616447
2997,17.476019501100158,-0.8737211063791317
2998,17.490072005690028,-0.8614962324931288
2999,17.50402525718604,-0.8493488327033237
