turn,time_sigma_ns,Q1
0,9.006106317225031,-0.0034811510363291966
1,9.00611741901729,-0.0034799967471534623
2,9.006129067486667,-0.0034787824835825942
3,9.006141262477547,-0.0034775082626960093
4,9.006154003827449,-0.0034761741023131092
5,9.006167291367008,-0.0034747800209945874
6,9.006181124919975,-0.0034733260380417357
7,9.006195504303221,-0.0034718121734960902
8,9.006210429326753,-0.0034702384481387987
9,9.006225899793705,-0.0034686048834906102
10,9.006241915500349,-0.0034669115018108976
11,9.006258476236074,-0.0034651582160265364
12,9.006275555973259,-0.003463347843410051
13,9.006293128677617,-0.0034614832059038088
14,9.006311168308565,-0.003459567130085238
15,9.00632964881952,-0.003457602447134726
16,9.006348544158234,-0.0034555919928017844
17,9.006367828267123,-0.0034535386073715544
18,9.006387475083601,-0.0034514451356295467
19,9.006407458540384,-0.00344931442682985
20,9.006427752565857,-0.0034471493346582504
21,9.006448331084359,-0.003444952717200021
22,9.006469168016526,-0.003442727436904252
23,9.00649023727964,-0.0034404763605483603
24,9.00651151278793,-0.0034382023592040667
25,9.00653296845291,-0.003435908308201362
26,9.006554578183724,-0.003433597087093119
27,9.006576315887438,-0.003431271579620328
28,9.006598155469435,-0.003428934673673431
29,9.006620070833657,-0.0034265892612603977
30,9.006642035883017,-0.003424238238466756
31,9.006664024519694,-0.0034218845054202708
32,9.006686010645454,-0.0034195309662553228
33,9.006707968162003,-0.003417180529074577
34,9.006729870971308,-0.0034148361059124924
35,9.006751692975941,-0.0034125006126974255
36,9.006773408079395,-0.0034101769692148997
37,9.006794990186414,-0.003407868099070443
38,9.006816413203362,-0.0034055769296489112
39,9.00683765103852,-0.003403306392079336
40,9.00685867760241,-0.003401059421196171
41,9.006879466808174,-0.003398838955499349
42,9.006899992571869,-0.003396647937116394
43,9.006920228812834,-0.003394489311763296
44,9.006940149453975,-0.0033923660287066347
45,9.006959728422169,-0.003390281040721713
46,9.006978939648523,-0.003388237304056024
47,9.006997757068772,-0.0033862377783873392
48,9.007016154623583,-0.003384285426784833
49,9.007034106258898,-0.003382383215668442
50,9.00705158592626,-0.0033805341147696353
51,9.007068567583179,-0.0033787410970891776
52,9.007085025193422,-0.003377007138858387
53,9.007100932727392,-0.003375335219497005
54,9.007116264162446,-0.0033737283215722214
55,9.007130993483232,-0.003372189430757848
56,9.007145094682032,-0.0033707215357924114
57,9.00715854175909,-0.003369327628438223
58,9.007171308722956,-0.003368010703438644
59,9.00718336959083,-0.0033667737584764153
60,9.007194698388885,-0.0033656197941317693
61,9.007205269152612,-0.003364551813839556
62,9.007215055927164,-0.0033635728238467573
63,9.007224032767697,-0.0033626858331689577
64,9.007232173739684,-0.00336189385354914
65,9.007239452919288,-0.0033611998994126195
66,9.007245844393676,-0.003360606987824431
67,9.007251322261368,-0.0033601181384459644
68,9.007255860632574,-0.003359736373490813
69,9.007259433629537,-0.0033594647176806796
70,9.007262015386868,-0.0033593061982018263
71,9.00726358005188,-0.0033592638446602527
72,9.007264101784953,-0.0033593406890369435
73,9.007263554759833,-0.0033595397656441804
74,9.007261913164017,-0.003359864111078871
75,9.007259151199062,-0.0033603167641791856
76,9.007255243080929,-0.0033609007659785076
77,9.007250163040341,-0.0033616191596596914
78,9.007243885323113,-0.003362474990509554
79,9.007236384190476,-0.003363471305873926
80,9.007227633919454,-0.0033646111551096725
81,9.007217608803165,-0.0033658975895409816
82,9.007206283151202,-0.0033673336624103728
83,9.00719363128994,-0.003368922428833857
84,9.00717962756289,-0.0033706669457539027
85,9.007164246331056,-0.003372570271891442
86,9.007147461973238,-0.0033746354677004317
87,9.007129248886432,-0.0033768655953182077
88,9.00710958148612,-0.0033792637185198387
89,9.00708843420661,-0.0033818329026707714
90,9.007065781501428,-0.0033845762146768182
91,9.007041597843608,-0.0033874967229380304
92,9.007015857726065,-0.0033905974972995743
93,9.006988535661923,-0.0033938816090032377
94,9.006959606184864,-0.0033973521306393238
95,9.006929043849464,-0.0034010121360974056
96,9.006896823231537,-0.0034048647005178643
97,9.006862918928487,-0.0034089129002416855
98,9.00682730555962,-0.003413159812763302
99,9.006789957766538,-0.0034176085166780766
100,9.006750850213432,-0.0034222620916351558
101,9.006709957587455,-0.0034271236182861556
102,9.006667254599042,-0.0034321961782362046
103,9.00662271598228,-0.0034374828539923867
104,9.00657631649522,-0.0034429867289151902
105,9.006528030920244,-0.0034487108871659863
106,9.006477834064395,-0.003454658413657846
107,9.006425700759717,-0.003460832394003934
108,9.006371605863622,-0.003467235914466157
109,9.006315524259191,-0.003473872061904862
110,9.006257430855568,-0.0034807439237258975
111,9.006197300588244,-0.003487854587831326
112,9.006135108419455,-0.0034952071425652415
113,9.006070829338496,-0.0035028046766631712
114,9.006004438362067,-0.0035106502791998045
115,9.005935910534607,-0.0035187470395371128
116,9.00586522092866,-0.0035270980472708706
117,9.005792344645215,-0.0035357063921783315
118,9.005717256814018,-0.003544575164166642
119,9.005639932593938,-0.003553707453219053
120,9.005560347173327,-0.0035631063493409562
121,9.005478475770323,-0.0035727749425084197
122,9.00539429363323,-0.0035827163226129785
123,9.005307776040839,-0.0035929335794095806
124,9.005218898302772,-0.003603429802461804
125,9.005127635759827,-0.0036142080810889973
126,9.005033963784342,-0.0036252715043100766
127,9.004937857780499,-0.0036366231607922357
128,9.0048392931847,-0.0036482661387941106
129,9.00473824546588,-0.0036602035261131334
130,9.004634690125878,-0.0036724384100291353
131,9.004528602699773,-0.0036849738772500593
132,9.004419958756209,-0.0036978130138580214
133,9.004308733897767,-0.0037109589052517714
134,9.004194903761265,-0.0037244146360947395
135,9.004078444018145,-0.003738183290256259
136,9.003959330374792,-0.003752267950757732
137,9.003837538572881,-0.0037666716997163895
138,9.003713044389722,-0.0037813976182892164
139,9.00358582363859,-0.0037964487866173984
140,9.003455852169092,-0.0038118282837693485
141,9.003323105867477,-0.003827539187685006
142,9.003187560657011,-0.003843584575118566
143,9.003049192498294,-0.00385996752158242
144,9.00290797738962,-0.0038766911012897303
145,9.002763891367302,-0.003893758387098283
146,9.002616910506026,-0.003911172450452604
147,9.002467010919188,-0.003928936361327124
148,9.002314168759234,-0.003947053188168758
149,9.00215836021802,-0.003965525997838198
150,9.001999561527112,-0.0039843578555547755
151,9.001837748958183,-0.004003551824835512
152,9.001672898823301,-0.004023110967439803
153,9.001504987475315,-0.004043038343309305
154,9.00133399130816,-0.004063337010511097
155,9.001159886757222,-0.004084010025178654
156,9.000982650299672,-0.004105060441453097
157,9.000802258454812,-0.004126491311424619
158,9.000618687784392,-0.004148305685074796
159,9.00043191489299,-0.004170506610215653
160,9.000241916428322,-0.004193097132432218
161,9.000048669081592,-0.004216080295022745
162,8.999852149587833,-0.004239459138939212
163,8.999652334726253,-0.004263236702728097
164,8.999449201320576,-0.004287416022470137
165,8.999242726239366,-0.004312000131721967
166,8.999032886396376,-0.0043369920614552285
167,8.998819658750897,-0.004362394839996825
168,8.998603020308098,-0.004388211492968194
169,8.998382948119326,-0.004414445043227397
170,8.998159419282524,-0.004441098510804694
171,8.997932410942509,-0.004468174912845603
172,8.997701900291302,-0.004495677263549982
173,8.997467864568517,-0.004523608574109427
174,8.997230281061677,-0.004551971852647445
175,8.996989127106545,-0.004580770104159007
176,8.996744380087469,-0.004610006330448891
177,8.99649601743772,-0.0046396835300706206
178,8.996244016639848,-0.004669804698264565
179,8.995988355225995,-0.004700372826897474
180,8.995729010778245,-0.004731390904400554
181,8.995465960928954,-0.004762861915708159
182,8.99519918336112,-0.004794788842194523
183,8.994928655808664,-0.004827174661614523
184,8.994654356056818,-0.004860022348039463
185,8.99437626194245,-0.004893334871795589
186,8.994094351354383,-0.0049271151994027835
187,8.993808602233758,-0.004961366293510566
188,8.993518992574359,-0.004996091112837186
189,8.993225500422934,-0.005031292612107127
190,8.992928103879583,-0.005066973741986409
191,8.992626781098036,-0.005103137449022793
192,8.992321510286025,-0.005139786675580659
193,8.992012269705596,-0.005176924359780223
194,8.991699037673479,-0.0052145534354320405
195,8.991381792561388,-0.005252676831976142
196,8.991060512796386,-0.005291297474417387
197,8.990735176861218,-0.005330418283261901
198,8.990405763294616,-0.005370042174456055
199,8.990072250691663,-0.005410172059320336
200,8.989734617704137,-0.005450810844486591
201,8.989392843040807,-0.005491961431835561
202,8.989046905467825,-0.0055336267184304955
203,8.988696783809,-0.005575809596456336
204,8.98834245694618,-0.005618512953153629
205,8.987983903819561,-0.005661739670755
206,8.987621103428019,-0.005705492626422482
207,8.987254034829473,-0.005749774692180831
208,8.986882677141189,-0.005794588734855107
209,8.98650700954012,-0.005839937616006146
210,8.986127011263253,-0.0058858241918650885
211,8.985742661607935,-0.005932251313269882
212,8.985353939932208,-0.005979221825599868
213,8.98496082565513,-0.006026738568712443
214,8.984563298257116,-0.006074804376877367
215,8.98416133728029,-0.006123422078711422
216,8.983754922328773,-0.006172594497115126
217,8.983344033069072,-0.006222324449205968
218,8.982928649230356,-0.006272614746255139
219,8.982508750604838,-0.006323468193620768
220,8.982084317048074,-0.0063748875906839315
221,8.9816553284793,-0.006426875730783027
222,8.981221764881763,-0.006479435401149458
223,8.980783606303078,-0.0065325693828396925
224,8.980340832855513,-0.006586280450673075
225,8.979893424716362,-0.006640571373163991
226,8.979441362128249,-0.006695444912457536
227,8.978984625399479,-0.006750903824262956
228,8.978523194904337,-0.006806950857789915
229,8.978057051083457,-0.006863588755680247
230,8.977586174444113,-0.006920820253944586
231,8.977110545560594,-0.0069786480818940675
232,8.976630145074486,-0.0070370749620769675
233,8.97614495369502,-0.007096103610212028
234,8.975654952199427,-0.00715573673512069
235,8.975160121433222,-0.007215977038663721
236,8.97466044231056,-0.007276827215673686
237,8.974155895814555,-0.0073382899538894375
238,8.973646462997607,-0.007400367933889964
239,8.973132124981746,-0.007463063829027217
240,8.972612862958941,-0.007526380305360978
241,8.972088658191424,-0.007590320021593081
242,8.97155949201204,-0.007654885628999419
243,8.971025345824552,-0.007720079771364934
244,8.970486201103974,-0.007785905084917312
245,8.969942039396907,-0.00785236419825937
246,8.969392842321843,-0.007919459732304646
247,8.96883859156952,-0.007987194300208552
248,8.96827926890322,-0.008055570507304034
249,8.967714856159112,-0.0081245909510338
250,8.967145335246581,-0.008194258220883748
251,8.966570688148527,-0.008264574898317422
252,8.965990896921719,-0.008335543556708517
253,8.965405943697105,-0.008407166761274468
254,8.964815810680129,-0.008479447069010404
255,8.964220480151074,-0.0085523870286218
256,8.963619934465369,-0.008625989180458083
257,8.963014156053928,-0.008700256056445671
258,8.962403127423457,-0.008775190180022104
259,8.961786831156779,-0.008850794066068673
260,8.961165249913169,-0.008927070220843865
261,8.960538366428667,-0.009004021141916686
262,8.959906163516404,-0.009081649318099698
263,8.95926862406692,-0.00915995722938281
264,8.958625731048478,-0.009238947346866531
265,8.957977467507417,-0.009318622132693993
266,8.95732381656842,-0.00939898403998654
267,8.95666476143489,-0.009480035512774565
268,8.956000285389234,-0.009561778985932537
269,8.955330371793194,-0.009644216885111316
270,8.95465500408817,-0.009727351626671633
271,8.953974165795549,-0.009811185617617364
272,8.953287840516992,-0.00989572125552925
273,8.952596011934776,-0.009980960928498216
274,8.951898663812132,-0.010066907015057122
275,8.95119577999352,-0.010153561884116279
276,8.95048734440496,-0.010240927894896277
277,8.94977334105439,-0.010329007396859486
278,8.949053754031931,-0.010417802729645627
279,8.948328567510234,-0.01050731622300397
280,8.947597765744785,-0.010597550196727564
281,8.946861333074223,-0.010688506960586056
282,8.946119253920662,-0.0107801888142592
283,8.945371512789995,-0.01087259804727106
284,8.94461809427223,-0.010965736938922475
285,8.943858983041794,-0.01105960775822452
286,8.943094163857843,-0.011154212763833526
287,8.942323621564576,-0.011249554203983663
288,8.941547341091567,-0.011345634316420232
289,8.940765307454065,-0.011442455328334052
290,8.939977505753308,-0.011540019456295073
291,8.939183921176832,-0.011638328906186051
292,8.938384538998804,-0.01173738587313602
293,8.937579344580326,-0.01183719254145389
294,8.936768323369723,-0.011937751084564165
295,8.935951460902897,-0.012039063664938288
296,8.935128742803608,-0.012141132434030422
297,8.934300154783791,-0.012243959532211019
298,8.933465682643886,-0.012347547088700324
299,8.932625312273133,-0.012451897221502861
300,8.931779029649887,-0.012557012037341672
301,8.930926820841902,-0.012662893631593602
302,8.930068672006698,-0.012769544088221202
303,8.929204569391826,-0.012876965479708749
304,8.928334499335179,-0.012985159866996991
305,8.92745844826532,-0.01309412929941663
306,8.926576402701778,-0.013203875814623041
307,8.925688349255372,-0.01331440143853074
308,8.924794274628486,-0.013425708185249312
309,8.923894165615406,-0.013537798057016642
310,8.922988009102642,-0.013650673044133253
311,8.92207579206917,-0.013764335124900214
312,8.921157501586812,-0.013878786265550556
313,8.920233124820493,-0.01399402842018653
314,8.919302649028564,-0.014110063530714319
315,8.918366061563122,-0.014226893526778025
316,8.917423349870285,-0.014344520325696664
317,8.916474501490512,-0.014462945832398804
318,8.915519504058912,-0.014582171939357664
319,8.91455834530554,-0.014702200526527025
320,8.913591013055706,-0.014823033461276912
321,8.912617495230284,-0.014944672598328336
322,8.911637779845977,-0.015067119779691922
323,8.91065185501568,-0.015190376834599714
324,8.909659708948723,-0.015314445579445174
325,8.908661329951217,-0.015439327817716151
326,8.907656706426337,-0.01556502533993266
327,8.90664582687461,-0.015691539923583287
328,8.905628679894251,-0.015818873333060673
329,8.904605254181421,-0.015947027319598555
330,8.903575538530555,-0.016076003621208774
331,8.90253952183465,-0.016205803962617393
332,8.90149719308556,-0.01633643005520196
333,8.900448541374319,-0.016467883596927503
334,8.899393555891397,-0.016600166272285152
335,8.89833222592703,-0.016733279752228547
336,8.897264540871515,-0.01686722569411027
337,8.89619049021549,-0.01700200574162051
338,8.895110063550241,-0.017137621524724738
339,8.894023250567995,-0.017274074659600108
340,8.892930041062215,-0.01741136674857437
341,8.891830424927905,-0.01754949938006316
342,8.890724392161884,-0.017688474128508432
343,8.889611932863096,-0.017828292554316418
344,8.88849303723291,-0.017968956203795516
345,8.887367695575385,-0.018110466609096185
346,8.88623589829758,-0.018252825288148318
347,8.885097635909862,-0.01839603374459958
348,8.883952899026177,-0.018540093467755092
349,8.882801678364324,-0.018685005932517523
350,8.881643964746294,-0.018830772599323267
351,8.880479749098521,-0.018977394914084643
352,8.879309022452187,-0.019124874308127655
353,8.878131775943524,-0.019273212198131637
354,8.876948000814062,-0.019422409986070324
355,8.875757688410959,-0.019572469059150676
356,8.874560830187258,-0.019723390789753614
357,8.873357417702222,-0.01987517653537224
358,8.872147442621547,-0.020027827638555748
359,8.870930896717732,-0.020181345426845958
360,8.869707771870297,-0.02033573121272144
361,8.868478060066096,-0.020490986293536715
362,8.867241753399604,-0.020647111951463546
363,8.865998844073198,-0.020804109453431925
364,8.864749324397444,-0.020961980051071704
365,8.863493186791379,-0.02112072498065392
366,8.86223042378277,-0.021280345463034003
367,8.860961028008452,-0.021440842703590136
368,8.85968499221456,-0.021602217892169148
369,8.85840230925682,-0.021764472203027265
370,8.857112972100852,-0.02192760679477123
371,8.855816973822417,-0.02209162281030363
372,8.854514307607728,-0.022256521376763486
373,8.853204966753708,-0.022422303605470248
374,8.85188894466828,-0.02258897059186657
375,8.850566234870644,-0.02275652341546188
376,8.84923683099154,-0.022924963139776555
377,8.847900726773544,-0.023094290812284556
378,8.846557916071337,-0.023264507464358212
379,8.845208392851971,-0.023435614111212383
380,8.843852151195179,-0.023607611751847286
381,8.842489185293603,-0.023780501368995875
382,8.84111948945309,-0.02395428392906657
383,8.839743058092969,-0.02412896038208892
384,8.838359885746323,-0.024304531661658524
385,8.836969967060256,-0.024480998684882606
386,8.83557329679616,-0.02465836235232598
387,8.834169869830003,-0.02483662354795616
388,8.832759681152574,-0.025015783139090343
389,8.831342725869783,-0.025195841976340803
390,8.829918999202919,-0.025376800893561428
391,8.828488496488898,-0.025558660707795333
392,8.82705121318055,-0.02574142221922147
393,8.825607144846895,-0.02592508621110088
394,8.824156287173395,-0.026109653449725306
395,8.82269863596222,-0.026295124684363985
396,8.821234187132523,-0.02648150064721219
397,8.819762936720684,-0.026668782053339293
398,8.81828488088061,-0.026856969600636143
399,8.816800015883969,-0.02704606396976434
400,8.815308338120463,-0.02723606582410544
401,8.813809844098076,-0.02742697580970998
402,8.81230453044336,-0.027618794555246108
403,8.810792393901686,-0.027811522671948995
404,8.809273431337486,-0.028005160753572206
405,8.80774763973455,-0.02819970937633535
406,8.806215016196253,-0.028395169098876637
407,8.804675557945812,-0.028591540462202653
408,8.803129262326564,-0.02878882398963858
409,8.801576126802214,-0.02898702018678007
410,8.800016148957084,-0.029186129541444006
411,8.798449326496382,-0.029386152523620507
412,8.796875657246435,-0.029587089585424768
413,8.795295139154975,-0.02978894116104856
414,8.793707770291347,-0.029991707666714114
415,8.792113548846801,-0.030195389500625284
416,8.790512473134735,-0.030399987042920986
417,8.788904541590925,-0.03060550065562884
418,8.787289752773791,-0.030811930682618355
419,8.785668105364662,-0.03101927744955384
420,8.78403959816799,-0.03122754126385022
421,8.782404230111617,-0.031436722414626174
422,8.780762000247023,-0.03164682117265878
423,8.779112907749568,-0.0318578377903391
424,8.777456951918731,-0.032069772501626785
425,8.77579413217837,-0.03228262552200547
426,8.774124448076957,-0.03249639704843881
427,8.772447899287805,-0.032711087259327164
428,8.770764485609341,-0.03292669631446269
429,8.769074206965323,-0.033143224354987004
430,8.767377063405101,-0.03336067150334712
431,8.76567305510382,-0.03357903786325464
432,8.763962182362716,-0.03379832351964051
433,8.762244445609285,-0.03401852853861596
434,8.76051984539758,-0.03423965296742824
435,8.758788382408405,-0.034461696834420665
436,8.757050057449575,-0.034684660148990576
437,8.75530487145615,-0.03490854290154813
438,8.753552825490653,-0.03513334506347697
439,8.75179392074331,-0.03535906658709312
440,8.75002815853227,-0.035585707405605606
441,8.748255540303868,-0.03581326743307584
442,8.746476067632825,-0.036041746564379105
443,8.744689742222489,-0.03627114467516545
444,8.74289656590505,-0.03650146162182124
445,8.741096540641792,-0.03673269724143041
446,8.739289668523284,-0.036964851351737014
447,8.737475951769639,-0.03719792375110714
448,8.735655392730715,-0.03743191421849183
449,8.733827993886365,-0.03766682251338921
450,8.731993757846622,-0.03790264837580965
451,8.73015268735194,-0.038139391526238214
452,8.728304785273417,-0.03837705166559886
453,8.72645005461301,-0.03861562847521926
454,8.724588498503758,-0.03885512161679436
455,8.722720120209978,-0.0390955307323535
456,8.720844923127522,-0.039336855444223426
457,8.718962910783945,-0.039579095354996124
458,8.717074086838753,-0.039822250047493866
459,8.715178455083604,-0.04006631908473588
460,8.713276019442523,-0.040311302009905
461,8.711366783972094,-0.040557198346316076
462,8.7094507528617,-0.040804007597381654
463,8.707527930433724,-0.04105172924658112
464,8.705598321143736,-0.04130036275742863
465,8.70366192958072,-0.041549907573442124
466,8.70171876046727,-0.04180036311811208
467,8.699768818659798,-0.04205172879487095
468,8.697812109148748,-0.042304003987062154
469,8.695848637058766,-0.042557188057912046
470,8.69387840764894,-0.04281128035049861
471,8.691901426312965,-0.04306628018772368
472,8.689917698579364,-0.04332218687228341
473,8.687927230111693,-0.043578999686639454
474,8.685930026708704,-0.04383671789299265
475,8.683926094304564,-0.044095340733254246
476,8.681915438969044,-0.04435486742901901
477,8.679898066907732,-0.0446152971815374
478,8.677873984462172,-0.044876629171691565
479,8.675843198110103,-0.045138862559967276
480,8.673805714465631,-0.045401996486428606
481,8.67176154027942,-0.045666030070693364
482,8.669710682438867,-0.045930962411907805
483,8.667653147968295,-0.04619679258872255
484,8.665588944029151,-0.046463519659267524
485,8.663518077920171,-0.04673114266112966
486,8.661440557077544,-0.0469996606113296
487,8.659356389075146,-0.047269072506297076
488,8.657265581624673,-0.0475393773218506
489,8.65516814257582,-0.04781057401317499
490,8.653064079916488,-0.04808266151479845
491,8.650953401772929,-0.048355638740573116
492,8.648836116409932,-0.0486295045836533
493,8.646712232230986,-0.04890425791647592
494,8.644581757778479,-0.049179897590738555
495,8.64244470173383,-0.04945642243738279
496,8.64030107291767,-0.04973383126657354
497,8.638150880290011,-0.05001212286768061
498,8.63599413295041,-0.05029129600926056
499,8.633830840138163,-0.050571349439037475
500,8.631661011232401,-0.05085228188388856
501,8.629484655752291,-0.051134092049825226
502,8.627301783357217,-0.05141677862197607
503,8.62511240384689,-0.05170034026457212
504,8.622916527161538,-0.051984775620930485
505,8.62071416338204,-0.05227008331343953
506,8.618505322730105,-0.05255626194354333
507,8.616290015568385,-0.05284331009172866
508,8.61406825240067,-0.05313122631750938
509,8.611840043871991,-0.0534200091594152
510,8.609605400768812,-0.05370965713497601
511,8.607364334019143,-0.05400016874071143
512,8.605116854692696,-0.05429154245211798
513,8.60286297400103,-0.05458377672365708
514,8.600602703297685,-0.05487686998874417
515,8.598336054078324,-0.055170820659738454
516,8.596063037980876,-0.055465627127931315
517,8.593783666785653,-0.05576128776353828
518,8.591497952415509,-0.056057800915687815
519,8.589205906935957,-0.05635516491241337
520,8.586907542555307,-0.056653378060644966
521,8.584602871624785,-0.05695243864620093
522,8.58229190663869,-0.057252344933779474
523,8.579974660234463,-0.05755309516695411
524,8.577651145192869,-0.05785468756816431
525,8.575321374438094,-0.058157120338710885
526,8.572985361037851,-0.05846039165875043
527,8.570643118203535,-0.05876449968728898
528,8.568294659290304,-0.059069442562178276
529,8.565939997797214,-0.05937521840011166
530,8.563579147367344,-0.05968182529661865
531,8.561212121787866,-0.059989261326064205
532,8.558838934990195,-0.06029752454164411
533,8.55645960105007,-0.06060661297538336
534,8.554074134187692,-0.06091652463813347
535,8.551682548767786,-0.061227257519572344
536,8.54928485929974,-0.06153880958820248
537,8.546881080437688,-0.06185117879135083
538,8.544471226980601,-0.06216436305516919
539,8.542055313872405,-0.06247836028463435
540,8.539633356202053,-0.0627931683635496
541,8.537205369203635,-0.0631087851545459
542,8.534771368256456,-0.06342520849908401
543,8.532331368885137,-0.06374243621745716
544,8.529885386759677,-0.06406046610879487
545,8.527433437695567,-0.06437929595106497
546,8.524975537653864,-0.06469892350107832
547,8.52251170274126,-0.06501934649449369
548,8.520041949210167,-0.06534056264582291
549,8.517566293458792,-0.06566256964843564
550,8.51508475203121,-0.0659853651745666
551,8.512597341617449,-0.06630894687532067
552,8.510104079053528,-0.06663331238068163
553,8.507604981321581,-0.06695845929951741
554,8.505100065549849,-0.06728438521959128
555,8.502589349012796,-0.06761108770756818
556,8.500072849131158,-0.0679385643090245
557,8.497550583472005,-0.06826681254845707
558,8.49502256974877,-0.06859582992929533
559,8.492488825821347,-0.06892561393390947
560,8.489949369696102,-0.06925616202362356
561,8.48740421952596,-0.06958747163872549
562,8.484853393610418,-0.06991954019848122
563,8.482296910395622,-0.07025236510114558
564,8.479734788474385,-0.07058594372397686
565,8.477167046586226,-0.07092027342325032
566,8.474593703617439,-0.07125535153427211
567,8.472014778601098,-0.07159117537139414
568,8.469430290717108,-0.07192774222802982
569,8.466840259292205,-0.07226504937667036
570,8.464244703800036,-0.07260309406889988
571,8.46164364386115,-0.07294187353541318
572,8.45903709924302,-0.07328138498603332
573,8.456425089860073,-0.0736216256097301
574,8.453807635773723,-0.07396259257463657
575,8.45118475719236,-0.07430428302807056
576,8.448556474471381,-0.07464669409655286
577,8.445922808113192,-0.07498982288582828
578,8.443283778767206,-0.07533366648088598
579,8.4406394072299,-0.07567822194597934
580,8.437989714444749,-0.07602348632465025
581,8.43533472150227,-0.07636945663974966
582,8.43267444964,-0.0767161298934614
583,8.430008920242518,-0.07706350306732417
584,8.427338154841394,-0.07741157312225787
585,8.424662175115229,-0.07776033699858505
586,8.4219810028896,-0.07810979161605883
587,8.419294660137064,-0.07845993387388674
588,8.416603168977138,-0.07881076065075743
589,8.413906551676275,-0.07916226880486735
590,8.41120483064785,-0.07951445517394738
591,8.408498028452112,-0.07986731657529199
592,8.405786167796174,-0.08022084980578593
593,8.40306927153397,-0.08057505164193428
594,8.400347362666224,-0.08092991883989162
595,8.397620464340404,-0.08128544813549184
596,8.3948885998507,-0.08164163624427831
597,8.392151792637959,-0.08199847986153598
598,8.389410066289646,-0.08235597566232221
599,8.386663444539796,-0.08271412030149913
600,8.383911951268962,-0.08307291041376645
601,8.38115561050414,-0.08343234261369589
602,8.37839444641873,-0.08379241349576326
603,8.375628483332488,-0.08415311963438322
604,8.372857745711412,-0.08451445758394599
605,8.370082258167727,-0.08487642387885093
606,8.367302045459775,-0.08523901503354361
607,8.364517132491951,-0.085602227542553
608,8.361727544314643,-0.08596605788052714
609,8.358933306124134,-0.08633050250227206
610,8.356134443262505,-0.08669555784279126
611,8.353330981217592,-0.0870612203173213
612,8.350522945622822,-0.08742748632137623
613,8.347710362257194,-0.08779435223078325
614,8.344893257045133,-0.08816181440172574
615,8.342071656056433,-0.08852986917078276
616,8.339245585506113,-0.0888985128549726
617,8.33641507175431,-0.08926774175179489
618,8.333580141306195,-0.08963755213927269
619,8.33074082081184,-0.09000794027599647
620,8.327897137066104,-0.09037890240116842
621,8.325049117008522,-0.09075043473464643
622,8.322196787723168,-0.0911225334769896
623,8.319340176438528,-0.09149519480950485
624,8.316479310527372,-0.09186841489429205
625,8.31361421750663,-0.0922421898742912
626,8.31074492503723,-0.09261651587333085
627,8.307871460923963,-0.09299138899617569
628,8.304993853115361,-0.09336680532857437
629,8.302112129703518,-0.09374276093730992
630,8.299226318923948,-0.0941192518702491
631,8.296336449155417,-0.09449627415639329
632,8.293442548919812,-0.0948738238059284
633,8.290544646881955,-0.09525189681027667
634,8.287642771849429,-0.09563048914215015
635,8.284736952772432,-0.09600959675560121
636,8.281827218743569,-0.09638921558607792
637,8.278913598997704,-0.09676934155047631
638,8.275996122911735,-0.0971499705471966
639,8.273074820004478,-0.09753109845619533
640,8.2701497199364,-0.0979127211390437
641,8.267220852509466,-0.09829483443898288
642,8.264288247666943,-0.09867743418097973
643,8.26135193549316,-0.09906051617178623
644,8.258411946213343,-0.0994440761999955
645,8.255468310193406,-0.09982811003610009
646,8.252521057939683,-0.10021261343255354
647,8.249570220098786,-0.10059758212382672
648,8.24661582745731,-0.10098301182647075
649,8.243657910941655,-0.10136889823917651
650,8.240696501617782,-0.10175523704283583
651,8.23773163069095,-0.102142023900605
652,8.234763329505544,-0.10252925445796426
653,8.231791629544745,-0.10291692434278511
654,8.228816562430364,-0.10330502916538992
655,8.225838159922523,-0.10369356451861918
656,8.222856453919452,-0.10408252597789469
657,8.219871476457191,-0.10447190910128575
658,8.216883259709354,-0.10486170942957473
659,8.213891835986836,-0.10525192248632424
660,8.210897237737548,-0.10564254377794391
661,8.207899497546153,-0.10603356879375811
662,8.204898648133769,-0.10642499300607426
663,8.201894722357675,-0.10681681187025258
664,8.19888775321104,-0.10720902082477442
665,8.19587777382262,-0.10760161529131271
666,8.192864817456453,-0.10799459067480313
667,8.189848917511563,-0.1083879423635145
668,8.186830107521647,-0.10878166572912142
669,8.183808421154751,-0.1091757561267762
670,8.180783892212967,-0.10957020889518235
671,8.177756554632108,-0.10996501935666697
672,8.174726442481374,-0.11036018281725624
673,8.17169358996303,-0.11075569456674894
674,8.168658031412052,-0.1111515498787931
675,8.165619801295792,-0.11154774401096092
676,8.16257893421365,-0.11194427220482485
677,8.15953546489671,-0.11234112968603513
678,8.156489428207363,-0.11273831166439813
679,8.153440859138989,-0.11313581333395295
680,8.150389792815561,-0.11353362987305124
681,8.14733626449127,-0.1139317564444365
682,8.144280309550174,-0.11433018819532345
683,8.14122196350581,-0.11472892025747851
684,8.13816126200079,-0.11512794774730187
685,8.135098240806432,-0.1155272657659076
686,8.13203293582237,-0.11592686939920645
687,8.12896538307613,-0.11632675371798908
688,8.125895618722737,-0.1167269137780088
689,8.122823679044306,-0.11712734462006603
690,8.119749600449635,-0.11752804127009149
691,8.116673419473779,-0.1179289987392323
692,8.113595172777591,-0.11833021202393838
693,8.110514897147347,-0.11873167610604701
694,8.107432629494276,-0.11913338595286992
695,8.10434840685413,-0.11953533651728117
696,8.101262266386737,-0.11993752273780463
697,8.09817424537554,-0.12033993953870224
698,8.095084381227162,-0.12074258183006338
699,8.091992711470901,-0.12114544450789481
700,8.088899273758317,-0.12154852245420966
701,8.085804105862726,-0.12195181053711886
702,8.082707245678725,-0.12235530361092224
703,8.079608731221704,-0.12275899651620088
704,8.07650860062739,-0.12316288407990791
705,8.073406892151302,-0.12356696111546339
706,8.070303644168282,-0.1239712224228467
707,8.067198895171986,-0.12437566278869083
708,8.064092683774376,-0.12478027698637631
709,8.060985048705193,-0.12518505977612757
710,8.057876028811432,-0.1255900059051081
711,8.054765663056841,-0.1259951101075159
712,8.051653990521348,-0.12640036710468208
713,8.048541050400551,-0.12680577160516673
714,8.045426882005176,-0.1272113183048568
715,8.0423115247605,-0.12761700188706568
716,8.039195018205811,-0.1280228170226317
717,8.036077401993856,-0.12842875837001708
718,8.032958715890258,-0.12883482057540868
719,8.02983899977295,-0.1292409982728185
720,8.026718293631593,-0.1296472860841849
721,8.023596637566992,-0.1300536786194742
722,8.020474071790499,-0.13046017047678346
723,8.017350636623432,-0.13086675624244257
724,8.014226372496461,-0.13127343049111773
725,8.011101319949004,-0.1316801877859158
726,8.00797551962859,-0.13208702267848907
727,8.004849012290295,-0.13249392970913823
728,8.001721838796044,-0.13290090340692085
729,7.998594040114045,-0.13330793828975443
730,7.995465657318098,-0.13371502886452535
731,7.992336731586982,-0.13412216962719473
732,7.989207304203797,-0.1345293550629061
733,7.986077416555298,-0.13493657964609418
734,7.982947110131252,-0.13534383784059267
735,7.979816426523753,-0.13575112409974413
736,7.97668540742655,-0.13615843286650953
737,7.973554094634373,-0.1365657585735784
738,7.970422530042243,-0.13697309564347943
739,7.967290755644775,-0.13738043848869216
740,7.964158813535466,-0.13778778151175936
741,7.961026745906028,-0.13819511910539725
742,7.957894595045638,-0.1386024456526104
743,7.95476240334024,-0.13900975552680417
744,7.951630213271812,-0.13941704309189873
745,7.948498067417634,-0.13982430270244364
746,7.945366008449554,-0.1402315287037325
747,7.942234079133252,-0.14063871543191794
748,7.939102322327477,-0.14104585721412832
749,7.9359707809832996,-0.14145294836858333
750,7.932839498143353,-0.14185998320471127
751,7.929708516941039,-0.1422669560232671
752,7.926577880599794,-0.14267386111644836
753,7.923447632432272,-0.14308069276801572
754,7.920317815839566,-0.14348744525341084
755,7.917188474310424,-0.1438941128398756
756,7.914059651420434,-0.14430068978657243
757,7.91093139083123,-0.14470717034470384
758,7.907803736289657,-0.14511354875763463
759,7.904676731626977,-0.14551981926101165
760,7.901550420758025,-0.14592597608288635
761,7.898424847680364,-0.14633201344383792
762,7.895300056473471,-0.14673792555709425
763,7.892176091297879,-0.14714370662865636
764,7.889052996394318,-0.1475493508574215
765,7.885930816082854,-0.1479548524353083
766,7.8828095947620325,-0.1483602055473802
767,7.879689376907999,-0.14876540437197128
768,7.8765702070736205,-0.14917044308081154
769,7.873452129887587,-0.14957531583915365
770,7.870335190053535,-0.1499800168058985
771,7.867219432349149,-0.15038454013372238
772,7.864104901625234,-0.1507888799692048
773,7.860991642804825,-0.15119303045295623
774,7.857879700882249,-0.15159698571974642
775,7.854769120922197,-0.1520007398986334
776,7.851659948058819,-0.15240428711309195
777,7.8485522274947455,-0.1528076214811444
778,7.845446004500172,-0.15321073711548966
779,7.842341324411879,-0.15361362812363477
780,7.839238232632285,-0.15401628860802555
781,7.83613677462849,-0.15441871266617735
782,7.833036995931287,-0.1548208943908078
783,7.829938942134155,-0.15522282786997
784,7.826842658892338,-0.15562450718718263
785,7.823748191921801,-0.15602592642156501
786,7.820655586998227,-0.15642707964797112
787,7.817564889956025,-0.15682796093712278
788,7.814476146687319,-0.1572285643557438
789,7.811389403140919,-0.15762888396669528
790,7.808304705321291,-0.15802891382911116
791,7.805222099287511,-0.15842864799853393
792,7.8021416311522716,-0.15882808052704928
793,7.799063347080752,-0.15922720546342534
794,7.795987293289636,-0.15962601685324726
795,7.7929135160460135,-0.16002450873905555
796,7.789842061666323,-0.16042267516048336
797,7.7867729765152545,-0.16082051015439566
798,7.783706307004699,-0.1612180077550266
799,7.7806420995926455,-0.1616151619941181
800,7.77758040078207,-0.16201196690106107
801,7.774521257119849,-0.1624084165030333
802,7.771464715195644,-0.1628045048251405
803,7.768410821640787,-0.1632002258905561
804,7.7653596231271615,-0.16359557372066225
805,7.762311166366044,-0.16399054233519222
806,7.7592654981070135,-0.1643851257523698
807,7.756222665136772,-0.16477931798905301
808,7.753182714277998,-0.16517311306087612
809,7.750145692388196,-0.165566504982392
810,7.747111646358543,-0.16595948776721486
811,7.744080623112689,-0.16635205542816478
812,7.741052669605603,-0.1667442019774104
813,7.738027832822389,-0.16713592142661346
814,7.735006159777072,-0.1675272077870734
815,7.73198769751143,-0.16791805506987187
816,7.7289724930937584,-0.16830845728601862
817,7.725960593617689,-0.16869840844659578
818,7.722952046200943,-0.16908790256290526
819,7.719946897984132,-0.16947693364661345
820,7.716945196129511,-0.1698654957098987
821,7.713946987819743,-0.17025358276559774
822,7.710952320256661,-0.17064118882735305
823,7.707961240660008,-0.1710283079097603
824,7.704973796266184,-0.17141493402851612
825,7.701990034326994,-0.1718010612005658
826,7.699010002108333,-0.17218668344425336
827,7.696033746888973,-0.17257179477946794
828,7.693061315959226,-0.17295638922779483
829,7.690092756619676,-0.17334046081266374
830,7.687128116179893,-0.17372400355949866
831,7.684167441957091,-0.17410701149586863
832,7.681210781274864,-0.17448947865163666
833,7.678258181461839,-0.17487139905911137
834,7.675309689850367,-0.17525276675319715
835,7.672365353775191,-0.17563357577154562
836,7.669425220572105,-0.17601382015470712
837,7.666489337576614,-0.1763934939462823
838,7.663557752122608,-0.1767725911930733
839,7.660630511540965,-0.1771511059452376
840,7.657707663158234,-0.17752903225643873
841,7.654789254295237,-0.1779063641840005
842,7.651875332265715,-0.1782830957890589
843,7.648965944374939,-0.17865922113671603
844,7.646061137918327,-0.1790347342961934
845,7.643160960180053,-0.1794096293409859
846,7.6402654584316565,-0.17978390034901504
847,7.637374679930622,-0.1801575414027847
848,7.634488671918985,-0.18053054658953432
849,7.631607481621922,-0.18090291000139336
850,7.628731156246314,-0.18127462573553751
851,7.625859742979314,-0.1816456878943436
852,7.622993288986946,-0.18201609058554388
853,7.620131841412621,-0.1823858279223833
854,7.617275447375731,-0.18275489402377412
855,7.614424153970188,-0.18312328301445208
856,7.611578008262954,-0.18349098902513347
857,7.608737057292591,-0.18385800619267087
858,7.605901348067797,-0.18422432866020982
859,7.603070927565924,-0.18458995057734628
860,7.600245842731504,-0.1849548661002831
861,7.597426140474763,-0.18531906939198772
862,7.594611867670137,-0.18568255462234906
863,7.591803071154777,-0.18604531596833535
864,7.588999797727037,-0.18640734761415234
865,7.586202094144981,-0.18676864375140081
866,7.583410007124863,-0.18712919857923513
867,7.580623583339624,-0.18748900630452095
868,7.577842869417339,-0.18784806114199493
869,7.575067911939752,-0.1882063573144209
870,7.57229875744067,-0.18856388905275184
871,7.569535452404491,-0.1889206505962859
872,7.56677804326462,-0.18927663619282756
873,7.564026576401938,-0.18963184009884576
874,7.5612810981432474,-0.18998625657963403
875,7.558541654759725,-0.19033987990946902
876,7.555808292465359,-0.19069270437177052
877,7.553081057415361,-0.1910447242592622
878,7.550359995704626,-0.19139593387412995
879,7.547645153366146,-0.19174632752818271
880,7.5449365763694285,-0.19209589954301226
881,7.542234310618913,-0.19244464425015392
882,7.5395384019523926,-0.19279255599124603
883,7.536848896139399,-0.19313962911819152
884,7.534165838879624,-0.19348585799331763
885,7.531489275801322,-0.19383123698953644
886,7.528819252459688,-0.19417576049050603
887,7.526155814335268,-0.19451942289079083
888,7.523499006832328,-0.19486221859602298
889,7.520848875277234,-0.19520414202306324
890,7.51820546491686,-0.19554518760016112
891,7.515568820916935,-0.195885349767117
892,7.512938988360425,-0.1962246229754428
893,7.510316012245888,-0.19656300168852353
894,7.507699937485862,-0.19690048038177796
895,7.505090808905201,-0.19723705354282056
896,7.502488671239446,-0.1975727156716223
897,7.499893569133183,-0.1979074612806722
898,7.497305547138376,-0.1982412848951391
899,7.494724649712731,-0.19857418105303237
900,7.492150921218015,-0.19890614430536496
901,7.489584405918432,-0.19923716921631268
902,7.487025147978946,-0.19956725036337705
903,7.484473191463588,-0.19989638233754736
904,7.481928580333834,-0.20022455974346084
905,7.479391358446901,-0.20055177719956527
906,7.4768615695540825,-0.2008780293382804
907,7.474339257299083,-0.20120331080615855
908,7.4718244652163195,-0.20152761626404764
909,7.469317236729262,-0.2018509403872514
910,7.466817615148724,-0.20217327786569195
911,7.464325643671207,-0.2024946234040703
912,7.461841365377172,-0.20281497172202917
913,7.459364823229406,-0.20313431755431224
914,7.456896060071282,-0.2034526556509276
915,7.4544351186250735,-0.20376998077730846
916,7.451982041490265,-0.20408628771447448
917,7.449536871141872,-0.20440157125919223
918,7.447099649928695,-0.20471582622413803
919,7.444670420071675,-0.2050290474380572
920,7.442249223662145,-0.2053412297459267
921,7.439836102660138,-0.20565236800911588
922,7.4374310988927075,-0.205962457105546
923,7.435034254052185,-0.2062714919298529
924,7.432645609694499,-0.2065794673935467
925,7.430265207237442,-0.20688637842517332
926,7.427893087958981,-0.20719221997047407
927,7.425529292995536,-0.20749698699254704
928,7.4231738633402875,-0.20780067447200667
929,7.4208268398414265,-0.20810327740714493
930,7.418488263200491,-0.20840479081409025
931,7.416158173970605,-0.2087052097269696
932,7.413836612554805,-0.2090045291980661
933,7.411523619204299,-0.20930274429798065
934,7.409219234016761,-0.20959985011579074
935,7.406923496934638,-0.20989584175920964
936,7.404636447743412,-0.21019071435474643
937,7.4023581260698865,-0.2104844630478654
938,7.400088571380479,-0.2107770830031452
939,7.397827822979524,-0.21106856940443658
940,7.395575920007529,-0.21135891745502294
941,7.393332901439505,-0.21164812237777697
942,7.391098806083212,-0.2119361794153212
943,7.38887367257748,-0.21222308383018468
944,7.386657539390477,-0.2125088309049621
945,7.384450444818026,-0.2127934159424707
946,7.382252426981872,-0.21307683426590934
947,7.380063523828008,-0.21335908121901412
948,7.377883773124935,-0.2136401521662177
949,7.375713212461984,-0.213920042492805
950,7.373551879247612,-0.21419874760507068
951,7.371399810707694,-0.2144762629304757
952,7.369257043883829,-0.21475258391780389
953,7.367123615631638,-0.21502770603731852
954,7.364999562619091,-0.21530162478091733
955,7.362884921324793,-0.21557433566228906
956,7.360779728036304,-0.21584583421706888
957,7.35868401884846,-0.21611611600299338
958,7.356597829661663,-0.21638517660005632
959,7.354521196180238,-0.21665301161066214
960,7.352454153910728,-0.21691961665978146
961,7.3503967381602004,-0.21718498739510592
962,7.3483489840346214,-0.21744911948720036
963,7.3463109264371615,-0.21771200862965742
964,7.344282600066502,-0.21797365053925205
965,7.342264039415222,-0.21823404095609272
966,7.3402552787681055,-0.21849317564377538
967,7.3382563522004896,-0.21875105038953602
968,7.3362672935766176,-0.21900766100440236
969,7.334288136547998,-0.21926300332334586
970,7.332318914551734,-0.219517073205434
971,7.330359660808907,-0.2197698665339808
972,7.328410408322916,-0.22002137921669873
973,7.326471189877881,-0.22027160718584773
974,7.3245420380369755,-0.22052054639838733
975,7.3226229851408275,-0.2207681928361256
976,7.320714063305897,-0.22101454250586866
977,7.318815304422839,-0.22125959143957125
978,7.316926740154931,-0.221503335694484
979,7.315048401936455,-0.22174577135330237
980,7.313180320971081,-0.22198689452431566
981,7.311322528230301,-0.2222267013415541
982,7.3094750544518075,-0.222465187964937
983,7.307637930137939,-0.22270235058041918
984,7.305811185554097,-0.22293818540013743
985,7.303994850727153,-0.22317268866255835
986,7.3021889554439126,-0.22340585663262205
987,7.3003935292495505,-0.22363768560188887
988,7.298608601446025,-0.22386817188868513
989,7.29683420109058,-0.22409731183824597
990,7.295070356994168,-0.22432510182286122
991,7.293317097719924,-0.2245515382420187
992,7.291574451581639,-0.22477661752254763
993,7.289842446642249,-0.22500033611876133
994,7.288121110712301,-0.22522269051260027
995,7.286410471348469,-0.22544367721377367
996,7.284710555852023,-0.22566329275990182
997,7.283021391267378,-0.22588153371665612
998,7.281343004380556,-0.22609839667790183
999,7.2796754217177595,-0.22631387826583568
1000,7.278018669543867,-0.22652797513112802
1001,7.276372773860993,-0.2267406839530602
1002,7.274737760407,-0.22695200143966576
1003,7.2731136546541,-0.22716192432786583
1004,7.271500481807365,-0.22737044938360995
1005,7.269898266803333,-0.22757757340201146
1006,7.26830703430857,-0.2277832932074848
1007,7.26672680871826,-0.22798760565388249
1008,7.265157614154796,-0.22819050762463025
1009,7.26359947446638,-0.22839199603286314
1010,7.262052413225656,-0.22859206782155925
1011,7.260516453728312,-0.22879065674415905
1012,7.258991639838002,-0.22898775803503685
1013,7.257478015129415,-0.22918336696418137
1014,7.255975622886388,-0.22937747883731155
1015,7.254484506100086,-0.2295700889959892
1016,7.253004707467146,-0.22976119281773252
1017,7.25153626938786,-0.2299507857161272
1018,7.250079233964351,-0.23013886314093807
1019,7.2486336429987785,-0.230325420578218
1020,7.2471995379915155,-0.23051045355041844
1021,7.245776960139377,-0.23069395761649675
1022,7.244365950333821,-0.23087592837202456
1023,7.242966549159185,-0.23105636144929376
1024,7.241578796890938,-0.23123525251742186
1025,7.240202733493901,-0.23141259728245756
1026,7.238838398620517,-0.23158839148748467
1027,7.237485831609119,-0.23176263091272495
1028,7.236145071482225,-0.23193531137563922
1029,7.2348161569447935,-0.23210642873103057
1030,7.233499126382552,-0.23227597887114335
1031,7.232194017860282,-0.23244395772576332
1032,7.230900869120168,-0.23261036126231557
1033,7.229619717580122,-0.2327751854859622
1034,7.228350600332101,-0.23293842643970056
1035,7.227093554140502,-0.23310008020445674
1036,7.2258486154405075,-0.2332601428991822
1037,7.224615820336465,-0.2334186106809472
1038,7.223395204600273,-0.23357547974503431
1039,7.2221868036698,-0.2337307463250299
1040,7.220990652647301,-0.23388440669291521
1041,7.219806786297806,-0.23403645715915855
1042,7.218635239047611,-0.23418689407280227
1043,7.217476044982705,-0.23433571382155274
1044,7.216329237847219,-0.23448291283186795
1045,7.215194851041939,-0.23462848756904342
1046,7.214072917622772,-0.234772434537298
1047,7.212963470299259,-0.2349147502798594
1048,7.211866541433097,-0.23505543137904675
1049,7.21078216303666,-0.23519447445635464
1050,7.209710366771538,-0.2353318761725348
1051,7.208651183947122,-0.2354676332276764
1052,7.207604645519151,-0.23560174236128664
1053,7.206570782088308,-0.23573420035237
1054,7.205549623898813,-0.23586500401950633
1055,7.204541200837056,-0.23599415022092726
1056,7.203545542430205,-0.23612163585459356
1057,7.2025626778448535,-0.23624745785826998
1058,7.2015926358856905,-0.23637161320959935
1059,7.200635444994162,-0.2364940989261763
1060,7.199691133247174,-0.23661491206561877
1061,7.1987597283557765,-0.23673404972564085
1062,7.197841257663885,-0.2368515090441225
1063,7.196935748147033,-0.23696728719917873
1064,7.196043226411093,-0.23708138140922894
1065,7.1951637186910675,-0.23719378893306375
1066,7.194297250849842,-0.23730450706991227
1067,7.193443848377018,-0.23741353315950658
1068,7.192603536387685,-0.23752086458214794
1069,7.191776339621269,-0.2376264987587695
1070,7.190962282440377,-0.23773043315099884
1071,7.190161388829653,-0.23783266526122024
1072,7.189373682394667,-0.23793319263263474
1073,7.188599186360778,-0.23803201284932074
1074,7.187837923572087,-0.23812912353629176
1075,7.187089916490312,-0.23822452235955557
1076,7.186355187193788,-0.23831820702616896
1077,7.185633757376377,-0.23841017528429576
1078,7.184925648346476,-0.2385004249232601
1079,7.184230881026012,-0.23858895377360018
1080,7.183549475949429,-0.23867575970712246
1081,7.18288145326275,-0.23876084063695158
1082,7.182226832722583,-0.23884419451758332
1083,7.181585633695226,-0.23892581934493254
1084,7.180957875155722,-0.23900571315638308
1085,7.180343575686974,-0.2390838740308348
1086,7.179742753478852,-0.23916030008875122
1087,7.179155426327332,-0.23923498949220465
1088,7.178581611633654,-0.23930794044492126
1089,7.17802132640347,-0.23937915119232575
1090,7.177474587246076,-0.239448620021582
1091,7.176941410373574,-0.23951634526163706
1092,7.1764218116001315,-0.23958232528326076
1093,7.175915806341215,-0.23964655849908537
1094,7.175423409612828,-0.23970904336364587
1095,7.174944636030848,-0.2397697783734153
1096,7.174479499810282,-0.23982876206684287
1097,7.174028014764577,-0.23988599302439087
1098,7.173590194304999,-0.23994146986856685
1099,7.17316605143995,-0.23999519126395955
1100,7.172755598774381,-0.24004715591726936
1101,7.17235884850915,-0.24009736257734227
1102,7.171975812440465,-0.2401458100351986
1103,7.171606501959294,-0.24019249712406399
1104,7.171250928050827,-0.2402374227193972
1105,7.1709091012939385,-0.24028058573891845
1106,7.170581031860691,-0.24032198514263486
1107,7.170266729515838,-0.24036161993286695
1108,7.169966203616352,-0.24039948915427267
1109,7.169679463110968,-0.24043559189387106
1110,7.169406516539752,-0.2404699272810652
1111,7.169147372033699,-0.24050249448766262
1112,7.168902037314334,-0.2405332927278962
1113,7.168670519693332,-0.24056232125844404
1114,7.168452826072163,-0.24058957937844735
1115,7.168248962941777,-0.24061506642952746
1116,7.168058936382262,-0.24063878179580314
1117,7.1678827520625745,-0.2406607249039047
1118,7.167720415240245,-0.24068089522298924
1119,7.167571930761131,-0.24069929226475334
1120,7.167437303059188,-0.24071591558344502
1121,7.167316536156232,-0.2407307647758763
1122,7.16720963366177,-0.24074383948143133
1123,7.167116598772814,-0.2407551393820769
1124,7.167037434273717,-0.24076466420237005
1125,7.1669721425360375,-0.24077241370946595
1126,7.166920725518448,-0.24077838771312182
1127,7.166883184766604,-0.24078258606570463
1128,7.1668595214131035,-0.24078500866219246
1129,7.166849736177388,-0.24078565544017988
1130,7.166853829365749,-0.24078452637987813
1131,7.1668718008712835,-0.24078162150411653
1132,7.166903650173906,-0.24077694087834278
1133,7.1669493763403915,-0.24077048461062045
1134,7.16700897802438,-0.24076225285162858
1135,7.167082453466479,-0.24075224579465684
1136,7.167169800494323,-0.24074046367560215
1137,7.1672710165226805,-0.24072690677296332
1138,7.167386098553592,-0.24071157540783425
1139,7.1675150431765084,-0.2406944699438964
1140,7.167657846568432,-0.2406755907874118
1141,7.167814504494136,-0.24065493838721172
1142,7.167985012306348,-0.2406325132346873
1143,7.168169364945966,-0.24060831586377826
1144,7.168367556942324,-0.2405823468509593
1145,7.168579582413432,-0.240554606815228
1146,7.168805435066289,-0.2405250964180884
1147,7.169045108197145,-0.2404938163635371
1148,7.169298594691849,-0.2404607673980463
1149,7.169565887026202,-0.2404259503105449
1150,7.169846977266286,-0.24038936593240132
1151,7.170141857068875,-0.24035101513740278
1152,7.170450517681818,-0.24031089884173507
1153,7.170772949944469,-0.24026901800396072
1154,7.171109144288124,-0.24022537362499588
1155,7.171459090736474,-0.24017996674808692
1156,7.171822778906095,-0.2401327984587853
1157,7.17220019800694,-0.24008386988492175
1158,7.17259133684287,-0.24003318219657885
1159,7.172996183812157,-0.23998073660606478
1160,7.173414726908085,-0.23992653436788197
1161,7.173846953719487,-0.23987057677869925
1162,7.174292851431358,-0.2398128651773196
1163,7.17475240682547,-0.2397534009446488
1164,7.175225606280988,-0.23969218550366217
1165,7.175712435775147,-0.23962922031937015
1166,7.176212880883895,-0.23956450689878392
1167,7.176726926782604,-0.2394980467908788
1168,7.177254558246757,-0.23942984158655758
1169,7.177795759652695,-0.23935989291861184
1170,7.178350514978349,-0.23928820246168334
1171,7.178918807803994,-0.23921477193222399
1172,7.179500621313053,-0.23913960308845408
1173,7.180095938292877,-0.23906269773032082
1174,7.180704741135583,-0.2389840576994541
1175,7.181327011838867,-0.23890368487912364
1176,7.181962732006875,-0.23882158119419308
1177,7.182611882851065,-0.23873774861107377
1178,7.183274445191109,-0.23865218913767738
1179,7.183950399455783,-0.23856490482336876
1180,7.184639725683902,-0.23847589775891556
1181,7.185342403525281,-0.23838517007643786
1182,7.186058412241651,-0.2382927239493588
1183,7.1867877307076835,-0.23819856159234992
1184,7.18753033741196,-0.23810268526127948
1185,7.188286210457997,-0.23800509725315783
1186,7.189055327565244,-0.23790579990608304
1187,7.1898376660701855,-0.23780479559918266
1188,7.190633202927365,-0.23770208675255836
1189,7.191441914710457,-0.23759767582722752
1190,7.192263777613401,-0.23749156532506305
1191,7.193098767451488,-0.23738375778873413
1192,7.193946859662491,-0.23727425580164518
1193,7.19480802930782,-0.23716306198787301
1194,7.195682251073691,-0.23705017901210376
1195,7.1965694992722735,-0.23693560957956994
1196,7.19746974784294,-0.23681935643598298
1197,7.198382970353403,-0.2367014223674706
1198,7.199309140001021,-0.2365818102005057
1199,7.200248229613972,-0.23646052280184213
1200,7.201200211652558,-0.23633756307844306
1201,7.202165058210444,-0.23621293397741228
1202,7.20314274101597,-0.23608663848592315
1203,7.20413323143344,-0.23595867963114625
1204,7.205136500464455,-0.2358290604801764
1205,7.2061525187492315,-0.23569778413995965
1206,7.207181256567949,-0.23556485375721778
1207,7.208222683842131,-0.2354302725183724
1208,7.209276770135996,-0.23529404364946896
1209,7.210343484657874,-0.2351561704160983
1210,7.2114227962615916,-0.23501665612331826
1211,7.212514673447905,-0.23487550411557437
1212,7.213619084365917,-0.23473271777661922
1213,7.214735996814554,-0.23458830052943017
1214,7.215865378244,-0.23444225583612774
1215,7.217007195757187,-0.23429458719789195
1216,7.218161416111265,-0.23414529815487822
1217,7.2193280057191345,-0.2339943922861312
1218,7.2205069306509335,-0.2338418732094994
1219,7.221698156635561,-0.2336877445815484
1220,7.22290164906225,-0.23353201009747118
1221,7.224117372982092,-0.23337467349100047
1222,7.225345293109612,-0.2332157385343183
1223,7.226585373824344,-0.23305520903796506
1224,7.2278375791724345,-0.23289308885074733
1225,7.229101872868222,-0.2327293818596461
1226,7.23037821829588,-0.2325640919897216
1227,7.231666578511012,-0.23239722320402043
1228,7.2329669162423045,-0.23222877950347892
1229,7.2342791938931885,-0.23205876492682684
1230,7.235603373543485,-0.23188718355048987
1231,7.236939416951084,-0.23171403948849184
1232,7.238287285553623,-0.23153933689235517
1233,7.239646940470184,-0.23136307995100125
1234,7.241018342503006,-0.2311852728906485
1235,7.242401452139179,-0.23100591997471193
1236,7.2437962295523945,-0.2308250255036989
1237,7.245202634604674,-0.23064259381510624
1238,7.246620626848116,-0.23045862928331534
1239,7.248050165526637,-0.23027313631948737
1240,7.24949120957777,-0.2300861193714557
1241,7.2509437176344145,-0.2298975829236197
1242,7.2524076480266375,-0.2297075314968361
1243,7.2538829587834615,-0.22951596964831
1244,7.255369607634667,-0.22932290197148542
1245,7.256867552012615,-0.22912833309593417
1246,7.258376749054063,-0.2289322676872438
1247,7.259897155602002,-0.22873471044690613
1248,7.261428728207489,-0.22853566611220302
1249,7.262971423131509,-0.2283351394560923
1250,7.264525196346819,-0.22813313528709295
1251,7.266090003539818,-0.22792965844916885
1252,7.267665800112433,-0.2277247138216117
1253,7.2692525411839695,-0.2275183063189245
1254,7.270850181593033,-0.22731044089070157
1255,7.272458675899403,-0.22710112252151043
1256,7.274077978385959,-0.22689035623077033
1257,7.275708043060565,-0.2266781470726326
1258,7.277348823658004,-0.22646450013585778
1259,7.2790002736419215,-0.2262494205436925
1260,7.280662346206714,-0.22603291345374746
1261,7.2823349942795055,-0.2258149840578716
1262,7.284018170522072,-0.2255956375820278
1263,7.2857118273328085,-0.22537487928616592
1264,7.28741591684867,-0.22515271446409715
1265,7.289130390947149,-0.22492914844336528
1266,7.2908552012482435,-0.22470418658511868
1267,7.292590299116431,-0.22447783428398052
1268,7.294335635662641,-0.22425009696791973
1269,7.296091161746249,-0.22402098009811924
1270,7.297856827977075,-0.2237904891688444
1271,7.299632584717382,-0.22355862970730983
1272,7.301418382083859,-0.22332540727354752
1273,7.3032141699496425,-0.2230908274602719
1274,7.30501989794632,-0.22285489589274501
1275,7.306835515465958,-0.22261761822864082
1276,7.308660971663118,-0.2223790001579087
1277,7.3104962154568724,-0.22213904740263635
1278,7.312341195532834,-0.22189776571691228
1279,7.314195860345207,-0.22165516088668583
1280,7.316060158118811,-0.2214112387296284
1281,7.317934036851112,-0.22116600509499335
1282,7.319817444314277,-0.2209194658634745
1283,7.32171032805722,-0.22067162694706471
1284,7.323612635407663,-0.2204224942889122
1285,7.325524313474165,-0.22017207386317877
1286,7.327445309148189,-0.21992037167489517
1287,7.329375569106181,-0.21966739375981514
1288,7.331315039811592,-0.21941314618427185
1289,7.33326366751698,-0.2191576350450301
1290,7.335221398266058,-0.2189008664691396
1291,7.337188177895764,-0.21864284661378752
1292,7.339163952038331,-0.2183835816661502
1293,7.341148666123367,-0.21812307784324317
1294,7.343142265379922,-0.21786134139177174
1295,7.345144694838573,-0.21759837858798037
1296,7.347155899333487,-0.21733419573750135
1297,7.3491758235045115,-0.21706879917520264
1298,7.351204411799276,-0.21680219526503433
1299,7.35324160847522,-0.21653439039987687
1300,7.3552873576017195,-0.21626539100138598
1301,7.3573416030621575,-0.21599520351983736
1302,7.359404288556005,-0.21572383443397217
1303,7.361475357600915,-0.21545129025083978
1304,7.3635547535348,-0.2151775775056416
1305,7.36564241951792,-0.21490270276157333
1306,7.367738298534973,-0.21462667260966645
1307,7.369842333397165,-0.21434949366862993
1308,7.371954466744325,-0.21407117258468952
1309,7.374074641046949,-0.21379171603142957
1310,7.376202798608335,-0.21351113070962938
1311,7.3783388815666315,-0.21322942334710387
1312,7.380482831896932,-0.21294660069854043
1313,7.382634591413372,-0.21266266954533622
1314,7.384794101771192,-0.2123776366954347
1315,7.3869613044688265,-0.21209150898316176
1316,7.389136140849995,-0.2118042932690606
1317,7.391318552105785,-0.21151599643972607
1318,7.393508479276709,-0.2112266254076396
1319,7.395705863254788,-0.21093618711100218
1320,7.397910644785654,-0.21064468851356655
1321,7.400122764470597,-0.21035213660446994
1322,7.402342162768638,-0.21005853839806587
1323,7.4045687799986215,-0.2097639009337543
1324,7.406802556341267,-0.2094682312758123
1325,7.409043431841239,-0.20917153651322423
1326,7.411291346409226,-0.20887382375950989
1327,7.413546239823984,-0.20857510015255412
1328,7.415808051734403,-0.20827537285443423
1329,7.418076721661584,-0.2079746490512473
1330,7.420352189000854,-0.20767293595293776
1331,7.422634393023855,-0.207370240793123
1332,7.424923272880584,-0.20706657082891897
1333,7.427218767601438,-0.20676193334076548
1334,7.42952081609927,-0.20645633563225047
1335,7.4318293571714,-0.20614978502993536
1336,7.434144329501698,-0.2058422888831762
1337,7.4364656716625746,-0.2055338545639489
1338,7.4387933221170375,-0.2052244894666704
1339,7.441127219220725,-0.20491420100802052
1340,7.443467301223908,-0.20460299662676365
1341,7.445813506273538,-0.20429088378356924
1342,7.448165772415246,-0.2039778699608322
1343,7.450524037595366,-0.20366396266249248
1344,7.452888239662927,-0.20334916941385506
1345,7.455258316371688,-0.2030334977614075
1346,7.457634205382114,-0.20271695527263922
1347,7.4600158442633875,-0.20239954953585834
1348,7.462403170495413,-0.2020812881600092
1349,7.464796121470771,-0.20176217877448963
1350,7.467194634496727,-0.20144222902896694
1351,7.469598646797227,-0.20112144659319264
1352,7.472008095514838,-0.20079983915681943
1353,7.474422917712734,-0.2004774144292152
1354,7.476843050376688,-0.2001541801392764
1355,7.479268430416996,-0.19983014403524374
1356,7.48169899467045,-0.19950531388451434
1357,7.48413467990229,-0.19917969747345535
1358,7.48657542280815,-0.19885330260721618
1359,7.489021160016015,-0.19852613710953998
1360,7.491471828088125,-0.1981982088225767
1361,7.493927363522924,-0.1978695256066934
1362,7.4963877027570085,-0.19754009534028438
1363,7.498852782167001,-0.1972099259195832
1364,7.501322538071521,-0.19687902525847054
1365,7.503796906733052,-0.19654740128828513
1366,7.506275824359862,-0.19621506195763253
1367,7.5087592271079036,-0.1958820152321937
1368,7.511247051082716,-0.19554826909453274
1369,7.513739232341287,-0.195213831543906
1370,7.516235706893958,-0.1948787105960684
1371,7.518736410706296,-0.1945429142830809
1372,7.521241279700958,-0.19420645065311726
1373,7.523750249759561,-0.19386932777027027
1374,7.526263256724526,-0.1935315537143583
1375,7.528780236400957,-0.19319313658072934
1376,7.531301124558475,-0.19285408448006727
1377,7.533825856933042,-0.19251440553819713
1378,7.536354369228812,-0.1921741078958889
1379,7.5388865971199746,-0.19183319970866072
1380,7.541422476252522,-0.19149168914658557
1381,7.543961942246124,-0.1911495843940913
1382,7.5465049306959004,-0.19080689364976616
1383,7.549051377174244,-0.19046362512615997
1384,7.551601217232599,-0.19011978704958776
1385,7.554154386403253,-0.18977538765993143
1386,7.556710820201133,-0.18943043521044134
1387,7.559270454125572,-0.18908493796753764
1388,7.561833223662069,-0.1887389042106125
1389,7.564399064284069,-0.18839234223182966
1390,7.566967911454712,-0.18804526033592575
1391,7.5695397006285665,-0.1876976668400108
1392,7.572114367253397,-0.1873495700733675
1393,7.574691846771895,-0.18700097837725094
1394,7.577272074623386,-0.18665190010468882
1395,7.579854986245568,-0.18630234362028034
1396,7.582440517076228,-0.1859523172999943
1397,7.585028602554943,-0.18560182953096865
1398,7.5876191781247915,-0.18525088871130788
1399,7.5902121792340225,-0.18489950324988252
1400,7.592807541337769,-0.18454768156612572
1401,7.595405199899703,-0.18419543208983172
1402,7.598005090393739,-0.18384276326095222
1403,7.600607148305656,-0.18348968352939515
1404,7.603211309134801,-0.18313620135481948
1405,7.605817508395722,-0.18278232520643292
1406,7.608425681619795,-0.1824280635627888
1407,7.611035764356866,-0.18207342491158238
1408,7.613647692176899,-0.18171841774944586
1409,7.6162614006715845,-0.1813630505817448
1410,7.618876825455955,-0.1810073319223736
1411,7.621493902169986,-0.18065127029355127
1412,7.624112566480206,-0.18029487422561616
1413,7.626732754081282,-0.17993815225682153
1414,7.629354400697606,-0.1795811129331299
1415,7.631977442084867,-0.17922376480800847
1416,7.6346018140316305,-0.1788661164422227
1417,7.637227452360898,-0.17850817640363126
1418,7.639854292931664,-0.1781499532669798
1419,7.642482271640456,-0.17779145561369572
1420,7.645111324422871,-0.17743269203168174
1421,7.647741387255117,-0.1770736711151094
1422,7.650372396155549,-0.17671440146421255
1423,7.6530042871861665,-0.17635489168508103
1424,7.6556369964541275,-0.17599515038945457
1425,7.658270460113261,-0.17563518619451485
1426,7.660904614365543,-0.17527500772267995
1427,7.6635393954626005,-0.17491462360139626
1428,7.6661747397071975,-0.1745540424629313
1429,7.668810583454692,-0.17419327294416703
1430,7.671446863114495,-0.17383232368639262
1431,7.67408351515154,-0.17347120333509683
1432,7.676720476087751,-0.1731099205397592
1433,7.67935768250343,-0.1727484839536454
1434,7.681995071038746,-0.17238690223359646
1435,7.684632578395127,-0.17202518403982303
1436,7.687270141336707,-0.17166333803569608
1437,7.6899076966917175,-0.17130137288754002
1438,7.692545181353891,-0.17093929726442453
1439,7.695182532283865,-0.1705771198379565
1440,7.697819686510577,-0.17021484928207137
1441,7.7004565811326335,-0.16985249427282573
1442,7.703093153319678,-0.1694900634881894
1443,7.7057293403137646,-0.16912756560783682
1444,7.708365079430738,-0.16876500931293786
1445,7.711000308061551,-0.16840240328595124
1446,7.713634963673621,-0.16803975621041548
1447,7.716268983812161,-0.16767707677074067
1448,7.718902306101517,-0.1673143736520003
1449,7.7215348682465,-0.16695165553972183
1450,7.724166608033651,-0.16658893111968096
1451,7.726797463332606,-0.16622620907769037
1452,7.729427372097354,-0.1658634980993935
1453,7.732056272367533,-0.1655008068700558
1454,7.734684102269725,-0.1651381440743562
1455,7.7373108000187365,-0.16477551839617827
1456,7.739936303918841,-0.16441293851840358
1457,7.742560552365061,-0.16405041312270205
1458,7.745183483844412,-0.163687950889325
1459,7.7478050369371445,-0.16332556049689634
1460,7.750425150318001,-0.16296325062220435
1461,7.753043762757416,-0.16260102993999476
1462,7.755660813122769,-0.16223890712276165
1463,7.758276240379574,-0.1618768908405408
1464,7.76088998359271,-0.1615149897607006
1465,7.763501981927617,-0.16115321254773485
1466,7.7661121746514725,-0.16079156786305618
1467,7.768720501134397,-0.16043006436478688
1468,7.771326900850624,-0.1600687107075526
1469,7.7739313133796815,-0.15970751554227391
1470,7.776533678407526,-0.15934648751596128
1471,7.779133935727745,-0.15898563527150486
1472,7.78173202524267,-0.1586249674474697
1473,7.784327886964544,-0.1582644926778877
1474,7.786921461016627,-0.15790421959205186
1475,7.78951268763435,-0.15754415681430864
1476,7.792101507166437,-0.15718431296385132
1477,7.794687860075986,-0.15682469665451498
1478,7.797271686941622,-0.15646531649456819
1479,7.79985292845855,-0.15610618108650887
1480,7.802431525439681,-0.15574729902685686
1481,7.805007418816703,-0.15538867890594898
1482,7.807580549641155,-0.15503032930773283
1483,7.810150859085507,-0.15467225880956167
1484,7.812718288444217,-0.15431447598198886
1485,7.81528277913479,-0.1539569893885628
1486,7.8178442726988315,-0.15359980758562178
1487,7.820402710803082,-0.15324293912208956
1488,7.822958035240468,-0.15288639253926983
1489,7.825510187931095,-0.152530176370644
1490,7.828059110923322,-0.15217429914166397
1491,7.830604746394731,-0.15181876936955044
1492,7.83314703665316,-0.1514635955630881
1493,7.835685924137688,-0.15110878622242266
1494,7.83822135141964,-0.15075434983885674
1495,7.840753261203579,-0.1504002948946473
1496,7.8432815963282625,-0.15004662986280276
1497,7.845806299767656,-0.14969336320687945
1498,7.848327314631873,-0.14934050338077987
1499,7.850844584168127,-0.14898805882855107
1500,7.853358051761718,-0.14863603798418104
1501,7.8558676609369416,-0.14828444927139908
1502,7.858373355358055,-0.14793330110347302
1503,7.860875078830206,-0.14758260188300787
1504,7.863372775300363,-0.14723236000174564
1505,7.865866388858216,-0.14688258384036462
1506,7.868355863737122,-0.14653328176827848
1507,7.870841144314994,-0.14618446214343622
1508,7.873322175115194,-0.14583613331212356
1509,7.875798900807447,-0.1454883036087618
1510,7.878271266208724,-0.14514098135570935
1511,7.880739216284117,-0.144794174863063
1512,7.883202696147717,-0.144447892428459
1513,7.885661651063483,-0.1441021423368751
1514,7.888116026446118,-0.14375693286043173
1515,7.890565767861894,-0.14341227225819575
1516,7.893010821029547,-0.14306816877598127
1517,7.895451131821074,-0.14272463064615468
1518,7.897886646262608,-0.14238166608743608
1519,7.90031731053523,-0.14203928330470417
1520,7.9027430709757995,-0.14169749048879984
1521,7.9051638740777745,-0.14135629581633033
1522,7.907579666492024,-0.1410157074494743
1523,7.909990395027636,-0.14067573353578677
1524,7.912396006652704,-0.14033638220800468
1525,7.914796448495163,-0.13999766158385155
1526,7.917191667843532,-0.1396595797658453
1527,7.919581612147726,-0.13932214484110372
1528,7.921966229019814,-0.13898536488115193
1529,7.924345466234809,-0.13864924794172903
1530,7.926719271731419,-0.1383138020625964
1531,7.929087593612821,-0.13797903526734503
1532,7.931450380147399,-0.137644955563205
1533,7.933807579769497,-0.13731157094085347
1534,7.936159141080178,-0.13697888937422403
1535,7.938505012847921,-0.13664691882031735
1536,7.940845144009401,-0.13631566721900967
1537,7.9431794836701775,-0.13598514249286478
1538,7.945507981105417,-0.1356553525469446
1539,7.9478305857606335,-0.13532630526861958
1540,7.950147247252369,-0.1349980085273818
1541,7.952457915368917,-0.13467047017465603
1542,7.954762540070994,-0.13434369804361385
1543,7.957061071492446,-0.1340176999489858
1544,7.959353459940943,-0.133692483686875
1545,7.961639655898651,-0.1333680570345711
1546,7.9639196100228995,-0.1330444277503655
1547,7.966193273146869,-0.13272160357336532
1548,7.968460596280243,-0.13239959222330944
1549,7.970721530609859,-0.1320784014003848
1550,7.972976027500375,-0.1317580387850423
1551,7.975224038494937,-0.1314385120378126
1552,7.977465515315782,-0.1311198287991254
1553,7.9797004098649,-0.13080199668912607
1554,7.981928674224658,-0.13048502330749476
1555,7.984150260658441,-0.1301689162332643
1556,7.986365121611264,-0.12985368302464004
1557,7.988573209710381,-0.1295393312188201
1558,7.99077447776592,-0.12922586833181504
1559,7.992968878771467,-0.12891330185826907
1560,7.995156365904691,-0.12860163927128104
1561,7.997336892527925,-0.12829088802222705
1562,7.999510412188765,-0.1279810555405822
1563,8.00167687862065,-0.12767214923374418
1564,8.003836245743459,-0.12736417648685636
1565,8.005988467664064,-0.12705714466263224
1566,8.008133498676928,-0.1267510611011799
1567,8.01027129326468,-0.1264459331198259
1568,8.012401806098623,-0.12614176801294413
1569,8.014524992039375,-0.12583857305177787
1570,8.016640806137344,-0.12553635548427064
1571,8.018749203633329,-0.12523512253489072
1572,8.020850139959046,-0.12493488140446043
1573,8.022943570737674,-0.12463563926998415
1574,8.025029451784368,-0.12433740328447812
1575,8.027107739106823,-0.12404018057679927
1576,8.029178388905773,-0.12374397825147614
1577,8.031241357575537,-0.12344880338853909
1578,8.033296601704507,-0.12315466304335243
1579,8.03534407807567,-0.12286156424644665
1580,8.03738374366714,-0.12256951400334988
1581,8.03941555565263,-0.12227851929442217
1582,8.041439471401965,-0.12198858707468926
1583,8.04345544848156,-0.12169972427367742
1584,8.045463444654954,-0.1214119377952466
1585,8.047463417883248,-0.12112523451742886
1586,8.049455326325607,-0.120839621292263
1587,8.051439128339737,-0.12055510494563203
1588,8.053414782482351,-0.1202716922771011
1589,8.055382247509664,-0.11998939005975442
1590,8.057341482377822,-0.11970820504003578
1591,8.05929244624337,-0.11942814393758772
1592,8.061235098463735,-0.1191492134450908
1593,8.063169398597642,-0.11887142022810547
1594,8.065095306405588,-0.11859477092491306
1595,8.06701278185029,-0.11831927214635721
1596,8.06892178509709,-0.11804493047568854
1597,8.070822276514438,-0.1177717524684059
1598,8.072714216674276,-0.11749974465210275
1599,8.074597566352503,-0.11722891352631039
1600,8.076472286529395,-0.11695926556234323
1601,8.078338338389996,-0.11669080720314678
1602,8.080195683324567,-0.11642354486314273
1603,8.082044282928988,-0.116157484928077
1604,8.083884099005166,-0.11589263375486823
1605,8.085715093561427,-0.11562899767145696
1606,8.087537228812945,-0.11536658297665421
1607,8.08935046718211,-0.11510539593999292
1608,8.09115477129895,-0.11484544280157788
1609,8.09295010400149,-0.11458672977193891
1610,8.094736428336159,-0.11432926303188244
1611,8.09651370755817,-0.11407304873234421
1612,8.09828190513189,-0.1138180929942442
1613,8.100040984731237,-0.11356440190834015
1614,8.101790910240018,-0.1133119815350839
1615,8.103531645752321,-0.11306083790447721
1616,8.105263155572876,-0.11281097701592799
1617,8.106985404217413,-0.1125624048381083
1618,8.108698356413024,-0.11231512730881237
1619,8.110401977098501,-0.11206915033481618
1620,8.112096231424703,-0.11182447979173694
1621,8.113781084754908,-0.11158112152389253
1622,8.115456502665126,-0.11133908134416531
1623,8.117122450944484,-0.11109836503386072
1624,8.11877889559553,-0.11085897834257284
1625,8.12042580283457,-0.11062092698804686
1626,8.122063139092003,-0.11038421665604371
1627,8.123690871012663,-0.11014885300020419
1628,8.12530896545611,-0.10991484164191627
1629,8.126917389496986,-0.10968218817018005
1630,8.128516110425316,-0.10945089814147625
1631,8.1301050957468,-0.10922097707963489
1632,8.13168431318315,-0.1089924304757031
1633,8.133253730672404,-0.10876526378781519
1634,8.134813316369216,-0.10853948244106282
1635,8.13636303864516,-0.10831509182736729
1636,8.137902866089012,-0.10809209730535108
1637,8.139432767507078,-0.1078705042002109
1638,8.140952711923463,-0.10765031780359084
1639,8.142462668580366,-0.10743154337345759
1640,8.14396260693837,-0.1072141861339755
1641,8.145452496676707,-0.10699825127538279
1642,8.146932307693557,-0.10678374395386889
1643,8.148402010106327,-0.1065706692914509
1644,8.149861574251917,-0.10635903237585312
1645,8.151310970686978,-0.10614883826038686
1646,8.152750170188193,-0.10594009196383054
1647,8.154179143752561,-0.10573279847030909
1648,8.155597862597613,-0.10552696272917847
1649,8.157006298161715,-0.10532258965490642
1650,8.158404422104324,-0.1051196841269556
1651,8.159792206306193,-0.10491825098967084
1652,8.161169622869675,-0.10471829505216151
1653,8.162536644118944,-0.10451982108818852
1654,8.163893242600253,-0.10432283383605163
1655,8.165239391082169,-0.10412733799847669
1656,8.166575062555804,-0.10393333824250496
1657,8.167900230235084,-0.1037408391993811
1658,8.169214867556944,-0.10354984546444537
1659,8.170518948181586,-0.10336036159702358
1660,8.171812445992698,-0.10317239212031941
1661,8.173095335097686,-0.10298594152130736
1662,8.174367589827892,-0.10280101425062653
1663,8.175629184738826,-0.10261761472247495
1664,8.176880094610356,-0.10243574731450629
1665,8.178120294446957,-0.10225541636772457
1666,8.17934975947792,-0.10207662618638216
1667,8.18056846515755,-0.10189938103787788
1668,8.18177638716538,-0.10172368515265591
1669,8.182973501406357,-0.10154954272410698
1670,8.184159784011078,-0.10137695790846732
1671,8.185335211335989,-0.10120593482472011
1672,8.186499759963556,-0.10103647755450013
1673,8.187653406702482,-0.10086859014199552
1674,8.188796128587898,-0.10070227659385228
1675,8.189927902881541,-0.10053754087908058
1676,8.19104870707196,-0.10037438692895953
1677,8.192158518874692,-0.10021281863694519
1678,8.193257316232454,-0.1000528398585777
1679,8.194345077315313,-0.09989445441139062
1680,8.19542178052087,-0.09973766607482124
1681,8.196487404474434,-0.09958247859012018
1682,8.19754192802921,-0.09942889566026322
1683,8.198585330266456,-0.09927692094986405
1684,8.19961759049566,-0.09912655808508734
1685,8.200638688254706,-0.09897781065356334
1686,8.201648603310037,-0.09883068220430309
1687,8.202647315656817,-0.09868517624761453
1688,8.2036348055191,-0.09854129625501926
1689,8.20461105334997,-0.09839904565917115
1690,8.205576039831731,-0.09825842785377423
1691,8.206529745876036,-0.09811944619350305
1692,8.207472152624021,-0.09798210399392489
1693,8.208403241446495,-0.09784640453141895
1694,8.209322993944069,-0.09771235104310044
1695,8.210231391947294,-0.09757994672674393
1696,8.211128417516813,-0.09744919474070805
1697,8.212014052943507,-0.09732009820386006
1698,8.212888280748617,-0.09719266019550366
1699,8.213751083683885,-0.09706688375530549
1700,8.214602444731728,-0.09694277188322187
1701,8.215442347105292,-0.09682032753943194
1702,8.216270774248661,-0.09669955364426341
1703,8.217087709836935,-0.09658045307812711
1704,8.217893137776372,-0.09646302868144704
1705,8.218687042204515,-0.0963472832545942
1706,8.219469407490328,-0.09623321955781951
1707,8.220240218234283,-0.09612084031119036
1708,8.220999459268498,-0.09601014819452558
1709,8.221747115656846,-0.09590114584733238
1710,8.222483172695084,-0.09579383586874385
1711,8.223207615910956,-0.09568822081745745
1712,8.223920431064295,-0.09558430321167607
1713,8.224621604147126,-0.09548208552904801
1714,8.225311121383799,-0.09538157020660773
1715,8.225988969231082,-0.09528275964071894
1716,8.226655134378246,-0.0951856561870193
1717,8.22730960374719,-0.09509026216036313
1718,8.227952364492518,-0.09499657983476827
1719,8.228583404001645,-0.09490461144336221
1720,8.229202709894897,-0.09481435917832912
1721,8.229810270025602,-0.09472582519085825
1722,8.230406072480164,-0.09463901159109428
1723,8.230990105578176,-0.09455392044808632
1724,8.231562357872491,-0.09447055378974019
1725,8.232122818149309,-0.09438891360277053
1726,8.232671475428264,-0.09430900183265396
1727,8.233208318962504,-0.09423082038358357
1728,8.233733338238752,-0.0941543711184245
1729,8.234246522977436,-0.09407965585866818
1730,8.234747863132712,-0.094006676384392
1731,8.235237348892545,-0.09393543443421691
1732,8.235714970678801,-0.09386593170526562
1733,8.236180719147313,-0.09379816985312346
1734,8.236634585187948,-0.09373215049179924
1735,8.237076559924649,-0.09366787519368816
1736,8.23750663471553,-0.09360534548953435
1737,8.23792480115294,-0.0935445628683941
1738,8.238331051063495,-0.09348552877760291
1739,8.238725376508171,-0.0934282446227397
1740,8.23910776978233,-0.09337271176759564
1741,8.239478223415798,-0.09331893153414039
1742,8.239836730172927,-0.0932669052024922
1743,8.240183283052607,-0.09321663401088834
1744,8.240517875288358,-0.09316811915565512
1745,8.240840500348357,-0.09312136179118065
1746,8.241151151935487,-0.09307636302988785
1747,8.241449823987397,-0.09303312394220767
1748,8.24173651067652,-0.09299164555655538
1749,8.24201120641013,-0.09295192885930587
1750,8.242273905830386,-0.09291397479477038
1751,8.242524603814365,-0.09287778426517491
1752,8.242763295474079,-0.09284335813063994
1753,8.242989976156549,-0.09281069720915891
1754,8.243204641443802,-0.09277980227658059
1755,8.243407287152928,-0.09275067406658966
1756,8.243597909336087,-0.09272331327069153
1757,8.243776504280547,-0.09269772053819533
1758,8.243943068508715,-0.09267389647619854
1759,8.244097598778163,-0.09265184164957335
1760,8.24424009208163,-0.09263155658095425
1761,8.244370545647067,-0.0926130417507252
1762,8.244488956937637,-0.0925962975970091
1763,8.244595323651744,-0.09258132451565798
1764,8.244689643723055,-0.09256812286024282
1765,8.244771915320484,-0.09255669294204763
1766,8.244842136848241,-0.0925470350300605
1767,8.244900306945826,-0.09253914935096837
1768,8.244946424488026,-0.09253303608915259
1769,8.244980488584941,-0.09252869538668412
1770,8.245002498581979,-0.09252612734332097
1771,8.245012454059857,-0.0925253320165064
1772,8.24501035483463,-0.09252630942136665
1773,8.244996200957642,-0.09252905953071311
1774,8.244969992715568,-0.09253358227504196
1775,8.244931730630395,-0.09253987754253572
1776,8.244881415459416,-0.09254794517906771
1777,8.244819048195213,-0.09255778498820548
1778,8.244744630065675,-0.09256939673121552
1779,8.244658162533968,-0.09258278012706926
1780,8.244559647298525,-0.09259793485245094
1781,8.244449086293033,-0.09261486054176492
1782,8.244326481686436,-0.09263355678714442
1783,8.244191835882887,-0.09265402313846269
1784,8.24404515152175,-0.09267625910334329
1785,8.243886431477579,-0.09270026414717165
1786,8.24371567886009,-0.09272603769310936
1787,8.243532897014129,-0.09275357912210762
1788,8.243338089519673,-0.09278288777292146
1789,8.243131260191788,-0.09281396294212686
1790,8.24291241308058,-0.09284680388413796
1791,8.24268155247119,-0.09288140981122421
1792,8.242438682883767,-0.09291777989352955
1793,8.242183809073415,-0.09295591325909287
1794,8.241916936030155,-0.09299580899386899
1795,8.241638068978904,-0.09303746614175051
1796,8.241347213379441,-0.09308088370459015
1797,8.241044374926327,-0.09312606064222659
1798,8.240729559548901,-0.09317299587250777
1799,8.240402773411233,-0.09322168827131723
1800,8.240064022912053,-0.09327213667260163
1801,8.239713314684726,-0.09332433986839822
1802,8.239350655597196,-0.09337829660886418
1803,8.238976052751925,-0.09343400560230634
1804,8.238589513485852,-0.09349146551521222
1805,8.238191045370339,-0.09355067497228184
1806,8.237780656211095,-0.09361163255646118
1807,8.237358354048146,-0.09367433680897524
1808,8.236924147155738,-0.09373878622936434
1809,8.236478044042322,-0.0938049792755178
1810,8.236020053450453,-0.09387291436371281
1811,8.235550184356734,-0.09394258986865156
1812,8.235068445971743,-0.09401400412350046
1813,8.234574847740001,-0.09408715541992854
1814,8.23406939933982,-0.09416204200815127
1815,8.233552110683332,-0.0942386620969684
1816,8.233022991916336,-0.09431701385380978
1817,8.23248205341825,-0.09439709540477827
1818,8.231929305802034,-0.09447890483469396
1819,8.231364759914113,-0.09456244018714008
1820,8.230788426834271,-0.09464769946451049
1821,8.2302003178756,-0.0947346806280561
1822,8.229600444584388,-0.09482338159793428
1823,8.228988818740055,-0.09491380025325802
1824,8.228365452355025,-0.0950059344321476
1825,8.227730357674687,-0.09509978193177987
1826,8.227083547177259,-0.09519534050844325
1827,8.226425033573708,-0.09529260787758995
1828,8.22575482980765,-0.09539158171389046
1829,8.225072949055265,-0.0954922596512889
1830,8.224379404725177,-0.09559463928305957
1831,8.22367421045835,-0.09569871816186483
1832,8.222957380128,-0.09580449379981247
1833,8.222228927839476,-0.09591196366851538
1834,8.22148886793015,-0.09602112519915212
1835,8.22073721496932,-0.09613197578252716
1836,8.21997398375808,-0.09624451276913387
1837,8.219199189329212,-0.09635873346921738
1838,8.218412846947086,-0.09647463515283769
1839,8.217614972107496,-0.09659221504993706
1840,8.216805580537597,-0.09671147035040277
1841,8.21598468819574,-0.09683239820413651
1842,8.215152311271355,-0.09695499572112115
1843,8.21430846618484,-0.09707925997148972
1844,8.213453169587416,-0.09720518798559483
1845,8.212586438361015,-0.09733277675407914
1846,8.211708289618112,-0.09746202322794852
1847,8.210818740701628,-0.0975929243186425
1848,8.209917809184772,-0.09772547689810901
1849,8.209005512870899,-0.09785967779887848
1850,8.20808186979339,-0.09799552381413902
1851,8.20714689821548,-0.09813301169781263
1852,8.206200616630136,-0.09827213816463307
1853,8.205243043759895,-0.09841289989022302
1854,8.204274198556726,-0.09855529351117354
1855,8.20329410020186,-0.09869931562512436
1856,8.202302768105653,-0.09884496279084455
1857,8.201300221907415,-0.09899223152831439
1858,8.200286481475262,-0.09914111831880777
1859,8.19926156690596,-0.099291619604976
1860,8.198225498524742,-0.09944373179093273
1861,8.197178296885166,-0.09959745124233872
1862,8.196119982768924,-0.09975277428648924
1863,8.195050577185686,-0.09990969721240048
1864,8.193970101372926,-0.1000682162708983
1865,8.192878576795746,-0.10022832767470702
1866,8.191776025146705,-0.10039002759853909
1867,8.190662468345629,-0.10055331217918685
1868,8.189537928539437,-0.10071817751561378
1869,8.188402428101952,-0.10088461966904737
1870,8.187255989633726,-0.10105263466307259
1871,8.186098635961836,-0.10122221848372669
1872,8.184930390139705,-0.1013933670795937
1873,8.183751275446898,-0.10156607636190218
1874,8.182561315388938,-0.10174034220462125
1875,8.181360533697104,-0.10191616044455842
1876,8.180148954328216,-0.1020935268814599
1877,8.178926601464452,-0.10227243727810889
1878,8.177693499513145,-0.10245288736042645
1879,8.176449673106553,-0.10263487281757402
1880,8.17519514710165,-0.10281838930205561
1881,8.173929946579937,-0.10300343242981999
1882,8.172654096847218,-0.10318999778036528
1883,8.17136762343336,-0.10337808089684518
1884,8.170070552092092,-0.10356767728617322
1885,8.168762908800778,-0.10375878241913071
1886,8.167444719760203,-0.10395139173047278
1887,8.166116011394312,-0.10414550061903892
1888,8.164776810349998,-0.10434110444786095
1889,8.16342714349689,-0.1045381985442729
1890,8.162067037927075,-0.10473677820002263
1891,8.160696520954902,-0.10493683867138323
1892,8.159315620116685,-0.10513837517926693
1893,8.157924363170512,-0.10534138290933674
1894,8.156522778095965,-0.10554585701212219
1895,8.155110893093891,-0.10575179260313375
1896,8.153688736586124,-0.10595918476297939
1897,8.152256337215253,-0.106168028537481
1898,8.150813723844355,-0.10637831893779198
1899,8.149360925556726,-0.10659005094051638
1900,8.14789797165563,-0.10680321948782744
1901,8.146424891664017,-0.10701781948758815
1902,8.144941715324267,-0.10723384581347237
1903,8.14344847259792,-0.10745129330508521
1904,8.141945193665363,-0.10767015676808844
1905,8.140431908925612,-0.10789043097432048
1906,8.138908648995976,-0.10811211066192296
1907,8.137375444711806,-0.10833519053546463
1908,8.135832327126183,-0.1085596652660678
1909,8.13427932750966,-0.10878552949153351
1910,8.13271647734992,-0.10901277781647116
1911,8.131143808351524,-0.10924140481242457
1912,8.129561352435589,-0.10947140501800182
1913,8.1279691417395,-0.10970277293900439
1914,8.126367208616575,-0.10993550304855894
1915,8.124755585635796,-0.11016958978724652
1916,8.123134305581456,-0.11040502756323681
1917,8.121503401452868,-0.1106418107524196
1918,8.119862906464041,-0.11087993369853848
1919,8.118212854043364,-0.11111939071332526
1920,8.11655327783326,-0.11136017607663551
1921,8.114884211689882,-0.11160228403658373
1922,8.11320568968277,-0.11184570880968017
1923,8.111517746094513,-0.1120904445809685
1924,8.109820415420417,-0.11233648550416371
1925,8.108113732368144,-0.11258382570179133
1926,8.106397731857406,-0.11283245926532598
1927,8.104672449019581,-0.11308238025533256
1928,8.102937919197377,-0.11333358270160715
1929,8.101194177944464,-0.11358606060331917
1930,8.099441261025131,-0.11383980792915306
1931,8.097679204413915,-0.11409481861745216
1932,8.095908044295236,-0.11435108657636259
1933,8.094127817063018,-0.11460860568397786
1934,8.092338559320337,-0.1148673697884844
1935,8.090540307879033,-0.11512737270830717
1936,8.08873309975931,-0.11538860823225791
1937,8.0869169721894,-0.1156510701196803
1938,8.085091962605125,-0.11591475210060057
1939,8.083258108649536,-0.11617964787587516
1940,8.081415448172505,-0.1164457511173407
1941,8.079564019230341,-0.11671305546796402
1942,8.077703860085366,-0.11698155454199373
1943,8.075835009205521,-0.11725124192511148
1944,8.073957505263962,-0.11752211117458451
1945,8.07207138713863,-0.11779415581941871
1946,8.070176693911856,-0.11806736936051171
1947,8.068273464869918,-0.11834174527080846
1948,8.066361739502627,-0.11861727699545545
1949,8.064441557502889,-0.11889395795195679
1950,8.062512958766275,-0.11917178153033058
1951,8.060575983390592,-0.11945074109326585
1952,8.058630671675441,-0.11973082997627976
1953,8.056677064121752,-0.12001204148787709
1954,8.054715201431362,-0.12029436890970814
1955,8.052745124506544,-0.12057780549672897
1956,8.050766874449554,-0.12086234447736131
1957,8.04878049256216,-0.1211479790536542
1958,8.0467860203452,-0.12143470240144452
1959,8.04478349949809,-0.12172250767051966
1960,8.04277297191836,-0.12201138798478033
1961,8.04075447970117,-0.12230133644240375
1962,8.03872806513883,-0.12259234611600789
1963,8.036693770720323,-0.12288441005281579
1964,8.03465163913079,-0.12317752127482137
1965,8.032601713251047,-0.12347167277895488
1966,8.030544036157108,-0.12376685753724868
1967,8.028478651119642,-0.12406306849700548
1968,8.026405601603477,-0.12436029858096553
1969,8.024324931267099,-0.1246585406874745
1970,8.022236683962138,-0.12495778769065205
1971,8.02014090373281,-0.12525803244056247
1972,8.018037634815428,-0.12555926776338341
1973,8.015926921637861,-0.12586148646157652
1974,8.013808808818974,-0.12616468131405975
1975,8.011683341168139,-0.12646884507637657
1976,8.009550563684629,-0.12677397048087113
1977,8.007410521557123,-0.12708005023685842
1978,8.005263260163106,-0.12738707703079957
1979,8.00310882506834,-0.12769504352647476
1980,8.000947262026287,-0.12800394236515772
1981,7.998778616977539,-0.12831376616579077
1982,7.996602936049265,-0.12862450752516003
1983,7.994420265554598,-0.12893615901807207
1984,7.992230651992074,-0.1292487131975302
1985,7.99003414204506,-0.12956216259491052
1986,7.98783078258111,-0.1298764997201417
1987,7.985620620651419,-0.13019171706188118
1988,7.983403703490198,-0.13050780708769416
1989,7.9811800785140505,-0.13082476224423392
1990,7.978949793321396,-0.1311425749574196
1991,7.976712895691832,-0.13146123763261738
1992,7.974469433585491,-0.13178074265482168
1993,7.97221945514245,-0.13210108238883506
1994,7.9699630086820745,-0.13242224917945017
1995,7.967700142702388,-0.13274423535163227
1996,7.965430905879408,-0.1330670332107021
1997,7.963155347066533,-0.13339063504251736
1998,7.9608735152938594,-0.1337150331136579
1999,7.958585459767534,-0.13404021967160865
2000,7.956291229869088,-0.1343661869449442
2001,7.953990875154762,-0.1346929271435145
2002,7.9516844453548385,-0.13502043245862874
2003,7.949371990372957,-0.13534869506324237
2004,7.947053560285407,-0.13567770711214353
2005,7.944729205340488,-0.1360074607421377
2006,7.942398975957754,-0.13633794807223745
2007,7.94006292272734,-0.13666916120384826
2008,7.937721096409276,-0.1370010922209561
2009,7.935373547932708,-0.13733373319031802
2010,7.9330203283952345,-0.13766707616164914
2011,7.93066148906216,-0.13800111316781202
2012,7.928297081365777,-0.13833583622500645
2013,7.925927156904611,-0.13867123733295972
2014,7.923551767442689,-0.13900730847511686
2015,7.92117096490879,-0.1393440416188314
2016,7.918784801395685,-0.1396814287155568
2017,7.916393329159399,-0.14001946170103732
2018,7.913996600618407,-0.14035813249550128
2019,7.911594668352894,-0.1406974330038523
2020,7.909187585103973,-0.1410373551158622
2021,7.906775403772889,-0.14137789070636467
2022,7.904358177420235,-0.14171903163544824
2023,7.901935959265184,-0.1420607697486492
2024,7.8995088026846325,-0.14240309687714797
2025,7.8970767612124355,-0.1427460048379621
2026,7.894639888538585,-0.1430894854341409
2027,7.8921982385083815,-0.14343353045496154
2028,7.889751865121627,-0.14377813167612366
2029,7.887300822531762,-0.14412328085994644
2030,7.884845165045057,-0.14446896975556361
2031,7.882384947119753,-0.14481519009912078
2032,7.87992022336522,-0.14516193361397167
2033,7.877451048541093,-0.1455091920108756
2034,7.874977477556418,-0.14585695698819465
2035,7.872499565468773,-0.14620522023209193
2036,7.8700173674833955,-0.14655397341672924
2037,7.867530938952302,-0.14690320820446562
2038,7.865040335373415,-0.14725291624605516
2039,7.862545612389629,-0.14760308918084766
2040,7.86004682578794,-0.1479537186369867
2041,7.85754403149855,-0.14830479623160822
2042,7.8550372855939115,-0.14865631357104245
2043,7.852526644287846,-0.14900826225101196
2044,7.850012163934595,-0.14936063385683304
2045,7.847493901027889,-0.14971341996361612
2046,7.844971912200004,-0.1500666121364665
2047,7.842446254220842,-0.1504202019306845
2048,7.83991698399694,-0.15077418089196812
2049,7.837384158570535,-0.15112854055661354
2050,7.834847835118578,-0.1514832724517178
2051,7.832308070951783,-0.15183836809537948
2052,7.829764923513624,-0.15219381899690246
2053,7.827218450379366,-0.1525496166569967
2054,7.824668709255056,-0.1529057525679824
2055,7.822115757976522,-0.1532622182139924
2056,7.819559654508388,-0.15361900507117413
2057,7.81700045694304,-0.15397610460789407
2058,7.814438223499612,-0.1543335082849405
2059,7.811873012522932,-0.15469120755572868
2060,7.809304882482536,-0.15504919386650204
2061,7.806733891971595,-0.155407458656538
2062,7.804160099705857,-0.15576599335835184
2063,7.801583564522611,-0.15612478939790125
2064,7.799004345379609,-0.1564838381947904
2065,7.796422501354007,-0.15684313116247464
2066,7.793838091641297,-0.15720265970846495
2067,7.791251175554187,-0.15756241523453443
2068,7.78866181252155,-0.1579223891369214
2069,7.786070062087289,-0.1582825728065367
2070,7.783475983909271,-0.15864295762916705
2071,7.780879637758175,-0.1590035349856823
2072,7.778281083516393,-0.15936429625224047
2073,7.7756803811769,-0.15972523280049306
2074,7.773077590842132,-0.16008633599779137
2075,7.770472772722802,-0.1604475972073932
2076,7.767865987136801,-0.1608090077886678
2077,7.765257294508024,-0.16117055909730224
2078,7.762646755365175,-0.1615322424855094
2079,7.760034430340656,-0.16189404930223183
2080,7.75742038016934,-0.16225597089335003
2081,7.754804665687402,-0.16261799860188872
2082,7.75218734783114,-0.16298012376822266
2083,7.749568487635735,-0.16334233773028545
2084,7.746948146234085,-0.16370463182377412
2085,7.744326384855583,-0.16406699738235636
2086,7.741703264824865,-0.16442942573787928
2087,7.739078847560628,-0.16479190822057357
2088,7.736453194574336,-0.16515443615926348
2089,7.733826367469022,-0.16551700088157195
2090,7.731198427938015,-0.16587959371412817
2091,7.728569437763683,-0.16624220598277503
2092,7.725939458816169,-0.1666048290127761
2093,7.723308553052113,-0.16696745412902297
2094,7.72067678251337,-0.16733007265624228
2095,7.7180442093257176,-0.16769267591920342
2096,7.715410895697575,-0.16805525524292494
2097,7.712776903918679,-0.16841780195288247
2098,7.710142296358772,-0.1687803073752164
2099,7.707507135466284,-0.1691427628369386
2100,7.704871483767036,-0.16950515966613874
2101,7.702235403862855,-0.1698674891921934
2102,7.699598958430271,-0.17022974274597166
2103,7.696962210219141,-0.17059191166004353
2104,7.694325222051309,-0.17095398726888614
2105,7.6916880568192285,-0.17131596090909185
2106,7.689050777484604,-0.1716778239195739
2107,7.686413447076986,-0.17203956764177541
2108,7.6837761286924176,-0.17240118341987443
2109,7.6811388854919995,-0.1727626626009926
2110,7.67850178070053,-0.17312399653540023
2111,7.6758648776050515,-0.17348517657672496
2112,7.673228239553478,-0.17384619408215657
2113,7.670591929953128,-0.17420704041265536
2114,7.667956012269291,-0.17456770693315884
2115,7.6653205500238375,-0.17492818501278593
2116,7.662685606793715,-0.17528846602504605
2117,7.660051246209518,-0.17564854134804378
2118,7.657417531954011,-0.17600840236468612
2119,7.654784527760677,-0.1763680404628879
2120,7.652152297412223,-0.17672744703577783
2121,7.649520904739096,-0.17708661348190477
2122,7.646890413617976,-0.17744553120544432
2123,7.644260887970319,-0.17780419161640187
2124,7.6416323917607905,-0.17816258613082106
2125,7.639004988995783,-0.17852070617098784
2126,7.636378743721894,-0.1788785431656351
2127,7.633753720024379,-0.17923608855014928
2128,7.631129982025614,-0.17959333376677433
2129,7.628507593883563,-0.17995027026481664
2130,7.625886619790204,-0.18030688950085022
2131,7.6232671239699945,-0.1806631829389204
2132,7.620649170678274,-0.18101914205074876
2133,7.618032824199701,-0.18137475831593738
2134,7.615418148846665,-0.18173002322217266
2135,7.612805208957703,-0.18208492826542874
2136,7.610194068895894,-0.1824394649501718
2137,7.607584793047265,-0.1827936247895625
2138,7.6049774458191495,-0.18314739930566065
2139,7.602372091638606,-0.1835007800296266
2140,7.599768794950761,-0.18385375850192523
2141,7.59716762021717,-0.18420632627252895
2142,7.594568631914204,-0.18455847490111832
2143,7.591971894531378,-0.18491019595728586
2144,7.589377472569699,-0.1852614810207371
2145,7.58678543054001,-0.18561232168149255
2146,7.584195832961295,-0.18596270954008984
2147,7.581608744359038,-0.18631263620778343
2148,7.579024229263494,-0.18666209330674752
2149,7.576442352208038,-0.18701107247027504
2150,7.573863177727435,-0.1873595653429795
2151,7.57128677035616,-0.18770756358099377
2152,7.568713194626647,-0.18805505885217214
2153,7.566142515067611,-0.18840204283628767
2154,7.5635747962022855,-0.18874850722523362
2155,7.56101010254671,-0.1890944437232214
2156,7.558448498607982,-0.18943984404697953
2157,7.555890048882516,-0.1897846999259524
2158,7.553334817854265,-0.1901290031024992
2159,7.550782869992991,-0.19047274533209066
2160,7.548234269752476,-0.19081591838350753
2161,7.545689081568757,-0.19115851403903783
2162,7.543147369858333,-0.19150052409467386
2163,7.540609199016386,-0.19184194036030908
2164,7.538074633414996,-0.19218275465993392
2165,7.535543737401311,-0.19252295883183304
2166,7.533016575295773,-0.19286254472877976
2167,7.530493211390278,-0.19320150421823246
2168,7.527973709946365,-0.19353982918252957
2169,7.525458135193401,-0.1938775115190837
2170,7.522946551326731,-0.1942145431405763
2171,7.5204390225058475,-0.19455091597515217
2172,7.51793561285254,-0.1948866219666127
2173,7.515436386449047,-0.19522165307460917
2174,7.512941407336203,-0.195556001274836
2175,7.510450739511574,-0.19588965855922252
2176,7.507964446927585,-0.19622261693612603
2177,7.5054825934896305,-0.1965548684305238
2178,7.503005243054221,-0.19688640508420371
2179,7.500532459427074,-0.19721721895595565
2180,7.498064306361251,-0.1975473021217615
2181,7.495600847555222,-0.19787664667498667
2182,7.493142146650976,-0.19820524472656909
2183,7.490688267232131,-0.1985330884052084
2184,7.488239272821991,-0.19886016985755559
2185,7.485795226881627,-0.1991864812484018
2186,7.483356192807989,-0.1995120147608649
2187,7.480922233931938,-0.1998367625965787
2188,7.478493413516323,-0.20016071697587975
2189,7.476069794754024,-0.20048387013799485
2190,7.473651440766036,-0.20080621434122634
2191,7.47123841459949,-0.201127741863139
2192,7.4688307792257245,-0.2014484450007444
2193,7.466428597538298,-0.20176831607068746
2194,7.464031932351034,-0.20208734740943024
2195,7.461640846396054,-0.2024055313734361
2196,7.459255402321805,-0.20272286033935308
2197,7.456875662691062,-0.20303932670419814
2198,7.4545016899789704,-0.20335492288553858
2199,7.452133546571039,-0.20366964132167514
2200,7.449771294761156,-0.20398347447182313
2201,7.447414996749575,-0.20429641481629496
2202,7.445064714640956,-0.20460845485667845
2203,7.442720510442304,-0.20491958711602
2204,7.440382446061011,-0.205229804139002
2205,7.438050583302811,-0.20553909849212332
2206,7.435724983869783,-0.20584746276387741
2207,7.433405709358307,-0.20615488956493155
2208,7.431092821257069,-0.20646137152830274
2209,7.428786380945014,-0.20676690130953665
2210,7.426486449689317,-0.20707147158688358
2211,7.424193088643357,-0.20737507506147404
2212,7.421906358844662,-0.20767770445749556
2213,7.419626321212916,-0.2079793525223655
2214,7.417353036547853,-0.20828001202690774
2215,7.41508656552725,-0.2085796757655257
2216,7.412826968704866,-0.2088783365563756
2217,7.410574306508381,-0.20917598724153985
2218,7.408328639237357,-0.20947262068719852
2219,7.406090027061194,-0.2097682297838006
2220,7.403858530017028,-0.21006280744623673
2221,7.401634208007699,-0.21035634661400854
2222,7.39941712079969,-0.21064884025139818
2223,7.39720732802104,-0.21094028134763912
2224,7.395004889159292,-0.21123066291708356
2225,7.392809863559417,-0.2115199779993711
2226,7.390622310421742,-0.21180821965959648
2227,7.388442288799877,-0.2120953809884762
2228,7.386269857598655,-0.21238145510251447
2229,7.384105075572019,-0.21266643514417014
2230,7.381948001320978,-0.21295031428202088
2231,7.379798693291508,-0.2132330857109281
2232,7.3776572097724875,-0.2135147426522004
2233,7.375523608893595,-0.2137952783537574
2234,7.373397948623265,-0.21407468609029137
2235,7.371280286766549,-0.21435295916343075
2236,7.369170680963082,-0.21463009090190016
2237,7.367069188684964,-0.21490607466168193
2238,7.364975867234716,-0.2151809038261751
2239,7.36289077374314,-0.2154545718063565
2240,7.3608139651672815,-0.2157270720409378
2241,7.358745498288315,-0.2159983979965249
2242,7.356685429709486,-0.21626854316777436
2243,7.354633815853996,-0.21653750107755096
2244,7.352590712962942,-0.21680526527708324
2245,7.350556177093222,-0.21707182934611918
2246,7.348530264115455,-0.217337186893081
2247,7.346513029711891,-0.21760133155521943
2248,7.3445045293743405,-0.2178642569987662
2249,7.342504818402097,-0.21812595691908737
2250,7.340513951899837,-0.21838642504083586
2251,7.338531984775563,-0.21864565511810152
2252,7.336558971738517,-0.21890364093456255
2253,7.334594967297102,-0.21916037630363572
2254,7.33264002575681,-0.2194158550686247
2255,7.330694201218167,-0.21967007110286868
2256,7.328757547574653,-0.21992301830989003
2257,7.326830118510602,-0.2201746906235431
2258,7.324911967499196,-0.22042508200815755
2259,7.323003147800357,-0.22067418645868625
2260,7.321103712458706,-0.22092199800084908
2261,7.31921371430149,-0.22116851069127805
2262,7.3173332059365475,-0.22141371861765938
2263,7.315462239750239,-0.22165761589887692
2264,7.3136008679054125,-0.22190019668515387
2265,7.311749142339345,-0.22214145515819408
2266,7.309907114761708,-0.22238138553132236
2267,7.308074836652511,-0.2226199820496244
2268,7.3062523592601005,-0.22285723899008503
2269,7.3044397335990885,-0.22309315066172739
2270,7.302637010448354,-0.22332771140574928
2271,7.300844240349018,-0.22356091559565985
2272,7.2990614736023955,-0.22379275763741652
2273,7.297288760268015,-0.22402323196955903
2274,7.295526150161589,-0.22425233306334366
2275,7.293773692853025,-0.2244800554228772
2276,7.292031437664384,-0.22470639358525013
2277,7.290299433667953,-0.2249313421206668
2278,7.288577729684184,-0.22515489563257865
2279,7.286866374279744,-0.22537704875781364
2280,7.285165415765544,-0.2255977961667051
2281,7.283474902194739,-0.2258171325632217
2282,7.281794881360775,-0.2260350526850946
2283,7.280125400795412,-0.22625155130394559
2284,7.278466507766794,-0.2264666232254115
2285,7.276818249277473,-0.22668026328927143
2286,7.275180672062479,-0.22689246636957092
2287,7.273553822587366,-0.22710322737474595
2288,7.271937747046318,-0.22731254124774486
2289,7.270332491360155,-0.22752040296615336
2290,7.268738101174496,-0.2277268075423127
2291,7.267154621857794,-0.22793175002344218
2292,7.26558209849947,-0.22813522549175796
2293,7.264020575907976,-0.2283372290645929
2294,7.2624700986089445,-0.2285377558945137
2295,7.26093071084329,-0.2287368011694387
2296,7.259402456565329,-0.22893436011275434
2297,7.257885379440947,-0.22913042798342953
2298,7.2563795228457195,-0.22932500007613152
2299,7.25488492986305,-0.22951807172133967
2300,7.253401643282372,-0.22970963828545746
2301,7.251929705597281,-0.2298996951709255
2302,7.2504691590037265,-0.23008823781633245
2303,7.249020045398201,-0.23027526169652543
2304,7.247582406375946,-0.2304607623227188
2305,7.2461562832291335,-0.230644735242604
2306,7.244741716945099,-0.2308271760404566
2307,7.24333874820457,-0.2310080803372427
2308,7.241947417379876,-0.23118744379072628
2309,7.240567764533213,-0.23136526209557318
2310,7.239199829414905,-0.2315415309834553
2311,7.23784365146166,-0.23171624622315404
2312,7.236499269794816,-0.23188940362066404
2313,7.235166723218693,-0.23206099901929192
2314,7.233846050218805,-0.23223102829976042
2315,7.232537288960244,-0.23239948738030508
2316,7.23124047728596,-0.23256637221677437
2317,7.229955652715083,-0.23273167880272835
2318,7.228682852441279,-0.2328954031695346
2319,7.227422113331104,-0.23305754138646462
2320,7.226173471922362,-0.23321808956078893
2321,7.224936964422464,-0.2333770438378723
2322,7.223712626706849,-0.2335344004012656
2323,7.222500494317352,-0.23369015547279973
2324,7.221300602460626,-0.23384430531267636
2325,7.220112986006569,-0.23399684621955857
2326,7.218937679486757,-0.23414777453066093
2327,7.217774717092898,-0.23429708662183765
2328,7.216624132675268,-0.23444477890767176
2329,7.215485959741216,-0.2345908478415602
2330,7.214360231453633,-0.2347352899158015
2331,7.2132469806294575,-0.23487810166167966
2332,7.212146239738186,-0.23501927964954886
2333,7.211058040900401,-0.2351588204889164
2334,7.209982415886314,-0.23529672082852504
2335,7.208919396114326,-0.23543297735643365
2336,7.2078690126495655,-0.23556758680009912
2337,7.206831296202512,-0.23570054592645387
2338,7.205806277127554,-0.23583185154198583
2339,7.204793985421619,-0.23596150049281522
2340,7.203794450722796,-0.23608948966477122
2341,7.20280770230898,-0.23621581598346691
2342,7.201833769096504,-0.23634047641437522
2343,7.200872679638841,-0.2364634679629012
2344,7.199924462125251,-0.23658478767445584
2345,7.198989144379503,-0.23670443263452734
2346,7.198066753858579,-0.2368223999687518
2347,7.19715731765141,-0.23693868684298292
2348,7.196260862477611,-0.23705329046336138
2349,7.195377414686249,-0.2371662080763822
2350,7.19450700025461,-0.23727743696896186
2351,7.193649644786998,-0.2373869744685041
2352,7.19280537351354,-0.23749481794296481
2353,7.191974211288996,-0.2376009648009167
2354,7.191156182591621,-0.23770541249161123
2355,7.190351311522004,-0.23780815850504114
2356,7.189559621801948,-0.23790920037200144
2357,7.188781136773339,-0.23800853566414998
2358,7.188015879397094,-0.23810616199406487
2359,7.187263872252031,-0.23820207701530471
2360,7.186525137533832,-0.2382962784224645
2361,7.185799697054009,-0.23838876395123137
2362,7.185087572238855,-0.2384795313784404
2363,7.184388784128442,-0.2385685785221288
2364,7.183703353375626,-0.23865590324158856
2365,7.18303130024507,-0.23874150343741884
2366,7.182372644612295,-0.23882537705157683
2367,7.181727405962722,-0.23890752206742813
2368,7.181095603390765,-0.2389879365097957
2369,7.180477255598903,-0.2390666184450086
2370,7.179872380896817,-0.239143565980948
2371,7.1792809972004905,-0.2392187772670948
2372,7.178703122031394,-0.23929225049457292
2373,7.17813877251563,-0.2393639838961944
2374,7.177587965383095,-0.23943397574650352
2375,7.177050716966731,-0.23950222436181662
2376,7.17652704320169,-0.2395687281002656
2377,7.176016959624621,-0.23963348536183604
2378,7.175520481372903,-0.2396964945884073
2379,7.175037623183911,-0.2397577542637908
2380,7.174568399394347,-0.23981726291376582
2381,7.174112823939509,-0.239875019106117
2382,7.1736709103526595,-0.23993102145066814
2383,7.173242671764342,-0.23998526859931762
2384,7.172828120901785,-0.2400377592460697
2385,7.172427270088258,-0.2400884921270679
2386,7.172040131242506,-0.2401374660206253
2387,7.171666715878156,-0.2401846797472545
2388,7.171307035103169,-0.24023013216969674
2389,7.170961099619317,-0.24027382219294954
2390,7.170628919721654,-0.24031574876429349
2391,7.170310505298019,-0.24035591087331873
2392,7.1700058658285535,-0.24039430755194943
2393,7.169715010385263,-0.24043093787446732
2394,7.1694379476315655,-0.24046580095753467
2395,7.169174685821874,-0.2404988959602162
2396,7.168925232801195,-0.24053022208399963
2397,7.168689596004752,-0.24055977857281582
2398,7.168467782457626,-0.2405875647130566
2399,7.168259798774424,-0.2406135798335928
2400,7.1680656511589325,-0.24063782330579175
2401,7.167885345403825,-0.2406602945435322
2402,7.167718886890423,-0.24068099300321755
2403,7.167566280588374,-0.2406999181837918
2404,7.16742753105544,-0.2407170696267508
2405,7.167302642437269,-0.24073244691615378
2406,7.167191618467199,-0.24074604967863417
2407,7.1670944624660775,-0.2407578775834084
2408,7.167011177342085,-0.24076793034228527
2409,7.16694176559061,-0.24077620770967215
2410,7.166886229294121,-0.24078270948258232
2411,7.166844570122065,-0.2407874355006396
2412,7.166816789330771,-0.24079038564608335
2413,7.166802887763421,-0.24079155984377065
2414,7.16680286584997,-0.24079095806117976
2415,7.166816723607147,-0.24078858030841058
2416,7.166844460638449,-0.24078442663818486
2417,7.166886076134148,-0.24077849714584573
2418,7.166941568871354,-0.24077079196935475
2419,7.167010937214044,-0.2407613112892904
2420,7.167094179113161,-0.24075005532884283
2421,7.16719129210669,-0.24073702435381028
2422,7.1673022733198115,-0.2407222186725912
2423,7.167427119464994,-0.24070563863617891
2424,7.167565826842186,-0.24068728463815278
2425,7.167718391338987,-0.2406671571146686
2426,7.167884808430822,-0.24064525654444982
2427,7.168065073181205,-0.24062158344877443
2428,7.168259180241918,-0.2405961383914651
2429,7.168467123853324,-0.24056892197887364
2430,7.168688897844605,-0.24053993485986816
2431,7.16892449563407,-0.24050917772581776
2432,7.169173910229493,-0.24047665131057475
2433,7.169437134228419,-0.240442356390459
2434,7.169714159818511,-0.2404062937842397
2435,7.170004978777974,-0.2403684643531141
2436,7.170309582475918,-0.24032886900068798
2437,7.170627961872755,-0.24028750867295567
2438,7.170960107520682,-0.24024438435827483
2439,7.171306009564083,-0.2401994970873453
2440,7.171665657740044,-0.2401528479331832
2441,7.172039041378826,-0.24010443801109532
2442,7.172426149404372,-0.24005426847865396
2443,7.172826970334852,-0.24000234053566738
2444,7.173241492283189,-0.23994865542415328
2445,7.173669702957671,-0.2398932144283067
2446,7.1741115896625,-0.2398360188744714
2447,7.1745671392984205,-0.23977707013110694
2448,7.175036338363337,-0.23971636960875675
2449,7.175519172952953,-0.2396539187600144
2450,7.176015628761466,-0.23958971907948734
2451,7.1765256910822055,-0.23952377210376358
2452,7.1770493448083785,-0.23945607941137279
2453,7.177586574433761,-0.23938664262274956
2454,7.178137364053442,-0.23931546340019458
2455,7.178701697364597,-0.23924254344783416
2456,7.179279557667247,-0.23916788451158
2457,7.179870927865051,-0.23909148837908728
2458,7.180475790466138,-0.2390133568797113
2459,7.18109412758394,-0.2389334918844633
2460,7.18172592093798,-0.23885189530596818
2461,7.182371151854827,-0.23876856909841482
2462,7.18302980126892,-0.23868351525751186
2463,7.183701849723488,-0.23859673582043897
2464,7.184387277371487,-0.2385082328657974
2465,7.18508606397651,-0.23841800851356074
2466,7.185798188913757,-0.23832606492502423
2467,7.186523631171008,-0.238232404302752
2468,7.187262369349604,-0.2381370288905251
2469,7.188014381665478,-0.23803994097328632
2470,7.18877964595014,-0.23794114287708706
2471,7.1895581396517585,-0.23784063696902957
2472,7.1903498398361965,-0.23773842565721148
2473,7.191154723188084,-0.23763451139066738
2474,7.191972766011924,-0.2375288966593097
2475,7.192803944233209,-0.23742158399386862
2476,7.193648233399516,-0.23731257596583213
2477,7.1945056086816646,-0.23720187518738395
2478,7.195376044874872,-0.23708948431134022
2479,7.196259516399944,-0.23697540603108563
2480,7.197155997304435,-0.23685964308050925
2481,7.198065461263879,-0.23674219823393813
2482,7.198987881582995,-0.23662307430607116
2483,7.199923231196936,-0.23650227415191058
2484,7.2008714826725315,-0.23637980066669415
2485,7.201832608209556,-0.23625565678582508
2486,7.202806579642045,-0.23612984548480018
2487,7.203793368439529,-0.2360023697791409
2488,7.204792945708411,-0.23587323272431804
2489,7.2058052821932534,-0.2357424374156802
2490,7.206830348278146,-0.23560998698837785
2491,7.2078681139880585,-0.23547588461728838
2492,7.208918548990206,-0.23534013351693983
2493,7.2099816225954365,-0.23520273694143343
2494,7.211057303759648,-0.2350636981843647
2495,7.212145561085174,-0.2349230205787453
2496,7.213246362822258,-0.23478070749692087
2497,7.214359676870456,-0.2346367623504917
2498,7.215485470780106,-0.23449118859022955
2499,7.21662371175381,-0.23434398970599477
2500,7.2177743666479115,-0.23419516922665212
2501,7.21893740197399,-0.23404473071998563
2502,7.220112783900362,-0.23389267779261363
2503,7.221300478253642,-0.23373901408989978
2504,7.22250045052024,-0.23358374329586726
2505,7.223712665847913,-0.2334268691331098
2506,7.224937089047363,-0.23326839536270028
2507,7.226173684593786,-0.23310832578410137
2508,7.227422416628451,-0.2329466642350745
2509,7.2286832489603015,-0.2327834145915867
2510,7.22995614506761,-0.23261858076771585
2511,7.231241068099525,-0.23245216671555954
2512,7.232537980877778,-0.23228417642513638
2513,7.23384684589828,-0.23211461392429236
2514,7.235167625332813,-0.2319434832786022
2515,7.236500281030671,-0.2317707885912723
2516,7.237844774520366,-0.23159653400304123
2517,7.239201067011301,-0.23142072369208022
2518,7.240569119395488,-0.231243361873892
2519,7.24194889224923,-0.23106445280121052
2520,7.243340345834896,-0.23088400076389606
2521,7.244743440102599,-0.23070201008883431
2522,7.246158134691979,-0.23051848513983045
2523,7.247584388933948,-0.23033343031750406
2524,7.249022161852443,-0.23014685005918378
2525,7.250471412166195,-0.22995874883880052
2526,7.251932098290559,-0.22976913116677725
2527,7.253404178339244,-0.22957800158992345
2528,7.254887610126151,-0.2293853646913233
2529,7.256382351167186,-0.229191225090226
2530,7.257888358682063,-0.22899558744193424
2531,7.259405589596149,-0.22879845643769176
2532,7.260934000542284,-0.22859983680457094
2533,7.262473547862654,-0.22839973330535754
2534,7.264024187610629,-0.2281981507384367
2535,7.265585875552619,-0.22799509393767747
2536,7.267158567169963,-0.22779056777231563
2537,7.268742217660798,-0.22758457714683644
2538,7.270336781941949,-0.2273771270008565
2539,7.27194221465083,-0.22716822230900402
2540,7.2735584701473215,-0.22695786808080037
2541,7.275185502515712,-0.22674606936053773
2542,7.276823265566606,-0.2265328312271574
2543,7.278471712838829,-0.22631815879412848
2544,7.280130797601376,-0.22610205720932408
2545,7.281800472855345,-0.2258845316548967
2546,7.283480691335878,-0.2256655873471535
2547,7.285171405514115,-0.2254452295364309
2548,7.28687256759915,-0.22522346350696734
2549,7.288584129539979,-0.22500029457677637
2550,7.290306043027509,-0.22477572809751756
2551,7.292038259496472,-0.22454976945436875
2552,7.293780730127465,-0.22432242406589467
2553,7.295533405848891,-0.22409369738391752
2554,7.297296237338972,-0.22386359489338492
2555,7.299069175027748,-0.223632122112237
2556,7.300852169099043,-0.22339928459127542
2557,7.302645169492529,-0.2231650879140262
2558,7.304448125905683,-0.2229295376966086
2559,7.306260987795836,-0.22269263958759666
2560,7.30808370438217,-0.22245439926788513
2561,7.309916224647758,-0.2222148224505513
2562,7.3117584973415894,-0.22197391488071724
2563,7.313610470980588,-0.22173168233541218
2564,7.315472093851672,-0.2214881306234317
2565,7.317343314013759,-0.22124326558519952
2566,7.31922407929985,-0.22099709309262436
2567,7.321114337319051,-0.22074961904896037
2568,7.323014035458621,-0.22050084938866343
2569,7.3249231208860355,-0.22025079007724885
2570,7.326841540551027,-0.2199994471111475
2571,7.3287692411876755,-0.21974682651755983
2572,7.330706169316429,-0.21949293435431264
2573,7.332652271246186,-0.2192377767097116
2574,7.334607493076385,-0.218981359702394
2575,7.336571780699025,-0.2187236894811831
2576,7.338545079800782,-0.2184647722249375
2577,7.34052733586504,-0.21820461414240439
2578,7.342518494174002,-0.217943221472068
2579,7.344518499810756,-0.21768060048199978
2580,7.346527297661329,-0.21741675746970804
2581,7.348544832416794,-0.21715169876198512
2582,7.350571048575342,-0.21688543071475488
2583,7.3526058904443685,-0.21661795971291986
2584,7.354649302142544,-0.21634929217020696
2585,7.356701227601897,-0.2160794345290135
2586,7.358761610569916,-0.21580839326025092
2587,7.360830394611624,-0.21553617486318893
2588,7.362907523111667,-0.21526278586529934
2589,7.364992939276386,-0.2149882328220985
2590,7.367086586135928,-0.2147125223169886
2591,7.369188406546309,-0.21443566096109998
2592,7.371298343191509,-0.21415765539313125
2593,7.373416338585577,-0.21387851227918828
2594,7.375542335074681,-0.2135982383126252
2595,7.377676274839223,-0.2133168402138821
2596,7.3798180998959015,-0.21303432473032308
2597,7.381967752099819,-0.21275069863607368
2598,7.384125173146555,-0.21246596873185702
2599,7.3862903045742385,-0.21218014184483128
2600,7.388463087765662,-0.21189322482842282
2601,7.390643463950322,-0.2116052245621635
2602,7.392831374206514,-0.21131614795152373
2603,7.395026759463437,-0.21102600192774484
2604,7.397229560503241,-0.21073479344767365
2605,7.399439717963087,-0.21044252949359515
2606,7.401657172337277,-0.2101492170730619
2607,7.403881863979274,-0.20985486321872712
2608,7.406113733103794,-0.20955947498817495
2609,7.408352719788876,-0.20926305946374923
2610,7.4105987639779425,-0.2089656237523841
2611,7.412851805481854,-0.2086671749854321
2612,7.415111783981007,-0.20836772031849182
2613,7.417378639027342,-0.20806726693123664
2614,7.419652310046435,-0.20776582202724103
2615,7.421932736339544,-0.20746339283380663
2616,7.424219857085654,-0.20715998660178883
2617,7.4265136113435535,-0.20685561060542068
2618,7.428813938053824,-0.20655027214213997
2619,7.431120776040931,-0.20624397853241125
2620,7.433434064015262,-0.2059367371195498
2621,7.435753740575134,-0.20562855526954568
2622,7.438079744208842,-0.20531944037088556
2623,7.440412013296693,-0.20500939983437483
2624,7.442750486113034,-0.2046984410929586
2625,7.445095100828259,-0.20438657160154347
2626,7.447445795510842,-0.20407379883681737
2627,7.44980250812936,-0.20376013029706902
2628,7.452165176554471,-0.20344557350200881
2629,7.454533738560967,-0.20313013599258567
2630,7.4569081318297386,-0.20281382533080686
2631,7.45928829394978,-0.20249664909955603
2632,7.461674162420223,-0.20217861490240854
2633,7.464065674652266,-0.20185973036345106
2634,7.466462767971218,-0.20154000312709555
2635,7.468865379618449,-0.2012194408578964
2636,7.471273446753366,-0.2008980512403658
2637,7.4736869064553995,-0.2005758419787885
2638,7.4761056957259795,-0.2002528207970355
2639,7.478529751490459,-0.19992899543837994
2640,7.480959010600122,-0.1996043736653086
2641,7.483393409834109,-0.19927896325933592
2642,7.485832885901373,-0.1989527720208167
2643,7.488277375442621,-0.19862580776875804
2644,7.4907268150322635,-0.19829807834063085
2645,7.493181141180313,-0.19796959159218244
2646,7.495640290334369,-0.1976403553972451
2647,7.498104198881492,-0.19731037764754852
2648,7.50057280315015,-0.19697966625252886
2649,7.503046039412116,-0.1966482291391385
2650,7.50552384388438,-0.19631607425165526
2651,7.5080061527310455,-0.19598320955149146
2652,7.510492902065234,-0.1956496430170015
2653,7.512984027950968,-0.1953153826432906
2654,7.515479466405049,-0.19498043644202231
2655,7.5179791533989615,-0.19464481244122445
2656,7.520483024860701,-0.19430851868509838
2657,7.522991016676696,-0.19397156323382211
2658,7.525503064693622,-0.19363395416335924
2659,7.528019104720267,-0.19329569956526352
2660,7.530539072529405,-0.19295680754648326
2661,7.533062903859595,-0.19261728622916802
2662,7.535590534417067,-0.19227714375047125
2663,7.538121899877504,-0.19193638826235634
2664,7.540656935887899,-0.19159502793139888
2665,7.54319557806835,-0.1912530709385915
2666,7.5457377620139034,-0.19091052547914553
2667,7.548283423296306,-0.19056739976229572
2668,7.550832497465852,-0.19022370201110117
2669,7.553384920053154,-0.18987944046224803
2670,7.555940626570919,-0.1895346233658519
2671,7.558499552515749,-0.1891892589852584
2672,7.56106163336989,-0.18884335559684523
2673,7.563626804603004,-0.18849692148982303
2674,7.566195001673941,-0.18814996496603512
2675,7.56876616003247,-0.18780249433975904
2676,7.571340215121024,-0.1874545179375063
2677,7.573917102376473,-0.1871060440978207
2678,7.576496757231801,-0.18675708117108028
2679,7.579079115117866,-0.1864076375192947
2680,7.581664111465105,-0.18605772151590486
2681,7.584251681705253,-0.18570734154558113
2682,7.586841761273025,-0.18535650600402273
2683,7.589434285607844,-0.1850052232977542
2684,7.592029190155489,-0.1846535018439256
2685,7.5946264103698145,-0.18430135007010787
2686,7.5972258817144125,-0.1839487764140913
2687,7.599827539664271,-0.18359578932368284
2688,7.602431319707438,-0.183242397256503
2689,7.6050371573466835,-0.1828886086797819
2690,7.607644988101128,-0.18253443207015704
2691,7.610254747507895,-0.1821798759134683
2692,7.612866371123753,-0.18182494870455415
2693,7.615479794526701,-0.18146965894704872
2694,7.618094953317626,-0.18111401515317602
2695,7.6207117831218945,-0.18075802584354567
2696,7.623330219590955,-0.18040169954694887
2697,7.62595019840393,-0.18004504480015304
2698,7.628571655269205,-0.17968807014769672
2699,7.631194525926011,-0.17933078414168424
2700,7.633818746145992,-0.17897319534158046
2701,7.636444251734787,-0.17861531231400454
2702,7.639070978533551,-0.1782571436325253
2703,7.641698862420549,-0.17789869787745405
2704,7.644327839312666,-0.17753998363563925
2705,7.64695784516695,-0.17718100950026008
2706,7.649588815982154,-0.17682178407061994
2707,7.652220687800235,-0.17646231595193998
2708,7.654853396707878,-0.1761026137551527
2709,7.657486878837998,-0.17574268609669472
2710,7.6601210703712335,-0.17538254159830063
2711,7.662755907537445,-0.17502218888679494
2712,7.665391326617195,-0.17466163659388534
2713,7.668027263943222,-0.17430089335595586
2714,7.670663655901895,-0.17393996781385948
2715,7.673300438934707,-0.17357886861270932
2716,7.675937549539671,-0.1732176044016739
2717,7.678574924272817,-0.172856183833767
2718,7.681212499749601,-0.17249461556564094
2719,7.683850212646349,-0.17213290825737862
2720,7.686487999701675,-0.17177107057228547
2721,7.689125797717881,-0.17140911117668212
2722,7.691763543562378,-0.17104703873969618
2723,7.694401174169075,-0.1706848619330542
2724,7.697038626539782,-0.1703225894308731
2725,7.699675837745591,-0.1699602299094526
2726,7.702312744928242,-0.1695977920470669
2727,7.704949285301491,-0.16923528452375677
2728,7.707585396152496,-0.16887271602112017
2729,7.710221014843121,-0.16851009522210622
2730,7.712856078811346,-0.1681474308108039
2731,7.715490525572552,-0.16778473147223621
2732,7.718124292720876,-0.1674220058921506
2733,7.720757317930526,-0.1670592627568112
2734,7.723389538957096,-0.1666965107527907
2735,7.726020893638884,-0.1663337585667607
2736,7.728651319898187,-0.16597101488528462
2737,7.731280755742585,-0.16560828839460942
2738,7.733909139266222,-0.1652455877804572
2739,7.736536408651122,-0.1648829217278159
2740,7.739162502168408,-0.16452029892073244
2741,7.7417873581796,-0.1641577280421039
2742,7.74441091513786,-0.16379521777346914
2743,7.7470331115892375,-0.16343277679480103
2744,7.749653886173906,-0.16307041378429862
2745,7.752273177627411,-0.1627081374181783
2746,7.754890924781883,-0.1623459563704666
2747,7.757507066567241,-0.16198387931279246
2748,7.760121542012443,-0.16162191491417843
2749,7.762734290246653,-0.16126007184083374
2750,7.7653452505004505,-0.16089835875594657
2751,7.767954362107021,-0.16053678431947596
2752,7.770561564503338,-0.16017535718794462
2753,7.773166797231341,-0.15981408601423105
2754,7.775769999939077,-0.1594529794473636
2755,7.778371112381883,-0.159092046132312
2756,7.780970074423533,-0.1587312947097807
2757,7.783566826037379,-0.15837073381600164
2758,7.786161307307505,-0.1580103720825274
2759,7.788753458429829,-0.15765021813602478
2760,7.791343219713239,-0.1572902805980683
2761,7.7939305315807195,-0.15693056808493305
2762,7.796515334570441,-0.15657108920738894
2763,7.799097569336872,-0.15621185257049452
2764,7.8016771766518715,-0.1558528667733904
2765,7.804254097405794,-0.15549414040909315
2766,7.8068282726085245,-0.15513568206429112
2767,7.80939964339059,-0.15477750031913762
2768,7.811968151004225,-0.15441960374704478
2769,7.814533736824403,-0.15406200091448027
2770,7.817096342349905,-0.15370470038076137
2771,7.819655909204375,-0.15334771069784903
2772,7.822212379137344,-0.15299104041014458
2773,7.824765694025261,-0.1526346980542848
2774,7.8273157958725195,-0.15227869215893747
2775,7.829862626812466,-0.151923031244598
2776,7.832406129108435,-0.1515677238233841
2777,7.834946245154732,-0.15121277839883301
2778,7.837482917477627,-0.1508582034656984
2779,7.840016088736359,-0.15050400750974635
2780,7.842545701724097,-0.1501501990075534
2781,7.845071699368952,-0.14979678642630198
2782,7.847594024734902,-0.14944377822357996
2783,7.850112621022793,-0.1490911828471767
2784,7.8526274315712685,-0.14873900873488202
2785,7.8551383998577355,-0.14838726431428376
2786,7.8576454694992925,-0.14803595800256694
2787,7.860148584253681,-0.14768509820631148
2788,7.862647688020212,-0.1473346933212918
2789,7.865142724840672,-0.14698475173227635
2790,7.867633638900247,-0.14663528181282695
2791,7.870120374528465,-0.1462862919250973
2792,7.872602876200039,-0.14593779041963548
2793,7.875081088535811,-0.14558978563518238
2794,7.877554956303631,-0.14524228589847288
2795,7.880024424419222,-0.14489529952403757
2796,7.882489437947085,-0.14454883481400282
2797,7.884949942101349,-0.14420290005789346
2798,7.887405882246658,-0.14385750353243335
2799,7.889857203899004,-0.14351265350134917
2800,7.892303852726591,-0.143168358215172
2801,7.894745774550685,-0.14282462591104023
2802,7.897182915346449,-0.14248146481250296
2803,7.899615221243778,-0.1421388831293235
2804,7.902042638528121,-0.14179688905728335
2805,7.904465113641318,-0.14145549077798567
2806,7.9068825931823925,-0.14111469645866095
2807,7.909295023908392,-0.14077451425197077
2808,7.911702352735141,-0.14043495229581485
2809,7.9141045267380905,-0.14009601871313454
2810,7.916501493153082,-0.13975772161172026
2811,7.918893199377142,-0.13942006908401705
2812,7.9212795929692374,-0.13908306920693275
2813,7.923660621651091,-0.13874673004164298
2814,7.926036233307916,-0.13841105963340042
2815,7.92840637598918,-0.13807606601134226
2816,7.930770997909378,-0.137741757188298
2817,7.933130047448768,-0.13740814116059882
2818,7.935483473154119,-0.13707522590788634
2819,7.9378312237394475,-0.1367430193929224
2820,7.94017324808674,-0.1364115295613994
2821,7.94250949524672,-0.13608076434174876
2822,7.94483991443951,-0.1357507316449546
2823,7.947164455055395,-0.13542143936436246
2824,7.949483066655504,-0.1350928953754927
2825,7.951795698972536,-0.13476510753585122
2826,7.954102301911432,-0.13443808368474328
2827,7.956402825550097,-0.13411183164308532
2828,7.958697220140079,-0.13378635921321874
2829,7.960985436107232,-0.13346167417872443
2830,7.9632674240524235,-0.1331377843042361
2831,7.965543134752177,-0.13281469733525605
2832,7.967812519159358,-0.1324924209979697
2833,7.970075528403826,-0.13217096299906175
2834,7.972332113793091,-0.1318503310255324
2835,7.974582226812978,-0.13153053274451312
2836,7.9768258191282495,-0.13121157580308526
2837,7.979062842583243,-0.13089346782809738
2838,7.981293249202539,-0.13057621642598227
2839,7.983516991191556,-0.13025982918257684
2840,7.985734020937189,-0.12994431366294115
2841,7.987944291008426,-0.1296296774111775
2842,7.9901477541569665,-0.12931592795025101
2843,7.992344363317821,-0.12900307278181025
2844,7.994534071609936,-0.12869111938600805
2845,7.9967168323367455,-0.12838007522132494
2846,7.998892598986826,-0.12806994772438865
2847,8.001061325234444,-0.12776074430979925
2848,8.003222964940155,-0.1274524723699511
2849,8.005377472151379,-0.12714513927485765
2850,8.007524801102981,-0.12683875237197492
2851,8.009664906217832,-0.12653331898602732
2852,8.011797742107365,-0.1262288464188331
2853,8.013923263572167,-0.12592534194912974
2854,8.016041425602506,-0.12562281283240087
2855,8.018152183378888,-0.12532126630070375
2856,8.020255492272593,-0.1250207095624976
2857,8.022351307846245,-0.12472114980247045
2858,8.024439585854326,-0.12442259418136854
2859,8.026520282243705,-0.12412504983582698
2860,8.028593353154188,-0.1238285238781983
2861,8.030658754919003,-0.1235330233963843
2862,8.032716444065356,-0.1232385554536665
2863,8.034766377314934,-0.12294512708853804
2864,8.0368085115844,-0.1226527453145366
2865,8.038842803985903,-0.12236141712007784
2866,8.04086921182758,-0.12207114946828808
2867,8.042887692614087,-0.12178194929683817
2868,8.044898204047009,-0.12149382351778087
2869,8.046900704025438,-0.12120677901738315
2870,8.048895150646395,-0.12092082265596468
2871,8.050881502205318,-0.12063596126773428
2872,8.052859717196569,-0.12035220166062588
2873,8.054829754313872,-0.12006955061613803
2874,8.056791572450784,-0.11978801488917207
2875,8.058745130701165,-0.11950760120787152
2876,8.06069038835964,-0.11922831627346173
2877,8.06262730492203,-0.11895016676009118
2878,8.064555840085815,-0.11867315931467244
2879,8.066475953750588,-0.11839730055672378
2880,8.068387606018488,-0.11812259707821195
2881,8.070290757194641,-0.11784905544339531
2882,8.072185367787583,-0.11757668218866807
2883,8.074071398509696,-0.11730548382240492
2884,8.075948810277643,-0.11703546682480573
2885,8.077817564212761,-0.11676663764774266
2886,8.079677621641524,-0.11649900271460481
2887,8.081528944095906,-0.11623256842014777
2888,8.083371493313829,-0.11596734113034031
2889,8.08520523123955,-0.11570332718221307
2890,8.087030120024073,-0.11544053288370856
2891,8.088846122025535,-0.11517896451353121
2892,8.0906531998096,-0.11491862832099806
2893,8.092451316149889,-0.11465953052588912
2894,8.094240434028313,-0.11440167731830142
2895,8.096020516635472,-0.11414507485850184
2896,8.097791527371074,-0.11388972927677841
2897,8.099553429844248,-0.1136356466732981
2898,8.101306187873966,-0.11338283311795913
2899,8.103049765489393,-0.11313129465024827
2900,8.104784126930245,-0.11288103727909732
2901,8.106509236647176,-0.1126320669827394
2902,8.10822505930211,-0.11238438970856819
2903,8.109931559768613,-0.11213801137299592
2904,8.111628703132236,-0.11189293786131352
2905,8.11331645469086,-0.11164917502755056
2906,8.114994779955058,-0.11140672869433584
2907,8.116663644648417,-0.11116560465275989
2908,8.118323014707874,-0.11092580866223768
2909,8.119972856284082,-0.11068734645037057
2910,8.121613135741699,-0.11045022371281212
2911,8.123243819659756,-0.11021444611313096
2912,8.124864874831944,-0.1099800192826784
2913,8.126476268266961,-0.10974694882045354
2914,8.128077967188812,-0.10951524029297124
2915,8.129669939037152,-0.10928489923412865
2916,8.131252151467564,-0.10905593114507567
2917,8.132824572351884,-0.10882834149408337
2918,8.134387169778519,-0.10860213571641397
2919,8.135939912052718,-0.10837731921419332
2920,8.137482767696902,-0.10815389735628118
2921,8.139015705450936,-0.10793187547814508
2922,8.140538694272438,-0.10771125888173305
2923,8.142051703337067,-0.10749205283534811
2924,8.143554702038795,-0.1072742625735239
2925,8.14504765999021,-0.10705789329689919
2926,8.146530547022778,-0.10684295017209657
2927,8.14800333318715,-0.10662943833159748
2928,8.14946598875339,-0.10641736287362347
2929,8.150918484211301,-0.10620672886201232
2930,8.152360790270652,-0.1059975413261003
2931,8.153792877861465,-0.10578980526060204
2932,8.155214718134271,-0.10558352562549203
2933,8.156626282460376,-0.1053787073458873
2934,8.158027542432109,-0.10517535531193076
2935,8.159418469863084,-0.10497347437867556
2936,8.160799036788438,-0.10477306936596997
2937,8.162169215465115,-0.1045741450583421
2938,8.16352897837207,-0.10437670620488816
2939,8.164878298210539,-0.10418075751915921
2940,8.166217147904275,-0.10398630367904917
2941,8.167545500599758,-0.10379334932668567
2942,8.168863329666488,-0.10360189906831727
2943,8.170170608697166,-0.10341195747420684
2944,8.171467311507945,-0.1032235290785226
2945,8.17275341213866,-0.10303661837923005
2946,8.174028884853035,-0.10285122983798692
2947,8.175293704138937,-0.1026673678800356
2948,8.176547844708553,-0.10248503689410042
2949,8.177791281498648,-0.10230424123228232
2950,8.179023989670743,-0.10212498520995686
2951,8.18024594461136,-0.10194727310567096
2952,8.181457121932205,-0.10177110916104236
2953,8.182657497470387,-0.1015964975806598
2954,8.183847047288623,-0.10142344253198214
2955,8.185025747675438,-0.10125194814524038
2956,8.186193575145348,-0.10108201851334117
2957,8.187350506439087,-0.10091365769176773
2958,8.18849651852378,-0.10074686969848552
2959,8.189631588593128,-0.10058165851384725
2960,8.190755694067633,-0.10041802808049717
2961,8.19186881259474,-0.1002559823032799
2962,8.192970922049048,-0.1000955250491467
2963,8.194062000532501,-0.09993666014706404
2964,8.195142026374535,-0.09977939138792412
2965,8.196210978132285,-0.0996237225244541
2966,8.197268834590735,-0.09946965727112866
2967,8.198315574762919,-0.09931719930408084
2968,8.199351177890076,-0.09916635226101542
2969,8.200375623441806,-0.0990171197411242
2970,8.20138889111626,-0.09886950530499969
2971,8.2023909608403,-0.09872351247455055
2972,8.203381812769631,-0.09857914473292029
2973,8.204361427289001,-0.09843640552440333
2974,8.205329785012331,-0.0982952982543641
2975,8.206286866782882,-0.09815582628915666
2976,8.207232653673403,-0.09801799295604499
2977,8.208167126986268,-0.09788180154312556
2978,8.209090268253664,-0.09774725529924724
2979,8.210002059237679,-0.09761435743393762
2980,8.2109024819305,-0.09748311111732462
2981,8.211791518554524,-0.0973535194800633
2982,8.212669151562505,-0.0972255856132609
2983,8.213535363637687,-0.09709931256840532
2984,8.214390137693945,-0.0969747033572915
2985,8.215233456875927,-0.09685176095195087
2986,8.216065304559162,-0.09673048828458183
2987,8.216885664350203,-0.09661088824748028
2988,8.217694520086761,-0.09649296369297063
2989,8.218491855837808,-0.09637671743333985
2990,8.21927765590372,-0.0962621522407702
2991,8.220051904816401,-0.09614927084727354
2992,8.220814587339365,-0.09603807594462876
2993,8.221565688467903,-0.09592857018431596
2994,8.222305193429161,-0.09582075617745557
2995,8.223033087682266,-0.09571463649474635
2996,8.223749356918441,-0.09561021366640415
2997,8.224453987061107,-0.09550749018210361
2998,8.225146964265992,-0.0954064684909182
2999,8.225828274921218,-0.095307151001264
