turn,time_sigma_ns,Q1
0,9.959436791699536,-0.003481583550653032
1,9.95944440342184,-0.003480879235634714
2,9.95945244403697,-0.0034801323968790413
3,9.959460913470862,-0.003479343041898959
4,9.959469811645848,-0.003478511178557309
5,9.959479138480665,-0.0034776368150667915
6,9.959488893890445,-0.0034767199599903507
7,9.959499077786697,-0.0034757606222415257
8,9.959509690077345,-0.003474758811083249
9,9.959520730666705,-0.0034737145361280397
10,9.95953219945551,-0.0034726278073378865
11,9.95954409634086,-0.0034714986350249384
12,9.959556421216277,-0.00347032702985061
13,9.959569173971683,-0.003469113002825273
14,9.959582354493401,-0.003467856565308472
15,9.959595962664176,-0.0034665577290081077
16,9.959609998363137,-0.0034652165059818442
17,9.95962446146582,-0.003463832908636127
18,9.959639351844194,-0.003462406949724602
19,9.959654669366621,-0.0034609386423503025
20,9.959670413897879,-0.0034594279999643285
21,9.959686585299163,-0.0034578750363654293
22,9.959703183428068,-0.0034562797657011366
23,9.959720208138627,-0.0034546422024657303
24,9.959737659281268,-0.003452962361501859
25,9.959755536702847,-0.003451240257999473
26,9.959773840246655,-0.0034494759074950435
27,9.959792569752388,-0.0034476693258727784
28,9.959811725056165,-0.0034458205293638857
29,9.95983130599054,-0.003443929534545866
30,9.959851312384503,-0.0034419963583426152
31,9.95987174406344,-0.0034400210180254485
32,9.959892600849196,-0.0034380035312107536
33,9.95991388256005,-0.0034359439158610514
34,9.959935589010703,-0.003433842190284936
35,9.959957720012293,-0.0034316983731365568
36,9.959980275372402,-0.0034295124834153134
37,9.960003254895055,-0.0034272845404657885
38,9.960026658380704,-0.0034250145639781516
39,9.960050485626255,-0.003422702573986638
40,9.960074736425057,-0.0034203485908705544
41,9.960099410566917,-0.0034179526353530195
42,9.960124507838085,-0.003415514728501639
43,9.96015002802125,-0.003413034891728425
44,9.960175970895579,-0.0034105131467882395
45,9.960202336236673,-0.0034079495157805064
46,9.96022912381661,-0.0034053440211467604
47,9.960256333403917,-0.0034026966856723897
48,9.96028396476359,-0.0034000075324854577
49,9.960312017657087,-0.0033972765850564216
50,9.960340491842336,-0.0033945038671983076
51,9.960369387073735,-0.003391689403066045
52,9.960398703102141,-0.0033888332171572865
53,9.960428439674917,-0.0033859353343097098
54,9.960458596535867,-0.0033829957797040584
55,9.960489173425294,-0.003380014578861413
56,9.960520170079976,-0.0033769917576440974
57,9.960551586233189,-0.003373927342254332
58,9.960583421614682,-0.003370821359235505
59,9.960615675950695,-0.0033676738354710585
60,9.96064834896396,-0.0033644847981841738
61,9.960681440373714,-0.003361254274937545
62,9.960714949895678,-0.003357982293633404
63,9.960748877242084,-0.0033546688825127837
64,9.960783222121664,-0.00335131407015566
65,9.960817984239648,-0.003347917885480839
66,9.960853163297784,-0.0033444803577450223
67,9.960888758994322,-0.0033410015165431673
68,9.960924771024034,-0.0033374813918078112
69,9.960961199078204,-0.0033339200138088813
70,9.960998042844642,-0.00333031741315325
71,9.961035302007677,-0.003326673620784767
72,9.961072976248158,-0.0033229886679842545
73,9.961111065243474,-0.003319262586368018
74,9.961149568667532,-0.0033154954078890462
75,9.96118848619079,-0.0033116871648353184
76,9.961227817480237,-0.0033078378898303926
77,9.961267562199394,-0.003303947615833283
78,9.961307720008335,-0.0033000163761372735
79,9.961348290563672,-0.003296044204370838
80,9.961389273518582,-0.003292031134495311
81,9.961430668522798,-0.0032879772008063517
82,9.961472475222585,-0.0032838824379336712
83,9.961514693260794,-0.003279746880839375
84,9.961557322276821,-0.0032755705648189986
85,9.961600361906646,-0.0032713535255000643
86,9.961643811782803,-0.0032670957988426563
87,9.961687671534413,-0.00326279742113853
88,9.96173194078716,-0.003258458429011202
89,9.961776619163318,-0.0032540788594151927
90,9.961821706281738,-0.0032496587496362137
91,9.961867201757867,-0.003245198137289755
92,9.961913105203744,-0.0032406970603219044
93,9.96195941622799,-0.0032361555570088255
94,9.962006134435837,-0.0032315736659555214
95,9.962053259429116,-0.0032269514260965066
96,9.962100790806256,-0.003222288876695265
97,9.962148728162301,-0.00321758605734323
98,9.962197071088907,-0.003212843007960293
99,9.962245819174353,-0.0032080597687935567
100,9.962294972003516,-0.003203236380418346
101,9.962344529157921,-0.003198372883736046
102,9.962394490215715,-0.003193469319974913
103,9.962444854751666,-0.0031885257306897264
104,9.9624956223372,-0.0031835421577604208
105,9.962546792540357,-0.003178518643393223
106,9.96259836492583,-0.0031734552301191698
107,9.962650339054973,-0.0031683519607935144
108,9.962702714485776,-0.003163208878596313
109,9.962755490772885,-0.00315802602703187
110,9.962808667467606,-0.0031528034499277292
111,9.962862244117915,-0.0031475411914343382
112,9.962916220268449,-0.0031422392960255103
113,9.962970595460527,-0.0031368978084966945
114,9.963025369232131,-0.0031315167739659356
115,9.963080541117932,-0.003126096237872601
116,9.963136110649288,-0.0031206362459771085
117,9.963192077354234,-0.0031151368443610673
118,9.963248440757502,-0.003109598079426327
119,9.963305200380523,-0.003104019997894688
120,9.963362355741438,-0.0030984026468070893
121,9.963419906355073,-0.003092746073524435
122,9.963477851732982,-0.0030870503257256184
123,9.963536191383437,-0.0030813154514078432
124,9.963594924811412,-0.003075541498886563
125,9.963654051518624,-0.003069728516794212
126,9.9637135710035,-0.003063876554080911
127,9.963773482761203,-0.003057985660013241
128,9.96383378628364,-0.003052055884173615
129,9.963894481059452,-0.003046087276460516
130,9.96395556657404,-0.003040079887087161
131,9.964017042309543,-0.0030340337665820754
132,9.964078907744865,-0.0030279489657879673
133,9.96414116235566,-0.003021825535861936
134,9.96420380561435,-0.003015663528274268
135,9.964266836990129,-0.0030094629948084674
136,9.964330255948974,-0.003003223987560202
137,9.964394061953628,-0.0029969465589379973
138,9.964458254463612,-0.0029906307616622504
139,9.96452283293525,-0.0029842766487639194
140,9.96458779682166,-0.002977884273585164
141,9.964653145572758,-0.002971453689777882
142,9.964718878635258,-0.002964984951304503
143,9.964784995452687,-0.0029584781124368464
144,9.964851495465375,-0.0029519332277559026
145,9.964918378110482,-0.002945350352150459
146,9.964985642821999,-0.002938729540817381
147,9.965053289030715,-0.0029320708492619877
148,9.965121316164286,-0.002925374333295462
149,9.965189723647189,-0.0029186400490363263
150,9.96525851090075,-0.002911868052908862
151,9.965327677343131,-0.0029050584016434827
152,9.965397222389377,-0.0028982111522747487
153,9.965467145451372,-0.0028913263621423205
154,9.965537445937864,-0.002884404088890188
155,9.965608123254484,-0.0028774443904656948
156,9.965679176803718,-0.0028704473251197574
157,9.965750605984955,-0.0028634129514052277
158,9.965822410194452,-0.002856341328177802
159,9.96589458882536,-0.0028492325145948053
160,9.965967141267734,-0.002842086570114268
161,9.96604006690853,-0.002834903554494909
162,9.966113365131603,-0.0028276835277958865
163,9.96618703531773,-0.002820426550375742
164,9.966261076844601,-0.0028131326828922274
165,9.966335489086836,-0.00280580198630144
166,9.966410271415976,-0.0027984345218577305
167,9.966485423200501,-0.0027910303511132738
168,9.966560943805835,-0.0027835895359165377
169,9.966636832594336,-0.002776112138413557
170,9.966713088925342,-0.0027685982210447057
171,9.96678971215511,-0.002761047846547567
172,9.966866701636885,-0.002753461077953835
173,9.96694405672087,-0.0027458379785896955
174,9.967021776754253,-0.0027381786120748773
175,9.967099861081202,-0.002730483042322358
176,9.967178309042863,-0.002722751333538348
177,9.967257119977372,-0.002714983550221252
178,9.967336293219866,-0.00270717975716109
179,9.967415828102496,-0.0026993400194385174
180,9.967495723954407,-0.002691464402425443
181,9.967575980101772,-0.002683552971783275
182,9.967656595867778,-0.002675605793463302
183,9.96773757057264,-0.002667622933705587
184,9.967818903533603,-0.002659604459038616
185,9.967900594064956,-0.0026515504362787825
186,9.967982641478043,-0.002643460932529046
187,9.968065045081243,-0.002635336015179837
188,9.968147804179996,-0.0026271757519075786
189,9.96823091807681,-0.0026189802106739756
190,9.968314386071256,-0.002610749459726177
191,9.968398207459996,-0.002602483567594878
192,9.968482381536758,-0.002594182603095387
193,9.968566907592356,-0.0025858466353263537
194,9.968651784914716,-0.0025774757336684104
195,9.968737012788846,-0.0025690699677849344
196,9.96882259049688,-0.0025606294076203286
197,9.968908517318049,-0.002552154123400109
198,9.96899479252871,-0.002543644185630437
199,9.969081415402332,-0.002535099665097359
200,9.969168385209542,-0.002526520632865365
201,9.96925570121809,-0.0025179071602778394
202,9.969343362692873,-0.002509259318956316
203,9.969431368895936,-0.002500577180799698
204,9.969519719086495,-0.0024918608179832135
205,9.969608412520913,-0.0024831103029591063
206,9.969697448452733,-0.002474325708454506
207,9.969786826132673,-0.002465507107471964
208,9.969876544808637,-0.002456654573288073
209,9.969966603725707,-0.0024477681794539117
210,9.970057002126184,-0.0024388479997926858
211,9.970147739249555,-0.002429894108400922
212,9.970238814332529,-0.002420906579646566
213,9.970330226609015,-0.0024118854881694423
214,9.970421975310169,-0.0024028309088794026
215,9.97051405966436,-0.0023937429169568008
216,9.970606478897198,-0.002384621587851432
217,9.970699232231539,-0.002375466997281684
218,9.970792318887478,-0.0023662792212349815
219,9.970885738082384,-0.002357058335965145
220,9.97097948903088,-0.002347804417993771
221,9.97107357094486,-0.0023385175441083964
222,9.971167983033501,-0.002329197791362411
223,9.97126272450326,-0.00231984523707401
224,9.971357794557887,-0.0023104599588262024
225,9.971453192398432,-0.002301042034465279
226,9.971548917223242,-0.002291591542101218
227,9.971644968227983,-0.0022821085601061196
228,9.971741344605642,-0.0022725931671139527
229,9.971838045546525,-0.002263045442020085
230,9.971935070238278,-0.002253465463980192
231,9.972032417865881,-0.002243853312410021
232,9.97213008761167,-0.0022342090669842966
233,9.972228078655322,-0.002224532807637001
234,9.972326390173892,-0.002214824614558881
235,9.972425021341794,-0.0022050845681989093
236,9.972523971330814,-0.0021953127492624247
237,9.972623239310126,-0.002185509238710745
238,9.972722824446297,-0.0021756741177602424
239,9.972822725903285,-0.0021658074678821662
240,9.972922942842454,-0.002155909370801815
241,9.973023474422579,-0.002145979908497526
242,9.973124319799858,-0.002136019163200293
243,9.973225478127906,-0.002126027217393346
244,9.973326948557784,-0.0021160041538106876
245,9.973428730237979,-0.0021059500554375782
246,9.973530822314443,-0.0020958650055082975
247,9.973633223930571,-0.0020857490875071318
248,9.973735934227223,-0.0020756023851665603
249,9.973838952342742,-0.0020654249824667435
250,9.973942277412931,-0.0020552169636353086
251,9.97404590857109,-0.00204497841314622
252,9.974149844948004,-0.0020347094157195946
253,9.974254085671951,-0.0020244100563206998
254,9.974358629868737,-0.0020140804201586194
255,9.974463476661668,-0.002003720592686613
256,9.974568625171578,-0.0019933306596009175
257,9.974674074516836,-0.001982910706839752
258,9.974779823813334,-0.0019724608205835274
259,9.974885872174527,-0.0019619810872530397
260,9.974992218711412,-0.0019514715935096945
261,9.975098862532544,-0.0019409324262544857
262,9.97520580274406,-0.0019303636726267944
263,9.975313038449658,-0.001919765420004559
264,9.975420568750621,-0.0019091377560030963
265,9.975528392745838,-0.0018984807684739305
266,9.975636509531784,-0.0018877945455049886
267,9.975744918202539,-0.001877079175419443
268,9.975853617849806,-0.0018663347467747745
269,9.97596260756291,-0.0018555613483624302
270,9.976071886428803,-0.0018447590692067277
271,9.976181453532075,-0.0018339279985648683
272,9.976291307954954,-0.0018230682259254795
273,9.976401448777334,-0.0018121798410081023
274,9.976511875076763,-0.0018012629337624268
275,9.976622585928467,-0.0017903175943675311
276,9.976733580405341,-0.0017793439132313977
277,9.976844857577971,-0.0017683419809898981
278,9.976956416514621,-0.0017573118885067722
279,9.977068256281283,-0.0017462537268711682
280,9.977180375941636,-0.0017351675873990588
281,9.977292774557078,-0.0017240535616313026
282,9.97740545118675,-0.0017129117413324409
283,9.977518404887514,-0.001701742218490945
284,9.977631634713957,-0.0016905450853191106
285,9.977745139718447,-0.0016793204342496584
286,9.977858918951087,-0.0016680683579378905
287,9.977972971459746,-0.0016567889492597342
288,9.978087296290076,-0.0016454823013101858
289,9.978201892485513,-0.0016341485074036605
290,9.978316759087273,-0.0016227876610731488
291,9.97843189513437,-0.0016113998560691716
292,9.978547299663639,-0.0015999851863589647
293,9.978662971709703,-0.001588543746126279
294,9.97877891030504,-0.0015770756297691611
295,9.978895114479927,-0.0015655809319017127
296,9.979011583262505,-0.0015540597473505812
297,9.979128315678745,-0.0015425121711562671
298,9.979245310752491,-0.0015309382985708418
299,9.979362567505433,-0.0015193382250585684
300,9.979480084957144,-0.0015077120462940563
301,9.979597862125072,-0.0014960598581622122
302,9.979715898024557,-0.0014843817567569118
303,9.979834191668841,-0.0014726778383803343
304,9.97995274206906,-0.0014609481995427143
305,9.980071548234276,-0.0014491929369607412
306,9.980190609171462,-0.001437412147557837
307,9.980309923885532,-0.001425605928462026
308,9.980429491379333,-0.0014137743770062825
309,9.98054931065367,-0.0014019175907271251
310,9.980669380707281,-0.0013900356673647565
311,9.980789700536901,-0.001378128704860358
312,9.980910269137208,-0.0013661968013577606
313,9.981031085500879,-0.0013542400552006733
314,9.981152148618577,-0.0013422585649330368
315,9.981273457478961,-0.001330252429297666
316,9.981395011068713,-0.0013182217472351308
317,9.981516808372511,-0.0013061666178842302
318,9.981638848373063,-0.00129408714058041
319,9.981761130051103,-0.0012819834148552153
320,9.981883652385427,-0.0012698555404342048
321,9.982006414352867,-0.0012577036172380651
322,9.982129414928318,-0.0012455277453807408
323,9.982252653084736,-0.0012333280251691314
324,9.982376127793163,-0.0012211045571015884
325,9.982499838022726,-0.001208857441867564
326,9.98262378274064,-0.0011965867803470545
327,9.982747960912224,-0.0011842926736093933
328,9.982872371500903,-0.001171975222912938
329,9.982997013468234,-0.0011596345297031957
330,9.983121885773892,-0.001147270695613254
331,9.983246987375699,-0.0011348838224620782
332,9.983372317229614,-0.0011224740122542994
333,9.983497874289755,-0.0011100413671791582
334,9.983623657508401,-0.0010975859896097358
335,9.983749665836017,-0.0010851079821014014
336,9.983875898221227,-0.001072607447392713
337,9.98400235361086,-0.0010600844884030274
338,9.984129030949946,-0.0010475392082319815
339,9.98425592918172,-0.0010349717101591264
340,9.984383047247626,-0.0010223820976430896
341,9.984510384087352,-0.0010097704743199304
342,9.984637938638798,-0.0009971369440038777
343,9.984765709838126,-0.0009844816106847026
344,9.984893696619737,-0.0009718045785281675
345,9.985021897916308,-0.0009591059518745126
346,9.985150312658776,-0.0009463858352380523
347,9.98527893977636,-0.0009336443333059918
348,9.985407778196578,-0.0009208815509376623
349,9.985536826845232,-0.0009080975931639171
350,9.985666084646434,-0.0008952925651862823
351,9.985795550522617,-0.0008824665723758756
352,9.985925223394526,-0.0008696197202730211
353,9.98605510218125,-0.0008567521145857825
354,9.986185185800226,-0.0008438638611891051
355,9.986315473167226,-0.0008309550661251187
356,9.9864459631964,-0.0008180258356005212
357,9.986576654800267,-0.0008050762759869151
358,9.986707546889711,-0.0007921064938203432
359,9.98683863837401,-0.000779116595799514
360,9.98696992816085,-0.0007661066887848436
361,9.987101415156312,-0.0007530768797983818
362,9.987233098264904,-0.0007400272760222698
363,9.987364976389548,-0.0007269579847985838
364,9.987497048431605,-0.0007138691136282139
365,9.98762931329087,-0.0007007607701698728
366,9.987761769865603,-0.0006876330622390455
367,9.987894417052521,-0.0006744860978074581
368,9.988027253746813,-0.0006613199850022676
369,9.988160278842154,-0.0006481348321043515
370,9.988293491230694,-0.0006349307475493448
371,9.988426889803097,-0.0006217078399246036
372,9.98856047344853,-0.0006084662179696831
373,9.988694241054668,-0.0005952059905754389
374,9.98882819150772,-0.0005819272667827068
375,9.988962323692435,-0.0005686301557811391
376,9.989096636492107,-0.0005553147669091468
377,9.98923112878857,-0.0005419812096528698
378,9.989365799462234,-0.0005286295936447683
379,9.989500647392083,-0.0005152600286633881
380,9.989635671455684,-0.0005018726246316619
381,9.98977087052919,-0.0004884674916169817
382,9.989906243487363,-0.0004750447398296423
383,9.990041789203563,-0.00046160447962299855
384,9.990177506549774,-0.00044814682149110075
385,9.990313394396624,-0.00043467187606847143
386,9.990449451613364,-0.000421179754129634
387,9.9905856770679,-0.0004076705665879096
388,9.990722069626788,-0.0003941444244945316
389,9.990858628155262,-0.0003806014390375463
390,9.990995351517224,-0.00036704172154138244
391,9.991132238575275,-0.00035346538346529605
392,9.991269288190693,-0.00033987253640374517
393,9.991406499223473,-0.00032626329208393265
394,9.99154387053232,-0.0003126377623662693
395,9.991681400974658,-0.0002989960592426794
396,9.991819089406658,-0.0002853382948356728
397,9.991956934683229,-0.0002716645813977838
398,9.99209493565802,-0.0002579750313110704
399,9.992233091183452,-0.00024426975708574455
400,9.99237140011072,-0.0002305488713587735
401,9.992509861289806,-0.0002168124868933912
402,9.992648473569455,-0.00020306071657950008
403,9.99278723579724,-0.00018929367343052997
404,9.992926146819542,-0.0001755114705835295
405,9.993065205481548,-0.00016171422129916487
406,9.993204410627273,-0.00014790203895984123
407,9.99334376109958,-0.00013407503706889355
408,9.993483255740175,-0.00012023332924948508
409,9.993622893389622,-0.00010637702924459998
410,9.993762672887366,-9.25062509145894e-05
411,9.993902593071697,-7.862110823863731e-05
412,9.994042652779818,-6.472171531150472e-05
413,9.994182850847828,-5.080818634327126e-05
414,9.99432318611072,-3.6880635659605335e-05
415,9.994463657402402,-2.2939177699632653e-05
416,9.994604263555717,-8.983927015614767e-06
417,9.994745003402437,4.9850017287658584e-06
418,9.99488587577327,1.896749375781539e-05
419,9.995026879497901,3.2963434186666515e-05
420,9.995168013404955,4.697270802029756e-05
421,9.99530927632203,6.0995200155306325e-05
422,9.995450667075733,7.503079538169484e-05
423,9.995592184491647,8.907937838245328e-05
424,9.995733827394355,0.00010314083373472993
425,9.99587559460745,0.00011721504591073711
426,9.996017484953553,0.0001313018992791971
427,9.996159497254322,0.00014540127810617527
428,9.99630163033045,0.0001595130665555107
429,9.996443883001673,0.00017363714868931483
430,9.9965862540868,0.0001877734084704505
431,9.99672874240371,0.00020192172976229853
432,9.996871346769352,0.00021608199632954558
433,9.997014065999771,0.0002302540918394797
434,9.997156898910127,0.00024443789986402316
435,9.997299844314663,0.00025863330387788117
436,9.997442901026753,0.00027284018726188536
437,9.997586067858913,0.00028705843330357144
438,9.99772934362277,0.00030128792519642795
439,9.99787272712912,0.00031552854604312806
440,9.998016217187924,0.00032978017885538965
441,9.998159812608286,0.000344042706553941
442,9.998303512198515,0.00035831601197166136
443,9.99844731476609,0.0003725999778522491
444,9.998591219117692,0.0003868944868524246
445,9.998735224059216,0.0004011994215426661
446,9.99887932839577,0.00041551466440825554
447,9.999023530931687,0.00042984009784949724
448,9.999167830470533,0.0004441756041830446
449,9.999312225815135,0.0004585210656436542
450,9.999456715767572,0.0004728763643841434
451,9.999601299129178,0.0004872413824760775
452,9.999745974700582,0.0005016160019117814
453,9.999890741281687,0.0005160001046044325
454,10.000035597671694,0.0005303935723891206
455,10.000180542669115,0.0005447962870242408
456,10.000325575071768,0.0005592081301915494
457,10.000470693676805,0.0005736289834979913
458,10.00061589728071,0.000588058728476207
459,10.000761184679316,0.0006024972465856713
460,10.000906554667818,0.0006169444192136009
461,10.001052006040755,0.0006314001276751499
462,10.001197537592063,0.000645864253215739
463,10.001343148115058,0.0006603366770110636
464,10.001488836402439,0.0006748172801675098
465,10.001634601246321,0.0006893059437246212
466,10.001780441438228,0.0007038025486547146
467,10.001926355769129,0.000718306975865313
468,10.0020723430294,0.0007328191061976894
469,10.00221840200888,0.0007473388204302115
470,10.002364531496845,0.0007618659992774703
471,10.00251073028206,0.0007764005233930058
472,10.002656997152737,0.0007909422733680858
473,10.002803330896597,0.0008054911297350888
474,10.002949730300838,0.0008200469729662978
475,10.003096194152175,0.0008346096834761966
476,10.003242721236816,0.00084917914162137
477,10.00338931034053,0.0008637552277033711
478,10.003535960248584,0.0008783378219667986
479,10.003682669745807,0.0008929268046026476
480,10.00382943761657,0.0009075220557477456
481,10.003976262644827,0.000922123455487446
482,10.004123143614084,0.0009367308838543405
483,10.004270079307442,0.0009513442208307318
484,10.004417068507609,0.0009659633463497932
485,10.004564109996869,0.0009805881402950981
486,10.004711202557132,0.000995218482502308
487,10.004858344969943,0.0010098542527611524
488,10.005005536016457,0.0010244953308142762
489,10.005152774477502,0.0010391415963605887
490,10.00530005913353,0.0010537929290538326
491,10.00544738876468,0.0010684492085051948
492,10.005594762150743,0.0010831103142836117
493,10.00574217807121,0.0010977761259167997
494,10.005889635305259,0.0011124465228924607
495,10.006037132631771,0.0011271213846588885
496,10.006184668829338,0.0011418005906257917
497,10.00633224267628,0.001156484020165823
498,10.006479852950651,0.0011711715526155565
499,10.006627498430246,0.0011858630672754286
500,10.006775177892605,0.001200558443411412
501,10.006922890115048,0.0012153494940149853
502,10.007070351281179,0.0012303773120383042
503,10.00721675135259,0.0012457031327507359
504,10.007360812522524,0.0012613035815140258
505,10.007500847677585,0.00127706394197251
506,10.007634818867704,0.001292771447099345
507,10.007760395784596,0.001308110310027596
508,10.007875014248787,0.0013226599259197542
509,10.007975934705343,0.001335897390280512
510,10.00806030072774,0.0013472051930096673
511,10.008125197529317,0.0013558846611638664
512,10.008167710481322,0.0013611754368021407
513,10.008184983635815,0.0013622809894347145
514,10.008174278251666,0.0013583998755881618
515,10.008133031321266,0.0013487621708320409
516,10.008058914095143,0.0013326702124331282
517,10.007949890601397,0.0013095425037091034
518,10.007804276156566,0.0012789593442936844
519,10.007620795864367,0.0012407084640356828
520,10.007398643098512,0.0011948286522898846
521,10.007137537966114,0.0011414242834149263
522,10.006837483660174,0.001080496631418096
523,10.006498483847642,0.001012047148798441
524,10.006120542669432,0.0009360774665110814
525,10.005703664740532,0.000852589393931565
526,10.00524785515,0.0007615849188109076
527,10.004753119461052,0.0006630662072301256
528,10.00421946371114,0.0005570356035499783
529,10.003646894411997,0.00044349563035487406
530,10.003035418549725,0.0003224489883943331
531,10.002385043584889,0.00019389855652057034
532,10.001695777452579,5.784739161959331e-05
533,10.000967628562552,-8.570127145768574e-05
534,10.000200605799265,-0.0002367440199743558
535,9.999394718522058,-0.00039527726338324786
536,9.99854997656521,-0.0005612972334134615
537,9.997666390238079,-0.0007347999841572147
538,9.996743970325223,-0.0009157813921622605
539,9.99578272808654,-0.0011042371565265158
540,9.994782675257381,-0.0013001627990003829
541,9.993743824048709,-0.0015035536640896918
542,9.99266618714725,-0.0017144049191638072
543,9.991549777715628,-0.0019327115545694873
544,9.990394609392538,-0.0021584683837461665
545,9.989200696292903,-0.0023916700433477024
546,9.987968053008062,-0.002632310993365584
547,9.986696694605923,-0.0028803855172597668
548,9.985386636631166,-0.003135887722090139
549,9.984037895105406,-0.0033988115386547227
550,9.982650486527428,-0.003669150721629364
551,9.981224427873336,-0.003946898849715023
552,9.979759736596808,-0.004232049325784902
553,9.97825643062929,-0.004524595377038524
554,9.976714528380205,-0.004824530055159971
555,9.975134048737173,-0.0051318462364791356
556,9.973515011066269,-0.00544653662213647
557,9.971857435212232,-0.005768593738253488
558,9.970161341498724,-0.0060980099361060145
559,9.968426750728575,-0.006434777392301851
560,9.966653684184026,-0.0067788881089632
561,9.964842163627006,-0.00713033391391204
562,9.962992211299389,-0.0074891064608597615
563,9.96110384992328,-0.007855197229601136
564,9.95917710270126,-0.00822859752621349
565,9.957211993316719,-0.008609298483256847
566,9.955208545934111,-0.008997291059980969
567,9.953166785199251,-0.009392566042536278
568,9.95108673623965,-0.009795114044185562
569,9.948968424664796,-0.010204925505524003
570,9.946811876566487,-0.010621990694700193
571,9.944617118519128,-0.011046299707643453
572,9.942384177580083,-0.011477842468292662
573,9.940113081290017,-0.011916608728830406
574,9.937803857673202,-0.01236258806992203
575,9.935456535237904,-0.012815769900956593
576,9.933071142976704,-0.013276143460293653
577,9.930647710366872,-0.01374369781551315
578,9.928186267370743,-0.014218421863668439
579,9.925686844436079,-0.01470030433154552
580,9.92314947249644,-0.015189333775924263
581,9.920574182971574,-0.015685498583844965
582,9.91796100776784,-0.01618878697287599
583,9.915309979278552,-0.016699186991390367
584,9.912621130384428,-0.017216686518841597
585,9.90989449445398,-0.01774127326604556
586,9.90713010534394,-0.018272934775466494
587,9.90432799739968,-0.018811658421506037
588,9.901488205455646,-0.01935743141079657
589,9.898610764835796,-0.019910240782498728
590,9.895695711354039,-0.020470073408602435
591,9.8927430813147,-0.021036915994231152
592,9.889752911512966,-0.02161075507795214
593,9.886725239235345,-0.02219157703208864
594,9.883660102260153,-0.02277936806303618
595,9.880557538857985,-0.02337411421158341
596,9.877417587792205,-0.023975801353236365
597,9.874240288319408,-0.024584415198548
598,9.87102568018997,-0.02519994129344754
599,9.867773803648511,-0.02582236501957886
600,9.864484699434424,-0.026451671594639434
601,9.861158408782398,-0.027087846072723454
602,9.85779497342293,-0.027730873344669907
603,9.854394435582865,-0.02838073813841371
604,9.850956837985951,-0.0290374250193398
605,9.847482223853355,-0.029700918390643437
606,9.843970636904247,-0.030371202493691577
607,9.84042212135634,-0.031048261408389857
608,9.836836721926481,-0.03173207905355208
609,9.833214483831195,-0.03242263918727526
610,9.829555452787293,-0.03311992540731624
611,9.825859675012456,-0.03382392115147359
612,9.822127197225829,-0.0345346096979724
613,9.818358066648617,-0.0352519741658538
614,9.814552331004728,-0.035975997515366384
615,9.810710038521348,-0.0367066625483642
616,9.806831237929606,-0.03744395190870481
617,9.802915978465185,-0.038187848082654574
618,9.798964309868955,-0.03893833339929621
619,9.794976282387664,-0.03969539003093778
620,9.790951946774557,-0.04045899999352929
621,9.786891354290033,-0.04122914514708134
622,9.782794556702347,-0.042005807196085855
623,9.778661606288276,-0.0427889676899426
624,9.774492555833792,-0.04357860802338846
625,9.770287458634783,-0.04437470943692999
626,9.76604636849773,-0.04517725301728071
627,9.761769339740416,-0.04598621969780122
628,9.757456427192674,-0.046801590258942205
629,9.753107686197072,-0.04762334532869278
630,9.74872317260968,-0.04845146538303062
631,9.744302942800799,-0.04928593074637666
632,9.739847053655675,-0.05012672159205505
633,9.735355562575323,-0.050973817942751305
634,9.730828527477238,-0.05182719967098054
635,9.726266006796186,-0.052686846499554664
636,9.721668059484989,-0.053552738002055046
637,9.7170347450153,-0.054424853603308454
638,9.712366123378407,-0.05530317257986601
639,9.707662255086046,-0.056187674060486255
640,9.702923201171199,-0.05707833702662074
641,9.69814902318894,-0.05797514031290393
642,9.693339783217215,-0.05887806260764773
643,9.688495543857739,-0.05978708245333586
644,9.683616368236803,-0.06070217824712534
645,9.678702320006147,-0.061623328241349466
646,9.673753463343813,-0.06255051054402484
647,9.668769862955013,-0.06348370311936193
648,9.663751584073022,-0.06442288378827835
649,9.658698692460066,-0.0653680302289155
650,9.653611254408196,-0.06631911997716038
651,9.64848933674023,-0.06727613042716775
652,9.64333300681063,-0.06823903883188877
653,9.63814233250644,-0.06920782230360083
654,9.632917382248236,-0.07018245781444073
655,9.627658224991036,-0.07116292219694295
656,9.622364930225269,-0.07214919214457927
657,9.617037567977707,-0.07314124421230367
658,9.611676208812478,-0.07413905481709726
659,9.606280923831987,-0.07514260023852096
660,9.600851784677952,-0.07615185661926671
661,9.595388863532353,-0.07716679996571627
662,9.589892233118462,-0.07818740614850031
663,9.584361966701845,-0.07921365090306133
664,9.578798138091388,-0.08024550983022062
665,9.573200821640311,-0.08128295839674822
666,9.567570092247232,-0.08232597193593467
667,9.561906025357182,-0.0833745256481685
668,9.556208696962695,-0.08442859460151389
669,9.550478183604865,-0.08548815373229367
670,9.544714562374399,-0.08655317784567522
671,9.538917910912721,-0.0876236416162587
672,9.533088307413092,-0.08869951958866763
673,9.527225830621669,-0.08978078617814517
674,9.521330559838637,-0.09086741567115135
675,9.515402574919326,-0.09195938222596452
676,9.509441956275351,-0.093056659873285
677,9.50344878487576,-0.0941592225168412
678,9.497423142248184,-0.09526704393400055
679,9.491365110479972,-0.09638009777638308
680,9.485274772219386,-0.09749835757047708
681,9.479152210676789,-0.0986217967182573
682,9.472997509625811,-0.09975038849780828
683,9.46681075340457,-0.10088410606394858
684,9.460592026916864,-0.10202292244885924
685,9.454341415633403,-0.10316681056271432
686,9.448059005593048,-0.10431574319431446
687,9.441744883404024,-0.10546969301172457
688,9.435399136245184,-0.10662863256291276
689,9.429021851867281,-0.1077925342763926
690,9.422613118594205,-0.10896137046186968
691,9.416173025324307,-0.11013511331088803
692,9.409701661531642,-0.11131373489748317
693,9.403199117267313,-0.11249720717883413
694,9.396665483160735,-0.11368550199592209
695,9.390100850420996,-0.11487859107418824
696,9.383505310838157,-0.1160764460241973
697,9.376878956784623,-0.11727903834230129
698,9.370221881216464,-0.1184863394113085
699,9.363534177674799,-0.1196983205011532
700,9.356815940287149,-0.12091495276956991
701,9.350067263768839,-0.12213620726276804
702,9.34328824342437,-0.12336205491611167
703,9.33647897514883,-0.12459246655480072
704,9.329639555429315,-0.12582741289455446
705,9.32277008134634,-0.12706686454229874
706,9.315870650575283,-0.12831079199685466
707,9.308941361387824,-0.12955916564963119
708,9.301982312653402,-0.13081195578531912
709,9.294993603840682,-0.1320691325825886
710,9.287975335019025,-0.1333306661147887
711,9.280927606859981,-0.1345965263506496
712,9.273850520638803,-0.13586668315498648
713,9.266744178235912,-0.13714110628940906
714,9.259608682138461,-0.13841976541302897
715,9.252444135441824,-0.1397026300831744
716,9.245250641851193,-0.14098966975610172
717,9.238028305683052,-0.1422808537877168
718,9.230777231866815,-0.14357615143429103
719,9.223497525946351,-0.14487553185318547
720,9.216189294081573,-0.14617896410357525
721,9.208852643050061,-0.14748641714717545
722,9.201487680248626,-0.14879785984897176
723,9.194094513694942,-0.15011326097795194
724,9.186673252029198,-0.15143258920783847
725,9.179224004515696,-0.1527558131178268
726,9.171746881044525,-0.15408290119332274
727,9.164241992133205,-0.1554138218266843
728,9.156709448928362,-0.15674854331796462
729,9.149149363207414,-0.15808703387565737
730,9.14156184738026,-0.1594292616174448
731,9.133947014490975,-0.16077519457094758
732,9.12630497821954,-0.16212480067447696
733,9.118635852883536,-0.16347804777779032
734,9.11093975343991,-0.1648349036428461
735,9.103216795486697,-0.16619533594456407
736,9.095467095264791,-0.16755931227158577
737,9.087690769659718,-0.16892680012703665
738,9.079887936203393,-0.1702977669292929
739,9.072058713075922,-0.17167218001274806
740,9.06420321910741,-0.1730500066285816
741,9.056321573779725,-0.174431213945533
742,9.048413897228395,-0.17581576905067145
743,9.04048031024438,-0.1772036389501744
744,9.032520934275922,-0.17859479057010427
745,9.024535891430437,-0.17998919075718692
746,9.016525304476325,-0.18138680627959494
747,9.008489296844873,-0.18278760382773016
748,9.000427992632142,-0.18419155001500906
749,8.992341516600847,-0.18559861137865044
750,8.984229994182279,-0.18700875438046427
751,8.976093551478213,-0.1884219454076431
752,8.967932315262827,-0.18983815077355548
753,8.959746412984659,-0.19125733671853978
754,8.95153597276852,-0.19267946941070244
755,8.943301123417486,-0.19410451494671518
756,8.93504199441486,-0.1955324393526153
757,8.926758715926125,-0.196963208584609
758,8.918451418800963,-0.19839678852987402
759,8.91012023457522,-0.19983314500736632
760,8.901765295472954,-0.2012722437686263
761,8.893386734408416,-0.20271405049858854
762,8.884984684988101,-0.20415853081639243
763,8.876559281512762,-0.20560565027619515
764,8.868110658979488,-0.20705537436798432
765,8.859638953083731,-0.20850766851839508
766,8.8511443002214,-0.20996249809152664
767,8.8426268374909,-0.21141982838976178
768,8.834086702695267,-0.2128796246545864
769,8.825524034344209,-0.21434185206741277
770,8.816938971656253,-0.21580647575040185
771,8.808331654560819,-0.2172734607672901
772,8.799702223700374,-0.2187427721242144
773,8.791050820432549,-0.22021437477054087
774,8.782377586832276,-0.2216882335996946
775,8.773682665693933,-0.22316431344999046
776,8.764966200533518,-0.2246425791054653
777,8.756228335590782,-0.22612299529671281
778,8.747469215831435,-0.22760552670171733
779,8.738688986949308,-0.2290901379466913
780,8.72988779536854,-0.23057679360691336
781,8.721065788245797,-0.23206545820756702
782,8.71222311347244,-0.23355609622458195
783,8.703359919676767,-0.23504867208547545
784,8.69447635622623,-0.23654315017019548
785,8.685572573229644,-0.2380394948119658
786,8.676648721539426,-0.23953767029813108
787,8.667704952753855,-0.24103764087100354
788,8.658741419219302,-0.24253937072871148
789,8.649758274032472,-0.24404282402604904
790,8.640755671042704,-0.24554796487532493
791,8.6317337648542,-0.2470547573472155
792,8.622692710828304,-0.2485631654716172
793,8.613632665085806,-0.25007315323849943
794,8.60455378450918,-0.2515846845987609
795,8.595456226744918,-0.2530977234650839
796,8.586340150205803,-0.2546122337127922
797,8.577205714073212,-0.25612817918070874
798,8.568053078299416,-0.25764552367201454
799,8.558882403609891,-0.2591642309551088
800,8.549693851505637,-0.2606842647644694
801,8.540487584265485,-0.26220558880151523
802,8.531263764948411,-0.2637281667354689
803,8.522022557395886,-0.26525196220421965
804,8.512764126234183,-0.2667769388151884
805,8.503488636876698,-0.2683030601461935
806,8.494196255526312,-0.269830289746316
807,8.484887149177679,-0.27135859113676813
808,8.475561485619615,-0.2728879278117594
809,8.466219433437411,-0.2744182632393657
810,8.456861162015167,-0.27594956086239975
811,8.447486841538144,-0.27748178409927987
812,8.438096642995086,-0.27901489634490173
813,8.428690738180583,-0.2805488609715093
814,8.419269299697422,-0.2820836413295668
815,8.409832500958897,-0.283619200748632
816,8.40038051619115,-0.2851555025382302
817,8.390913520435564,-0.28669250998872653
818,8.381431689551032,-0.2882301863722023
819,8.371935200216333,-0.28976849494333
820,8.362424229932445,-0.2913073989402487
821,8.352898957024895,-0.29284686158544043
822,8.343359560646094,-0.2943868460866064
823,8.333806220777632,-0.29592731563754554
824,8.324239118232619,-0.2974682334190315
825,8.314658434657991,-0.2990095625996914
826,8.305064352536839,-0.30055126633688384
827,8.295457055190683,-0.3020933077775787
828,8.285836726781817,-0.30363565005923554
829,8.276203552315563,-0.3051782563106848
830,8.266557717642579,-0.3067210896530068
831,8.25689940946113,-0.30826411320041286
832,8.247228815319374,-0.3098072900611259
833,8.237546123617614,-0.31135058333826093
834,8.22785152361055,-0.3128939561307078
835,8.218145205409526,-0.3144373715340116
836,8.208427359984775,-0.3159807926412546
837,8.198698179167634,-0.31752418254393894
838,8.188957855652772,-0.31906750433286724
839,8.179206583000372,-0.3206107210990267
840,8.169444555638329,-0.3221537959344707
841,8.15967196886443,-0.32369669193320094
842,8.14988901884851,-0.32523937219205146
843,8.14009590263461,-0.3267817998115698
844,8.130292818143099,-0.32832393789690034
845,8.120479964172818,-0.32986574955866715
846,8.110657540403121,-0.33140719791385775
847,8.100825747396033,-0.3329482460867041
848,8.090984786598268,-0.3344888572095668
849,8.0811348603433,-0.3360289944238167
850,8.07127617185338,-0.3375686208807181
851,8.06140892524155,-0.3391076997423119
852,8.05153332551361,-0.3406461941822974
853,8.041649578570123,-0.34218406738691387
854,8.031757891208338,-0.3437212825558235
855,8.021858471124116,-0.3452578029029932
856,8.011951526913805,-0.34679359165757634
857,8.002037268076144,-0.34832861206479404
858,7.992115905014094,-0.34986282738681634
859,7.98218764903664,-0.35139620090364404
860,7.972252712360629,-0.35292869591398773
861,7.962311308112479,-0.35446027573614985
862,7.9523636503299455,-0.3559909037089039
863,7.942409953963816,-0.35752054319237425
864,7.932450434879603,-0.35904915756891465
865,7.922485309859141,-0.36057671024398896
866,7.9125147966022285,-0.3621031646470483
867,7.90253911372819,-0.3636284842324091
868,7.892558480777405,-0.36515263248013163
869,7.882573118212818,-0.366675572896896
870,7.872583247421414,-0.3681972690168794
871,7.862589090715613,-0.36971768440263203
872,7.852590871334683,-0.37123678264595283
873,7.842588813446062,-0.3727545273687643
874,7.832583142146684,-0.3742708822239868
875,7.82257408346422,-0.37578581089641244
876,7.812561864358293,-0.3772992771035786
877,7.802546712721677,-0.37881124459663934
878,7.7925288573813845,-0.3803216771612384
879,7.782508528099756,-0.3818305386183797
880,7.772485955575491,-0.38333779282529806
881,7.762461371444628,-0.38484340367632847
882,7.752435008281449,-0.3863473351037756
883,7.742407099599375,-0.3878495510787815
884,7.732377879851769,-0.38935001561219273
885,7.722347584432699,-0.3908486927554278
886,7.712316449677656,-0.39234554660134163
887,7.702284712864191,-0.39384054128509105
888,7.692252612212501,-0.3953336409849988
889,7.682220386885951,-0.39682480992341623
890,7.672188276991554,-0.3983140123675855
891,7.662156523580352,-0.3998012126305009
892,7.652125368647763,-0.40128637507176834
893,7.642095055133835,-0.40276946409846576
894,7.632065826923457,-0.40425044416600003
895,7.622037928846492,-0.40572927977896406
896,7.612011606677798,-0.40720593549199474
897,7.601987107137261,-0.4086803759106253
898,7.591964677889663,-0.41015256569214126
899,7.581944567544544,-0.4116224695464316
900,7.571927025655917,-0.41309005223684214
901,7.561912302721997,-0.4145552785810243
902,7.551900650184739,-0.4160181134517857
903,7.541892320429371,-0.4174785217779373
904,7.5318875667838405,-0.41893646854514044
905,7.5218866435180916,-0.42039191879675375
906,7.5118898058433805,-0.42184483763467523
907,7.5018973099113975,-0.42329519022018675
908,7.491909412813334,-0.4247429417747959
909,7.4819263725788625,-0.4261880575810761
910,7.471948448175028,-0.4276305029835048
911,7.461975899504996,-0.4290702433893028
912,7.452008987406753,-0.43050724426926906
913,7.442047973651668,-0.4319414711586176
914,7.432093120943002,-0.4333728896578078
915,7.42214469291423,-0.4348014654333798
916,7.412202954127346,-0.4362271642187826
917,7.402268170070986,-0.4376499518152043
918,7.392340607158474,-0.4390697940923992
919,7.3824205327257735,-0.4404866569895139
920,7.3725082150292645,-0.4419005065159116
921,7.362603923243473,-0.44331130875199476
922,7.3527079274586,-0.4447190298500276
923,7.342820498678042,-0.4461236360349533
924,7.332941908815652,-0.44752509360521453
925,7.323072430692983,-0.44892336893356805
926,7.313212338036346,-0.4503184284679007
927,7.303361905473776,-0.4517102387320406
928,7.293521408531824,-0.45309876632656987
929,7.283691123632243,-0.4544839779296335
930,7.273871328088521,-0.45586584029774724
931,7.264062300102295,-0.45724432026660305
932,7.254264318759611,-0.4586193847518738
933,7.244477664027007,-0.45999100075001553
934,7.234702616747536,-0.4613591353390675
935,7.224939458636545,-0.4627237556794509
936,7.215188472277355,-0.4640848290147663
937,7.205449941116803,-0.4654423226725868
938,7.195724149460574,-0.4667962040652523
939,7.186011382468411,-0.46814644069066025
940,7.176311926149174,-0.4694930001330544
941,7.166626067355709,-0.4708358500638112
942,7.156954093779573,-0.4721749582422256
943,7.147296293945563,-0.4735102925162939
944,7.137652957206124,-0.4748418208234944
945,7.128024373735541,-0.47616951119156603
946,7.1184108345239725,-0.47749333173928554
947,7.1088126313713005,-0.4788132506772421
948,7.099230056880833,-0.48012923630860915
949,7.089663404452752,-0.48144125702991625
950,7.080112968277477,-0.4827492813318154
951,7.070579043328751,-0.4840532777998482
952,7.061061925356585,-0.48535321511521007
953,7.051561910879995,-0.48664906205551106
954,7.042079297179573,-0.4879407874955352
955,7.032614382289805,-0.4892283604079978
956,7.023167464991249,-0.4905117498643007
957,7.013738844802469,-0.49179092503528427
958,7.004328821971801,-0.4930658551919776
959,6.994937697468861,-0.49433650970634735
960,6.98556577297592,-0.4956028580520412
961,6.976213350878991,-0.49686486980513317
962,6.966880734258744,-0.4981225146448632
963,6.9575682268811985,-0.49937576235437575
964,6.948276133188204,-0.5006245828214554
965,6.939004758287674,-0.501868946039261
966,6.929754407943614,-0.5031088221070562
967,6.920525388565945,-0.5043441812309378
968,6.911318007200053,-0.5055749937245618
969,6.902132571516156,-0.5068012300098671
970,6.8929693897983855,-0.5080228606177963
971,6.883828770933685,-0.5092398561890138
972,6.8747110244004395,-0.5104521874746221
973,6.865616460256887,-0.511659825336874
974,6.856545389129255,-0.5128627407498846
975,6.847498122199685,-0.514060904800338
976,6.838474971193904,-0.5152542886881927
977,6.829476248368643,-0.5164428637273846
978,6.8205022664988,-0.5176266013465268
979,6.81155333886436,-0.5188054730896067
980,6.802629779237057,-0.5199794506166799
981,6.793731901866779,-0.5211485057045635
982,6.784860021467718,-0.5223126102475225
983,6.776014453204251,-0.523471736257959
984,6.767195512676575,-0.5246258558670924
985,6.758403515906062,-0.5257749413256431
986,6.749638779320345,-0.5269189650045076
987,6.740901619738174,-0.5280578993954347
988,6.732192354353937,-0.5291917171116969
989,6.723511300721973,-0.5303203908887603
990,6.714858776740581,-0.53144389358495
991,6.706235100635757,-0.5325621981821137
992,6.6976405909446655,-0.5336752777862822
993,6.689075566498833,-0.5347831056283258
994,6.680540346407024,-0.5358856550646105
995,6.672035250037927,-0.5369828995776478
996,6.663560597002466,-0.5380748127767437
997,6.655116707135867,-0.5391613683986447
998,6.646703900479477,-0.5402425403081786
999,6.63832249726222,-0.5413183024988959
1000,6.629972817881866,-0.5423886290937032
1001,6.621655182885901,-0.5434534943454999
1002,6.613369912952225,-0.5445128726378048
1003,6.605117328869479,-0.5455667384853851
1004,6.596897751517114,-0.5466150665348796
1005,6.588711501845189,-0.5476578315654193
1006,6.580558900853848,-0.5486950084892446
1007,6.572440269572535,-0.5497265723523196
1008,6.564355929038884,-0.5507524983349436
1009,6.556306200277393,-0.5517727617523577
1010,6.548291404277684,-0.5527873380553515
1011,6.5403118619726115,-0.5537962028308624
1012,6.532367894215996,-0.5547993318025745
1013,6.524459821760084,-0.5557967008315131
1014,6.516587965232727,-0.556788285916637
1015,6.508752645114281,-0.5577740631954253
1016,6.500954181714204,-0.5587540089444636
1017,6.493192895147367,-0.5597280995800241
1018,6.485469105310078,-0.5606963116586454
1019,6.477783131855847,-0.5616586218777051
1020,6.470135294170816,-0.5626150070759935
1021,6.462525911348953,-0.5635654442342799
1022,6.454955302166951,-0.5645099104758776
1023,6.447423785058819,-0.565448383067205
1024,6.439931678090251,-0.5663808394183437
1025,6.43247929893265,-0.5673072570835916
1026,6.425066964836939,-0.5682276137620149
1027,6.417694992607052,-0.5691418872979942
1028,6.410363698573191,-0.5700500556817688
1029,6.403073398564768,-0.5709520970499766
1030,6.395824407883137,-0.5718479896861914
1031,6.388617041274032,-0.5727377120214547
1032,6.381451612899718,-0.5736212426348067
1033,6.374328436310941,-0.5744985602538107
1034,6.367247824418585,-0.5753696437550768
1035,6.360210089465064,-0.5762344721647799
1036,6.35321554299552,-0.5770930246591747
1037,6.346264495828697,-0.5779452805651082
1038,6.339357258027657,-0.5787912193605261
1039,6.332494138870192,-0.5796308206749778
1040,6.325675446819024,-0.5804640642901175
1041,6.3189014894918,-0.581290930140199
1042,6.312172573630798,-0.5821113983125711
1043,6.305489005072485,-0.5829254490481657
1044,6.2988510887168,-0.5837330627419837
1045,6.292259128496261,-0.5845342199435769
1046,6.285713427344837,-0.5853289013575265
1047,6.2792142871666305,-0.5861170878439168
1048,6.272762008804365,-0.5868987604188071
1049,6.266356892007671,-0.5876739002546969
1050,6.259999235401204,-0.5884424886809902
1051,6.25368933645254,-0.589204507184454
1052,6.247427491439942,-0.589959937409674
1053,6.241213995419922,-0.5907087611595063
1054,6.235049142194668,-0.591450960395525
1055,6.228933224279286,-0.5921865172384655
1056,6.2228665328689114,-0.5929154139686656
1057,6.216849357805672,-0.5936376330265002
1058,6.2108819875455,-0.5943531570128147
1059,6.204964709124842,-0.5950619686893523
1060,6.199097808127202,-0.5957640509791791
1061,6.193281568649621,-0.5964593869671038
1062,6.187516273268994,-0.597147959900095
1063,6.1818022030083375,-0.5978297531876929
1064,6.17613963730292,-0.5985047504024187
1065,6.170528853966328,-0.599172935280178
1066,6.1649701291564645,-0.5998342917206625
1067,6.1594637373414525,-0.6004888037877456
1068,6.154009951265484,-0.6011364557098764
1069,6.148609041914637,-0.6017772318804666
1070,6.143261278482619,-0.6024111168582761
1071,6.137966928336501,-0.6030380953677931
1072,6.132726256982411,-0.6036581522996102
1073,6.127539528031208,-0.6042712727107976
1074,6.122407003164157,-0.6048774418252704
1075,6.117328942098574,-0.6054766450341541
1076,6.1123056025535405,-0.6060688678961437
1077,6.107337240215593,-0.6066540961378597
1078,6.102424108704449,-0.6072323156542003
1079,6.097566459538767,-0.6078035125086899
1080,6.09276454210198,-0.6083676729338212
1081,6.088018603608155,-0.6089247833313962
1082,6.083328889067958,-0.6094748302728608
1083,6.078695641254644,-0.6100178004996364
1084,6.074119100670213,-0.6105536809234462
1085,6.069599505511594,-0.6110824586266396
1086,6.065137091636966,-0.6116041208625091
1087,6.0607320925322155,-0.6121186550556063
1088,6.05638473927748,-0.6126260488020516
1089,6.05209526051391,-0.6131262898698402
1090,6.0478638824105,-0.6136193661991438
1091,6.04369082863113,-0.6141052659026087
1092,6.039576320301759,-0.61458397726565
1093,6.035520575977827,-0.6150554887467385
1094,6.031523811611823,-0.6155197889776887
1095,6.02758624052109,-0.6159768667639366
1096,6.023708073355813,-0.6164267110848182
1097,6.019889518067281,-0.6168693110938405
1098,6.016130779876332,-0.61730465611895
1099,6.0124320612421,-0.6177327356627959
1100,6.008793561830985,-0.6181535394029896
1101,6.0052154784859075,-0.6185670571923598
1102,6.001698005195867,-0.618973279059203
1103,5.998241333065755,-0.6193721952075305
1104,5.99484565028651,-0.6197637960173091
1105,5.991511142105554,-0.6201480720447008
1106,5.9882379907976,-0.6205250140222941
1107,5.98502637563575,-0.6208946128593346
1108,5.981876472862956,-0.6212568596419495
1109,5.978788455663872,-0.6216117456333674
1110,5.975762494137029,-0.6219592622741348
1111,5.972798755267417,-0.6222994011823273
1112,5.969897402899438,-0.6226321541537579
1113,5.967058597710305,-0.6229575131621785
1114,5.964282497183775,-0.6232754703594799
1115,5.9615692555844,-0.6235860180758845
1116,5.958919023932111,-0.6238891488201375
1117,5.956331949977322,-0.6241848552796909
1118,5.9538081781764385,-0.6244731303208859
1119,5.95134784966785,-0.6247539669891279
1120,5.948951102248383,-0.6250273585090607
1121,5.946618070350255,-0.6252932982847312
1122,5.944348885018462,-0.6255517798997565
1123,5.942143673888749,-0.6258027971174795
1124,5.9400025611660245,-0.6260463438811251
1125,5.9379256676033005,-0.6262824143139497
1126,5.935913110481168,-0.6265110027193874
1127,5.933965003587824,-0.6267321035811904
1128,5.932081457199617,-0.6269457115635658
1129,5.930262578062139,-0.6271518215113084
1130,5.928508469371883,-0.6273504284499286
1131,5.9268192307584915,-0.6275415275857744
1132,5.925194958267534,-0.627725114306152
1133,5.923635744343881,-0.6279011841794392
1134,5.9221416778157,-0.628069732955196
1135,5.920712843878984,-0.6282307565642695
1136,5.919349324082729,-0.6283842511188955
1137,5.918051196314706,-0.6285302129127949
1138,5.916818534787849,-0.6286686384212653
1139,5.915651410027236,-0.6287995243012692
1140,5.914549888857739,-0.6289228673915174
1141,5.913514034392271,-0.6290386647125464
1142,5.9125439060206855,-0.6291469134667941
1143,5.911639559399294,-0.6292476110386682
1144,5.910801046441077,-0.6293407549946122
1145,5.910028415306468,-0.6294263430831657
1146,5.909321710394865,-0.6295043732350211
1147,5.908680972336765,-0.6295748435630745
1148,5.908106237986555,-0.6296377523624731
1149,5.907597540415968,-0.6296930981106589
1150,5.907154908908218,-0.6297408794674053
1151,5.906778368952795,-0.6297810952748525
1152,5.90646794224093,-0.6298137445575352
1153,5.906223646661729,-0.6298388265224086
1154,5.906045496299007,-0.6298563405588675
1155,5.905933501428751,-0.629866286238763
1156,5.905887668517327,-0.6298686633164126
1157,5.905908000220289,-0.629863471728608
1158,5.905994495381925,-0.6298507115946166
1159,5.906147149035452,-0.6298303832161797
1160,5.906365952403919,-0.6298024870775047
1161,5.906650892901728,-0.6297670238452555
1162,5.907001954136917,-0.629723994368535
1163,5.907419115914066,-0.6296733996788652
1164,5.907902354237851,-0.6296152409901632
1165,5.908451641317364,-0.629549519698711
1166,5.909066945571012,-0.6294762373831221
1167,5.909748231632144,-0.6293953958043031
1168,5.910495460355315,-0.62930699690541
1169,5.911308588823227,-0.6292110428118031
1170,5.912187570354335,-0.6291075358309921
1171,5.913132354511103,-0.6289964784525824
1172,5.914142887108898,-0.6288778733482138
1173,5.915219110225596,-0.6287517233714931
1174,5.916360962211752,-0.6286180315579275
1175,5.917568377701474,-0.6284768011248476
1176,5.918841287623907,-0.6283280354713302
1177,5.920179619215365,-0.6281717381781143
1178,5.921583296032052,-0.628007913007514
1179,5.923052237963459,-0.6278365639033259
1180,5.92458636124635,-0.6276576949907317
1181,5.9261855784793385,-0.6274713105761986
1182,5.927849798638121,-0.6272774151473719
1183,5.929578927091248,-0.627076013372966
1184,5.931372865616508,-0.62686711010265
1185,5.933231512417919,-0.6266507103669272
1186,5.935154762143259,-0.6264268193770136
1187,5.937142505902187,-0.6261954425247084
1188,5.939194631284938,-0.6259565853822616
1189,5.941311022381528,-0.6257102537022378
1190,5.943491559801533,-0.6254564534173752
1191,5.94573612069441,-0.6251951906404385
1192,5.9480445787703475,-0.6249264716640697
1193,5.950416804321608,-0.6246503029606331
1194,5.952852664244417,-0.6243666911820562
1195,5.955352022061327,-0.6240756431596667
1196,5.957914737944106,-0.6237771659040232
1197,5.960540668737055,-0.6234712666047448
1198,5.963229667980873,-0.6231579526303327
1199,5.965981585936923,-0.6228372315279899
1200,5.968796269612006,-0.6225091110234349
1201,5.9716735627835265,-0.6221735990207128
1202,5.974613306025144,-0.6218307036019994
1203,5.977615336732817,-0.6214804330274043
1204,5.980679489151277,-0.6211227957347657
1205,5.983805594400901,-0.6207578003394446
1206,5.986993480504972,-0.6203854556341125
1207,5.990242972417365,-0.6200057705885338
1208,5.9935538920505405,-0.619618754349347
1209,5.996926058303955,-0.6192244162398384
1210,6.000359287092802,-0.6188227657597134
1211,6.003853391377088,-0.6184138125848629
1212,6.007408181191055,-0.6179975665671249
1213,6.0110234636729265,-0.6175740377340421
1214,6.014699043094943,-0.6171432362886152
1215,6.018434720893697,-0.6167051726090527
1216,6.022230295700786,-0.6162598572485143
1217,6.026085563373702,-0.6158073009348524
1218,6.030000317027016,-0.6153475145703473
1219,6.033974347063789,-0.61488050923144
1220,6.038007441207263,-0.6144062961684585
1221,6.0420993845327615,-0.6139248868053421
1222,6.046249959499794,-0.6134362927393595
1223,6.0504589459844205,-0.612940525740824
1224,6.0547261213117585,-0.6124375977528038
1225,6.059051260288724,-0.6119275208908289
1226,6.063434135236939,-0.6114103074425913
1227,6.067874516025787,-0.6108859698676442
1228,6.072372170105637,-0.6103545207970956
1229,6.076926862541226,-0.6098159730332964
1230,6.081538356045162,-0.6092703395495264
1231,6.086206411011553,-0.6087176334896751
1232,6.0909307855497445,-0.6081578681679182
1233,6.095711235518184,-0.6075910570683898
1234,6.1005475145583485,-0.6070172138448515
1235,6.105439374128781,-0.606436352320356
1236,6.110386563539177,-0.6058484864869068
1237,6.115388829984537,-0.6052536305051157
1238,6.120445918579417,-0.604651798703852
1239,6.125557572392137,-0.6040430055798923
1240,6.130723532479103,-0.6034272657975632
1241,6.135943537919095,-0.6028045941883804
1242,6.141217325847623,-0.6021750057506838
1243,6.146544631491225,-0.6015385156492703
1244,6.151925188201813,-0.6008951392150188
1245,6.157358727490984,-0.6002448919445141
1246,6.162844979064299,-0.5995877894996668
1247,6.168383670855554,-0.5989238477073267
1248,6.17397452906098,-0.5982530825588941
1249,6.179617278173421,-0.597575510209928
1250,6.185311641016447,-0.5968911469797471
1251,6.191057338778375,-0.5962000093510296
1252,6.19685409104626,-0.595502113969408
1253,6.202701615839767,-0.5947974776430599
1254,6.2085996296449775,-0.5940861173422947
1255,6.214547847448078,-0.5933680501991366
1256,6.220545982768947,-0.5926432935069038
1257,6.226593747694653,-0.5919118647197831
1258,6.2326908529127865,-0.5911737814524014
1259,6.238837007744704,-0.5904290614793923
1260,6.245031920178627,-0.58967772273496
1261,6.251275296902591,-0.5889197833124381
1262,6.257566843337219,-0.5881552614638462
1263,6.263906263668432,-0.5873841755994398
1264,6.27029326087989,-0.5866065442872593
1265,6.276727536785342,-0.5858223862526732
1266,6.283208792060759,-0.5850317203779186
1267,6.289736726276307,-0.5842345657016371
1268,6.296311037928114,-0.5834309414184083
1269,6.302931424469909,-0.5826208668782762
1270,6.309597582344373,-0.5818043615862761
1271,6.316309207014358,-0.5809814452019547
1272,6.32306599299388,-0.5801521375388881
1273,6.329867633878896,-0.5793164585641933
1274,6.336713822377856,-0.5784744283980413
1275,6.343604250342072,-0.5776260673131605
1276,6.3505386087958176,-0.5767713957343391
1277,6.3575165879661935,-0.5759104342379272
1278,6.364537877312866,-0.5750432035513262
1279,6.37160216555741,-0.5741697245524845
1280,6.378709140712503,-0.5732900182693841
1281,6.385858490110893,-0.5724041058795234
1282,6.393049900434058,-0.5715120087093988
1283,6.400283057740637,-0.5706137482339811
1284,6.407557647494646,-0.5697093460761883
1285,6.414873354593367,-0.568798824006356
1286,6.422229863395019,-0.5678822039417024
1287,6.429626857746185,-0.5669595079457915
1288,6.4370640210089105,-0.5660307582279913
1289,6.444541036087601,-0.5650959771429299
1290,6.452057585455615,-0.5641551871899465
1291,6.459613351181569,-0.5632084110125404
1292,6.467208014955414,-0.5622556713978153
1293,6.474841258114195,-0.5612969912759213
1294,6.482512761667557,-0.5603323937194918
1295,6.490222206322949,-0.5593619019430793
1296,6.497969272510569,-0.5583855393025852
1297,6.505753640408026,-0.5574033292946875
1298,6.513574989964696,-0.5564152955562659
1299,6.521433000925808,-0.5554214618638216
1300,6.529327352856246,-0.5544218521328957
1301,6.537257725164067,-0.5534164904174826
1302,6.5452237971237235,-0.5524054009094403
1303,6.553225247898993,-0.551388607937899
1304,6.561261756565647,-0.5503661359686642
1305,6.569333002133759,-0.5493380096036186
1306,6.577438663569861,-0.5483042535801177
1307,6.585578419818644,-0.5472648927703867
1308,6.593751949824497,-0.5462199521809089
1309,6.601958932552683,-0.5451694569518155
1310,6.610199047010256,-0.5441134323562694
1311,6.618471972266707,-0.5430519037998459
1312,6.62677738747428,-0.5419848968199121
1313,6.635114971888004,-0.5409124370850013
1314,6.643484404885474,-0.5398345503941847
1315,6.651885365986318,-0.5387512626764409
1316,6.660317534871377,-0.5376625999900204
1317,6.668780591401594,-0.536568588521809
1318,6.6772742156366425,-0.5354692545866873
1319,6.6857980878532395,-0.5343646246268864
1320,6.6943518885632045,-0.5332547252113414
1321,6.702935298531214,-0.5321395830350424
1322,6.7115479987922715,-0.5310192249183808
1323,6.720189670668946,-0.5298936778064941
1324,6.728859995788241,-0.5287629687686071
1325,6.737558656098281,-0.5276271249973704
1326,6.746285333884678,-0.5264861738081952
1327,6.755039711786592,-0.5253401426385866
1328,6.763821472812594,-0.5241890590474722
1329,6.772630300356189,-0.5230329507145294
1330,6.781465878211108,-0.5218718454395092
1331,6.7903278905863145,-0.5207057711415564
1332,6.799216022120756,-0.519534755858528
1333,6.808129957897835,-0.5183588277463093
1334,6.817069383459641,-0.5171780150781243
1335,6.826033984820884,-0.5159923462438477
1336,6.835023448482625,-0.5148018497493098
1337,6.84403746144569,-0.5136065542156015
1338,6.853075711223852,-0.5124064883783759
1339,6.862137885856791,-0.5112016810871463
1340,6.871223673922751,-0.5099921613045822
1341,6.880332764550988,-0.5087779581058031
1342,6.889464847433937,-0.5075591006776682
1343,6.898619612839164,-0.5063356183180655
1344,6.907796751621064,-0.5051075404351962
1345,6.916995955232313,-0.5038748965468579
1346,6.926216915735094,-0.5026377162797242
1347,6.935459325812074,-0.5013960293686227
1348,6.9447228787771556,-0.50014986565581
1349,6.954007268585999,-0.49889925509024363
1350,6.963312189846313,-0.49764422772685274
1351,6.972637337827914,-0.496384813725805
1352,6.981982408472554,-0.49512104335177165
1353,6.991347098403569,-0.4938529469731902
1354,7.0007311049352365,-0.4925805550615243
1355,7.0101341260819865,-0.4913038981905219
1356,7.019555860567363,-0.49002300703546914
1357,7.028996007832764,-0.4887379123724444
1358,7.0384542680459905,-0.4874486450775693
1359,7.047930342109593,-0.48615523612625483
1360,7.057423931668988,-0.4848577165924493
1361,7.066934739120399,-0.48355611764788026
1362,7.076462467618591,-0.4822504705612966
1363,7.086006821084375,-0.48094080669770717
1364,7.0955675042119575,-0.4796271575176184
1365,7.105144222476101,-0.47830955457626695
1366,7.11473668213906,-0.4769880295228533
1367,7.124344590257345,-0.4756626140997719
1368,7.133967654688306,-0.4743333401418386
1369,7.143605584096543,-0.473000239575516
1370,7.1532580879600935,-0.4716633444181385
1371,7.162924876576505,-0.47032268677713207
1372,7.17260566106867,-0.4689782988492352
1373,7.182300153390539,-0.4676302129197153
1374,7.1920080663326225,-0.4662784613615841
1375,7.20172911352735,-0.46492307663481114
1376,7.211463009454255,-0.4635640912855356
1377,7.221209469444991,-0.4622015379452747
1378,7.230968209688204,-0.4608354493301307
1379,7.240738947234231,-0.4594658582399976
1380,7.250521399999642,-0.45809279755776294
1381,7.260315286771619,-0.4567163002485114
1382,7.270120327212217,-0.455336399358722
1383,7.27993624186246,-0.45395312801546733
1384,7.289762752146258,-0.45256651942560927
1385,7.299599580374222,-0.45117660687499295
1386,7.309446449747304,-0.44978342372763935
1387,7.319303084360355,-0.4483870034249346
1388,7.329169209205456,-0.4469873794848199
1389,7.339044550175189,-0.445584585500978
1390,7.3489288340657355,-0.4441786551420185
1391,7.358821788579861,-0.44276962215066124
1392,7.36872314232975,-0.44135752034291825
1393,7.3786326248397405,-0.4399423836072745
1394,7.388549966548939,-0.43852424590386463
1395,7.398474898813641,-0.4371031412636523
1396,7.408407153909744,-0.43567910378760333
1397,7.41834646503495,-0.43425216764586105
1398,7.4282925663109,-0.4328223670769172
1399,7.438245192785167,-0.43138973638678324
1400,7.448204080433154,-0.4299543099481597
1401,7.4581689661598904,-0.4285161221996026
1402,7.468139587801682,-0.4270752076446912
1403,7.478115684127714,-0.42563160085119045
1404,7.48809699484148,-0.4241853364502167
1405,7.498083260582156,-0.42273644913539826
1406,7.508074222925881,-0.4212849736620351
1407,7.518069624386891,-0.4198309448462597
1408,7.528069208418619,-0.4183743975641928
1409,7.538072719414626,-0.41691536675110136
1410,7.548079902709522,-0.4154538874005528
1411,7.558090504579726,-0.4139899945635685
1412,7.568104272244183,-0.41252372334777726
1413,7.578120953864979,-0.41105510891656494
1414,7.5881402985478426,-0.4095841864882263
1415,7.598162056342611,-0.40811099133511264
1416,7.608185978243568,-0.40663555878278046
1417,7.61821181618976,-0.40515792420913593
1418,7.628239323065165,-0.40367812304358247
1419,7.638268252698811,-0.40219619076616403
1420,7.648298359864874,-0.4007121629067073
1421,7.658329400282583,-0.39922607504396584
1422,7.6683611306161765,-0.39773796280475876
1423,7.678393308474707,-0.3962478618631123
1424,7.6884256924118235,-0.39475580793939763
1425,7.698458041925433,-0.39326183679946997
1426,7.708490117457376,-0.3917659842538041
1427,7.718521680392933,-0.39026828615663206
1428,7.72855249306038,-0.3887687784050767
1429,7.7385823187303915,-0.3872674969382867
1430,7.748610921615434,-0.38576447773656947
1431,7.758638066869074,-0.3842597568205245
1432,7.768663520585269,-0.382753370250173
1433,7.778687049797539,-0.38124535412409066
1434,7.788708422478134,-0.3797357445785368
1435,7.798727407537122,-0.3782245777865838
1436,7.808743774821457,-0.3767118899572448
1437,7.818757295113961,-0.37519771733460183
1438,7.828767740132248,-0.373682096196934
1439,7.838774882527655,-0.3721650628558418
1440,7.848778495884084,-0.37064665365537347
1441,7.858778354716799,-0.36912690497115047
1442,7.868774234471176,-0.36760585320949146
1443,7.878765911521444,-0.3660835348065359
1444,7.888753163169333,-0.3645599862273675
1445,7.898735767642725,-0.36303524396513676
1446,7.908713504094235,-0.3615093445401829
1447,7.918686152599786,-0.3599823244991549
1448,7.9286534941570865,-0.35845422041413383
1449,7.93861531068415,-0.35692506888175196
1450,7.948571385017709,-0.355394906522314
1451,7.9585215009116475,-0.35386376997891555
1452,7.9684654430353445,-0.3523316959165642
1453,7.978402996972051,-0.3507987210212962
1454,7.988333949217173,-0.3492648819992968
1455,7.998258087176571,-0.34773021557601697
1456,8.008175199164798,-0.34619475849529224
1457,8.018085074403317,-0.3446585475184601
1458,8.027987503018725,-0.3431216194234758
1459,8.037882276040877,-0.34158401100403135
1460,8.047769185401036,-0.3400457590686719
1461,8.05764802393002,-0.33850690043991044
1462,8.067518585356268,-0.33696747195334553
1463,8.077380664303899,-0.33542751045677777
1464,8.087234056290763,-0.3338870528093251
1465,8.097078557726471,-0.3323461358805388
1466,8.106913965910396,-0.33080479654951883
1467,8.116740079029645,-0.3292630717040301
1468,8.12655669615703,-0.32772099823961737
1469,8.136363617248996,-0.32617861305872176
1470,8.146160643143562,-0.324635953069795
1471,8.155947575558216,-0.32309305518641585
1472,8.165724217087813,-0.3215499563264052
1473,8.175490371202448,-0.32000669341094123
1474,8.185245842245305,-0.31846330336367634
1475,8.194990435430508,-0.3169198231098514
1476,8.204723956840963,-0.3153762895754118
1477,8.214446213426179,-0.3138327396861234
1478,8.224157013000031,-0.31228921036668916
1479,8.233856164238592,-0.3107457385398651
1480,8.243543476677912,-0.3092023611255755
1481,8.25321876071177,-0.30765911504003157
1482,8.26288182758944,-0.30611603719484626
1483,8.272532489413454,-0.30457316449615307
1484,8.28217055913733,-0.3030305338437217
1485,8.291795850563306,-0.301488182130077
1486,8.301408178340061,-0.2999461462396164
1487,8.311007357960461,-0.2984044630477279
1488,8.320593205759216,-0.2968631694199093
1489,8.330165538910638,-0.2953223022108866
1490,8.339724175426301,-0.29378189826373396
1491,8.349268934152745,-0.2922419944089932
1492,8.358799634769175,-0.2907026274637936
1493,8.368316097785124,-0.28916383423097375
1494,8.377818144538145,-0.2876256514982016
1495,8.38730559719146,-0.2860881160370973
1496,8.39677827873169,-0.2845512646023537
1497,8.406236012966446,-0.2830151339308611
1498,8.415678624522062,-0.2814797607408287
1499,8.425105938841218,-0.2799451817309103
1500,8.434517782180608,-0.27841143357932785
1501,8.443913981608626,-0.2768785529429958
1502,8.453294365003,-0.2753465764566483
1503,8.462658761048463,-0.273815540731965
1504,8.472006999234397,-0.2722854823566985
1505,8.481338909852512,-0.2707564378938022
1506,8.490654323994512,-0.2692284438805574
1507,8.499953073549745,-0.2677015368277043
1508,8.509234991202844,-0.2661757532185727
1509,8.518499910431437,-0.26465112950820996
1510,8.527747665503757,-0.26312770212251646
1511,8.536978091476366,-0.26160550745737493
1512,8.546191024191797,-0.2600845818777851
1513,8.55538630027622,-0.25856496171699844
1514,8.564563757137135,-0.2570466832756528
1515,8.57372323296106,-0.2555297828209071
1516,8.582864566711175,-0.25401429658558133
1517,8.59198759812504,-0.2525002607672922
1518,8.6010921677123,-0.2509877115275919
1519,8.610178116752335,-0.2494766849911096
1520,8.619245287291996,-0.24796721724469117
1521,8.628293522143291,-0.24645934433654157
1522,8.637322664881113,-0.2449531022753675
1523,8.646332559840944,-0.24344852702952166
1524,8.655323052116566,-0.2419456545261481
1525,8.664293987557809,-0.2404445206503282
1526,8.673245212768268,-0.23894516124422807
1527,8.682176575103032,-0.23744761210624787
1528,8.691087922666458,-0.23595190899017035
1529,8.699979104309904,-0.23445808760431222
1530,8.708849969629481,-0.2329661836106766
1531,8.717700368963825,-0.23147623262410652
1532,8.726530153391867,-0.22998827021143892
1533,8.735339174730614,-0.22850233189066094
1534,8.744127285532924,-0.2270184531300673
1535,8.752894339085318,-0.22553666934741817
1536,8.76164018940577,-0.2240570159090995
1537,8.770364691241506,-0.22257952812928417
1538,8.779067700066852,-0.22110424126909384
1539,8.787749072081029,-0.2196311905357638
1540,8.796408664205984,-0.21816041108180817
1541,8.805046334084258,-0.2166919380041863
1542,8.813661940076814,-0.21522580634347083
1543,8.822255341260895,-0.21376205108301818
1544,8.830826397427916,-0.21230070714813845
1545,8.839374969081291,-0.21084180940527003
1546,8.847900917434384,-0.20938539266115117
1547,8.856404104408346,-0.20793149166199767
1548,8.864884392630037,-0.20648014109268
1549,8.87334164542994,-0.20503137557590143
1550,8.881775726840093,-0.20358522967137865
1551,8.890186501592005,-0.20214173787502393
1552,8.898573835114588,-0.2007009346181294
1553,8.906937593532128,-0.19926285426655177
1554,8.915277643662234,-0.19782753111989917
1555,8.92359385301381,-0.19639499941072056
1556,8.93188608978503,-0.19496529330369552
1557,8.940154222861326,-0.19353844689482713
1558,8.948398121813396,-0.1921144942106351
1559,8.956617656895197,-0.19069346920735222
1560,8.964812699041973,-0.18927540577012134
1561,8.9729831198683,-0.18786033771219424
1562,8.981128791666091,-0.18644829877413355
1563,8.989249587402675,-0.1850393226230152
1564,8.99734538071883,-0.18363344285163374
1565,9.005416045926877,-0.18223069297770803
1566,9.013461458008754,-0.18083110644309028
1567,9.021481492614098,-0.17943471661297664
1568,9.029476026058358,-0.17804155677511935
1569,9.037444935320885,-0.17665166013904154
1570,9.045388098043079,-0.17526505983525287
1571,9.053305392526523,-0.17388178891446746
1572,9.061196697731088,-0.17250188034682595
1573,9.069061893273135,-0.17112536702111567
1574,9.076900859423656,-0.1697522817439959
1575,9.084713477106437,-0.1683826572392249
1576,9.092499627896263,-0.16701652614688736
1577,9.100259194017129,-0.16565392102262452
1578,9.107992058340404,-0.16429487433686832
1579,9.115698104383082,-0.16293941847407503
1580,9.123377216306002,-0.16158758573196225
1581,9.13102927891209,-0.1602394083207482
1582,9.138654177644591,-0.15889491836239328
1583,9.146251798585364,-0.15755414788984257
1584,9.153822028453126,-0.15621712884627206
1585,9.161364754601742,-0.15488389308433642
1586,9.168879865018523,-0.15355447236541886
1587,9.176367248322537,-0.15222889835888323
1588,9.183826793762902,-0.1509072026413296
1589,9.191258391217117,-0.14958941669585069
1590,9.198661931189429,-0.1482755719112902
1591,9.206037304809142,-0.1469656995815054
1592,9.213384403828993,-0.1456598309046307
1593,9.22070312062352,-0.1443579969823438
1594,9.227993348187445,-0.1430602288191342
1595,9.235254980134055,-0.14176655732157437
1596,9.242487910693617,-0.14047701329759285
1597,9.249692034711773,-0.13919162745575053
1598,9.256867247647973,-0.1379104304045187
1599,9.264013445573914,-0.1366334526515594
1600,9.271130525171985,-0.1353607246030086
1601,9.278218383733696,-0.1340922765627629
1602,9.285276919158184,-0.13282813873176616
1603,9.292306029950659,-0.13156834120730138
1604,9.299305615220897,-0.1303129139822834
1605,9.306275574681749,-0.12906188694455464
1606,9.313215808647637,-0.1278152898761838
1607,9.320126218033092,-0.1265731524527656
1608,9.327006704351259,-0.12533550424272594
1609,9.333857169712452,-0.12410237470662676
1610,9.3406775168227,-0.12287379319647562
1611,9.3474676489823,-0.12164978895503671
1612,9.354227470084421,-0.12043039111514416
1613,9.360956884613644,-0.1192156286990201
1614,9.367655797644591,-0.11800553061759263
1615,9.374324114840496,-0.1168001256698195
1616,9.380961742451836,-0.11559944254201182
1617,9.387568587314961,-0.11440350980716166
1618,9.394144556850716,-0.11321235592427238
1619,9.40068955906308,-0.1120260092376925
1620,9.407203502537847,-0.11084449797645009
1621,9.413686296441266,-0.10966785025359231
1622,9.420137850518719,-0.10849609406552704
1623,9.426558075093421,-0.10732925729136635
1624,9.432946881065092,-0.10616736769227436
1625,9.43930417990869,-0.10501045291081634
1626,9.445629883673119,-0.10385854047031166
1627,9.451923904979939,-0.10271165777419006
1628,9.45818615702211,-0.10156983210534987
1629,9.464416553562742,-0.10043309062551944
1630,9.470615008933848,-0.09930146037462144
1631,9.476781438035113,-0.09817496827014016
1632,9.48291575633267,-0.09705364110649145
1633,9.489017879857874,-0.09593750555439681
1634,9.495087725206123,-0.09482658816025823
1635,9.501125209535623,-0.09372091534553922
1636,9.50713025056624,-0.09262051340614516
1637,9.513102766578301,-0.09152540851180957
1638,9.51904267641145,-0.09043562670548162
1639,9.524949899463474,-0.08935119390271785
1640,9.530824355689145,-0.08827213589107698
1641,9.536665965599118,-0.08719847832951588
1642,9.542474650258791,-0.08613024674779057
1643,9.548250331287155,-0.08506746654586105
1644,9.55399293085574,-0.0840101629932958
1645,9.559702371687466,-0.08295836122868325
1646,9.565378577055583,-0.08191208625904392
1647,9.571021470782581,-0.08087136295924656
1648,9.57663097723912,-0.07983621607142738
1649,9.582207021342967,-0.0788066702044123
1650,9.587749528557952,-0.07778274983314278
1651,9.593258424892895,-0.07676447929810468
1652,9.598733636900628,-0.07575188280475902
1653,9.604175091676911,-0.07474498442297876
1654,9.60958271685945,-0.07374380808648638
1655,9.614956440626884,-0.07274837759229527
1656,9.620296191697769,-0.07175871660015581
1657,9.625601899329611,-0.07077484863200222
1658,9.630873493317885,-0.06979679707140442
1659,9.636110903995055,-0.06882458516302277
1660,9.641314062229611,-0.06785823601206648
1661,9.646482899425123,-0.06689777258375429
1662,9.651617347519288,-0.06594321770277993
1663,9.656717338982997,-0.06499459405277942
1664,9.661782806819406,-0.06405192417580315
1665,9.66681368456303,-0.0631152304717896
1666,9.67180990627881,-0.06218453519804451
1667,9.676771406561233,-0.06125986046872162
1668,9.681698120533433,-0.060341228254307565
1669,9.686589983846297,-0.05942866038111058
1670,9.691446932677593,-0.05852217853075224
1671,9.696268903731115,-0.05762180423966186
1672,9.701055834235811,-0.0567275588985756
1673,9.705807661944931,-0.05583946375203861
1674,9.710524325135196,-0.05495753989790981
1675,9.715205762605947,-0.05408180828687177
1676,9.719851913678344,-0.05321228972194194
1677,9.72446271819452,-0.05234900485798973
1678,9.729038116516797,-0.051491974201254787
1679,9.733578049526864,-0.05064121810887103
1680,9.738082458625,-0.04979675678839201
1681,9.742551285729277,-0.0489586102973216
1682,9.746984473274782,-0.04812679854264752
1683,9.751381964212863,-0.04730134128037779
1684,9.755743702010353,-0.046482258115081596
1685,9.760069630648825,-0.045669568499433696
1686,9.764359694623835,-0.044863291733762335
1687,9.768613838944216,-0.04406344696559894
1688,9.772832009131294,-0.043270053189236185
1689,9.77701415121823,-0.04248312924528322
1690,9.781160211749242,-0.04170269382023052
1691,9.785270137778955,-0.04092876544601375
1692,9.789343876871664,-0.0401613624995843
1693,9.793381377100667,-0.03940050320248158
1694,9.797382587047561,-0.03864620562041091
1695,9.80134745580158,-0.03789848766282277
1696,9.805275932958926,-0.03715736708249715
1697,9.809167968622104,-0.03642286147513164
1698,9.813023513399267,-0.03569498827893266
1699,9.81684251840358,-0.03497376477421034
1700,9.820624935252566,-0.03425920808297824
1701,9.824370716067492,-0.03355133516855425
1702,9.828079813472735,-0.03285016283516868
1703,9.831752180595169,-0.032155707727573056
1704,9.835387771063553,-0.03146798633065451
1705,9.838986539007927,-0.03078701496905319
1706,9.842548439059039,-0.030112809806782558
1707,9.846073426347722,-0.029445386846855933
1708,9.849561456504347,-0.028784761930914324
1709,9.853012485658214,-0.028130950738859743
1710,9.856426470437038,-0.027483968788489892
1711,9.85980336796634,-0.026843831435140214
1712,9.86314313586892,-0.02621055387132701
1713,9.866445732264307,-0.025584151126395435
1714,9.86971111576822,-0.02496463806617061
1715,9.872939245492065,-0.02435202939261251
1716,9.876130081042344,-0.0237463396434776
1717,9.87928358252021,-0.02314758319197928
1718,9.882399710520918,-0.02255577424645602
1719,9.885478426133332,-0.02197092685004201
1720,9.88851969093943,-0.021393054880341517
1721,9.891523467013814,-0.02082217204910755
1722,9.89448971692322,-0.02025829190192469
1723,9.897418403726046,-0.019701427817894655
1724,9.900309490971901,-0.019151593009326354
1725,9.903162942701115,-0.018608800521430612
1726,9.90597872344429,-0.01807306323201779
1727,9.90875679822188,-0.01754439385119881
1728,9.911497132543694,-0.01702280492109267
1729,9.914199692408515,-0.01650830881553432
1730,9.916864444303638,-0.016000917739789126
1731,9.919491355204459,-0.015500643730270354
1732,9.922080392574053,-0.015007498654260376
1733,9.924631524362766,-0.014521494209636557
1734,9.927144719007822,-0.014042641924599855
1735,9.92961994543291,-0.013570953157408722
1736,9.932057173047804,-0.013106439096115932
1737,9.934456371747993,-0.012649110758309604
1738,9.936817511914255,-0.012198978990859963
1739,9.939140564412353,-0.011756054469665916
1740,9.941425500592619,-0.011320347699410418
1741,9.943672292289623,-0.01089186901331615
1742,9.945880911821806,-0.010470628572907504
1743,9.948051331991131,-0.010056636367775935
1744,9.950183526082776,-0.009649902215347528
1745,9.952277467864755,-0.009250435760657963
1746,9.954333131587639,-0.008858246476127747
1747,9.956350491984187,-0.0084733436613454
1748,9.958329524269073,-0.008095736442850906
1749,9.960270204138553,-0.007725433773925925
1750,9.962172507770166,-0.007362444434386664
1751,9.964036411822457,-0.007006777030380441
1752,9.96586189343467,-0.006658439994187878
1753,9.96764893022646,-0.006317441584028274
1754,9.96939750029763,-0.005983789883868001
1755,9.971107582227857,-0.005657492803234601
1756,9.972779155076415,-0.005338558077034308
1757,9.974412198381938,-0.005026993265372788
1758,9.976006692162143,-0.004722805753381756
1759,9.977562616913593,-0.0044260027510479695
1760,9.979079953611473,-0.004136591293046276
1761,9.98055868370932,-0.003854578238579147
1762,9.981998789138823,-0.003579970271216888
1763,9.98340025230959,-0.0033127738987439917
1764,9.984763056108937,-0.0030529954530091295
1765,9.986087183901656,-0.00280064108977981
1766,9.987372619529838,-0.002555716788599808
1767,9.988619347312655,-0.002318228352651516
1768,9.989827352046175,-0.002088181408622365
1769,9.99099661900319,-0.0018655814065746267
1770,9.992127133932991,-0.0016504336198214734
1771,9.993218883061228,-0.0014427431448043888
1772,9.994271853089753,-0.001242514900975329
1773,9.995286031196404,-0.0010497536306852482
1774,9.996261405034893,-0.0008644638990738096
1775,9.997197962734644,-0.0006866500939645302
1776,9.99809569290064,-0.0005163164257639797
1777,9.998954584613276,-0.0003534669273655084
1778,9.999774627428243,-0.00019810545405592625
1779,10.000555811376387,-5.023568342746625e-05
1780,10.001298126963597,9.0138884707273e-05
1781,10.002001565170662,0.00022301492839440308
1782,10.002666117453202,0.00034838930361665347
1783,10.003291775741516,0.00046625904436345015
1784,10.003878532440535,0.0005766213627010206
1785,10.004426380429665,0.0006794736488337797
1786,10.004935313062749,0.0007748134711657036
1787,10.005405324167972,0.0008626385763558108
1788,10.005836408047774,0.0009429468893687137
1789,10.006228559478785,0.0010157365135222507
1790,10.006581773711769,0.001081005730531232
1791,10.00689604647156,0.0011387530005460885
1792,10.007171373956988,0.001188976962187024
1793,10.007407752840862,0.001231676432575729
1794,10.007605180269918,0.0012668504073620533
1795,10.00776365386477,0.0012944980607457394
1796,10.00788317171989,0.001314618745495084
1797,10.007963732403601,0.001327211992962231
1798,10.008005334958018,0.0013322775130913034
1799,10.008007978899059,0.0013298151944255575
1800,10.007971664216443,0.001319825104109294
1801,10.00789639137368,0.0013023074878853523
1802,10.007782161308077,0.0012772627700886722
1803,10.00762897543074,0.0012446915536353227
1804,10.007436835626596,0.0012045946200082334
1805,10.007205744254424,0.0011569729292387678
1806,10.006935704146859,0.0011018276198823515
1807,10.006626718610438,0.001039160008992439
1808,10.006278791425649,0.000968971592089623
1809,10.005891926846957,0.0008912640431252561
1810,10.00546612960286,0.000806039214442283
1811,10.00500140489595,0.0007132991367321725
1812,10.004497758402971,0.0006130460189864129
1813,10.00395519627488,0.0005052822484446545
1814,10.003373725136928,0.00039001039053957083
1815,10.002753352088746,0.00026723318883567016
1816,10.002094084704398,0.00013695356496527607
1817,10.001395931032516,-8.253814391140146e-07
1818,10.000658899596367,-0.0001461003728180403
1819,9.999882999393957,-0.0002988679537617689
1820,9.999068239898138,-0.00045912449109109817
1821,9.998214631056747,-0.0006268661739411308
1822,9.99732218329268,-0.0008020890138519418
1823,9.996390907504056,-0.0009847888448602346
1824,9.995420815064335,-0.001174961323597151
1825,9.994411917822449,-0.0013726019293897715
1826,9.99336422810295,-0.0015777059643660523
1827,9.992277758706157,-0.0017902685535647635
1828,9.991152522908322,-0.002010284645048221
1829,9.989988534461771,-0.00223774901002136
1830,9.988785807595068,-0.0024726562429531126
1831,9.987544357013212,-0.00271500076170141
1832,9.986264197897802,-0.0029647768076436903
1833,9.984945345907215,-0.003221978445811551
1834,9.983587817176796,-0.0034865995650285335
1835,9.98219162831906,-0.003758633878052075
1836,9.980756796423892,-0.004038074921720112
1837,9.979283339058764,-0.0043249160571010685
1838,9.977771274268909,-0.00461915046964998
1839,9.976220620577603,-0.004920771169364231
1840,9.974631396986343,-0.005229770990948486
1841,9.973003622975092,-0.005546142593980533
1842,9.971337318502513,-0.005869878463082078
1843,9.969632504006238,-0.006200970908092805
1844,9.967889200403057,-0.0065394120642518015
1845,9.966107429089249,-0.0068851938923768135
1846,9.964287211940789,-0.00723830817905364
1847,9.962428571313652,-0.0075987465368258485
1848,9.960531530044042,-0.00796650040439166
1849,9.95859611144872,-0.00834156104680065
1850,9.956622339325266,-0.008723919555658086
1851,9.954610237952373,-0.009113566849331834
1852,9.952559832090145,-0.009510493673163579
1853,9.950471146980409,-0.009914690599683645
1854,9.948344208347017,-0.010326148028830306
1855,9.946179042396155,-0.010744856188173823
1856,9.9439756758167,-0.011170805133141417
1857,9.941734135780516,-0.011603984747250353
1858,9.939454449942803,-0.01204438474234249
1859,9.937136646442434,-0.012491994658823176
1860,9.934780753902317,-0.012946803865904521
1861,9.932386801429727,-0.013408801561852687
1862,9.929954818616686,-0.01387797677423859
1863,9.92748483554033,-0.01435431836019277
1864,9.924976882763263,-0.014837815006665483
1865,9.922430991333972,-0.01532845523068755
1866,9.919847192787175,-0.015826227379639457
1867,9.917225519144244,-0.016331119631520976
1868,9.914566002913588,-0.016843119995225888
1869,9.911868677091064,-0.017362216310821302
1870,9.909133575160393,-0.017888396249829755
1871,9.906360731093582,-0.018421647315515526
1872,9.903550179351335,-0.018961956843175795
1873,9.900701954883504,-0.01950931200043463
1874,9.89781609312951,-0.020063699787541387
1875,9.894892630018795,-0.020625107037672775
1876,9.891931601971296,-0.021193520417238564
1877,9.888933045897865,-0.02176892642619202
1878,9.885896999200767,-0.022351311398343513
1879,9.882823499774139,-0.02294066150167808
1880,9.879712586004466,-0.023536962738677173
1881,9.876564296771072,-0.024140200946644045
1882,9.873378671446627,-0.024750361798032354
1883,9.870155749897599,-0.025367430800781
1884,9.866895572484841,-0.02599139329864791
1885,9.863598180064022,-0.026622234471554172
1886,9.860263613986202,-0.027259939335926422
1887,9.856891916098323,-0.027904492745046458
1888,9.853483128743775,-0.028555879389402322
1889,9.850037294762927,-0.029214083797044828
1890,9.846554457493662,-0.029879090333947384
1891,9.843034660771933,-0.0305508832043702
1892,9.839477948932354,-0.031229446451225898
1893,9.835884366808747,-0.03191476395645182
1894,9.832253959734714,-0.03260681944138487
1895,9.828586773544238,-0.03330559646713982
1896,9.82488285457226,-0.03401107843499174
1897,9.821142249655288,-0.034723248586762026
1898,9.817365006131991,-0.03544209000520857
1899,9.813551171843828,-0.03616758561441847
1900,9.809700795135658,-0.03689971818020589
1901,9.805813924856363,-0.03763847031051337
1902,9.801890610359496,-0.03838382445581567
1903,9.797930901503909,-0.03913576290952862
1904,9.79393484865442,-0.039894267808420626
1905,9.789902502682462,-0.04065932113302864
1906,9.785833914966751,-0.04143090470807733
1907,9.78172913739394,-0.04220900020290283
1908,9.777588222359327,-0.0429935891318783
1909,9.773411222767528,-0.043784652854844675
1910,9.769198192033178,-0.04458217257754432
1911,9.76494918408163,-0.04538612935205862
1912,9.760664253349672,-0.04619650407724899
1913,9.756343454786236,-0.04701327749920197
1914,9.751986843853125,-0.04783643021167722
1915,9.747594476525762,-0.04866594265655904
1916,9.743166409293922,-0.0495017951243121
1917,9.738702699162474,-0.05034396775444043
1918,9.734203403652169,-0.05119244053594933
1919,9.729668580800347,-0.052047193307813246
1920,9.725098289161787,-0.052908205759442765
1921,9.720492587809431,-0.053775457431159315
1922,9.715851536335192,-0.05464892771467203
1923,9.71117519485077,-0.055528595853556365
1924,9.706463623988423,-0.056414440943739215
1925,9.701716884901822,-0.057306441933984584
1926,9.696935039266847,-0.058204577626385125
1927,9.692118149282413,-0.059108826676856234
1928,9.687266277671323,-0.060019167595632805
1929,9.682379487681128,-0.06093557874777001
1930,9.677457843084957,-0.061858038353648066
1931,9.672501408182384,-0.06278652448948031
1932,9.667510247800344,-0.06372101508782206
1933,9.662484427293938,-0.06466148793808865
1934,9.657424012547393,-0.06560792068707028
1935,9.652329069974925,-0.06656029083945442
1936,9.647199666521658,-0.06751857575835041
1937,9.642035869664523,-0.0684827526658177
1938,9.63683774741321,-0.06945279864339593
1939,9.631605368311076,-0.0704286906326408
1940,9.62633880143611,-0.07141040543566089
1941,9.62103811640185,-0.0723979197156603
1942,9.615703383358383,-0.07339120999748121
1943,9.610334672993282,-0.07439025266815324
1944,9.60493205653259,-0.07539502397744409
1945,9.599495605741835,-0.07640550003841258
1946,9.594025392926978,-0.07742165682796795
1947,9.588521490935435,-0.07844347018743028
1948,9.582983973157127,-0.07947091582309268
1949,9.577412913525428,-0.08050396930679121
1950,9.57180838651828,-0.08154260607647262
1951,9.566170467159155,-0.08258680143677007
1952,9.560499231018174,-0.08363653055957791
1953,9.554794754213114,-0.08469176848463301
1954,9.549057113410505,-0.08575249012009702
1955,9.543286385826695,-0.08681867024314263
1956,9.537482649228942,-0.08789028350054316
1957,9.53164598193651,-0.08896730440926422
1958,9.525776462821774,-0.09004970735705976
1959,9.519874171311331,-0.09113746660307051
1960,9.513939187387138,-0.092230556278425
1961,9.507971591587623,-0.09332895038684515
1962,9.50197146500886,-0.09443262280525293
1963,9.49593888930569,-0.09554154728438191
1964,9.48987394669291,-0.09665569744939045
1965,9.483776719946428,-0.09777504680047865
1966,9.477647292404459,-0.0988995687135079
1967,9.471485747968702,-0.100029236440624
1968,9.46529217110556,-0.10116402311088184
1969,9.459066646847344,-0.10230390173087482
1970,9.452809260793483,-0.10344884518536633
1971,9.446520099111765,-0.10459882623792414
1972,9.440199248539598,-0.1057538175315567
1973,9.43384679638522,-0.10691379158935531
1974,9.427462830529004,-0.1080787208151351
1975,9.421047439424703,-0.10924857749408232
1976,9.414600712100723,-0.11042333379340352
1977,9.40812273816145,-0.11160296176297561
1978,9.401613607788523,-0.11278743333600182
1979,9.395073411742153,-0.11397672032966798
1980,9.38850224136245,-0.115170794445803
1981,9.381900188570754,-0.11636962727154192
1982,9.375267345870954,-0.11757319027999183
1983,9.36860380635089,-0.11878145483089847
1984,9.361909663683681,-0.11999439217131908
1985,9.3551850121291,-0.1212119734362957
1986,9.348429946534976,-0.12243416964953092
1987,9.341644562338569,-0.12366095172406846
1988,9.334828955567971,-0.12489229046297455
1989,9.327983222843553,-0.1261281565600213
1990,9.321107461379366,-0.1273685206003749
1991,9.314201768984569,-0.128613353061286
1992,9.307266244064902,-0.12986262431278064
1993,9.300300985624123,-0.13111630461835636
1994,9.293306093265494,-0.13237436413567885
1995,9.286281667193222,-0.13363677291728385
1996,9.279227808214003,-0.13490350091127742
1997,9.272144617738475,-0.1361745179620431
1998,9.265032197782757,-0.13744979381094866
1999,9.257890650969951,-0.13872929809705692
2000,9.25072008053169,-0.14001300035783823
2001,9.243520590309663,-0.14130087002988562
2002,9.236292284757173,-0.1425928764496333
2003,9.22903526894073,-0.14388898885407478
2004,9.221749648541575,-0.14518917638148807
2005,9.214435529857315,-0.14649340807215822
2006,9.207093019803462,-0.147801652869107
2007,9.19972222591511,-0.14911387961882008
2008,9.192323256348503,-0.1504300570719811
2009,9.184896219882669,-0.1517501538842055
2010,9.177441225921074,-0.15307413861677724
2011,9.169958384493263,-0.15440197973738773
2012,9.162447806256537,-0.15573364562087708
2013,9.154909602497588,-0.15706910454997888
2014,9.147343885134223,-0.15840832471606453
2015,9.139750766717038,-0.1597512742198921
2016,9.132130360431107,-0.16109792107235768
2017,9.124482780097743,-0.1624482331952458
2018,9.116808140176174,-0.16380217842198638
2019,9.109106555765297,-0.16515972449841093
2020,9.101378142605444,-0.16652083908351117
2021,9.093623017080127,-0.16788548975020048
2022,9.085841296217794,-0.1692536439860782
2023,9.078033097693627,-0.17062526919419424
2024,9.070198539831319,-0.17200033269381737
2025,9.062337741604903,-0.17337880172120385
2026,9.05445082264051,-0.17476064343037107
2027,9.046537903218265,-0.17614582489386849
2028,9.038599104274056,-0.17753431310355658
2029,9.030634547401412,-0.17892607497138252
2030,9.022644354853346,-0.18032107733016087
2031,9.014628649544223,-0.18171928693435543
2032,9.00658755505164,-0.18312067046086272
2033,8.998521195618306,-0.1845251945097973
2034,8.990429696153955,-0.18593282560527993
2035,8.98231318223722,-0.18734353019622732
2036,8.974171780117581,-0.18875727465714287
2037,8.966005616717284,-0.1901740252889104
2038,8.957814819633281,-0.19159374831958856
2039,8.949599517139175,-0.19301640990520877
2040,8.941359838187187,-0.1944419761305727
2041,8.933095912410112,-0.1958704130100546
2042,8.924807870123306,-0.1973016864884017
2043,8.916495842326688,-0.19873576244153932
2044,8.90815996070671,-0.20017260667737696
2045,8.899800357638403,-0.20161218493661445
2046,8.891417166187361,-0.20305446289355297
2047,8.883010520111796,-0.20449940615690482
2048,8.874580553864552,-0.2059469802706066
2049,8.866127402595195,-0.20739715071463216
2050,8.85765120215203,-0.2088498829058104
2051,8.849152089084184,-0.21030514219864135
2052,8.840630200643684,-0.21176289388611566
2053,8.832085674787546,-0.2132231032005354
2054,8.82351865017987,-0.21468573531433557
2055,8.814929266193928,-0.2161507553409093
2056,8.806317662914314,-0.21761812833543095
2057,8.797683981139022,-0.2190878192956849
2058,8.789028362381623,-0.22055979316289231
2059,8.780350948873366,-0.22203401482254162
2060,8.771651883565351,-0.22351044910521964
2061,8.76293131013067,-0.22498906078744377
2062,8.754189372966602,-0.22646981459249546
2063,8.745426217196748,-0.227952675191257
2064,8.73664198867325,-0.22943760720304646
2065,8.727836833978948,-0.23092457519645715
2066,8.719010900429597,-0.23241354369019654
2067,8.710164336076076,-0.2339044771539262
2068,8.701297289706588,-0.23539734000910498
2069,8.692409910848887,-0.23689209662983127
2070,8.683502349772507,-0.23838871134368791
2071,8.674574757490987,-0.2398871484325882
2072,8.665627285764133,-0.24138737213362166
2073,8.656660087100251,-0.24288934663990322
2074,8.647673314758402,-0.24439303610142224
2075,8.638667122750649,-0.24589840462589335
2076,8.629641665844366,-0.2474054162796066
2077,8.620597099564476,-0.24891403508828153
2078,8.611533580195728,-0.2504242250379206
2079,8.602451264785012,-0.2519359500756634
2080,8.593350311143622,-0.25344917411064305
2081,8.58423087784955,-0.2549638610148437
2082,8.575093124249806,-0.2564799746239567
2083,8.565937210462698,-0.25799747873824164
2084,8.556763297380163,-0.2595163371233846
2085,8.547571546670063,-0.26103651351136004
2086,8.538362120778514,-0.2625579716012917
2087,8.529135182932183,-0.26408067506031646
2088,8.519890897140652,-0.2656045875244464
2089,8.510629428198706,-0.2671296725994343
2090,8.501350941688678,-0.26865589386163935
2091,8.49205560398278,-0.27018321485889174
2092,8.482743582245448,-0.27171159911136117
2093,8.473415044435662,-0.27324101011242313
2094,8.46407015930928,-0.2747714113295293
2095,8.4547090964214,-0.27630276620507477
2096,8.445332026128684,-0.27783503815726945
2097,8.435939119591687,-0.2793681905810083
2098,8.426530548777228,-0.2809021868487427
2099,8.417106486460703,-0.2824369903113525
2100,8.407667106228446,-0.28397256429901874
2101,8.398212582480049,-0.285508872122097
2102,8.388743090430717,-0.2870458770719917
2103,8.379258806113594,-0.28858354242202994
2104,8.3697599063821,-0.2901218314283371
2105,8.360246568912277,-0.29166070733071214
2106,8.350718972205089,-0.2932001333535045
2107,8.34117729558878,-0.29474007270648983
2108,8.331621719221184,-0.2962804885857474
2109,8.322052424092034,-0.2978213441745384
2110,8.312469592025293,-0.29936260264418313
2111,8.30287340568146,-0.3009042271549398
2112,8.29326404855985,-0.3024461808568841
2113,8.283641705000933,-0.3039884268907871
2114,8.274006560188589,-0.3055309283889962
2115,8.264358800152424,-0.3070736484763141
2116,8.254698611770017,-0.30861655027087964
2117,8.245026182769209,-0.3101595968850485
2118,8.23534170173036,-0.3117027514262734
2119,8.225645358088599,-0.31324597699798573
2120,8.215937342136057,-0.31478923670047726
2121,8.206217845024126,-0.3163324936317802
2122,8.19648705876565,-0.31787571088855104
2123,8.186745176237146,-0.3194188515669507
2124,8.176992391181008,-0.3209618787635279
2125,8.167228898207687,-0.3225047555761001
2126,8.157454892797869,-0.32404744510463684
2127,8.147670571304621,-0.3255899104521418
2128,8.137876130955545,-0.32713211472553505
2129,8.128071769854909,-0.3286740210365359
2130,8.118257686985745,-0.33021559250254534
2131,8.108434082211966,-0.33175679224752813
2132,8.098601156280429,-0.33329758340289606
2133,8.088759110822993,-0.33483792910839033
2134,8.078908148358588,-0.336377792512963
2135,8.069048472295211,-0.33791713677566027
2136,8.059180286931936,-0.3394559250665047
2137,8.0493037974609,-0.3409941205673768
2138,8.039419209969275,-0.34253168647289706
2139,8.02952673144116,-0.3440685859913086
2140,8.019626569759556,-0.3456047823453573
2141,8.00971893370821,-0.34714023877317474
2142,7.999804032973499,-0.3486749185291584
2143,7.989882078146273,-0.3502087848848522
2144,7.9799532807236515,-0.3517418011298285
2145,7.970017853110821,-0.35327393057256723
2146,7.960076008622779,-0.35480513654133655
2147,7.9501279614860625,-0.3563353823850725
2148,7.940173926840459,-0.357864631474258
2149,7.930214120740651,-0.35939284720180187
2150,7.920248760157858,-0.36091999298391736
2151,7.910278062981418,-0.3624460322610012
2152,7.900302248020371,-0.3639709284985098
2153,7.890321535004971,-0.36549464518783786
2154,7.880336144588195,-0.36701714584719375
2155,7.870346298347182,-0.36853839402247657
2156,7.860352218784652,-0.37005835328815184
2157,7.850354129330282,-0.3715769872481264
2158,7.840352254342025,-0.37309425953662345
2159,7.8303468191074295,-0.3746101338190558
2160,7.820338049844868,-0.37612457379289965
2161,7.810326173704738,-0.37763754318856796
2162,7.80031141877063,-0.37914900577028127
2163,7.79029401406045,-0.3806589253369398
2164,7.780274189527461,-0.3821672657229939
2165,7.770252176061301,-0.383673990799315
2166,7.76022820548896,-0.3851790644740632
2167,7.750202510575675,-0.386682450693557
2168,7.7401753250258,-0.3881841134431408
2169,7.730146883483606,-0.3896840167480515
2170,7.720117421534018,-0.3911821246742847
2171,7.710087175703332,-0.39267840132945986
2172,7.700056383459821,-0.3941728108636846
2173,7.690025283214325,-0.39566531747041844
2174,7.679994114320737,-0.3971558853873354
2175,7.669963117076496,-0.3986444788971843
2176,7.6599325327229115,-0.400131062328652
2177,7.649902603445517,-0.4016156000572208
2178,7.639873572374331,-0.4030980565060275
2179,7.629845683584002,-0.40457839614672236
2180,7.619819182093938,-0.40605658350032475
2181,7.60979431386835,-0.4075325831380782
2182,7.599771325816212,-0.4090063596823062
2183,7.589750465791144,-0.41047787780726447
2184,7.579731982591232,-0.4119471022399939
2185,7.569716125958756,-0.4134139977611719
2186,7.5597031465798485,-0.4148785292059614
2187,7.549693296084078,-0.4163406614648598
2188,7.539686827043917,-0.41780035948454786
2189,7.529683992974151,-0.41925758826873405
2190,7.519685048331198,-0.42071231287900174
2191,7.509690248512331,-0.42216449843565124
2192,7.499699849854834,-0.4236141101185427
2193,7.489714109635004,-0.4250611131679389
2194,7.47973328606716,-0.4265054728853421
2195,7.469757638302426,-0.42794715463433625
2196,7.459787426427544,-0.4293861238414209
2197,7.449822911463513,-0.4308223459968489
2198,7.439864355364128,-0.4322557866554596
2199,7.4299120210144345,-0.4336864114375133
2200,7.419966172229082,-0.43511418602952073
2201,7.410027073750559,-0.43653907618507454
2202,7.400094991247313,-0.4379610477256767
2203,7.390170191311755,-0.4393800665415665
2204,7.380252941458179,-0.4407960985925457
2205,7.37034351012055,-0.44220910990880086
2206,7.360442166650137,-0.443619066591728
2207,7.350549181313098,-0.4450259348147516
2208,7.340664825287887,-0.4464296808241441
2209,7.330789370662544,-0.44783027093984357
2210,7.320923090431883,-0.44922767155626914
2211,7.31106625849453,-0.45062184914313513
2212,7.3012191496498415,-0.45201277024626324
2213,7.2913820395946916,-0.45340040148839306
2214,7.281555204920087,-0.454784709569992
2215,7.271738923107714,-0.45616566127006064
2216,7.261933472526287,-0.4575432234469392
2217,7.25213913242777,-0.4589173630391111
2218,7.24235618294347,-0.46028804706600385
2219,7.232584905079956,-0.46165524262879015
2220,7.222825580714875,-0.4630189169111841
2221,7.213078492592555,-0.4643790371802388
2222,7.203343924319498,-0.46573557078714023
2223,7.193622160359709,-0.4670884851679987
2224,7.1839134860298675,-0.4684377478446399
2225,7.17421818749432,-0.469783326425393
2226,7.1645365517599355,-0.47112518860587677
2227,7.154868866670783,-0.4724633021697842
2228,7.145215420902626,-0.47379763498966493
2229,7.135576503957275,-0.47512815502770533
2230,7.125952406156768,-0.476454830336506
2231,7.11634341863733,-0.4777776290598592
2232,7.106749833343217,-0.4790965194335217
2233,7.097171943020338,-0.48041146978598737
2234,7.087610041209704,-0.4817224485392562
2235,7.078064422240704,-0.4830294242096026
2236,7.068535381224175,-0.48433236540834057
2237,7.059023214045294,-0.48563124084258663
2238,7.0495282173562925,-0.4869260193160202
2239,7.0400506885689245,-0.4882166697296442
2240,7.030590925846824,-0.48950316108253883
2241,7.021149228097552,-0.49078546247261823
2242,7.011725894964557,-0.49206354309738015
2243,7.002321226818826,-0.49333737225465757
2244,6.992935524750414,-0.4946069193433639
2245,6.983569090559712,-0.49587215386423933
2246,6.974222226748512,-0.4971330454205925
2247,6.964895236510881,-0.4983895637190408
2248,6.95558842372379,-0.49964167857024794
2249,6.9463020929375485,-0.5008893598896587
2250,6.937036549365973,-0.502132577698233
2251,6.92779209887641,-0.5033713021231748
2252,6.918569047979455,-0.5046055033986602
2253,6.909367703818481,-0.5058351518665632
2254,6.90018837415893,-0.5070602179771783
2255,6.891031367377385,-0.5082806722899396
2256,6.8818969924503675,-0.5094964854741404
2257,6.872785558942931,-0.5107076283096472
2258,6.86369737699703,-0.5119140716876113
2259,6.854632757319585,-0.5131157866111802
2260,6.845592011170372,-0.5143127441962035
2261,6.8365754503496206,-0.5155049156719383
2262,6.827583387185362,-0.5166922723817513
2263,6.818616134520585,-0.5178747857838163
2264,6.809674005700053,-0.5190524274518127
2265,6.800757314556932,-0.5202251690756173
2266,6.79186637539914,-0.5213929824619968
2267,6.783001502995421,-0.5225558395352957
2268,6.774163012561191,-0.5237137123381207
2269,6.765351219744092,-0.5248665730320244
2270,6.756566440609308,-0.5260143938981852
2271,6.747808991624586,-0.5271571473380829
2272,6.739079189645012,-0.5282948058741744
2273,6.730377351897519,-0.529427342150564
2274,6.72170379596509,-0.5305547289336723
2275,6.713058839770737,-0.531676939112901
2276,6.704442801561165,-0.5327939457012962
2277,6.695855999890211,-0.5339057218362068
2278,6.68729875360191,-0.5350122407799427
2279,6.678771381813409,-0.5361134759204271
2280,6.6702742038974865,-0.5372094007718479
2281,6.661807539464877,-0.5382999889753051
2282,6.653371708346263,-0.5393852142994553
2283,6.644967030573989,-0.5404650506411538
2284,6.636593826363523,-0.5415394720260922
2285,6.628252416094597,-0.542608452609435
2286,6.6199431202920715,-0.5436719666764509
2287,6.611666259606534,-0.5447299886431425
2288,6.603422154794588,-0.5457824930568727
2289,6.595211126698847,-0.546829454596987
2290,6.587033496227663,-0.547870848075434
2291,6.578889584334575,-0.5489066484373815
2292,6.570779711997409,-0.5499368307618306
2293,6.562704200197162,-0.5509613702622254
2294,6.554663369896566,-0.5519802422870594
2295,6.546657542018334,-0.5529934223204814
2296,6.538687037423161,-0.554000885982894
2297,6.530752176887427,-0.5550026090315515
2298,6.522853281080581,-0.5559985673611543
2299,6.514990670542282,-0.5569887370044387
2300,6.507164665659207,-0.5579730941327653
2301,6.499375586641594,-0.5589516150567024
2302,6.491623753499512,-0.5599242762266069
2303,6.483909486018828,-0.5608910542332011
2304,6.476233103736871,-0.5618519258081477
2305,6.468594925917855,-0.5628068678246192
2306,6.460995271527974,-0.5637558572978663
2307,6.453434459210266,-0.5646988713857801
2308,6.445912807259154,-0.5656358873894538
2309,6.438430633594718,-0.5665668827537387
2310,6.430988255736706,-0.5674918350677982
2311,6.423585990778272,-0.5684107220656565
2312,6.4162241553594015,-0.5693235216267467
2313,6.408903065640126,-0.5702302117764523
2314,6.401623037273428,-0.571130770686647
2315,6.394384385377887,-0.5720251766762307
2316,6.387187424510059,-0.5729134082116618
2317,6.380032468636628,-0.5737954439074854
2318,6.37291983110625,-0.5746712625268593
2319,6.365849824621185,-0.5755408429820743
2320,6.358822761208649,-0.5764041643350732
2321,6.351838952191933,-0.5772612057979646
2322,6.344898708161255,-0.5781119467335338
2323,6.3380023389444275,-0.5789563666557495
2324,6.331150153577205,-0.579794445230267
2325,6.3243424602734635,-0.5806261622749291
2326,6.31757956639512,-0.5814514977602605
2327,6.310861778421848,-0.5822704318099611
2328,6.304189401920538,-0.5830829447013937
2329,6.297562741514578,-0.5838890168660699
2330,6.290982100852895,-0.5846886288901304
2331,6.284447782578814,-0.585481761514823
2332,6.277960088298695,-0.5862683956369753
2333,6.2715193185503795,-0.5870485123094652
2334,6.265125772771457,-0.5878220927416863
2335,6.258779749267318,-0.5885891183000109
2336,6.252481545179048,-0.5893495705082485
2337,6.2462314564511665,-0.5901034310480987
2338,6.240029777799146,-0.5908506817596039
2339,6.233876802676821,-0.5915913046415947
2340,6.2277728232436065,-0.592325281852134
2341,6.221718130331565,-0.5930525957089556
2342,6.215713013412386,-0.593773228689899
2343,6.209757760564141,-0.5944871634333418
2344,6.2038526584379925,-0.5951943827386266
2345,6.197997992224728,-0.5958948695664833
2346,6.1921940456212,-0.5965886070394514
2347,6.1864411007966655,-0.5972755784422928
2348,6.180739438359004,-0.5979557672224054
2349,6.17508933732086,-0.5986291569902299
2350,6.169491075065712,-0.5992957315196534
2351,6.16394492731383,-0.59995547474841
2352,6.158451168088202,-0.600608370778476
2353,6.153010069680385,-0.6012544038764609
2354,6.1476219026163115,-0.6018935584739964
2355,6.1422869356220495,-0.6025258191681191
2356,6.137005435589493,-0.6031511707216513
2357,6.131777667542121,-0.603769598063575
2358,6.126603894600657,-0.6043810862894047
2359,6.121484377948736,-0.604985620661554
2360,6.116419376798603,-0.6055831866097001
2361,6.111409148356828,-0.606173769731141
2362,6.1064539477899755,-0.6067573557911532
2363,6.101554028190401,-0.6073339307233407
2364,6.096709640541995,-0.6079034806299838
2365,6.091921033686065,-0.6084659917823803
2366,6.087188454287224,-0.6090214506211845
2367,6.082512146799361,-0.6095698437567424
2368,6.077892353431676,-0.6101111579694222
2369,6.073329314114873,-0.6106453802099392
2370,6.068823266467358,-0.611172497599679
2371,6.064374445761636,-0.6116924974310151
2372,6.059983084890772,-0.6122053671676223
2373,6.055649414335016,-0.6127110944447867
2374,6.051373662128554,-0.6132096670697099
2375,6.04715605382644,-0.6137010730218116
2376,6.0429968124716575,-0.614185300453025
2377,6.0388961585623795,-0.61466233768809
2378,6.034854310019418,-0.6151321732248418
2379,6.030871482153858,-0.6155947957344946
2380,6.026947887634902,-0.6160501940619214
2381,6.023083736457964,-0.6164983572259295
2382,6.019279235912938,-0.6169392744195323
2383,6.015534590552747,-0.6173729350102164
2384,6.011850002162154,-0.617799328540203
2385,6.008225669726786,-0.6182184447267085
2386,6.004661789402505,-0.6186302734621966
2387,6.001158554484987,-0.6190348048146296
2388,5.9977161553796545,-0.6194320290277133
2389,5.99433477957191,-0.6198219365211379
2390,5.991014611597641,-0.620204517890816
2391,5.987755833014108,-0.6205797639091137
2392,5.984558622371146,-0.6209476655250803
2393,5.981423155182735,-0.6213082138646709
2394,5.978349603898897,-0.6216614002309668
2395,5.9753381378779995,-0.6220072161043904
2396,5.972388923359424,-0.6223456531429155
2397,5.9695021234366425,-0.6226767031822746
2398,5.966677898030673,-0.6230003582361604
2399,5.963916403863958,-0.623316610496424
2400,5.961217794434693,-0.623625452333267
2401,5.958582219991547,-0.6239268762954322
2402,5.9560098275088516,-0.6242208751103863
2403,5.953500760662235,-0.6245074416845013
2404,5.9510551598047305,-0.62478656910323
2405,5.948673161943337,-0.6250582506312768
2406,5.946354900716091,-0.6253224797127649
2407,5.944100506369588,-0.6255792499713986
2408,5.941910105737073,-0.6258285552106218
2409,5.939783822216955,-0.6260703894137705
2410,5.9377217757518945,-0.6263047467442239
2411,5.935724082808425,-0.6265316215455471
2412,5.933790856357072,-0.6267510083416326
2413,5.9319222058530325,-0.6269629018368361
2414,5.930118237217422,-0.6271672969161074
2415,5.928379052819062,-0.6273641886451178
2416,5.926704751456849,-0.6275535722703822
2417,5.925095428342681,-0.6277354432193775
2418,5.923551175084959,-0.6279097971006564
2419,5.922072079672736,-0.6280766297039556
2420,5.92065822646038,-0.6282359370003018
2421,5.91930969615289,-0.6283877151421106
2422,5.918026565791825,-0.6285319604632826
2423,5.9168089087418085,-0.6286686694792957
2424,5.915656794677692,-0.6287978388872896
2425,5.91457028957232,-0.6289194655661506
2426,5.913549455684936,-0.6290335465765878
2427,5.912594351550231,-0.6291400791612064
2428,5.911705031968016,-0.6292390607445777
2429,5.910881547993556,-0.6293304889333023
2430,5.910123946928553,-0.6294143615160703
2431,5.909432272312766,-0.6294906764637164
2432,5.908806563916297,-0.6295594319292716
2433,5.908246857732557,-0.6296206262480085
2434,5.907753185971861,-0.6296742579374842
2435,5.9073255770557385,-0.6297203256975761
2436,5.906964055611829,-0.6297588284105168
2437,5.906668642469556,-0.6297897651409208
2438,5.906439354656389,-0.6298131351358089
2439,5.906276205394826,-0.6298289378246281
2440,5.90617920410001,-0.629837172819266
2441,5.906148356378105,-0.6298378399140607
2442,5.9061836640252485,-0.6298309390858071
2443,5.906285125027247,-0.6298164704937587
2444,5.906452733559927,-0.6297944344796238
2445,5.906686479990187,-0.6297648315675576
2446,5.9069863508776805,-0.6297276624641512
2447,5.9073523289772325,-0.629682928058414
2448,5.9077843932419025,-0.6296306294217522
2449,5.908282518826713,-0.6295707678079445
2450,5.908846677093088,-0.6295033446531099
2451,5.909476835613913,-0.6294283615756753
2452,5.910172958179294,-0.629345820376335
2453,5.910935004803005,-0.6292557230380068
2454,5.911762931729538,-0.6291580717257846
2455,5.912656691441868,-0.6290528687868855
2456,5.913616232669847,-0.6289401167505927
2457,5.9146415003992745,-0.6288198183281931
2458,5.915732435881593,-0.6286919764129122
2459,5.916888976644239,-0.6285565940798428
2460,5.9181110565016315,-0.6284136745858702
2461,5.919398605566793,-0.6282632213695926
2462,5.9207515502636445,-0.6281052380512365
2463,5.922169813339845,-0.6279397284325685
2464,5.923653313880324,-0.6277666964968024
2465,5.925201967321387,-0.6275861464085013
2466,5.926815685465432,-0.6273980825134761
2467,5.928494376496314,-0.6272025093386779
2468,5.930237944995245,-0.6269994315920884
2469,5.932046291957295,-0.6267888541626035
2470,5.933919314808502,-0.6265707821199145
2471,5.935856907423556,-0.6263452207143817
2472,5.937858960143996,-0.6261121753769081
2473,5.939925359797032,-0.6258716517188044
2474,5.942055989714896,-0.6256236555316518
2475,5.94425072975471,-0.6253681927871597
2476,5.9465094563189265,-0.6251052696370194
2477,5.9488320423762735,-0.624834892412753
2478,5.951218357483213,-0.6245570676255577
2479,5.953668267805932,-0.6242718019661463
2480,5.9561816361428415,-0.6239791023045818
2481,5.958758321947487,-0.6236789756901102
2482,5.961398181352073,-0.6233714293509859
2483,5.964101067191314,-0.6230564706942954
2484,5.966866829026888,-0.6227341073057736
2485,5.969695313172219,-0.6224043469496195
2486,5.9725863627177995,-0.6220671975683038
2487,5.975539817556882,-0.6217226672823738
2488,5.978555514411641,-0.6213707643902548
2489,5.981633286859693,-0.6210114973680455
2490,5.984772965361073,-0.6206448748693092
2491,5.98797437728559,-0.620270905724862
2492,5.991237346940533,-0.6198895989425548
2493,5.9945616955987795,-0.6195009637070527
2494,5.997947241527248,-0.619105009379609
2495,6.001393800015737,-0.6187017454978339
2496,6.004901183406038,-0.6182911817754618
2497,6.008469201121431,-0.6178733281021115
2498,6.012097659696484,-0.6174481945430427
2499,6.01578636280715,-0.6170157913389088
2500,6.019535111301152,-0.6165761289055062
2501,6.023343703228696,-0.6161292178335159
2502,6.0272119338733905,-0.6156750688882455
2503,6.031139595783502,-0.6152136930093622
2504,6.035126478803397,-0.614745101310626
2505,6.039172370105271,-0.6142693050796142
2506,6.043277054221081,-0.613786315777446
2507,6.047440313074725,-0.6132961450384987
2508,6.051661926014375,-0.612798804670123
2509,6.055941669845091,-0.612294306652352
2510,6.0602793188615305,-0.6117826631376065
2511,6.064674644880896,-0.6112638864503968
2512,6.069127417276055,-0.6107379890870186
2513,6.073637403008723,-0.6102049837152467
2514,6.0782043666629075,-0.609664883174023
2515,6.082828070478418,-0.609117700473141
2516,6.087508274384504,-0.6085634487929252
2517,6.092244736033616,-0.6080021414839083
2518,6.097037210835259,-0.6074337920665017
2519,6.101885451989947,-0.606858414230664
2520,6.106789210523248,-0.6062760218355626
2521,6.111748235319845,-0.605686628909236
2522,6.116762273157731,-0.6050902496482459
2523,6.121831068742409,-0.6044868984173299
2524,6.12695436474115,-0.6038765897490475
2525,6.132131901817255,-0.6032593383434233
2526,6.137363418664395,-0.6026351590675852
2527,6.142648652040901,-0.6020040669553992
2528,6.14798733680408,-0.6013660772071001
2529,6.153379205944552,-0.6007212051889166
2530,6.15882399062053,-0.6000694664326949
2531,6.164321420192083,-0.5994108766355163
2532,6.1698712222553755,-0.5987454516593121
2533,6.175473122676885,-0.5980732075304721
2534,6.181126845627531,-0.5973941604394523
2535,6.18683211361674,-0.5967083267403761
2536,6.192588647526489,-0.5960157229506331
2537,6.198396166645237,-0.595316365750472
2538,6.204254388701773,-0.5946102719825919
2539,6.210163029898979,-0.593897458651728
2540,6.2161218049475,-0.5931779429242336
2541,6.222130427099299,-0.5924517421276583
2542,6.22818860818111,-0.5917188737503221
2543,6.2342960586277245,-0.5909793554408861
2544,6.24045248751521,-0.5902332050079192
2545,6.24665760259395,-0.5894804404194598
2546,6.252911110321561,-0.5887210798025748
2547,6.259212715895657,-0.5879551414429143
2548,6.265562123286446,-0.5871826437842623
2549,6.271959035269168,-0.5864036054280843
2550,6.278403153456385,-0.5856180451330698
2551,6.28489417833006,-0.5848259818146716
2552,6.29143180927351,-0.5840274345446416
2553,6.298015744603092,-0.5832224225505627
2554,6.304645681599789,-0.5824109652153756
2555,6.311321316540526,-0.5815930820769041
2556,6.318042344729328,-0.5807687928273747
2557,6.324808460528235,-0.5799381173129338
2558,6.3316193573880515,-0.5791010755331596
2559,6.338474727878837,-0.5782576876405717
2560,6.345374263720199,-0.5774079739401369
2561,6.352317655811349,-0.5765519548887695
2562,6.3593045942609425,-0.5756896510948306
2563,6.366334768416657,-0.5748210833176215
2564,6.37340786689456,-0.5739462724668749
2565,6.380523577608236,-0.5730652396022413
2566,6.387681587797667,-0.5721780059327722
2567,6.394881584057811,-0.5712845928164009
2568,6.402123252367027,-0.5703850217594166
2569,6.409406278115167,-0.5694793144159386
2570,6.416730346131435,-0.5685674925873839
2571,6.42409514071199,-0.567649578221934
2572,6.431500345647296,-0.5667255934139941
2573,6.4389456442491575,-0.5657955604036545
2574,6.446430719377551,-0.5648595015761423
2575,6.453955253467154,-0.5639174394612745
2576,6.461518928553591,-0.5629693967329036
2577,6.469121426299413,-0.5620153962083648
2578,6.4767624280198275,-0.5610554608479134
2579,6.484441614708096,-0.560089613754164
2580,6.492158667060712,-0.5591178781715236
2581,6.499913265502255,-0.5581402774856219
2582,6.507705090209975,-0.5571568352227381
2583,6.51553382113809,-0.5561675750492252
2584,6.523399138041819,-0.5551725207709286
2585,6.531300720501097,-0.5541716963326043
2586,6.539238247944019,-0.5531651258173316
2587,6.54721139966999,-0.5521528334459236
2588,6.555219854872626,-0.5511348435763331
2589,6.563263292662295,-0.5501111807030569
2590,6.571341392088421,-0.5490818694565355
2591,6.579453832161509,-0.5480469346025497
2592,6.587600291874815,-0.5470064010416154
2593,6.595780450225801,-0.5459602938083719
2594,6.603993986237261,-0.5449086380709709
2595,6.6122405789781515,-0.54385145913046
2596,6.620519907584173,-0.5427887824201622
2597,6.6288316512780145,-0.5417206335050548
2598,6.637175489389331,-0.5406470380811439
2599,6.6455511013744495,-0.5395680219748343
2600,6.653958166835757,-0.5384836111422987
2601,6.662396365540842,-0.5373938316688419
2602,6.670865377441296,-0.5362987097682634
2603,6.679364882691279,-0.5351982717822156
2604,6.687894561665764,-0.53409254417956
2605,6.6964540949785425,-0.5329815535557196
2606,6.705043163499888,-0.5318653266320288
2607,6.713661448374001,-0.5307438902550797
2608,6.722308631036133,-0.5296172713960657
2609,6.730984393229454,-0.5284854971501225
2610,6.73968841702162,-0.5273485947356654
2611,6.748420384821088,-0.5262065914937246
2612,6.757179979393144,-0.5250595148872763
2613,6.765966883875655,-0.5239073925005729
2614,6.774780781794587,-0.5227502520384669
2615,6.7836213570791815,-0.5215881213257356
2616,6.792488294076938,-0.5204210283064016
2617,6.801381277568291,-0.5192490010430487
2618,6.810299992781017,-0.5180720677161382
2619,6.819244125404407,-0.5168902566233196
2620,6.828213361603165,-0.5157035961787396
2621,6.8372073880310404,-0.5145121149123495
2622,6.8462258918442025,-0.5133158414692077
2623,6.8552685607144,-0.5121148046087799
2624,6.864335082841796,-0.5109090332042387
2625,6.87342514696762,-0.5096985562417577
2626,6.882538442386541,-0.5084834028198048
2627,6.891674658958774,-0.5072636021484318
2628,6.900833487121998,-0.5060391835485623
2629,6.910014617902977,-0.5048101764512756
2630,6.919217742928985,-0.5035766103970897
2631,6.928442554438943,-0.5023385150352401
2632,6.937688745294376,-0.5010959201229576
2633,6.946956008990101,-0.4998488555247415
2634,6.956244039664693,-0.498597351211633
2635,6.965552532110729,-0.4973414372604834
2636,6.974881181784791,-0.49608114385322116
2637,6.984229684817279,-0.4948165012761168
2638,6.993597738021944,-0.49354753991904454
2639,7.002985038905266,-0.4922742902747416
2640,7.012391285675575,-0.4909967829380659
2641,7.021816177251985,-0.48971504860524945
2642,7.031259413273066,-0.4884291180731527
2643,7.040720694105383,-0.48713902223851235
2644,7.05019972085175,-0.485844792097191
2645,7.05969619535935,-0.4845464587434204
2646,7.06920982022759,-0.4832440533690462
2647,7.078740298815812,-0.48193760726276724
2648,7.088287335250782,-0.4806271518093743
2649,7.097850634433955,-0.4793127184889873
2650,7.107429902048594,-0.4779943388762884
2651,7.117024844566693,-0.4766720446397533
2652,7.12663516925567,-0.4753458675408823
2653,7.136260584184963,-0.474015839433426
2654,7.1459007982323275,-0.4726819922626113
2655,7.155555521090045,-0.47134435806436514
2656,7.165224463270925,-0.4700029689645343
2657,7.174907336114117,-0.46865785717810543
2658,7.184603851790785,-0.4673090550084208
2659,7.194313723309568,-0.4659565948463943
2660,7.204036664521897,-0.4646005091697236
2661,7.213772390127171,-0.4632408305421006
2662,7.223520615677713,-0.46187759161242076
2663,7.233281057583613,-0.4605108251139899
2664,7.243053433117386,-0.45914056386372903
2665,7.25283746041851,-0.45776684076137647
2666,7.262632858497749,-0.4563896887886903
2667,7.272439347241385,-0.4550091410086466
2668,7.282256647415275,-0.4536252305646367
2669,7.292084480668753,-0.4522379906796632
2670,7.301922569538402,-0.45084745465553316
2671,7.311770637451697,-0.4494536558720498
2672,7.321628408730474,-0.44805662778620264
2673,7.331495608594278,-0.44665640393135625
2674,7.341371963163588,-0.4452530179164361
2675,7.351257199462896,-0.4438465034251134
2676,7.361151045423678,-0.4424368942149878
2677,7.3710532298871465,-0.4410242241167708
2678,7.3809634826070285,-0.4396085270334632
2679,7.390881534252104,-0.4381898369395338
2680,7.400807116408651,-0.436768187880096
2681,7.410739961582776,-0.4353436139700836
2682,7.420679803202629,-0.4339161493934227
2683,7.430626375620498,-0.43248582840220423
2684,7.440579414114796,-0.4310526853158539
2685,7.45053865489193,-0.4296167545203007
2686,7.460503835088061,-0.4281780704671446
2687,7.470474692770748,-0.4267366676728221
2688,7.480450966940513,-0.42529258071777004
2689,7.490432397532259,-0.42384584424558935
2690,7.500418725416651,-0.42239649296220516
2691,7.510409692401315,-0.4209445616350281
2692,7.520405041232009,-0.41949008509211255
2693,7.530404515593669,-0.4180330982213131
2694,7.540407860111346,-0.41657363596944236
2695,7.550414820351091,-0.4151117333414233
2696,7.560425142820697,-0.41364742539944516
2697,7.570438574970414,-0.41218074726211323
2698,7.580454865193509,-0.4107117341036017
2699,7.590473762826809,-0.40924042115280157
2700,7.600495018151109,-0.40776684369247057
2701,7.610518382391508,-0.4062910370583795
2702,7.620543607717688,-0.4048130366384592
2703,7.630570447244093,-0.4033328778719448
2704,7.640598655030048,-0.4018505962485194
2705,7.650627986079776,-0.4003662273074579
2706,7.660658196342366,-0.398879806636768
2707,7.670689042711669,-0.3973913698723306
2708,7.680720283026107,-0.3959009526970399
2709,7.690751676068415,-0.3944085908399421
2710,7.700782981565347,-0.3929143200753723
2711,7.710813960187261,-0.39141817622209224
2712,7.720844373547688,-0.3899201951424253
2713,7.7308739842028285,-0.388420412741391
2714,7.7409025556509565,-0.3869188649658398
2715,7.750929852331806,-0.3854155878035857
2716,7.760955639625878,-0.3839106172825376
2717,7.770979683853679,-0.3824039894698321
2718,7.781001752274945,-0.3808957404709622
2719,7.791021613087729,-0.37938590642890957
2720,7.801039035427548,-0.37787452352327067
2721,7.81105378936639,-0.3763616279693866
2722,7.821065645911707,-0.3748472560174698
2723,7.831074377005338,-0.3733314439517318
2724,7.8410797555224265,-0.3718142280895075
2725,7.851081555270212,-0.3702956447803831
2726,7.861079550986891,-0.368775730405318
2727,7.871073518340323,-0.36725452137577075
2728,7.881063233926752,-0.36573205413282195
2729,7.891048475269478,-0.3642083651462972
2730,7.901029020817464,-0.36268349091389007
2731,7.911004649943933,-0.3611574679602832
2732,7.920975142944951,-0.35963033283626894
2733,7.930940281037849,-0.35810212211787285
2734,7.940899846359784,-0.3565728724054709
2735,7.950853621966136,-0.35504262032291123
2736,7.960801391828902,-0.3535114025166331
2737,7.970742940835104,-0.3519792556547856
2738,7.980678054785076,-0.35044621642634727
2739,7.990606520390804,-0.34891232154024365
2740,8.000528125274192,-0.34737760772446546
2741,8.010442657965305,-0.3458421117251861
2742,8.020349907900592,-0.34430587030587906
2743,8.030249665421055,-0.3427689202464354
2744,8.040141721770452,-0.3412312983422795
2745,8.050025869093375,-0.3396930414034875
2746,8.059901900433418,-0.3381541862539013
2747,8.06976960973124,-0.3366147697302461
2748,8.079628791822618,-0.33507482868124655
2749,8.089479242436491,-0.33353439996674217
2750,8.099320758193004,-0.3319935204568028
2751,8.10915313660148,-0.3304522270308445
2752,8.1189761760584,-0.3289105565767455
2753,8.12878967584538,-0.3273685459899607
2754,8.138593436127087,-0.325826232172638
2755,8.148387257949187,-0.3242836520327325
2756,8.158170943236225,-0.3227408424831235
2757,8.167944294789534,-0.32119784044072835
2758,8.177707116285086,-0.31965468282561876
2759,8.18745921227136,-0.31811140656013664
2760,8.197200388167202,-0.31656804856800835
2761,8.206930450259629,-0.31502464577346145
2762,8.21664920570165,-0.3134812351003402
2763,8.226356462510074,-0.3119378534712222
2764,8.236052029563306,-0.3103945378065331
2765,8.245735716599121,-0.30885132502366386
2766,8.255407334212432,-0.30730825203608747
2767,8.26506669385305,-0.30576535575247543
2768,8.274713607823443,-0.30422267307581424
2769,8.28434788927646,-0.30268024090252377
2770,8.293969352213084,-0.3011380961215736
2771,8.303577811480121,-0.29959627561360275
2772,8.313173082767968,-0.29805481625003566
2773,8.32275498260829,-0.2965137548922019
2774,8.332323328371713,-0.29497312839045625
2775,8.341877938265533,-0.2934329735832968
2776,8.351418631331441,-0.29189332729648404
2777,8.36094522744317,-0.29035422634216246
2778,8.370457547304182,-0.2888157075179813
2779,8.379955412445355,-0.2872778076062151
2780,8.38943864522266,-0.28574056337288567
2781,8.39890706881484,-0.28420401156688385
2782,8.408360507221062,-0.28266818891909296
2783,8.41779878525857,-0.2811331321415129
2784,8.42722172856041,-0.27959887792638144
2785,8.436629163573032,-0.27806546294530143
2786,8.446020917553966,-0.27653292384836514
2787,8.455396818569518,-0.27500129726327915
2788,8.464756695492383,-0.2734706197944921
2789,8.474100377999337,-0.2719409280223216
2790,8.48342769656888,-0.2704122585020819
2791,8.492738482478924,-0.2688846477632121
2792,8.502032567804418,-0.26735813230840666
2793,8.511309785415039,-0.265832748612745
2794,8.520569968972858,-0.2643085331228218
2795,8.529812952929984,-0.26278552225588037
2796,8.539038572526275,-0.2612637523989429
2797,8.548246663786962,-0.2597432599079469
2798,8.557437063520357,-0.25822408110687683
2799,8.566609609315522,-0.25670625228690125
2800,8.575764139539942,-0.255189809705508
2801,8.584900493337226,-0.25367478958564155
2802,8.594018510624784,-0.2521612281148411
2803,8.603118032091526,-0.25064916144437954
2804,8.612198899195556,-0.2491386256884036
2805,8.621260954161862,-0.24762965692307543
2806,8.630304039980063,-0.24612229118571294
2807,8.639328000402072,-0.24461656447393515
2808,8.648332679939845,-0.2431125127448051
2809,8.657317923863085,-0.2416101719139755
2810,8.666283578196994,-0.2401095778548351
2811,8.67522948971997,-0.23861076639765696
2812,8.684155505961392,-0.23711377332874567
2813,8.693061475199348,-0.23561863438958844
2814,8.70194724645836,-0.2341253852760069
2815,8.710812669507193,-0.23263406163730724
2816,8.71965759485658,-0.23114469907543644
2817,8.728481873757033,-0.22965733314413436
2818,8.737285358196592,-0.2281719993480924
2819,8.746067900898627,-0.22668873314210933
2820,8.754829355319641,-0.22520756993025023
2821,8.763569575647066,-0.22372854506500695
2822,8.772288416797059,-0.22225169384645968
2823,8.780985734412354,-0.22077705152143887
2824,8.789661384860068,-0.2193046532826901
2825,8.798315225229537,-0.21783453426803961
2826,8.806947113330168,-0.21636672955956118
2827,8.815556907689288,-0.2149012741827444
2828,8.824144467549988,-0.2134382031056658
2829,8.832709652869033,-0.21197755123815815
2830,8.841252324314706,-0.21051935343098516
2831,8.849772343264707,-0.2090636444750151
2832,8.85826957180404,-0.20761045910039794
2833,8.866743872722937,-0.20615983197574123
2834,8.875195109514761,-0.2047117977072906
2835,8.883623146373933,-0.20326639083810955
2836,8.892027848193859,-0.20182364584726298
2837,8.90040908056488,-0.20038359714900048
2838,8.908766709772234,-0.19894627909194154
2839,8.917100602793996,-0.1975117259582641
2840,8.925410627299064,-0.1960799719628929
2841,8.933696651645135,-0.1946510512526906
2842,8.94195854487671,-0.19322499790564948
2843,8.950196176723075,-0.19180184593008695
2844,8.958409417596318,-0.19038162926384095
2845,8.966598138589381,-0.18896438177346678
2846,8.974762211474047,-0.1875501372534387
2847,8.982901508698987,-0.18613892942535068
2848,8.991015903387861,-0.1847307919371181
2849,8.999105269337322,-0.18332575836218554
2850,9.00716948101512,-0.18192386219873152
2851,9.015208413558174,-0.18052513686887933
2852,9.023221942770686,-0.1791296157179056
2853,9.0312099451222,-0.17773733201345607
2854,9.039172297745766,-0.1763483189447576
2855,9.047108878436044,-0.17496260962183616
2856,9.055019565647433,-0.17358023707473538
2857,9.062904238492216,-0.17220123425273762
2858,9.070762776738738,-0.17082563402358575
2859,9.078595060809542,-0.1694534691727089
2860,9.086400971779586,-0.16808477240244835
2861,9.094180391374403,-0.16671957633128665
2862,9.101933201968297,-0.16535791349307952
2863,9.10965928658258,-0.16399981633628746
2864,9.117358528883768,-0.16264531722321213
2865,9.125030813181812,-0.16129444842923377
2866,9.132676024428374,-0.15994724214204906
2867,9.140294048215033,-0.15860373046091492
2868,9.147884770771586,-0.15726394539589095
2869,9.155448078964303,-0.1559279188670865
2870,9.16298386029421,-0.1545956827039087
2871,9.17049200289541,-0.15326726864431198
2872,9.177972395533356,-0.15194270833405285
2873,9.185424927603203,-0.1506220333259433
2874,9.192849489128113,-0.14930527507910887
2875,9.200245970757596,-0.14799246495824908
2876,9.207614263765882,-0.14668363423289782
2877,9.214954260050241,-0.1453788140766898
2878,9.222265852129407,-0.14407803556662532
2879,9.229548933141913,-0.142781329682341
2880,9.23680339684451,-0.1414887273053805
2881,9.244029137610582,-0.1402002592184679
2882,9.251226050428532,-0.13891595610478552
2883,9.258394030900211,-0.1376358485472522
2884,9.265532975239386,-0.13635996702780356
2885,9.272642780270152,-0.13508834192667726
2886,9.279723343425406,-0.13382100352169818
2887,9.28677456274532,-0.13255798198756744
2888,9.29379633687581,-0.13129930739515364
2889,9.300788565067032,-0.13004500971078697
2890,9.307751147171865,-0.1287951187955558
2891,9.314683983644464,-0.1275496644046041
2892,9.321586975538732,-0.12630867618643493
2893,9.328460024506878,-0.12507218368221357
2894,9.335303032797963,-0.12384021632507418
2895,9.34211590325646,-0.12261280343942849
2896,9.348898539320784,-0.12138997424027985
2897,9.355650845021893,-0.12017175783253616
2898,9.362372724981872,-0.11895818321032789
2899,9.369064084412528,-0.11774927925632746
2900,9.37572482911398,-0.11654507474107309
2901,9.3823548654733,-0.11534559832229306
2902,9.388954100463112,-0.1141508785442351
2903,9.395522441640253,-0.11296094383699633
2904,9.402059797144409,-0.11177582251585749
2905,9.40856607569677,-0.11059554278061919
2906,9.41504118659869,-0.10942013271494211
2907,9.421485039730406,-0.10824962028568698
2908,9.427897545549664,-0.10708403334226198
2909,9.434278615090461,-0.10592339961596905
2910,9.44062815996174,-0.1047677467193549
2911,9.446946092346105,-0.10361710214556442
2912,9.453232324998558,-0.10247149326769686
2913,9.45948677124522,-0.10133094733816608
2914,9.46570934498211,-0.10019549148806095
2915,9.471899960673865,-0.0990651527265122
2916,9.478058533352545,-0.09793995794005907
2917,9.484184978616378,-0.09681993389202138
2918,9.490279212628584,-0.09570510722187246
2919,9.496341152116123,-0.09459550444461759
2920,9.502370714368551,-0.09349115195017209
2921,9.508367817236813,-0.0923920760027454
2922,9.514332379132071,-0.09129830274022675
2923,9.520264319024546,-0.09020985817357412
2924,9.526163556442366,-0.08912676818620584
2925,9.532030011470413,-0.08804905853339637
2926,9.53786360474919,-0.08697675484167426
2927,9.543664257473695,-0.08590988260822323
2928,9.54943189139232,-0.08484846720028624
2929,9.555166428805723,-0.08379253385457358
2930,9.56086779256575,-0.08274210767667248
2931,9.56653590607433,-0.08169721364046202
2932,9.572170693282414,-0.08065787658752885
2933,9.57777207868889,-0.07962412122658798
2934,9.583339987339537,-0.07859597213290538
2935,9.588874344825964,-0.0775734537477249
2936,9.594375077284585,-0.07655659037769696
2937,9.59984211139556,-0.07554540619431274
2938,9.60527537438179,-0.07453992523333909
2939,9.610674794007913,-0.07354017139425756
2940,9.61604029857927,-0.07254616843970793
2941,9.621371816940934,-0.07155793999493319
2942,9.62666927847671,-0.07057550954722883
2943,9.631932613108168,-0.06959890044539473
2944,9.637161751293657,-0.0686281358991916
2945,9.642356624027368,-0.06766323897879861
2946,9.647517162838364,-0.06670423261427681
2947,9.652643299789634,-0.06575113959503417
2948,9.657734967477184,-0.06480398256929427
2949,9.662792099029083,-0.06386278404356897
2950,9.667814628104567,-0.06292756638213336
2951,9.672802488893108,-0.06199835180650605
2952,9.677755616113542,-0.06107516239492995
2953,9.682673945013166,-0.06015802008185872
2954,9.687557411366843,-0.059246946657446405
2955,9.692405951476147,-0.05834196376703935
2956,9.697219502168494,-0.057443092910672115
2957,9.701998000796275,-0.05655035544256757
2958,9.706741385236015,-0.05566377257063946
2959,9.711449593887526,-0.05478336535599888
2960,9.716122565673086,-0.053909154712463804
2961,9.72076024003659,-0.053041161406073505
2962,9.725362556942777,-0.05217940605460327
2963,9.72992945687639,-0.051323909127086544
2964,9.734460880841374,-0.05047469094333829
2965,9.738956770360115,-0.04963177167348173
2966,9.743417067472615,-0.048795171337480577
2967,9.747841714735744,-0.04796490980467245
2968,9.75223065522247,-0.04714100679330679
2969,9.756583832521088,-0.04632348187008725
2970,9.760901190734486,-0.04551235444971575
2971,9.765182674479396,-0.04470764379444176
2972,9.76942822888564,-0.043909369013615106
2973,9.77363779959543,-0.04311754906324079
2974,9.777811332762626,-0.04233220274553931
2975,9.781948775052044,-0.04155334870850919
2976,9.786050073638723,-0.04078100544549478
2977,9.79011517620725,-0.040015191294755906
2978,9.794144030951072,-0.03925592443904141
2979,9.79813658657179,-0.03850322290516864
2980,9.802092792278529,-0.03775710456360224
2981,9.806012597787225,-0.03701758712804151
2982,9.80989595331998,-0.03628468815500861
2983,9.813742809604438,-0.03555842504343969
2984,9.817553117873096,-0.03483881503428296
2985,9.8213268298627,-0.03412587521009717
2986,9.82506389781361,-0.03341962249465507
2987,9.82876427446916,-0.032720073652552376
2988,9.832427913075069,-0.03202724528881646
2989,9.836054767378817,-0.031341153848522825
2990,9.839644791629048,-0.03066181561641315
2991,9.843197940574973,-0.029989246716517336
2992,9.846714169465798,-0.029323463111779642
2993,9.850193434050139,-0.028664480603688498
2994,9.853635690575432,-0.028012314831910506
2995,9.8570408957874,-0.027366981273927133
2996,9.860409006929485,-0.026728495244675913
2997,9.86373998174228,-0.026096871896196534
2998,9.867033778462996,-0.025472126217278776
2999,9.870290355824938,-0.02485427303311513
