turn,time_sigma_ns,Q1
0,8.606972145323887,-0.0034808839285745278
1,8.606985224239509,-0.0034794522947295993
2,8.60699891458112,-0.0034779504569830556
3,8.6070132161316,-0.0034763784401206756
4,8.607028128664581,-0.0034747362699708304
5,8.607043651944473,-0.0034730239734019953
6,8.607059785726465,-0.0034712415783220906
7,8.60707652975651,-0.0034693891136801896
8,8.607093883771359,-0.0034674666094631347
9,8.60711184749854,-0.003465474096696795
10,8.607130420656393,-0.0034634116074442273
11,8.607149602954026,-0.003461279174807044
12,8.607169394091382,-0.00345907683292167
13,8.607189793759193,-0.0034568046169615742
14,8.607210801639013,-0.0034544625631353363
15,8.607232417403216,-0.003452050708685782
16,8.60725464071499,-0.0034495690918903
17,8.607277471228373,-0.0034470177520584543
18,8.607300908588236,-0.0034443967295325023
19,8.607324952430284,-0.003441706065686978
20,8.607349602381081,-0.0034389458029267764
21,8.607374858058046,-0.0034361159846871252
22,8.607400719069462,-0.003433216655432615
23,8.60742718501448,-0.0034302478606563205
24,8.607454255483125,-0.0034272096468795136
25,8.607481930056315,-0.0034241020616497843
26,8.607510208305857,-0.0034209251535406897
27,8.60753908979446,-0.0034176789721513394
28,8.607568574075724,-0.0034143635681056516
29,8.60759866069418,-0.003410978993050136
30,8.607629349185265,-0.003407525299654482
31,8.607660639075362,-0.0034040025416094215
32,8.60769252988178,-0.003400410773627078
33,8.607725021112772,-0.0033967500514389655
34,8.607758112267566,-0.003393020431794753
35,8.607791802836319,-0.003389221972463301
36,8.607826092300197,-0.0033853547322285145
37,8.607860980131298,-0.003381418770892588
38,8.607896465792765,-0.003377414149269413
39,8.607932548738697,-0.0033733409291890133
40,8.607969228414218,-0.003369199173492889
41,8.608006504255455,-0.003364988946035474
42,8.60804437568957,-0.0033607103116804764
43,8.608082842134774,-0.003356363336300892
44,8.608121903000294,-0.003351948086779423
45,8.608161557686426,-0.0033474646310052477
46,8.608201805584537,-0.0033429130378733875
47,8.608242646077054,-0.003338293377284596
48,8.608284078537503,-0.0033336057201427054
49,8.608326102330505,-0.0033288501383540356
50,8.60836871681178,-0.0033240267048268942
51,8.608411921328148,-0.003319135493470601
52,8.608455715217593,-0.0033141765791916333
53,8.608500097809221,-0.0033091500378949626
54,8.608545068423274,-0.0033040559464829387
55,8.608590626371166,-0.003298894382852458
56,8.608636770955494,-0.0032936654258938617
57,8.60868350147002,-0.003288369155491072
58,8.608730817199712,-0.003283005652519109
59,8.608778717420746,-0.0032775749988426498
60,8.608827201400498,-0.003272077277316353
61,8.608876268397601,-0.003266512571780764
62,8.60892591766191,-0.0032608809670634934
63,8.60897614843455,-0.0032551825489762366
64,8.609026959947904,-0.003249417404314304
65,8.60907835142564,-0.0032435856208546843
66,8.609130322082716,-0.003237687287355169
67,8.609182871125398,-0.0032317224935518624
68,8.609235997751266,-0.003225691330159336
69,8.609289701149237,-0.003219593888867747
70,8.609343980499574,-0.0032134302623418663
71,8.60939883497388,-0.0032072005442204785
72,8.609454263735161,-0.003200904829112683
73,8.609510265937779,-0.0031945432125991937
74,8.609566840727515,-0.0031881157912280584
75,8.609623987241546,-0.0031816226625157075
76,8.609681704608487,-0.003175063924943403
77,8.609739991948402,-0.003168439677955931
78,8.60979884837278,-0.0031617500219619306
79,8.60985827298461,-0.0031549950583298144
80,8.609918264878349,-0.003148174889387522
81,8.609978823139963,-0.0031412896184202367
82,8.610039946846918,-0.0031343393496699548
83,8.610101635068222,-0.0031273241883321805
84,8.610163886864413,-0.0031202442405558577
85,8.610226701287596,-0.0031130996134403816
86,8.610290077381448,-0.0031058904150347766
87,8.61035401418123,-0.003098616754335896
88,8.610418510713814,-0.0030912787412860376
89,8.610483565997693,-0.0030838764867718808
90,8.610549179043,-0.0030764101026221563
91,8.610615348851493,-0.003068879701607906
92,8.610682074416632,-0.0030612853974372706
93,8.610749354723541,-0.003053627304756648
94,8.610817188749056,-0.0030459055391474877
95,8.610885575461719,-0.003038120217124742
96,8.610954513821813,-0.0030302714561354967
97,8.611024002781361,-0.0030223593745569003
98,8.611094041284169,-0.0030143840916934464
99,8.61116462826581,-0.003006345727776835
100,8.611235762653669,-0.002998244403962469
101,8.611307443366943,-0.0029900802423287022
102,8.611379669316651,-0.002981853365875195
103,8.611452439405692,-0.002973563898519034
104,8.611525752528818,-0.002965211965094698
105,8.611599607572671,-0.0029567976913516345
106,8.611674003415796,-0.0029483212039523735
107,8.611748938928672,-0.0029397826304699308
108,8.611824412973712,-0.0029311820993866856
109,8.611900424405277,-0.002922519740092576
110,8.611976972069716,-0.0029137956828822736
111,8.612054054805368,-0.002905010058953644
112,8.612131671442596,-0.0028961630004053977
113,8.612209820803788,-0.0028872546402352924
114,8.612288501703384,-0.002878285112338308
115,8.612367712947906,-0.0028692545515037445
116,8.61244745333595,-0.0028601630934145545
117,8.612527721658218,-0.0028510108746447158
118,8.612608516697549,-0.0028417980326562774
119,8.61268983722893,-0.0028325247057979304
120,8.612771682019506,-0.0028231910333032344
121,8.612854049828613,-0.002813797155288189
122,8.612936939407792,-0.0028043432127486177
123,8.613020349500808,-0.0027948293475587617
124,8.61310427884367,-0.002785255702468803
125,8.613188726164653,-0.0027756224211026065
126,8.613273690184311,-0.0027659296479560723
127,8.613359169615514,-0.002756177528393966
128,8.61344516316344,-0.002746366208648808
129,8.613531669525637,-0.002736495835817344
130,8.613618687391996,-0.0027265665578598097
131,8.613706215444811,-0.0027165785235964217
132,8.613794252358781,-0.0027065318827056567
133,8.613882796801027,-0.002696426785722583
134,8.613971847431118,-0.002686263384035719
135,8.614061402901102,-0.002676041829884846
136,8.614151461855514,-0.002665762276358935
137,8.614242022931407,-0.002655424877393663
138,8.614333084758364,-0.002645029787769283
139,8.614424645958522,-0.002634577163108563
140,8.614516705146595,-0.002624067159874035
141,8.614609260929909,-0.002613499935364988
142,8.614702311908394,-0.0026028756477166843
143,8.614795856674633,-0.0025921944558967643
144,8.614889893813878,-0.002581456519702794
145,8.614984421904063,-0.0025706619997606438
146,8.615079439515833,-0.002559811057521784
147,8.615174945212564,-0.0025489038552605732
148,8.61527093755038,-0.0025379405560725737
149,8.615367415078197,-0.00252692132387073
150,8.615464376337721,-0.002515846323384326
151,8.615561819863478,-0.002504715720155892
152,8.615659744182855,-0.002493529680538205
153,8.615758147816095,-0.0024822883716927903
154,8.615857029276324,-0.002470991961587724
155,8.615956387069607,-0.0024596406189929224
156,8.616056219694926,-0.002448234513480297
157,8.616156525644243,-0.002436773815418975
158,8.616257303402492,-0.002425258695974658
159,8.616358551447618,-0.002413689327105962
160,8.616460268250593,-0.0024020658815624746
161,8.616562452275462,-0.0023903885328807766
162,8.616665101979335,-0.002378657455383959
163,8.616768215812435,-0.0023668728241772272
164,8.616871792218117,-0.0023550348151459752
165,8.616975829632867,-0.002343143604954263
166,8.61708032648638,-0.00233119937103969
167,8.617185281201529,-0.0023192022916132997
168,8.61729069219442,-0.002307152545655252
169,8.617396557874411,-0.0022950503129131063
170,8.617502876644124,-0.002282895773898956
171,8.61760964689951,-0.0022706891098854135
172,8.617716867029811,-0.0022584305029056764
173,8.617824535417636,-0.0022461201357485954
174,8.61793265043897,-0.0022337581919562345
175,8.618041210463192,-0.002221344855822089
176,8.618150213853113,-0.0022088803123875484
177,8.618259658964993,-0.002196364747439273
178,8.61836954414856,-0.0021837983475071427
179,8.618479867747054,-0.002171181299860525
180,8.618590628097245,-0.0021585137925055594
181,8.618701823529447,-0.0021457960141834753
182,8.618813452367558,-0.0021330281543667333
183,8.618925512929067,-0.002120210403257138
184,8.619038003525121,-0.002107342951781444
185,8.619150922460506,-0.0020944259915900245
186,8.619264268033685,-0.002081459715054295
187,8.619378038536857,-0.0020684443152615083
188,8.619492232255935,-0.002055379986014836
189,8.61960684747059,-0.0020422669218294613
190,8.619721882454302,-0.002029105317928558
191,8.619837335474356,-0.002015895370241502
192,8.619953204791875,-0.002002637275401608
193,8.620069488661867,-0.0019893312307411397
194,8.62018618533321,-0.0019759774342914555
195,8.620303293048726,-0.001962576084777022
196,8.620420810045186,-0.0019491273816140658
197,8.620538734553326,-0.0019356315249078456
198,8.620657064797882,-0.0019220887154498107
199,8.620775798997654,-0.0019084991547122232
200,8.620894935365468,-0.001894863044848793
201,8.621014472108254,-0.0018811805886893218
202,8.62113440742705,-0.0018674519897376569
203,8.621254739517024,-0.0018536774521690277
204,8.621375466567542,-0.0018398571808252004
205,8.621496586762134,-0.0018259913812144046
206,8.621618098278581,-0.0018120802595051843
207,8.62173999928891,-0.0017981240225257683
208,8.62186228795942,-0.0017841228777598693
209,8.621984962450734,-0.001770077033344081
210,8.622108020917796,-0.001755986698064767
211,8.622231461509935,-0.001741852081354667
212,8.622355282370858,-0.0017276733932902293
213,8.6224794816387,-0.0017134508445887278
214,8.62260405744604,-0.0016991846466049303
215,8.62272900791995,-0.0016848750113272648
216,8.622854331181996,-0.0016705221513764804
217,8.622980025348289,-0.0016561262800005238
218,8.623106088529514,-0.001641687611072469
219,8.623232518830939,-0.0016272063590874921
220,8.623359314352456,-0.0016126827391599167
221,8.623486473188612,-0.001598116967019396
222,8.623613993428636,-0.0015835092590081078
223,8.62374187315646,-0.0015688598320781192
224,8.623870110450769,-0.0015541689037866931
225,8.623998703385015,-0.0015394366922947163
226,8.624127650027448,-0.0015246634163624854
227,8.624256948441133,-0.00150984929534822
228,8.624386596684014,-0.0014949945492019772
229,8.624516592808911,-0.0014800993984648958
230,8.62464693486356,-0.0014651640642653818
231,8.62477762089064,-0.00145018876831558
232,8.624908648927818,-0.0014351737329080085
233,8.625040017007763,-0.0014201191809125795
234,8.62517172315818,-0.0014050253357734653
235,8.62530376540184,-0.0013898924215057168
236,8.625436141756605,-0.0013747206626923277
237,8.625568850235481,-0.0013595102844799506
238,8.625701888846606,-0.0013442615125774566
239,8.625835255593326,-0.0013289745732504863
240,8.625968948474187,-0.0013136496933201921
241,8.62610296548301,-0.001298287100157585
242,8.62623730460886,-0.0012828870216834948
243,8.62637196383614,-0.001267449686361883
244,8.62650694114457,-0.0012519753231991825
245,8.626642234509253,-0.0012364641617390027
246,8.626777841900697,-0.001220916432059782
247,8.626913761284822,-0.001205332364772314
248,8.627049990623025,-0.0011897121910143507
249,8.627186527872196,-0.0011740561424486476
250,8.627323370984747,-0.0011583644512592063
251,8.627460517908643,-0.0011426373501482936
252,8.627597966587443,-0.0011268750723321742
253,8.627735714960318,-0.001111077851538674
254,8.627873760962071,-0.0010952459220043384
255,8.628012102523222,-0.0010793795184684562
256,8.628150737569971,-0.0010634788761725823
257,8.628289664024269,-0.0010475442308556363
258,8.628428879803849,-0.001031575818750452
259,8.628568382822236,-0.0010155738765814113
260,8.628708170988801,-0.0009995386415595736
261,8.628848242208786,-0.000983470351380137
262,8.628988594383314,-0.0009673692442195911
263,8.62912922540947,-0.0009512355587301954
264,8.629270133180265,-0.0009350695340394923
265,8.629411315584747,-0.0009188714097433871
266,8.629552770507953,-0.0009026414259062775
267,8.629694495831014,-0.0008863798230541324
268,8.629836489431122,-0.0008700868421740171
269,8.62997874918161,-0.0008537627247089826
270,8.630121272951953,-0.0008374077125548055
271,8.630264058607825,-0.0008210220480566564
272,8.630407104011114,-0.000804605974005466
273,8.630550407019953,-0.0007881597336348161
274,8.630693965488772,-0.0007716835706167316
275,8.630837777268297,-0.0007551777290592764
276,8.630981840205624,-0.0007386424535012969
277,8.631126152144217,-0.0007220779889107725
278,8.631270710923955,-0.000705484580680033
279,8.631415514381159,-0.0006888624746229215
280,8.631560560348632,-0.000672211916970785
281,8.6317058466557,-0.0006555331543683447
282,8.631851371128203,-0.000638826433872563
283,8.631997131588578,-0.0006220920029460015
284,8.632143125855873,-0.0006053301094549451
285,8.632289351745756,-0.0005885410016663624
286,8.632435807070587,-0.0005717249282426117
287,8.632582489639425,-0.0005548821382394663
288,8.632729397258077,-0.0005380128811010995
289,8.632876527729103,-0.0005211174066580904
290,8.63302387885189,-0.0005041959651222457
291,8.63317144842266,-0.00048724880708388624
292,8.63331923423449,-0.0004702761835083722
293,8.633467234077369,-0.00045327834573258096
294,8.633615445738231,-0.0004362555454599743
295,8.633763867000976,-0.00041920803475825147
296,8.633912495646506,-0.0004021360660556855
297,8.634061329452758,-0.0003850398921370319
298,8.634210366194738,-0.00036791976614010516
299,8.63435960364457,-0.00035077594155171176
300,8.634509039571494,-0.00033360867220519276
301,8.634658671741935,-0.0003164182122750166
302,8.634808497919513,-0.000299204816274691
303,8.634958515865087,-0.00028196873905252015
304,8.635108723336785,-0.0002647102357877133
305,8.635259118090039,-0.00024742956198712314
306,8.63540969787762,-0.00023012697348105123
307,8.635560460449662,-0.00021280272642029702
308,8.635711403553719,-0.0001954570772716835
309,8.635862524934767,-0.00017809028281486584
310,8.636013822335254,-0.00016070260013920432
311,8.63616529349515,-0.00014329428663794239
312,8.636316936151935,-0.00012586560000784938
313,8.636468748040697,-0.00010841679824180996
314,8.63662072689411,-9.094813962752415e-05
315,8.636772870442464,-7.345988274510393e-05
316,8.636925176413762,-5.595228645903827e-05
317,8.637077642533702,-3.8425609917546134e-05
318,8.637230266525725,-2.088011254848965e-05
319,8.637383046111035,-3.316054055633266e-06
320,8.63753597900866,1.4266305585945637e-05
321,8.637689062935454,3.186670613189122e-05
322,8.637842295606164,4.9484887074459396e-05
323,8.637995674733435,6.712058764454057e-05
324,8.638149198027866,8.477354681634033e-05
325,8.638302863198032,0.00010244350331087518
326,8.638456667950527,0.00012013019559978453
327,8.638610609989984,0.00013783336190872726
328,8.638764687019108,0.00015555274022078792
329,8.638918896738742,0.00017328806828223735
330,8.639073236847858,0.00019103908360353002
331,8.639227705043618,0.00020880552346496666
332,8.639382299021406,0.0002265871249200285
333,8.639537016474847,0.00024438362479887576
334,8.639691855095867,0.0002621947597126027
335,8.639846812574692,0.00028002026605601475
336,8.640001886599926,0.000297859880013136
337,8.64015707485854,0.00031571333755888825
338,8.640312375035943,0.00033358037446504614
339,8.640467784815993,0.0003514607263019373
340,8.64062330188104,0.0003693541284437297
341,8.640778923911958,0.00038726031607158617
342,8.640934648588178,0.00040517902417738067
343,8.641090473587738,0.00042310998756840777
344,8.641246396587293,0.00044105294086987994
345,8.641402415262167,0.0004590076185296926
346,8.641558527286376,0.00047697375482176916
347,8.641714730332673,0.0004949510838500988
348,8.641871022072571,0.0005129393395524154
349,8.642027400176392,0.0005309382557040452
350,8.642183862313285,0.000548947565921839
351,8.642340406151265,0.0005669670036672811
352,8.642497029357255,0.0005849963022516063
353,8.642653729597118,0.0006030351948385985
354,8.642810504535698,0.0006210834144495738
355,8.64296735183683,0.0006391406939653736
356,8.643124269163392,0.0006572067661313402
357,8.643281254177342,0.0006752813635611639
358,8.643438304539757,0.0006933642187412642
359,8.643595417910845,0.0007114550640331516
360,8.643752591950003,0.0007295536316782887
361,8.643909824315836,0.0007476596538019603
362,8.644067112666196,0.0007657728624163798
363,8.644224454658222,0.0007838929894252837
364,8.644381847948367,0.0008020197666275409
365,8.644539290192442,0.0008201529257210964
366,8.644696779045638,0.0008382921983066206
367,8.644854312162567,0.0008564373158911223
368,8.645011887197297,0.0008745880098925163
369,8.645169501803393,0.000892744011643142
370,8.645327153633925,0.0009109050523929089
371,8.645484840341547,0.0009290708633147379
372,8.645642559578487,0.0009472411755067952
373,8.64580030899661,0.0009654157199973682
374,8.645958086247452,0.000983594227748906
375,8.64611588898222,0.0010017764296599418
376,8.646273714851864,0.0010199620565712131
377,8.646431561507109,0.0010381508392689135
378,8.646589426598482,0.0010563425084887887
379,8.646747307776323,0.0010745367949181006
380,8.646905202690863,0.0010927334292022653
381,8.647063108992235,0.0011109321419472075
382,8.647221024330493,0.001129132663722617
383,8.647378946355683,0.0011473347250677305
384,8.647536872717856,0.0011655380564938693
385,8.64769480106708,0.0011837423884874
386,8.647852729053533,0.0012019474515162726
387,8.648010654327486,0.0012201529760317118
388,8.648168574539355,0.00123835869247267
389,8.648326487339734,0.001256564331269733
390,8.648484390379435,0.0012747696228492696
391,8.64864228130953,0.0012929742976375098
392,8.64880015778135,0.00131117808606325
393,8.648958017446555,0.001329380718562574
394,8.649115857957167,0.0013475819255833413
395,8.64927367696557,0.0013657814375873762
396,8.649431472124595,0.0013839789850563903
397,8.649589241087497,0.0014021742984932032
398,8.649746981508038,0.001420367108428272
399,8.649904691040522,0.0014385571454234721
400,8.650062367339771,0.0014567441400730068
401,8.650220008061217,0.0014749278230099564
402,8.65037761086092,0.0014931079249098098
403,8.650535173395603,0.0015112841764941922
404,8.65069269332268,0.0015294563085339486
405,8.650850168300293,0.0015476240518540066
406,8.651007595987345,0.0015657871373366
407,8.651164974043539,0.0015839452959255697
408,8.6513223001294,0.0016020982586296615
409,8.65147957190634,0.0016202457565274823
410,8.651636787036646,0.0016383875207701421
411,8.651793943183558,0.0016565232825859195
412,8.651951038011267,0.0016746527732837478
413,8.652108069184983,0.0016927757242575152
414,8.652265034370943,0.0017108918669893711
415,8.652421931236448,0.0017290009330537604
416,8.652578757449914,0.0017471026541215978
417,8.652735510680891,0.0017651967619640562
418,8.652892188600102,0.0017832829884561914
419,8.653048788879463,0.001801361065580281
420,8.653205309192156,0.0018194307254317565
421,8.65336174721262,0.0018374917002206331
422,8.653518100616601,0.0018555437222764922
423,8.653674367081193,0.0018735865240525253
424,8.653830544284862,0.0018916198381288374
425,8.653986629907477,0.0019096433972164081
426,8.654142621630353,0.001927656934160938
427,8.654298517136294,0.0019456601819479154
428,8.654454314109604,0.00196365287370466
429,8.654610010236125,0.001981634742704676
430,8.6547656032033,0.0019996055223730175
431,8.654921090700151,0.0020175649462870217
432,8.655076470417379,0.0020355127481840336
433,8.655231740047332,0.0020534486619613245
434,8.655386897284089,0.0020713724216830085
435,8.65554193982347,0.0020892837615823913
436,8.655696865363076,0.002107182416066457
437,8.655851671602322,0.0021250681197191837
438,8.656006356242468,0.002142940607305557
439,8.656160916986652,0.0021607996137755344
440,8.656315351539927,0.002178644874267754
441,8.656469657609287,0.002196476124113126
442,8.656623832903705,0.0022142930988390238
443,8.656777875134184,0.0022320955341736328
444,8.656931782013752,0.0022498831660484856
445,8.65708555125753,0.0022676557306031556
446,8.65723918058275,0.0022854129641891644
447,8.657392667708777,0.002303154603372667
448,8.65754601035718,0.0023208803849406874
449,8.657699206251715,0.0023385900459016993
450,8.657852253118396,0.0023562833234918555
451,8.658005148685506,0.002373959955177923
452,8.65815789068365,0.0023916196786612893
453,8.658310476845768,0.0024092622318813463
454,8.658462904907182,0.0024268873530201673
455,8.658615172605625,0.0024444947805053836
456,8.658767277681264,0.0024620842530144213
457,8.658919217876747,0.002479655509478058
458,8.659070990937227,0.002497208289084376
459,8.659222594610405,0.0025147423312830938
460,8.659374026646553,0.0025322573757885114
461,8.659525284798544,0.0025497531625831905
462,8.65967636682189,0.002567229431922478
463,8.659827270474779,0.0025846859243378027
464,8.659977993518092,0.0026021223806402725
465,8.66012853371546,0.002619538541925445
466,8.660278888833263,0.0026369341495752516
467,8.660429056640707,0.0026543089452641657
468,8.660579034909816,0.002671662670961057
469,8.660728821415479,0.0026889950689333985
470,8.660878413935482,0.0027063058817510125
471,8.661027810250546,0.002723594852290775
472,8.661177008144351,0.002740861723738737
473,8.661326005403566,0.0027581062395947505
474,8.661474799817892,0.0027753281436765135
475,8.661623389180095,0.002792527180123394
476,8.661771771286016,0.002809703093398549
477,8.661919943934615,0.0028268556282937778
478,8.662067904928026,0.002843984529934446
479,8.662215652071554,0.0028610895437811237
480,8.662363183173726,0.00287817041563436
481,8.662510496046309,0.002895226891637943
482,8.662657588504368,0.0029122587182836652
483,8.66280445836626,0.002929265642413081
484,8.662951103453699,0.0029462474112231015
485,8.663097521591768,0.0029632037722685934
486,8.663243710608956,0.0029801344734664875
487,8.663389668337201,0.0029970392630997173
488,8.663535392611896,0.0030139178898199895
489,8.66368088127194,0.0030307701026521007
490,8.66382613215977,0.0030475956509978443
491,8.66397114312137,0.003064394284638776
492,8.664115912006336,0.0030811657537409922
493,8.664260436667881,0.003097909808858108
494,8.664404714962872,0.0031146262009348127
495,8.664548744751874,0.0031313146813111564
496,8.664692523899156,0.003147975001725119
497,8.664836050272736,0.003164606914316991
498,8.66497932174443,0.0031812101716337574
499,8.665122336189846,0.0031977845266308092
500,8.665265091488441,0.0032143297326771543
501,8.665407585523553,0.003230845556675354
502,8.665549816124042,0.0032473317721470373
503,8.665691781006181,0.0032637881392941458
504,8.665833477773887,0.0032802144050229657
505,8.665974903918977,0.003296610302971479
506,8.666116056821448,0.003312975553535797
507,8.666256933749741,0.003329309863897504
508,8.666397531860987,0.003345612928048591
509,8.66653784820131,0.003361884426819801
510,8.666677879706072,0.003378124027906153
511,8.666817623200174,0.0033943313858947563
512,8.666957075398287,0.003410506142289067
513,8.667096232905163,0.0034266479255375087
514,8.667235092215915,0.0034427563510599185
515,8.667373649716264,0.003458831021272384
516,8.667511901682861,0.003474871525615966
517,8.667649844283533,0.003490877440581687
518,8.667787473577595,0.0035068483297381555
519,8.667924785516124,0.0035227837437572843
520,8.668061775942245,0.0035386832204412897
521,8.668198440591407,0.0035545462847484813
522,8.668334775091726,0.003570372448822172
523,8.66847077496421,0.00358616121201446
524,8.66860643562311,0.0036019120609147855
525,8.66874175237616,0.0036176244693749255
526,8.668876720424938,0.0036332978985376507
527,8.669011334865107,0.0036489317968611728
528,8.669145590686758,0.00366452560014811
529,8.669279482774698,0.0036800787315709534
530,8.669413005908734,0.0036955906016979427
531,8.669546154764003,0.003711060608521185
532,8.669678923911277,0.0037264881374832826
533,8.669811307817273,0.0037418725615041117
534,8.669943300844936,0.003757213241006582
535,8.670074897253789,0.0037725095239447832
536,8.670206091200221,0.003787760745830299
537,8.670336876737816,0.0038029662297593705
538,8.670467247817657,0.0038181252864395816
539,8.67059719828867,0.003833237214217867
540,8.670726721897903,0.003848301299105752
541,8.670855812290874,0.003863316814807385
542,8.670984463011894,0.003878283022747165
543,8.671112667504396,0.0038931991720966516
544,8.671240419111227,0.003908064499800506
545,8.67136771107501,0.003922878230605392
546,8.671494536538466,0.003937639577086465
547,8.67162088854475,0.0039523477396758
548,8.67174676003776,0.003967001906687901
549,8.671872143862489,0.003981601254348644
550,8.671997032765367,0.0039961449468228424
551,8.672121419394566,0.004010632136240025
552,8.672245296300375,0.004025061962724485
553,8.672368655935518,0.004039433554421479
554,8.672491490655505,0.004053746027525721
555,8.67261379271896,0.004067998486308194
556,8.672735554287998,0.004082190023145865
557,8.672856767428515,0.004096319718546618
558,8.672977424110586,0.004110386641180446
559,8.673097516208804,0.004124389847906279
560,8.673217035502617,0.004138328383799944
561,8.673335973676677,0.004152201282182206
562,8.673454322321197,0.004166007564647214
563,8.673572072932322,0.004179746241091846
564,8.67368921691247,0.004193416309743163
565,8.673805745570684,0.004207016757186986
566,8.67392165012301,0.004220546558397528
567,8.674036921692833,0.00423400467676457
568,8.674151551311263,0.004247390064123523
569,8.674265529917484,0.004260701660784165
570,8.674378848359115,0.0042739383955585925
571,8.674491497392587,0.00428709918579142
572,8.674603467683504,0.0043001829373886654
573,8.674714749807015,0.004313188544846724
574,8.674825334248187,0.004326114891282335
575,8.67493521140237,0.004338960848461266
576,8.675044371575584,0.004351725276829028
577,8.675152804984869,0.004364407025538825
578,8.67526050175868,0.004377004932482671
579,8.675367451937257,0.004389517824320685
580,8.675473645473016,0.004401944516511778
581,8.67557907223091,0.0044142838133427575
582,8.675683721988813,0.0044265345079584845
583,8.67578758443794,0.004438695382394188
584,8.675890649183172,0.004450765207603128
585,8.675992905743492,0.00446274274348923
586,8.676094343552345,0.004474626738936863
587,8.67619495195802,0.004486415931840634
588,8.676294720224071,0.004498109049138617
589,8.676393637529687,0.004509704806841844
590,8.676491692970075,0.004521201910065072
591,8.67658887555689,0.004532599053059981
592,8.676685174218585,0.004543894919243891
593,8.676780577800836,0.004555088181233601
594,8.67687507506695,0.004566177500876564
595,8.67696865469823,0.004577161529281783
596,8.677061305294398,0.0045880389068521914
597,8.677153015374,0.004598808263317581
598,8.677243773374798,0.004609468217765525
599,8.677333567654165,0.004620017378673855
600,8.677422386489521,0.0046304543439444
601,8.677510218078735,0.004640777700935168
602,8.677597050540497,0.004650986026492094
603,8.67768287191476,0.004661077886982562
604,8.677767670163158,0.004671051838329441
605,8.677851433169396,0.004680906426043265
606,8.677934148739663,0.004690640185255053
607,8.678015804603078,0.004700251640752349
608,8.678096388412065,0.00470973930700971
609,8.678175887742814,0.0047191016882256335
610,8.67825429009565,0.004728337278353778
611,8.678331582895494,0.00473744456113903
612,8.678407753492271,0.0047464220101515716
613,8.678482789161333,0.0047552680888211145
614,8.678556677103868,0.004763981250470866
615,8.678629404447355,0.004772559938353843
616,8.678700958245967,0.004781002585687275
617,8.678771325481009,0.004789307615687344
618,8.678840493061346,0.004797473441605203
619,8.678908447823817,0.004805498466761739
620,8.678975176533699,0.004813381084584469
621,8.6790406658851,0.004821119678641779
622,8.679104902501436,0.004828712622681268
623,8.679167872935828,0.0048361582806637
624,8.67922956367157,0.004843455006801601
625,8.679289961122532,0.0048506011455937015
626,8.679349051633626,0.00485759503186322
627,8.67940682148124,0.00486443499079489
628,8.679463256873666,0.004871119337971011
629,8.679518343951562,0.004877646379410264
630,8.679572068788383,0.0048840144116044796
631,8.679624417390832,0.004890221721556886
632,8.679675375699297,0.004896266586819309
633,8.679724929588303,0.004902147275531039
634,8.67977306486697,0.004907862046457386
635,8.679819767279438,0.004913409149027205
636,8.679865022505341,0.004918786823372929
637,8.679908816160246,0.004923993300368485
638,8.679951133796115,0.004929026801669636
639,8.67999196090175,0.004933885539752411
640,8.68003128290325,0.004938567717953303
641,8.680069085164481,0.004943071530508979
642,8.680105352987503,0.004947395162595758
643,8.680140071613055,0.004951536790370461
644,8.680173226221013,0.004955494581011401
645,8.680204801930838,0.0049592666927577925
646,8.680234783802037,0.004962851274951364
647,8.680263156834656,0.004966246468078124
648,8.680289905969696,0.004969450403808161
649,8.680315016089626,0.004972461205039182
650,8.680338472018809,0.0049752769859363055
651,8.680360258523995,0.004977895851975286
652,8.680380360314784,0.004980315899984809
653,8.68039876204408,0.004982535218188167
654,8.680415448308597,0.004984551886247323
655,8.680430403649302,0.0049863639753049615
656,8.680443612551896,0.004987969548027871
657,8.680455059447262,0.004989366658648855
658,8.680464728712,0.004990553353013901
659,8.680472604668854,0.004991527668623154
660,8.680478671587196,0.004992287634675686
661,8.680482913683527,0.0049928312721149925
662,8.680485315121938,0.0049931565936726045
663,8.68048586001458,0.004993261603912318
664,8.680484532422167,0.004993144299277097
665,8.680481316354449,0.004992802668133182
666,8.6804761957707,0.004992234690816065
667,8.680469154580187,0.0049914383396761465
668,8.680460176642685,0.004990411579125738
669,8.680449245768928,0.004989152365683858
670,8.680436345721128,0.004987658648024617
671,8.680421460213449,0.004985928367023131
672,8.68040457291249,0.004983959455802523
673,8.680385667437786,0.0049817498397817395
674,8.6803647273623,0.0049792974367230914
675,8.680341736212903,0.0049766001567800614
676,8.680316677470888,0.004973655902546019
677,8.680289534572443,0.004970462569101454
678,8.680260290909162,0.004967018044064224
679,8.680228929828537,0.004963320207637755
680,8.680195434634458,0.004959366932660288
681,8.680159788587709,0.004955156084654739
682,8.680121974906445,0.004950685521877266
683,8.680081976766752,0.004945953095369747
684,8.680039777303081,0.004940956649007635
685,8.679995359608782,0.004935694019551346
686,8.679948706736619,0.004930163036698339
687,8.679899801699252,0.004924361523132914
688,8.679848627469754,0.004918287294577905
689,8.679795166982107,0.00491193815984674
690,8.679739403131718,0.004905311920894878
691,8.679681318775932,0.004898406372873081
692,8.679620896734523,0.0048912193041787955
693,8.679558119790224,0.0048837484965100365
694,8.679492970689209,0.004875991724916845
695,8.679425432141647,0.004867946757857364
696,8.679355486822178,0.004859611357249208
697,8.679283117370446,0.004850983278524505
698,8.679208306391589,0.004842060270683112
699,8.6791310364568,0.0048328400763493675
700,8.679051290103795,0.004823320431824704
701,8.67896904983736,0.0048134990671438015
702,8.678884298129843,0.004803373706129356
703,8.678797017421699,0.004792942066448439
704,8.67870719012201,0.004782201859669274
705,8.678614798608983,0.0047711507913157595
706,8.678519825230481,0.004759786560925116
707,8.678422252304554,0.004748106862104807
708,8.678322062119951,0.004736109382589245
709,8.678219236936643,0.004723791804297391
710,8.678113758986372,0.004711151803391986
711,8.678005610473138,0.004698187050334884
712,8.67789477357375,0.004684895209947836
713,8.677781230438347,0.0046712739414699715
714,8.677664963190937,0.004657320898617401
715,8.677545953929899,0.004643033729642021
716,8.677424184728554,0.004628410077392277
717,8.677299637635652,0.004613447579371073
718,8.677172294675925,0.004598143867797385
719,8.677042137850629,0.004582496569667338
720,8.67690914913805,0.004566503306812928
721,8.676773310494058,0.004550161695965434
722,8.676634603852637,0.004533469348815099
723,8.67649301112643,0.004516423872075019
724,8.67634851420725,0.004499022867540485
725,8.676201094966634,0.00448126393215319
726,8.676050735256378,0.004463144658063496
727,8.67589741690908,0.004444662632693314
728,8.675741121738675,0.00442581543879979
729,8.675581831540965,0.004406600654538306
730,8.675419528094192,0.004387015853527486
731,8.67525419315954,0.004367058604912133
732,8.67508580848169,0.004346726473428009
733,8.674914355789376,0.004326017019467864
734,8.674739816795926,0.004304927799145929
735,8.674562173199785,0.004283456364362504
736,8.67438140668509,0.004261600262871492
737,8.674197498922187,0.004239357038345108
738,8.6740104315682,0.004216724230441262
739,8.673820186267582,0.004193699374870241
740,8.67362674465262,0.004170280003460491
741,8.673430088344048,0.004146463644228576
742,8.673230198951549,0.004122247821444788
743,8.673027058074323,0.004097630055701819
744,8.672820647301622,0.00407260786398265
745,8.67261094821333,0.004047178759730697
746,8.672397942380504,0.00402134025291805
747,8.672181611365893,0.003995089850113016
748,8.671961936724555,0.003968425054553251
749,8.67173890000435,0.003941343366212541
750,8.671512482746541,0.003913842281873417
751,8.671282666486327,0.0038859192951964444
752,8.67104943275339,0.0038575718967909004
753,8.670812763072473,0.0038287975742870685
754,8.670572638963938,0.003799593812407818
755,8.670329041944289,0.003769958093038721
756,8.670081953526779,0.003739887895302603
757,8.669831355221948,0.0037093806956311
758,8.669577228538175,0.0036784339678371395
759,8.669319554982248,0.003647045183188456
760,8.669058316059912,0.0036152118104807057
761,8.668793493276455,0.0035829313161118976
762,8.668525068137251,0.003550201164156374
763,8.668253022148333,0.003517018816439179
764,8.667977336816968,0.003483381732611686
765,8.667697993652176,0.003449287370224212
766,8.667414974165347,0.0034147331848041105
767,8.667128259870786,0.003379716629930644
768,8.666837832286253,0.0033442351573096047
769,8.666543672933592,0.0033082862168529984
770,8.666245763339239,0.0032718672567524764
771,8.6659440850348,0.003234975723557089
772,8.665638619557658,0.003197609062252716
773,8.665329348451502,0.0031597647163372515
774,8.665016253266902,0.0031214401278993223
775,8.664699315561895,0.0030826327376972658
776,8.664378516902547,0.003043339985237169
777,8.664053838863522,0.0030035593088518922
778,8.663725263028656,0.0029632881457805575
779,8.663392770991521,0.002922523932247116
780,8.663056344356017,0.0028812641035417578
781,8.662715964736925,0.002839506094100267
782,8.662371613760492,0.0027972473375844644
783,8.662023273064998,0.002754485266963379
784,8.661670924301337,0.0027112173145938407
785,8.661314549133598,0.0026674409123032404
786,8.660954129239613,0.0026231534914692646
787,8.660589646311568,0.0025783524831038875
788,8.660221082056564,0.0025330353179351547
789,8.659848418197184,0.0024871994264890986
790,8.65947163647209,0.0024408422391737987
791,8.659090718636582,0.002393961186362189
792,8.658705646463202,0.002346553698476582
793,8.658316401742294,0.0022986172060712948
794,8.657922966282559,0.0022501491399167977
795,8.657525321911699,0.002201146931086325
796,8.657123450476938,0.0021516080110385743
797,8.656717333845634,0.0021015298117039224
798,8.656306953905856,0.002050909765570436
799,8.65589229256695,0.001999745305767845
800,8.655473331760144,0.0019480338661556679
801,8.6550500534391,0.001895772881407857
802,8.65462243958053,0.0018429597871008
803,8.654190472184766,0.0017895920198001208
804,8.653754133276333,0.001735667017147169
805,8.653313404904553,0.0016811822179477254
806,8.652868269144102,0.0016261350622586647
807,8.652418708095626,0.001570522991477214
808,8.651964703886295,0.0015143434484286146
809,8.651506238670429,0.001457593877456216
810,8.651043294630039,0.0014002717245088256
811,8.650575853975452,0.0013423744372317956
812,8.650103898945854,0.0012838994650543065
813,8.649627411809929,0.0012248442592822982
814,8.649146374866396,0.0011652062731861178
815,8.648660770444645,0.0011049829620931248
816,8.648170580905283,0.0010441717834768155
817,8.647675788640747,0.0009827701970488163
818,8.647176376075873,0.0009207756648495021
819,8.646672325668522,0.0008581856513415125
820,8.646163619910116,0.000794997623498692
821,8.645650241326276,0.0007312090509014127
822,8.645132172477384,0.0006668174058268384
823,8.644609395959183,0.000601820163342932
824,8.644081894403365,0.0005362148014007531
825,8.643549650478157,0.0004699988009280119
826,8.643012646888927,0.00040316964592324354
827,8.642470866378757,0.0003357248235486317
828,8.641924291729048,0.0002676618242252566
829,8.64137290576011,0.00019897814172650712
830,8.640816691331738,0.000129671273273226
831,8.640255631343829,5.973871962853892e-05
832,8.639689708736961,-1.0822014806595348e-05
833,8.639118906492978,-8.201342189900487e-05
834,8.638543207635607,-0.0001538379896860505
835,8.63796259523102,-0.00022629820228117125
836,8.637377052388455,-0.00029939653977640506
837,8.636786562260806,-0.00037313547814650007
838,8.636191108045187,-0.0004475174891527281
839,8.63559067298357,-0.0005225450402447287
840,8.634985240363342,-0.0005982205944641954
841,8.634374793517935,-0.0006745466103467237
842,8.633759315827383,-0.0007515255418248494
843,8.633138790718931,-0.000829159838130365
844,8.63251320166766,-0.000907451943693519
845,8.63188253219703,-0.0009864042980484414
846,8.631246765879505,-0.0010660193357322882
847,8.630605886337161,-0.0011462994861855193
848,8.629959877242252,-0.0012272471736545008
849,8.62930872231782,-0.00130886481709194
850,8.628652405338293,-0.0013911548300559367
851,8.627990910130075,-0.0014741196206118701
852,8.627324220572147,-0.0015577615912311096
853,8.626652320596662,-0.0016420831386911197
854,8.625975194189541,-0.0017270866539752688
855,8.625292825391067,-0.0018127745221715762
856,8.624605198296488,-0.0018991491223723856
857,8.623912297056599,-0.001986212827572991
858,8.623214105878352,-0.002073968004570395
859,8.622510609025461,-0.0021624170138610965
860,8.62180179081898,-0.0022515622095401503
861,8.621087635637904,-0.0023414059391988944
862,8.620368127919773,-0.002431950543823008
863,8.61964325216128,-0.0025231983576889747
864,8.618912992918823,-0.002615151708264355
865,8.61817733480915,-0.002707812916102005
866,8.61743626250994,-0.0028011842947384957
867,8.616689760760405,-0.002895268150590644
868,8.615937814361873,-0.002990066782852579
869,8.615180408178384,-0.00308558248339249
870,8.614417527137318,-0.0031818175366479158
871,8.613649156229954,-0.0032787742195229484
872,8.612875280512087,-0.003376454801283861
873,8.612095885104626,-0.003474861543454544
874,8.611310955194188,-0.0035739966997124823
875,8.610520476033695,-0.0036738625157838045
876,8.609724432942965,-0.0037744612293398377
877,8.608922811309313,-0.0038757950698910222
878,8.608115596588155,-0.0039778662586820715
879,8.607302774303607,-0.004080677008586429
880,8.60648433004905,-0.004184229524003081
881,8.605660249487768,-0.004288526000748422
882,8.604830518353543,-0.0043935686259507145
883,8.603995122451199,-0.004499359577947776
884,8.603154047657265,-0.004605901026176605
885,8.602307279920524,-0.004713195131070537
886,8.601454805262644,-0.00482124404395109
887,8.600596609778739,-0.004930049906923292
888,8.599732679637993,-0.005039614852767977
889,8.598863001084247,-0.005149941004835708
890,8.597987560436591,-0.0052610304769402025
891,8.597106344089967,-0.005372885373251044
892,8.596219338515759,-0.005485507788187547
893,8.595326530262382,-0.005598899806311153
894,8.594427905955882,-0.005713063502219035
895,8.593523452300554,-0.00582800094043502
896,8.592613156079496,-0.005943714175304496
897,8.591697004155222,-0.0060602052508860645
898,8.590774983470277,-0.006177476200843064
899,8.58984708104779,-0.0062955290483377845
900,8.588913283992104,-0.006414365805921885
901,8.587973579489343,-0.006533988475430285
902,8.58702795480803,-0.006654399047871874
903,8.586076397299667,-0.006775599503321945
904,8.585118894399319,-0.006897591810815043
905,8.58415543362622,-0.007020377928235572
906,8.583186002584364,-0.007143959802210519
907,8.582210588963099,-0.007268339368000456
908,8.5812291805377,-0.0073935185493921455
909,8.580241765169994,-0.007519499258589061
910,8.579248330808923,-0.007646283396103891
911,8.578248865491139,-0.007773872850649892
912,8.577243357341606,-0.007902269499032066
913,8.576231794574188,-0.008031475206038582
914,8.57521416549223,-0.008161491824332462
915,8.574190458489154,-0.008292321194343004
916,8.57316066204903,-0.008423965144157487
917,8.572124764747223,-0.008556425489410054
918,8.5710827552509,-0.008689704033176749
919,8.570034622319671,-0.008823802565864592
920,8.568980354806174,-0.008958722865102376
921,8.56791994165664,-0.009094466695633038
922,8.566853371911488,-0.009231035809205354
923,8.565780634705934,-0.009368431944462829
924,8.564701719270547,-0.009506656826837238
925,8.563616614931844,-0.009645712168439067
926,8.562525311112882,-0.009785599667948496
927,8.561427797333845,-0.009926321010506578
928,8.560324063212605,-0.010067877867607303
929,8.559214098465333,-0.01021027189698817
930,8.558097892907071,-0.010353504742521337
931,8.556975436452312,-0.010497578034105757
932,8.555846719115584,-0.010642493387557767
933,8.554711731012054,-0.010788252404501932
934,8.553570462358048,-0.010934856672265363
935,8.552422903471703,-0.011082307763765524
936,8.55126904477352,-0.011230607237403389
937,8.550108876786917,-0.011379756636955972
938,8.548942390138855,-0.011529757491465963
939,8.547769575560384,-0.011680611315134825
940,8.546590423887228,-0.01183231960721457
941,8.54540492606036,-0.0119848838518991
942,8.544213073126588,-0.012138305518216276
943,8.54301485623914,-0.012292586059919175
944,8.5418102666582,-0.012447726915380115
945,8.540599295751527,-0.012603729507480762
946,8.539381934995006,-0.012760595243505183
947,8.53815817597322,-0.012918325515033096
948,8.536928010380045,-0.01307692169783019
949,8.535691430019188,-0.01323638515174301
950,8.53444842680479,-0.013396717220589955
951,8.53319899276199,-0.01355791923205452
952,8.531943120027481,-0.013719992497578389
953,8.530680800850087,-0.013882938312254995
954,8.529412027591334,-0.014046757954721514
955,8.52813679272602,-0.014211452687052907
956,8.526855088842776,-0.014377023754655074
957,8.525566908644638,-0.014543472386158655
958,8.524272244949618,-0.014710799793311784
959,8.522971090691241,-0.014879007170876238
960,8.521663438919152,-0.015048095696518542
961,8.520349282799646,-0.01521806653070635
962,8.519028615616248,-0.015388920816601419
963,8.51770143077026,-0.015560659679955458
964,8.516367721781338,-0.01573328422900339
965,8.515027482288039,-0.015906795554359345
966,8.513680706048394,-0.016081194728910897
967,8.512327386940457,-0.01625648280771448
968,8.51096751896286,-0.016432660827891583
969,8.509601096235366,-0.016609729808523696
970,8.508228112999452,-0.016787690750547802
971,8.506848563618837,-0.016966544636652835
972,8.505462442580024,-0.017146292431177042
973,8.504069744492899,-0.0173269350800021
974,8.502670464091237,-0.017508473510452115
975,8.501264596233272,-0.017690908631189207
976,8.499852135902263,-0.01787424133211059
977,8.49843307820701,-0.018058472484247027
978,8.497007418382431,-0.01824360293965925
979,8.49557515179009,-0.018429633531336993
980,8.494136273918743,-0.018616565073096693
981,8.49269078038491,-0.01880439835947891
982,8.491238666933375,-0.018993134165648955
983,8.489779929437768,-0.019182773247294047
984,8.48831456390108,-0.01937331634052402
985,8.486842566456227,-0.01956476416176897
986,8.485363933366578,-0.01975711740768016
987,8.483878661026477,-0.019950376755031064
988,8.482386745961813,-0.0201445428606155
989,8.480888184830526,-0.020339616361150174
990,8.479382974423167,-0.02053559787317423
991,8.477871111663415,-0.02073248799295164
992,8.476352593608606,-0.02093028729637241
993,8.47482741745029,-0.021128996338853793
994,8.473295580514739,-0.02132861565524351
995,8.471757080263474,-0.021529145759721514
996,8.470211914293811,-0.021730587145703643
997,8.46866008033937,-0.021932940285744183
998,8.467101576270611,-0.022136205631439566
999,8.465536400095347,-0.02234038361333299
1000,8.463964549959284,-0.022545474640817416
1001,8.462386024146536,-0.02275147910204084
1002,8.460800821080127,-0.02295839736381181
1003,8.459208939322536,-0.023166229771504013
1004,8.457610377576188,-0.023374976648963094
1005,8.45600513468401,-0.023584638298410676
1006,8.454393209629897,-0.023795215000353396
1007,8.452774601539263,-0.024006707013487876
1008,8.45114930967953,-0.024219114574609398
1009,8.449517333460648,-0.0244324378985188
1010,8.447878672435614,-0.024646677177930468
1011,8.446233326300959,-0.024861832583381496
1012,8.444581294897255,-0.025077904263140924
1013,8.442922578209656,-0.025294892343117152
1014,8.441257176368342,-0.02551279692677039
1015,8.439585089649075,-0.025731618095021138
1016,8.437906318473667,-0.0259513559061612
1017,8.436220863410494,-0.02617201039576496
1018,8.434528725174973,-0.026393581576601387
1019,8.43282990463009,-0.026616069438545144
1020,8.431124402786864,-0.026839473948489553
1021,8.429412220804842,-0.027063795050260478
1022,8.42769335999262,-0.02728903266452746
1023,8.425967821808284,-0.027515186688720234
1024,8.424235607859954,-0.027742256996940655
1025,8.422496719906206,-0.02797024343988007
1026,8.420751159856618,-0.028199145844732182
1027,8.418998929772203,-0.028428964015111025
1028,8.417240031865918,-0.0286596977309663
1029,8.415474468503131,-0.0288913467485002
1030,8.4137022422021,-0.029123910800085473
1031,8.411923355634464,-0.029357389594182142
1032,8.410137811625672,-0.029591782815257817
1033,8.408345613155516,-0.029827090123704575
1034,8.406546763358554,-0.030063311155759845
1035,8.404741265524601,-0.030300445523425888
1036,8.402929123099177,-0.03053849281439086
1037,8.401110339683994,-0.0307774525919496
1038,8.399284919037395,-0.031017324394925657
1039,8.39745286507484,-0.031258107737592584
1040,8.39561418186934,-0.0314998021095983
1041,8.393768873651927,-0.03174240697588741
1042,8.391916944812113,-0.031985921776625306
1043,8.39005839989833,-0.03223034592712323
1044,8.388193243618375,-0.03247567881776374
1045,8.386321480839891,-0.032721919813924874
1046,8.384443116590779,-0.03296906825590822
1047,8.382558156059664,-0.03321712345886491
1048,8.380666604596325,-0.0334660847127238
1049,8.378768467712142,-0.03371595128211925
1050,8.376863751080537,-0.03396672240631982
1051,8.37495246053739,-0.03421839729915896
1052,8.373034602081514,-0.03447097514896278
1053,8.371110181875048,-0.03472445511848265
1054,8.369179206243897,-0.03497883634482652
1055,8.367241681678175,-0.03523411793938976
1056,8.365297614832608,-0.03549029898778888
1057,8.363347012526978,-0.035747378549794075
1058,8.361389881746526,-0.03600535565926386
1059,8.359426229642382,-0.036264229324079474
1060,8.357456063531975,-0.03652399852608035
1061,8.355479390899454,-0.036784662220999596
1062,8.35349621939609,-0.03704621933840134
1063,8.351506556840699,-0.03730866878161762
1064,8.349510411220031,-0.03757200942768682
1065,8.34750779068918,-0.03783624012729317
1066,8.345498703571998,-0.03810135970470421
1067,8.343483158361494,-0.03836736695771246
1068,8.341461163720203,-0.03863426065757657
1069,8.33943272848062,-0.0389020395489619
1070,8.337397861645565,-0.0391707023498838
1071,8.335356572388594,-0.03944024775164937
1072,8.333308870054356,-0.039710674418803715
1073,8.331254764158997,-0.03998198098907254
1074,8.329194264390551,-0.04025416607330751
1075,8.327127380609296,-0.04052722825543367
1076,8.325054122848156,-0.040801166092394474
1077,8.32297450131305,-0.04107597811410123
1078,8.320888526383285,-0.04135166282337984
1079,8.318796208611918,-0.041628218695920705
1080,8.316697558726107,-0.04190564418022924
1081,8.31459258762749,-0.04218393769757538
1082,8.31248130639256,-0.042463097641945446
1083,8.310363726272987,-0.042743122379994655
1084,8.308239858695991,-0.04302401025100085
1085,8.306109715264698,-0.0433057595668168
1086,8.303973307758492,-0.04358836861182594
1087,8.301830648133347,-0.04387183564289754
1088,8.299681748522188,-0.044156158889343065
1089,8.29752662123521,-0.04444133655287365
1090,8.295365278760237,-0.04472736680755729
1091,8.293197733763042,-0.04501424779977845
1092,8.291023999087692,-0.045301977648197087
1093,8.288844087756868,-0.04559055444370906
1094,8.286658012972188,-0.04587997624940824
1095,8.284465788114536,-0.046170241100547654
1096,8.28226742674438,-0.04646134700450338
1097,8.280062942602086,-0.046753291940737685
1098,8.277852349608231,-0.047046073860764565
1099,8.275635661863921,-0.047339690688114354
1100,8.273412893651095,-0.047634140318300766
1101,8.27118405943282,-0.04792942061878831
1102,8.268949173853594,-0.048225529428960835
1103,8.266708251739663,-0.04852246456008936
1104,8.264461308099289,-0.04882022379530354
1105,8.262208358123052,-0.0491188048895619
1106,8.259949417184142,-0.04941820556962352
1107,8.25768450083864,-0.049718423534021235
1108,8.255413624825769,-0.05001945645303578
1109,8.253136805068243,-0.050321301968667784
1110,8.250854057672477,-0.050623957694616147
1111,8.248565398928868,-0.05092742121625355
1112,8.246270845312086,-0.05123169009060271
1113,8.243970413481321,-0.0515367618463157
1114,8.241664120280545,-0.05184263398365299
1115,8.239351982738764,-0.05214930397446324
1116,8.237034018070286,-0.05245676926216447
1117,8.234710243674956,-0.05276502726172607
1118,8.232380677138405,-0.05307407535965172
1119,8.230045336232301,-0.05338391091396344
1120,8.227704238914571,-0.053694531254186315
1121,8.225357403329646,-0.054005933681334724
1122,8.223004847808694,-0.05431811546789844
1123,8.220646590869837,-0.05463107385783116
1124,8.218282651218395,-0.05494480606653826
1125,8.215913047747067,-0.055259309280868356
1126,8.213537799536205,-0.055574580659101
1127,8.211156925853965,-0.05589061733094179
1128,8.208770446156556,-0.05620741639751264
1129,8.206378380088422,-0.05652497493134688
1130,8.203980747482463,-0.05684328997638262
1131,8.201577568360205,-0.05716235854796003
1132,8.199168862932012,-0.05748217763281665
1133,8.196754651597276,-0.05780274418908548
1134,8.194334954944578,-0.05812405514629472
1135,8.191909793751893,-0.05844610740536584
1136,8.189479188986759,-0.05876889783861543
1137,8.187043161806434,-0.05909242328975688
1138,8.18460173355809,-0.05941668057390266
1139,8.182154925778958,-0.059741666477568595
1140,8.17970276019648,-0.0600673777586791
1141,8.177245258728481,-0.06039381114657268
1142,8.17478244348332,-0.06072096334200834
1143,8.172314336760026,-0.06104883101717432
1144,8.169840961048436,-0.061377410815697454
1145,8.167362339029347,-0.06170669935265232
1146,8.16487849357465,-0.06203669321457269
1147,8.162389447747437,-0.06236738895946431
1148,8.159895224802153,-0.06269878311681729
1149,8.157395848184684,-0.06303087218762177
1150,8.154891341532508,-0.06336365264438164
1151,8.152381728674776,-0.06369712093113253
1152,8.149867033632441,-0.06403127346345781
1153,8.14734728061834,-0.06436610662850895
1154,8.144822494037303,-0.0647016167850238
1155,8.142292698486246,-0.0650378002633479
1156,8.139757918754238,-0.06537465336545716
1157,8.137218179822625,-0.06571217236497882
1158,8.134673506865058,-0.0660503535072177
1159,8.132123925247608,-0.06638919300917975
1160,8.129569460528812,-0.06672868705959895
1161,8.127010138459747,-0.06706883181896414
1162,8.12444598498408,-0.06740962341954838
1163,8.121877026238115,-0.0677510579654381
1164,8.119303288550865,-0.06809313153256291
1165,8.11672479844409,-0.06843584016872802
1166,8.114141582632314,-0.06877917989364707
1167,8.111553668022882,-0.06912314669897607
1168,8.108961081715977,-0.06946773654834872
1169,8.106363851004653,-0.06981294537741159
1170,8.103762003374827,-0.07015876909386337
1171,8.101155566505335,-0.07050520357749088
1172,8.098544568267917,-0.07085224468020991
1173,8.095929036727208,-0.0711998882261061
1174,8.093309000140763,-0.07154813001147581
1175,8.090684486959018,-0.0718969658048705
1176,8.088055525825302,-0.07224639134713932
1177,8.085422145575814,-0.07259640235147453
1178,8.082784375239594,-0.0729469945034585
1179,8.08014224403849,-0.07329816346111068
1180,8.077495781387123,-0.07364990485493675
1181,8.07484501689287,-0.07400221428797697
1182,8.072189980355787,-0.07435508733585837
1183,8.069530701768585,-0.07470851954684597
1184,8.066867211316534,-0.0750625064418971
1185,8.064199539377457,-0.07541704351471379
1186,8.061527716521615,-0.07577212623179955
1187,8.058851773511652,-0.0761277500325159
1188,8.056171741302508,-0.07648391032913956
1189,8.053487651041351,-0.07684060250692157
1190,8.050799534067467,-0.0771978219241472
1191,8.048107421912164,-0.07755556391219756
1192,8.045411346298687,-0.0779138237756112
1193,8.042711339142093,-0.07827259679214803
1194,8.040007432549139,-0.07863187821285413
1195,8.037299658818169,-0.07899166326212681
1196,8.034588050438977,-0.07935194713778258
1197,8.031872640092686,-0.079712725011124
1198,8.029153460651607,-0.08007399202700995
1199,8.026430545179082,-0.08043574330392562
1200,8.023703926929345,-0.08079797393405437
1201,8.020973639347364,-0.08116067898334985
1202,8.018239716068686,-0.08152385349161008
1203,8.01550219091925,-0.08188749247255314
1204,8.012761097915224,-0.08225159091389207
1205,8.010016471262816,-0.08261614377741404
1206,8.007268345358098,-0.08298114599905679
1207,8.004516754786792,-0.08334659248899014
1208,8.00176173432409,-0.08371247813169587
1209,7.9990033189344425,-0.08407879778604911
1210,7.9962415437713235,-0.08444554628540353
1211,7.993476444177041,-0.0848127184376734
1212,7.990708055682497,-0.08518030902542024
1213,7.9879364140069535,-0.08554831280593922
1214,7.98516155505778,-0.08591672451134758
1215,7.982383514930237,-0.08628553884867234
1216,7.979602329907199,-0.08665475049994113
1217,7.976818036458908,-0.08702435412227358
1218,7.974030671242696,-0.08739434434797336
1219,7.971240271102727,-0.08776471578462185
1220,7.968446873069692,-0.08813546301517369
1221,7.965650514360547,-0.08850658059805142
1222,7.962851232378211,-0.08887806306724326
1223,7.960049064711267,-0.08924990493240088
1224,7.95724404913365,-0.08962210067893918
1225,7.954436223604335,-0.08999464476813682
1226,7.951625626267024,-0.0903675316372372
1227,7.948812295449795,-0.09074075569955262
1228,7.945996269664789,-0.09111431134456702
1229,7.943177587607861,-0.09148819293804153
1230,7.940356288158234,-0.09186239482212033
1231,7.937532410378136,-0.09223691131543862
1232,7.934705993512427,-0.09261173671323161
1233,7.931877076988254,-0.09298686528744277
1234,7.929045700414651,-0.0933622912868358
1235,7.92621190358216,-0.09373800893710632
1236,7.923375726462444,-0.09411401244099482
1237,7.9205372092078745,-0.09449029597840106
1238,7.917696392151137,-0.09486685370649954
1239,7.914853315804799,-0.09524367975985622
1240,7.912008020860914,-0.09562076825054502
1241,7.90916054819056,-0.09599811326826858
1242,7.9063109388434265,-0.09637570888047621
1243,7.90345923404736,-0.0967535491324863
1244,7.900605475207912,-0.09713162804760754
1245,7.897749703907872,-0.09750993962726336
1246,7.894891961906818,-0.09788847785111472
1247,7.892032291140616,-0.0982672366771875
1248,7.889170733720973,-0.09864621004199693
1249,7.886307331934907,-0.09902539186067738
1250,7.883442128244262,-0.09940477602711065
1251,7.880575165285217,-0.09978435641405509
1252,7.877706485867757,-0.10016412687327723
1253,7.874836132975145,-0.10054408123568473
1254,7.871964149763414,-0.10092421331145791
1255,7.869090579560802,-0.10130451689018623
1256,7.866215465867235,-0.10168498574100153
1257,7.863338852353753,-0.1020656136127161
1258,7.860460782861941,-0.10244639423396051
1259,7.857581301403401,-0.10282732131332055
1260,7.85470045215911,-0.10320838853947943
1261,7.851818279478887,-0.10358958958135726
1262,7.848934827880791,-0.10397091808825216
1263,7.846050142050492,-0.1043523676899854
1264,7.843164266840687,-0.10473393199704392
1265,7.840277247270463,-0.10511560460072665
1266,7.837389128524694,-0.10549737907328904
1267,7.834499955953386,-0.10587924896809194
1268,7.831609775071025,-0.10626120781975006
1269,7.828718631555958,-0.10664324914427957
1270,7.825826571249702,-0.10702536643925052
1271,7.8229336401562914,-0.10740755318393726
1272,7.820039884441606,-0.10778980283947058
1273,7.817145350432668,-0.10817210884899237
1274,7.814250084616961,-0.1085544646378097
1275,7.811354133641732,-0.1089368636135499
1276,7.808457544313264,-0.10931929916631827
1277,7.80556036359617,-0.10970176466885483
1278,7.802662638612658,-0.11008425347669376
1279,7.7997644166418105,-0.11046675892832193
1280,7.79686574511882,-0.11084927434534038
1281,7.793966671634246,-0.11123179303262641
1282,7.791067243933251,-0.11161430827849508
1283,7.7881675099148335,-0.11199681335486379
1284,7.785267517631033,-0.11237930151741693
1285,7.782367315286167,-0.11276176600577084
1286,7.779466951236005,-0.11314420004364129
1287,7.776566473986997,-0.11352659683900992
1288,7.773665932195433,-0.11390894958429394
1289,7.770765374666627,-0.11429125145651495
1290,7.7678648503540755,-0.11467349561747035
1291,7.76496440835865,-0.11505567521390274
1292,7.762064097927699,-0.11543778337767496
1293,7.759163968454234,-0.11581981322594101
1294,7.756264069476031,-0.11620175786132199
1295,7.753364450674761,-0.11658361037208065
1296,7.750465161875127,-0.11696536383229678
1297,7.747566253043933,-0.11734701130204575
1298,7.744667774289197,-0.11772854582757578
1299,7.741769775859271,-0.1181099604414851
1300,7.738872308141865,-0.1184912481629045
1301,7.735975421663137,-0.11887240199767699
1302,7.733079167086782,-0.11925341493853774
1303,7.730183595213036,-0.11963427996529903
1304,7.727288756977752,-0.12001499004503198
1305,7.7243947034514235,-0.12039553813225111
1306,7.721501485838211,-0.12077591716909893
1307,7.718609155474944,-0.12115612008553335
1308,7.715717763830155,-0.12153613979951197
1309,7.712827362503046,-0.12191596921718229
1310,7.709938003222496,-0.12229560123306837
1311,7.7070497378460505,-0.12267502873025991
1312,7.704162618358839,-0.12305424458060488
1313,7.701276696872589,-0.12343324164489791
1314,7.698392025624558,-0.12381201277307277
1315,7.695508656976481,-0.1241905508043949
1316,7.692626643413494,-0.12456884856765496
1317,7.689746037543046,-0.12494689888136379
1318,7.686866892093855,-0.1253246945539453
1319,7.6839892599147745,-0.1257022283839338
1320,7.681113193973696,-0.12607949316017059
1321,7.678238747356443,-0.1264564816620005
1322,7.675365973265657,-0.1268331866594698
1323,7.6724949250196435,-0.12720960091352576
1324,7.669625656051247,-0.1275857171762158
1325,7.66675821990669,-0.12796152819088796
1326,7.663892670244434,-0.12833702669239086
1327,7.661029060833974,-0.12871220540727732
1328,7.658167445554693,-0.12908705705400556
1329,7.655307878394657,-0.12946157434314245
1330,7.652450413449439,-0.12983574997756708
1331,7.64959510492088,-0.13020957665267638
1332,7.646742007115894,-0.13058304705658985
1333,7.643891174445246,-0.13095615387035503
1334,7.641042661422309,-0.13132888976815452
1335,7.638196522661834,-0.13170124741751293
1336,7.635352812878677,-0.1320732194795052
1337,7.632511586886554,-0.13244479860896527
1338,7.629672899596763,-0.1328159774546946
1339,7.6268368060169065,-0.13318674865967253
1340,7.624003361249596,-0.13355710486126707
1341,7.621172620491165,-0.13392703869144476
1342,7.6183446390303615,-0.13429654277698325
1343,7.615519472246996,-0.1346656097396845
1344,7.6126971756106805,-0.13503423219658506
1345,7.609877804679436,-0.13540240276017176
1346,7.607061415098364,-0.13577011403859543
1347,7.604248062598308,-0.13613735863588444
1348,7.60143780299448,-0.1365041291521606
1349,7.598630692185079,-0.1368704181838551
1350,7.595826786149925,-0.1372362183239242
1351,7.593026140949059,-0.13760152216206642
1352,7.59022881272135,-0.13796632228493946
1353,7.587434857683092,-0.13833061127637772
1354,7.584644332126565,-0.13869438171761184
1355,7.581857292418624,-0.13905762618748665
1356,7.579073794999284,-0.1394203372626794
1357,7.576293896380232,-0.13978250751792187
1358,7.573517653143398,-0.14014412952621902
1359,7.570745121939501,-0.14050519585906984
1360,7.567976359486552,-0.14086569908668914
1361,7.565211422568418,-0.14122563177822764
1362,7.562450368033268,-0.14158498650199658
1363,7.559693252792129,-0.14194375582568797
1364,7.556940133817374,-0.14230193231659746
1365,7.554191068141182,-0.1426595085418489
1366,7.551446112854026,-0.1430164770686174
1367,7.548705325103153,-0.14337283046435284
1368,7.545968762091021,-0.14372856129700518
1369,7.54323648107376,-0.14408366213524867
1370,7.540508539359613,-0.14443812554870736
1371,7.5377849943073745,-0.14479194410817992
1372,7.535065903324804,-0.14514511038586603
1373,7.53235132386705,-0.14549761695559238
1374,7.5296413134350475,-0.14584945639303934
1375,7.526935929573939,-0.14620062127596686
1376,7.5242352298714215,-0.1465511041844435
1377,7.521539271956177,-0.14690089770107165
1378,7.518848113496228,-0.14724999441121586
1379,7.516161812197294,-0.14759838690323104
1380,7.513480425801148,-0.14794606776869113
1381,7.510804012083989,-0.14829302960261606
1382,7.508132628854763,-0.14863926500370153
1383,7.505466333953489,-0.14898476657454798
1384,7.502805185249616,-0.1493295269218886
1385,7.500149240640312,-0.1496735386568194
1386,7.497498558048767,-0.15001679439502932
1387,7.494853195422527,-0.15035928675702875
1388,7.492213210731759,-0.15070100836837996
1389,7.489578661967556,-0.15104195185992664
1390,7.486949607140196,-0.15138210986802522
1391,7.484326104277427,-0.15172147503477385
1392,7.481708211422719,-0.15206004000824433
1393,7.479095986633523,-0.15239779744271137
1394,7.476489487979538,-0.15273473999888357
1395,7.473888773540917,-0.15307086034413478
1396,7.471293901406529,-0.15340615115273457
1397,7.468704929672166,-0.15374060510607962
1398,7.466121916438759,-0.1540742148929247
1399,7.463544919810616,-0.15440697320961316
1400,7.460973997893599,-0.15473887276030884
1401,7.458409208793342,-0.15506990625722653
1402,7.455850610613414,-0.15540006642086474
1403,7.453298261453532,-0.15572934598023494
1404,7.45075221940772,-0.15605773767309433
1405,7.448212542562486,-0.15638523424617648
1406,7.445679288994982,-0.1567118284554227
1407,7.443152516771157,-0.15703751306621355
1408,7.44063228394392,-0.1573622808535994
1409,7.43811864855127,-0.15768612460253217
1410,7.435611668614443,-0.1580090371080962
1411,7.433111402136029,-0.1583310111757396
1412,7.430617907098124,-0.15865203962150423
1413,7.428131241460417,-0.15897211527225805
1414,7.425651463158321,-0.15929123096592462
1415,7.423178630101092,-0.15960937955171375
1416,7.4207128001699,-0.15992655389035307
1417,7.418254031215927,-0.16024274685431839
1418,7.415802381058503,-0.16055795132806175
1419,7.41335790748313,-0.1608721602082444
1420,7.410920668239588,-0.1611853664039656
1421,7.408490721040018,-0.16149756283699124
1422,7.4060681235569765,-0.161808742441985
1423,7.403652933421489,-0.1621188981667373
1424,7.401245208221136,-0.16242802297239345
1425,7.398845005498076,-0.16273610983368422
1426,7.396452382747114,-0.163043151739153
1427,7.394067397413728,-0.1633491416913856
1428,7.391690106892119,-0.16365407270723717
1429,7.389320568523246,-0.1639579378180609
1430,7.386958839592849,-0.16426073006993527
1431,7.384604977329466,-0.16456244252389207
1432,7.382259038902461,-0.164863068256143
1433,7.379921081420067,-0.16516260035830527
1434,7.377591161927349,-0.16546103193763015
1435,7.3752693374042435,-0.16575835611722764
1436,7.372955664763556,-0.1660545660362925
1437,7.370650200848945,-0.16634965485033085
1438,7.368353002432957,-0.16664361573138248
1439,7.36606412621499,-0.16693644186824755
1440,7.363783628819277,-0.16722812646671115
1441,7.361511566792911,-0.16751866274976504
1442,7.359247996603787,-0.16780804395783322
1443,7.356992974638612,-0.16809626334899344
1444,7.35474655720086,-0.16838331419920083
1445,7.352508800508758,-0.16866918980250958
1446,7.350279760693272,-0.16895388347129392
1447,7.348059493796049,-0.1692373885364705
1448,7.345848055767408,-0.16951969834771807
1449,7.343645502464275,-0.16980080627369915
1450,7.341451889648171,-0.17008070570227837
1451,7.339267272983195,-0.17035939004074074
1452,7.337091708033922,-0.1706368527160132
1453,7.334925250263406,-0.17091308717488046
1454,7.3327679550311196,-0.17118808688420334
1455,7.330619877590918,-0.17146184533113557
1456,7.3284810730889625,-0.17173435602334114
1457,7.32635159656172,-0.17200561248920831
1458,7.324231502933869,-0.1722756082780668
1459,7.322120847016258,-0.17254433696040175
1460,7.320019683503883,-0.17281179212806705
1461,7.317928066973812,-0.17307796739449913
1462,7.3158460518831125,-0.17334285639493113
1463,7.313773692566831,-0.17360645278660328
1464,7.311711043235929,-0.17386875024897494
1465,7.309658157975229,-0.17412974248393565
1466,7.307615090741347,-0.17438942321601514
1467,7.3055818953606675,-0.17464778619259225
1468,7.303558625527272,-0.17490482518410427
1469,7.3015453348008705,-0.17516053398425524
1470,7.299542076604785,-0.1754149064102222
1471,7.297548904223871,-0.17566793630286262
1472,7.29556587080248,-0.1759196175269196
1473,7.293593029342405,-0.17616994397122718
1474,7.291630432700825,-0.176418909548915
1475,7.289678133588282,-0.17666650819761076
1476,7.287736184566596,-0.17691273387964435
1477,7.285804638046869,-0.17715758058224787
1478,7.283883546287398,-0.17740104231775877
1479,7.2819729613916655,-0.17764311312381842
1480,7.2800729353063,-0.17788378706357186
1481,7.278183519819011,-0.17812305822586771
1482,7.276304766556595,-0.17836092072545404
1483,7.27443672698288,-0.17859736870317602
1484,7.2725794523967044,-0.1788323963261722
1485,7.270732993929896,-0.17906599778806895
1486,7.268897402545241,-0.1792981673091752
1487,7.267072729034469,-0.17952889913667547
1488,7.265259024016258,-0.17975818754482142
1489,7.263456337934187,-0.17998602683512477
1490,7.261664721054752,-0.18021241133654683
1491,7.259884223465354,-0.1804373354056881
1492,7.258114895072315,-0.18066079342697658
1493,7.256356785598852,-0.1808827798128561
1494,7.254609944583116,-0.1811032890039723
1495,7.252874421376184,-0.1813223154693584
1496,7.251150265140107,-0.18153985370661907
1497,7.249437524845882,-0.18175589824211602
1498,7.247736249271529,-0.18197044363114837
1499,7.246046487000111,-0.1821834844581349
1500,7.244368286417766,-0.18239501533679484
1501,7.242701695711739,-0.18260503105730952
1502,7.241046762819554,-0.1828135265888467
1503,7.239403535378044,-0.1830204969369733
1504,7.237772060721339,-0.1832259371437743
1505,7.236152385878745,-0.18342984228797327
1506,7.23454455757275,-0.1836322074850494
1507,7.232948622216937,-0.18383302788735634
1508,7.231364625914031,-0.18403229868423515
1509,7.2297926144538,-0.1842300151021338
1510,7.228232633311095,-0.18442617240471879
1511,7.226684727643823,-0.18462076589299092
1512,7.2251489422909625,-0.18481379090539704
1513,7.223625321770613,-0.18500524281794087
1514,7.222113910277961,-0.1851951170442968
1515,7.220614751683376,-0.18538340903591735
1516,7.219127889530425,-0.18557011428214398
1517,7.217653367033938,-0.18575522831031505
1518,7.216191227078102,-0.18593874668587212
1519,7.214741512214499,-0.18612066501246838
1520,7.213304264660233,-0.18630097893207245
1521,7.211879526296031,-0.1864796841250732
1522,7.210467338664327,-0.18665677631038494
1523,7.209067742967416,-0.18683225124554861
1524,7.2076807800655835,-0.1870061047268342
1525,7.206306490475251,-0.18717833258934202
1526,7.204944914367133,-0.18734893070710237
1527,7.203596091564428,-0.1875178949931742
1528,7.202260061540986,-0.187685221399744
1529,7.200936863419514,-0.1878509059182226
1530,7.199626535969779,-0.18801494457934168
1531,7.198329117606842,-0.18817733345324883
1532,7.197044646389296,-0.1883380686496017
1533,7.1957731600175086,-0.1884971463176616
1534,7.194514695831882,-0.18865456264638655
1535,7.193269290811133,-0.18881031386452227
1536,7.192036981570585,-0.1889643962406927
1537,7.190817804360483,-0.1891168060834891
1538,7.1896117950642795,-0.18926753974156055
1539,7.188418989197011,-0.18941659360369908
1540,7.1872394219036115,-0.18956396409892823
1541,7.186073127957281,-0.1897096476965884
1542,7.1849201417578765,-0.1898536409064208
1543,7.1837804973302655,-0.1899959402786534
1544,7.182654228322785,-0.19013654240408084
1545,7.181541368005604,-0.1902754439141493
1546,7.1804419492692215,-0.19041264148103443
1547,7.179356004622866,-0.19054813181772373
1548,7.178283566192983,-0.19068191167809445
1549,7.177224665721731,-0.19081397785699108
1550,7.176179334565445,-0.1909443271903039
1551,7.175147603693196,-0.19107295655504303
1552,7.174129503685285,-0.19119986286941493
1553,7.173125064731799,-0.1913250430928962
1554,7.172134316631192,-0.19144849422630578
1555,7.171157288788854,-0.19157021331187749
1556,7.1701940102157025,-0.19169019743333138
1557,7.1692445095268065,-0.1918084437159435
1558,7.168308814940007,-0.19192494932661494
1559,7.167386954274585,-0.1920397114739396
1560,7.166478954949899,-0.1921527274082723
1561,7.165584843984095,-0.19226399442179354
1562,7.164704647992793,-0.19237350984857526
1563,7.163838393187816,-0.19248127106464452
1564,7.162986105375907,-0.1925872754880472
1565,7.162147809957495,-0.19269152057890998
1566,7.161323531925485,-0.19279400383949988
1567,7.160513295864033,-0.19289472281428574
1568,7.159717125947351,-0.19299367508999687
1569,7.15893504593853,-0.19309085829568157
1570,7.158167079188403,-0.19318627010276332
1571,7.15741324863441,-0.19327990822509655
1572,7.156673576799481,-0.1933717704190219
1573,7.155948085790924,-0.19346185448342057
1574,7.155236797299351,-0.19355015825976732
1575,7.1545397325976525,-0.19363667963218073
1576,7.153856912539912,-0.19372141652747604
1577,7.153188357560421,-0.19380436691521374
1578,7.152534087672654,-0.1938855288077491
1579,7.151894122468309,-0.19396490026027918
1580,7.151268481116337,-0.19404247937089011
1581,7.150657182362001,-0.1941182642806028
1582,7.150060244525951,-0.1941922531734177
1583,7.149477685503352,-0.19426444427635733
1584,7.148909522762951,-0.19433483585951103
1585,7.148355773346279,-0.1944034262360739
1586,7.147816453866749,-0.19447021376239032
1587,7.147291580508889,-0.1945351968379908
1588,7.146781169027516,-0.19459837390563198
1589,7.146285234746959,-0.1946597434513337
1590,7.145803792560322,-0.19471930400441473
1591,7.145336856928709,-0.1947770541375298
1592,7.144884441880546,-0.19483299246670213
1593,7.144446561010876,-0.19488711765135738
1594,7.144023227480671,-0.1949394283943564
1595,7.143614454016203,-0.19498992344202537
1596,7.143220252908383,-0.19503860158418718
1597,7.142840636012177,-0.19508546165418958
1598,7.142475614746002,-0.1951305025289337
1599,7.142125200091171,-0.19517372312890088
1600,7.141789402591333,-0.19521512241817876
1601,7.141468232351965,-0.19525469940448578
1602,7.141161699039841,-0.19529245313919624
1603,7.1408698118825935,-0.19532838271736122
1604,7.140592579668214,-0.19536248727773217
1605,7.140330010744634,-0.19539476600278066
1606,7.140082113019297,-0.19542521811871888
1607,7.139848893958798,-0.1954538428955162
1608,7.139630360588457,-0.19548063964691986
1609,7.1394265194920115,-0.19550560773046904
1610,7.139237376811273,-0.19552874654751118
1611,7.139062938245807,-0.1955500555432171
1612,7.1389032090526845,-0.1955695342065925
1613,7.138758194046178,-0.19558718207049236
1614,7.1386278975975435,-0.19560299871163112
1615,7.138512323634795,-0.19561698375059305
1616,7.138411475642524,-0.19562913685184086
1617,7.138325356661694,-0.19563945772372537
1618,7.1382539692895115,-0.19564794611849107
1619,7.138197315679306,-0.195654601832282
1620,7.138155397540385,-0.19565942470514827
1621,7.138128216137983,-0.1956624146210484
1622,7.138115772293169,-0.19566357150785357
1623,7.138118066382839,-0.19566289533734765
1624,7.138135098339676,-0.195660386125229
1625,7.138166867652151,-0.19565604393111036
1626,7.13821337336456,-0.19564986885851668
1627,7.138274614077052,-0.19564186105488374
1628,7.138350587945727,-0.1956320207115535
1629,7.1384412926827085,-0.1956203480637701
1630,7.13854672555626,-0.19560684339067444
1631,7.138666883390932,-0.19559150701529712
1632,7.138801762567699,-0.19557433930455123
1633,7.138951359024169,-0.1955553406692228
1634,7.139115668254759,-0.19553451156396215
1635,7.139294685310931,-0.19551185248727215
1636,7.139488404801446,-0.1954873639814964
1637,7.139696820892627,-0.19546104663280622
1638,7.139919927308654,-0.1954329010711867
1639,7.140157717331867,-0.19540292797042194
1640,7.140410183803114,-0.19537112804807844
1641,7.1406773191220845,-0.19533750206548875
1642,7.140959115247719,-0.1953020508277321
1643,7.1412555636985955,-0.19526477518361576
1644,7.1415666555533415,-0.19522567602565477
1645,7.141892381451116,-0.1951847542900494
1646,7.142232731592017,-0.195142010956665
1647,7.142587695737608,-0.1950974470490071
1648,7.142957263211426,-0.19505106363419641
1649,7.143341422899503,-0.19500286182294416
1650,7.143740163250922,-0.19495284276952504
1651,7.144153472278391,-0.1949010076717496
1652,7.144581337558832,-0.1948473577709356
1653,7.145023746234008,-0.1947918943518782
1654,7.145480685011144,-0.19473461874281958
1655,7.145952140163596,-0.19467553231541665
1656,7.1464380975315445,-0.19461463648470748
1657,7.1469385425226655,-0.19455193270907908
1658,7.147453460112879,-0.19448742249023077
1659,7.147982834847073,-0.194421107373139
1660,7.148526650839877,-0.19435298894602043
1661,7.149084891776434,-0.19428306884029367
1662,7.149657540913233,-0.19421134873053933
1663,7.150244581078893,-0.1941378303344614
1664,7.150845994675047,-0.1940625154128448
1665,7.151461763677186,-0.1939854057695135
1666,7.152091869635547,-0.19390650325128772
1667,7.15273629367603,-0.1938258097479388
1668,7.153395016501107,-0.19374332719214485
1669,7.154068018390783,-0.19365905755944357
1670,7.154755279203561,-0.193573002868185
1671,7.155456778377421,-0.1934851651794836
1672,7.156172494930838,-0.19339554659716765
1673,7.156902407463783,-0.1933041492677307
1674,7.157646494158786,-0.19321097538027857
1675,7.158404732782004,-0.19311602716647686
1676,7.159177100684287,-0.1930193069004983
1677,7.1599635748022985,-0.1929208168989672
1678,7.160764131659628,-0.19282055952090432
1679,7.161578747367917,-0.19271853716767096
1680,7.162407397628043,-0.19261475228291006
1681,7.1632500577312825,-0.19250920735248842
1682,7.1641067025605105,-0.1924019049044367
1683,7.164977306591407,-0.19229284750888914
1684,7.16586184389371,-0.19218203777802118
1685,7.166760288132432,-0.19206947836598798
1686,7.167672612569161,-0.19195517196885947
1687,7.168598790063337,-0.19183912132455633
1688,7.169538793073545,-0.19172132921278415
1689,7.170492593658844,-0.19160179845496708
1690,7.171460163480129,-0.1914805319141788
1691,7.172441473801437,-0.19135753249507603
1692,7.173436495491363,-0.191232803143827
1693,7.17444519902444,-0.1911063468480414
1694,7.175467554482532,-0.19097816663669906
1695,7.176503531556286,-0.19084826558007623
1696,7.1775530995465395,-0.19071664678967326
1697,7.178616227365814,-0.1905833134181385
1698,7.179692883539747,-0.19044826865919431
1699,7.180783036208622,-0.19031151574755886
1700,7.181886653128861,-0.19017305795886877
1701,7.183003701674524,-0.19003289860960182
1702,7.1841341488388775,-0.18989104105699586
1703,7.185277961235932,-0.18974748869896899
1704,7.186435105102013,-0.1896022449740378
1705,7.187605546297335,-0.18945531336123522
1706,7.188789250307637,-0.1893066973800257
1707,7.189986182245732,-0.18915640059022348
1708,7.191196306853194,-0.18900442659190425
1709,7.192419588501983,-0.1888507790253201
1710,7.193655991196095,-0.188695461570812
1711,7.194905478573229,-0.18853847794872194
1712,7.196168013906499,-0.18837983191930266
1713,7.197443560106098,-0.18821952728262864
1714,7.198732079721048,-0.18805756787850347
1715,7.200033534940897,-0.18789395758636923
1716,7.201347887597464,-0.18772870032521277
1717,7.202675099166633,-0.1875618000534705
1718,7.204015130770052,-0.18739326076893575
1719,7.2053679431769755,-0.1872230865086607
1720,7.20673349680603,-0.18705128134886023
1721,7.208111751727007,-0.18687784940481492
1722,7.209502667662713,-0.18670279483077099
1723,7.210906203990768,-0.18652612181984154
1724,7.212322319745469,-0.18634783460390572
1725,7.213750973619643,-0.18616793745350654
1726,7.2151921239665056,-0.18598643467774925
1727,7.2166457288015495,-0.18580333062419704
1728,7.218111745804405,-0.18561862967876838
1729,7.219590132320786,-0.1854323362656297
1730,7.221080845364361,-0.18524445484709046
1731,7.222583841618707,-0.1850549899234956
1732,7.224099077439221,-0.18486394603311784
1733,7.225626508855069,-0.18467132775204878
1734,7.227166091571149,-0.1844771396940887
1735,7.228717780970038,-0.18428138651063658
1736,7.23028153211399,-0.1840840728905774
1737,7.231857299746909,-0.18388520356017043
1738,7.233445038296326,-0.18368478328293608
1739,7.235044701875436,-0.18348281685954054
1740,7.236656244285082,-0.18327930912768173
1741,7.238279619015809,-0.1830742649619716
1742,7.23991477924985,-0.18286768927382147
1743,7.24156167786321,-0.18265958701132207
1744,7.243220267427697,-0.18244996315912562
1745,7.244890500212966,-0.18223882273832684
1746,7.246572328188606,-0.18202617080634126
1747,7.248265703026195,-0.18181201245678502
1748,7.249970576101406,-0.18159635281935152
1749,7.251686898496063,-0.18137919705968952
1750,7.253414621000272,-0.1811605503792779
1751,7.255153694114503,-0.1809404180153018
1752,7.256904068051707,-0.18071880524052653
1753,7.258665692739443,-0.18049571736317116
1754,7.2604385178219655,-0.18027115972678218
1755,7.262222492662425,-0.1800451377101028
1756,7.264017566344956,-0.17981765672694563
1757,7.265823687676827,-0.1795887222260631
1758,7.267640805190592,-0.17935833969101636
1759,7.269468867146285,-0.17912651464004192
1760,7.2713078215335205,-0.17889325262592262
1761,7.27315761607372,-0.17865855923585114
1762,7.275018198222242,-0.17842244009129835
1763,7.276889515170602,-0.1781849008478763
1764,7.278771513848615,-0.17794594719520496
1765,7.280664140926626,-0.1777055848567733
1766,7.282567342817673,-0.1774638195898036
1767,7.284481065679703,-0.1772206571851126
1768,7.286405255417774,-0.17697610346697265
1769,7.288339857686261,-0.1767301642929722
1770,7.290284817891063,-0.1764828455538751
1771,7.292240081191833,-0.17623415317347896
1772,7.2942055925041895,-0.17598409310847332
1773,7.2961812965019375,-0.17573267134829698
1774,7.298167137619286,-0.17547989391499472
1775,7.300163060053125,-0.17522576686307031
1776,7.302169007765198,-0.17497029627934463
1777,7.304184924484389,-0.17471348828280708
1778,7.3062107537089185,-0.17445534902447069
1779,7.308246438708629,-0.1741958846872228
1780,7.310291922527194,-0.17393510148567817
1781,7.312347147984396,-0.17367300566602858
1782,7.31441205767834,-0.17340960350589465
1783,7.316486593987749,-0.1731449013141731
1784,7.318570699074186,-0.17287890543088696
1785,7.320664314884309,-0.17261162222703347
1786,7.32276738315215,-0.1723430581044303
1787,7.32487984540136,-0.17207321949556223
1788,7.327001642947461,-0.17180211286342773
1789,7.329132716900119,-0.17152974470138285
1790,7.331273008165409,-0.1712561215329857
1791,7.333422457448068,-0.1709812499118402
1792,7.3355810052537525,-0.17070513642143897
1793,7.337748591891333,-0.1704277876750044
1794,7.3399251574751005,-0.17014921031533226
1795,7.342110641927097,-0.16986941101462966
1796,7.3443049849793445,-0.16958839647435647
1797,7.346508126176127,-0.16930617342506357
1798,7.3487200048762125,-0.1690227486262338
1799,7.350940560255175,-0.1687381288661168
1800,7.35316973130762,-0.16845232096156806
1801,7.3554074568494725,-0.16816533175788423
1802,7.357653675520218,-0.16787716812863998
1803,7.3599083257851765,-0.16758783697552243
1804,7.362171345937758,-0.16729734522816603
1805,7.364442674101718,-0.1670056998439861
1806,7.366722248233427,-0.1667129078080123
1807,7.369010006124131,-0.16641897613271966
1808,7.371305885402184,-0.16612391185786257
1809,7.373609823535325,-0.1658277220503042
1810,7.375921757832915,-0.16553041380384803
1811,7.378241625448197,-0.16523199423906684
1812,7.380569363380534,-0.16493247050313298
1813,7.38290490847767,-0.16463184976964557
1814,7.385248197437954,-0.1643301392384598
1815,7.387599166812588,-0.16402734613551367
1816,7.38995775300788,-0.16372347771265455
1817,7.392323892287473,-0.16341854124746447
1818,7.394697520774555,-0.16311254404308803
1819,7.397078574454121,-0.16280549342805456
1820,7.399466989175192,-0.16249739675610364
1821,7.401862700653027,-0.16218826140600867
1822,7.404265644471352,-0.16187809478139994
1823,7.406675756084577,-0.16156690431058693
1824,7.4090929708200175,-0.16125469744637969
1825,7.4115172238800975,-0.160941481665911
1826,7.413948450344548,-0.16062726447045655
1827,7.416386585172635,-0.1603120533852548
1828,7.418831563205328,-0.15999585595932747
1829,7.421283319167523,-0.1596786797652972
1830,7.423741787670221,-0.1593605323992069
1831,7.426206903212706,-0.1590414214803374
1832,7.428678600184754,-0.1587213546510242
1833,7.431156812868779,-0.15840033957647537
1834,7.433641475442039,-0.1580783839445861
1835,7.436132521978785,-0.15775549546575562
1836,7.438629886452425,-0.15743168187270234
1837,7.441133502737693,-0.15710695092027746
1838,7.443643304612801,-0.15678131038528006
1839,7.446159225761591,-0.1564547680662696
1840,7.448681199775674,-0.15612733178337998
1841,7.451209160156586,-0.15579900937813077
1842,7.45374304031789,-0.15546980871324095
1843,7.45628277358735,-0.15513973767243816
1844,7.458828293209008,-0.15480880416027218
1845,7.461379532345343,-0.154477016101923
1846,7.46393642407936,-0.15414438144301243
1847,7.466498901416704,-0.15381090814941298
1848,7.469066897287772,-0.15347660420705642
1849,7.4716403445497805,-0.1531414776217437
1850,7.474219175988903,-0.1528055364189508
1851,7.476803324322289,-0.15246878864363936
1852,7.479392722200207,-0.15213124236006073
1853,7.481987302208066,-0.1517929056515648
1854,7.48458699686852,-0.1514537866204048
1855,7.487191738643511,-0.1511138933875436
1856,7.489801459936304,-0.15077323409245963
1857,7.49241609309356,-0.1504318168929511
1858,7.495035570407377,-0.15008964996493987
1859,7.497659824117311,-0.1497467415022762
1860,7.5002887864123995,-0.1494030997165428
1861,7.502922389433193,-0.14905873283685697
1862,7.505560565273773,-0.1487136491096735
1863,7.508203245983738,-0.14836785679858785
1864,7.510850363570238,-0.1480213641841365
1865,7.513501849999919,-0.14767417956360065
1866,7.516157637200964,-0.14732631125080506
1867,7.518817657065039,-0.14697776757591977
1868,7.521481841449275,-0.14662855688526052
1869,7.524150122178225,-0.14627868754108905
1870,7.526822431045833,-0.14592816792141194
1871,7.529498699817373,-0.14557700641978
1872,7.532178860231423,-0.1452252114450866
1873,7.534862844001754,-0.14487279142136752
1874,7.537550582819308,-0.14451975478759727
1875,7.540242008354078,-0.14416610999748827
1876,7.5429370522570425,-0.14381186551928785
1877,7.545635646162079,-0.14345702983557448
1878,7.548337721687851,-0.14310161144305542
1879,7.551043210439696,-0.14274561885236275
1880,7.553752044011526,-0.14238906058784934
1881,7.556464153987691,-0.14203194518738452
1882,7.55917947194485,-0.14167428120214975
1883,7.56189792945383,-0.14131607719643338
1884,7.564619458081487,-0.14095734174742555
1885,7.56734398939255,-0.1405980834450123
1886,7.570071454951451,-0.14023831089157007
1887,7.572801786324149,-0.1398780327017601
1888,7.575534915079975,-0.13951725750232077
1889,7.578270772793431,-0.13915599393186134
1890,7.581009291045983,-0.13879425064065576
1891,7.583750401427899,-0.13843203629043346
1892,7.586494035539993,-0.13806935955417401
1893,7.589240124995422,-0.13770622911589858
1894,7.591988601421474,-0.13734265367046083
1895,7.594739396461325,-0.13697864192333936
1896,7.597492441775787,-0.13661420259042947
1897,7.600247669045077,-0.13624934439783332
1898,7.603005009970527,-0.1358840760816522
1899,7.605764396276351,-0.13551840638777593
1900,7.60852575971135,-0.13515234407167395
1901,7.611289032050631,-0.13478589789818546
1902,7.614054145097334,-0.13441907664130853
1903,7.61682103068428,-0.13405188908399246
1904,7.6195896206757325,-0.13368434401792392
1905,7.622359846969033,-0.13331645024331865
1906,7.625131641496271,-0.1329482165687107
1907,7.627904936225999,-0.13257965181073925
1908,7.630679663164841,-0.13221076479393984
1909,7.633455754359162,-0.13184156435053182
1910,7.636233141896723,-0.1314720593202061
1911,7.639011757908283,-0.13110225854991503
1912,7.641791534569247,-0.13073217089365932
1913,7.644572404101287,-0.13036180521227575
1914,7.647354298773913,-0.1299911703732263
1915,7.650137150906122,-0.1296202752503841
1916,7.652920892867965,-0.12924912872382116
1917,7.655705457082118,-0.12887773967959684
1918,7.6584907760254834,-0.12850611700954342
1919,7.661276782230723,-0.12813426961105473
1920,7.664063408287853,-0.12776220638687127
1921,7.666850586845748,-0.127389936244869
1922,7.669638250613738,-0.12701746809784348
1923,7.672426332363087,-0.12664481086329848
1924,7.675214764928543,-0.12627197346323182
1925,7.678003481209851,-0.12589896482392116
1926,7.6807924141732595,-0.12552579387571064
1927,7.68358149685302,-0.12515246955279644
1928,7.68637066235286,-0.12477900079301431
1929,7.689159843847483,-0.12440539653762385
1930,7.6919489745840455,-0.1240316657310947
1931,7.6947379878836,-0.12365781732089326
1932,7.69752681714258,-0.12328386025726684
1933,7.700315395834212,-0.12290980349303113
1934,7.703103657509988,-0.12253565598335424
1935,7.705891535801066,-0.12216142668554371
1936,7.708678964419735,-0.12178712455882992
1937,7.711465877160778,-0.12141275856415373
1938,7.7142522079029145,-0.12103833766395074
1939,7.717037890610176,-0.12066387082193716
1940,7.719822859333315,-0.12028936700289455
1941,7.7226070482111755,-0.11991483517245528
1942,7.725390391472056,-0.11954028429688851
1943,7.728172823435088,-0.11916572334288508
1944,7.73095427851159,-0.11879116127734231
1945,7.7337346912064024,-0.11841660706715015
1946,7.736513996119238,-0.11804206967897624
1947,7.739292127946014,-0.11766755807905058
1948,7.742069021480169,-0.11729308123295146
1949,7.744844611613973,-0.11691864810539096
1950,7.7476188333398595,-0.11654426765999915
1951,7.75039162175167,-0.11616994885911187
1952,7.753162912046015,-0.1157957006635527
1953,7.755932639523482,-0.11542153203242231
1954,7.758700739589969,-0.11504745192288064
1955,7.761467147757921,-0.11467346928993413
1956,7.764231799647576,-0.11429959308622174
1957,7.766994630988258,-0.11392583226179859
1958,7.7697555776195495,-0.11355219576392489
1959,7.772514575492607,-0.1131786925368479
1960,7.775271560671318,-0.11280533152159089
1961,7.778026469333542,-0.11243212165573832
1962,7.7807792377723315,-0.11205907187322083
1963,7.7835298023971236,-0.11168619110410202
1964,7.786278099734914,-0.11131348827436587
1965,7.789024066431473,-0.1109409723057011
1966,7.791767639252505,-0.11056865211528896
1967,7.794508755084812,-0.11019653661558959
1968,7.7972473509374804,-0.1098246347141278
1969,7.799983363943015,-0.10945295531328066
1970,7.802716731358477,-0.10908150731006487
1971,7.805447390566649,-0.10871029959592222
1972,7.808175279077147,-0.10833934105650829
1973,7.810900334527523,-0.10796864057148
1974,7.813622494684423,-0.10759820701428151
1975,7.816341697444665,-0.10722804925193302
1976,7.81905788083634,-0.10685817614481861
1977,7.821770983019928,-0.10648859654647272
1978,7.82448094228935,-0.10611931930337032
1979,7.827187697073062,-0.10575035325471381
1980,7.8298911859351135,-0.10538170723222233
1981,7.832591347576233,-0.10501339005991929
1982,7.835288120834843,-0.10464541055392292
1983,7.837981444688142,-0.10427777752223337
1984,7.840671258253121,-0.10391049976452364
1985,7.843357500787605,-0.10354358607192785
1986,7.846040111691294,-0.10317704522683066
1987,7.848719030506736,-0.10281088600265875
1988,7.851394196920378,-0.10244511716366922
1989,7.854065550763538,-0.10207974746474113
1990,7.856733032013434,-0.10171478565116451
1991,7.859396580794143,-0.10135024045843231
1992,7.86205613737759,-0.10098612061203134
1993,7.864711642184519,-0.10062243482723326
1994,7.867363035785465,-0.10025919180888586
1995,7.8700102589017185,-0.09989640025120465
1996,7.872653252406258,-0.09953406883756567
1997,7.875291957324712,-0.09917220624029699
1998,7.8779263148362935,-0.09881082112047125
1999,7.88055626627472,-0.09844992212769924
2000,7.883181753129162,-0.09808951789992153
2001,7.8858027170451255,-0.09772961706320359
2002,7.888419099825391,-0.09737022823152809
2003,7.8910308434309036,-0.0970113600065894
2004,7.8936378899816795,-0.09665302097758725
2005,7.896240181757679,-0.09629521972102226
2006,7.898837661199709,-0.09593796480048955
2007,7.90143027091027,-0.09558126476647569
2008,7.904017953654463,-0.09522512815615199
2009,7.906600652360836,-0.09486956349317108
2010,7.909178310122217,-0.0945145792874645
2011,7.911750870196602,-0.09416018403503688
2012,7.914318276007985,-0.09380638621776366
2013,7.9168804711471665,-0.09345319430318909
2014,7.919437399372629,-0.09310061674432216
2015,7.921989004611323,-0.09274866197943568
2016,7.924535230959499,-0.09239733843186382
2017,7.927076022683537,-0.0920466545098001
2018,7.929611324220697,-0.09169661860609846
2019,7.932141080179981,-0.0913472390980693
2020,7.934665235342877,-0.09099852434728217
2021,7.937183734664173,-0.09065048269936335
2022,7.93969652327271,-0.09030312248379863
2023,7.9422035464721805,-0.08995645201373184
2024,7.94470474974188,-0.08961047958576752
2025,7.947200078737472,-0.08926521347977182
2026,7.9496894792917345,-0.0889206619586751
2027,7.952172897415325,-0.08857683326827341
2028,7.954650279297504,-0.08823373563703231
2029,7.957121571306886,-0.08789137727588932
2030,7.959586719992147,-0.08754976637805861
2031,7.962045672082787,-0.08720891111883325
2032,7.964498374489809,-0.08686881965539167
2033,7.966944774306451,-0.0865295001266018
2034,7.969384818808893,-0.08619096065282589
2035,7.971818455456947,-0.08585320933572775
2036,7.97424563189477,-0.08551625425807717
2037,7.976666295951534,-0.0851801034835584
2038,7.979080395642114,-0.0848447650565766
2039,7.98148787916779,-0.08451024700206455
2040,7.983888694916861,-0.08417655732529365
2041,7.986282791465385,-0.0838437040116788
2042,7.988670117577778,-0.08351169502659059
2043,7.9910506222075135,-0.08318053831516252
2044,7.993424254497734,-0.08285024180210349
2045,7.995790963781922,-0.08252081339150606
2046,7.998150699584541,-0.08219226096665846
2047,8.000503411621652,-0.08186459238985624
2048,8.002849049801549,-0.08153781550221392
2049,8.005187564225382,-0.08121193812347821
2050,8.007518905187764,-0.08088696805184074
2051,8.009843023177414,-0.08056291306375082
2052,8.012159868877722,-0.08023978091373103
2053,8.014469393167387,-0.07991757933419044
2054,8.016771547120975,-0.07959631603524167
2055,8.01906628200956,-0.07927599870451385
2056,8.021353549301269,-0.07895663500697099
2057,8.023633300661867,-0.07863823258472881
2058,8.025905487955356,-0.07832079905687078
2059,8.028170063244538,-0.07800434201926627
2060,8.030426978791558,-0.07768886904439005
2061,8.032676187058488,-0.07737438768114076
2062,8.034917640707873,-0.07706090545466009
2063,8.037151292603303,-0.07674842986615245
2064,8.039377095809927,-0.07643696839270761
2065,8.041595003595011,-0.07612652848712001
2066,8.043804969428471,-0.07581711757771212
2067,8.04600694698341,-0.07550874306815586
2068,8.048200890136632,-0.07520141233729628
2069,8.050386752969194,-0.07489513273897438
2070,8.052564489766883,-0.07458991160185274
2071,8.054734055020763,-0.07428575622923896
2072,8.056895403427657,-0.07398267389891221
2073,8.059048489890671,-0.07368067186294867
2074,8.061193269519686,-0.07337975734754837
2075,8.063329697631834,-0.07307993755286339
2076,8.065457729752024,-0.07278121965282422
2077,8.067577321613397,-0.07248361079496941
2078,8.069688429157837,-0.07218711810027381
2079,8.071791008536412,-0.07189174866298
2080,8.073885016109864,-0.07159750955042753
2081,8.075970408449091,-0.07130440780288418
2082,8.078047142335576,-0.07101245043337873
2083,8.080115174761875,-0.07072164442753191
2084,8.082174462932068,-0.07043199674339044
2085,8.084224964262205,-0.0701435143112604
2086,8.08626663638075,-0.06985620403354183
2087,8.088299437129018,-0.06957007278456417
2088,8.090323324561645,-0.06928512741042075
2089,8.092338256946965,-0.06900137472880742
2090,8.094344192767498,-0.06871882152885742
2091,8.096341090720344,-0.06843747457098018
2092,8.098328909717607,-0.06815734058670025
2093,8.10030760888683,-0.0678784262784953
2094,8.10227714757138,-0.06760073831963767
2095,8.10423748533088,-0.06732428335403351
2096,8.106188581941623,-0.06704906799606383
2097,8.108130397396936,-0.06677509883042873
2098,8.110062891907628,-0.06650238241198687
2099,8.111986025902343,-0.06623092526560165
2100,8.113899760027966,-0.0659607338859843
2101,8.115804055150013,-0.06569181473753842
2102,8.117698872353019,-0.06542417425420577
2103,8.119584172940893,-0.06515781883931313
2104,8.121459918437324,-0.06489275486541847
2105,8.123326070586126,-0.06462898867415943
2106,8.125182591351628,-0.06436652657610151
2107,8.127029442919026,-0.0641053748505873
2108,8.128866587694734,-0.06384553974558738
2109,8.130693988306776,-0.06358702747754907
2110,8.132511607605098,-0.0633298442312503
2111,8.134319408661941,-0.06307399615965065
2112,8.136117354772187,-0.06281948938374438
2113,8.137905409453706,-0.06256632999241392
2114,8.13968353644767,-0.062314524042286164
2115,8.141451699718926,-0.06206407755758539
2116,8.143209863456303,-0.061814996529991506
2117,8.144957992072941,-0.06156728691849563
2118,8.14669605020664,-0.06132095464925834
2119,8.148424002720155,-0.061076005615467964
2120,8.15014181470153,-0.06083244567720043
2121,8.151849451464418,-0.06059028066127787
2122,8.153546878548388,-0.060349516361130874
2123,8.15523406171921,-0.06011015853666079
2124,8.15691096696922,-0.05987221291409911
2125,8.158577560517562,-0.0596356851858741
2126,8.160233808810531,-0.059400581010473026
2127,8.161879678521846,-0.05916690601230725
2128,8.163515136552938,-0.05893466578157904
2129,8.165140150033277,-0.05870386587414626
2130,8.166754686320616,-0.05847451181139122
2131,8.168358713001307,-0.058246609080087934
2132,8.16995219789055,-0.0580201631322723
2133,8.17153510903272,-0.05779517938510985
2134,8.173107414701576,-0.05757166322076916
2135,8.17466908340061,-0.057349619986290304
2136,8.17622008386326,-0.057129054993459306
2137,8.177760385053174,-0.056909973518681545
2138,8.179289956164519,-0.056692380802854006
2139,8.180808766622189,-0.056476282051242194
2140,8.182316786082113,-0.05626168243335356
2141,8.18381398443148,-0.056048587082815786
2142,8.185300331788978,-0.05583700109725428
2143,8.186775798505082,-0.05562692953816934
2144,8.188240355162254,-0.05541837743081696
2145,8.189693972575244,-0.05521134976408631
2146,8.191136621791264,-0.055005851490383756
2147,8.192568274090288,-0.054801887525511996
2148,8.193988900985255,-0.05459946274855389
2149,8.195398474222284,-0.05439858200175681
2150,8.19679696578094,-0.054199250090415534
2151,8.198184347874458,-0.05400147178275785
2152,8.199560592949931,-0.053805251809831804
2153,8.200925673688584,-0.05361059486539107
2154,8.202279563005952,-0.053417505605784364
2155,8.203622234052105,-0.05322598864984427
2156,8.204953660211872,-0.05303604857877604
2157,8.206273815105066,-0.052847689936048256
2158,8.207582672586646,-0.05266091722728581
2159,8.208880206746974,-0.0524757349201609
2160,8.210166391911997,-0.052292147444286445
2161,8.211441202643439,-0.05211015919111171
2162,8.212704613739028,-0.05192977451381562
2163,8.21395660023264,-0.051750997727205615
2164,8.21519713739457,-0.05157383310761069
2165,8.216426200731647,-0.05139828489278342
2166,8.217643765987484,-0.05122435728179569
2167,8.218849809142624,-0.051052054434940146
2168,8.220044306414735,-0.05088138047363123
2169,8.221227234258807,-0.05071233948030526
2170,8.22239856936732,-0.05054493549832394
2171,8.223558288670418,-0.050379172531878035
2172,8.22470636933608,-0.050215054545891896
2173,8.225842788770315,-0.050052585465928126
2174,8.226967524617304,-0.049891769178094486
2175,8.228080554759618,-0.04973260952895006
2176,8.2291818573183,-0.04957511032541582
2177,8.230271410653105,-0.04941927533468187
2178,8.231349193362616,-0.049265108284118196
2179,8.232415184284449,-0.0491126128611848
2180,8.233469362495358,-0.04896179271334541
2181,8.234511707311412,-0.04881265144797953
2182,8.23554219828818,-0.04866519263229514
2183,8.236560815220816,-0.04851941979324618
2184,8.237567538144257,-0.04837533641744669
2185,8.238562347333355,-0.04823294595108781
2186,8.239545223303017,-0.0480922517998559
2187,8.240516146808362,-0.047953257328850314
2188,8.241475098844843,-0.04781596586250492
2189,8.242422060648375,-0.04768038068450786
2190,8.243357013695503,-0.047546505037722696
2191,8.244279939703514,-0.04741434212411169
2192,8.245190820630588,-0.04728389510465874
2193,8.2460896386759,-0.047155167099294716
2194,8.246976376279752,-0.04702816118682357
2195,8.247851016123729,-0.04690288040484699
2196,8.248713541130797,-0.04677932774969314
2197,8.24956393446542,-0.046657506176345676
2198,8.250402179533694,-0.046537418598372134
2199,8.251228259983446,-0.04641906788785598
2200,8.252042159704388,-0.046302456875325554
2201,8.252843862828183,-0.046187588349689224
2202,8.25363335372859,-0.046074465058167105
2203,8.254410617021545,-0.04596308970622739
2204,8.255175637565321,-0.045853464957518464
2205,8.25592840046056,-0.0457455934338096
2206,8.256668891050445,-0.04563947771492501
2207,8.257397094920758,-0.04553512033868429
2208,8.2581129979,-0.04543252380084118
2209,8.258816586059478,-0.04533169055502423
2210,8.25950784571344,-0.04523262301267674
2211,8.260186763419084,-0.045135323543003474
2212,8.260853325976756,-0.045039794472908554
2213,8.261507520429955,-0.04494603808694486
2214,8.262149334065468,-0.0448540566272567
2215,8.262778754413464,-0.04476385229352629
2216,8.263395769247522,-0.04467542724292408
2217,8.264000366584792,-0.04458878359005374
2218,8.264592534686022,-0.044503923406903866
2219,8.265172262055648,-0.04442084872279871
2220,8.265739537441894,-0.04433956152434864
2221,8.266294349836832,-0.04426006375540278
2222,8.266836688476449,-0.04418235731700427
2223,8.267366542840737,-0.04410644406734339
2224,8.267883902653757,-0.04403232582171349
2225,8.268388757883704,-0.04396000435246859
2226,8.26888109874298,-0.0438894813889802
2227,8.269360915688255,-0.04382075861759666
2228,8.26982819942055,-0.0437538376816021
2229,8.270282940885265,-0.043688720181178496
2230,8.270725131272265,-0.04362540767336717
2231,8.271154762015934,-0.043563901672030815
2232,8.271571824795243,-0.04350420364781813
2233,8.271976311533777,-0.04344631502812895
2234,8.272368214399812,-0.04339023719707994
2235,8.272747525806356,-0.04333597149547181
2236,8.273114238411225,-0.04328351922075637
2237,8.273468345117045,-0.04323288162700749
2238,8.273809839071347,-0.04318405992488953
2239,8.274138713666579,-0.0431370552816295
2240,8.274454962540162,-0.04309186882098876
2241,8.274758579574538,-0.043048501623236604
2242,8.275049558897207,-0.04300695472512375
2243,8.275327894880753,-0.04296722911985898
2244,8.275593582142896,-0.042929325757084656
2245,8.275846615546536,-0.04289324554285321
2246,8.276086990199756,-0.04285898933960791
2247,8.27631470145588,-0.042826557966160306
2248,8.276529744913493,-0.0427959521976716
2249,8.276732116416476,-0.04276717276563399
2250,8.276921812054034,-0.04274022035785295
2251,8.277098828160709,-0.04271509561843187
2252,8.277263161316418,-0.042691799147755595
2253,8.27741480834646,-0.042670331502477336
2254,8.277553766321564,-0.042650693195503846
2255,8.277680032557885,-0.042632884695984294
2256,8.277793604617024,-0.04261690642929944
2257,8.277894480306038,-0.0426027587770512
2258,8.277982657677489,-0.04259044207705257
2259,8.278058135029411,-0.04257995662332119
2260,8.27812091090535,-0.04257130266607138
2261,8.278170984094348,-0.04256448041170955
2262,8.278208353630992,-0.04255949002282672
2263,8.278233018795392,-0.042556331618196795
2264,8.278244979113175,-0.042555005272773914
2265,8.278244234355505,-0.04255551101768977
2266,8.278230784539092,-0.042557848840253085
2267,8.278204629926172,-0.04256201868395022
2268,8.278165771024526,-0.04256802044844609
2269,8.278114208587446,-0.04257585398958772
2270,8.27804994361376,-0.042585519119406647
2271,8.277972977347822,-0.0425970156061234
2272,8.277883311279478,-0.04261034317415431
2273,8.277780947144084,-0.04262550150411685
2274,8.27766588692248,-0.04264249023283792
2275,8.277538132840986,-0.04266130895336232
2276,8.277397687371375,-0.042681957214962804
2277,8.277244553230865,-0.04270443452315094
2278,8.277078733382108,-0.04272874033968788
2279,8.276900231033144,-0.04275487408259947
2280,8.276709049637411,-0.042782835126187774
2281,8.27650519289371,-0.04281262280104728
2282,8.276288664746168,-0.04284423639408121
2283,8.27605946938423,-0.04287767514851776
2284,8.275817611242626,-0.042912938263928405
2285,8.27556309500132,-0.042950024896248676
2286,8.27529592558552,-0.04298893415779524
2287,8.275016108165607,-0.04302966511728981
2288,8.274723648157138,-0.04307221679987954
2289,8.274418551220762,-0.043116588187162595
2290,8.274100823262236,-0.04316277821720962
2291,8.273770470432321,-0.043210785784592406
2292,8.27342749912681,-0.043260609740407394
2293,8.273071915986446,-0.0433122488923046
2294,8.27270372789688,-0.04336570200451561
2295,8.272322941988637,-0.04342096779788395
2296,8.271929565637048,-0.04347804494989492
2297,8.27152360646223,-0.04353693209470703
2298,8.27110507232901,-0.04359762782318522
2299,8.270673971346872,-0.04366013068293495
2300,8.270230311869934,-0.04372443917833481
2301,8.269774102496847,-0.04379055177057519
2302,8.26930535207077,-0.04385846687769279
2303,8.268824069679296,-0.04392818287460973
2304,8.268330264654386,-0.04399969809317177
2305,8.267823946572337,-0.04407301082218774
2306,8.267305125253678,-0.044148119307471326
2307,8.26677381076313,-0.04422502175188228
2308,8.266230013409512,-0.044303716315370376
2309,8.265673743745694,-0.044384201115018666
2310,8.265105012568508,-0.04446647422508851
2311,8.26452383091871,-0.0445505336770648
2312,8.263930210080861,-0.04463637745970414
2313,8.263324161583261,-0.04472400351908324
2314,8.262705697197896,-0.044813409758646054
2315,8.26207482894032,-0.044904594039256326
2316,8.2614315690696,-0.04499755417924647
2317,8.26077593008823,-0.04509228795447082
2318,8.260107924742027,-0.04518879309835868
2319,8.259427566020046,-0.04528706730196914
2320,8.258734867154514,-0.04538710821404443
2321,8.25802984162072,-0.04548891344106733
2322,8.25731250313692,-0.04559248054731838
2323,8.256582865664251,-0.04569780705493336
2324,8.255840943406616,-0.045804890443963804
2325,8.255086750810612,-0.045913728152435496
2326,8.254320302565409,-0.04602431757641083
2327,8.253541613602646,-0.046136656070050956
2328,8.252750699096358,-0.046250740945677375
2329,8.251947574462823,-0.04636656947383883
2330,8.25113225536049,-0.046484138883374215
2331,8.250304757689836,-0.046603446361480394
2332,8.249465097593294,-0.046724489053777754
2333,8.248613291455102,-0.04684726406438002
2334,8.247749355901206,-0.0469717684559622
2335,8.246873307799143,-0.047097999249831234
2336,8.245985164257913,-0.04722595342599681
2337,8.245084942627862,-0.04735562792324409
2338,8.244172660500551,-0.04748701963920623
2339,8.243248335708639,-0.04762012543043885
2340,8.242311986325749,-0.04775494211249486
2341,8.241363630666337,-0.04789146646000071
2342,8.240403287285563,-0.04802969520673342
2343,8.239430974979157,-0.048169625045698265
2344,8.238446712783292,-0.04831125262920765
2345,8.237450519974416,-0.04845457456896212
2346,8.236442416069135,-0.048599587436130506
2347,8.23542242082408,-0.04874628776143102
2348,8.234390554235734,-0.048894672035215504
2349,8.233346836540315,-0.0490447367075522
2350,8.232291288213602,-0.04919647818831139
2351,8.231223929970795,-0.049349892847250464
2352,8.230144782766367,-0.049504977014100726
2353,8.229053867793887,-0.04966172697865571
2354,8.227951206485885,-0.04982013899085937
2355,8.226836820513698,-0.049980209260894255
2356,8.225710731787276,-0.05014193395927473
2357,8.224572962455044,-0.05030530921693596
2358,8.223423534903738,-0.05047033112532731
2359,8.222262471758212,-0.05063699573650624
2360,8.221089795881285,-0.05080529906323185
2361,8.219905530373568,-0.050975237079059876
2362,8.218709698573289,-0.05114680571843918
2363,8.217502324056092,-0.051320000876809664
2364,8.216283430634894,-0.05149481841069867
2365,8.215053042359676,-0.051671254137820984
2366,8.2138111835173,-0.05184930383717881
2367,8.212557878631344,-0.05202896324916144
2368,8.211293152461868,-0.05221022807564905
2369,8.210017030005279,-0.052393093980112625
2370,8.20872953649408,-0.05257755658772012
2371,8.20743069739672,-0.05276361148543895
2372,8.206120538417375,-0.05295125422214173
2373,8.20479908549573,-0.053140480308714405
2374,8.203466364806786,-0.053331285218161543
2375,8.202122402760681,-0.053523664385714174
2376,8.200767226002434,-0.05371761320894042
2377,8.199400861411764,-0.05391312704785441
2378,8.198023336102867,-0.054110201225026765
2379,8.196634677424191,-0.05430883102569749
2380,8.195234912958234,-0.054509011697887105
2381,8.1938240705213,-0.054710738452511586
2382,8.19240217816329,-0.05491400646349532
2383,8.190969264167478,-0.055118810867887134
2384,8.189525357050247,-0.05532514676597697
2385,8.188070485560909,-0.05553300922141145
2386,8.186604678681423,-0.05574239326131293
2387,8.185127965626183,-0.055953293876397664
2388,8.183640375841762,-0.05616570602109602
2389,8.182141939006673,-0.05637962461367256
2390,8.180632685031137,-0.05659504453634668
2391,8.179112644056804,-0.05681196063541638
2392,8.177581846456524,-0.05703036772138055
2393,8.176040322834083,-0.0572502605690622
2394,8.174488104023933,-0.05747163391773538
2395,8.172925221090976,-0.05769448247124716
2396,8.171351705330233,-0.057918800898148354
2397,8.169767588266634,-0.05814458383181781
2398,8.16817290165473,-0.05837182587059108
2399,8.16656767747839,-0.05860052157789141
2400,8.164951947950577,-0.05883066548235704
2401,8.163325745513033,-0.05906225207797311
2402,8.161689102836016,-0.059295275824202846
2403,8.160042052817998,-0.05952973114612034
2404,8.1583846285854,-0.059765612434542766
2405,8.156716863492267,-0.06000291404616586
2406,8.15503879112002,-0.06024163030369657
2407,8.153350445277114,-0.060481755495990934
2408,8.151651859998763,-0.06072328387818866
2409,8.149943069546639,-0.060966209671851235
2410,8.148224108408542,-0.06121052706509986
2411,8.14649501129811,-0.06145623021275424
2412,8.144755813154505,-0.06170331323647178
2413,8.143006549142092,-0.0619517702248884
2414,8.14124725465011,-0.06220159523375971
2415,8.139477965292365,-0.06245278228610293
2416,8.13769871690689,-0.06270532537233973
2417,8.135909545555634,-0.0629592184504389
2418,8.134110487524103,-0.06321445544606231
2419,8.132301579321043,-0.06347103025270857
2420,8.130482857678095,-0.0637289367318593
2421,8.128654359549442,-0.0639881687131262
2422,8.126816122111475,-0.06424871999439788
2423,8.124968182762444,-0.06451058434198785
2424,8.123110579122073,-0.06477375549078472
2425,8.121243349031253,-0.06503822714439995
2426,8.11936653055164,-0.06530399297531954
2427,8.117480161965297,-0.06557104662505499
2428,8.11558428177436,-0.06583938170429394
2429,8.113678928700603,-0.06610899179305547
2430,8.111764141685114,-0.06637987044084082
2431,8.10983995988791,-0.06665201116678814
2432,8.107906422687522,-0.06692540745982833
2433,8.105963569680632,-0.06720005277883996
2434,8.104011440681678,-0.06747594055280513
2435,8.102050075722474,-0.06775306418096604
2436,8.100079515051776,-0.06803141703298438
2437,8.098099799134914,-0.06831099244909819
2438,8.096110968653361,-0.06859178374028156
2439,8.094113064504334,-0.06887378418840447
2440,8.092106127800383,-0.06915698704639293
2441,8.090090199868968,-0.0694413855383903
2442,8.088065322252039,-0.06972697285991893
2443,8.086031536705603,-0.07001374217804339
2444,8.083988885199298,-0.07030168663153315
2445,8.081937409915964,-0.07059079933102647
2446,8.079877153251186,-0.07088107335919559
2447,8.077808157812871,-0.0711725017709115
2448,8.0757304664208,-0.07146507759340914
2449,8.073644122106169,-0.07175879382645525
2450,8.07154916811113,-0.07205364344251496
2451,8.069445647888331,-0.0723496193869202
2452,8.067333605100458,-0.07264671457803804
2453,8.065213083619783,-0.07294492190743854
2454,8.063084127527661,-0.07324423424006649
2455,8.060946781114058,-0.07354464441441146
2456,8.058801088877107,-0.0738461452426772
2457,8.05664709552255,-0.07414872951095665
2458,8.054484845963314,-0.07445238997940125
2459,8.052314385318994,-0.07475711938239497
2460,8.05013575891535,-0.07506291042872808
2461,8.047949012283784,-0.07536975580177198
2462,8.045754191160881,-0.0756776481596522
2463,8.04355134148785,-0.07598658013542534
2464,8.041340509410013,-0.07629654433725543
2465,8.039121741276302,-0.07660753334858898
2466,8.036895083638726,-0.07691953972833292
2467,8.03466058325183,-0.0772325560110326
2468,8.032418287072144,-0.07754657470705074
2469,8.03016824225769,-0.07786158830274449
2470,8.027910496167372,-0.07817758926064758
2471,8.025645096360478,-0.07849457001964809
2472,8.023372090596089,-0.07881252299517064
2473,8.02109152683254,-0.0791314405793564
2474,8.018803453226843,-0.07945131514124613
2475,8.016507918134115,-0.07977213902696176
2476,8.014204970107007,-0.08009390455988911
2477,8.011894657895109,-0.08041660404086265
2478,8.00957703044438,-0.08074022974834809
2479,8.007252136896547,-0.0810647739386274
2480,8.004920026588524,-0.08139022884598328
2481,8.002580749051779,-0.08171658668288621
2482,8.00023435401175,-0.08204383964017942
2483,7.99788089138724,-0.08237197988726512
2484,7.995520411289769,-0.08270099957229306
2485,7.993152964022976,-0.08303089082234712
2486,7.9907786000819785,-0.08336164574363393
2487,7.988397370152755,-0.0836932564216706
2488,7.986009325111482,-0.08402571492147531
2489,7.9836145160238905,-0.08435901328775686
2490,7.981212994144651,-0.08469314354510275
2491,7.9788048109166745,-0.08502809769817238
2492,7.9763900179704805,-0.08536386773188627
2493,7.973968667123509,-0.08570044561161914
2494,7.971540810379456,-0.08603782328339087
2495,7.969106499927607,-0.08637599267405924
2496,7.966665788142143,-0.08671494569151285
2497,7.964218727581447,-0.0870546742248648
2498,7.961765370987398,-0.08739517014464736
2499,7.959305771284708,-0.08773642530300403
2500,7.956839981580185,-0.08807843153388599
2501,7.954368055162022,-0.08842118065324713
2502,7.951890045499084,-0.08876466445923971
2503,7.949406006240184,-0.08910887473240986
2504,7.946915991213346,-0.08945380323589484
2505,7.944420054425077,-0.08979944171561911
2506,7.941918250059623,-0.09014578190049201
2507,7.9394106324782125,-0.09049281550260589
2508,7.936897256218304,-0.09084053421743393
2509,7.934378175992849,-0.09118892972402758
2510,7.931853446689483,-0.09153799368521759
2511,7.9293231233697705,-0.09188771774781235
2512,7.926787261268455,-0.09223809354279623
2513,7.9242459157926115,-0.09258911268553278
2514,7.921699142520921,-0.09294076677596154
2515,7.919146997202827,-0.09329304739880143
2516,7.916589535757748,-0.09364594612375127
2517,7.914026814274262,-0.093999454505691
2518,7.911458889009291,-0.0943535640848839
2519,7.9088858163872855,-0.09470826638717851
2520,7.90630765299937,-0.09506355292421194
2521,7.903724455602538,-0.09541941519361197
2522,7.901136281118778,-0.09577584467920117
2523,7.89854318663425,-0.09613283285119967
2524,7.895945229398409,-0.09649037116643001
2525,7.893342466823146,-0.09684845106852087
2526,7.890734956481945,-0.09720706398811083
2527,7.8881227561089515,-0.09756620134305584
2528,7.885505923598137,-0.09792585453863163
2529,7.882884517002394,-0.09828601496774075
2530,7.880258594532635,-0.09864667401111776
2531,7.877628214556893,-0.09900782303753589
2532,7.8749934355994045,-0.09936945340401322
2533,7.8723543163397,-0.09973155645601907
2534,7.869710915611688,-0.10009412352768077
2535,7.8670632924026895,-0.10045714594199244
2536,7.864411505852528,-0.10082061501102096
2537,7.861755615252594,-0.10118452203611346
2538,7.8590956800448595,-0.10154885830810674
2539,7.856431759820948,-0.10191361510753445
2540,7.853763914321145,-0.10227878370483634
2541,7.851092203433427,-0.10264435536056724
2542,7.848416687192512,-0.10301032132560438
2543,7.845737425778827,-0.10337667284135862
2544,7.843054479517544,-0.10374340113998276
2545,7.840367908877549,-0.10411049744458241
2546,7.837677774470465,-0.10447795296942433
2547,7.834984137049615,-0.10484575892014743
2548,7.832287057509002,-0.10521390649397301
2549,7.829586596882273,-0.10558238687991564
2550,7.826882816341677,-0.10595119125899362
2551,7.82417577719703,-0.10632031080443982
2552,7.821465540894654,-0.10668973668191263
2553,7.818752169016301,-0.10705946004970847
2554,7.816035723278113,-0.10742947205897162
2555,7.813316265529512,-0.10779976385390728
2556,7.810593857752158,-0.10817032657199166
2557,7.807868562058814,-0.10854115134418603
2558,7.805140440692262,-0.1089122292951478
2559,7.802409556024194,-0.10928355154344345
2560,7.799675970554116,-0.10965510920175957
2561,7.79693974690819,-0.11002689337711755
2562,7.794200947838139,-0.11039889517108405
2563,7.791459636220081,-0.11077110567998595
2564,7.78871587505339,-0.11114351599512244
2565,7.7859697274595545,-0.11151611720297792
2566,7.783221256681,-0.11188890038543559
2567,7.7804705260799265,-0.11226185661999104
2568,7.777717599137135,-0.11263497697996497
2569,7.774962539450837,-0.11300825253471716
2570,7.772205410735458,-0.11338167434986081
2571,7.769446276820435,-0.11375523348747538
2572,7.7666852016490315,-0.11412892100632026
2573,7.763922249277055,-0.11450272796205117
2574,7.7611574838717265,-0.11487664540742994
2575,7.758390969710379,-0.11525066439254171
2576,7.755622771179227,-0.11562477596500878
2577,7.752852952772127,-0.11599897117020387
2578,7.750081579089329,-0.11637324105146461
2579,7.747308714836192,-0.1167475766503083
2580,7.744534424821906,-0.11712196900664662
2581,7.741758773958231,-0.11749640915899899
2582,7.738981827258204,-0.11787088814470739
2583,7.736203649834825,-0.11824539700015098
2584,7.733424306899751,-0.11861992676096131
2585,7.730643863761999,-0.11899446846223573
2586,7.7278623858266124,-0.11936901313875219
2587,7.725079938593342,-0.11974355182518352
2588,7.722296587655272,-0.12011807555631338
2589,7.7195123986975025,-0.12049257536724972
2590,7.716727437495791,-0.1208670422936391
2591,7.7139417699151815,-0.12124146737188173
2592,7.711155461908628,-0.12161584163934622
2593,7.708368579515621,-0.1219901561345835
2594,7.705581188860798,-0.12236440189754162
2595,7.702793356152536,-0.1227385699697804
2596,7.7000051476815585,-0.12311265139468537
2597,7.697216629819515,-0.1234866372176824
2598,7.694427869017555,-0.12386051848645224
2599,7.69163893180489,-0.12423428625114499
2600,7.688849884787387,-0.12460793156459295
2601,7.686060794646073,-0.12498144548252678
2602,7.68327172813571,-0.12535481906378837
2603,7.68048275208333,-0.12572804337054463
2604,7.677693933386751,-0.12610110946850225
2605,7.674905339013078,-0.12647400842712192
2606,7.672117035997259,-0.1268467313198306
2607,7.669329091440543,-0.12721926922423643
2608,7.666541572509003,-0.12759161322234186
2609,7.663754546431996,-0.12796375440075738
2610,7.660968080500655,-0.12833568385091468
2611,7.6581822420663475,-0.12870739266928036
2612,7.655397098539145,-0.1290788719575684
2613,7.652612717386252,-0.1294501128229542
2614,7.649829166130487,-0.1298211063782861
2615,7.647046512348673,-0.13019184374229942
2616,7.644264823670096,-0.1305623160398283
2617,7.641484167774903,-0.13093251440201856
2618,7.638704612392514,-0.1313024299665402
2619,7.635926225300023,-0.13167205387779957
2620,7.633149074320591,-0.13204137728715087
2621,7.630373227321833,-0.13241039135310856
2622,7.627598752214188,-0.13277908724155865
2623,7.624825716949287,-0.13314745612597054
2624,7.622054189518306,-0.13351548918760864
2625,7.619284237950313,-0.13388317761574337
2626,7.616515930310631,-0.13425051260786142
2627,7.613749334699143,-0.13461748536987755
2628,7.610984519248646,-0.13498408711634424
2629,7.60822155212313,-0.1353503090706634
2630,7.605460501516125,-0.13571614246529493
2631,7.602701435648972,-0.13608157854196806
2632,7.5999444227691315,-0.1364466085518901
2633,7.597189531148455,-0.13681122375595686
2634,7.594436829081464,-0.13717541542496148
2635,7.591686384883619,-0.1375391748398033
2636,7.588938266889592,-0.13790249329169632
2637,7.586192543451481,-0.13826536208237936
2638,7.583449282937072,-0.13862777252432332
2639,7.5807085537281,-0.13898971594093804
2640,7.577970424218431,-0.13935118366678256
2641,7.575234962812289,-0.13971216704777156
2642,7.572502237922495,-0.14007265744138175
2643,7.569772317968638,-0.14043264621686036
2644,7.5670452713752825,-0.14079212475543096
2645,7.564321166570145,-0.14115108445050042
2646,7.561600071982291,-0.1415095167078644
2647,7.558882056040283,-0.14186741294591393
2648,7.55616718717035,-0.14222476459584105
2649,7.55345553379455,-0.14258156310184295
2650,7.550747164328904,-0.1429377999213285
2651,7.548042147181556,-0.14329346652512098
2652,7.5453405507508755,-0.14364855439766444
2653,7.5426424434235955,-0.14400305503722644
2654,7.5399478935729265,-0.14435695995610232
2655,7.537256969556665,-0.1447102606808181
2656,7.534569739715306,-0.14506294875233325
2657,7.53188627237011,-0.14541501572624424
2658,7.529206635821201,-0.14576645317298645
2659,7.526530898345659,-0.1461172526780355
2660,7.523859128195559,-0.14646740584211032
2661,7.521191393596076,-0.14681690428137226
2662,7.518527762743502,-0.14716573962762777
2663,7.51586830380332,-0.14751390352852817
2664,7.51321308490821,-0.14786138764777096
2665,7.510562174156143,-0.14820818366529678
2666,7.5079156396083615,-0.14855428327749132
2667,7.505273549287403,-0.14889967819738378
2668,7.502635971175133,-0.14924436015484474
2669,7.500002973210736,-0.14958832089678478
2670,7.4973746232887235,-0.14993155218735219
2671,7.4947509892569215,-0.1502740458081303
2672,7.492132138914453,-0.15061579355833465
2673,7.489518140009734,-0.15095678725500872
2674,7.486909060238422,-0.15129701873322118
2675,7.484304967241401,-0.15163647984626058
2676,7.481705928602729,-0.15197516246583123
2677,7.479112011847591,-0.15231305848224805
2678,7.476523284440262,-0.1526501598046299
2679,7.473939813782028,-0.15298645836109462
2680,7.471361667209133,-0.15332194609895178
2681,7.468788911990694,-0.15365661498489638
2682,7.466221615326625,-0.1539904570052012
2683,7.463659844345574,-0.1543234641659078
2684,7.461103666102805,-0.15465562849301945
2685,7.4585531475781135,-0.1549869420326919
2686,7.4560083556737355,-0.15531739685142332
2687,7.453469357212217,-0.15564698503624544
2688,7.450936218934324,-0.1559756986949126
2689,7.448409007496896,-0.15630352995609142
2690,7.445887789470765,-0.15663047096954835
2691,7.443372631338566,-0.15695651390634008
2692,7.440863599492671,-0.15728165095899804
2693,7.438360760232984,-0.15760587434171872
2694,7.435864179764848,-0.15792917629054784
2695,7.433373924196851,-0.15825154906356856
2696,7.430890059538704,-0.15857298494108535
2697,7.428412651699075,-0.15889347622580943
2698,7.425941766483409,-0.15921301524304396
2699,7.423477469591774,-0.1595315943408675
2700,7.421019826616672,-0.15984920589031776
2701,7.418568903040884,-0.16016584228557382
2702,7.416124764235252,-0.1604814959441399
2703,7.413687475456524,-0.16079615930702554
2704,7.411257101845147,-0.16110982483892794
2705,7.408833708423084,-0.16142248502841147
2706,7.406417360091592,-0.1617341323880894
2707,7.40400812162905,-0.16204475945480148
2708,7.401606057688728,-0.1623543587897944
2709,7.3992112327965724,-0.1626629229788999
2710,7.396823711349021,-0.16297044463271182
2711,7.394443557610746,-0.16327691638676414
2712,7.392070835712479,-0.1635823309017066
2713,7.389705609648749,-0.16388668086348143
2714,7.3873479432756515,-0.16418995898349936
2715,7.384997900308664,-0.1644921579988123
2716,7.382655544320369,-0.16479327067228952
2717,7.380320938738223,-0.16509328979279064
2718,7.377994146842349,-0.16539220817533756
2719,7.375675231763269,-0.16569001866128774
2720,7.373364256479655,-0.16598671411850618
2721,7.371061283816106,-0.1662822874415354
2722,7.368766376440875,-0.16657673155176686
2723,7.366479596863642,-0.16687003939761003
2724,7.364201007433259,-0.16716220395466125
2725,7.361930670335478,-0.16745321822587328
2726,7.359668647590713,-0.16774307524172233
2727,7.357415001051784,-0.16803176806037487
2728,7.3551697924016395,-0.16831928976785535
2729,7.352933083151118,-0.16860563347821111
2730,7.350704934636682,-0.1688907923336775
2731,7.348485408018168,-0.16917475950484182
2732,7.346274564276486,-0.16945752819080923
2733,7.344072464211402,-0.16973909161936357
2734,7.34187916843925,-0.17001944304713085
2735,7.339694737390664,-0.1702985757597412
2736,7.337519231308332,-0.17057648307198925
2737,7.335352710244717,-0.17085315832799491
2738,7.333195234059804,-0.17112859490136278
2739,7.331046862418824,-0.17140278619534144
2740,7.3289076547899885,-0.17167572564298167
2741,7.3267776704422465,-0.17194740670729325
2742,7.32465696844301,-0.17221782288140217
2743,7.322545607655865,-0.17248696768870805
2744,7.320443646738363,-0.1727548346830368
2745,7.318351144139717,-0.17302141744879765
2746,7.316268158098553,-0.17328670960113637
2747,7.314194746640672,-0.1735507047860873
2748,7.312130967576759,-0.1738133966807278
2749,7.31007687850016,-0.17407477899332813
2750,7.308032536784611,-0.17433484546350334
2751,7.305997999581988,-0.17459358986236356
2752,7.303973323820067,-0.17485100599266268
2753,7.301958566200279,-0.17510708768894714
2754,7.299953783195441,-0.175361828817705
2755,7.297959031047537,-0.17561522327751208
2756,7.29597436576547,-0.17586726499917854
2757,7.2939998431228465,-0.17611794794589372
2758,7.2920355186557,-0.17636726611337308
2759,7.290081447660298,-0.17661521353000018
2760,7.2881376851908986,-0.1768617842569711
2761,7.286204286057544,-0.1771069723884359
2762,7.284281304823816,-0.17735077205164176
2763,7.282368795804633,-0.17759317740707298
2764,7.280466813064049,-0.1778341826485908
2765,7.278575410413025,-0.17807378200357363
2766,7.276694641407238,-0.17831196973305524
2767,7.2748245593448875,-0.17854874013186173
2768,7.272965217264492,-0.17878408752874947
2769,7.271116667942688,-0.17901800628654113
2770,7.269278963892076,-0.17925049080226016
2771,7.267452157359027,-0.17948153550726564
2772,7.265636300321489,-0.17971113486738655
2773,7.26383144448686,-0.17993928338305332
2774,7.26203764128979,-0.18016597558943076
2775,7.260254941890044,-0.18039120605654899
2776,7.258483397170351,-0.18061496938943322
2777,7.25672305773424,-0.1808372602282344
2778,7.254973973903921,-0.1810580732483571
2779,7.25323619571815,-0.18127740316058705
2780,7.251509772930111,-0.1814952447112184
2781,7.249794755005271,-0.1817115926821803
2782,7.248091191119312,-0.18192644189116117
2783,7.24639913015599,-0.18213978719173374
2784,7.244718620705062,-0.18235162347347827
2785,7.243049711060183,-0.18256194566210557
2786,7.241392449216839,-0.18277074871957832
2787,7.239746882870263,-0.18297802764423252
2788,7.23811305941338,-0.18318377747089687
2789,7.23649102593474,-0.18338799327101282
2790,7.234880829216481,-0.1835906701527521
2791,7.233282515732285,-0.18379180326113434
2792,7.231696131645345,-0.1839913877781442
2793,7.230121722806344,-0.18418941892284646
2794,7.228559334751459,-0.18438589195150035
2795,7.227009012700346,-0.18458080215767386
2796,7.225470801554133,-0.1847741448723576
2797,7.223944745893456,-0.1849659154640756
2798,7.222430889976485,-0.18515610933899687
2799,7.220929277736947,-0.18534472194104626
2800,7.2194399527821815,-0.18553174875201325
2801,7.2179629583912135,-0.1857171852916598
2802,7.216498337512775,-0.18590102711783002
2803,7.2150461327634545,-0.18608326982655377
2804,7.213606386425713,-0.1862639090521552
2805,7.212179140446023,-0.18644294046735668
2806,7.210764436432984,-0.18662035978338162
2807,7.20936231565544,-0.18679616275005823
2808,7.207972819040595,-0.18697034515592242
2809,7.206595987172184,-0.18714290282831772
2810,7.2052318602886265,-0.1873138316334956
2811,7.203880478281192,-0.18748312747671508
2812,7.202541880692191,-0.1876507863023408
2813,7.2012161067131535,-0.1878168040939411
2814,7.199903195183062,-0.18798117687438318
2815,7.198603184586545,-0.18814390070592996
2816,7.19731611305214,-0.18830497169033342
2817,7.196042018350523,-0.1884643859689291
2818,7.194780937892774,-0.18862213972272804
2819,7.193532908728636,-0.18877822917250975
2820,7.192297967544833,-0.1889326505789112
2821,7.191076150663348,-0.1890854002425179
2822,7.189867494039745,-0.18923647450395245
2823,7.188672033261497,-0.18938586974396204
2824,7.187489803546339,-0.18953358238350584
2825,7.186320839740624,-0.18967960888384022
2826,7.185165176317668,-0.18982394574660547
2827,7.18402284737619,-0.1899665895139071
2828,7.182893886638663,-0.19010753676840178
2829,7.181778327449769,-0.19024678413337723
2830,7.180676202774808,-0.19038432827283458
2831,7.179587545198179,-0.190520165891567
2832,7.178512386921794,-0.19065429373524118
2833,7.177450759763602,-0.19078670859047353
2834,7.176402695156059,-0.1909174072849083
2835,7.175368224144655,-0.19104638668729357
2836,7.174347377386435,-0.19117364370755593
2837,7.173340185148543,-0.1912991752968757
2838,7.172346677306788,-0.19142297844775927
2839,7.171366883344214,-0.19154505019411164
2840,7.170400832349706,-0.19166538761130772
2841,7.169448553016574,-0.19178398781626324
2842,7.1685100736412135,-0.19190084796750276
2843,7.167585422121735,-0.19201596526522854
2844,7.1666746259566265,-0.192129336951388
2845,7.165777712243438,-0.19224096030973956
2846,7.164894707677475,-0.19235083266591815
2847,7.164025638550504,-0.1924589513875
2848,7.163170530749507,-0.19256531388406475
2849,7.162329409755425,-0.19266991760725813
2850,7.161502300641922,-0.19277276005085345
2851,7.160689228074187,-0.19287383875081107
2852,7.159890216307698,-0.1929731512853396
2853,7.159105289187105,-0.19307069527495135
2854,7.1583344701450375,-0.19316646838252124
2855,7.157577782200965,-0.19326046831334284
2856,7.156835247960087,-0.1933526928151833
2857,7.156106889612245,-0.19344313967833654
2858,7.15539272893082,-0.1935318067356779
2859,7.154692787271684,-0.1936186918627149
2860,7.15400708557214,-0.1937037929776398
2861,7.1533356443499105,-0.19378710804137844
2862,7.152678483702149,-0.1938686350576392
2863,7.1520356233044335,-0.19394837207296123
2864,7.151407082409809,-0.19402631717676186
2865,7.150792879847841,-0.19410246850138202
2866,7.150193034023706,-0.19417682422213087
2867,7.149607562917253,-0.19424938255733096
2868,7.149036484082162,-0.19432014176835924
2869,7.1484798146450474,-0.19438910015969008
2870,7.147937571304628,-0.19445625607893596
2871,7.147409770330908,-0.1945216079168863
2872,7.146896427564357,-0.1945851541075475
2873,7.146397558415148,-0.1946468931281794
2874,7.145913177862387,-0.19470682349933235
2875,7.145443300453365,-0.19476494378488315
2876,7.144987940302855,-0.19482125259206864
2877,7.144547111092392,-0.19487574857152057
2878,7.144120826069624,-0.1949284304172963
2879,7.143709098047621,-0.194979296866912
2880,7.143311939404269,-0.19502834670137176
2881,7.142929362081644,-0.195075578745197
2882,7.142561377585407,-0.1951209918664558
2883,7.14220799698426,-0.19516458497678857
2884,7.141869230909368,-0.19520635703143568
2885,7.141545089553841,-0.19524630702926188
2886,7.141235582672233,-0.1952844340127804
2887,7.14094071958005,-0.195320737068176
2888,7.140660509153291,-0.1953552153253268
2889,7.140394959828001,-0.19538786795782562
2890,7.1401440795998345,-0.19541869418300042
2891,7.139907876023698,-0.1954476932619314
2892,7.139686356213336,-0.19547486449947027
2893,7.139479526840993,-0.19550020724425649
2894,7.13928739413707,-0.19552372088873313
2895,7.139109963889833,-0.19554540486916097
2896,7.1389472414450985,-0.19556525866563293
2897,7.13879923170598,-0.19558328180208615
2898,7.138665939132641,-0.19559947384631354
2899,7.138547367742071,-0.19561383440997424
2900,7.138443521107895,-0.19562636314860252
2901,7.138354402360182,-0.1956370597616167
2902,7.138280014185287,-0.19564592399232633
2903,7.138220358825724,-0.1956529556279384
2904,7.138175438080055,-0.19565815449956211
2905,7.138145253302785,-0.19566152048221394
2906,7.138129805404318,-0.19566305349481922
2907,7.138129094850891,-0.1956627535002155
2908,7.138143121664572,-0.19566062050515223
2909,7.138171885423224,-0.19565665456029252
2910,7.138215385260558,-0.19565085576020994
2911,7.1382736198661645,-0.19564322424338748
2912,7.138346587485586,-0.19563376019221354
2913,7.138434285920376,-0.19562246383297924
2914,7.138536712528264,-0.19560933543587009
2915,7.13865386422323,-0.19559437531496265
2916,7.138785737475691,-0.195577583828215
2917,7.138932328312664,-0.19555896137745934
2918,7.139093632317978,-0.19553850840839154
2919,7.139269644632478,-0.19551622541056138
2920,7.139460359954285,-0.19549211291735952
2921,7.139665772539053,-0.19546617150600593
2922,7.139885876200238,-0.19543840179753616
2923,7.140120664309427,-0.19540880445678616
2924,7.140370129796675,-0.19537738019237536
2925,7.140634265150836,-0.19534412975669144
2926,7.140913062419965,-0.19530905394587053
2927,7.141206513211675,-0.1952721535997801
2928,7.141514608693595,-0.19523342960199722
2929,7.141837339593786,-0.19519288287978798
2930,7.142174696201213,-0.19515051440408546
2931,7.142526668366215,-0.19510632518946644
2932,7.142893245501031,-0.19506031629412665
2933,7.143274416580298,-0.1950124888198562
2934,7.143670170141632,-0.1949628439120122
2935,7.144080494286172,-0.19491138275949194
2936,7.144505376679187,-0.19485810659470387
2937,7.144944804550666,-0.19480301669353936
2938,7.145398764695982,-0.19474611437534012
2939,7.14586724347652,-0.19468740100286827
2940,7.146350226820353,-0.1946268779822733
2941,7.146847700222967,-0.19456454676305726
2942,7.147359648747944,-0.19450040883804146
2943,7.147886057027726,-0.1944344657433297
2944,7.148426909264346,-0.19436671905827238
2945,7.148982189230248,-0.19429717040542707
2946,7.149551880269047,-0.19422582145052128
2947,7.150135965296378,-0.19415267390241148
2948,7.150734426800715,-0.1940777295130427
2949,7.151347246844254,-0.19400099007740593
2950,7.1519744070637765,-0.1939224574334958
2951,7.15261588867158,-0.19384213346226511
2952,7.153271672456355,-0.193760020087582
2953,7.1539417387841695,-0.19367611927618153
2954,7.154626067599414,-0.19359043303761955
2955,7.155324638425775,-0.19350296342422493
2956,7.156037430367255,-0.19341371253104916
2957,7.156764422109175,-0.19332268249581736
2958,7.157505591919238,-0.19322987549887552
2959,7.158260917648553,-0.19313529376314015
2960,7.1590303767327566,-0.19303893955404297
2961,7.159813946193081,-0.19294081517947786
2962,7.160611602637492,-0.19284092298974442
2963,7.161423322261795,-0.19273926537749334
2964,7.162249080850827,-0.19263584477766693
2965,7.163088853779593,-0.19253066366744248
2966,7.163942616014503,-0.192423724566171
2967,7.164810342114529,-0.19231503003531894
2968,7.165692006232488,-0.19220458267840432
2969,7.166587582116232,-0.19209238514093704
2970,7.167497043109969,-0.19197844011035264
2971,7.168420362155512,-0.19186275031594932
2972,7.169357511793577,-0.1917453185288228
2973,7.170308464165126,-0.1916261475617985
2974,7.171273191012676,-0.19150524026936533
2975,7.172251663681672,-0.19138259954760625
2976,7.173243853121841,-0.19125822833412964
2977,7.1742497298885946,-0.1911321296079979
2978,7.175269264144422,-0.19100430638965668
2979,7.176302425660318,-0.19087476174086182
2980,7.177349183817205,-0.1907434987646069
2981,7.178409507607415,-0.1906105206050474
2982,7.179483365636115,-0.19047583044742697
2983,7.180570726122862,-0.1903394315179986
2984,7.181671556903033,-0.19020132708394957
2985,7.182785825429394,-0.1900615204533217
2986,7.1839134987736095,-0.18992001497493244
2987,7.1850545436278015,-0.1897768140382943
2988,7.186208926306112,-0.18963192107353358
2989,7.1873766127462755,-0.1894853395513086
2990,7.188557568511241,-0.18933707298272506
2991,7.189751758790742,-0.18918712491925366
2992,7.19095914840296,-0.189035498952643
2993,7.19217970179615,-0.18888219871483444
2994,7.1934133830502756,-0.18872722787787546
2995,7.194660155878707,-0.1885705901538304
2996,7.195919983629906,-0.18841228929469112
2997,7.197192829289088,-0.18825232909228873
2998,7.198478655479967,-0.18809071337820102
2999,7.199777424466461,-0.1879274460236613
