turn,time_sigma_ns,Q1
0,13.307311339852864,-0.003482126243833366
1,13.307313451643155,-0.0034819905659581587
2,13.307315787561887,-0.0034818383019046694
3,13.307318347600345,-0.0034816694524726004
4,13.307321131749216,-0.003481484018504531
5,13.307324139998617,-0.003481282000884463
6,13.307327372338056,-0.0034810634005395477
7,13.307330828756466,-0.003480828218438834
8,13.30733450924218,-0.003480576455594153
9,13.30733841378296,-0.0034803081130588636
10,13.307342542365971,-0.0034800231919290426
11,13.307346894977792,-0.0034797216933431757
12,13.307351471604408,-0.0034794036184818225
13,13.307356272231232,-0.0034790689685676697
14,13.307361296843084,-0.0034787177448657104
15,13.307366545424191,-0.0034783499486833675
16,13.307372017958196,-0.003477965581370117
17,13.307377714428162,-0.0034775646443176065
18,13.307383634816546,-0.0034771471389603036
19,13.30738977910524,-0.0034767130667741567
20,13.307396147275538,-0.0034762624292774733
21,13.307402739308147,-0.003475795228031148
22,13.307409555183193,-0.003475311464637727
23,13.307416594880205,-0.0034748111407425794
24,13.307423858378154,-0.003474294258032144
25,13.307431345655385,-0.0034737608182362593
26,13.307439056689677,-0.003473210823126405
27,13.307446991458226,-0.0034726442745160505
28,13.307455149937642,-0.003472061174260817
29,13.30746353210394,-0.0034714615242587314
30,13.307472137932548,-0.0034708453264499168
31,13.30748096739832,-0.0034702125828163324
32,13.307490020475518,-0.00346956329538217
33,13.307499297137818,-0.0034688974662136743
34,13.30750879735832,-0.003468215097418991
35,13.30751852110952,-0.0034675161911489135
36,13.307528468363346,-0.003466800749595549
37,13.307538639091124,-0.0034660687749939
38,13.307549033263614,-0.003465320269620289
39,13.307559650850976,-0.003464555235793361
40,13.307570491822798,-0.0034637736758736416
41,13.307581556148067,-0.0034629755922640257
42,13.307592843795206,-0.003462160987408744
43,13.307604354732035,-0.0034613298637946733
44,13.307616088925805,-0.0034604822239502958
45,13.307628046343165,-0.0034596180704462723
46,13.307640226950197,-0.0034587374058950636
47,13.307652630712381,-0.0034578402329513928
48,13.307665257594632,-0.003456926554311475
49,13.307678107561275,-0.003455996372713578
50,13.307691180576052,-0.003455049690937757
51,13.30770447660211,-0.003454086511806608
52,13.307717995602037,-0.0034531068381835218
53,13.3077317375378,-0.003452110672975182
54,13.307745702370827,-0.0034510980191287508
55,13.30775989006193,-0.0034500688796340584
56,13.307774300571358,-0.0034490232575224893
57,13.307788933858767,-0.00344796115586729
58,13.307803789883224,-0.0034468825777838673
59,13.307818868603224,-0.0034457875264292696
60,13.307834169976687,-0.0034446760050016977
61,13.307849693960938,-0.0034435480167418256
62,13.307865440512726,-0.003442403564931922
63,13.30788140958821,-0.0034412426528961574
64,13.307897601142983,-0.0034400652840001072
65,13.307914015132049,-0.003438871461651074
66,13.30793065150982,-0.003437661189298663
67,13.307947510230138,-0.003436434470433558
68,13.30796459124626,-0.003435191308588681
69,13.307981894510867,-0.00343393170733805
70,13.307999419976056,-0.0034326556702976383
71,13.308017167593334,-0.00343136320112545
72,13.308035137313652,-0.0034300543035202568
73,13.308053329087354,-0.00342872898122323
74,13.308071742864222,-0.0034273872380168164
75,13.30809037859345,-0.003426029077724974
76,13.30810923622366,-0.0034246545042133556
77,13.308128315702877,-0.003423263521389525
78,13.308147616978564,-0.0034218561332021807
79,13.308167139997598,-0.003420432343641512
80,13.308186884706279,-0.0034189921567397206
81,13.308206851050322,-0.0034175355765700233
82,13.30822703897487,-0.0034160626072475067
83,13.308247448424495,-0.0034145732529280563
84,13.308268079343168,-0.0034130675178101356
85,13.308288931674303,-0.003411545406132729
86,13.30831000536072,-0.003410006922176943
87,13.30833130034468,-0.0034084520702645366
88,13.308352816567847,-0.003406880854759443
89,13.308374553971321,-0.0034052932800665275
90,13.308396512495621,-0.0034036893506322373
91,13.308418692080684,-0.0034020690709442797
92,13.308441092665877,-0.0034004324455317743
93,13.308463714189985,-0.003398779478965234
94,13.30848655659122,-0.0033971101758563846
95,13.308509619807218,-0.003395424540858266
96,13.308532903775033,-0.003393722578665414
97,13.308556408431153,-0.0033920042940133654
98,13.30858013371148,-0.0033902696916791415
99,13.30860407955135,-0.0033885187764806346
100,13.308628245885513,-0.0033867515532774836
101,13.308652632648165,-0.0033849680269698724
102,13.3086772397729,-0.0033831682024999137
103,13.308702067192748,-0.0033813520848506085
104,13.308727114840174,-0.003379519679045874
105,13.30875238264705,-0.0033776709901512676
106,13.308777870544702,-0.0033758060232726836
107,13.308803578463856,-0.0033739247835578466
108,13.30882950633467,-0.003372027276195629
109,13.30885565408673,-0.0033701135064155424
110,13.308882021649062,-0.0033681834794882163
111,13.308908608950096,-0.003366237200725705
112,13.308935415917711,-0.003364274675480506
113,13.308962442479201,-0.0033622959091465857
114,13.30898968856129,-0.003360300907158681
115,13.309017154090132,-0.003358289674992691
116,13.309044838991307,-0.003356262218165154
117,13.309072743189828,-0.0033542185422338043
118,13.309100866610128,-0.003352158652797315
119,13.309129209176072,-0.0033500825554953822
120,13.30915777081096,-0.003347990256008101
121,13.309186551437518,-0.003345881760056826
122,13.309215550977905,-0.0033437570734035143
123,13.309244769353702,-0.0033416162018511408
124,13.309274206485922,-0.003339459151243529
125,13.309303862295009,-0.0033372859274654323
126,13.309333736700838,-0.0033350965364419864
127,13.30936382962272,-0.0033328909841392183
128,13.309394140979393,-0.003330669276563893
129,13.30942467068902,-0.0033284314197637955
130,13.30945541866921,-0.003326177419826869
131,13.309486384836994,-0.003323907282881967
132,13.30951756910883,-0.003321621015099021
133,13.309548971400622,-0.00331931862268801
134,13.309580591627693,-0.003317000111899776
135,13.30961242970481,-0.0033146654890258516
136,13.309644485546174,-0.0033123147603979306
137,13.3096767590654,-0.003309947932389163
138,13.309709250175562,-0.0033075650114122277
139,13.309741958789145,-0.003305166003921164
140,13.309774884818088,-0.0033027509164097906
141,13.309808028173748,-0.0033003197554131946
142,13.309841388766937,-0.0032978725275059845
143,13.309874966507877,-0.0032954092393041178
144,13.309908761306243,-0.003292929897463441
145,13.309942773071144,-0.003290434508680126
146,13.309977001711117,-0.003287923079691268
147,13.31001144713413,-0.003285395617274161
148,13.310046109247601,-0.0032828521282461808
149,13.310080987958385,-0.003280292619464952
150,13.310116083172765,-0.0032777170978287216
151,13.310151394796472,-0.003275125570275755
152,13.31018692273466,-0.003272518043784809
153,13.310222666891926,-0.0032698945253748263
154,13.31025862717231,-0.003267255022104948
155,13.310294803479287,-0.0032645995410744005
156,13.310331195715769,-0.0032619280894228353
157,13.310367803784114,-0.0032592406743295428
158,13.31040462758611,-0.0032565373030146146
159,13.310441667022978,-0.003253817982738184
160,13.310478921995411,-0.003251082720799506
161,13.310516392403507,-0.0032483315245390295
162,13.310554078146815,-0.0032455644013370615
163,13.310591979124327,-0.0032427813586135726
164,13.310630095234481,-0.0032399824038285316
165,13.310668426375154,-0.0032371675444820788
166,13.31070697244365,-0.0032343367881144296
167,13.310745733336732,-0.003231490142305595
168,13.310784708950607,-0.003228627614675198
169,13.310823899180905,-0.0032257492128834157
170,13.310863303922716,-0.003222854944629659
171,13.31090292307057,-0.0032199448176534963
172,13.310942756518434,-0.003217018839734282
173,13.31098280415973,-0.0032140770186910726
174,13.31102306588731,-0.003211119362382867
175,13.31106354159349,-0.003208145878707998
176,13.31110423117,-0.003205156575605413
177,13.311145134508036,-0.0032021514610531556
178,13.311186251498244,-0.0031991305430687654
179,13.311227582030707,-0.0031960938297095898
180,13.311269125994956,-0.0031930413290728096
181,13.311310883279953,-0.0031899730492954263
182,13.31135285377414,-0.003186888998553233
183,13.311395037365376,-0.0031837891850624205
184,13.311437433940982,-0.0031806736170782077
185,13.311480043387716,-0.0031775423028957404
186,13.311522865591796,-0.003174395250849212
187,13.311565900438875,-0.0031712324693126737
188,13.311609147814073,-0.003168053966699211
189,13.311652607601939,-0.003164859751461837
190,13.311696279686483,-0.003161649832092583
191,13.311740163951155,-0.0031584242171231454
192,13.311784260278872,-0.0031551829151241976
193,13.311828568551993,-0.003151925934705635
194,13.311873088652316,-0.0031486532845174404
195,13.311917820461105,-0.0031453649732480628
196,13.311962763859064,-0.0031420610096257484
197,13.312007918726364,-0.0031387414024175568
198,13.31205328494261,-0.0031354061604299786
199,13.312098862386868,-0.003132055292508715
200,13.31214465093766,-0.003128688807538505
201,13.312190650472955,-0.0031253067144431253
202,13.312236860870184,-0.0031219090221854392
203,13.312283282006208,-0.003118495739768207
204,13.312329913757383,-0.003115066876231454
205,13.312376755999482,-0.0031116224406560803
206,13.312423808607747,-0.0031081624421611053
207,13.312471071456882,-0.0031046868899043275
208,13.312518544421037,-0.003101195793082912
209,13.31256622737382,-0.0030976891609328654
210,13.312614120188293,-0.0030941670027290155
211,13.312662222736984,-0.0030906293277850176
212,13.312710534891863,-0.0030870761454535375
213,13.312759056524373,-0.0030835074651259817
214,13.312807787505397,-0.0030799232962325
215,13.312856727705306,-0.0030763236482415947
216,13.312905876993899,-0.0030727085306612666
217,13.312955235240445,-0.0030690779530377185
218,13.31300480231367,-0.003065431924956285
219,13.313054578081772,-0.0030617704560401077
220,13.313104562412393,-0.00305809355595183
221,13.31315475517264,-0.003054401234392452
222,13.313205156229083,-0.003050693501101314
223,13.313255765447748,-0.0030469703658566457
224,13.313306582694135,-0.003043231838474653
225,13.313357607833195,-0.003039477928810689
226,13.313408840729354,-0.0030357086467576308
227,13.313460281246476,-0.003031924002248091
228,13.313511929247914,-0.003028124005251919
229,13.313563784596466,-0.0030243086657781816
230,13.3136158471544,-0.0030204779938739824
231,13.31366811678346,-0.0030166319996244436
232,13.313720593344836,-0.0030127706931532766
233,13.313773276699195,-0.0030088940846226798
234,13.313826166706665,-0.003005002184232513
235,13.313879263226843,-0.0030010950022214375
236,13.313932566118789,-0.0029971725488658193
237,13.31398607524103,-0.0029932348344806443
238,13.314039790451563,-0.002989281869418549
239,13.314093711607851,-0.0029853136640705337
240,13.314147838566825,-0.0029813302288656525
241,13.314202171184883,-0.0029773315742709586
242,13.314256709317895,-0.0029733177107914635
243,13.314311452821194,-0.002969288648970359
244,13.314366401549586,-0.002965244399388626
245,13.314421555357349,-0.0029611849726651884
246,13.314476914098227,-0.0029571103794569192
247,13.31453247762544,-0.002953020630458492
248,13.314588245791672,-0.0029489157364026176
249,13.314644218449084,-0.002944795708059514
250,13.314700395449307,-0.0029406605562373954
251,13.31475677664346,-0.0029365102917817206
252,13.314813361882104,-0.0029323449255765225
253,13.314870151015292,-0.00292816446854305
254,13.314927143892557,-0.0029239689316399044
255,13.314984340362896,-0.0029197583258638595
256,13.315041740274774,-0.0029155326622491862
257,13.315099343476152,-0.0029112919518672633
258,13.315157149814441,-0.0029070362058278582
259,13.315215159136551,-0.0029027654352774056
260,13.315273371288844,-0.0028984796514004525
261,13.315331786117186,-0.0028941788654185847
262,13.315390403466912,-0.0028898630885904274
263,13.315449223182815,-0.0028855323322131694
264,13.315508245109193,-0.0028811866076202185
265,13.315567469089803,-0.0028768259261830074
266,13.31562689496789,-0.0028724502993099548
267,13.315686522586178,-0.002868059738446822
268,13.315746351786865,-0.0028636542550766492
269,13.315806382411642,-0.0028592338607195044
270,13.315866614301665,-0.002854798566932846
271,13.315927047297578,-0.002850348385311242
272,13.315987681239516,-0.0028458833274859637
273,13.31604851596707,-0.002841403405126281
274,13.31610955131936,-0.0028369086299370656
275,13.316170787134931,-0.0028323990136618865
276,13.316232223251859,-0.0028278745680799054
277,13.31629385950768,-0.0028233353050079887
278,13.316355695739421,-0.0028187812362995336
279,13.316417731783588,-0.0028142123738453023
280,13.316479967476182,-0.0028096287295725254
281,13.316542402652681,-0.002805030315445217
282,13.316605037148063,-0.002800417143464247
283,13.316667870796774,-0.0027957892256674464
284,13.316730903432747,-0.002791146574129602
285,13.316794134889424,-0.0027864892009613535
286,13.316857564999722,-0.0027818171183104355
287,13.316921193596047,-0.0027771303383614062
288,13.316985020510284,-0.002772428873335492
289,13.31704904557382,-0.002767712735490259
290,13.317113268617538,-0.002762981937119404
291,13.317177689471793,-0.0027582364905540096
292,13.31724230796645,-0.0027534764081606562
293,13.317307123930854,-0.002748701702343052
294,13.31737213719384,-0.002743912385541171
295,13.317437347583745,-0.0027391084702309784
296,13.31750275492838,-0.0027342899689256884
297,13.31756835905508,-0.002729456894173453
298,13.317634159790648,-0.002724609258559837
299,13.317700156961388,-0.0027197470747062154
300,13.317766350393102,-0.0027148703552701977
301,13.317832739911085,-0.0027099791129454043
302,13.317899325340129,-0.0027050733604618063
303,13.317966106504517,-0.0027001531105855263
304,13.318033083228045,-0.002695218376118323
305,13.318100255333986,-0.0026902691698983054
306,13.31816762264512,-0.0026853055047998163
307,13.318235184983724,-0.002680327393732754
308,13.318302942171574,-0.002675334849643135
309,13.318370894029947,-0.0026703278855127336
310,13.318439040379616,-0.0026653065143592944
311,13.318507381040861,-0.002660270749236314
312,13.318575915833454,-0.002655220603233209
313,13.31864464457667,-0.002650156089475164
314,13.31871356708929,-0.002645077221122904
315,13.318782683189601,-0.00263998401137276
316,13.318851992695377,-0.002634876473457208
317,13.31892149542391,-0.002629754620643829
318,13.318991191191985,-0.0026246184662361777
319,13.3190610798159,-0.0026194680235730474
320,13.31913116111146,-0.0026143033060286947
321,13.31920143489397,-0.002609124327013044
322,13.31927190097823,-0.0026039310999716953
323,13.319342559178574,-0.0025987236383849363
324,13.319413409308805,-0.002593501955769583
325,13.319484451182264,-0.0025882660656766565
326,13.319555684611794,-0.0025830159816928374
327,13.319627109409728,-0.0025777517174406478
328,13.319698725387937,-0.002572473286576874
329,13.319770532357778,-0.00256718070279413
330,13.319842530130133,-0.0025618739798198968
331,13.319914718515387,-0.0025565531314169702
332,13.319987097323434,-0.002551218171383043
333,13.320059666363683,-0.002545869113551142
334,13.320132425445053,-0.002540505971789237
335,13.320205374375979,-0.0025351287600000115
336,13.3202785129644,-0.0025297374921214324
337,13.320351841017787,-0.002524332182126002
338,13.320425358343105,-0.00251891284402151
339,13.320499064746844,-0.0025134794918502926
340,13.320572960035012,-0.002508032139689428
341,13.320647044013128,-0.002502570801650821
342,13.320721316486233,-0.002497095491881091
343,13.320795777258867,-0.00249160622456193
344,13.320870426135103,-0.0024861030139093397
345,13.320945262918531,-0.0024805858741738887
346,13.321020287412264,-0.0024750548196404614
347,13.32109549941892,-0.002469509864629082
348,13.321170898740643,-0.0024639510234940624
349,13.321246485179103,-0.0024583783106239005
350,13.321322258535478,-0.0024527917404420898
351,13.321398218610481,-0.0024471913274057614
352,13.321474365204342,-0.0024415770860069684
353,13.321550698116802,-0.002435949030772066
354,13.321627217147144,-0.002430307176261194
355,13.32170392209416,-0.0024246515370693503
356,13.321780812756177,-0.0024189821278251668
357,13.321857888931039,-0.0024132989631918127
358,13.321935150416111,-0.0024076020578665293
359,13.32201259700829,-0.002401891426580687
360,13.322090228504008,-0.0023961670840993202
361,13.322168044699204,-0.002390429045222097
362,13.322246045389349,-0.0023846773247823898
363,13.32232423036946,-0.0023789119376472173
364,13.32240259943406,-0.002373132898717953
365,13.322481152377216,-0.0023673402229293715
366,13.322559888992524,-0.0023615339252502756
367,13.322638809073101,-0.0023557140206831987
368,13.322717912411594,-0.002349880524264872
369,13.322797198800195,-0.0023440334510649967
370,13.322876668030613,-0.00233817281618752
371,13.322956319894097,-0.0023322986347696206
372,13.323036154181425,-0.00232641092198242
373,13.323116170682912,-0.002320509693030324
374,13.323196369188414,-0.0023145949631510634
375,13.323276749487308,-0.002308666747616368
376,13.323357311368506,-0.00230272506173121
377,13.323438054620464,-0.0022967699208339917
378,13.323518979031178,-0.0022908013402959584
379,13.323600084388172,-0.0022848193355222554
380,13.323681370478509,-0.0022788239219512243
381,13.323762837088793,-0.002272815115054272
382,13.32384448400517,-0.0022667929303359573
383,13.323926311013317,-0.002260757383334146
384,13.32400831789846,-0.0022547084896196285
385,13.324090504445353,-0.0022486462647967006
386,13.32417287043831,-0.0022425707245019746
387,13.32425541566117,-0.002236481884405765
388,13.324338139897314,-0.002230379760211158
389,13.324421042929677,-0.00222426436765394
390,13.32450412454073,-0.0022181357225029385
391,13.324587384512494,-0.0022119938405596984
392,13.324670822626524,-0.002205838737658746
393,13.324754438663934,-0.002199670429667256
394,13.324838232405375,-0.002193488932484865
395,13.32492220363104,-0.0021872942620445686
396,13.325006352120685,-0.0021810864343111314
397,13.325090677653602,-0.0021748654652824937
398,13.325175180008626,-0.0021686313709891685
399,13.325259858964147,-0.002162384167494129
400,13.325344714298122,-0.0021561238708920345
401,13.32542974578803,-0.0021498504973111103
402,13.325514953210906,-0.002143564062911727
403,13.325600336343356,-0.0021372645838859017
404,13.32568589496152,-0.0021309520764584747
405,13.325771628841093,-0.002124626556886712
406,13.325857537757326,-0.0021182880414598606
407,13.325943621485022,-0.0021119365464992578
408,13.326029879798542,-0.0021055720883586026
409,13.326116312471795,-0.002099194683423729
410,13.32620291927825,-0.002092804348112219
411,13.326289699990934,-0.0020864010988740026
412,13.326376654382429,-0.0020799849521907165
413,13.32646378222487,-0.002073555924576155
414,13.326551083289958,-0.002067114032575814
415,13.32663855734894,-0.002060659292767517
416,13.326726204172642,-0.002054191721759984
417,13.326814023531439,-0.002047711336194258
418,13.326902015195262,-0.0020412181527433653
419,13.326990178933604,-0.0020347121881115924
420,13.327078514515533,-0.0020281934590348806
421,13.327167021709663,-0.002021661982280953
422,13.327255700284175,-0.0020151177746492075
423,13.327344550006831,-0.0020085608529697616
424,13.327433570644928,-0.0020019912341055716
425,13.327522761965335,-0.001995408934950187
426,13.327612123734514,-0.0019888139724280694
427,13.327701655718464,-0.0019822063634959554
428,13.327791357682758,-0.0019755861251414195
429,13.327881229392547,-0.0019689532743831528
430,13.327971270612531,-0.001962307828271688
431,13.328061481106994,-0.001955649803888071
432,13.328151860639776,-0.0019489792183450176
433,13.328242408974313,-0.0019422960887854454
434,13.328333125873584,-0.0019356004323842963
435,13.328424011100143,-0.0019288922663473478
436,13.328515064416134,-0.0019221716079106525
437,13.32860628558325,-0.001915438474342005
438,13.328697674362786,-0.0019086928829391571
439,13.328789230515584,-0.0019019348510316138
440,13.32888095380207,-0.0018951643959791945
441,13.328972843982244,-0.0018883815351726288
442,13.329064900815682,-0.0018815862860332236
443,13.329157124061542,-0.0018747786660129875
444,13.329249513478546,-0.0018679586925947774
445,13.329342068825014,-0.0018611263832911664
446,13.32943478985883,-0.0018542817556460658
447,13.329527676337456,-0.001847424827233744
448,13.329620728017938,-0.0018405556156587573
449,13.329713944656907,-0.0018336741385559555
450,13.329807326010567,-0.0018267804135907318
451,13.329900871834703,-0.0018198744584587744
452,13.32999458188469,-0.0018129562908858895
453,13.330088455915483,-0.001806025928628126
454,13.330182493681615,-0.0017990833894717824
455,13.330276694937213,-0.0017921286912331688
456,13.33037105943598,-0.0017851618517588954
457,13.33046558693121,-0.0017781828889252992
458,13.330560277175781,-0.0017711918206388566
459,13.33065512992216,-0.0017641886648359635
460,13.330750144922396,-0.0017571734394831197
461,13.330845321928136,-0.0017501461625764293
462,13.330940660690608,-0.0017431068521417245
463,13.33103616096063,-0.0017360555262349606
464,13.33113182248861,-0.0017289922029416693
465,13.331227645024557,-0.0017219169003766797
466,13.33132362831806,-0.0017148296366849103
467,13.331419772118304,-0.0017077304300408007
468,13.331516076174061,-0.0017006192986484202
469,13.331612540233714,-0.001693496260740802
470,13.33170916404522,-0.001686361334581029
471,13.331805947356145,-0.0016792145384611874
472,13.331902889913646,-0.0016720558907028873
473,13.331999991464476,-0.0016648854096571644
474,13.332097251754982,-0.0016577031137040784
475,13.33219467053111,-0.0016505090212533653
476,13.332292247538415,-0.001643303150743033
477,13.332389982522034,-0.001636085520641224
478,13.332487875226716,-0.0016288561494445918
479,13.332585925396812,-0.0016216150556787742
480,13.33268413277625,-0.0016143622578991287
481,13.332782497108594,-0.0016070977746890818
482,13.332881018136995,-0.0015998216246611682
483,13.332979695604198,-0.0015925338264571188
484,13.333078529252571,-0.0015852343987471144
485,13.333177518824076,-0.0015779233602301595
486,13.333276664060271,-0.0015706007296343507
487,13.333375964702343,-0.00156326652571586
488,13.33347542049106,-0.001555920767260048
489,13.333575031166816,-0.0015485634730803633
490,13.333674796469607,-0.001541194662019084
491,13.333774716139036,-0.0015338143529469053
492,13.333874789914317,-0.0015264225647629243
493,13.333975017534273,-0.0015190193163946584
494,13.334075398737339,-0.001511604626798032
495,13.334175933261559,-0.001504178514957042
496,13.3342766208446,-0.001496740999884026
497,13.334377461223717,-0.0014892921006200112
498,13.334478454135814,-0.001481831836233043
499,13.33457959931738,-0.0014743602258203894
500,13.334680896504533,-0.0014668772885067924
501,13.334782345433002,-0.0014593487419649158
502,13.334883862176225,-0.0014517141687817165
503,13.334985200003535,-0.0014439291913370862
504,13.335085956160722,-0.0014359670757369527
505,13.335185578651268,-0.0014278211566031694
506,13.335283373018326,-0.0014195079315317215
507,13.335378509127398,-0.0014110706808750687
508,13.33547002794991,-0.001402583475333471
509,13.335556848347728,-0.0013941554406821655
510,13.335637773858691,-0.0013859351557934311
511,13.335711499483295,-0.0013781150669399708
512,13.335776618472595,-0.0013709358082086012
513,13.335831629117465,-0.0013646903246770873
514,13.335874941539252,-0.001359727701854311
515,13.335904884481984,-0.0013564566117213338
516,13.335919712106087,-0.0013553482925634385
517,13.335917610783781,-0.0013569389866399223
518,13.335896705896136,-0.0013618317666043514
519,13.33585506863183,-0.0013706976884701853
520,13.335790722787578,-0.0013842762158050538
521,13.335701651570302,-0.001403374866740252
522,13.335585804400859,-0.001428868042306549
523,13.335441103719406,-0.001461695001532316
524,13.335265451792242,-0.001502856955696943
525,13.335056737519961,-0.001553413261092848
526,13.334812843246961,-0.0016144766966245758
527,13.334531651571826,-0.0016872078195789605
528,13.334211052158738,-0.001772808399887408
529,13.33384894854946,-0.0018725139402370403
530,13.333443264975678,-0.0019875852964067998
531,13.332991953171485,-0.00211929941923972
532,13.332492999185662,-0.002268939246707665
533,13.33194443019346,-0.0024377827815659846
534,13.331344321307439,-0.0026270913971424147
535,13.330690802387108,-0.002838097420840852
536,13.329982064846872,-0.003071991051975613
537,13.329216368461886,-0.0033299066775735234
538,13.328392048171418,-0.0036129086567829203
539,13.327507520879166,-0.003921976651520591
540,13.326561292250199,-0.004257990587940844
541,13.32555196350382,-0.00462171534025464
542,13.324478238202087,-0.0050137852353102225
543,13.323338929033305,-0.005434688483220964
544,13.322132964590033,-0.00588475164613555
545,13.320859396141136,-0.006364124264013121
546,13.319517404397253,-0.006872763762992071
547,13.318106306269264,-0.00741042077859083
548,13.316625561619222,-0.007976625032587876
549,13.315074780003183,-0.008570671908962827
550,13.313453727405559,-0.009191609880746479
551,13.311762332964467,-0.009838875877799105
552,13.310000609909983,-0.010512454782757866
553,13.308168572023652,-0.011212330863952678
554,13.306266233638572,-0.011938487775751407
555,13.304293609639577,-0.012690908558915673
556,13.302250715463327,-0.013469575640973173
557,13.300137567098481,-0.01427447083660082
558,13.297954181085855,-0.015105575348022492
559,13.295700574518538,-0.015962869765420516
560,13.293376765042096,-0.016846334067359196
561,13.290982770854704,-0.01775594762122344
562,13.288518610707337,-0.01869168918366887
563,13.285984303903936,-0.019653536901087256
564,13.283379870301594,-0.02064146831008341
565,13.28070533031075,-0.02165546033796668
566,13.277960704895374,-0.02269548930325559
567,13.275146015573146,-0.02376153091619602
568,13.272261284415709,-0.024853560279290858
569,13.269306534048832,-0.02597155188784626
570,13.26628178765265,-0.02711547963052808
571,13.263187068961892,-0.02828531678993311
572,13.26002240226608,-0.029481036043174213
573,13.256787812409781,-0.030702609462477187
574,13.253483324792862,-0.03195000851579123
575,13.250108965370682,-0.03322320406741464
576,13.2466647606544,-0.034522166378630564
577,13.24315073771121,-0.03584686510835826
578,13.239566924164576,-0.03719726931381737
579,13.235913348194552,-0.03857334745120412
580,13.232190038538029,-0.039975067376381825
581,13.228397024488991,-0.0414023963455855
582,13.224534335898852,-0.042855301016136924
583,13.22060200317672,-0.04433374744717518
584,13.216600057289684,-0.04583770110040011
585,13.212528529763162,-0.04736712684082724
586,13.208387452681169,-0.04892198893755854
587,13.204176858686656,-0.05050225106456384
588,13.199896780981836,-0.052107876301476765
589,13.195547253328508,-0.053738827134403366
590,13.191128310048397,-0.055395065456743546
591,13.186639986023497,-0.0570765525700265
592,13.18208231669643,-0.058783249184757906
593,13.177455338070784,-0.06051511542128173
594,13.1727590867115,-0.062272110810653154
595,13.167993599745223,-0.06405419429552657
596,13.163158914860714,-0.06586132423105441
597,13.158255070309178,-0.06769345838580171
598,13.1532821049047,-0.06955055394267112
599,13.148240058024653,-0.07143256749984125
600,13.143128969610048,-0.07333945507172046
601,13.137948880165998,-0.07527117208991009
602,13.13269983076213,-0.07722767340418274
603,13.12738186303299,-0.07920891328347328
604,13.121995019178486,-0.08121484541688223
605,13.116539341964367,-0.08324542291469142
606,13.111014874722617,-0.08530059830939474
607,13.105421661351928,-0.08738032355673972
608,13.09975974631819,-0.08948455003678217
609,13.094029174654946,-0.09161322855495407
610,13.08822999196387,-0.09376630934314446
611,13.082362244415252,-0.0959437420607928
612,13.076425978748517,-0.09814547579599468
613,13.070421242272692,-0.10037145906662144
614,13.064348082866948,-0.10262163982145098
615,13.058206548981117,-0.10489596544131238
616,13.0519966896362,-0.10719438274024315
617,13.045718554424916,-0.10951683796665877
618,13.039372193512262,-0.11186327680453458
619,13.032957657636045,-0.11423364437460114
620,13.026474998107444,-0.11662788523555195
621,13.019924266811596,-0.1190459433852632
622,13.013305516208172,-0.12148776226202629
623,13.006618799331951,-0.12395328474579383
624,12.999864169793433,-0.1264424531594369
625,12.99304168177944,-0.1289552092700156
626,12.986151390053717,-0.13149149429006196
627,12.979193349957583,-0.13405124887887476
628,12.97216761741056,-0.13663441314382735
629,12.965074248910978,-0.13924092664168883
630,12.95791330153668,-0.14187072837995499
631,12.950684832945665,-0.14452375681819427
632,12.943388901376727,-0.1471999498694055
633,12.936025565650192,-0.14989924490138615
634,12.928594885168568,-0.1526215787381158
635,12.921096919917266,-0.15536688766114953
636,12.913531730465307,-0.15813510741102446
637,12.905899377966053,-0.16092617318867877
638,12.898199924157906,-0.16374001965688334
639,12.890433431365102,-0.1665765809416836
640,12.882599962498412,-0.16943579063385644
641,12.874699581055944,-0.17231758179037673
642,12.866732351123899,-0.17522188693589769
643,12.858698337377362,-0.17814863806424214
644,12.850597605081113,-0.18109776663990637
645,12.842430220090392,-0.18406920359957718
646,12.834196248851768,-0.1870628793536587
647,12.825895758403927,-0.19007872378781313
648,12.81752881637857,-0.19311666626451138
649,12.809095491001196,-0.19617663562459897
650,12.800595851092025,-0.19925856018887075
651,12.792029966066838,-0.20236236775965885
652,12.783397905937894,-0.2054879856224322
653,12.77469974131482,-0.2086353405474082
654,12.765935543405519,-0.21180435879117626
655,12.757105384017109,-0.21499496609833255
656,12.748209335556856,-0.21820708770312686
657,12.739247471033131,-0.22144064833112176
658,12.730219864056364,-0.22469557220086236
659,12.721126588840033,-0.22797178302555884
660,12.711967720201658,-0.23126920401477954
661,12.702743333563802,-0.23458775787615677
662,12.693453504955082,-0.23792736681710375
663,12.684098311011219,-0.24128795254654264
664,12.674677828976058,-0.24466943627664514
665,12.665192136702665,-0.24807173872458343
666,12.655641312654357,-0.2514947801142942
667,12.646025435905843,-0.25493848017825155
668,12.636344586144288,-0.25840275815925406
669,12.626598843670441,-0.26188753281222205
670,12.616788289399777,-0.2653927224060059
671,12.606913004863637,-0.26891824472520587
672,12.596973072210405,-0.2724640170720036
673,12.58696857420668,-0.2760299562680043
674,12.576899594238448,-0.27961597865609183
675,12.566766216312335,-0.2832220001022917
676,12.55656852505682,-0.28684793599764846
677,12.546306605723458,-0.2904937012601127
678,12.535980544188165,-0.2941592103364393
679,12.525590426952487,-0.29784437720409707
680,12.515136341144874,-0.3015491153731895
681,12.504618374522035,-0.30527333788838507
682,12.494036615470224,-0.30901695733086126
683,12.483391153006611,-0.3127798858202567
684,12.472682076780627,-0.31656203501663643
685,12.461909477075364,-0.32036331612246605
686,12.451073444808967,-0.3241836398845986
687,12.440174071536036,-0.32802291659627125
688,12.42921144944909,-0.33188105609911217
689,12.418185671380014,-0.3357579677851593
690,12.407096830801512,-0.3396535605988897
691,12.395945021828641,-0.34356774303925813
692,12.384730339220287,-0.34750042316174834
693,12.373452878380725,-0.3514515085804333
694,12.362112735361155,-0.3554209064700468
695,12.350710006861293,-0.35940852356806496
696,12.339244790230952,-0.36341426617679906
697,12.327717183471652,-0.3674380401654984
698,12.316127285238283,-0.37147975097246283
699,12.30447519484073,-0.375539303607167
700,12.292761012245595,-0.3796166026523933
701,12.280984838077853,-0.383711552266377
702,12.2691467736226,-0.3878240561849602
703,12.25724692082681,-0.39195401772375615
704,12.245285382301075,-0.3961013397803245
705,12.233262261321439,-0.40026592483635515
706,12.221177661831161,-0.404447674959865
707,12.2090316884426,-0.40864649180740126
708,12.196824446439063,-0.41286227662625696
709,12.184556041776688,-0.41709493025669636
710,12.172226581086367,-0.4213443531341893
711,12.159836171675668,-0.4256104452916561
712,12.147384921530827,-0.4298931063617221
713,12.134872939318706,-0.4341922355789823
714,12.122300334388829,-0.43850773178227526
715,12.109667216775405,-0.44283949341696727
716,12.096973697199417,-0.4471874185372453
717,12.084219887070693,-0.4515514048084211
718,12.071405898490049,-0.455931349509243
719,12.05853184425143,-0.46032714953421894
720,12.045597837844094,-0.4647387013959472
721,12.032603993454803,-0.4691659012274595
722,12.019550425970067,-0.4736086447845699
723,12.006437250978427,-0.4780668274482352
724,11.993264584772714,-0.4825403442269256
725,11.980032544352394,-0.4870290897590014
726,11.96674124742592,-0.4915329583151024
727,11.953390812413108,-0.4960518438005446
728,11.939981358447579,-0.5005856397577254
729,11.92651300537917,-0.50513423936854
730,11.91298587377644,-0.5096975354568057
731,11.899400084929175,-0.5142754204906953
732,11.88575576085093,-0.518867786585178
733,11.872053024281605,-0.5234745255044729
734,11.858291998690069,-0.5280955286645075
735,11.84447280827678,-0.5327306871353876
736,11.830595577976517,-0.5373798916438737
737,11.816660433461031,-0.5420430325758686
738,11.802667501141848,-0.5467199999789122
739,11.788616908173028,-0.5514106835646848
740,11.774508782453994,-0.5561149727115202
741,11.760343252632403,-0.560832756466926
742,11.746120448107028,-0.5655639235501125
743,11.731840499030731,-0.5703083623545308
744,11.717503536313384,-0.5750659609504197
745,11.703109691624915,-0.5798366070873587
746,11.688659097398363,-0.5846201881968325
747,11.674151886832954,-0.5894165913948001
748,11.659588193897262,-0.5942257034842752
749,11.64496815333235,-0.599047410957913
750,11.630291900655017,-0.6038816000006061
751,11.615559572161049,-0.6087281564920866
752,11.600771304928514,-0.6135869660095392
753,11.585927236821112,-0.618457913830219
754,11.571027506491552,-0.6233408849340801
755,11.556072253385015,-0.628235764006409
756,11.54106161774261,-0.6331424354404688
757,11.525995740604912,-0.6380607833401483
758,11.510874763815512,-0.6429906915226218
759,11.49569883002467,-0.6479320435210132
760,11.480468082692967,-0.6528847225870699
761,11.465182666094993,-0.6578486116938443
762,11.44984272532315,-0.6628235935383818
763,11.43444840629144,-0.6678095505444153
764,11.418999855739349,-0.6728063648650694
765,11.403497221235751,-0.6778139183855701
766,11.387940651182879,-0.6828320927259627
767,11.372330294820328,-0.6878607692438363
768,11.356666302229165,-0.6928998290370553
769,11.340948824335996,-0.697949152946499
770,11.325178012917219,-0.7030086215588064
771,11.309354020603207,-0.7080781152091299
772,11.293477000882623,-0.7131575139838948
773,11.277547108106761,-0.7182466977235655
774,11.261564497493959,-0.7233455460254193
775,11.245529325134063,-0.7284539382463262
776,11.22944174799296,-0.7335717535055353
777,11.213301923917141,-0.738698870687469
778,11.197110011638392,-0.7438351684445215
779,11.180866170778435,-0.748980525199867
780,11.164570561853767,-0.7541348191502708
781,11.148223346280448,-0.7592979282689092
782,11.131824686379028,-0.7644697303081952
783,11.115374745379484,-0.7696501028026099
784,11.098873687426284,-0.7748389230715402
785,11.08232167758346,-0.7800360682221237
786,11.065718881839782,-0.7852414151520972
787,11.04906546711398,-0.7904548405526555
788,11.032361601260071,-0.7956762209113108
789,11.015607453072718,-0.8009054325147629
790,10.998803192292693,-0.806142351451771
791,10.981948989612366,-0.8113868536160352
792,10.965045016681335,-0.8166388147090807
793,10.948091446112082,-0.8218981102431493
794,10.931088451485714,-0.827164615544095
795,10.91403620735778,-0.8324382057542884
796,10.89693488926418,-0.8377187558355216
797,10.879784673727157,-0.8430061405719221
798,10.862585738261336,-0.8483002345728724
799,10.845338261379869,-0.8536009122759317
800,10.828042422600666,-0.8589080479497657
801,10.810698402452704,-0.8642215156970804
802,10.793306382482418,-0.8695411894575608
803,10.775866545260158,-0.8748669430108159
804,10.758379074386797,-0.8801986499793264
805,10.740844154500351,-0.8855361838313993
806,10.723261971282742,-0.890879417884127
807,10.705632711466622,-0.8962282253063498
808,10.687956562842317,-0.9015824791216249
809,10.670233714264803,-0.9069420522111997
810,10.652464355660896,-0.9123068173169874
811,10.634648678036404,-0.9176766470445499
812,10.616786873483461,-0.9230514138660854
813,10.59887913518793,-0.9284309901234167
814,10.580925657436918,-0.9338152480309884
815,10.562926635626384,-0.9392040596788643
816,10.544882266268843,-0.9445972970357328
817,10.526792747001206,-0.9499948319519123
818,10.508658276592694,-0.9553965361623635
819,10.490479054952848,-0.9608022812897068
820,10.472255283139718,-0.9662119388472391
821,10.453987163368085,-0.9716253802419574
822,10.435674899017819,-0.9770424767775882
823,10.417318694642367,-0.9824630996576154
824,10.398918755977363,-0.9878871199883159
825,10.38047528994931,-0.9933144087817978
826,10.36198850468442,-0.9987448369590418
827,10.343458609517574,-1.004178275352945
828,10.32488581500138,-1.0096145947113695
829,10.306270332915378,-1.0150536657001954
830,10.287612376275357,-1.020495358906373
831,10.268912159342783,-1.0259395448409823
832,10.250169897634413,-1.0313860939422939
833,10.231385807931979,-1.0368348765788322
834,10.212560108292031,-1.042285763052442
835,10.193693018055914,-1.0477386236013593
836,10.174784757859875,-1.0531933284032835
837,10.155835549645323,-1.0586497475784515
838,10.136845616669206,-1.0641077511927175
839,10.117815183514546,-1.0695672092606316
840,10.09874447610113,-1.0750279917485237
841,10.079633721696304,-1.080489968577589
842,10.060483148925968,-1.0859530096269756
843,10.04129298778569,-1.0914169847368742
844,10.022063469651984,-1.0968817637116104
845,10.002794827293712,-1.10234721632274
846,9.983487294883705,-1.1078132123121447
847,9.96414110801049,-1.1132796213951308
848,9.944756503690186,-1.1187463132635294
849,9.92533372037861,-1.1242131575887986
850,9.905872997983444,-1.129680024025129
851,9.886374577876706,-1.1351467822125474
852,9.866838702907295,-1.1406133017800253
853,9.847265617413708,-1.1460794523485884
854,9.827655567237024,-1.1515451035344255
855,9.808008799733939,-1.157010124952002
856,9.788325563790083,-1.162474386217172
857,9.768606109833476,-1.1679377569502936
858,9.748850689848151,-1.1734001067793445
859,9.72905955738803,-1.1788613053430368
860,9.709232967590898,-1.1843212222939388
861,9.689371177192657,-1.1897797273015904
862,9.66947444454173,-1.1952366900556237
863,9.649543029613659,-1.2006919802688842
864,9.629577194025924,-1.2061454676805523
865,9.609577201052971,-1.2115970220592627
866,9.589543315641418,-1.2170465132062311
867,9.569475804425487,-1.222493810958373
868,9.54937493574266,-1.2279387851914296
869,9.529240979649527,-1.2333813058230918
870,9.509074207937875,-1.2388212428161227
871,9.488874894150964,-1.2442584661814833
872,9.468643313600081,-1.249692845981456
873,9.448379743381253,-1.2551242523327704
874,9.428084462392269,-1.2605525554097257
875,9.407757751349862,-1.2659776254473174
876,9.38739989280714,-1.2713993327443605
877,9.367011171171342,-1.2768175476666126
878,9.34659187272171,-1.2822321406498993
879,9.326142285627686,-1.2876429822032363
880,9.305662699967353,-1.2930499429119515
881,9.285153407746089,-1.2984528934408093
882,9.264614702915528,-1.3038517045371303
883,9.244046881392745,-1.3092462470339128
884,9.223450241079716,-1.3146363918529527
885,9.202825081883054,-1.3200220100079625
886,9.182171705733984,-1.3254029726076901
887,9.16149041660862,-1.3307791508590363
888,9.14078152054854,-1.336150416070169
889,9.12004532568155,-1.3415166396536395
890,9.099282142242869,-1.3468776931294972
891,9.07849228259649,-1.3522334481283984
892,9.057676061256853,-1.3575837763947216
893,9.036833794910867,-1.362928549789674
894,9.01596580244018,-1.3682676402943992
895,8.995072404943768,-1.3736009200130848
896,8.974153925760836,-1.3789282611760663
897,8.953210690494032,-1.3842495361429286
898,8.93224302703294,-1.3895646174056084
899,8.911251265577945,-1.3948733775914919
900,8.890235738664398,-1.4001756894665116
901,8.86919678118708,-1.4054714259382404
902,8.848134730425066,-1.410760460058985
903,8.827049926066838,-1.4160426650288749
904,8.805942710235783,-1.421317914198951
905,8.784813427516054,-1.42658608107425
906,8.76366242497874,-1.4318470393168867
907,8.742490052208403,-1.4371006627491358
908,8.721296661329957,-1.4423468253565077
909,8.700082607035922,-1.447585401290824
910,8.678848246614061,-1.4528162648732879
911,8.657593939975328,-1.458039290597555
912,8.636320049682233,-1.463254353132798
913,8.615026940977593,-1.468461327326769
914,8.593714981813601,-1.4736600882088606
915,8.572384542881354,-1.4788505109931604
916,8.55103599764074,-1.4840324710815052
917,8.529669722350688,-1.4892058440665306
918,8.508286096099882,-1.4943705057347163
919,8.486885500837806,-1.4995263320694292
920,8.465468321406247,-1.5046731992539626
921,8.444034945571197,-1.5098109836745701
922,8.422585764055146,-1.514939561923499
923,8.40112117056983,-1.5200588108020159
924,8.379641561849372,-1.5251686073234303
925,8.358147337683876,-1.5302688287161152
926,8.33663890095344,-1.5353593524265226
927,8.315116657662607,-1.5404400561221918
928,8.293581016975239,-1.5455108176947607
929,8.272032391249883,-1.5505715152629638
930,8.250471196075543,-1.5556220271756331
931,8.22889785030791,-1.5606622320146903
932,8.207312776106086,-1.5656920085981367
933,8.1857163989697,-1.570711235983036
934,8.164109147776557,-1.5757197934684948
935,8.14249145482074,-1.580717560598636
936,8.120863755851152,-1.5857044171655708
937,8.09922649011056,-1.5906802432123597
938,8.077580100375123,-1.5956449190359758
939,8.055925032994406,-1.600598325190256
940,8.034261737931837,-1.6055403424888528
941,8.01259066880575,-1.610470852008175
942,7.99091228293081,-1.61538973509033
943,7.969227041360014,-1.6202968733460523
944,7.947535408927169,-1.6251921486576348
945,7.925837854289869,-1.6300754431818483
946,7.904134849972977,-1.6349466393528571
947,7.882426872412656,-1.6398056198851303
948,7.860714402000812,-1.644652267776346
949,7.8389979231302025,-1.6494864663102882
950,7.817277924239913,-1.654308099059741
951,7.795554897861452,-1.6591170498893735
952,7.773829340665326,-1.6639132029586194
953,7.752101753508148,-1.6686964427245514
954,7.730372641480268,-1.6734666539447485
955,7.708642513953922,-1.6782237216801565
956,7.68691188463195,-1.6829675312979415
957,7.665181271596955,-1.6876979684743394
958,7.643451197361088,-1.6924149191974953
959,7.621722188916307,-1.6971182697702984
960,7.599994777785173,-1.7018079068132097
961,7.578269500072178,-1.7064837172670828
962,7.556546896515636,-1.7111455883959752
963,7.534827512540028,-1.7157934077899575
964,7.513111898308927,-1.720427063367912
965,7.491400608778472,-1.725046443380323
966,7.469694203751297,-1.7296514364120639
967,7.44799324793103,-1.734241931385173
968,7.4262983109772795,-1.738817817561626
969,7.404609967561207,-1.7433789845460932
970,7.382928797421517,-1.7479253222887001
971,7.361255385421005,-1.7524567210877706
972,7.339590321603636,-1.7569730715925684
973,7.317934201252042,-1.7614742648060273
974,7.296287624945625,-1.765960192087475
975,7.274651198619051,-1.7704307451553483
976,7.253025533621263,-1.7748858160899028
977,7.231411246774975,-1.7793252973359077
978,7.2098089604366375,-1.783749081705343
979,7.188219302556846,-1.7881570623800755
980,7.166642906741195,-1.7925491329145382
981,7.1450804123115965,-1.7969251872383953
982,7.123532464368006,-1.8012851196591968
983,7.10199971385059,-1.8056288248650323
984,7.08048281760227,-1.8099561979271654
985,7.058982438431691,-1.8142671343026686
986,7.03749924517653,-1.8185615298370463
987,7.0160339127672415,-1.822839280766846
988,6.994587122291088,-1.8271002837222636
989,6.9731595610565185,-1.8313444357297401
990,6.9517519226578806,-1.8355716342145478
991,6.930364907040436,-1.8397817770033653
992,6.908999220565637,-1.8439747623268485
993,6.887655576076669,-1.8481504888221876
994,6.86633469296424,-1.8523088555356557
995,6.84503729723258,-1.8564497619251494
996,6.823764121565618,-1.8605731078627192
997,6.802515905393358,-1.8646787936370879
998,6.781293394958373,-1.8687667199561635
999,6.7600973433824025,-1.87283678794954
1000,6.7389285107330705,-1.8768888991709858
1001,6.717787664090624,-1.8809229556009275
1002,6.696675577614706,-1.88493885964892
1003,6.6755930326111015,-1.8889365141561076
1004,6.6545408175984715,-1.8929158223976748
1005,6.633519728374981,-1.8968766880852865
1006,6.612530568084795,-1.9008190153695181
1007,6.5915741472844385,-1.9047427088422773
1008,6.570651284008956,-1.9086476735392106
1009,6.549762803837775,-1.9125338149421047
1010,6.5289095399603685,-1.9164010389812742
1011,6.50809233324147,-1.920249252037938
1012,6.487312032286001,-1.9240783609465892
1013,6.466569493503514,-1.927888272997348
1014,6.445865581172139,-1.9316788959383102
1015,6.425201167502006,-1.9354501379778783
1016,6.404577132698041,-1.939201907787088
1017,6.383994365022104,-1.9429341145019192
1018,6.363453760854446,-1.946646667725597
1019,6.342956224754308,-1.9503394775308822
1020,6.322502669519711,-1.95401245446235
1021,6.302094016246302,-1.9576655095386573
1022,6.281731194385211,-1.9612985542547992
1023,6.2614151417998505,-1.9649115005843523
1024,6.241146804821538,-1.9685042609817098
1025,6.220927138303935,-1.9720767483843011
1026,6.20075710567613,-1.9756288762148018
1027,6.18063767899438,-1.9791605583833334
1028,6.160569838992327,-1.9826717092896466
1029,6.140554575129686,-1.9861622438252984
1030,6.120592885639235,-1.989632077375814
1031,6.100685777572067,-1.993081125822834
1032,6.08083426684099,-1.9965093055462588
1033,6.06103937826196,-1.9999165334263693
1034,6.0413021455934155,-2.003302726845944
1035,6.021623611573496,-2.006667803692359
1036,6.00200482795496,-2.0100116823596794
1037,5.982446855537661,-2.013334281750737
1038,5.962950764198567,-2.0166355212791904
1039,5.943517632919111,-2.019915320871581
1040,5.924148549809785,-2.0231736009693746
1041,5.904844612131826,-2.026410282530983
1042,5.885606926315953,-2.029625287033782
1043,5.866436607977851,-2.0328185364761113
1044,5.847334781930432,-2.035989953379267
1045,5.828302582192651,-2.0391394607894706
1046,5.80934115199476,-2.0422669822798394
1047,5.790451643779807,-2.0453724419523316
1048,5.771635219201287,-2.0484557644396837
1049,5.7528930491168015,-2.051516874907339
1050,5.734226313577461,-2.0545556990553515
1051,5.715636201813038,-2.0575721631202883
1052,5.697123912212556,-2.0605661938771127
1053,5.678690652300228,-2.0635377186410535
1054,5.660337638706601,-2.0664866652694642
1055,5.642066097134624,-2.0694129621636677
1056,5.623877262320614,-2.0723165382707847
1057,5.605772377989816,-2.0751973230855523
1058,5.58775269680647,-2.0780552466521267
1059,5.569819480318125,-2.080890239565874
1060,5.551973998894113,-2.0837022329751442
1061,5.534217531657881,-2.086491158583036
1062,5.516551366413118,-2.089256948649144
1063,5.498976799563385,-2.091999535991292
1064,5.4814951360251465,-2.0947188539872563
1065,5.464107689133908,-2.0974148365764704
1066,5.4468157805433846,-2.100087418261717
1067,5.429620740117431,-2.1027365341108095
1068,5.412523905814562,-2.105362119758254
1069,5.395526623564852,-2.1079641114068983
1070,5.3786302471390774,-2.110542445829573
1071,5.361836138009847,-2.1130970603707055
1072,5.345145665204554,-2.115627892947934
1073,5.328560205149939,-2.1181348820536985
1074,5.312081141508144,-2.1206179667568166
1075,5.295709865003967,-2.12307708670405
1076,5.279447773243208,-2.1255121821216547
1077,5.263296270521909,-2.127923193816913
1078,5.24725676762627,-2.130310063179657
1079,5.231330681623134,-2.1326727321837717
1080,5.215519435640802,-2.135011143388686
1081,5.199824458640056,-2.1373252399408496
1082,5.184247185175203,-2.1396149655751944
1083,5.1687890551449875,-2.1418802646165807
1084,5.153451513533264,-2.1441210819812264
1085,5.138236010139191,-2.1463373631781293
1086,5.12314399929693,-2.148529054310461
1087,5.108176939584617,-2.150696102076959
1088,5.09333629352255,-2.1528384537732954
1089,5.07862352726046,-2.154956057293436
1090,5.064040110253762,-2.1570488611309764
1091,5.049587514928713,-2.159116814380473
1092,5.035267216336371,-2.161159866738752
1093,5.021080691795323,-2.163177968506202
1094,5.007029420523057,-2.165171070588059
1095,4.9931148832560535,-2.1671391244956664
1096,4.979338561858462,-2.169082082347727
1097,4.96570193891937,-2.170999896871536
1098,4.952206497338719,-2.1728925214041994
1099,4.938853719901825,-2.174759909893836
1100,4.925645088842561,-2.176602016900767
1101,4.912582085395255,-2.178418797598684
1102,4.899666189335381,-2.1802102077758088
1103,4.886898878509092,-2.18197620383603
1104,4.874281628351726,-2.183716742800031
1105,4.861815911395443,-2.185431782306396
1106,4.8495031967660704,-2.187121280612706
1107,4.8373449496694,-2.188785196596614
1108,4.825342630867023,-2.1904234897569053
1109,4.813497696142054,-2.1920361202145466
1110,4.801811595754811,-2.1936230487137136
1111,4.790285773888866,-2.195184236622804
1112,4.778921668087647,-2.1967196459354366
1113,4.767720708681889,-2.198229239271432
1114,4.756684318208342,-2.1997129798777793
1115,4.745813910819993,-2.2011708316295855
1116,4.735110891688196,-2.2026027590310076
1117,4.724576656397211,-2.204008727216172
1118,4.714212590331396,-2.2053887019500746
1119,4.704020068055649,-2.206742649629466
1120,4.694000452689503,-2.2080705372837204
1121,4.684155095275388,-2.209372332575688
1122,4.6744853341415755,-2.210648003802532
1123,4.664992494260328,-2.2118975198965485
1124,4.655677886601873,-2.213120850425969
1125,4.6465428074847575,-2.2143179655957494
1126,4.637588537923153,-2.2154888362483405
1127,4.628816342971873,-2.2166334338644424
1128,4.620227471069594,-2.2177517305637413
1129,4.611823153381085,-2.2188436991056353
1130,4.603604603139069,-2.219909312889936
1131,4.595573014986494,-2.2209485459575573
1132,4.587729564319841,-2.2219613729911907
1133,4.580075406634357,-2.222947769315958
1134,4.572611676871831,-2.223907710900053
1135,4.565339488771802,-2.2248411743553618
1136,4.558259934226936,-2.2257481369380714
1137,4.551374082643368,-2.2266285765492566
1138,4.544682980306852,-2.2274824717354544
1139,4.538187649755506,-2.2283098016892207
1140,4.531889089159996,-2.2291105462496685
1141,4.5257882717119635,-2.2298846859029915
1142,4.519886145021549,-2.23063220178297
1143,4.514183630524873,-2.23135307567146
1144,4.508681622902205,-2.2320472899988673
1145,4.503380989507776,-2.232714827844602
1146,4.498282569811954,-2.233355672937518
1147,4.4933871748566885,-2.233969809656337
1148,4.4886955867249485,-2.2345572230300523
1149,4.484208558024985,-2.235117898738318
1150,4.479926811390235,-2.2356518231118216
1151,4.47585103899559,-2.236158983132639
1152,4.471981902090793,-2.2366393664345736
1153,4.468320030551691,-2.2370929613034765
1154,4.464866022450084,-2.2375197566775524
1155,4.4616204436428175,-2.2379197421476476
1156,4.458583827380815,-2.238292907957518
1157,4.455756673938633,-2.238639245004088
1158,4.453139450265246,-2.2389587448376864
1159,4.450732589656518,-2.239251399662262
1160,4.4485364914500085,-2.2395172023355934
1161,4.446551520742515,-2.239756146369472
1162,4.444778008130952,-2.2399682259298714
1163,4.443216249476908,-2.2401534358371036
1164,4.441866505695307,-2.240311771565948
1165,4.440729002567541,-2.240443229245779
1166,4.439803930579412,-2.2405478056606603
1167,4.439091444784118,-2.240625498249433
1168,4.438591664690539,-2.240676305105784
1169,4.438304674177054,-2.2407002249782955
1170,4.4382305214309525,-2.2406972572704813
1171,4.438369218913626,-2.240667402040801
1172,4.4387207433515545,-2.240610660002663
1173,4.439285035753139,-2.2405270325244055
1174,4.440062001451303,-2.240416521629265
1175,4.441051510171825,-2.2402791299953235
1176,4.442253396127273,-2.2401148609554418
1177,4.443667458136394,-2.2399237184971756
1178,4.445293459768734,-2.239705707262674
1179,4.447131129514223,-2.239460832548559
1180,4.449180160977477,-2.2391891003057935
1181,4.45144021309647,-2.238890517139525
1182,4.45391091038519,-2.2385650903089207
1183,4.456591843199834,-2.238212827726979
1184,4.459482568028239,-2.237833737960324
1185,4.46258260780185,-2.237427830228993
1186,4.465891452229883,-2.2369951144061906
1187,4.46940855815503,-2.236535601018042
1188,4.473133349930159,-2.2360493012433187
1189,4.477065219815387,-2.2355362269131516
1190,4.481203528394869,-2.2349963905107275
1191,4.485547605012662,-2.2344298051709672
1192,4.490096748226936,-2.233836484680188
1193,4.4948502262818355,-2.233216443475746
1194,4.499807277596245,-2.23256969664567
1195,4.504967111268702,-2.231896259928267
1196,4.510328907597677,-2.2311961497117205
1197,4.515891818616463,-2.230469383033667
1198,4.521654968641837,-2.229715977580756
1199,4.527617454835697,-2.228935951688199
1200,4.533778347778876,-2.228129324339289
1201,4.540136692056249,-2.2272961151649184
1202,4.546691506852396,-2.226436344443071
1203,4.553441786556881,-2.225550033098297
1204,4.560386501378424,-2.2246372027011763
1205,4.56752459796704,-2.223697875467762
1206,4.574855000043369,-2.222732074259007
1207,4.582376609034385,-2.2217398225801763
1208,4.590088304714623,-2.2207211445802386
1209,4.59798894585216,-2.2196760650512455
1210,4.606077370858489,-2.218604609427692
1211,4.614352398441624,-2.217506803785862
1212,4.6228128282615195,-2.216382674843153
1213,4.631457441587131,-2.2152322499573915
1214,4.640285001954371,-2.2140555571261236
1215,4.649294255824198,-2.212852624985897
1216,4.658483933240142,-2.211623482811521
1217,4.667852748484607,-2.210368160515311
1218,4.677399400733248,-2.2090866886463205
1219,4.687122574706788,-2.207779098389551
1220,4.697020941319641,-2.206445421565148
1221,4.70709315832472,-2.205085690627584
1222,4.717337870953908,-2.2036999386648204
1223,4.727753712553528,-2.202288199397453
1224,4.738339305214401,-2.2008505071778464
1225,4.749093260395865,-2.1993868969892456
1226,4.760014179543339,-2.197897404444879
1227,4.771100654698933,-2.196382065787036
1228,4.782351269104689,-2.194840917886137
1229,4.793764597798007,-2.1932739982397806
1230,4.805339208198898,-2.1916813449717822
1231,4.817073660688699,-2.1900629968311858
1232,4.828966509179816,-2.1884189931912728
1233,4.841016301676353,-2.186749374048543
1234,4.853221580825163,-2.1850541800216874
1235,4.865580884457113,-2.1833334523505408
1236,4.8780927461183765,-2.1815872328950214
1237,4.890755695591407,-2.1798155641340533
1238,4.903568259405494,-2.1780184891644714
1239,4.916528961336634,-2.176196051699913
1240,4.929636322896683,-2.174348296069694
1241,4.942888863811457,-2.1724752672176675
1242,4.956285102487858,-2.1705770107010656
1243,4.9698235564697955,-2.1686535726893323
1244,4.983502742882894,-2.1667049999629278
1245,4.997321178867861,-2.1647313399121337
1246,5.011277382002531,-2.1627326405358285
1247,5.025369870712533,-2.1607089504402555
1248,5.039597164670502,-2.1586603188377738
1249,5.0539577851840205,-2.1565867955455915
1250,5.068450255572092,-2.1544884309844834
1251,5.083073101530288,-2.1523652761775005
1252,5.097824851484666,-2.150217382748654
1253,5.112704036934365,-2.1480448029215897
1254,5.127709192783126,-2.1458475895182483
1255,5.142838857659656,-2.143625795957505
1256,5.15809157422709,-2.1413794762538005
1257,5.1734658894814665,-2.1391086850157524
1258,5.188960355039552,-2.1368134774447523
1259,5.204573527415926,-2.1344939093335493
1260,5.220303968289605,-2.1321500370648185
1261,5.236150244760258,-2.129781917609713
1262,5.2521109295942106,-2.1273896085264
1263,5.268184601460367,-2.1249731679585873
1264,5.284369845156211,-2.1225326546340293
1265,5.300665251824029,-2.12006812786302
1266,5.317069419157586,-2.1175796475368736
1267,5.333580951599338,-2.1150672741263885
1268,5.3501984605284285,-2.112531068680295
1269,5.366920564439635,-2.1099710928236926
1270,5.383745889113432,-2.107387408756467
1271,5.400673067777341,-2.1047800792517
1272,5.417700741258812,-2.1021491676540602
1273,5.434827558129761,-2.0994947378781776
1274,5.452052174843021,-2.096816854407008
1275,5.46937325586082,-2.0941155822901836
1276,5.486789473775559,-2.091390987142343
1277,5.504299509423023,-2.088643135141457
1278,5.521902051988256,-2.085872093027129
1279,5.5395957991042515,-2.083077928098891
1280,5.557379456943716,-2.0802607082144795
1281,5.575251740304012,-2.0774205017881004
1282,5.593211372685572,-2.0745573777886803
1283,5.611257086363841,-2.0716714057380994
1284,5.629387622455086,-2.0687626557094183
1285,5.647601730976155,-2.0658311983250823
1286,5.665898170898349,-2.062877104755119
1287,5.684275710195741,-2.059900446715321
1288,5.702733125887915,-2.05690129646541
1289,5.721269204077465,-2.0538797268071947
1290,5.739882739982367,-2.0508358110827083
1291,5.758572537963371,-2.0477696231723392
1292,5.777337411546635,-2.0446812374929424
1293,5.796176183441735,-2.041570728995942
1294,5.815087685555226,-2.038438173165417
1295,5.834070758999922,-2.0352836460161763
1296,5.853124254100023,-2.0321072240918228
1297,5.872247030392285,-2.028908984462795
1298,5.891437956623378,-2.0256890047244087
1299,5.910695910743512,-2.0224473629948747
1300,5.930019779896602,-2.019184137913311
1301,5.949408460407001,-2.0158994086377366
1302,5.968860857763037,-2.012593254843057
1303,5.988375886597314,-2.0092657567190355
1304,6.0079524706642315,-2.005916994968248
1305,6.027589542814452,-2.0025470508040337
1306,6.047286044966788,-1.9991560059484244
1307,6.067040928077423,-1.9957439426300665
1308,6.086853152106651,-1.992310943582131
1309,6.106721685983297,-1.9888570920402053
1310,6.126645507566833,-1.9853824717401807
1311,6.146623603607388,-1.9818871669161229
1312,6.166654969703731,-1.9783712622981293
1313,6.186738610259273,-1.9748348431101796
1314,6.206873538436314,-1.9712779950679684
1315,6.227058776108518,-1.9677008043767281
1316,6.247293353811765,-1.9641033577290432
1317,6.267576310693438,-1.9604857423026465
1318,6.287906694460303,-1.956848045758209
1319,6.308283561324978,-1.9531903562371147
1320,6.328705975951161,-1.9495127623592257
1321,6.349173011397625,-1.945815353220635
1322,6.369683749061083,-1.942098218391408
1323,6.3902372786180734,-1.9383614479133102
1324,6.410832697965772,-1.9346051322975306
1325,6.43146911316198,-1.9308293625223831
1326,6.452145638364249,-1.9270342300310077
1327,6.472861395768217,-1.92321982672905
1328,6.493615515545285,-1.9193862449823413
1329,6.514407135779597,-1.9155335776145554
1330,6.535235402404482,-1.9116619179048648
1331,6.556099469138337,-1.9077713595855785
1332,6.576998497420035,-1.9038619968397736
1333,6.597931656343929,-1.899933924298914
1334,6.618898122594477,-1.8959872370404596
1335,6.639897080380524,-1.892022030585464
1336,6.660927721369342,-1.8880384008961617
1337,6.681989244620416,-1.884036444373546
1338,6.703080856519043,-1.8800162578549338
1339,6.724201770709783,-1.8759779386115245
1340,6.745351208029798,-1.8719215843459438
1341,6.76652839644213,-1.8678472931897803
1342,6.7877325709689345,-1.8637551637011112
1343,6.808962973624727,-1.8596452948620186
1344,6.83021885334961,-1.8555177860760939
1345,6.851499465942648,-1.8513727371659356
1346,6.872804073995273,-1.8472102483706323
1347,6.894131946824817,-1.8430304203432424
1348,6.915482360408229,-1.8388333541482573
1349,6.936854597315906,-1.8346191512590624
1350,6.958247946645794,-1.830387913555379
1351,6.979661703957659,-1.8261397433207083
1352,7.00109517120763,-1.8218747432397555
1353,7.0225476566830025,-1.8175930163958518
1354,7.0440184749372925,-1.8132946662683616
1355,7.065506946725676,-1.8089797967300874
1356,7.087012398940674,-1.8046485120446574
1357,7.108534164548212,-1.8003009168639112
1358,7.1300715825240335,-1.7959371162252726
1359,7.151623997790478,-1.7915572155491133
1360,7.173190761153642,-1.787161320636112
1361,7.19477122924096,-1.7827495376646003
1362,7.216364764439146,-1.7783219731878999
1363,7.237970734832629,-1.7738787341316562
1364,7.259588514142354,-1.7694199277911575
1365,7.281217481665073,-1.7649456618286494
1366,7.302857022213059,-1.7604560442706403
1367,7.3245065260543045,-1.755951183505197
1368,7.346165388853163,-1.7514311882792346
1369,7.367833011611501,-1.7468961676957955
1370,7.389508800610322,-1.7423462312113238
1371,7.411192167351844,-1.7377814886329288
1372,7.432882528502118,-1.7332020501156413
1373,7.454579305834156,-1.7286080261596635
1374,7.476281926171519,-1.7239995276076094
1375,7.497989821332447,-1.7193766656417384
1376,7.519702428074495,-1.7147395517811819
1377,7.541419188039685,-1.7100882978791614
1378,7.56313954770019,-1.7054230161201995
1379,7.584862958304513,-1.7007438190173234
1380,7.606588875824212,-1.6960508194092625
1381,7.6283167609011615,-1.6913441304576364
1382,7.6500460787953095,-1.6866238656441384
1383,7.671776299333005,-1.6818901387677092
1384,7.693506896855782,-1.6771430639417075
1385,7.7152373501697635,-1.672382755591069
1386,7.736967142495552,-1.6676093284494629
1387,7.758695761418625,-1.6628228975564394
1388,7.780422698840317,-1.6580235782545694
1389,7.80214745092925,-1.653211486186583
1390,7.823869518073387,-1.6483867372924943
1391,7.84558840483253,-1.6435494478067252
1392,7.867303619891406,-1.63869973425522
1393,7.889014676013193,-1.6338377134525568
1394,7.910721089993673,-1.6289635024990485
1395,7.932422382615803,-1.624077218777842
1396,7.954118078604884,-1.619178979952008
1397,7.975807706584194,-1.6142689039616274
1398,7.997490799031146,-1.60934710902087
1399,8.019166892233942,-1.6044137136150693
1400,8.04083552624878,-1.59946883649779
1401,8.062496244857497,-1.5945125966878906
1402,8.084148595525766,-1.5895451134665806
1403,8.10579212936177,-1.584566506374472
1404,8.127426401075349,-1.579576895208626
1405,8.149050968937681,-1.574576400019594
1406,8.17066539474142,-1.5695651411084524
1407,8.192269243761306,-1.5645432390238345
1408,8.213862084715302,-1.5595108145589565
1409,8.235443489726137,-1.5544679887486366
1410,8.257013034283395,-1.5494148828663128
1411,8.278570297206013,-1.544351618421053
1412,8.300114860605289,-1.5392783171545619
1413,8.321646309848287,-1.5341951010381822
1414,8.343164233521781,-1.5291020922698928
1415,8.364668223396594,-1.5239994132713006
1416,8.386157874392376,-1.5188871866846305
1417,8.407632784542889,-1.5137655353697068
1418,8.429092554961652,-1.5086345824009368
1419,8.450536789808089,-1.503494451064283
1420,8.471965096254051,-1.4983452648542381
1421,8.493377084450826,-1.4931871474707898
1422,8.514772367496505,-1.4880202228163868
1423,8.536150561403819,-1.482844614992898
1424,8.557511285068358,-1.4776604482985685
1425,8.578854160237228,-1.4724678472249733
1426,8.60017881147808,-1.4672669364539652
1427,8.621484866148563,-1.4620578408546212
1428,8.642771954366157,-1.4568406854801845
1429,8.66403970897843,-1.4516155955650036
1430,8.685287765533651,-1.4463826965214666
1431,8.706515762251783,-1.4411421139369356
1432,8.727723339995885,-1.4358939735706746
1433,8.748910142243883,-1.4306384013507767
1434,8.770075815060675,-1.425375523371086
1435,8.79122000707065,-1.4201054658881211
1436,8.812342369430544,-1.4148283553179892
1437,8.833442555802671,-1.4095443182333036
1438,8.854520222328482,-1.4042534813600958
1439,8.875575027602494,-1.3989559715747248
1440,8.896606632646561,-1.3936519159007859
1441,8.917614700884489,-1.3883414415060134
1442,8.93859889811697,-1.383024675699186
1443,8.959558892496887,-1.377701745927026
1444,8.980494354504911,-1.3723727797710987
1445,9.001404956925448,-1.3670379049447074
1446,9.022290374822882,-1.3616972492897894
1447,9.04315028551816,-1.356350940773808
1448,9.063984368565695,-1.3509991074866425
1449,9.084792305730543,-1.3456418776374788
1450,9.105573780965923,-1.3402793795516954
1451,9.126328480391019,-1.3349117416677496
1452,9.147056092269084,-1.3295390925340624
1453,9.167756306985835,-1.3241615608059005
1454,9.18842881702816,-1.318779275242259
1455,9.209073316963089,-1.3133923647027395
1456,9.229689503417024,-1.3080009581444323
1457,9.250277075055324,-1.3026051846187923
1458,9.270835732562107,-1.2972051732685157
1459,9.291365178620312,-1.2918010533244177
1460,9.311865117892086,-1.2863929541023076
1461,9.332335256999409,-1.2809810049998607
1462,9.35277530450495,-1.2755653354934944
1463,9.373184970893249,-1.2701460751352414
1464,9.393563968552058,-1.264723353549621
1465,9.413912011754054,-1.259297300430511
1466,9.434228816638704,-1.253868045538021
1467,9.454514101194414,-1.2484357186953616
1468,9.474767585240901,-1.2430004497857172
1469,9.494988990411851,-1.2375623687491166
1470,9.51517804013775,-1.2321216055793027
1471,9.53533445962898,-1.2266782903206048
1472,9.555457975859158,-1.2212325530648083
1473,9.575548317548652,-1.215784523948027
1474,9.595605215148378,-1.2103343331475733
1475,9.615628400823791,-1.2048821108788301
1476,9.635617608439084,-1.1994279873921228
1477,9.655572573541598,-1.1939720929695923
1478,9.675493033346484,-1.1885145579220666
1479,9.695378726721527,-1.1830555125859352
1480,9.715229394172196,-1.177595087320024
1481,9.735044777826907,-1.1721334125024685
1482,9.754824621422447,-1.1666706185275912
1483,9.774568670289645,-1.1612068358027778
1484,9.794276671339224,-1.1557421947453541
1485,9.813948373047815,-1.1502768257794667
1486,9.833583525444189,-1.1448108593329605
1487,9.853181880095661,-1.1393444258342618
1488,9.872743190094727,-1.1338776557092594
1489,9.89226721004577,-1.1284106793781896
1490,9.911753696052076,-1.1229436272525204
1491,9.931202405702953,-1.117476629731838
1492,9.950613098061035,-1.1120098172007362
1493,9.969985533649757,-1.1065433200257053
1494,9.989319474441011,-1.1010772685520254
1495,10.00861468384298,-1.0956117931006566
1496,10.027870926688088,-1.0901470239651385
1497,10.047087969221176,-1.0846830914084844
1498,10.066265579087785,-1.079220125660082
1499,10.085403525322636,-1.073758256912595
1500,10.104501578338244,-1.0682976153188657
1501,10.123559509913694,-1.0628383309888216
1502,10.14257709318356,-1.0573805339863842
1503,10.161554102626985,-1.0519243543263779
1504,10.180490314056922,-1.0464699219714444
1505,10.19938550460947,-1.0410173668289582
1506,10.21823945273342,-1.0355668187479439
1507,10.237051938179874,-1.0301184075159977
1508,10.25582274199208,-1.024672262856211
1509,10.274551646495324,-1.0192285144240973
1510,10.293238435287021,-1.0137872918045203
1511,10.311882893226919,-1.0083487245086267
1512,10.330484806427423,-1.002912941970782
1513,10.34904396224405,-0.9974800735455092
1514,10.367560149266037,-0.9920502485044286
1515,10.386033157307068,-0.9866235960332047
1516,10.404462777396084,-0.9812002452284935
1517,10.422848801768279,-0.9757803250948937
1518,10.44119102385618,-0.9703639645419025
1519,10.459489238280856,-0.9649512923808731
1520,10.477743240843237,-0.9595424373219784
1521,10.49595282851558,-0.9541375279711745
1522,10.514117799432983,-0.9487366928271731
1523,10.532237952885104,-0.9433400602784121
1524,10.550313089307908,-0.9379477586000339
1525,10.568343010275584,-0.9325599159508674
1526,10.586327518492526,-0.9271766603704121
1527,10.604266417785459,-0.9217981197758268
1528,10.622159513095642,-0.9164244219589246
1529,10.640006610471191,-0.9110556945831684
1530,10.6578075170595,-0.9056920651806748
1531,10.675562041099752,-0.9003336611492189
1532,10.693269991915562,-0.8949806097492449
1533,10.710931179907694,-0.8896330381008818
1534,10.728545416546856,-0.8842910731809627
1535,10.746112514366635,-0.8789548418200489
1536,10.763632286956492,-0.8736244706994591
1537,10.781104548954886,-0.8683000863483022
1538,10.798529116042436,-0.8629818151405171
1539,10.815905804935236,-0.8576697832919137
1540,10.833234433378198,-0.8523641168572241
1541,10.850514820138544,-0.8470649417271532
1542,10.867746784999321,-0.8417723836254387
1543,10.884930148753066,-0.8364865681059127
1544,10.902064733195504,-0.8312076205495726
1545,10.919150361119359,-0.8259356661616537
1546,10.936186856308247,-0.820670829968707
1547,10.953174043530613,-0.8154132368156867
1548,10.970111748533801,-0.8101630113630377
1549,10.986999798038173,-0.8049202780837923
1550,11.003838019731303,-0.7996851612606714
1551,11.02062624226226,-0.79445778498319
1552,11.037364295235973,-0.7892382731447708
1553,11.054052009207636,-0.7840267494398621
1554,11.070689215677234,-0.778823337361061
1555,11.087275747084112,-0.7736281601962445
1556,11.103811436801609,-0.7684413410257042
1557,11.12029611913179,-0.7632630027192883
1558,11.136729629300234,-0.7580932679335499
1559,11.153111803450855,-0.7529322591089013
1560,11.169442478640889,-0.7477800984667727
1561,11.185721492835832,-0.7426369080067797
1562,11.20194868490452,-0.7375028095038956
1563,11.218123894614228,-0.7323779245056313
1564,11.234246962625882,-0.72726237432922
1565,11.2503177304893,-0.7221562800588083
1566,11.266336040638487,-0.717059762542657
1567,11.282301736387028,-0.7119729423903438
1568,11.29821466192351,-0.7068959399699772
1569,11.314074662307014,-0.701828875405413
1570,11.32988158346268,-0.6967718685734813
1571,11.3456352721773,-0.691725039101217
1572,11.361335576095009,-0.6866885063630995
1573,11.37698234371297,-0.6816623894782994
1574,11.392575424377196,-0.6766468073079301
1575,11.408114668278355,-0.6716418784523086
1576,11.423599926447702,-0.6666477212482216
1577,11.439031050752977,-0.6616644537662005
1578,11.45440789389442,-0.6566921938078036
1579,11.469730309400816,-0.6517310589029031
1580,11.484998151625602,-0.6467811663069829
1581,11.500211275743027,-0.6418426329984405
1582,11.51536953774433,-0.636915575675899
1583,11.530472794434008,-0.6320001107555254
1584,11.545520903426105,-0.6270963543683566
1585,11.560513723140579,-0.6222044223576321
1586,11.575451112799676,-0.6173244302761365
1587,11.590332932424394,-0.612456493383547
1588,11.60515904283093,-0.6076007266437927
1589,11.619929305627279,-0.6027572447224162
1590,11.634643583209746,-0.5979261619839475
1591,11.649301738759627,-0.5931075924892845
1592,11.663903636239834,-0.5883016499930808
1593,11.678449140391645,-0.5835084479411418
1594,11.692938116731417,-0.5787280994678302
1595,11.707370431547389,-0.5739607173934784
1596,11.721745951896558,-0.5692064142218082
1597,11.736064545601513,-0.5644653021373602
1598,11.750326081247373,-0.5597374930029324
1599,11.764530428178748,-0.5550230983570238
1600,11.778677456496718,-0.5503222294112902
1601,11.792767037055905,-0.5456349970480047
1602,11.80679904146151,-0.5409615118175308
1603,11.820773342066435,-0.5363018839358011
1604,11.834689811968454,-0.5316562232818045
1605,11.848548325007377,-0.5270246393950839
1606,11.86234875576229,-0.5224072414732409
1607,11.876090979548804,-0.5178041383694505
1608,11.889774872416345,-0.5132154385899835
1609,11.903400311145509,-0.5086412502917388
1610,11.916967173245382,-0.5040816812797834
1611,11.93047533695098,-0.49953683900490214
1612,11.943924681220654,-0.49500683056115685
1613,11.957315085733578,-0.4904917626834522
1614,11.970646430887221,-0.4859917417451137
1615,11.983918597794904,-0.48150687375547313
1616,11.997131468283321,-0.4770372643574633
1617,12.010284924890172,-0.47258301882522175
1618,12.023378850861784,-0.4681442420617037
1619,12.03641313015073,-0.46372103859630626
1620,12.049387647413559,-0.4593135125824983
1621,12.062302288008471,-0.45492176779546345
1622,12.075156937993095,-0.4505459076297491
1623,12.087951484122227,-0.4461860350969284
1624,12.100685813845674,-0.44184225282326844
1625,12.113359815306037,-0.43751466304741043
1626,12.125973377336617,-0.433203367618058
1627,12.138526389459255,-0.4289084679916762
1628,12.15101874188228,-0.42463006523019914
1629,12.163450325498436,-0.42036825999874816
1630,12.175821031882824,-0.4161231525633601
1631,12.18813075329096,-0.41189484278872296
1632,12.200379382656715,-0.4076834301359255
1633,12.212566813590415,-0.403489013660213
1634,12.22469294037687,-0.3993116920087555
1635,12.236757657973508,-0.39515156341842356
1636,12.248760862008465,-0.3910087257135766
1637,12.260702448778732,-0.38688327630385994
1638,12.27258231524833,-0.38277531218201194
1639,12.284400359046497,-0.3786849299216811
1640,12.296156478465898,-0.3746122256752548
1641,12.30785057246085,-0.3705572951716964
1642,12.319482540645614,-0.36652023371439346
1643,12.331052283292651,-0.36250113617901586
1644,12.342559701330925,-0.35850009701138585
1645,12.354004696344244,-0.35451721022535565
1646,12.365387170569596,-0.350552569400698
1647,12.376707026895522,-0.3466062676810056
1648,12.387964168860503,-0.3426783977716024
1649,12.399158500651371,-0.33876905193746387
1650,12.410289927101747,-0.3348783220011489
1651,12.421358353690492,-0.33100629934074177
1652,12.432363686540144,-0.327153074887806
1653,12.443305832415467,-0.3233187391253463
1654,12.454184698721935,-0.31950338208578377
1655,12.465000193504231,-0.31570709334894126
1656,12.47575222544485,-0.3119299620400378
1657,12.48644070386264,-0.3081720768276963
1658,12.497065538711375,-0.3044335259219608
1659,12.507626640578396,-0.3007143970723243
1660,12.518123920683195,-0.29701477756576844
1661,12.52855729087608,-0.2933347542248137
1662,12.538926663636827,-0.28967441340558014
1663,12.549231952073361,-0.2860338409958605
1664,12.559473069920427,-0.28241312241320266
1665,12.569649931538343,-0.2788123426030038
1666,12.57976245191169,-0.27523158603661685
1667,12.589810546648062,-0.2716709367094664
1668,12.59979413197683,-0.2681304781391771
1669,12.609713124747934,-0.26461029336371206
1670,12.619567442430649,-0.2611104649395235
1671,12.629357003112405,-0.25763107493971465
1672,12.639081725497618,-0.25417220495221227
1673,12.648741528906523,-0.2507339360779507
1674,12.658336333274004,-0.24731634892906879
1675,12.667866059148519,-0.2439195236271148
1676,12.677330627690946,-0.24054353980126697
1677,12.686729960673476,-0.2371884765865623
1678,12.696063980478549,-0.2338544126221389
1679,12.705332610097761,-0.2305414260494882
1680,12.714535773130839,-0.22724959451071977
1681,12.723673393784566,-0.22397899514683758
1682,12.732745396871758,-0.2207297045960284
1683,12.741751707810254,-0.2175017989919601
1684,12.750692252621912,-0.21429535396209376
1685,12.759566957931613,-0.21111044462600598
1686,12.768375750966296,-0.20794714559372382
1687,12.777118559554003,-0.20480553096407017
1688,12.785795312122897,-0.2016856743230234
1689,12.794405937700354,-0.19858764874208637
1690,12.802950365912027,-0.19551152677666822
1691,12.811428526980933,-0.1924573804644786
1692,12.819840351726555,-0.1894252813239327
1693,12.828185771563962,-0.18641530035256892
1694,12.83646471850291,-0.1834275080254788
1695,12.844677125147028,-0.18046197429374683
1696,12.852822924692893,-0.1775187685829067
1697,12.86090205092926,-0.1745979597914038
1698,12.868914438236194,-0.17169961628907485
1699,12.876860021584255,-0.1688238059156366
1700,12.884738736533706,-0.16597059597918776
1701,12.892550519233708,-0.16314005325472286
1702,12.900295306421546,-0.16033224398265788
1703,12.90797303542184,-0.1575472338673692
1704,12.9155836441458,-0.15478508807574326
1705,12.923127071090462,-0.15204587123573937
1706,12.930603255337958,-0.14932964743496485
1707,12.938012136554761,-0.14663648021926246
1708,12.945353654990997,-0.14396643259130854
1709,12.952627751479717,-0.14131956700922613
1710,12.959834367436198,-0.13869594538520838
1711,12.966973444857254,-0.13609562908415504
1712,12.974044926320559,-0.13351867892232178
1713,12.981048754983972,-0.13096515516598065
1714,12.987984874584868,-0.1284351175300949
1715,12.99485322943953,-0.1259286251770031
1716,13.001653764442425,-0.1234457367151208
1717,13.008386425065655,-0.12098651019764871
1718,13.015051157358279,-0.11855100312129825
1719,13.021647907945733,-0.11613927242502632
1720,13.028176624029188,-0.11375137448878547
1721,13.034637253385002,-0.11138736513228355
1722,13.041029744364085,-0.10904729961375895
1723,13.04735404589136,-0.10673123262876613
1724,13.053610107465158,-0.10443921830897564
1725,13.059797879156678,-0.10217131022098513
1726,13.065917311609436,-0.09992756136514401
1727,13.071968356038703,-0.09770802417439099
1728,13.077950964230995,-0.09551275051310308
1729,13.083865088543522,-0.09334179167595896
1730,13.089710681903671,-0.09119519838681411
1731,13.09548769780852,-0.08907302079758797
1732,13.101196090324288,-0.08697530848716693
1733,13.106835814085882,-0.08490211046031561
1734,13.1124068242964,-0.08285347514660432
1735,13.11790907672663,-0.08082945039934909
1736,13.123342527714604,-0.07883008349456229
1737,13.128707134165126,-0.07685542112991843
1738,13.134002853549303,-0.07490550942373261
1739,13.139229643904105,-0.07298039391395032
1740,13.144387463831931,-0.07108011955715145
1741,13.149476272500152,-0.06920473072756729
1742,13.15449602964071,-0.06735427121610948
1743,13.159446695549681,-0.06552878422941276
1744,13.16432823108687,-0.06372831238889055
1745,13.169140597675398,-0.0619528977298035
1746,13.173883757301315,-0.06020258170034042
1747,13.178557672513191,-0.05847740516071367
1748,13.18316230642175,-0.05677740838226571
1749,13.187697622699485,-0.055102631046590037
1750,13.192163585580282,-0.05345311224466499
1751,13.196560159859057,-0.05182889047600038
1752,13.200887310891408,-0.050230003647796936
1753,13.205145004593248,-0.04865648907411958
1754,13.20933320744048,-0.04710838347508284
1755,13.213451886468647,-0.04558572297605049
1756,13.2175010092726,-0.044088543106847296
1757,13.22148054400618,-0.04261687880098486
1758,13.225390459381886,-0.04117076439489982
1759,13.22923072467059,-0.039750233627205436
1760,13.233001309701198,-0.03835531963795667
1761,13.236702184860384,-0.036986054967928075
1762,13.240333321092264,-0.03564247155790522
1763,13.243894689898125,-0.03432460074798921
1764,13.247386263336164,-0.03303247327691354
1765,13.250808014021178,-0.03176611928137628
1766,13.2541599151243,-0.030525568295383745
1767,13.257441940372766,-0.029310849249607213
1768,13.260654064049634,-0.028121990470754383
1769,13.263796260993525,-0.026959019680953423
1770,13.266868506598414,-0.025821963997149266
1771,13.269870776813345,-0.02471084993051517
1772,13.272803048142237,-0.023625703385875704
1773,13.275665297643632,-0.022566549661144502
1774,13.278457502930472,-0.02153341344677479
1775,13.281179642169908,-0.02052631882522197
1776,13.28383169408307,-0.01954528927042192
1777,13.286413637944849,-0.018590347647281288
1778,13.288925453583742,-0.017661516211180346
1779,13.291367121381608,-0.016758816607491248
1780,13.29373862227353,-0.01588226987110732
1781,13.296039937747565,-0.015031896425988785
1782,13.298271049844644,-0.014207716084717839
1783,13.300431941158337,-0.013409748048070868
1784,13.302522594834741,-0.012638010904601087
1785,13.304542994572271,-0.011892522630237401
1786,13.30649312462154,-0.011173300587893755
1787,13.30837296978519,-0.010480361527094384
1788,13.310182515417747,-0.009813721583611277
1789,13.311921747425494,-0.009173396279114763
1790,13.31359065226633,-0.008559400520838098
1791,13.315189216949646,-0.007971748601255277
1792,13.316717429036192,-0.007410454197772851
1793,13.318175276637968,-0.006875530372433869
1794,13.319562748418114,-0.006366989571636614
1795,13.320879833590789,-0.005884843625865894
1796,13.32212652192108,-0.005429103749438529
1797,13.323302803724905,-0.004999780540261168
1798,13.324408669868907,-0.00459688397960319
1799,13.325444111770395,-0.004220423431881001
1800,13.326409121397235,-0.0038704076444577525
1801,13.327303691267781,-0.003546844747455581
1802,13.32812781445082,-0.0032497422535809036
1803,13.328881484565473,-0.002979107057964507
1804,13.329564695781169,-0.0027349454380136058
1805,13.330177442817574,-0.0025172630532779776
1806,13.330719720944526,-0.0023260649453305687
1807,13.33119152598201,-0.0021613555376597013
1808,13.331592854300116,-0.0020231386355761033
1809,13.331923702818997,-0.0019114174261325623
1810,13.332184069008829,-0.0018261944780586638
1811,13.3323739508898,-0.0017674717417067362
1812,13.33249334703209,-0.0017352505490126696
1813,13.332542256555842,-0.0017295316134703722
1814,13.332520679131168,-0.0017503150301187737
1815,13.332428614978138,-0.0017976002755429007
1816,13.332266064866765,-0.0018713862078888462
1817,13.332033030117039,-0.001971671066890881
1818,13.331729512598896,-0.00209845247391408
1819,13.331355514732289,-0.0022517274320074956
1820,13.330911039487166,-0.0024314923259736803
1821,13.330396090383491,-0.00263774292245124
1822,13.329810671491293,-0.002870474370008693
1823,13.329154787430713,-0.0031296811992537936
1824,13.32842844337201,-0.003415357322956221
1825,13.327631645035641,-0.003727496036182424
1826,13.326764398692278,-0.00406609001644609
1827,13.325826711162902,-0.004431131323869354
1828,13.32481858981882,-0.00482261140136026
1829,13.323740042581775,-0.005240521074801213
1830,13.32259107792397,-0.0056848505532533025
1831,13.321371704868193,-0.006155589429171144
1832,13.320081932987874,-0.006652726678633805
1833,13.318721772407152,-0.007176250661588853
1834,13.317291233800997,-0.007726149122107662
1835,13.315790328395313,-0.008302409188656237
1836,13.314219067966999,-0.008905017374379383
1837,13.312577464844093,-0.009533959577397487
1838,13.310865531905863,-0.010189221081116912
1839,13.309083282582952,-0.01087078655455379
1840,13.307230730857473,-0.011578640052671538
1841,13.30530789126315,-0.01231276501673189
1842,13.303314778885436,-0.013073144274659028
1843,13.301251409361681,-0.013859760041416513
1844,13.299117798881255,-0.014672593919398876
1845,13.296913964185697,-0.01551162689883578
1846,13.294639922568887,-0.016376839358209126
1847,13.292295691877188,-0.017268211064685124
1848,13.289881290509616,-0.01818572117455818
1849,13.287396737418032,-0.019129348233708203
1850,13.284842052107274,-0.020099070178073008
1851,13.282217254635398,-0.02109486433413097
1852,13.279522365613818,-0.022116707419400614
1853,13.27675740620752,-0.023164575542950615
1854,13.273922398135255,-0.024238444205924758
1855,13.271017363669742,-0.02533828830207972
1856,13.268042325637909,-0.026464082118334953
1857,13.264997307421062,-0.027615799335338646
1858,13.261882332955128,-0.028793413028044768
1859,13.25869742673089,-0.029996895666303557
1860,13.255442613794216,-0.031226219115465834
1861,13.25211791974629,-0.032481354637000776
1862,13.248723370743878,-0.033762272889125755
1863,13.245258993499553,-0.035068943927451385
1864,13.24172481528196,-0.03640133720563779
1865,13.238120863916093,-0.037759421576064975
1866,13.234447167783555,-0.03914316529051651
1867,13.230703755822828,-0.04055253600087633
1868,13.226890657529562,-0.0419875007598386
1869,13.22300790295686,-0.04344802602163027
1870,13.21905552271558,-0.044934077642747955
1871,13.215033547974606,-0.04644562088270752
1872,13.210942010461194,-0.04798262040480546
1873,13.206780942461258,-0.049545040276895574
1874,13.202550376819694,-0.05113284397217725
1875,13.198250346940725,-0.05274599436999697
1876,13.193880886788197,-0.05438445375666414
1877,13.189442030885946,-0.05604818382627832
1878,13.184933814318128,-0.05773714568157063
1879,13.180356272729592,-0.05945129983475747
1880,13.175709442326214,-0.06119060620840774
1881,13.170993359875276,-0.06295502413632348
1882,13.166208062705818,-0.06474451236443274
1883,13.16135358870905,-0.06655902905169556
1884,13.15642997633872,-0.06839853177102276
1885,13.151437264611497,-0.07026297751020906
1886,13.146375493107383,-0.07215232267287713
1887,13.141244701970132,-0.0740665230794358
1888,13.136044931907643,-0.07600553396805085
1889,13.130776224192383,-0.07796930999562947
1890,13.125438620661827,-0.07995780523881602
1891,13.120032163718882,-0.08197097319500206
1892,13.114556896332356,-0.08400876678334813
1893,13.10901286203737,-0.08607113834582006
1894,13.103400104935847,-0.08815803964823567
1895,13.097718669696972,-0.09026942188132674
1896,13.091968601557657,-0.09240523566181187
1897,13.086149946323017,-0.09456543103348355
1898,13.080262750366881,-0.0967499574683068
1899,13.074307060632288,-0.09895876386753065
1900,13.068282924631973,-0.10119179856281368
1901,13.062190390448883,-0.1034490093173611
1902,13.056029506736724,-0.10573034332707382
1903,13.04980032272046,-0.10803574722171229
1904,13.043502888196873,-0.11036516706607101
1905,13.037137253535091,-0.11271854836116683
1906,13.030703469677176,-0.11509583604543859
1907,13.024201588138649,-0.11749697449596151
1908,13.01763166100908,-0.11992190752967204
1909,13.010993740952673,-0.1223705784046061
1910,13.004287881208857,-0.12484292982114967
1911,12.99751413559286,-0.12733890392330302
1912,12.990672558496362,-0.12985844229995466
1913,12.983763204888074,-0.13240148598617107
1914,12.97678613031438,-0.13496797546449643
1915,12.969741390899971,-0.1375578506662661
1916,12.9626290433485,-0.1401710509729315
1917,12.955449144943197,-0.14280751521739932
1918,12.948201753547595,-0.14546718168537928
1919,12.94088692760616,-0.14814998811674898
1920,12.933504726144978,-0.1508558717069276
1921,12.926055208772476,-0.1535847691082627
1922,12.918538435680095,-0.1563366164314304
1923,12.910954467643018,-0.1591113492468467
1924,12.903303366020891,-0.1619089025860912
1925,12.89558519275857,-0.16472921094334278
1926,12.887800010386849,-0.16757220827682853
1927,12.879947882023213,-0.17043782801028393
1928,12.87202887137263,-0.17332600303442472
1929,12.864043042728307,-0.17623666570843186
1930,12.855990460972492,-0.17916974786144832
1931,12.847871191577244,-0.18212518079408815
1932,12.83968530060529,-0.18510289527995602
1933,12.83143285471081,-0.18810282156718067
1934,12.823113921140285,-0.19112488937996
1935,12.814728567733335,-0.19416902792011725
1936,12.806276862923585,-0.19723516586866957
1937,12.79775887573953,-0.20032323138740837
1938,12.789174675805418,-0.203433152120492
1939,12.780524333342143,-0.20656485519604945
1940,12.77180791916813,-0.20971826722779724
1941,12.763025504700288,-0.21289331431666647
1942,12.754177161954914,-0.21608992205244226
1943,12.745262963548651,-0.21930801551541546
1944,12.736282982699436,-0.22254751927804536
1945,12.72723729322746,-0.22580835740663482
1946,12.718125969556173,-0.22909045346301626
1947,12.708949086713265,-0.23239373050624923
1948,12.699706720331669,-0.23571811109433055
1949,12.690398946650593,-0.23906351728591543
1950,12.681025842516567,-0.24242987064204943
1951,12.67158748538447,-0.2458170922279131
1952,12.662083953318604,-0.24922510261457784
1953,12.652515324993784,-0.2526538218807723
1954,12.642881679696414,-0.2561031696146614
1955,12.633183097325597,-0.25957306491563603
1956,12.62341965839428,-0.263063426396114
1957,12.613591444030375,-0.2665741721833526
1958,12.603698535977895,-0.2701052199212731
1959,12.59374101659816,-0.27365648677229504
1960,12.58371896887096,-0.2772278894191825
1961,12.573632476395748,-0.28081934406690245
1962,12.563481623392855,-0.284430766444493
1963,12.553266494704756,-0.28806207180694254
1964,12.542987175797286,-0.29171317493708154
1965,12.532643752760903,-0.29538399014748423
1966,12.522236312311987,-0.29907443128238154
1967,12.511764941794144,-0.30278441171958437
1968,12.501229729179489,-0.3065138443724205
1969,12.490630763070005,-0.3102626416916785
1970,12.479968132698904,-0.31403071566756524
1971,12.469241927931964,-0.31781797783167387
1972,12.458452239268938,-0.3216243392589621
1973,12.447599157844964,-0.3254497105697408
1974,12.436682775431967,-0.3292940019316751
1975,12.425703184440106,-0.3331571230617949
1976,12.414660477919258,-0.3370389832285156
1977,12.403554749560477,-0.3409394912536708
1978,12.392386093697501,-0.3448585555145549
1979,12.38115460530827,-0.3487960839459765
1980,12.369860380016462,-0.352751984042322
1981,12.358503514093057,-0.3567261628596302
1982,12.347084104457934,-0.3607185270176765
1983,12.33560224868144,-0.364728982702069
1984,12.324058044986035,-0.36875743566635355
1985,12.312451592247921,-0.3728037912341299
1986,12.300782989998726,-0.3768679543011781
1987,12.289052338427172,-0.38094982933759475
1988,12.277259738380783,-0.38504932038994044
1989,12.265405291367646,-0.3891663310833957
1990,12.253489099558118,-0.3933007646239298
1991,12.241511265786645,-0.3974525238004763
1992,12.229471893553542,-0.4016215109871214
1993,12.217371087026807,-0.40580762814530175
1994,12.205208951043995,-0.410010776826011
1995,12.192985591114065,-0.41423085817201744
1996,12.18070111341929,-0.41846777292009163
1997,12.168355624817178,-0.4227214214032434
1998,12.155949232842394,-0.42699170355296917
1999,12.143482045708783,-0.431278518901508
2000,12.13095417231129,-0.43558176658410974
2001,12.118365722228072,-0.4399013453413091
2002,12.105716805722473,-0.4442371535212138
2003,12.093007533745144,-0.4485890890817991
2004,12.080238017936122,-0.4529570495932128
2005,12.06740837062698,-0.45734093224009104
2006,12.05451870484297,-0.4617406338238816
2007,12.041569134305227,-0.4661560507651775
2008,12.028559773432965,-0.47058707910606107
2009,12.01549073734572,-0.47503361451245657
2010,12.002362141865643,-0.47949555227649027
2011,11.989174103519806,-0.48397278731886306
2012,11.97592673954251,-0.48846521419123073
2013,11.962620167877663,-0.492972727078593
2014,11.94925450718116,-0.4974952198016931
2015,11.93582987682334,-0.5020325858194239
2016,11.922346396891436,-0.5065847182312464
2017,11.908804188192034,-0.5111515097796145
2018,11.895203372253626,-0.5157328528524113
2019,11.881544071329154,-0.5203286394853909
2020,11.867826408398596,-0.5249387613646326
2021,11.854050507171609,-0.5295631098290012
2022,11.840216492090148,-0.5342015758726185
2023,11.826324488331203,-0.538854050147341
2024,11.812374621809482,-0.5435204229652479
2025,11.798367019180214,-0.5482005843011384
2026,11.784301807841922,-0.5528944237950348
2027,11.770179115939259,-0.5576018307546973
2028,11.75599907236589,-0.5623226941581452
2029,11.741761806767409,-0.5670569026561875
2030,11.727467449544262,-0.5718043445749614
2031,11.713116131854767,-0.5765649079184799
2032,11.698707985618102,-0.5813384803711866
2033,11.684243143517419,-0.5861249493005191
2034,11.669721739002902,-0.5909242017594815
2035,11.65514390629495,-0.5957361244892238
2036,11.640509780387335,-0.6005606039216307
2037,11.625819497050468,-0.6053975261819161
2038,11.611073192834645,-0.6102467770912287
2039,11.59627100507336,-0.6151082421692633
2040,11.581413071886699,-0.6199818066368807
2041,11.566499532184688,-0.6248673554187357
2042,11.551530525670803,-0.6297647731459121
2043,11.536506192845412,-0.634673944158566
2044,11.521426675009346,-0.6395947525085774
2045,11.506292114267486,-0.6445270819622079
2046,11.491102653532371,-0.6494708160027669
2047,11.475858436527897,-0.6544258378332856
2048,11.46055960779305,-0.6593920303791977
2049,11.445206312685695,-0.664369276291028
2050,11.429798697386369,-0.6693574579470883
2051,11.414336908902198,-0.6743564574561806
2052,11.398821095070822,-0.6793661566603066
2053,11.383251404564353,-0.6843864371373871
2054,11.367627986893439,-0.6894171802039846
2055,11.35195099241135,-0.6944582669180364
2056,11.336220572318098,-0.6995095780815929
2057,11.32043687866469,-0.7045709942435635
2058,11.3046000643573,-0.7096423957024695
2059,11.288710283161649,-0.7147236625092033
2060,11.272767689707342,-0.719814674469795
2061,11.256772439492314,-0.7249153111481849
2062,11.240724688887282,-0.7300254518690039
2063,11.22462459514032,-0.7351449757203595
2064,11.208472316381448,-0.7402737615566296
2065,11.192268011627295,-0.7454116880012606
2066,11.176011840785849,-0.7505586334495736
2067,11.159703964661219,-0.755714476071578
2068,11.143344544958508,-0.7608790938147888
2069,11.126933744288728,-0.7660523644070519
2070,11.110471726173774,-0.7712341653593757
2071,11.093958655051496,-0.7764243739687674
2072,11.077394696280805,-0.7816228673210774
2073,11.06078001614685,-0.7868295222938485
2074,11.044114781866304,-0.7920442155591708
2075,11.027399161592655,-0.7972668235865438
2076,11.010633324421635,-0.8024972226457429
2077,10.99381744039666,-0.8077352888096926
2078,10.976951680514404,-0.8129808979573462
2079,10.960036216730394,-0.8182339257765683
2080,10.94307122196472,-0.8234942477670264
2081,10.926056870107782,-0.8287617392430857
2082,10.908993336026148,-0.834036275336711
2083,10.891880795568492,-0.8393177310003719
2084,10.874719425571564,-0.8446059810099561
2085,10.857509403866334,-0.8499008999676849
2086,10.84025090928409,-0.8552023623050372
2087,10.822944121662722,-0.8605102422856766
2088,10.80558922185306,-0.8658244140083836
2089,10.788186391725286,-0.8711447514099935
2090,10.770735814175445,-0.8764711282683396
2091,10.753237673132018,-0.8818034182052005
2092,10.735692153562626,-0.8871414946892527
2093,10.718099441480797,-0.8924852310390281
2094,10.700459723952829,-0.897834500425875
2095,10.682773189104743,-0.9031891758769267
2096,10.665040026129322,-0.9085491302780713
2097,10.64726042529329,-0.9139142363769275
2098,10.629434577944508,-0.9192843667858266
2099,10.611562676519368,-0.9246593939847946
2100,10.593644914550175,-0.930039190324544
2101,10.575681486672744,-0.9354236280294644
2102,10.557672588633979,-0.9408125792006231
2103,10.539618417299682,-0.9462059158187629
2104,10.521519170662366,-0.9516035097473122
2105,10.503375047849213,-0.9570052327353911
2106,10.485186249130159,-0.9624109564208273
2107,10.46695297592605,-0.9678205523331722
2108,10.448675430816937,-0.9732338918967236
2109,10.43035381755047,-0.9786508464335502
2110,10.411988341050424,-0.9840712871665195
2111,10.3935792074253,-0.9894950852223312
2112,10.375126623977113,-0.9949221116345532
2113,10.356630799210205,-1.0003522373466602
2114,10.33809194284027,-1.0057853332150772
2115,10.319510265803459,-1.0112212700122247
2116,10.300885980265587,-1.0166599184295682
2117,10.282219299631514,-1.0221011490806715
2118,10.263510438554631,-1.0275448325042518
2119,10.244759612946462,-1.0329908391672382
2120,10.225967039986422,-1.0384390394678331
2121,10.207132938131682,-1.0438893037385775
2122,10.18825752712722,-1.0493415022494177
2123,10.169341028015925,-1.0547955052107763
2124,10.150383663148926,-1.0602511827766232
2125,10.131385656195992,-1.0657084050475536
2126,10.112347232156129,-1.0711670420738644
2127,10.093268617368306,-1.0766269638586345
2128,10.07415003952229,-1.0820880403608084
2129,10.054991727669691,-1.0875501414982813
2130,10.035793912235109,-1.0930131371509866
2131,10.016556825027447,-1.0984768971639853
2132,9.997280699251421,-1.1039412913505582
2133,9.977965769519146,-1.1094061894952993
2134,9.95861227186195,-1.114871461357212
2135,9.939220443742336,-1.1203369766728069
2136,9.919790524066082,-1.1258026051592012
2137,9.900322753194514,-1.1312682165172199
2138,9.880817372956987,-1.1367336804344992
2139,9.861274626663496,-1.1421988665885903
2140,9.841694759117445,-1.147663644650067
2141,9.822078016628668,-1.1531278842856318
2142,9.802424647026532,-1.1585914551612262
2143,9.782734899673317,-1.1640542269451395
2144,9.763009025477672,-1.1695160693111217
2145,9.74324727690835,-1.1749768519414971
2146,9.723449908008108,-1.1804364445302744
2147,9.703617174407762,-1.1858947167862663
2148,9.68374933334045,-1.1913515384362015
2149,9.663846643656134,-1.1968067792278436
2150,9.643909365836254,-1.2022603089331079
2151,9.623937762008577,-1.2077119973511787
2152,9.603932095962305,-1.21316171431163
2153,9.583892633163329,-1.218609329677543
2154,9.563819640769738,-1.2240547133486277
2155,9.543713387647513,-1.229497735264341
2156,9.523574144386455,-1.23493826540701
2157,9.503402183316314,-1.2403761738049504
2158,9.483197778523163,-1.2458113305355896
2159,9.46296120586596,-1.2512436057285865
2160,9.442692742993405,-1.2566728695689537
2161,9.422392669360937,-1.2620989923001775
2162,9.402061266248039,-1.267521844227341
2163,9.38169881677575,-1.2729412957202424
2164,9.361305605924427,-1.2783572172165178
2165,9.340881920551725,-1.2837694792247607
2166,9.32042804941087,-1.2891779523276412
2167,9.299944283169141,-1.294582507185026
2168,9.279430914426625,-1.2999830145370976
2169,9.258888237735208,-1.3053793452074713
2170,9.23831654961788,-1.3107713701063137
2171,9.217716148588234,-1.3161589602334582
2172,9.197087335170297,-1.3215419866815212
2173,9.17643041191855,-1.3269203206390172
2174,9.155745683438328,-1.3322938333934715
2175,9.13503345640641,-1.3376623963345338
2176,9.114294039591922,-1.3430258809570885
2177,9.093527743877543,-1.3483841588643655
2178,9.072734882280976,-1.3537371017710484
2179,9.05191576997671,-1.3590845815063828
2180,9.031070724318097,-1.3644264700172797
2181,9.010200064859722,-1.3697626393714226
2182,8.98930411338005,-1.375092961760368
2183,8.968383193904438,-1.380417309502647
2184,8.947437632728407,-1.3857355550468626
2185,8.926467758441246,-1.3910475709747898
2186,8.905473901949943,-1.396353230004467
2187,8.884456396503442,-1.4016524049932917
2188,8.863415577717195,-1.4069449689411104
2189,8.842351783598083,-1.4122307949933064
2190,8.821265354569675,-1.417509756443887
2191,8.800156633497792,-1.4227817267385665
2192,8.779025965716436,-1.4280465794778492
2193,8.757873699054072,-1.4333041884201063
2194,8.736700183860243,-1.4385544274846531
2195,8.715505773032563,-1.4437971707548234
2196,8.694290822044056,-1.4490322924810382
2197,8.673055688970875,-1.4542596670838757
2198,8.65180073452035,-1.4594791691571343
2199,8.63052632205946,-1.4646906734708969
2200,8.609232817643662,-1.4698940549745878
2201,8.587920590046085,-1.4750891888000286
2202,8.566590010787147,-1.4802759502644915
2203,8.545241454164499,-1.485454214873748
2204,8.523875297283443,-1.4906238583251143
2205,8.502491920087687,-1.4957847565104931
2206,8.481091705390542,-1.5009367855194138
2207,8.459675038906488,-1.5060798216420652
2208,8.438242309283188,-1.511213741372329
2209,8.416793908133902,-1.5163384214108047
2210,8.395330230070314,-1.5214537386678348
2211,8.373851672735809,-1.5265595702665247
2212,8.352358636839126,-1.531655793545756
2213,8.330851526188523,-1.5367422860631998
2214,8.309330747726296,-1.5418189255983235
2215,8.287796711563805,-1.5468855901553922
2216,8.266249831016903,-1.5519421579664685
2217,8.24469052264184,-1.5569885074944065
2218,8.22311920627159,-1.5620245174358403
2219,8.201536305052699,-1.567050066724169
2220,8.179942245482481,-1.5720650345325384
2221,8.15833745744683,-1.5770693002768137
2222,8.136722374258362,-1.582062743618552
2223,8.115097432695121,-1.5870452444679664
2224,8.09346307303972,-1.5920166829868887
2225,8.071819739118963,-1.5969769395917226
2226,8.050167878343979,-1.6019258949563948
2227,8.02850794175083,-1.6068634300153
2228,8.006840384041586,-1.6117894259662409
2229,7.985165663625926,-1.616703764273362
2230,7.9634842426632275,-1.6216063266700782
2231,7.94179658710514,-1.626496995161999
2232,7.920103166738709,-1.631375652029845
2233,7.898404455229955,-1.6362421798323603
2234,7.876700930167962,-1.6410964614092183
2235,7.854993073109537,-1.6459383798839216
2236,7.833281369624327,-1.6507678186666963
2237,7.81156630934046,-1.6555846614573813
2238,7.789848385990748,-1.6603887922483067
2239,7.768128097459339,-1.6651800953271747
2240,7.746405945828965,-1.6699584552799256
2241,7.724682437428653,-1.6747237569936007
2242,7.702958082882,-1.6794758856592
2243,7.681233397155967,-1.6842147267745347
2244,7.659508899610199,-1.6889401661470653
2245,7.637785114046848,-1.6936520898967442
2246,7.6160625687609675,-1.6983503844588406
2247,7.594341796591405,-1.703034936586769
2248,7.572623334972226,-1.7077056333549008
2249,7.550907725984687,-1.712362362161377
2250,7.529195516409684,-1.7170050107309092
2251,7.5074872577808165,-1.7216334671175748
2252,7.485783506437868,-1.726247619707605
2253,7.46408482358088,-1.7308473572221643
2254,7.442391775324719,-1.735432568720127
2255,7.420704932754169,-1.7400031436008394
2256,7.399024871979549,-1.7445589716068797
2257,7.3773521741928025,-1.7490999428268086
2258,7.355687425724127,-1.7536259476979121
2259,7.334031218099094,-1.7581368770089372
2260,7.312384148096284,-1.7626326219028174
2261,7.290746817805371,-1.7671130738793945
2262,7.269119834685713,-1.7715781247981282
2263,7.247503811625455,-1.7760276668808015
2264,7.225899367001029,-1.780461592714212
2265,7.204307124737189,-1.7848797952528643
2266,7.182727714367464,-1.7892821678216437
2267,7.161161771095053,-1.7936686041184897
2268,7.139609935854185,-1.7980389982170557
2269,7.118072855371863,-1.8023932445693633
2270,7.0965511822300495,-1.8067312380084484
2271,7.075045574928236,-1.8110528737509932
2272,7.053556697946431,-1.8153580473999587
2273,7.032085221808498,-1.8196466549471977
2274,7.010631823145849,-1.8239185927760686
2275,6.989197184761476,-1.8281737576640342
2276,6.967781995694356,-1.8324120467852525
2277,6.946386951284103,-1.8366333577131597
2278,6.925012753235976,-1.8408375884230452
2279,6.903660109686096,-1.8450246372946109
2280,6.88232973526694,-1.84919440311453
2281,6.861022351173097,-1.8533467850789915
2282,6.839738685227188,-1.8574816827962322
2283,6.818479471945975,-1.8615989962890676
2284,6.797245452606644,-1.8656986259974044
2285,6.7760373753131935,-1.8697804727807503
2286,6.754855995062955,-1.8738444379207073
2287,6.733702073813161,-1.8778904231234628
2288,6.71257638054757,-1.8819183305222624
2289,6.691479691343086,-1.8859280626798804
2290,6.670412789436382,-1.8899195225910752
2291,6.649376465290422,-1.8938926136850358
2292,6.628371516660933,-1.8978472398278194
2293,6.607398748662691,-1.9017833053247766
2294,6.586458973835694,-1.9057007149229688
2295,6.565553012211057,-1.9095993738135724
2296,6.544681691376672,-1.9134791876342745
2297,6.52384584654258,-1.9173400624716563
2298,6.503046320605937,-1.9211819048635699
2299,6.482283964215661,-1.9250046218014962
2300,6.461559635836508,-1.9288081207329022
2301,6.440874201812747,-1.9325923095635793
2302,6.4202285364311855,-1.936357096659977
2303,6.399623521983642,-1.9401023908515178
2304,6.3790600488286895,-1.9438281014329095
2305,6.35853901545266,-1.9475341381664413
2306,6.338061328529871,-1.9512204112842702
2307,6.317627902981898,-1.9548868314906946
2308,6.297239662036008,-1.9585333099644202
2309,6.276897537282478,-1.9621597583608106
2310,6.256602468730861,-1.9657660888141273
2311,6.236355404865098,-1.9693522139397617
2312,6.216157302697324,-1.9729180468364496
2313,6.196009127820401,-1.9764635010884783
2314,6.175911854459,-1.9799884907678824
2315,6.155866465519162,-1.9834929304366233
2316,6.135873952636302,-1.9869767351487626
2317,6.115935316221491,-1.9904398204526184
2318,6.096051565505938,-1.9938821023929125
2319,6.076223718583625,-1.9973034975129071
2320,6.05645280245191,-2.000703922856525
2321,6.036739853050073,-2.0040832959704593
2322,6.017085915295581,-2.007441534906275
2323,5.997492043118157,-2.01077855822249
2324,5.977959299491273,-2.0140942849866543
2325,5.958488756461194,-2.017388634777406
2326,5.93908149517333,-2.0206615276865203
2327,5.919738605895732,-2.0239128843209486
2328,5.900461188039755,-2.0271426258048404
2329,5.881250350177563,-2.0303506737815513
2330,5.862107210056529,-2.0335369504156464
2331,5.843032894610256,-2.036701378394879
2332,5.8240285399661165,-2.0398438809321675
2333,5.805095291449224,-2.042964381767555
2334,5.786234303582624,-2.0460628051701515
2335,5.767446740083522,-2.049139075940072
2336,5.748733773855535,-2.0521931194103535
2337,5.730096586976654,-2.0552248614488637
2338,5.711536370682839,-2.0582342284601958
2339,5.693054325347078,-2.061221147387546
2340,5.674651660453718,-2.064185545714584
2341,5.656329594567952,-2.067127351467306
2342,5.638089355300219,-2.0700464932158753
2343,5.619932179265399,-2.0729429000764488
2344,5.601859312036594,-2.0758165017129904
2345,5.583872008093355,-2.0786672283390724
2346,5.5659715307641235,-2.0814950107196606
2347,5.548159152162761,-2.084299780172887
2348,5.530436153118906,-2.0870814685718075
2349,5.512803823102077,-2.0898400083461506
2350,5.495263460139235,-2.0925753324840444
2351,5.477816370725659,-2.0952873745337355
2352,5.460463869728955,-2.097976068605292
2353,5.443207280285989,-2.100641349372294
2354,5.426047933692561,-2.103283152073506
2355,5.408987169285596,-2.10590141251454
2356,5.392026334317713,-2.1084960670695017
2357,5.375166783823966,-2.1110670526826234
2358,5.358409880480518,-2.113614306869881
2359,5.341756994455101,-2.1161377677206015
2360,5.325209503249082,-2.1186373738990465
2361,5.308768791530908,-2.1211130646459924
2362,5.2924362509607885,-2.1235647797802906
2363,5.2762132800063695,-2.125992459700412
2364,5.260101283749278,-2.1283960453859776
2365,5.244101673682365,-2.130775478399279
2366,5.228215867497405,-2.133130700886778
2367,5.212445288863119,-2.1354616555805936
2368,5.196791367193414,-2.137768285799979
2369,5.181255537405572,-2.140050535452773
2370,5.165839239668297,-2.1423083490368486
2371,5.150543919139522,-2.1445416716415404
2372,5.135371025693672,-2.1467504489490556
2373,5.120322013638457,-2.1489346272358745
2374,5.105398341420929,-2.15109415337413
2375,5.090601471322684,-2.1532289748329836
2376,5.075932869144228,-2.15533903967997
2377,5.061394003878255,-2.1574242965823403
2378,5.046986347371868,-2.1594846948083823
2379,5.032711373977584,-2.16152018422873
2380,5.018570560193113,-2.163530715317654
2381,5.004565384289864,-2.1655162391543388
2382,4.990697325930079,-2.167476707424146
2383,4.976967865772635,-2.169412072419857
2384,4.963378485067504,-2.171322287042909
2385,4.949930665238801,-2.173207304804604
2386,4.936625887456553,-2.175067079827314
2387,4.923465632197144,-2.176901566845661
2388,4.9104513787925175,-2.1787107212076897
2389,4.897584604968225,-2.180494498876015
2390,4.884866786370395,-2.1822528564289665
2391,4.8722993960817425,-2.1839857510617025
2392,4.859883904126749,-2.185693140587322
2393,4.847621776966178,-2.1873749834379512
2394,4.83551447698105,-2.1890312386658186
2395,4.823563461946366,-2.190661865944316
2396,4.811770184494676,-2.1922668255690345
2397,4.80013609156984,-2.1938460784588
2398,4.788662623871161,-2.1953995861566784
2399,4.777351215288252,-2.1969273108309704
2400,4.766203292326861,-2.1984292152761924
2401,4.75522027352606,-2.1999052629140374
2402,4.744403568867101,-2.2013554177943244
2403,4.733754579174361,-2.202779644595926
2404,4.723274695508759,-2.204177908627685
2405,4.7129652985540345,-2.2055501758293117
2406,4.702827757996464,-2.206896412772266
2407,4.692863431898346,-2.208216586660625
2408,4.683073666065847,-2.20951066533193
2409,4.673459793411706,-2.210778617258023
2410,4.664023133313338,-2.2120204115458617
2411,4.654764990966949,-2.213236017938322
2412,4.645686656738209,-2.2144254068149807
2413,4.636789405510135,-2.2155885491928857
2414,4.628074496028794,-2.2167254167273067
2415,4.619543170247486,-2.2178359817124718
2416,4.611196652670189,-2.218920217082284
2417,4.603036149694734,-2.2199780964110265
2418,4.595062848956708,-2.2210095939140477
2419,4.587277918674587,-2.222014684448429
2420,4.579682506997004,-2.222993343513644
2421,4.5722777413528215,-2.2239455472521845
2422,4.565064727804841,-2.224871272450191
2423,4.55804455040791,-2.2257704965380505
2424,4.551218270572243,-2.2266431975909837
2425,4.544586926432771,-2.2274893543296166
2426,4.538151532225294,-2.228308946120533
2427,4.531913077670365,-2.229101952976812
2428,4.525872527365582,-2.2298683555585463
2429,4.520030820187239,-2.23060813517335
2430,4.514388868702114,-2.23132127377684
2431,4.508947558590251,-2.232007753973111
2432,4.503707748079503,-2.232667559015183
2433,4.498670267392715,-2.2333006728054463
2434,4.493835918208366,-2.233907079896073
2435,4.489205473135391,-2.234486765489425
2436,4.484779675203046,-2.235039715438438
2437,4.480559237366608,-2.2355659162469923
2438,4.476544842029575,-2.2360653550702647
2439,4.472737140583218,-2.2365380197150655
2440,4.469136752964155,-2.2369838986401542
2441,4.465744267230624,-2.2374029809565465
2442,4.462560239158206,-2.237795256427796
2443,4.459585191855614,-2.2381607154702627
2444,4.4568196154011,-2.238499349153368
2445,4.454263966500254,-2.2388111491998233
2446,4.451918668165555,-2.239096107985854
2447,4.449784109418373,-2.239354218541398
2448,4.447860645013809,-2.2395854745502866
2449,4.446148595188889,-2.2397898703504167
2450,4.44464824543455,-2.239967400933897
2451,4.443359846291756,-2.240118061947183
2452,4.442283613172109,-2.240241849691194
2453,4.441419726203294,-2.2403387611214103
2454,4.440768330099587,-2.240408793847956
2455,4.4403295340576765,-2.240451946135668
2456,4.440103411677926,-2.2404682169041377
2457,4.440090000911283,-2.2404576057277494
2458,4.4402893040318885,-2.240420112835693
2459,4.440701287635413,-2.2403557391119566
2460,4.441325882663176,-2.2402644860953154
2461,4.442162984451977,-2.2401463559792902
2462,4.443212452809531,-2.2400013516120962
2463,4.444474112115426,-2.239829476496571
2464,4.445947751447386,-2.2396307347900906
2465,4.44763312473265,-2.2394051313044634
2466,4.4495299509241875,-2.2391526715058085
2467,4.451637914201472,-2.2388733615144214
2468,4.4539566641954424,-2.238567208104615
2469,4.4564858162372865,-2.238234218704551
2470,4.4592249516306515,-2.2378744013960494
2471,4.462173617946734,-2.2374877649143854
2472,4.465331329341881,-2.2370743186480633
2473,4.4686975668970925,-2.2366340726385814
2474,4.472271778978848,-2.236167037580172
2475,4.4760533816207575,-2.235673224819531
2476,4.480041758925298,-2.2351526463555276
2477,4.484236263485087,-2.234605314838895
2478,4.488636216822952,-2.234031243571911
2479,4.493240909850144,-2.2334304465080534
2480,4.498049603341904,-2.2328029382516448
2481,4.503061528429736,-2.232148734057478
2482,4.508275887109565,-2.2314678498304246
2483,4.513691852764999,-2.230760302125028
2484,4.519308570704943,-2.2300261081450783
2485,4.525125158714723,-2.2292652857431707
2486,4.5311407076199846,-2.228477853420247
2487,4.53735428186243,-2.227663830325123
2488,4.543764920086686,-2.226823236253993
2489,4.550371635737403,-2.2259560916499255
2490,4.557173417665764,-2.225062417602335
2491,4.564169230744633,-2.224142235846441
2492,4.571358016491405,-2.2231955687627125
2493,4.5787386936978445,-2.2222224393762886
2494,4.586310159066057,-2.2212228713563893
2495,4.5940712878497045,-2.2201968890157047
2496,4.602020934499815,-2.219144517309776
2497,4.61015793331426,-2.2180657818363465
2498,4.618481099090174,-2.2169607088347076
2499,4.626989227778594,-2.215829325185025
2500,4.635681097140416,-2.2146716584076445
2501,4.64455546740316,-2.213487736662387
2502,4.653611081917604,-2.2122775887478223
2503,4.662846667813719,-2.2110412441005316
2504,4.672260936655194,-2.2097787327943457
2505,4.681852585091847,-2.2084900855395775
2506,4.691620295509361,-2.207175333682227
2507,4.701562736675614,-2.2058345092031777
2508,4.711678564383123,-2.2044676447173748
2509,4.721966422086945,-2.203074773472984
2510,4.732424941537491,-2.2016559293505384
2511,4.743052743407802,-2.200211146862067
2512,4.753848437914665,-2.198740461150205
2513,4.764810625433163,-2.1972439079872945
2514,4.7759378971041855,-2.19572152377446
2515,4.7872288354344805,-2.194173345540674
2516,4.798682014888816,-2.1925994109418045
2517,4.810296002473858,-2.1909997582596503
2518,4.822069358313465,-2.1893744264009487
2519,4.834000636214998,-2.187723454896384
2520,4.846088384226364,-2.1860468838995657
2521,4.8583311451835085,-2.184344754185997
2522,4.870727457248083,-2.182617107152027
2523,4.883275854435047,-2.1808639848137874
2524,4.895974867130007,-2.179085429806112
2525,4.908823022596024,-2.1772814853814397
2526,4.921818845469826,-2.1754521954087047
2527,4.9349608582471785,-2.173597604372205
2528,4.9482475817573,-2.1717177573704682
2529,4.961677535626246,-2.1698127001150804
2530,4.975249238729129,-2.167882478929522
2531,4.988961209631081,-2.1659271407479723
2532,5.002811967016967,-2.163946733114105
2533,5.016800030109736,-2.1619413041798676
2534,5.030923919077446,-2.1599109027042434
2535,5.045182155428894,-2.157855578051999
2536,5.05957326239791,-2.15577538019242
2537,5.074095765316308,-2.153670359698023
2538,5.088748191975559,-2.1515405677432597
2539,5.103529072977169,-2.149386056103205
2540,5.118436942071922,-2.147206877152223
2541,5.13347033648798,-2.145003083862628
2542,5.1486277972479435,-2.142774729803321
2543,5.1639078694750165,-2.1405218691384165
2544,5.179309102688307,-2.1382445566258554
2545,5.194830051087438,-2.135942847615995
2546,5.210469273826578,-2.133616798050194
2547,5.226225335277978,-2.131266464459373
2548,5.242096805285223,-2.1288919039625704
2549,5.258082259406315,-2.1264931742654727
2550,5.27418027914676,-2.1240703336589375
2551,5.2903894521827075,-2.1216234410174994
2552,5.306708372574516,-2.1191525557978594
2553,5.323135640970714,-2.1166577380373623
2554,5.3396698648026435,-2.1141390483524587
2555,5.356309658469918,-2.1115965479371503
2556,5.373053643516901,-2.109030298561424
2557,5.389900448800349,-2.1064403625696686
2558,5.406848710648457,-2.1038268028790785
2559,5.423897073011441,-2.1011896829780436
2560,5.441044187603905,-2.0985290669245233
2561,5.458288714039125,-2.0958450193444054
2562,5.4756293199554875,-2.0931376054298534
2563,5.493064681135223,-2.0904068909376394
2564,5.510593481615706,-2.087652942187461
2565,5.528214413793416,-2.084875826060241
2566,5.545926178520856,-2.082075609996423
2567,5.5637274851965355,-2.0792523619942442
2568,5.58161705184821,-2.076406150607995
2569,5.599593605209661,-2.073537044946268
2570,5.617655880791094,-2.070645114670193
2571,5.635802622943425,-2.0677304299916552
2572,5.65403258491653,-2.0647930616715
2573,5.672344528911797,-2.0618330810177286
2574,5.690737226129015,-2.0588505598836755
2575,5.709209456807902,-2.055845570666172
2576,5.727760010264307,-2.0528181863037
2577,5.746387684921412,-2.0497684802745297
2578,5.765091288335993,-2.0466965265948427
2579,5.783869637219983,-2.0436023998168467
2580,5.802721557457401,-2.040486175026868
2581,5.821645884116979,-2.0373479278434448
2582,5.840641461460461,-2.0341877344153887
2583,5.8597071429468395,-2.0310056714198517
2584,5.878841791232697,-2.0278018160603666
2585,5.898044278168689,-2.024576246064883
2586,5.917313484792488,-2.0213290396837817
2587,5.936648301318169,-2.018060275687887
2588,5.956047627122269,-2.014770033366457
2589,5.975510370726632,-2.011458392525164
2590,5.995035449778194,-2.008125433484066
2591,6.01462179102581,-2.0047712370755586
2592,6.034268330294282,-2.00139588464232
2593,6.053974012455668,-1.9979994580352416
2594,6.073737791398052,-1.9945820396113445
2595,6.093558629991854,-1.991143712231687
2596,6.113435500053811,-1.9876845592592551
2597,6.1333673823087445,-1.984204664556847
2598,6.153353266349195,-1.9807041124849383
2599,6.1733921505930605,-1.9771829878995406
2600,6.193483042239359,-1.973641376150045
2601,6.213624957222136,-1.9700793630770563
2602,6.233816920162729,-1.9664970350102107
2603,6.25405796432038,-1.9628944787659857
2604,6.274347131541338,-1.9592717816454983
2605,6.294683472206525,-1.9556290314322873
2606,6.315066045177905,-1.951966316390088
2607,6.33549391774352,-1.9482837252605942
2608,6.355966165561384,-1.9445813472612072
2609,6.376481872602274,-1.9408592720827746
2610,6.397040131091489,-1.9371175898873179
2611,6.417640041449629,-1.9333563913057485
2612,6.43828071223254,-1.92957576743557
2613,6.458961260070393,-1.9257758098385755
2614,6.479680809606017,-1.9219566105385237
2615,6.500438493432548,-1.9181182620188166
2616,6.521233452030472,-1.914260857220154
2617,6.542064833704026,-1.9103844895381858
2618,6.562931794517182,-1.9064892528211477
2619,6.583833498229073,-1.9025752413674888
2620,6.604769116229065,-1.8986425499234914
2621,6.625737827471459,-1.894691273680871
2622,6.646738818409845,-1.8907215082743776
2623,6.667771282931262,-1.8867333497793748
2624,6.6888344222900535,-1.8827268947094178
2625,6.709927445041589,-1.8787022400138158
2626,6.731049566975852,-1.8746594830751855
2627,6.752200011050887,-1.870598721706994
2628,6.773378007326216,-1.8665200541510922
2629,6.794582792896228,-1.8624235790752377
2630,6.81581361182354,-1.8583093955706063
2631,6.837069715072433,-1.8541776031492987
2632,6.858350360442347,-1.8500283017418282
2633,6.879654812501447,-1.8458615916946066
2634,6.900982342520351,-1.8416775737674194
2635,6.922332228406023,-1.8374763491308854
2636,6.94370375463576,-1.8332580193639136
2637,6.965096212191513,-1.8290226864511474
2638,6.986508898494309,-1.8247704527803987
2639,7.007941117339014,-1.8205014211400732
2640,7.0293921788293074,-1.8162156947165913
2641,7.050861399312976,-1.8119133770917883
2642,7.072348101317498,-1.8075945722403168
2643,7.093851613485972,-1.8032593845270355
2644,7.115371270513365,-1.7989079187043884
2645,7.1369064130831354,-1.7945402799097738
2646,7.158456387804234,-1.7901565736629097
2647,7.18002054714845,-1.7857569058631866
2648,7.201598249388226,-1.7813413827870093
2649,7.223188858534806,-1.7769101110851344
2650,7.244791744276875,-1.7724631977800003
2651,7.266406281919588,-1.7680007502630426
2652,7.288031852324075,-1.763522876292005
2653,7.309667841847369,-1.7590296839882442
2654,7.331313642282805,-1.7545212818340201
2655,7.352968650800923,-1.7499977786697845
2656,7.374632269890786,-1.7454592836914569
2657,7.396303907301825,-1.7409059064476968
2658,7.4179829759861855,-1.7363377568371605
2659,7.439668894041522,-1.7317549451057603
2660,7.46136108465433,-1.7271575818439062
2661,7.48305897604377,-1.7225457779837479
2662,7.504762001406009,-1.7179196447964022
2663,7.5264695988590695,-1.713279293889179
2664,7.548181211388194,-1.7086248372027948
2665,7.569896286791729,-1.7039563870085803
2666,7.591614277627546,-1.6992740559056851
2667,7.613334641159951,-1.6945779568182668
2668,7.63505683930716,-1.6898682029926804
2669,7.656780338589262,-1.6851449079946572
2670,7.6785046100767405,-1.680408185706476
2671,7.700229129339508,-1.6756581503241306
2672,7.721953376396478,-1.6708949163544862
2673,7.74367683566565,-1.6661185986124325
2674,7.765398995914727,-1.6613293122180293
2675,7.787119350212284,-1.6565271725936437
2676,7.808837395879418,-1.6517122954610823
2677,7.83055263444196,-1.6468847968387177
2678,7.852264571583208,-1.642044793038608
2679,7.873972717097163,-1.6371924006636067
2680,7.895676584842295,-1.6323277366044737
2681,7.917375692695843,-1.627450918036972
2682,7.939069562508613,-1.6225620624189652
2683,7.960757720060294,-1.6176612874875018
2684,7.982439695015297,-1.6127487112559034
2685,8.004115020879093,-1.6078244520108367
2686,8.02578323495504,-1.602888628309387
2687,8.04744387830179,-1.5979413589761224
2688,8.069096495691083,-1.5929827631001554
2689,8.090740635566132,-1.5880129600321935
2690,8.112375850000465,-1.5830320693815925
2691,8.134001694657263,-1.578040211013397
2692,8.15561772874917,-1.57303750504538
2693,8.177223514998644,-1.5680240718450753
2694,8.1988186195987,-1.5630000320268063
2695,8.220402612174228,-1.5579655064487077
2696,8.241975065743693,-1.552920616209745
2697,8.263535556681381,-1.547865482646727
2698,8.285083664680066,-1.5428002273313144
2699,8.30661897271415,-1.5377249720670232
2700,8.32814106700326,-1.5326398388862235
2701,8.34964953697632,-1.5275449500471356
2702,8.371143975236029,-1.522440428030819
2703,8.392623977523828,-1.517326395538158
2704,8.414089142685283,-1.5122029754868431
2705,8.435539072635928,-1.50707029100835
2706,8.456973372327509,-1.50192846544491
2707,8.47839164971468,-1.4967776223464815
2708,8.499793515722128,-1.4916178854677133
2709,8.521178584212102,-1.4864493787649076
2710,8.54254647195236,-1.4812722263929758
2711,8.56389679858456,-1.4760865527023932
2712,8.585229186592999,-1.4708924822361493
2713,8.606543261273824,-1.4656901397266924
2714,8.627838650704572,-1.4604796500928752
2715,8.649114985714167,-1.4552611384368928
2716,8.670371899853277,-1.4500347300412195
2717,8.691609029365054,-1.4448005503655417
2718,8.71282601315626,-1.439558725043688
2719,8.7340224927688,-1.4343093798805553
2720,8.75519811235157,-1.4290526408490338
2721,8.776352518632725,-1.4237886340869275
2722,8.797485360892292,-1.418517485893871
2723,8.81859629093515,-1.4132393227282467
2724,8.83968496306435,-1.4079542712040962
2725,8.860751034054816,-1.4026624580880311
2726,8.881794163127383,-1.397364010296139
2727,8.902814011923152,-1.3920590548908907
2728,8.923810244478206,-1.3867477190780417
2729,8.944782527198706,-1.3814301302035317
2730,8.965730528836238,-1.3761064157503855
2731,8.986653920463539,-1.3707767033356064
2732,9.007552375450528,-1.3654411207070716
2733,9.028425569440685,-1.3600997957404246
2734,9.0492731803277,-1.3547528564359648
2735,9.070094888232479,-1.349400430915535
2736,9.09089037548043,-1.3440426474194112
2737,9.111659326579062,-1.3386796343031837
2738,9.132401428195873,-1.3333115200346448
2739,9.153116369136573,-1.327938433190667
2740,9.173803840323544,-1.322560502454086
2741,9.194463534774643,-1.3171778566105796
2742,9.215095147582263,-1.3117906245455453
2743,9.235698375892651,-1.3063989352409777
2744,9.25627291888557,-1.3010029177723441
2745,9.276818477754178,-1.2956027013054592
2746,9.297334755685213,-1.2901984150933596
2747,9.317821457839399,-1.2847901884731763
2748,9.338278291332193,-1.2793781508630073
2749,9.358704965214704,-1.2739624317587888
2750,9.379101190454957,-1.2685431607311668
2751,9.399466679919334,-1.263120467422367
2752,9.419801148354312,-1.2576944815430653
2753,9.44010431236844,-1.2522653328692566
2754,9.460375890414545,-1.2468331512391255
2755,9.480615602772193,-1.2413980665499145
2756,9.500823171530397,-1.235960208754792
2757,9.520998320570527,-1.2305197078597234
2758,9.541140775549474,-1.225076693920339
2759,9.56125026388306,-1.219631297038802
2760,9.581326514729627,-1.2141836473606789
2761,9.601369258973875,-1.2087338750718086
2762,9.621378229210945,-1.2032821103951723
2763,9.641353159730667,-1.1978284835877633
2764,9.661293786502046,-1.1923731249374567
2765,9.681199847157957,-1.1869161647598834
2766,9.701071080980077,-1.1814577333952985
2767,9.72090722888394,-1.1759979612054559
2768,9.740708033404296,-1.1705369785704811
2769,9.760473238680607,-1.165074915885744
2770,9.780202590442734,-1.1596119035587371
2771,9.799895835996855,-1.1541480720059483
2772,9.819552724211563,-1.1486835516497387
2773,9.839173005504119,-1.1432184729152233
2774,9.85875643182695,-1.1377529662271464
2775,9.878302756654273,-1.1322871620067672
2776,9.897811734968943,-1.1268211906687375
2777,9.917283123249444,-1.1213551826179884
2778,9.936716679457088,-1.115889268246615
2779,9.956112163023384,-1.1104235779307616
2780,9.975469334837532,-1.1049582420275121
2781,9.994787957234163,-1.0994933908717794
2782,10.014067793981177,-1.0940291547731973
2783,10.03330861026779,-1.0885656640130148
2784,10.052510172692706,-1.0831030488409925
2785,10.071672249252488,-1.0776414394723
2786,10.090794609330063,-1.0721809660844157
2787,10.109877023683373,-1.0667217588140303
2788,10.128919264434218,-1.0612639477539503
2789,10.1479211050572,-1.0558076629500057
2790,10.166882320368858,-1.0503530343979586
2791,10.18580268651692,-1.0449001920404164
2792,10.204681980969738,-1.0394492657637446
2793,10.22351998250581,-1.0340003853949844
2794,10.242316471203495,-1.0285536806987734
2795,10.261071228430831,-1.0231092813742668
2796,10.279784036835528,-1.017667317052064
2797,10.29845468033505,-1.012227917291136
2798,10.317082944106874,-1.0067912115757562
2799,10.335668614578841,-1.0013573293124367
2800,10.354211479419677,-0.9959263998268642
2801,10.372711327529604,-0.9904985523608401
2802,10.391167949031095,-0.9850739160692272
2803,10.409581135259772,-0.979652620016894
2804,10.427950678755394,-0.9742347931756669
2805,10.446276373252964,-0.9688205644212847
2806,10.46455801367399,-0.9634100625303552
2807,10.482795396117844,-0.9580034161773179
2808,10.500988317853233,-0.9526007539314072
2809,10.519136577309792,-0.9472022042536239
2810,10.537239974069774,-0.9418078954937051
2811,10.55529830885987,-0.936417955887103
2812,10.573311383543135,-0.9310325135519637
2813,10.591279001111035,-0.925651696486113
2814,10.609200965675544,-0.9202756325640443
2815,10.627077082461428,-0.9149044495339116
2816,10.644907157798562,-0.9095382750145272
2817,10.662690999114414,-0.9041772364923618
2818,10.680428414926551,-0.8988214613185511
2819,10.698119214835314,-0.8934710767059063
2820,10.715763209516574,-0.8881262097259285
2821,10.733360210714558,-0.8827869873058265
2822,10.750910031234799,-0.877453536225543
2823,10.768412484937157,-0.8721259831147825
2824,10.785867386728965,-0.8668044544500435
2825,10.803274552558246,-0.8614890765516576
2826,10.820633799406993,-0.856179975580833
2827,10.8379449452846,-0.8508772775367021
2828,10.855207809221325,-0.8455811082533743
2829,10.872422211261883,-0.840291593396994
2830,10.889587972459084,-0.8350088584628058
2831,10.90670491486758,-0.8297330287722201
2832,10.92377286153769,-0.8244642294698901
2833,10.940791636509314,-0.8192025855207883
2834,10.957761064805899,-0.813948221707293
2835,10.97468097242853,-0.8087012626262772
2836,10.991551186350067,-0.803461832686205
2837,11.00837153450936,-0.7982300561042325
2838,11.025141845805555,-0.7930060569033148
2839,11.041861950092473,-0.7877899589093185
2840,11.058531678173035,-0.7825818857481408
2841,11.075150861793826,-0.7773819608428321
2842,11.091719333639642,-0.7721903074107287
2843,11.108236927328194,-0.7670070484605865
2844,11.124703477404829,-0.7618323067897248
2845,11.141118819337333,-0.7566662049811738
2846,11.157482789510803,-0.7515088654008292
2847,11.173795225222607,-0.7463604101946133
2848,11.190055964677358,-0.7412209612856416
2849,11.206264846982016,-0.7360906403713963
2850,11.222421712141028,-0.7309695689209049
2851,11.238526401051502,-0.7258578681719283
2852,11.2545787554985,-0.720755659128152
2853,11.27057861815036,-0.7156630625563853
2854,11.28652583255407,-0.7105801989837682
2855,11.302420243130728,-0.7055071886949826
2856,11.318261695171056,-0.7004441517294732
2857,11.334050034830955,-0.6953912078786719
2858,11.34978510912714,-0.6903484766832322
2859,11.365466765932826,-0.6853160774302676
2860,11.381094853973448,-0.6802941291506002
2861,11.396669222822487,-0.6752827506160133
2862,11.41218972289728,-0.6702820603365128
2863,11.427656205454962,-0.665292176557596
2864,11.443068522588415,-0.660313217257525
2865,11.45842652722225,-0.6553453001446121
2866,11.473730073108907,-0.6503885426545074
2867,11.488979014824752,-0.645443061947497
2868,11.504173207766225,-0.6405089749058084
2869,11.519312508146106,-0.6355863981309205
2870,11.53439677298971,-0.6306754479408866
2871,11.549425860131258,-0.6257762403676588
2872,11.5643996282102,-0.6208888911544241
2873,11.579317936667646,-0.616013515752948
2874,11.594180645742805,-0.6111502293209231
2875,11.608987616469488,-0.6062991467193286
2876,11.623738710672656,-0.6014603825097964
2877,11.63843379096502,-0.5966340509519845
2878,11.653072720743653,-0.5918202660009593
2879,11.667655364186706,-0.587019141304585
2880,11.682181586250096,-0.5822307902009226
2881,11.696651252664264,-0.5774553257156358
2882,11.71106422993103,-0.5726928605594048
2883,11.72542038532038,-0.5679435071253495
2884,11.739719586867398,-0.5632073774864597
2885,11.753961703369178,-0.5584845833930349
2886,11.768146604381796,-0.5537752362701313
2887,11.78227416021731,-0.549079447215018
2888,11.796344241940815,-0.5443973269946418
2889,11.810356721367526,-0.5397289860430994
2890,11.824311471059891,-0.5350745344591193
2891,11.838208364324773,-0.530434082003552
2892,11.852047275210621,-0.5258077380968688
2893,11.865828078504704,-0.5211956118166694
2894,11.87955064973041,-0.5165978118951977
2895,11.893214865144515,-0.5120144467168674
2896,11.906820601734518,-0.5074456243157967
2897,11.920367737216049,-0.5028914523733492
2898,11.933856150030248,-0.4983520382156879
2899,11.947285719341197,-0.4938274888113349
2900,11.960656325033439,-0.48931791076874115
2901,11.97396784770941,-0.48482341033386644
2902,11.987220168687045,-0.4803440933877667
2903,12.000413169997316,-0.4758800654441915
2904,12.013546734381825,-0.4714314316471912
2905,12.026620745290451,-0.4669982967687318
2906,12.03963508687902,-0.4625807652063213
2907,12.052589644006966,-0.4581789409806433
2908,12.065484302235076,-0.453792927733202
2909,12.07831894782324,-0.44942282872397427
2910,12.091093467728214,-0.445068746829074
2911,12.103807749601458,-0.4407307845384238
2912,12.116461681786944,-0.4364090439534373
2913,12.129055153319042,-0.4321036267847108
2914,12.141588053920398,-0.42781463434972494
2915,12.154060273999841,-0.4235421675705559
2916,12.16647170465037,-0.41928632697159574
2917,12.178822237647097,-0.4150472126772831
2918,12.191111765445239,-0.41082492440984514
2919,12.203340181178154,-0.4066195614870464
2920,12.215507378655408,-0.4024312228199497
2921,12.227613252360802,-0.39826000691068714
2922,12.23965769745053,-0.39410601185023914
2923,12.251640609751268,-0.38996933531622596
2924,12.263561885758314,-0.38585007457070813
2925,12.275421422633778,-0.3817483264579972
2926,12.287219118204785,-0.3776641874024756
2927,12.298954870961667,-0.3735977534064291
2928,12.310628580056239,-0.36954912004788676
2929,12.322240145300027,-0.3655183824784738
2930,12.333789467162582,-0.3615056354212726
2931,12.345276446769768,-0.357510973168696
2932,12.356700985902116,-0.35353448958036865
2933,12.368062986993158,-0.34957627808102154
2934,12.37936235312779,-0.34563643165839514
2935,12.390598988040722,-0.3417150428611529
2936,12.401772796114804,-0.33781220379680765
2937,12.412883682379544,-0.3339280061296551
2938,12.42393155250952,-0.3300625410787213
2939,12.43491631282287,-0.3262158994157185
2940,12.445837870279771,-0.3223881714630128
2941,12.456696132480978,-0.3185794470916022
2942,12.467491007666343,-0.3147898157191056
2943,12.478222404713364,-0.31101936630776245
2944,12.488890233135779,-0.30726818736244305
2945,12.499494403082126,-0.30353636692867064
2946,12.510034825334376,-0.29982399259065334
2947,12.520511411306547,-0.29613115146932745
2948,12.530924073043346,-0.29245793022041205
2949,12.541272723218857,-0.288804415032474
2950,12.55155727513517,-0.2851706916250049
2951,12.561777642721143,-0.2815568452465077
2952,12.57193374053106,-0.2779629606725963
2953,12.582025483743369,-0.2743891222041051
2954,12.592052788159474,-0.2708354136652094
2955,12.602015570202452,-0.2673019184015581
2956,12.61191374691584,-0.2637887192784171
2957,12.621747235962445,-0.2602958986788244
2958,12.63151595562315,-0.2568235385017552
2959,12.641219824795733,-0.25337172016030035
2960,12.650858762993712,-0.24994052457985472
2961,12.660432690345209,-0.24653003219631736
2962,12.669941527591828,-0.2431403229543031
2963,12.679385196087518,-0.23977147630536583
2964,12.688763617797502,-0.23642357120623333
2965,12.698076715297178,-0.233096686117053
2966,12.70732441177105,-0.22979089899965016
2967,12.716506631011674,-0.2265062873157972
2968,12.72562329741863,-0.2232429280254937
2969,12.734674335997472,-0.22000089758526092
2970,12.743659672358731,-0.2167802719464442
2971,12.752579232716906,-0.21358112655353015
2972,12.761432943889503,-0.21040353634247336
2973,12.770220733296009,-0.2072475757390373
2974,12.778942528956973,-0.20411331865714488
2975,12.787598259493059,-0.201000838497241
2976,12.796187854124096,-0.19791020814466856
2977,12.804711242668137,-0.1948414999680553
2978,12.813168355540604,-0.19179478581771117
2979,12.821559123753335,-0.18877013702404097
2980,12.82988347891374,-0.1857676243959653
2981,12.83814135322388,-0.18278731821935684
2982,12.846332679479666,-0.17982928825548541
2983,12.854457391069946,-0.1768936037394778
2984,12.862515421975738,-0.1739803333787873
2985,12.870506706769326,-0.17108954535167822
2986,12.878431180613495,-0.16822130730571955
2987,12.886288779260713,-0.16537568635629232
2988,12.894079439052335,-0.162552749085109
2989,12.901803096917837,-0.15975256153874456
2990,12.909459690374003,-0.15697518922718096
2991,12.917049157524227,-0.1542206971223613
2992,12.924571437057711,-0.15148914965675978
2993,12.932026468248752,-0.14878061072196072
2994,12.93941419095599,-0.1460951436672524
2995,12.946734545621707,-0.14343281129823154
2996,12.953987473271127,-0.1407936758754198
2997,12.961172915511698,-0.13817779911289457
2998,12.968290814532402,-0.13558524217693138
2999,12.975341113103099,-0.133016065684657
