turn,time_sigma_ns,Q1
0,9.006106317225031,-0.0034811510363291966
1,9.00611741901729,-0.0034799967471534623
2,9.006129067486667,-0.0034787824835825942
3,9.006141262477547,-0.0034775082626960093
4,9.006154003827449,-0.0034761741023131092
5,9.006167291367008,-0.0034747800209945874
6,9.006181124919975,-0.0034733260380417357
7,9.006195504303221,-0.0034718121734960902
8,9.006210429326753,-0.0034702384481387987
9,9.006225899793705,-0.0034686048834906102
10,9.006241915500349,-0.0034669115018108976
11,9.006258476236074,-0.0034651583260986918
12,9.006275581783436,-0.0034633453800902055
13,9.006293231918121,-0.003461472688260161
14,9.006311426408951,-0.0034595402758209126
15,9.006330165017916,-0.0034575481687216135
16,9.006349447500144,-0.0034554963936483532
17,9.006369273603932,-0.0034533849780230916
18,9.006389643070728,-0.0034512139500040276
19,9.006410555635158,-0.003448983338484183
20,9.006432011024994,-0.003446693173092375
21,9.0064540089612,-0.0034443434841911367
22,9.006476549157908,-0.0034419343028771238
23,9.006499631322441,-0.003439465660980055
24,9.006523255155292,-0.0034369375910636947
25,9.006547420350154,-0.003434350126423273
26,9.006572126593909,-0.0034317033010865567
27,9.006597373566638,-0.0034289971498127157
28,9.006623160941631,-0.0034262317080914345
29,9.006649488385385,-0.003423407012142932
30,9.006676355557598,-0.003420523098917866
31,9.006703762111188,-0.0034175800060960554
32,9.006731707692314,-0.0034145777720852657
33,9.006760191940348,-0.0034115164360218613
34,9.006789214487888,-0.0034083960377702866
35,9.006818774960788,-0.0034052166179213074
36,9.006848872978125,-0.003401978217792719
37,9.006879508152249,-0.0033986808794272236
38,9.006910680088737,-0.003395324645593999
39,9.006942388386452,-0.003391909559785365
40,9.006974632637506,-0.003388435666218593
41,9.007007412427287,-0.0033849030098337713
42,9.007040727334465,-0.0033813116362937123
43,9.007074576930986,-0.003377661591983356
44,9.007108960782087,-0.003373952924008745
45,9.007143878446302,-0.003370185680197118
46,9.007179329475452,-0.0033663599090956522
47,9.007215313414696,-0.0033624756599698814
48,9.007251829802481,-0.00335853298280477
49,9.007288878170593,-0.0033545319283026713
50,9.007326458044133,-0.0033504725478833643
51,9.007364568941538,-0.003346354893683205
52,9.007403210374587,-0.0033421790185540865
53,9.007442381848406,-0.003337944976062761
54,9.007482082861479,-0.003333652820490461
55,9.007522312905639,-0.003329302606831774
56,9.007563071466095,-0.0033248943907943493
57,9.007604358021437,-0.0033204282287969
58,9.007646172043628,-0.0033159041779702064
59,9.007688512998028,-0.003311322296154654
60,9.007731380343397,-0.0033066826419001286
61,9.007774773531892,-0.003301985274465949
62,9.007818692009076,-0.0032972302538194823
63,9.007863135213944,-0.003292417640634515
64,9.007908102578916,-0.0032875474962912933
65,9.007953593529852,-0.00328261988287542
66,9.007999607486044,-0.00327763486317739
67,9.00804614386024,-0.003272592500691509
68,9.00809320205865,-0.003267492859614639
69,9.008140781480948,-0.0032623360048456207
70,9.008188881520292,-0.003257122001984603
71,9.008237501563308,-0.003251850917332073
72,9.008286640990127,-0.0032465228178876486
73,9.008336299174383,-0.0032411377713492287
74,9.008386475483208,-0.0032356958461124408
75,9.008437169277267,-0.003230197111269284
76,9.008488379910746,-0.003224641636607255
77,9.008540106731353,-0.003219029492609815
78,9.008592349080352,-0.0032133607504528485
79,9.008645106292564,-0.0032076354820056545
80,9.008698377696366,-0.00320185375982918
81,9.008752162613716,-0.003196015657175017
82,9.008806460360132,-0.003190121247985794
83,9.008861270244743,-0.0031841706068917526
84,9.008916591570276,-0.003178163809211506
85,9.00897242363306,-0.003172100930950824
86,9.009028765723038,-0.003165982048801311
87,9.00908561712378,-0.0031598072401399484
88,9.009142977112516,-0.0031535765830263737
89,9.009200844960105,-0.0031472901562039387
90,9.009259219931057,-0.0031409480390982257
91,9.009318101283565,-0.0031345503118146005
92,9.009377488269497,-0.0031280970551385233
93,9.009437380134395,-0.0031215883505344207
94,9.009497776117513,-0.0031150242801440435
95,9.009558675451808,-0.003108404926785478
96,9.00962007736395,-0.003101730373952676
97,9.009681981074344,-0.0030950007058133857
98,9.009744385797134,-0.003088216007208856
99,9.009807290740211,-0.0030813763636522557
100,9.009870695105226,-0.003074481861328003
101,9.009934598087597,-0.003067532587090415
102,9.009998998876531,-0.003060528628462042
103,9.010063896655023,-0.00305347007363372
104,9.010129290599886,-0.003046357011461459
105,9.010195179881721,-0.003039189531468056
106,9.010261563664974,-0.0030319677238396024
107,9.010328441107918,-0.003024691679425404
108,9.010395811362677,-0.003017361489736583
109,9.010463673575241,-0.0030099772469443955
110,9.01053202688547,-0.0030025390438794533
111,9.010600870427083,-0.002995046974031751
112,9.010670203327724,-0.002987501131546951
113,9.01074002470893,-0.0029799016112266098
114,9.010810333686157,-0.0029722485085272167
115,9.01088112936878,-0.0029645419195586838
116,9.010952410860126,-0.0029567819410826882
117,9.011024177257479,-0.002948968670511387
118,9.01109642765207,-0.0029411022059073334
119,9.011169161129123,-0.002933182645980744
120,9.011242376767843,-0.002925210090089137
121,9.011316073641437,-0.002917184638235768
122,9.01139025081712,-0.0029091063910686847
123,9.01146490735615,-0.0029009754498783916
124,9.01154004231381,-0.0028927919165976277
125,9.011615654739439,-0.002884555893799674
126,9.011691743676433,-0.0028762674846975387
127,9.011768308162274,-0.0028679267931413528
128,9.011845347228517,-0.0028595339236190064
129,9.011922859900846,-0.002851088981252145
130,9.012000845199026,-0.00284259207179814
131,9.012079302136973,-0.0028340433016456577
132,9.012158229722735,-0.002825442777815243
133,9.01223762695852,-0.002816790607956722
134,9.012317492840697,-0.002808086900349135
135,9.01239782635982,-0.0027993317638982545
136,9.012478626500625,-0.002790525308136075
137,9.012559892242072,-0.0027816676432182363
138,9.012641622557332,-0.002772758879923721
139,9.012723816413809,-0.002763799129653348
140,9.012806472773153,-0.0027547885044278677
141,9.01288959059129,-0.002745727116886425
142,9.012973168818396,-0.002736615080286315
143,9.013057206398956,-0.002727452508499963
144,9.013141702271746,-0.0027182395160148436
145,9.013226655369866,-0.002708976217930849
146,9.013312064620745,-0.0026996627299597214
147,9.013397928946162,-0.0026902991684229177
148,9.013484247262232,-0.0026808856502517444
149,9.01357101847947,-0.002671422292983197
150,9.013658241502768,-0.0026619092147606503
151,9.013745915231421,-0.0026523465343313768
152,9.013834038559143,-0.002642734371045467
153,9.013922610374067,-0.002633072844854491
154,9.014011629558782,-0.002623362076309385
155,9.01410109499034,-0.002613602186559143
156,9.014191005540255,-0.0026037932973498735
157,9.014281360074534,-0.0025939355310226364
158,9.014372157453703,-0.002584029010511715
159,9.01446339653278,-0.002574073859344246
160,9.014555076161347,-0.0025640702016367215
161,9.014647195183517,-0.0025540181620954364
162,9.014739752437974,-0.002543917866013885
163,9.014832746757973,-0.002533769439271471
164,9.014926176971379,-0.002523573008331335
165,9.015020041900657,-0.0025133287002398986
166,9.015114340362883,-0.0025030366426250536
167,9.015209071169798,-0.002492696963693399
168,9.015304233127795,-0.002482309792229269
169,9.01539982503793,-0.0024718752575939233
170,9.01549584569595,-0.0024613934897229767
171,9.01559229389231,-0.0024508646191253674
172,9.015689168412175,-0.0024402887768811914
173,9.015786468035449,-0.002429666094640793
174,9.015884191536781,-0.002418996704622487
175,9.015982337685609,-0.0024082807396102746
176,9.01608090524612,-0.0023975183329545883
177,9.01617989297733,-0.0023867096185677824
178,9.016279299633045,-0.0023758547309247887
179,9.016379123961926,-0.0023649538050592857
180,9.01647936470746,-0.0023540069765642514
181,9.016580020608009,-0.0023430143815887155
182,9.016681090396808,-0.0023319761568368134
183,9.016782572801993,-0.002320892439565644
184,9.016884466546616,-0.0023097633675837025
185,9.01698677034865,-0.002298589079249472
186,9.01708948292102,-0.002287369713469233
187,9.01719260297161,-0.0022761054096960497
188,9.017296129203286,-0.002264796307927084
189,9.017400060313904,-0.0022534425487029715
190,9.017504394996351,-0.0022420442731045384
191,9.017609131938523,-0.0022306016227529044
192,9.017714269823367,-0.002219114739806755
193,9.017819807328905,-0.0022075837669602466
194,9.017925743128231,-0.002196008847442068
195,9.01803207588954,-0.0021843901250130143
196,9.018138804276143,-0.0021727277439647003
197,9.018245926946474,-0.0021610218491177583
198,9.018353442554128,-0.002149272585819706
199,9.018461349747872,-0.0021374800999428138
200,9.018569647171645,-0.0021256445378834863
201,9.018678333464594,-0.002113766046559644
202,9.018787407261083,-0.002101844773409342
203,9.018896867190712,-0.002089880866388271
204,9.019006711878347,-0.0020778744739683654
205,9.019116939944121,-0.0020658257451360283
206,9.01922755000345,-0.002053734829390513
207,9.019338540667063,-0.0020416018767418277
208,9.019449910541015,-0.0020294270377088966
209,9.01956165822671,-0.002017210463317437
210,9.019673782320906,-0.002004952305098699
211,9.019786281415746,-0.0019926527150872075
212,9.019899154098786,-0.0019803118458182095
213,9.020012398952964,-0.0019679298503282533
214,9.02012601455668,-0.001955506882150404
215,9.020239999483778,-0.0019430430953142352
216,9.020354352303567,-0.0019305386443431779
217,9.020469071580854,-0.0019179936842527638
218,9.020584155875966,-0.001905408370547987
219,9.020699603744728,-0.0018927828592237128
220,9.02081541373853,-0.0018801173067599776
221,9.020931584404314,-0.0018674118701223286
222,9.02104811428462,-0.0018546667067577437
223,9.021165001917574,-0.0018418819745947082
224,9.021282245836925,-0.0018290578320404563
225,9.021399844572061,-0.0018161944379789276
226,9.021517796648025,-0.0018032919517689016
227,9.021636100585544,-0.0017903505332420586
228,9.021754754901036,-0.0017773703427010545
229,9.021873758106628,-0.001764351540917606
230,9.021993108710186,-0.0017512942891306552
231,9.02211280521531,-0.0017381987490449299
232,9.022232846121407,-0.001725065082826685
233,9.02235322992364,-0.001711893453104893
234,9.022473955113,-0.001698684022966901
235,9.0225950201763,-0.001685436955957808
236,9.022716423596206,-0.001672152416077327
237,9.022838163851242,-0.0016588305677791833
238,9.022960239415827,-0.0016454715759680453
239,9.023082648760276,-0.0016320756059979655
240,9.023205390350842,-0.0016186428236700137
241,9.023328462649719,-0.0016051733952306343
242,9.023451864115064,-0.0015916674873693406
243,9.023575593201025,-0.0015781252672167419
244,9.023699648357745,-0.00156454690234299
245,9.023824028031385,-0.0015509325607559554
246,9.023948730664175,-0.0015372824108969383
247,9.024073754694381,-0.0015235966216419448
248,9.02419909855637,-0.0015098753622970961
249,9.024324760680598,-0.0014961188025981271
250,9.024450739493656,-0.0014823271127069801
251,9.024577033418277,-0.0014685004632109463
252,9.024703640873353,-0.0014546390251199061
253,9.024830560273951,-0.0014407429698650588
254,9.024957790031365,-0.001426812469295035
255,9.025085328553086,-0.0014128476956765
256,9.025213174242873,-0.0013988488216889956
257,9.025341325500735,-0.0013848160204259163
258,9.025469780722963,-0.0013707494653903208
259,9.025598538302154,-0.0013566493304938624
260,9.025727596627231,-0.001342515790054233
261,9.025856954083478,-0.0013283490187922106
262,9.025986609052515,-0.0013141491918321475
263,9.026116559912374,-0.0012999164846967722
264,9.026246805037482,-0.001285651073307066
265,9.026377342798698,-0.0012713531339796792
266,9.026508171563322,-0.0012570228434246125
267,9.026639289695122,-0.0012426603787433078
268,9.026770695554374,-0.0012282659174257258
269,9.02690238749784,-0.0012138396373497023
270,9.027034363878823,-0.001199381716777736
271,9.027166623047185,-0.0011848923343544826
272,9.02729916334935,-0.001170371669105872
273,9.027431983128347,-0.0011558199004355685
274,9.027565080723795,-0.0011412372081248286
275,9.027698454471972,-0.001126623772327759
276,9.0278321027058,-0.0011119797735710897
277,9.027966023754892,-0.0010973053927505198
278,9.028100215945551,-0.0010826008111298182
279,9.028234677600794,-0.0010678662103385194
280,9.028369407040381,-0.0010531017723691602
281,9.028504402580838,-0.0010383076795752193
282,9.028639662535472,-0.0010234841146688804
283,9.028775185214396,-0.0010086312607191549
284,9.028910968924544,-0.0009937493011496592
285,9.029047011969704,-0.000978838419735925
286,9.029183312650524,-0.0009638988006036424
287,9.029319869264556,-0.000948930628225971
288,9.029456680106238,-0.0009339340874228928
289,9.029593743466958,-0.0009189093633567429
290,9.029731057635054,-0.0009038566415311642
291,9.029868620895845,-0.0008887761077888781
292,9.030006431531637,-0.0008736679483092809
293,9.030144487821767,-0.0008585323496060244
294,9.030282788042598,-0.0008433694985256039
295,9.030421330467558,-0.0008281795822441053
296,9.030560113367168,-0.0008129627882652837
297,9.03069913500904,-0.0007977193044189236
298,9.03083839365793,-0.0007824493188571374
299,9.030977887575723,-0.000767153020054151
300,9.031117615021492,-0.0007518305968020864
301,9.031257574251493,-0.0007364822382097766
302,9.0313977635192,-0.0007211081337002703
303,9.031538181075321,-0.0007057084730086427
304,9.031678825167822,-0.0006902834461796889
305,9.031819694041948,-0.000674833243565329
306,9.031960785940248,-0.0006593580558229291
307,9.032102099102595,-0.0006438580739122744
308,9.032243631766198,-0.0006283334890946608
309,9.032385382165646,-0.0006127844929284125
310,9.03252734853292,-0.000597211277268327
311,9.032669529097397,-0.0005816140342632728
312,9.032811922085909,-0.0005659929563527218
313,9.032954525722726,-0.0005503482362657717
314,9.0330973382296,-0.0005346800670185763
315,9.033240357825797,-0.0005189886419106127
316,9.03338358272809,-0.000503274154524459
317,9.033527011150818,-0.00048753679872183325
318,9.033670641305854,-0.0004717767686430504
319,9.033814471402694,-0.00045599425870232826
320,9.033958499648435,-0.0004401894635871619
321,9.034102724247797,-0.00042436257825625214
322,9.034247143403174,-0.00040851379793558636
323,9.034391755314633,-0.0003926433181173275
324,9.03453655817994,-0.0003767513345573772
325,9.034681550194586,-0.0003608380432726673
326,9.034826729551813,-0.00034490364053888547
327,9.03497209444263,-0.00032894832288839134
328,9.035117643055832,-0.000312972287107611
329,9.035263373578035,-0.0002969757302351217
330,9.035409284193696,-0.00028095884955806126
331,9.035555373085112,-0.00026492184261208855
332,9.035701638432494,-0.0002488649071757246
333,9.035848078413927,-0.00023278824127151196
334,9.035994691205437,-0.00021669204316158535
335,9.03614147498101,-0.0002005765113446099
336,9.03628842791259,-0.00018444184455584516
337,9.036435548170111,-0.00016828824176347634
338,9.03658283392154,-0.00015211590216534514
339,9.036730283332895,-0.00013592502518742879
340,9.036877894568226,-0.00011971581048246342
341,9.037025665789686,-0.00010348845792598986
342,9.037173595157553,-8.724316761389944e-05
343,9.03732168083021,-7.098013986201455e-05
344,9.037469920964215,-5.469957520104351e-05
345,9.037618313714283,-3.840167437709603e-05
346,9.037766857233356,-2.20866383459537e-05
347,9.037915549672586,-5.75466827332285e-06
348,9.038064389181367,1.059403446811551e-05
349,9.038213373907373,2.6959268302244155e-05
350,9.038362501996565,4.334083145069361e-05
351,9.038511771593221,5.973852193579052e-05
352,9.038661180839958,7.615213758264794e-05
353,9.038810727877744,9.258147602171238e-05
354,9.038960410845947,0.00010902633469161457
355,9.039110227882336,0.0001254865108410538
356,9.039260177123113,0.00014196180153154642
357,9.039410256702926,0.00015845200363919217
358,9.039560464754913,0.0001749569138584513
359,9.039710799410706,0.00019147632870294585
360,9.03986125880045,0.00020801004450869795
361,9.040011841052847,0.00022455785743675128
362,9.040162544295166,0.00024111956347526515
363,9.040313366653265,0.0002576949584420598
364,9.040464306251625,0.00027428383798695294
365,9.040615361213353,0.00029088599759428
366,9.040766529660232,0.0003075012325853793
367,9.04091780971272,0.0003241293381211136
368,9.041069199489987,0.00034077010920375634
369,9.041220697109933,0.00035742334068026286
370,9.04137230068922,0.000374088827244343
371,9.041524008343275,0.0003907663634384956
372,9.04167581818633,0.0004074557436567988
373,9.041827728331445,0.0004241567621476393
374,9.041979736890525,0.0004408692130160077
375,9.042131841974355,0.0004575928902260545
376,9.042284041692596,0.0004743275876026333
377,9.042436334153843,0.0004910730988349932
378,9.042588717465621,0.0005078292174788262
379,9.042741189734421,0.00052459573695804
380,9.042893749065735,0.000541372450568946
381,9.043046393564044,0.0005581591514803464
382,9.043199121332874,0.0005749556327377616
383,9.043351930474808,0.0005917616872654346
384,9.04350481909151,0.0006085771078686168
385,9.043657785283742,0.000625401687236298
386,9.043810827151404,0.0006422352179434767
387,9.043963942793537,0.000659077492453633
388,9.044117130308358,0.0006759283031212193
389,9.044270387793283,0.0006927874421943812
390,9.04442371334496,0.0007096547018175421
391,9.044577105059261,0.0007265298740328935
392,9.044730561031335,0.0007434127507837983
393,9.044884079355628,0.0007603031239173804
394,9.045037658125883,0.0007772007851860465
395,9.045191295435199,0.0007941055262509812
396,9.045344989376026,0.0008110171386841783
397,9.045498738040209,0.0008279354139713367
398,9.04565253951898,0.0008448601435129055
399,9.045806391903021,0.0008617911186285901
400,9.045960293282468,0.0008787281305591547
401,9.046114241746926,0.0008956709704677544
402,9.04626823538551,0.0009126194294440376
403,9.046422272286858,0.0009295732985056365
404,9.046576350539146,0.0009465323686008224
405,9.046730468230143,0.0009634964306116811
406,9.046884623447191,0.0009804652753554143
407,9.047038814277258,0.0009974386935874585
408,9.047193038806965,0.00101441647600476
409,9.047347295122588,0.0010313984132470644
410,9.047501581310101,0.0010483842959002224
411,9.047655895455176,0.0010653739144974137
412,9.047810235643228,0.0010823670595233356
413,9.047964599959437,0.0010993635214160075
414,9.048118986488758,0.0011163630905685494
415,9.048273393315947,0.001133365557332509
416,9.048427818525608,0.0011503707120210475
417,9.048582260202188,0.0011673783449099718
418,9.048736716430003,0.0011843882462402287
419,9.048891185293272,0.001201400206221719
420,9.049045664876147,0.0012184140150352006
421,9.049200153262712,0.0012354294628343285
422,9.049354648537046,0.0012524463397494278
423,9.049509148783196,0.0012694644358881072
424,9.049663652085224,0.0012864835413384562
425,9.049818156527255,0.0013035034461732048
426,9.04997266019346,0.0013205239404499444
427,9.050127161168096,0.0013375448142144454
428,9.050281657535546,0.0013545658575044158
429,9.050436147380315,0.0013715868603497983
430,9.050590628787065,0.0013886076127767395
431,9.050745099840642,0.001405627904809862
432,9.050899558626087,0.0014226475264742604
433,9.051054003228684,0.0014396662677989681
434,9.051208431733947,0.001456683918818128
435,9.051362842227682,0.0014737002695749592
436,9.051517232795979,0.001490715110123003
437,9.051671601525257,0.0015077282305299522
438,9.051825946502284,0.001524739420879143
439,9.051980265814171,0.0015417484712715332
440,9.052134557548445,0.0015587551718302293
441,9.052288819793045,0.001575759312701567
442,9.052443050636327,0.0015927606840570384
443,9.052597248167121,0.001609759076097166
444,9.052751410474743,0.001626754279053595
445,9.052905535649005,0.0016437460831910105
446,9.053059621780253,0.0016607342788101881
447,9.053213666959401,0.0016777186562512401
448,9.053367669277911,0.001694699005893962
449,9.053521626827866,0.0017116751181626424
450,9.053675537701972,0.0017286467835275693
451,9.053829399993562,0.0017456137925067885
452,9.053983211796648,0.0017625759356697066
453,9.054136971205956,0.0017795330036405239
454,9.054290676316892,0.001796484787097707
455,9.054444325225619,0.0018134310767793245
456,9.05459791602906,0.0018303716634842366
457,9.05475144682492,0.0018473063380749757
458,9.054904915711717,0.0018642348914801679
459,9.055058320788797,0.001881157114697254
460,9.055211660156356,0.0018980727987943497
461,9.055364931915477,0.001914981734913623
462,9.05551813416813,0.0019318837142728437
463,9.055671265017214,0.0019487785281686548
464,9.05582432256658,0.0019656659679793053
465,9.055977304921045,0.001982545825166064
466,9.056130210186417,0.0019994178912767398
467,9.056283036469521,0.0020162819579476144
468,9.05643578187821,0.0020331378169057613
469,9.056588444521408,0.0020499852599719713
470,9.056741022509124,0.0020668240790638792
471,9.056893513952472,0.0020836540661972203
472,9.057045916963691,0.002100475013488643
473,9.057198229656183,0.0021172867131590365
474,9.057350450144508,0.002134088957534488
475,9.057502576544442,0.002150881539050668
476,9.05765460697298,0.00216766425025415
477,9.057806539548357,0.0021844368838049755
478,9.057958372390065,0.002201199232478725
479,9.0581101036189,0.0022179510891703635
480,9.058261731356962,0.00223469224689548
481,9.0584132537277,0.0022514224987939336
482,9.058564668855897,0.002268141638130382
483,9.05871597486774,0.002284849458299331
484,9.058867169890801,0.0023015457528254915
485,9.059018252054086,0.0023182303153671435
486,9.059169219488057,0.0023349029397192298
487,9.059320070324636,0.0023515634198145448
488,9.059470802697243,0.0023682115497270354
489,9.059621414740803,0.0023848471236736428
490,9.059771904591807,0.0024014699360184514
491,9.059922270388281,0.00241807978127264
492,9.06007251026985,0.002434676454099001
493,9.060222622377726,0.002451259749312919
494,9.060372604854772,0.0024678294618865042
495,9.060522455845499,0.002484385386949895
496,9.06067217349608,0.0025009273197936642
497,9.060821755954386,0.002517455055871728
498,9.060971201370023,0.0025339683908041097
499,9.06112050789432,0.002550467120378507
500,9.061269673680366,0.0025669510405532457
501,9.06141869688306,0.0025834219777930195
502,9.061567567921287,0.0025998828673730132
503,9.061716261947499,0.002616334852139499
504,9.061864739158864,0.0026327773081173097
505,9.062012945108682,0.0026492078662207854
506,9.06216081101792,0.002665622430372349
507,9.062308254087025,0.0026820151923432687
508,9.062455177807896,0.0026983786436090154
509,9.062601472276066,0.0027147035845149973
510,9.062747014503085,0.0027309791310382667
511,9.062891668729094,0.002747192719423577
512,9.06303528673556,0.002763330108967973
513,9.063177708158259,0.0027793753832222184
514,9.063318760800394,0.0027953109498672943
515,9.063458260945943,0.0028111175395209523
516,9.063596013673173,0.0028267742037218456
517,9.063731813168316,0.0028422583123303233
518,9.063865443039479,0.002857545550584246
519,9.063996676630733,0.0028726099160349522
520,9.064125277336332,0.0028874237155827034
521,9.064250998915174,0.0029019575628320034
522,9.064373585805395,0.002916180375968833
523,9.064492773439186,0.0029300593763667876
524,9.06460828855777,0.0029435600881137104
525,9.064719849526526,0.002956646338647056
526,9.064827166650367,0.0029692802606843868
527,9.064929942489183,0.0029814222956149466
528,9.065027872173582,0.002993031198533457
529,9.065120643720688,0.0030040640450645236
530,9.065207938350174,0.0030144762401421053
531,9.06528943080044,0.0030242215288891552
532,9.065364789644985,0.0030332520097388622
533,9.065433677608903,0.0030415181499324137
534,9.065495751885523,0.003048968803519515
535,9.06555066445328,0.0030555512319881168
536,9.065598062392656,0.0030612111276315354
537,9.065637588203332,0.0030658926397648073
538,9.065668880121454,0.0030695384038884215
539,9.065691572437045,0.0030720895738950505
540,9.06570529581156,0.0030734858574036966
541,9.065709677595558,0.003073665554303357
542,9.06570434214654,0.0030725655985797836
543,9.065688911146855,0.0030701216034870952
544,9.065663003921756,0.0030662679101278417
545,9.065626237757582,0.003060937639492443
546,9.065578228220005,0.0030540627479998007
547,9.065518589472397,0.003045574086580857
548,9.06544693459429,0.0030354014633338713
549,9.065362875899911,0.003023473709775099
550,9.065266025256804,0.0030097187507027007
551,9.065155994404504,0.002994063677680956
552,9.065032395273308,0.002976434826150646
553,9.064894840303047,0.002956757856156495
554,9.064742942761924,0.0029349578366820576
555,9.064576317065429,0.0029109593335748573
556,9.064394579095179,0.0028846865010294033
557,9.064197346517878,0.002856063176600472
558,9.06398423910421,0.0028250129797032174
559,9.06375487904777,0.0027914594135517922
560,9.063508891283952,0.002755325970481676
561,9.063245903808783,0.0027165362405922816
562,9.062965547997814,0.0026750140236446876
563,9.062667458924833,0.0026306834441283547
564,9.062351275680596,0.0025834690694228487
565,9.062016641691475,0.0025332960309569115
566,9.061663205037988,0.002480090148268637
567,9.061290618773246,0.0024237780558590332
568,9.06089854124126,0.0023642873327282296
569,9.060486636395176,0.0023015466344747247
570,9.060054574115306,0.0022354858278274977
571,9.05960203052701,0.0021660361274777854
572,9.059128688318436,0.002093130235070893
573,9.05863423705808,0.0020167024802091016
574,9.05811837351208,0.001936688963306095
575,9.057580801961372,0.0018530277001362861
576,9.057021234518555,0.001765658767904796
577,9.056439391444556,0.001674524452664754
578,9.05583500146499,0.001579569397895796
579,9.055207802086274,0.0014807407540561445
580,9.054557539911416,0.0013779883289079795
581,9.053883970955546,0.0012712647384177955
582,9.05318686096105,0.0011605255580132159
583,9.052465985712423,0.0010457294739866362
584,9.051721131350712,0.0009268384348168595
585,9.050952094687643,0.0008038178021820421
586,9.050158683519292,0.0006766365014234424
587,9.049340716939376,0.0005452671712190902
588,9.048498025652165,0.0004096863122197554
589,9.04763045228486,0.00026987443438519527
590,9.046737851699586,0.00012581620276466693
591,9.045820091304876,-2.2499418549143968e-05
592,9.044877051366687,-0.0001750790245658095
593,9.043908625318897,-0.00033192462992465935
594,9.042914720073279,-0.0004930335320879539
595,9.041895256328944,-0.0006583981774922275
596,9.040850168881203,-0.0008280060309576228
597,9.039779406929933,-0.0010018394486515504
598,9.038682934387253,-0.001179875554926172
599,9.037560730184701,-0.001362086123333473
600,9.036412788579709,-0.0015484374621444249
601,9.035239119461535,-0.0017389088489405367
602,9.034039740837263,-0.0019334957467111557
603,9.032814671114322,-0.0021321935204252048
604,9.03156392910058,-0.0023349974371390655
605,9.030287534004461,-0.002541902666108754
606,9.028985505435084,-0.0027529042789017823
607,9.027657863402316,-0.002967997249516165
608,9.026304628316971,-0.003187176454494238
609,9.024925820990868,-0.0034104366730466425
610,9.023521462636985,-0.003637772587173012
611,9.022091574869565,-0.003869178781788147
612,9.020636179704272,-0.00410464974484768
613,9.019155299558289,-0.004344179867479348
614,9.017648957250483,-0.004587763444112951
615,9.0161171760015,-0.004835394672616475
616,9.014559979433942,-0.00508706765443062
617,9.012977391572488,-0.005342776394707808
618,9.011369436844017,-0.005602514802454297
619,9.009736140077793,-0.005866276690671188
620,9.008077526505566,-0.00613405577650214
621,9.006393621761765,-0.0064058456813783325
622,9.0046844518836,-0.006681639931171161
623,9.00295004331126,-0.006961431956342
624,9.001190422888051,-0.007245215092097397
625,8.999405617860527,-0.007532982578546649
626,8.99759565587869,-0.007824727560859168
627,8.995760564996127,-0.008120443089426471
628,8.993900373670177,-0.008420122120025204
629,8.992015110762102,-0.00872375751398267
630,8.990104805537252,-0.009031342038344601
631,8.988169487665237,-0.009342868366044711
632,8.986209187220098,-0.009658329076077787
633,8.98422393468047,-0.00997771665367384
634,8.982213760929787,-0.010301023490473477
635,8.980178697256424,-0.01062824188470871
636,8.978118775353913,-0.010959364041382386
637,8.976034027321097,-0.011294382072452197
638,8.973924485662348,-0.011633287997015206
639,8.971790183287702,-0.011976073741497095
640,8.969631153513088,-0.012322731139841031
641,8.967447430060528,-0.012673251933698474
642,8.9652390470583,-0.013027627772624575
643,8.963006039041145,-0.013385850214274771
644,8.960748440950471,-0.0137479107246021
645,8.958466288134552,-0.014113800678058223
646,8.956159616348712,-0.01448351135779697
647,8.953828461755537,-0.01485703395587878
648,8.951472860925097,-0.01523435957347707
649,8.949092850835145,-0.015615479221088005
650,8.9466884688713,-0.01600038381874261
651,8.944259752827294,-0.016389064196219376
652,8.941806740905166,-0.01678151109325971
653,8.939329471715492,-0.01717771515978592
654,8.936827984277578,-0.017577666956122007
655,8.934302318019697,-0.01798135695321437
656,8.931752512779324,-0.01838877553285559
657,8.929178608803323,-0.018799912987912618
658,8.92658064674819,-0.019214759522553172
659,8.92395866768029,-0.019633305252477026
660,8.921312713076059,-0.020055540205148634
661,8.918642824822262,-0.020481454320030783
662,8.915949045216207,-0.020911037448822067
663,8.913231416965996,-0.021344279355694915
664,8.910489983190734,-0.02178116971753724
665,8.907724787420786,-0.022221698124194805
666,8.904935873598006,-0.02266585407871653
667,8.902123286076002,-0.023113626997599907
668,8.899287069620339,-0.02356500621104242
669,8.896427269408814,-0.024019980963190645
670,8.893543931031687,-0.02447854041239443
671,8.890637100491933,-0.02494067363146163
672,8.887706824205488,-0.025406369607915126
673,8.884753149001522,-0.025875617244251692
674,8.881776122122641,-0.0263484053582044
675,8.878775791225195,-0.026824722683004603
676,8.8757522043795,-0.027304557867647246
677,8.872705410070116,-0.02778789947715809
678,8.869635457196082,-0.028274735992863946
679,8.866542395071193,-0.02876505581266242
680,8.863426273424258,-0.02925884725129535
681,8.860287142399361,-0.029756098540624523
682,8.85712505255613,-0.030256797829907894
683,8.853940054869986,-0.03076093318607971
684,8.850732200732441,-0.03126849259402998
685,8.847501541951344,-0.03177946395688847
686,8.844248130751147,-0.03229383509630934
687,8.840972019773192,-0.03281159375275795
688,8.837673262075983,-0.033332727585798964
689,8.83435191113542,-0.03385722417438916
690,8.831008020845136,-0.0343850710171667
691,8.827641645516746,-0.034916255532747506
692,8.8242528398801,-0.035450765060021955
693,8.820841659083596,-0.03598858685845213
694,8.817408158694446,-0.03652970810837236
695,8.813952394698955,-0.03707411591129135
696,8.810474423502791,-0.037621797290196365
697,8.806974301931305,-0.038172739189857814
698,8.803452087229772,-0.03872692847713828
699,8.79990783706371,-0.03928435194130076
700,8.796341609519136,-0.03984499629432105
701,8.792753463102867,-0.0404088481712006
702,8.789143456742819,-0.04097589413028072
703,8.785511649788262,-0.04154612065356115
704,8.781858102010146,-0.04211951414701646
705,8.778182873601367,-0.04269606094091841
706,8.774486025177051,-0.043275747290157776
707,8.770767617774892,-0.043858559374566536
708,8.767027712855382,-0.044444483299246676
709,8.763266372302136,-0.045033505094895974
710,8.759483658422196,-0.04562561071813724
711,8.755679633946295,-0.0462207860518507
712,8.751854362029162,-0.046819016905506244
713,8.748007906249839,-0.04742028901549737
714,8.744140330611934,-0.048024588045479405
715,8.740251699543947,-0.048631899586706086
716,8.736342077899563,-0.04924220915837003
717,8.732411530957938,-0.04985550220794396
718,8.728460124423998,-0.050471764111524944
719,8.724487924428747,-0.05109098017417807
720,8.720494997529544,-0.0517131356302845
721,8.716481410710402,-0.05233821564388978
722,8.712447231382319,-0.052966205309052064
723,8.70839252738352,-0.053597089650196605
724,8.704317366979806,-0.054230853622467
725,8.700221818864803,-0.054867482112082304
726,8.696105952160291,-0.055506959936691955
727,8.69196983641651,-0.05614927184573447
728,8.687813541612414,-0.05679440252079878
729,8.683637138155998,-0.0574423365759847
730,8.679440696884603,-0.058093058558265895
731,8.675224289065175,-0.0587465529478563
732,8.670987986394593,-0.059402804158575136
733,8.666731860999935,-0.06006179653821619
734,8.662455985438815,-0.06072351436891563
735,8.658160432699622,-0.061387941867525816
736,8.653845276201853,-0.062055063185985956
737,8.64951058979639,-0.06272486241169759
738,8.645156447765789,-0.06339732356790025
739,8.640782924824578,-0.06407243061404878
740,8.636390096119541,-0.06475016744619246
741,8.631978037230017,-0.06543051789735516
742,8.62754682416817,-0.06611346573791828
743,8.623096533379288,-0.06679899467600331
744,8.618627241742056,-0.06748708835785819
745,8.614139026568859,-0.06817773036824204
746,8.60963196560605,-0.06887090423081467
747,8.60510613703424,-0.06956659340852554
748,8.600561619468564,-0.07026478130400483
749,8.595998491958978,-0.07096545125995574
750,8.591416833990534,-0.0716685865595479
751,8.58681672548364,-0.07237417042681372
752,8.582198246794338,-0.0730821860270448
753,8.577561478714589,-0.07379261646718933
754,8.57290650247254,-0.07450544479625225
755,8.568233399732781,-0.07522065400569618
756,8.563542252596607,-0.07593822702984442
757,8.558833143602307,-0.0766581467462833
758,8.554106155725398,-0.07738039597626836
759,8.54936137237891,-0.07810495748513048
760,8.544598877413623,-0.07883181398268345
761,8.539818755118342,-0.07956094812363335
762,8.53502109022012,-0.08029234250798972
763,8.53020596788453,-0.08102597968147687
764,8.525373473715915,-0.08176184213594634
765,8.520523693757616,-0.08249991230979259
766,8.515656714492222,-0.08324017258836813
767,8.510772622841811,-0.08398260530440067
768,8.505871506168189,-0.08472719273841131
769,8.50095345227311,-0.08547391711913421
770,8.496018549398508,-0.08622276062393805
771,8.491066886226724,-0.08697370537924766
772,8.486098551880753,-0.08772673346096639
773,8.481113635924412,-0.08848182689490294
774,8.476112228362602,-0.08923896765719533
775,8.47109441964149,-0.08999813767473867
776,8.466060300648735,-0.0907593188256133
777,8.461009962713682,-0.09152249293951419
778,8.455943497607565,-0.09228764179818151
779,8.450860997543694,-0.09305474713583256
780,8.445762555177673,-0.09382379063959416
781,8.440648263607551,-0.09459475394993763
782,8.435518216374026,-0.09536761866111342
783,8.430372507460614,-0.09614236632158789
784,8.425211231293844,-0.09691897843447969
785,8.420034482743386,-0.09769743645800039
786,8.414842357122243,-0.09847772180589227
787,8.40963495018692,-0.09925981584786983
788,8.404412358137536,-0.10004369991006219
789,8.399174677618017,-0.10082935527545495
790,8.393922005716195,-0.10161676318433571
791,8.388654439963979,-0.10240590483473759
792,8.38337207833749,-0.10319676138288546
793,8.37807501925714,-0.10398931394364497
794,8.372763361587797,-0.10478354359096845
795,8.367437204638872,-0.10557943135834572
796,8.362096648164458,-0.10637695823925226
797,8.356741792363376,-0.10717610518760334
798,8.35137273787934,-0.10797685311820271
799,8.345989585800972,-0.10877918290719876
800,8.340592437661934,-0.10958307539253674
801,8.335181395440983,-0.11038851137441448
802,8.329756561562032,-0.11119547161573805
803,8.324318038894228,-0.11200393684257856
804,8.318865930751976,-0.11281388774463083
805,8.313400340895011,-0.11362530497567079
806,8.307921373528417,-0.11443816915401599
807,8.302429133302665,-0.11525246086298571
808,8.296923725313633,-0.11606816065136218
809,8.291405255102609,-0.11688524903385328
810,8.285873828656303,-0.11770370649155548
811,8.280329552406855,-0.11852351347241698
812,8.274772533231804,-0.11934465039170304
813,8.269202878454063,-0.1201670976324624
814,8.263620695841912,-0.12099083554599181
815,8.258026093608931,-0.1218158444523046
816,8.252419180413975,-0.12264210464059838
817,8.246800065361104,-0.12346959636972284
818,8.241168857999508,-0.12429829986865051
819,8.235525668323442,-0.12512819533694639
820,8.229870606772128,-0.12595926294523915
821,8.224203784229678,-0.12679148283569164
822,8.218525312024951,-0.1276248351224754
823,8.212835301931449,-0.12845929989224286
824,8.207133866167208,-0.12929485720460007
825,8.201421117394627,-0.13013148709258268
826,8.195697168720317,-0.1309691695631318
827,8.189962133694971,-0.131807884597567
828,8.184216126313142,-0.1326476121520658
829,8.178459261013113,-0.13348833215813868
830,8.172691652676624,-0.134330024523109
831,8.16691341662873,-0.1351726691305895
832,8.161124668637543,-0.1360162458409622
833,8.155325524914002,-0.13686073449185798
834,8.149516102111622,-0.13770611489863688
835,8.143696517326248,-0.1385523668548686
836,8.137866888095747,-0.1393994701328142
837,8.132027332399762,-0.14024740448390752
838,8.126177968659379,-0.14109614963923808
839,8.120318915736817,-0.14194568531003396
840,8.114450292935107,-0.14279599118814543
841,8.108572219997752,-0.14364704694652788
842,8.102684817108337,-0.14449883223972856
843,8.096788204890188,-0.14535132670436945
844,8.09088250440598,-0.1462045099596335
845,8.084967837157318,-0.14705836160775088
846,8.079044325084329,-0.14791286123448452
847,8.073112090565218,-0.14876798840961794
848,8.067171256415826,-0.14962372268744198
849,8.061221945889164,-0.150480043607242
850,8.05526428267492,-0.15133693069378665
851,8.049298390898961,-0.15219436345781642
852,8.043324395122822,-0.1530523213965316
853,8.037342420343165,-0.15391078399408245
854,8.031352591991224,-0.1547697307220584
855,8.025355035932247,-0.15562914103997774
856,8.01934987846491,-0.15648899439577746
857,8.013337246320685,-0.15734927022630535
858,8.007317266663245,-0.1582099479578094
859,8.00129006708781,-0.1590710070064295
860,7.99525577562047,-0.15993242677868935
861,7.989214520717535,-0.16079418667198714
862,7.983166431264804,-0.16165626607508884
863,7.977111636576851,-0.1625186443686197
864,7.971050266396309,-0.1633813009255561
865,7.964982450893066,-0.16424421511172027
866,7.958908320663516,-0.16510736628627118
867,7.952828006729744,-0.16597073380219893
868,7.946741640538696,-0.16683429700681762
869,7.9406493539613345,-0.16769803524225949
870,7.934551279291774,-0.16856192784596802
871,7.928447549246397,-0.16942595415119152
872,7.922338296962941,-0.17029009348747765
873,7.916223655999535,-0.17115432518116822
874,7.910103760333774,-0.17201862855589234
875,7.903978744361727,-0.17288298293306117
876,7.897848742896921,-0.17374736763236293
877,7.891713891169332,-0.17461176197225628
878,7.885574324824309,-0.17547614527046665
879,7.879430179921513,-0.17634049684447936
880,7.873281592933793,-0.17720479601203593
881,7.867128700746077,-0.1780690220916276
882,7.8609716406542205,-0.17893315440299062
883,7.854810550363796,-0.17979717226760167
884,7.848645567988933,-0.1806610550091715
885,7.842476832051023,-0.18152478195414207
886,7.83630448147753,-0.18238833243217853
887,7.830128655600657,-0.18325168577666573
888,7.8239494941560315,-0.18411482132520363
889,7.817767137281415,-0.1849777184200992
890,7.811581725515255,-0.1858403564088649
891,7.805393399795334,-0.1867027146447109
892,7.799202301457336,-0.18756477248703995
893,7.793008572233395,-0.18842650930194169
894,7.786812354250592,-0.18928790446268737
895,7.780613790029449,-0.19014893735022365
896,7.774413022482377,-0.1910095873536673
897,7.768210194912105,-0.19186983387079812
898,7.7620054510100625,-0.19272965630855374
899,7.7557989348547665,-0.19358903408352157
900,7.749590790910116,-0.19444794662243378
901,7.74338116402371,-0.19530637336265996
902,7.7371701994250985,-0.19616429375270003
903,7.730958042724036,-0.1970216872526768
904,7.724744839908667,-0.19787853333482844
905,7.718530737343694,-0.1987348114840011
906,7.712315881768498,-0.1995905011981412
907,7.706100420295259,-0.2004455819887864
908,7.699884500407011,-0.2013000333815574
909,7.693668269955667,-0.20215383491664915
910,7.687451877160009,-0.20300696614932215
911,7.681235470603663,-0.203859406650392
912,7.675019199232997,-0.20471113600672092
913,7.668803212355031,-0.20556213382170663
914,7.662587659635264,-0.20641237971577278
915,7.656372691095516,-0.20726185332685687
916,7.650158457111676,-0.2081105343109002
917,7.643945108411439,-0.20895840234233642
918,7.637732796072038,-0.20980543711457816
919,7.631521671517868,-0.21065161834050627
920,7.625311886518119,-0.21149692575295634
921,7.619103593184379,-0.21234133910520486
922,7.612896943968139,-0.21318483817145706
923,7.606692091658338,-0.21402740274733123
924,7.600489189378788,-0.2148690126503451
925,7.594288390585616,-0.21570964772040097
926,7.588089849064662,-0.21654928782026855
927,7.581893718928778,-0.21738791283607078
928,7.575700154615156,-0.2182255026777665
929,7.569509310882583,-0.2190620372796327
930,7.563321342808639,-0.21989749660074795
931,7.557136405786888,-0.2207318606254733
932,7.550954655523974,-0.2215651093639347
933,7.544776248036735,-0.22239722285250235
934,7.53860133964924,-0.22322818115427112
935,7.532430086989771,-0.22405796435954048
936,7.52626264698778,-0.22488655258629298
937,7.520099176870776,-0.2257139259806734
938,7.513939834161233,-0.22654006471746443
939,7.507784776673343,-0.22736494900056614
940,7.501634162509837,-0.22818855906347016
941,7.495488150058681,-0.2290108751697362
942,7.48934689798975,-0.22983187761346716
943,7.483210565251463,-0.23065154671978336
944,7.477079311067358,-0.23146986284529594
945,7.470953294932628,-0.2322868063785798
946,7.4648326766106194,-0.23310235774064508
947,7.45871761612923,-0.23391649738541018
948,7.452608273777322,-0.2347292058001712
949,7.4465048101010645,-0.23554046350607177
950,7.440407385900196,-0.23635025105857294
951,7.434316162224291,-0.23715854904792058
952,7.428231300368922,-0.237965338099614
953,7.422152961871825,-0.23877059887487126
954,7.416081308508953,-0.2395743120710966
955,7.4100165022905164,-0.24037645842234515
956,7.4039587054570095,-0.24117701869978583
957,7.397908080475074,-0.2419759737121667
958,7.391864790033421,-0.24277330430627675
959,7.385828997038651,-0.24356899136740695
960,7.379800864611034,-0.24436301581981124
961,7.373780556080213,-0.24515535862716706
962,7.367768234980871,-0.24594600079303433
963,7.361764065048365,-0.2467349233613124
964,7.355768210214268,-0.24752210741669842
965,7.34978083460188,-0.2483075340851426
966,7.343802102521687,-0.24909118453430396
967,7.337832178466742,-0.2498730399740044
968,7.331871227108017,-0.25065308165668204
969,7.3259194132896805,-0.25143129087784366
970,7.319976902024354,-0.25220764897651504
971,7.314043858488232,-0.2529821373356934
972,7.308120448016269,-0.25375473738279397
973,7.302206836097193,-0.2545254305901001
974,7.296303188368519,-0.2552941984752101
975,7.290409670611519,-0.2560610226014831
976,7.284526448746096,-0.25682588457848377
977,7.278653688825636,-0.25758876606242675
978,7.272791557031765,-0.2583496487566197
979,7.266940219669075,-0.2591085144119055
980,7.2610998431598,-0.2598653448271016
981,7.255270594038422,-0.26062012184944044
982,7.2494526389461935,-0.26137282737500817
983,7.243646144625642,-0.2621234433491818
984,7.237851277915022,-0.26287195176706446
985,7.232068205742639,-0.263618334673922
986,7.226297095121221,-0.2643625741656146
987,7.220538113142112,-0.2651046523890323
988,7.214791426969519,-0.26584455154252384
989,7.209057203834628,-0.26658225387632795
990,7.203335611029679,-0.2673177416930025
991,7.197626815901989,-0.2680509973478521
992,7.191930985847925,-0.2687820032493541
993,7.186248288306762,-0.2695107418595857
994,7.180578890754589,-0.2702371956946452
995,7.1749229606980345,-0.2709613473250771
996,7.169280665668024,-0.27168317937629227
997,7.163652173213424,-0.27240267452898875
998,7.158037650894641,-0.2731198155195711
999,7.1524372662772,-0.273834585140566
1000,7.146851186925191,-0.274546966241041
1001,7.141279580394705,-0.27525694172701803
1002,7.135722614227219,-0.27596449456188654
1003,7.13018045594287,-0.27666960776681754
1004,7.124653273033725,-0.27737226442117296
1005,7.119141232956971,-0.27807244766291495
1006,7.1136445031280395,-0.2787701406890149
1007,7.10816325091366,-0.2794653267558599
1008,7.10269764362489,-0.280157989179658
1009,7.097247848510061,-0.28084811133684195
1010,7.091814032747687,-0.28153567666447105
1011,7.086396363439259,-0.2822206686606341
1012,7.080995007602072,-0.2829030708848464
1013,7.07561013216191,-0.28358286695845
1014,7.070241903945717,-0.28426004056500903
1015,7.064890489674188,-0.2849345754507061
1016,7.05955605595433,-0.285606455424735
1017,7.054238769271954,-0.28627566435969254
1018,7.048938795984092,-0.2869421861919702
1019,7.043656302311355,-0.28760600492214367
1020,7.038391454330282,-0.2882671046153592
1021,7.033144417965598,-0.28892546940172004
1022,7.027915358982388,-0.28958108347667205
1023,7.0227044429782755,-0.2902339311013855
1024,7.017511835375507,-0.2908839966031371
1025,7.012337701412982,-0.29153126437569016
1026,7.007182206138259,-0.29217571887967186
1027,7.002045514399457,-0.29281734464295134
1028,6.996927790837157,-0.2934561262610136
1029,6.99182919987621,-0.29409204839733355
1030,6.986749905717507,-0.2947250957837483
1031,6.981690072329709,-0.2953552532208263
1032,6.976649863440891,-0.29598250557823713
1033,6.971629442530187,-0.2966068377951174
1034,6.966628972819305,-0.2972282348804373
1035,6.961648617264098,-0.2978466819133626
1036,6.956688538545973,-0.2984621640436184
1037,6.95174889906334,-0.2990746664918479
1038,6.946829860922955,-0.29968417454997187
1039,6.941931585931251,-0.3002906735815451
1040,6.937054235585587,-0.30089414902211203
1041,6.93219797106548,-0.3014945863795599
1042,6.927362953223792,-0.3020919712344702
1043,6.922549342577842,-0.3026862892404686
1044,6.917757299300484,-0.3032775261245743
1045,6.912986983211171,-0.303865667687545
1046,6.908238553766931,-0.30445069980422257
1047,6.903512170053321,-0.3050326084238757
1048,6.898807990775356,-0.3056113795705408
1049,6.894126174248346,-0.3061869993433621
1050,6.889466878388768,-0.3067594539169281
1051,6.884830260705019,-0.3073287295416083
1052,6.880216478288188,-0.3078948125438863
1053,6.875625687802747,-0.3084576893266932
1054,6.871058045477259,-0.30901734636973605
1055,6.866513707094995,-0.30957377022982746
1056,6.8619928279845235,-0.3101269475412128
1057,6.857495563010312,-0.31067686501589326
1058,6.853022066563248,-0.31122350944394983
1059,6.848572492551158,-0.31176686769386325
1060,6.844146994389235,-0.3123069267128348
1061,6.839745724990525,-0.31284367352710213
1062,6.835368836756323,-0.31337709524225493
1063,6.831016481566559,-0.3139071790435482
1064,6.826688810770146,-0.31443391219621397
1065,6.822385975175313,-0.314957282045771
1066,6.818108125039922,-0.3154772760183315
1067,6.813855410061722,-0.3159938816209082
1068,6.80962797936863,-0.31650708644171693
1069,6.805425981508971,-0.31701687815047824
1070,6.801249564441645,-0.31752324449871927
1071,6.7970988755263875,-0.3180261733200688
1072,6.792974061513904,-0.31852565253055454
1073,6.788875268536039,-0.3190216701288976
1074,6.784802642095924,-0.319514214196803
1075,6.780756327058103,-0.32000327289925046
1076,6.776736467638643,-0.32048883448478227
1077,6.772743207395251,-0.32097088728578876
1078,6.768776689217353,-0.3214494197187925
1079,6.7648370553162005,-0.32192442028472934
1080,6.760924447214906,-0.32239587756922966
1081,6.757039005738548,-0.32286378024289486
1082,6.753180871004229,-0.32332811706157316
1083,6.749350182411121,-0.3237888768666336
1084,6.745547078630525,-0.32424604858523776
1085,6.741771697595934,-0.32469962123060886
1086,6.738024176493085,-0.3251495839022994
1087,6.7343046517500245,-0.32559592578645585
1088,6.730613259027152,-0.32603863615608314
1089,6.726950133207304,-0.3264777043713044
1090,6.723315408385807,-0.32691311987962124
1091,6.719709217860573,-0.32734487221617
1092,6.7161316941221925,-0.32777295100397574
1093,6.712582968844001,-0.3281973459542071
1094,6.709063172872234,-0.3286180468664245
1095,6.70557243621612,-0.32903504362883
1096,6.702110888038025,-0.3294483262185132
1097,6.698678656643632,-0.329857884701695
1098,6.695275869472078,-0.3302637092339704
1099,6.691902653086197,-0.3306657900605469
1100,6.688559133162704,-0.33106411751648324
1101,6.685245434482432,-0.3314586820269249
1102,6.6819616809206295,-0.3318494741073365
1103,6.678707995437221,-0.33223648436373365
1104,6.675484500067153,-0.33261970349291103
1105,6.672291315910721,-0.33299912228267015
1106,6.669128563123969,-0.3333747316120429
1107,6.665996360909098,-0.33374652245151404
1108,6.662894827504916,-0.3341144858632415
1109,6.659824080177318,-0.3344786130012743
1110,6.656784235209827,-0.3348388951117674
1111,6.6537754078941465,-0.3351953235331958
1112,6.650797712520769,-0.33554788969656535
1113,6.64785126236963,-0.33589658512562154
1114,6.644936169700805,-0.33624140143705616
1115,6.642052545745229,-0.3365823303407121
1116,6.639200500695508,-0.3369193636397853
1117,6.636380143696757,-0.33725249323102396
1118,6.63359158283749,-0.33758171110492685
1119,6.63083492514057,-0.3379070093459377
1120,6.62811027655418,-0.3382283801326401
1121,6.625417741942932,-0.33854581573794584
1122,6.622757425078943,-0.3388593085292849
1123,6.620129428633024,-0.33916885096879135
1124,6.617533854165923,-0.33947443561348684
1125,6.614970802119635,-0.33977605511546183
1126,6.612440371808747,-0.3400737022220562
1127,6.609942661411885,-0.3403673697760352
1128,6.607477767963239,-0.34065705071576324
1129,6.605045787344105,-0.3409427380753781
1130,6.602646814274559,-0.34122442498495914
1131,6.600280942305156,-0.3415021046706961
1132,6.597948263808758,-0.3417757704550534
1133,6.5956488699723765,-0.3420454157569339
1134,6.593382850789159,-0.3423110340918388
1135,6.591150295050382,-0.3425726190720268
1136,6.588951290337627,-0.3428301644066684
1137,6.586785923014922,-0.34308366390200135
1138,6.584654278221055,-0.3433331114614808
1139,6.582556439861963,-0.34357850108592786
1140,6.580492490603172,-0.3438198268736766
1141,6.578462511862355,-0.34405708302071786
1142,6.576466583801997,-0.3442902638208406
1143,6.574504785322096,-0.34451936366577235
1144,6.572577194053039,-0.3447443770453148
1145,6.570683886348495,-0.3449652985474794
1146,6.568824937278493,-0.34518212285861805
1147,6.567000420622504,-0.34539484476355453
1148,6.56521040886268,-0.34560345914571133
1149,6.56345497317722,-0.3458079609872338
1150,6.561734183433778,-0.3460083453691133
1151,6.560048108183002,-0.3462046074713079
1152,6.558396814652207,-0.34639674257285896
1153,6.55678036873912,-0.34658474605200734
1154,6.555198835005742,-0.34676861338630627
1155,6.553652276672356,-0.3469483401527307
1156,6.5521407556115845,-0.3471239220277867
1157,6.550664332342616,-0.3472953547876169
1158,6.549223066025535,-0.3474626343081026
1159,6.547817014455736,-0.3476257565649659
1160,6.546446234058489,-0.34778471763386754
1161,6.545110779883624,-0.3479395136905027
1162,6.54381070560033,-0.34809014101069385
1163,6.542546063492046,-0.34823659597048345
1164,6.5413169044515245,-0.34837887504622084
1165,6.540123277975991,-0.3485169748146493
1166,6.53896523216242,-0.34865089195298954
1167,6.537842813702969,-0.34878062323902054
1168,6.53675606788049,-0.34890616555115955
1169,6.535705038564242,-0.34902751586853653
1170,6.534689768205634,-0.3491446712710702
1171,6.533710297834216,-0.3492576289395371
1172,6.532766667053687,-0.3493663861556428
1173,6.531858914038104,-0.3494709403020873
1174,6.530987075528211,-0.34957128886262884
1175,6.5301511868278945,-0.3496674294221461
1176,6.529351281800784,-0.3497593596666967
1177,6.5285873928669504,-0.34984707738357457
1178,6.527859550999804,-0.3499305804613634
1179,6.527167785723077,-0.3500098668899889
1180,6.526512125107959,-0.35008493476076796
1181,6.525892595770388,-0.35015578226645483
1182,6.525309222868457,-0.350222407701286
1183,6.524762030099967,-0.35028480946102186
1184,6.524251039700118,-0.35034298604298614
1185,6.523776272439367,-0.3503969360461021
1186,6.523337747621366,-0.35044665817092807
1187,6.522935483081124,-0.3504921512196883
1188,6.522569495183228,-0.3505334140963029
1189,6.522239798820266,-0.3505704458064149
1190,6.521946407411388,-0.3506032454574136
1191,6.521689332900957,-0.35063181225845835
1192,6.52146858575741,-0.35065614552049645
1193,6.521284174972219,-0.35067624465628133
1194,6.521136108059029,-0.3506921091803859
1195,6.521024391052909,-0.3507037387092153
1196,6.520949028509756,-0.3507111329610167
1197,6.520910023505865,-0.3507142917558857
1198,6.520907377637614,-0.35071321501577124
1199,6.520941091021326,-0.35070790276447744
1200,6.521011162293223,-0.35069835512766384
1201,6.521117588609601,-0.3506845723328415
1202,6.521260365647069,-0.35066655470936875
1203,6.52143948760299,-0.3506443026884429
1204,6.521654947196055,-0.35061781680308934
1205,6.5219067356669855,-0.35058709768814933
1206,6.5221948427793865,-0.3505521460802645
1207,6.522519256820755,-0.3505129628178593
1208,6.5228799646036055,-0.3504695488411205
1209,6.523276951466789,-0.3504219051919742
1210,6.523710201276889,-0.35037003301406133
1211,6.524179696429825,-0.3503139335527089
1212,6.524685417852545,-0.3502536081549007
1213,6.5252273450049065,-0.35018905826924396
1214,6.525805455881644,-0.3501202854459351
1215,6.526419727014545,-0.3500472913367208
1216,6.5270701334747185,-0.34997007769485894
1217,6.527756648875012,-0.3498886463750751
1218,6.528479245372584,-0.3498029993335183
1219,6.529237893671585,-0.3497131386277136
1220,6.530032563026022,-0.34961906641651064
1221,6.530863221242708,-0.34952078496003314
1222,6.531729834684412,-0.349418296619622
1223,6.532632368273075,-0.3493116038577793
1224,6.533570785493206,-0.3492007092381078
1225,6.5345450483954135,-0.3490856154252484
1226,6.535555117600042,-0.34896632518481563
1227,6.536600952300969,-0.3488428413833307
1228,6.537682510269531,-0.3487151669881503
1229,6.538799747858554,-0.34858330506739627
1230,6.539952620006539,-0.3484472587898797
1231,6.541141080242,-0.3483070314250239
1232,6.54236508068785,-0.34816262634278555
1233,6.543624572066011,-0.34801404701357186
1234,6.5449195037020935,-0.3478612970081558
1235,6.546249823530203,-0.3477043799975904
1236,6.547615478097876,-0.3475432997531186
1237,6.54901641257116,-0.3473780601460813
1238,6.550452570739796,-0.3472086651478233
1239,6.551923895022505,-0.34703511882959653
1240,6.553430326472435,-0.346857425362461
1241,6.554971804782682,-0.3466755890171835
1242,6.556548268291976,-0.34648961416413265
1243,6.558159653990428,-0.3462995052731733
1244,6.5598058975254325,-0.3461052669135578
1245,6.561486933207675,-0.3459069037538136
1246,6.563202694017222,-0.34570442056163114
1247,6.5649531116097695,-0.3454978222037463
1248,6.566738116322965,-0.34528711364582265
1249,6.568557637182837,-0.3450722999523303
1250,6.570411601910353,-0.34485338628642276
1251,6.57229993692807,-0.34463037790981055
1252,6.574222567366886,-0.34440328018263333
1253,6.576179417072869,-0.34417209856333036
1254,6.578170408614262,-0.3439368386085055
1255,6.580195463288475,-0.343697505972794
1256,6.58225450112929,-0.3434541064087232
1257,6.584347440914069,-0.3432066457665731
1258,6.586474200171111,-0.3429551299942336
1259,6.588634695187075,-0.3426995651370602
1260,6.590828841014499,-0.34243995733772614
1261,6.593056551479433,-0.34217631283607264
1262,6.5953177391891,-0.3419086379689578
1263,6.597612315539722,-0.34163693917010124
1264,6.59994019072436,-0.3413612229699278
1265,6.602301273740876,-0.3410814959954088
1266,6.604695472399956,-0.3407977649699005
1267,6.607122693333246,-0.3405100367129796
1268,6.60958284200151,-0.34021831814027836
1269,6.612075822702918,-0.3399226162633154
1270,6.614601538581387,-0.33962293818932454
1271,6.617159891634973,-0.33931929112108283
1272,6.619750782724373,-0.33901168235673435
1273,6.622374111581484,-0.33870011928961236
1274,6.625029776817992,-0.3383846094080599
1275,6.62771767593409,-0.338065160295247
1276,6.630437705327197,-0.33774177962898666
1277,6.633189760300815,-0.33741447518154627
1278,6.635973735073374,-0.3370832548194595
1279,6.6387895227871585,-0.336748126503335
1280,6.641637015517302,-0.3364090982876625
1281,6.64451610428086,-0.3360661783206154
1282,6.647426679045869,-0.3357193748438539
1283,6.650368628740518,-0.3353686961923237
1284,6.6533418412623595,-0.33501415079405245
1285,6.656346203487537,-0.334655747169946
1286,6.659381601280102,-0.3342934939335796
1287,6.662447919501339,-0.33392739979098923
1288,6.665545042019189,-0.3335574735404578
1289,6.668672851717622,-0.33318372407230384
1290,6.671831230506153,-0.3328061603686625
1291,6.675020059329323,-0.33242479150326826
1292,6.6782392181762535,-0.3320396266412336
1293,6.681488586090232,-0.3316506750388257
1294,6.6847680411783115,-0.33125794604324166
1295,6.68807746062095,-0.33086144909238074
1296,6.69141672068171,-0.33046119371461435
1297,6.694785696716943,-0.3300571895285544
1298,6.698184263185512,-0.32964944624281967
1299,6.701612293658571,-0.3292379736557983
1300,6.705069660829333,-0.32882278165541023
1301,6.70855623652285,-0.3284038802188671
1302,6.712071891705877,-0.32798127941242733
1303,6.715616496496661,-0.32755498939115407
1304,6.719189920174846,-0.32712502039866564
1305,6.722792031191305,-0.32669138276688764
1306,6.726422697178047,-0.3262540869158015
1307,6.730081784958134,-0.3258131433531895
1308,6.73376916055555,-0.32536856267438113
1309,6.73748468920515,-0.32492035556199417
1310,6.741228235362575,-0.324468532785675
1311,6.744999662714185,-0.32401310520183696
1312,6.748798834187012,-0.3235540837533955
1313,6.752625611958681,-0.3230914794695028
1314,6.756479857467378,-0.3226253034652787
1315,6.760361431421753,-0.32215556694154174
1316,6.764270193810932,-0.32168228118453446
1317,6.768206003914386,-0.32120545756565105
1318,6.772168720311908,-0.32072510754116024
1319,6.7761582008935415,-0.3202412426519258
1320,6.780174302869492,-0.319753874523127
1321,6.784216882780067,-0.31926301486397535
1322,6.788285796505556,-0.31876867546743015
1323,6.792380899276169,-0.31827086820991113
1324,6.796502045681879,-0.3177696050510106
1325,6.800649089682322,-0.31726489803320224
1326,6.804821884616645,-0.3167567592815485
1327,6.80902028321336,-0.3162452010034054
1328,6.813244137600148,-0.31573023548812673
1329,6.817493299313698,-0.3152118751067641
1330,6.821767619309485,-0.3146901323117667
1331,6.82606694797151,-0.3141650196366797
1332,6.830391135122089,-0.31363654969583815
1333,6.834740030031551,-0.31310473518406107
1334,6.839113481427944,-0.3125695888763431
1335,6.843511337506715,-0.3120311236275439
1336,6.847933445940349,-0.3114893523720756
1337,6.852379653887992,-0.31094428812358926
1338,6.856849808005062,-0.3103959439746572
1339,6.861343754452791,-0.30984433309645654
1340,6.865861338907766,-0.3092894687384483
1341,6.870402406571419,-0.30873136422805647
1342,6.874966802179522,-0.3081700329703428
1343,6.87955437001161,-0.3076054884476824
1344,6.884164953900372,-0.30703774421943597
1345,6.88879839724104,-0.30646681392162023
1346,6.893454543000695,-0.30589271126657724
1347,6.89813323372759,-0.3053154500426408
1348,6.902834311560375,-0.30473504411380237
1349,6.907557618237332,-0.304151507419374
1350,6.912302995105547,-0.30356485397365
1351,6.917070283130056,-0.3029750978655663
1352,6.921859322902938,-0.3023822532583588
1353,6.9266699546523505,-0.30178633438921987
1354,6.931502018251561,-0.30118735556895254
1355,6.936355353227917,-0.30058533118162234
1356,6.941229798771757,-0.2999802756842094
1357,6.946125193745272,-0.29937220360625755
1358,6.951041376691401,-0.29876112954951994
1359,6.955978185842555,-0.29814706818760695
1360,6.960935459129369,-0.2975300342656292
1361,6.965913034189428,-0.2969100425998393
1362,6.970910748375872,-0.2962871080772733
1363,6.975928438766017,-0.29566124565538887
1364,6.980965942169874,-0.2950324703617031
1365,6.986023095138689,-0.2944007972934269
1366,6.991099733973346,-0.29376624161709985
1367,6.996195694732787,-0.293128818568222
1368,7.001310813242335,-0.2924885434508845
1369,7.006444925102015,-0.2918454316373978
1370,7.011597865694768,-0.2911994985679198
1371,7.016769470194643,-0.29055075975008116
1372,7.021959573574939,-0.2898992307586089
1373,7.027168010616267,-0.28924492723494966
1374,7.0323946159146065,-0.28858786488688903
1375,7.037639223889233,-0.2879280594881727
1376,7.042901668790667,-0.28726552687812257
1377,7.048181784708525,-0.28660028296125356
1378,7.053479405579314,-0.28593234370688836
1379,7.058794365194199,-0.28526172514876946
1380,7.064126497206684,-0.2845884433846716
1381,7.069475635140241,-0.28391251457601135
1382,7.074841612395905,-0.2832339549474554
1383,7.080224262259787,-0.28255278078652785
1384,7.085623417910553,-0.28186900844321455
1385,7.091038912426802,-0.2811826543295689
1386,7.096470578794442,-0.28049373491931273
1387,7.101918249913972,-0.27980226674743786
1388,7.107381758607706,-0.27910826640980624
1389,7.11286093762697,-0.2784117505627467
1390,7.118355619659209,-0.27771273592265255
1391,7.12386563733503,-0.27701123926557675
1392,7.129390823235223,-0.2763072774268256
1393,7.134931009897679,-0.2756008673005513
1394,7.140486029824296,-0.27489202583934275
1395,7.146055715487787,-0.2741807700538151
1396,7.151639899338437,-0.27346711701219845
1397,7.157238413810822,-0.2727510838399246
1398,7.16285109133044,-0.27203268771921224
1399,7.168477764320309,-0.27131194588865143
1400,7.174118265207471,-0.27058887564278683
1401,7.179772426429471,-0.2698634943316991
1402,7.185440080440777,-0.2691358193605843
1403,7.1911210597191095,-0.2684058681893337
1404,7.196815196771729,-0.26767365833211154
1405,7.202522324141672,-0.26693920735693066
1406,7.208242274413919,-0.2662025328852283
1407,7.2139748802214925,-0.26546365259143984
1408,7.219719974251527,-0.26472258420257067
1409,7.225477389251245,-0.2639793454977688
1410,7.231246958033888,-0.26323395430789387
1411,7.237028513484609,-0.26248642851508663
1412,7.242821888566263,-0.26173678605233625
1413,7.248626916325171,-0.2609850449030477
1414,7.254443429896817,-0.260231223100606
1415,7.260271262511484,-0.25947533872794154
1416,7.266110247499848,-0.25871740991709125
1417,7.271960218298474,-0.25795745484876254
1418,7.277821008455303,-0.2571954917518924
1419,7.28369245163503,-0.25643153890320847
1420,7.289574381624466,-0.2556656146267864
1421,7.295466632337846,-0.2548977372936068
1422,7.301369037822025,-0.254127925321113
1423,7.307281432261675,-0.253356197172765
1424,7.313203649984397,-0.25258257135759404
1425,7.319135525465777,-0.25180706642975564
1426,7.325076893334401,-0.25102970098808114
1427,7.331027588376785,-0.2502504936756296
1428,7.336987445542294,-0.2494694631792362
1429,7.342956299947941,-0.2486866282290627
1430,7.348933986883188,-0.24790200759814465
1431,7.354920341814667,-0.2471156201019381
1432,7.360915200390853,-0.24632748459786535
1433,7.366918398446668,-0.24553761998486037
1434,7.372929772008025,-0.2447460452029134
1435,7.378949157296383,-0.2439527792326116
1436,7.384976390733137,-0.24315784109468386
1437,7.391011308944053,-0.24236124984954
1438,7.397053748763584,-0.24156302459681261
1439,7.403103547239183,-0.24076318447489456
1440,7.4091605416355355,-0.2399617486604783
1441,7.415224569438711,-0.23915873636809437
1442,7.421295468360319,-0.2383541668496468
1443,7.4273730763416035,-0.2375480593939486
1444,7.433457231557431,-0.23674043332625816
1445,7.439547772420295,-0.23593130800781192
1446,7.445644537584207,-0.23512070283535913
1447,7.451747365948623,-0.2343086372406925
1448,7.457856096662196,-0.23349513069018177
1449,7.463970569126594,-0.23268020268430364
1450,7.470090623000214,-0.23186387275717144
1451,7.476216098201844,-0.2310461604760654
1452,7.4823468349142965,-0.23022708544096057
1453,7.488482673587968,-0.22940666728405476
1454,7.494623454944376,-0.2285849256692959
1455,7.500769019979616,-0.22776188029190872
1456,7.506919209967825,-0.2269375508779192
1457,7.513073866464526,-0.22611195718368066
1458,7.519232831309975,-0.22528511899539813
1459,7.52539594663246,-0.22445705612865058
1460,7.531563054851527,-0.22362778842791517
1461,7.537733998681173,-0.2227973357660893
1462,7.543908621132992,-0.2219657180440121
1463,7.550086765519296,-0.22113295518998521
1464,7.55626827545615,-0.22029906715929365
1465,7.562452994866396,-0.2194640739337252
1466,7.568640767982618,-0.21862799552109
1467,7.5748314393500635,-0.217790851954739
1468,7.581024853829545,-0.21695266329308105
1469,7.58722085660024,-0.2161134496191025
1470,7.593419293162513,-0.21527323103988233
1471,7.599620009340656,-0.21443202768610922
1472,7.605822851285616,-0.21358985971159686
1473,7.612027665477627,-0.21274674729280077
1474,7.6182342987288605,-0.211902710628332
1475,7.624442598186007,-0.21105776993847158
1476,7.630652411332837,-0.21021194546468414
1477,7.636863585992668,-0.20936525746913248
1478,7.6430759703308535,-0.20851772623418974
1479,7.6492894128571995,-0.20766937206195224
1480,7.655503762428359,-0.20682021527375113
1481,7.661718868250166,-0.20597027620966474
1482,7.667934579879951,-0.20511957522802926
1483,7.6741507472288,-0.20426813270495067
1484,7.680367220563795,-0.2034159690338142
1485,7.686583850510223,-0.20256310462479446
1486,7.692800488053694,-0.20170955990436645
1487,7.699016984542304,-0.20085535531481358
1488,7.705233191688678,-0.20000051131373817
1489,7.711448961572061,-0.19914504837356886
1490,7.7176641466403,-0.1982889869810701
1491,7.723878599711828,-0.19743234763685025
1492,7.730092173977616,-0.19657515085486887
1493,7.736304723003073,-0.19571741716194493
1494,7.742516100729916,-0.19485916709726434
1495,7.7487261614780225,-0.19400042121188624
1496,7.754934759947222,-0.1931412000682511
1497,7.761141751219089,-0.19228152423968595
1498,7.767346990758664,-0.1914214143099121
1499,7.773550334416171,-0.19056089087255088
1500,7.779751638428694,-0.18969997453062962
1501,7.785950759421824,-0.18883868589608754
1502,7.792147554411269,-0.18797704558928166
1503,7.798341880804448,-0.18711507423849166
1504,7.804533596402015,-0.18625279247942672
1505,7.8107225593994,-0.18539022095472996
1506,7.816908628388311,-0.18452738031348304
1507,7.8230916623581885,-0.1836642912107116
1508,7.829271520697622,-0.18280097430689096
1509,7.835448063195766,-0.18193745026745067
1510,7.841621150043719,-0.18107373976227892
1511,7.8477906418358705,-0.18020986346522727
1512,7.853956399571224,-0.1793458420536154
1513,7.860118284654681,-0.17848169620773616
1514,7.866276158898298,-0.17761744661036036
1515,7.872429884522541,-0.17675311394624074
1516,7.878579324157492,-0.17588871890161695
1517,7.884724340844032,-0.1750242821637201
1518,7.890864798034999,-0.1741598244202776
1519,7.897000559596307,-0.1732953663590184
1520,7.903131489808095,-0.1724309286671761
1521,7.909257453365774,-0.17156653203099517
1522,7.915378315381084,-0.17070219713523613
1523,7.921493941383172,-0.1698379446626786
1524,7.927604197319525,-0.1689737952936293
1525,7.933708949557044,-0.168109769705424
1526,7.939808064882945,-0.16724588857193506
1527,7.945901410505733,-0.16638217256307591
1528,7.951988854056073,-0.16551864234430785
1529,7.958070263587749,-0.16465531857614377
1530,7.964145507578495,-0.1637922219136552
1531,7.970214454930855,-0.16292937300597837
1532,7.9762769749730005,-0.16206679249582082
1533,7.982332937459558,-0.161204501018967
1534,7.988382212572386,-0.16034251920378526
1535,7.994424670921343,-0.15948086767073474
1536,8.00046018354502,-0.15861956703187338
1537,8.006488621911476,-0.15775863789036382
1538,8.012509857918957,-0.15689810083998187
1539,8.018523763896551,-0.15603797646462447
1540,8.024530212604876,-0.15517828533781786
1541,8.030529077236734,-0.15431904802222507
1542,8.036520231417695,-0.15346028506915707
1543,8.042503549206767,-0.1526020170180793
1544,8.048478905096946,-0.1517442643961225
1545,8.054446174015807,-0.1508870477175921
1546,8.060405231326035,-0.1500303874834793
1547,8.066355952826001,-0.14917430418097025
1548,8.07229821475025,-0.14831881828295745
1549,8.078231893770027,-0.14746395024755116
1550,8.084156866993744,-0.14660972051759139
1551,8.090073011967466,-0.14575614952015942
1552,8.095980206675362,-0.14490325766609
1553,8.101878329540128,-0.14405106534948606
1554,8.107767259423445,-0.1431995929472292
1555,8.11364687562635,-0.14234886081849635
1556,8.119517057889624,-0.14149888930427323
1557,8.125377686394215,-0.14064969872686775
1558,8.131228641761545,-0.13980130938942764
1559,8.137069805053894,-0.1389537415754544
1560,8.142901057774717,-0.1381070155483204
1561,8.148722281868963,-0.13726115155078564
1562,8.15453335972339,-0.13641616980451512
1563,8.160334174166834,-0.13557209050959695
1564,8.166124608470511,-0.1347289338440605
1565,8.171904546348278,-0.13388671996339527
1566,8.177673871956854,-0.13304546900007166
1567,8.1834324698961,-0.1322052010630599
1568,8.189180225209215,-0.13136593623735185
1569,8.194917023382978,-0.1305276945834813
1570,8.200642750347905,-0.1296904961370479
1571,8.206357292478481,-0.12885436090823824
1572,8.212060536593327,-0.12801930888134952
1573,8.217752369955345,-0.1271853600143145
1574,8.223432680271896,-0.12635253423822534
1575,8.22910135569493,-0.12552085145685946
1576,8.23475828482112,-0.12469033154620537
1577,8.240403356691987,-0.12386099435399008
1578,8.246036460794013,-0.1230328596992053
1579,8.251657487058731,-0.12220594737163737
1580,8.25726632586283,-0.1213802771313947
1581,8.262862868028222,-0.12055586870843868
1582,8.268447004822113,-0.11973274180211395
1583,8.274018627957068,-0.11891091608067927
1584,8.279577629591069,-0.11809041118083953
1585,8.285123902327538,-0.11727124670727936
1586,8.290657339215382,-0.1164534422321962
1587,8.296177833749017,-0.11563701729483489
1588,8.30168527986837,-0.1148219914010233
1589,8.30717957195891,-0.11400838402270735
1590,8.312660604851617,-0.11319621459748982
1591,8.318128273822982,-0.11238550252816681
1592,8.323582474594998,-0.11157626718226689
1593,8.32902310333511,-0.11076852789159101
1594,8.334450056656207,-0.10996230395175244
1595,8.339863231616558,-0.10915761462171851
1596,8.345262525719768,-0.10835447912335308
1597,8.350647836914714,-0.10755291664095976
1598,8.35601906359551,-0.10675294632082521
1599,8.361376104601389,-0.10595458727076548
1600,8.36671885921665,-0.10515785855967193
1601,8.372047227170574,-0.10436277921705737
1602,8.377361108637327,-0.10356936823260475
1603,8.382660404235855,-0.10277764455571632
1604,8.387945015029775,-0.10198762709506358
1605,8.393214842527277,-0.10119933471813797
1606,8.398469788681007,-0.10041278625080269
1607,8.403709755887924,-0.09962800047684679
1608,8.408934646989197,-0.09884499613753783
1609,8.414144365270033,-0.09806379193117867
1610,8.419338814459575,-0.09728440651266235
1611,8.424517898730727,-0.09650685849303028
1612,8.429681522700005,-0.0957311664390305
1613,8.434829591427409,-0.09495734887267582
1614,8.439962010416213,-0.09418542427080663
1615,8.445078685612845,-0.09341541106465048
1616,8.45017952340668,-0.09264732763938627
1617,8.455264430629875,-0.0918811923337078
1618,8.460333314557202,-0.09111702343938803
1619,8.465386082905832,-0.09035483920084687
1620,8.470422643835164,-0.08959465781471726
1621,8.475442905946641,-0.08883649742941398
1622,8.480446778283524,-0.08808037614470382
1623,8.485434170330693,-0.0873263120112768
1624,8.49040499201447,-0.08657432303031669
1625,8.495359153702376,-0.08582442715307606
1626,8.50029656620293,-0.08507664228045002
1627,8.50521714076543,-0.08433098626255214
1628,8.510120789079714,-0.08358747689829217
1629,8.515007423275971,-0.08284613193495288
1630,8.519876955924497,-0.08210696906777014
1631,8.524729300035434,-0.08137000593951493
1632,8.529564369058566,-0.08063526014007445
1633,8.534382076883086,-0.07990274920603492
1634,8.53918233783733,-0.07917249062026722
1635,8.54396506668855,-0.07844450181151279
1636,8.548730178642675,-0.07771880015396997
1637,8.553477589344034,-0.07699540296688404
1638,8.55820721487512,-0.07627432751413667
1639,8.562918971756345,-0.07555559100383634
1640,8.567612776945767,-0.07483921058791247
1641,8.572288547838847,-0.07412520336170804
1642,8.576946202268154,-0.07341358636357677
1643,8.58158565850316,-0.07270437657447719
1644,8.586206835249913,-0.07199759091757392
1645,8.590809651650805,-0.07129324625783492
1646,8.595394027284273,-0.07059135940163454
1647,8.599959882164578,-0.0698919470963535
1648,8.604507136741486,-0.06919502602998406
1649,8.609035711899999,-0.06850061283073605
1650,8.61354552896011,-0.06780872406664173
1651,8.618036509676463,-0.06711937624516633
1652,8.62250857623814,-0.06643258581281543
1653,8.626961651268344,-0.06574836915474719
1654,8.631395657824118,-0.06506674259438505
1655,8.635810519396065,-0.06438772239303152
1656,8.640206159908072,-0.06371132474948349
1657,8.64458250371701,-0.06303756579965003
1658,8.648939475612437,-0.06236646161617104
1659,8.653277000816349,-0.06169802820803618
1660,8.657595004982857,-0.06103228152020754
1661,8.661893414197882,-0.06036923743324392
1662,8.666172154978922,-0.059708911762922756
1663,8.670431154274695,-0.05905132025986934
1664,8.6746703394649,-0.05839647860918262
1665,8.678889638359884,-0.057744402430066046
1666,8.683088979200367,-0.0570951072754581
1667,8.687268290657146,-0.05644860863166491
1668,8.691427501830796,-0.055804921917994806
1669,8.69556654225137,-0.055164062486394154
1670,8.699685341878123,-0.05452604562108415
1671,8.703783831099187,-0.05389088653820134
1672,8.707861940731307,-0.05325860038543642
1673,8.711919602019512,-0.05262920224167879
1674,8.71595674663684,-0.05200270711665919
1675,8.719973306684025,-0.05137912995059613
1676,8.723969214689225,-0.05075848561384239
1677,8.727944403607685,-0.05014078890653568
1678,8.731898806821492,-0.04952605455824682
1679,8.73583235813922,-0.04891429722763566
1680,8.739744991795687,-0.04830553150210137
1681,8.743636642451632,-0.04769977189744084
1682,8.747507245193406,-0.04709703285750595
1683,8.751356735532699,-0.04649732875386219
1684,8.755185049406224,-0.04590067388545047
1685,8.758992123175446,-0.045307082478248606
1686,8.762777893626271,-0.044716568684936654
1687,8.766542297968755,-0.04412914658456297
1688,8.770285273836796,-0.043544830182212856
1689,8.774006759287857,-0.04296363340867746
1690,8.777706692802674,-0.04238557012012546
1691,8.781385013284948,-0.04181065409777699
1692,8.785041660061065,-0.04123889904757796
1693,8.78867657287979,-0.04067031859987787
1694,8.792289691912007,-0.04010492630910737
1695,8.795880957750402,-0.03954273565345958
1696,8.79945031140916,-0.038983760034573
1697,8.802997694323727,-0.03842801277721417
1698,8.80652304835047,-0.03787550712896519
1699,8.810026315766422,-0.03732625625991024
1700,8.813507439268975,-0.03678027326232701
1701,8.816966361975616,-0.0362375711503763
1702,8.820403027423641,-0.03569816285979599
1703,8.823817379569832,-0.03516206124759852
1704,8.827209362790235,-0.03462927909176435
1705,8.83057892187983,-0.03409982909094431
1706,8.833926002052289,-0.03357372386415802
1707,8.837250548939668,-0.033050975950498135
1708,8.840552508592136,-0.03253159780883538
1709,8.843831827477711,-0.03201560181752384
1710,8.84708845248198,-0.03150300027411012
1711,8.850322330907808,-0.030993805395044687
1712,8.85353341047508,-0.030488029315393378
1713,8.85672163932043,-0.02998568408855159
1714,8.859886965996978,-0.029486781685960483
1715,8.863029339474028,-0.02899133399682674
1716,8.866148709136834,-0.02849935282784109
1717,8.869245024786323,-0.028010849902900845
1718,8.872318236638822,-0.027525836862834482
1719,8.875368295325817,-0.027044325265126748
1720,8.878395151893654,-0.02656632658364803
1721,8.881398757803312,-0.02609185220838383
1722,8.884379064930137,-0.025620913445165764
1723,8.887336025563558,-0.025153521515407708
1724,8.89026959240687,-0.024689687555840032
1725,8.893179718576963,-0.02422942261824773
1726,8.896066357604044,-0.023772737669212597
1727,8.898929463431424,-0.02331964358985254
1728,8.901768990415254,-0.022870151175567004
1729,8.90458489332427,-0.022424271135783123
1730,8.907377127339549,-0.021982014093703758
1731,8.91014564805427,-0.021543390586057955
1732,8.912890411473468,-0.02110841106285234
1733,8.915611374013787,-0.02067708588712647
1734,8.918308492503245,-0.020249425334708887
1735,8.920981724180999,-0.01982543959397527
1736,8.923631026697105,-0.019405138765608784
1737,8.926256358112273,-0.018988532862364065
1738,8.928857676897659,-0.01857563180882969
1739,8.931434941934613,-0.018166445441196492
1740,8.933988112514452,-0.017760983507026252
1741,8.93651714833824,-0.017359255665022194
1742,8.93902200951656,-0.01696127148480212
1743,8.941502656569286,-0.016567040446673887
1744,8.943959050425379,-0.016176571941411522
1745,8.946391152422635,-0.015789875270036686
1746,8.948798924307491,-0.015406959643598282
1747,8.951182328234806,-0.015027834182956891
1748,8.953541326767636,-0.01465250791857068
1749,8.955875882877029,-0.014280989790282899
1750,8.958185959941824,-0.01391328864711181
1751,8.960471521748437,-0.013549413247042525
1752,8.96273253249063,-0.013189372256823123
1753,8.964968956769342,-0.012833174251759163
1754,8.96718075959248,-0.012480827715512748
1755,8.969367906374694,-0.012132341039904185
1756,8.971530362937214,-0.011787722524713601
1757,8.973668095507609,-0.01144698037748807
1758,8.975781070719645,-0.011110122713346627
1759,8.977869255613053,-0.010777157554791139
1760,8.979932617633366,-0.010448092831517078
1761,8.981971124631698,-0.01012293638022957
1762,8.983984744864603,-0.009801695944455567
1763,8.985973446993842,-0.009484379174366467
1764,8.987937200086243,-0.009170993626595018
1765,8.989875973613492,-0.008861546764060441
1766,8.991789737451967,-0.008556045955791932
1767,8.993678461882569,-0.008254498476755977
1768,8.995542117590544,-0.007956911507685835
1769,8.997380675665307,-0.0076632921349128365
1770,8.999194107600273,-0.007373647350200719
1771,9.000982385292701,-0.007087984050580678
1772,9.002745481043526,-0.006806309038189938
1773,9.00448336755717,-0.006528629020113223
1774,9.006196017941429,-0.006254950608223453
1775,9.007883405707279,-0.005985280319028259
1776,9.00954550476873,-0.005719624573516778
1777,9.011182289442688,-0.0054579896970077
1778,9.01279373444877,-0.0052003819190036115
1779,9.01437981490918,-0.004946807373042702
1780,9.015940506348569,-0.0046972720965553294
1781,9.017475784693863,-0.0044517820307231875
1782,9.018985626274146,-0.0042103430203392685
1783,9.020470007820498,-0.003972960813671382
1784,9.021928906465872,-0.0037396410623272173
1785,9.023362299744965,-0.003510389321120981
1786,9.024770165594067,-0.003285211047944381
1787,9.026152482350932,-0.0030641116036385875
1788,9.027509228754651,-0.0028470962518684626
1789,9.028840383945541,-0.0026341701589980573
1790,9.030145927464998,-0.002425338393971247
1791,9.03142583925539,-0.002220605928191702
1792,9.032680099659924,-0.0020199776354074225
1793,9.033908689422548,-0.0018234582915951211
1794,9.03511158968782,-0.001631052574849771
1795,9.036288782000797,-0.0014427650652741185
1796,9.03744024830693,-0.0012586002448717645
1797,9.038565970951957,-0.0010785624974416455
1798,9.039665932681777,-0.0009026561084768642
1799,9.04074011664238,-0.0007308852650618233
1800,9.041788506379724,-0.0005632540557763108
1801,9.042811085839636,-0.0003997664705986509
1802,9.043807839367725,-0.00024042640081271358
1803,9.044778751709277,-8.523763891673752e-05
1804,9.045723808009186,6.579612146646028e-05
1805,9.04664299381182,0.0002126712856735935
1806,9.047536295060985,0.00035538435808751584
1807,9.0484036980998,0.0004939319422178085
1808,9.049245189670637,0.000628310740780154
1809,9.05006075691504,0.0007585175557745003
1810,9.050850387373632,0.000884549288559122
1811,9.051614068986064,0.00100640293992322
1812,9.052351790090919,0.001124075610157407
1813,9.053063539425644,0.001237564499120772
1814,9.053749306126498,0.001346866906307345
1815,9.054409079728474,0.0014519802309089166
1816,9.055042850165245,0.0015529019718759803
1817,9.055650607769069,0.0016496297279747698
1818,9.05623234327078,0.0017421611978459268
1819,9.056788047799715,0.0018304941800571836
1820,9.057317712883632,0.001914626573153636
1821,9.057821330448693,0.0019945563757086384
1822,9.058298892819396,0.002070281686369317
1823,9.058750392718537,0.0021418007039017964
1824,9.05917582326716,0.002209111727232704
1825,9.059575177984534,0.002272213155489721
1826,9.05994845078806,0.002331103488036836
1827,9.0602956359933,0.0023857813245123276
1828,9.060616728313912,0.00243624536485918
1829,9.060911722861597,0.0024824944093560695
1830,9.061180615146117,0.0025245273586459605
1831,9.061423401075231,0.0025623432137609086
1832,9.061640076954669,0.0025959410761450565
1833,9.061830639488134,0.0026253201476765862
1834,9.061995085777253,0.002650479730684822
1835,9.062133413321586,0.0026714192279681673
1836,9.062245620018592,0.002688138142806216
1837,9.062331704163624,0.002700636078972716
1838,9.06239166444991,0.0027089127407429383
1839,9.062425499968553,0.002712967932902095
1840,9.062433210208521,0.0027128015607487945
1841,9.062414795056652,0.002708413630097448
1842,9.062370254797639,0.002699804247277928
1843,9.062299590114025,0.0026869736191319155
1844,9.062202802086246,0.0026699220530099414
1845,9.062079892192592,0.002648649956761898
1846,9.061930862309236,0.0026231578387282996
1847,9.061755714710245,0.002593446307728289
1848,9.061554452067595,0.00255951607304473
1849,9.061327077451182,0.002521367944407689
1850,9.06107359432882,0.002479002831974271
1851,9.060794006566304,0.002432421746308724
1852,9.060488318427407,0.0023816257983575373
1853,9.060156534573908,0.0023266161994236812
1854,9.05979866006562,0.0022673942611372818
1855,9.05941470036041,0.0022039613954247185
1856,9.05900466131426,0.0021363191144769403
1857,9.05856854918128,0.0020644690307115533
1858,9.058106370613734,0.0019884128567358994
1859,9.057618132662112,0.001908152405307034
1860,9.057103842775152,0.0018236895892884534
1861,9.056563508799885,0.0017350264216053188
1862,9.055997138981676,0.0016421650151962845
1863,9.05540474196429,0.001545107582965073
1864,9.054786326789948,0.0014438564377279547
1865,9.054141902899348,0.0013384139921584811
1866,9.053471480131746,0.0012287827587313246
1867,9.052775068725012,0.0011149653496631778
1868,9.052052679315693,0.0009969644768515148
1869,9.051304322939076,0.0008747829518104971
1870,9.050530011029235,0.0007484236856042642
1871,9.049729755419131,0.0006178896887797358
1872,9.048903568340657,0.0004831840712944551
1873,9.048051462424729,0.0003443100424449721
1874,9.047173450701349,0.00020127091078991376
1875,9.046269546599678,5.407008407251581e-05
1876,9.04533976394815,-9.728893085820758e-05
1877,9.044384116974493,-0.00025280252813246625
1878,9.043402620305892,-0.00041246700294104104
1879,9.042395288969006,-0.000576278551625623
1880,9.0413621383901,-0.000744233271766376
1881,9.04030318439511,-0.0009163271622747327
1882,9.039218443209759,-0.001092556123486543
1883,9.038107931459647,-0.0012729159572584916
1884,9.036971666170345,-0.0014574023670674834
1885,9.035809664767504,-0.0016460109581109385
1886,9.03462194507694,-0.001838737237411071
1887,9.033408525324775,-0.0020355766139185127
1888,9.032169424137502,-0.002236524398622988
1889,9.030904660542125,-0.0024415758046614196
1890,9.02961425396628,-0.0026507259474304362
1891,9.028298224238315,-0.0028639698447025363
1892,9.026956591587426,-0.003081302416742471
1893,9.025589376643794,-0.0033027184864261186
1894,9.024196600438678,-0.0035282127793629207
1895,9.022778284404557,-0.003757779924019377
1896,9.02133445037526,-0.00399141445184508
1897,9.019865120586074,-0.004229110797402225
1898,9.01837031767389,-0.00447086329849561
1899,9.016850064677335,-0.004716666196305911
1900,9.015304385036917,-0.0049665136355244366
1901,9.013733302595142,-0.005220399664491595
1902,9.012136841596675,-0.005478318235336492
1903,9.010515026688466,-0.005740263204118746
1904,9.008867882919912,-0.006006228330972893
1905,9.007195435742975,-0.006276207280256347
1906,9.00549771101237,-0.006550193620696008
1907,9.003774734985697,-0.006828180825540625
1908,9.002026534323578,-0.007110162272714831
1909,9.00025313608984,-0.007396131244973887
1910,8.998454567751665,-0.007686080930061441
1911,8.99663085717974,-0.007980004420870242
1912,8.99478203264844,-0.008277894715603673
1913,8.992908122835962,-0.008579744717941692
1914,8.991009156824529,-0.008885547237205856
1915,8.989085164100526,-0.009195294988529607
1916,8.987136174554694,-0.009508980593029114
1917,8.985162218482282,-0.009826596577977003
1918,8.983163326583249,-0.01014813537697692
1919,8.98113952996243,-0.010473589330142257
1920,8.979090860129693,-0.010802950684277036
1921,8.97701734900016,-0.011136211593056201
1922,8.974919028894368,-0.01147336411721127
1923,8.972795932538448,-0.011814400224717489
1924,8.97064809306434,-0.012159311790980794
1925,8.968475544009957,-0.01250809059903088
1926,8.966278319319388,-0.012860728339713082
1927,8.964056453343092,-0.013217216611884321
1928,8.961809980838106,-0.013577546922609332
1929,8.959538936968224,-0.013941710687362444
1930,8.957243357304197,-0.014309699230228153
1931,8.954923277823948,-0.014681503784105217
1932,8.952578734912782,-0.01505711549091256
1933,8.950209765363578,-0.015436525401798013
1934,8.947816406376992,-0.015819724477348848
1935,8.945398695561677,-0.016206703587804436
1936,8.942956670934526,-0.016597453513268818
1937,8.940490370920816,-0.016991964943931355
1938,8.937999834354486,-0.017390228480282575
1939,8.935485100478333,-0.017792234633336075
1940,8.932946208944225,-0.018197973824852352
1941,8.930383199813338,-0.01860743638756326
1942,8.92779611355636,-0.019020612565400073
1943,8.925184991053735,-0.01943749251372257
1944,8.922549873595893,-0.019858066299549886
1945,8.919890802883467,-0.020282323901795105
1946,8.917207821027501,-0.0207102552115023
1947,8.914500970549755,-0.021141850032080484
1948,8.911770294382862,-0.021577098079547278
1949,8.909015835870603,-0.02201598898276914
1950,8.906237638768143,-0.02245851228370556
1951,8.903435747242272,-0.02290465743765488
1952,8.90061020587163,-0.02335441381350316
1953,8.897761059646957,-0.02380777069397412
1954,8.894888353971371,-0.02426471727587977
1955,8.89199213466056,-0.024725242670377175
1956,8.889072447943061,-0.025189335903223566
1957,8.886129340460517,-0.025656985915033566
1958,8.883162859267912,-0.026128181561540863
1959,8.880173051833825,-0.02660291161386034
1960,8.877159966040688,-0.02708116475875201
1961,8.874123650185068,-0.02756292959888632
1962,8.871064152977862,-0.028048194653115293
1963,8.867981523544618,-0.028536948356739953
1964,8.864875811425776,-0.029029179061783497
1965,8.86174706657691,-0.029524875037266234
1966,8.858595339369026,-0.030024024469480593
1967,8.855420680588798,-0.030526615462270344
1968,8.852223141438849,-0.031032636037310084
1969,8.849002773538015,-0.03154207413438729
1970,8.845759628921616,-0.032054917611686676
1971,8.84249376004173,-0.032571154246075824
1972,8.839205219767456,-0.03309077173339291
1973,8.835894061385195,-0.033613757688736645
1974,8.83256033859891,-0.03414009964675897
1975,8.829204105530415,-0.0346697850619571
1976,8.825825416719674,-0.03520280130896877
1977,8.82242432712501,-0.03573913568287252
1978,8.819000892123466,-0.03627877539948335
1979,8.815555167511013,-0.03682170759565699
1980,8.812087209502899,-0.03736791932959015
1981,8.808597074733873,-0.03791739758112785
1982,8.805084820258507,-0.03847012925206863
1983,8.80155050355145,-0.03902610116647451
1984,8.797994182507745,-0.03958530007098017
1985,8.794415915443084,-0.04014771263510614
1986,8.790815761094123,-0.04071332545157266
1987,8.787193778618741,-0.04128212503661618
1988,8.783550027596355,-0.0418540978303063
1989,8.779884568028196,-0.04242923019686615
1990,8.776197460337592,-0.04300750842499384
1991,8.772488765370282,-0.04358891872818492
1992,8.768758544394684,-0.0441734472450584
1993,8.765006859102208,-0.04476108003968247
1994,8.761233771607525,-0.04535180310190459
1995,8.75743934444888,-0.04594560234768059
1996,8.753623640588364,-0.046542463619407726
1997,8.749786723412251,-0.047142372686257344
1998,8.745928656731248,-0.047745315244511415
1999,8.742049504780802,-0.04835127691790055
2000,8.738149332221406,-0.048960243257941724
2001,8.734228204138901,-0.04957219974427929
2002,8.730286186044736,-0.050187131785029246
2003,8.726323343876315,-0.050805024717120936
2004,8.722339743997246,-0.051425863806645065
2005,8.718335453197668,-0.05204963424920065
2006,8.714310538694548,-0.05267632117024348
2007,8.710265068131951,-0.05330590962543897
2008,8.70619910958138,-0.05393838460101266
2009,8.702112731542018,-0.054573731014107375
2010,8.698006002941078,-0.05521193371313609
2011,8.693878993134058,-0.05585297747814249
2012,8.689731771905072,-0.05649684702115762
2013,8.685564409467121,-0.057143526986562616
2014,8.681376976462408,-0.057793001951450686
2015,8.67716954396261,-0.058445256425991465
2016,8.67294218346919,-0.05910027485379633
2017,8.668694966913701,-0.05975804161228607
2018,8.664427966658039,-0.060418541013060656
2019,8.660141255494807,-0.061081757302267
2020,8.655834906647527,-0.061747674660974895
2021,8.651508993770994,-0.06241627720554792
2022,8.647163590951545,-0.06308754898801917
2023,8.642798772707337,-0.06376147399646925
2024,8.638414613988667,-0.06443803615540279
2025,8.634011190178224,-0.06511721932613021
2026,8.629588577091415,-0.06579900730714715
2027,8.625146850976627,-0.06648338383451846
2028,8.620686088515521,-0.06717033258226256
2029,8.61620636682332,-0.06785983716273676
2030,8.611707763449083,-0.06855188112702526
2031,8.607190356375993,-0.06924644796532743
2032,8.60265422402165,-0.06994352110734806
2033,8.59809944523832,-0.07064308392269009
2034,8.593526099313234,-0.07134511972124698
2035,8.588934265968872,-0.07204961175359688
2036,8.58432402536322,-0.07275654321139978
2037,8.579695458090038,-0.07346589722779497
2038,8.57504864517917,-0.07417765687779829
2039,8.570383668096762,-0.07489180517870488
2040,8.565700608745555,-0.07560832509048944
2041,8.560999549465162,-0.07632719951620931
2042,8.5562805730323,-0.07704841130240948
2043,8.551543762661082,-0.07777194323952813
2044,8.546789202003255,-0.07849777806230372
2045,8.542016975148451,-0.07922589845018478
2046,8.53722716662447,-0.07995628702773767
2047,8.532419861397505,-0.08068892636505927
2048,8.527595144872395,-0.08142379897818927
2049,8.522753102892882,-0.08216088732952403
2050,8.517893821741842,-0.08290017382823135
2051,8.513017388141522,-0.083641640830668
2052,8.508123889253792,-0.08438527064079629
2053,8.503213412680369,-0.08513104551060328
2054,8.498286046463058,-0.08587894764052158
2055,8.493341879083948,-0.08662895917985113
2056,8.488380999465676,-0.08738106222718109
2057,8.483403496971635,-0.08813523883081377
2058,8.478409461406175,-0.08889147098919134
2059,8.47339898301483,-0.08964974065132081
2060,8.468372152484534,-0.09041002971720209
2061,8.463329060943815,-0.0911723200382571
2062,8.458269799962988,-0.09193659341776025
2063,8.453194461554386,-0.09270283161126809
2064,8.448103138172522,-0.09347101632705336
2065,8.44299592271428,-0.0942411292265382
2066,8.437872908519116,-0.09501315192472812
2067,8.432734189369226,-0.09578706599064876
2068,8.427579859489729,-0.09656285294778189
2069,8.42241001354883,-0.09734049427450447
2070,8.417224746657986,-0.09811997140452729
2071,8.412024154372084,-0.09890126572733497
2072,8.406808332689575,-0.09968435858862745
2073,8.401577378052624,-0.10046923129076385
2074,8.396331387347265,-0.10125586509320432
2075,8.391070457903554,-0.10204424121295422
2076,8.38579468749567,-0.10283434082501187
2077,8.38050417434206,-0.10362614506281356
2078,8.375199017105572,-0.10441963501868126
2079,8.36987931489355,-0.10521479174427227
2080,8.364545167257965,-0.10601159625102737
2081,8.359196674195509,-0.10681002951062306
2082,8.353833936147662,-0.10761007245542335
2083,8.348457054000848,-0.10841170597893046
2084,8.343066129086468,-0.10921491093623995
2085,8.337661263180983,-0.11001966814449547
2086,8.332242558505998,-0.11082595838334353
2087,8.32681011772832,-0.11163376239539013
2088,8.321364043960012,-0.11244306088665822
2089,8.315904440758443,-0.11325383452704546
2090,8.31043141212632,-0.11406606395078456
2091,8.304945062511733,-0.11487972975690218
2092,8.299445496808174,-0.11569481250968001
2093,8.293932820354556,-0.11651129273911716
2094,8.288407138935204,-0.11732915094139273
2095,8.28286855877989,-0.11814836757932831
2096,8.2773171865638,-0.11896892308285333
2097,8.271753129407514,-0.11979079784946989
2098,8.266176494876987,-0.12061397224471912
2099,8.260587390983526,-0.12143842660264687
2100,8.254985926183712,-0.1222641412262728
2101,8.249372209379384,-0.12309109638805742
2102,8.24374634991756,-0.12391927233037137
2103,8.238108457590346,-0.12474864926596631
2104,8.232458642634887,-0.12557920737844427
2105,8.22679701573325,-0.12641092682272964
2106,8.221123688012318,-0.12724378772554135
2107,8.215438771043699,-0.12807777018586514
2108,8.209742376843561,-0.12891285427542812
2109,8.204034617872543,-0.12974902003917177
2110,8.19831560703558,-0.13058624749572678
2111,8.192585457681762,-0.13142451663788923
2112,8.186844283604138,-0.132263807433097
2113,8.181092199039544,-0.13310409982390664
2114,8.17532931866844,-0.13394537372846926
2115,8.169555757614672,-0.1347876090410105
2116,8.163771631445247,-0.1356307856323091
2117,8.157977056170147,-0.13647488335017455
2118,8.152172148242043,-0.1373198820199288
2119,8.14635702455605,-0.13816576144488668
2120,8.140531802449475,-0.13901250140683555
2121,8.13469659970153,-0.1398600816665178
2122,8.128851534533018,-0.1407084819641134
2123,8.122996725606034,-0.14155768201972233
2124,8.11713229202366,-0.14240766153384718
2125,8.1112583533296,-0.14325840018787775
2126,8.105375029507837,-0.1441098776445751
2127,8.09948244098228,-0.14496207354855564
2128,8.09358070861636,-0.14581496752677767
2129,8.087669953712659,-0.14666853918902503
2130,8.081750298012473,-0.14752276812839563
2131,8.0758218636954,-0.14837763392178605
2132,8.069884773378885,-0.14923311613037998
2133,8.063939150117784,-0.1500891943001342
2134,8.05798511740385,-0.15094584796226826
2135,8.052022799165279,-0.151803056633751
2136,8.046052319766174,-0.1526607998177899
2137,8.040073804006031,-0.15351905700432064
2138,8.034087377119201,-0.154377807670495
2139,8.028093164774305,-0.15523703128117236
2140,8.022091293073672,-0.1560967072894085
2141,8.016081888552753,-0.15695681513694634
2142,8.010065078179469,-0.1578173342547072
2143,8.004040989353626,-0.1586782440632801
2144,7.998009749906214,-0.1595395239734154
2145,7.991971488098763,-0.1604011533865147
2146,7.985926332622636,-0.1612631116951237
2147,7.979874412598342,-0.16212537828342302
2148,7.973815857574769,-0.16298793252772203
2149,7.967750797528452,-0.16385075379695085
2150,7.961679362862802,-0.16471382145315297
2151,7.955601684407299,-0.16557711485197882
2152,7.949517893416703,-0.16644061334317783
2153,7.94342812157018,-0.16730429627109378
2154,7.937332500970489,-0.16816814297515595
2155,7.931231164143061,-0.16903213279037524
2156,7.925124244035116,-0.1698962450478369
2157,7.919011874014735,-0.17076045907519485
2158,7.912894187869921,-0.17162475419716536
2159,7.906771319807606,-0.17248910973602252
2160,7.90064340445268,-0.1733535050120915
2161,7.894510576846967,-0.1742179193442432
2162,7.8883729724481775,-0.17508233205038928
2163,7.882230727128831,-0.1759467224479772
2164,7.8760839771751785,-0.17681106985448425
2165,7.869932859286093,-0.17767535358791198
2166,7.863777510571904,-0.17853955296728227
2167,7.857618068553251,-0.17940364731313085
2168,7.851454671159876,-0.18026761594800303
2169,7.8452874567294115,-0.1811314381969479
2170,7.839116564006124,-0.18199509338801395
2171,7.832942132139646,-0.18285856085274332
2172,7.826764300683668,-0.18372181992666675
2173,7.820583209594632,-0.18458484994979776
2174,7.814398999230345,-0.18544763026712804
2175,7.80821181034861,-0.18631014022912176
2176,7.8020217841058015,-0.1871723591922104
2177,7.795829062055428,-0.1880342665192867
2178,7.789633786146674,-0.18889584158019865
2179,7.783436098722863,-0.1897570637522452
2180,7.777236142519961,-0.19061791242066825
2181,7.771034060664997,-0.19147836697914802
2182,7.764829996674454,-0.19233840683029688
2183,7.7586240944526805,-0.19319801138615172
2184,7.752416498290207,-0.1940571600686686
2185,7.746207352862069,-0.1949158323102151
2186,7.7399968032260755,-0.19577400755406432
2187,7.733784994821073,-0.19663166525488696
2188,7.7275720734651445,-0.19748878487924398
2189,7.721358185353816,-0.19834534590607886
2190,7.715143477058168,-0.19920132782721026
2191,7.7089280955229915,-0.20005671014782284
2192,7.702712188064816,-0.2009114723869605
2193,7.696495902370005,-0.201765594078016
2194,7.690279386492744,-0.2026190547692225
2195,7.6840627888530015,-0.2034718340241449
2196,7.677846258234496,-0.20432391142216935
2197,7.671629943782587,-0.205175266558993
2198,7.665413995002138,-0.20602587904711503
2199,7.659198561755332,-0.20687572851632516
2200,7.652983794259505,-0.20772479461419216
2201,7.646769843084856,-0.20857305700655343
2202,7.640556859152204,-0.2094204953780019
2203,7.634344993730631,-0.21026708943237535
2204,7.628134398435144,-0.21111281889324254
2205,7.621925225224266,-0.211957663504391
2206,7.61571762639761,-0.21280160303031262
2207,7.609511754593381,-0.2136446172566908
2208,7.603307762785872,-0.21448668599088527
2209,7.597105804282902,-0.21532778906241748
2210,7.590906032723229,-0.21616790632345445
2211,7.584708602073877,-0.21700701764929475
2212,7.578513666627479,-0.21784510293885037
2213,7.572321380999552,-0.21868214211513026
2214,7.566131900125723,-0.2195181151257234
2215,7.559945379258916,-0.22035300194328028
2216,7.553761973966507,-0.22118678256599464
2217,7.547581840127419,-0.22201943701808463
2218,7.541405133929198,-0.22285094535027228
2219,7.535232011865009,-0.22368128764026404
2220,7.529062630730627,-0.22451044399322923
2221,7.5228971476213395,-0.22533839454227972
2222,7.51673571992886,-0.22616511944894602
2223,7.5105785053381275,-0.2269905989036561
2224,7.504425661824114,-0.22781481312621185
2225,7.498277347648585,-0.22863774236626333
2226,7.49213372135676,-0.22945936690378615
2227,7.485994941773994,-0.2302796670495548
2228,7.479861168002346,-0.23109862314561727
2229,7.473732559417166,-0.23191621556576755
2230,7.46760927566359,-0.23273242471601815
2231,7.461491476653,-0.2335472310350719
2232,7.455379322559409,-0.23436061499479366
2233,7.449272973815856,-0.23517255710067958
2234,7.4431725911107,-0.23598303789232664
2235,7.43707833538388,-0.2367920379439015
2236,7.430990367823128,-0.2375995378646089
2237,7.4249088498601195,-0.23840551829915826
2238,7.418833943166599,-0.23920995992822963
2239,7.412765809650445,-0.24001284346893917
2240,7.406704611451631,-0.240814149675305
2241,7.400650510938231,-0.24161385933870966
2242,7.3946036707023035,-0.242411953288363
2243,7.388564253555739,-0.24320841239176508
2244,7.382532422526064,-0.24400321755516644
2245,7.376508340852174,-0.24479634972402947
2246,7.370492171980049,-0.2455877898834863
2247,7.364484079558358,-0.24637751905879904
2248,7.3584842274340785,-0.24716551831581546
2249,7.352492779648014,-0.24795176876142622
2250,7.346509900430257,-0.24873625154402157
2251,7.340535754195624,-0.24951894785394457
2252,7.3345705055390225,-0.25029983892394564
2253,7.328614319230754,-0.251078906029635
2254,7.322667360211771,-0.25185613048993466
2255,7.316729793588888,-0.2526314936675286
2256,7.310801784629914,-0.25340497696931324
2257,7.304883498758752,-0.25417656184684506
2258,7.298975101550428,-0.25494622979678905
2259,7.293076758726044,-0.25571396236136595
2260,7.287188636147736,-0.2564797411287959
2261,7.2813108998135085,-0.2572435477337445
2262,7.275443715852039,-0.258005363857766
2263,7.269587250517437,-0.25876517122974474
2264,7.263741670183922,-0.2595229516263374
2265,7.257907141340474,-0.26027868687241196
2266,7.2520838305853745,-0.26103235884148807
2267,7.2462719046207695,-0.26178394945617295
2268,7.24047153024707,-0.2625334406886002
2269,7.234682874357397,-0.2632808145608635
2270,7.2289061039319,-0.26402605314545236
2271,7.223141386032048,-0.2647691385656838
2272,7.21738888779484,-0.265510052996136
2273,7.21164877642698,-0.2662487786630779
2274,7.205921219198984,-0.2669852978448987
2275,7.200206383439218,-0.2677195928725371
2276,7.194504436527889,-0.2684516461299074
2277,7.188815545890976,-0.2691814400543256
2278,7.183139878994083,-0.2699089571369351
2279,7.177477603336267,-0.27063417992312844
2280,7.171828886443778,-0.27135709101297023
2281,7.166193895863743,-0.27207767306161795
2282,7.1605727991578245,-0.2727959087797405
2283,7.15496576389575,-0.273511780933938
2284,7.1493729576488505,-0.27422527234715743
2285,7.143794547983521,-0.2749363658991078
2286,7.138230702454584,-0.2756450445266758
2287,7.132681588598649,-0.2763512912243373
2288,7.12714737392737,-0.27705508904456977
2289,7.1216282259206745,-0.2777564210982615
2290,7.116124312019909,-0.2784552705551209
2291,7.110635799620933,-0.27915162064408394
2292,7.1051628560671745,-0.27984545465371974
2293,7.099705648642589,-0.2805367559326349
2294,7.0942643445645786,-0.2812255078898777
2295,7.088839110976879,-0.28191169399533816
2296,7.083430114942345,-0.28259529778014936
2297,7.078037523435682,-0.2832763028370862
2298,7.072661503336155,-0.2839546928209623
2299,7.06730222142021,-0.2846304514490261
2300,7.0619598443540355,-0.2853035625013554
2301,7.056634538686097,-0.28597400982124943
2302,7.05132647083957,-0.2866417773156215
2303,7.046035807104754,-0.28730684895538766
2304,7.040762713631416,-0.2879692087758555
2305,7.035507356421063,-0.28862884087711155
2306,7.030269901319171,-0.2892857294244063
2307,7.025050514007388,-0.2899398586485368
2308,7.0198493599956215,-0.29059121284623035
2309,7.014666604614111,-0.2912397763805247
2310,7.009502413005443,-0.2918855336811463
2311,7.004356950116509,-0.2925284692448884
2312,6.999230380690379,-0.29316856763598736
2313,6.994122869258188,-0.2938058134864956
2314,6.98903458013089,-0.2944401914966558
2315,6.983965677391033,-0.2950716864352703
2316,6.978916324884421,-0.2957002831400715
2317,6.973886686211762,-0.2963259665180898
2318,6.968876924720256,-0.2969487215460187
2319,6.963887203495131,-0.2975685332705796
2320,6.958917685351121,-0.2981853868088847
2321,6.953968532823896,-0.2987992673487983
2322,6.949039908161464,-0.2994101601492954
2323,6.944131973315492,-0.3000180505408203
2324,6.939244889932614,-0.3006229239256414
2325,6.934378819345644,-0.3012247657782068
2326,6.929533922564795,-0.301823561645496
2327,6.924710360268831,-0.30241929714737026
2328,6.919908292796145,-0.3030119579769229
2329,6.915127880135849,-0.30360152990082534
2330,6.910369281918763,-0.3041879987596735
2331,6.905632657408414,-0.30477135046833087
2332,6.9009181654919445,-0.3053515710162708
2333,6.896225964670999,-0.3059286464679171
2334,6.891556213052575,-0.3065025629629825
2335,6.886909068339864,-0.30707330671680305
2336,6.882284687822963,-0.307640864020676
2337,6.877683228369617,-0.3082052212421918
2338,6.8731048464159565,-0.3087663648255637
2339,6.86854969795711,-0.30932428129195816
2340,6.864017938537824,-0.3098789572398229
2341,6.859509723243064,-0.3104303793452116
2342,6.8550252066885475,-0.3109785343621081
2343,6.850564543011285,-0.31152340912274756
2344,6.846127885860037,-0.31206499053793757
2345,6.841715388385794,-0.3126032655973749
2346,6.837327203232193,-0.3131382213699625
2347,6.832963482525913,-0.3136698450041235
2348,6.828624377867017,-0.31419812372811456
2349,6.824310040319339,-0.31472304485033453
2350,6.820020620400762,-0.31524459575963454
2351,6.81575626807353,-0.31576276392562375
2352,6.811517132734518,-0.31627753689897353
2353,6.807303363205432,-0.31678890231172235
2354,6.803115107723102,-0.3172968478775736
2355,6.798952513929628,-0.3178013613921965
2356,6.794815728862584,-0.318302430733522
2357,6.790704898945195,-0.3188000438620378
2358,6.7866201699764686,-0.31929418882108124
2359,6.782561687121342,-0.3197848537371297
2360,6.778529594900805,-0.32027202682009004
2361,6.7745240371819895,-0.32075569636358525
2362,6.770545157168294,-0.3212358507452385
2363,6.766593097389444,-0.32171247842695744
2364,6.762667999691594,-0.32218556795521325
2365,6.758770005227377,-0.32265510796132063
2366,6.754899254445976,-0.32312108716171384
2367,6.751055887083208,-0.3235834943582211
2368,6.74724004215154,-0.32404231843833775
2369,6.743451857930162,-0.32449754837549655
2370,6.739691471955073,-0.3249491732293351
2371,6.735959021009083,-0.3253971821459635
2372,6.732254641111897,-0.3258415643582284
2373,6.728578467510185,-0.3262823091859744
2374,6.724930634667635,-0.3267194060363043
2375,6.721311276255042,-0.32715284440383724
2376,6.717720525140383,-0.32758261387096427
2377,6.714158513378906,-0.3280087041081023
2378,6.7106253722032365,-0.3284311048739457
2379,6.707121232013509,-0.32884980601571495
2380,6.703646222367473,-0.3292647974694052
2381,6.70020047197067,-0.3296760692600299
2382,6.696784108666585,-0.33008361150186494
2383,6.693397259426828,-0.3304874143986889
2384,6.690040050341352,-0.3308874682440219
2385,6.686712606608669,-0.331283763421362
2386,6.6834150525261125,-0.3316762904044196
2387,6.680147511480121,-0.33206503975734925
2388,6.67691010593653,-0.3324500021349798
2389,6.673702957430925,-0.33283116828304204
2390,6.670526186558981,-0.3332085290383947
2391,6.667379912966898,-0.33358207532924655
2392,6.664264255341815,-0.3339517981753785
2393,6.661179331402266,-0.33431768868836254
2394,6.658125257888706,-0.33467973807177775
2395,6.655102150554046,-0.3350379376214253
2396,6.652110124154252,-0.33539227872554006
2397,6.649149292438953,-0.33574275286500105
2398,6.64621976814213,-0.33608935161353903
2399,6.643321662972833,-0.33643206663794145
2400,6.6404550876059405,-0.3367708896982565
2401,6.637620151672992,-0.33710581264799305
2402,6.634816963753026,-0.3374368274343201
2403,6.6320456313635185,-0.3377639260982633
2404,6.629306260951381,-0.3380871007748972
2405,6.6265989578839255,-0.3384063436935404
2406,6.623923826440017,-0.33872164717794206
2407,6.621280969801202,-0.33903300364647015
2408,6.6186704900428985,-0.33934040561229706
2409,6.616092488125698,-0.339643845683581
2410,6.61354706388669,-0.3399433165636472
2411,6.611034316030847,-0.34023881105116616
2412,6.60855434212253,-0.3405303220403285
2413,6.6061072385770165,-0.34081784252101865
2414,6.603693100652098,-0.3411013655789865
2415,6.601312022439803,-0.3413808843960149
2416,6.598964096858135,-0.3416563922500867
2417,6.596649415642896,-0.34192788251554995
2418,6.594368069339634,-0.3421953486632776
2419,6.592120147295635,-0.3424587842608278
2420,6.589905737651978,-0.3427181829726013
2421,6.587724927335719,-0.3429735385599956
2422,6.585577802052141,-0.343224844881557
2423,6.583464446277065,-0.34347209589313127
2424,6.581384943249298,-0.34371528564801024
2425,6.579339374963122,-0.343954408297078
2426,6.577327822160906,-0.3441894580889534
2427,6.5753503643258036,-0.3444204293701299
2428,6.573407079674527,-0.3446473165851149
2429,6.571498045150274,-0.34487011427656333
2430,6.56962333641566,-0.3450888170854134
2431,6.567783027845836,-0.34530341975101553
2432,6.565977192521657,-0.3455139171112621
2433,6.564205902222966,-0.3457203041027129
2434,6.562469227421994,-0.345922575760719
2435,6.560767237276849,-0.34612072721954373
2436,6.5590999996251025,-0.34631475371248277
2437,6.557467580977522,-0.34650465057197866
2438,6.555870046511884,-0.3466904132297361
2439,6.554307460066875,-0.3468720372168339
2440,6.552779884136169,-0.3470495181638332
2441,6.551287379862551,-0.347222851800885
2442,6.549830007032209,-0.34739203395783397
2443,6.548407824069104,-0.34755706056432084
2444,6.547020888029475,-0.3477179276498816
2445,6.545669254596448,-0.3478746313440451
2446,6.544352978074797,-0.3480271678764272
2447,6.543072111385801,-0.3481755335768223
2448,6.541826706062204,-0.3483197248752948
2449,6.540616812243344,-0.34845973830226495
2450,6.539442478670381,-0.34859557048859413
2451,6.538303752681632,-0.34872721816566793
2452,6.537200680208087,-0.3488546781654746
2453,6.536133305768991,-0.34897794742068416
2454,6.53510167246759,-0.3490970229647229
2455,6.534105821987009,-0.3492119019318451
2456,6.53314579458623,-0.3493225815572049
2457,6.532221629096266,-0.34942905917692185
2458,6.5313333629163575,-0.34953133222814814
2459,6.5304810320104245,-0.34962939824913025
2460,6.529664670903566,-0.34972325487926964
2461,6.52888431267874,-0.3498128998591803
2462,6.528139988973567,-0.34989833103074386
2463,6.52743172997725,-0.34997954633716344
2464,6.5267595644276675,-0.3500565438230129
2465,6.526123519608567,-0.35012932163428573
2466,6.5255236213469425,-0.3501978780184399
2467,6.5249598940105,-0.35026221132444074
2468,6.5244323605052985,-0.35032232000280256
2469,6.523941042273529,-0.350378202605625
2470,6.523485959291402,-0.3504298577866302
2471,6.523067130067231,-0.3504772843011945
2472,6.522684571639594,-0.35052048100638056
2473,6.522338299575706,-0.35055944686096363
2474,6.522028327969873,-0.3505941809254589
2475,6.5217546694421245,-0.35062468236214345
2476,6.521517335136984,-0.35065095043507744
2477,6.521316334722363,-0.3506729845101228
2478,6.521151676388645,-0.3506907840549573
2479,6.521023366847845,-0.35070434863908995
2480,6.520931411332988,-0.35071367793386987
2481,6.520875813597581,-0.3507187717124955
2482,6.520856575915241,-0.3507196298500198
2483,6.52087369907947,-0.3507162523233548
2484,6.520927182403598,-0.35070863921127027
2485,6.521017023720821,-0.350696790694394
2486,6.521143219384428,-0.3506807070552069
2487,6.521305764268156,-0.35066038867803573
2488,6.521504651766691,-0.3506358360490448
2489,6.521739873796314,-0.3506070497562238
2490,6.522011420795687,-0.350574030489374
2491,6.5223192817267845,-0.3505367790400916
2492,6.522663444075978,-0.3504952963017486
2493,6.523043893855263,-0.3504495832694706
2494,6.523460615603597,-0.3503996410401144
2495,6.523913592388449,-0.3503454708122394
2496,6.524402805807411,-0.35028707388608016
2497,6.524928235990027,-0.3502244516635139
2498,6.525489861599689,-0.35015760564802756
2499,6.526087659835775,-0.35008653744467894
2500,6.526721606435773,-0.35001124876006195
2501,6.5273916756777295,-0.3499317414022612
2502,6.528097840382701,-0.34984801728081
2503,6.528840071917398,-0.3497600784066439
2504,6.529618340196975,-0.34966792689205106
2505,6.53043261368793,-0.3495715649506215
2506,6.5312828594111565,-0.34947099489719374
2507,6.532169042945138,-0.3493662191477977
2508,6.53309112842928,-0.34925724021959587
2509,6.534049078567337,-0.34914406073082327
2510,6.53504285463103,-0.3490266834007233
2511,6.536072416463789,-0.3489051110494802
2512,6.5371377224845775,-0.3487793465981522
2513,6.538238729691886,-0.34864939306860065
2514,6.539375393667885,-0.3485152535834148
2515,6.540547668582643,-0.34837693136583714
2516,6.541755507198519,-0.3482344297396847
2517,6.54299886087468,-0.34808775212926774
2518,6.544277679571716,-0.34793690205930705
2519,6.545591911856406,-0.34778188315484787
2520,6.546941504906611,-0.34762269914117144
2521,6.548326404516266,-0.34745935384370485
2522,6.549746555100513,-0.3472918511879279
2523,6.551201899700965,-0.3471201951992768
2524,6.552692379991064,-0.34694439000304694
2525,6.554217936281577,-0.3467644398242919
2526,6.555778507526193,-0.3465803489877211
2527,6.557374031327247,-0.3463921219175945
2528,6.559004443941565,-0.3461997631376146
2529,6.560669680286415,-0.3460032772708159
2530,6.562369673945543,-0.34580266903945406
2531,6.564104357175398,-0.345597943264888
2532,6.565873660911364,-0.34538910486746566
2533,6.567677514774177,-0.3451761588664018
2534,6.569515847076425,-0.3449591103796568
2535,6.57138858482913,-0.3447379646238126
2536,6.573295653748462,-0.3445127269139448
2537,6.5752369782625655,-0.344283402663493
2538,6.577212481518454,-0.34404999738412967
2539,6.579222085389008,-0.3438125166856259
2540,6.581265710480099,-0.34357096627571443
2541,6.583343276137787,-0.3433253519599508
2542,6.585454700455608,-0.34307567964157204
2543,6.587599900281983,-0.34282195532135257
2544,6.589778791227673,-0.3425641850974588
2545,6.59199128767337,-0.34230237516530004
2546,6.594237302777358,-0.34203653181737753
2547,6.596516748483242,-0.34176666144313184
2548,6.598829535527789,-0.3414927705287867
2549,6.601175573448854,-0.34121486565719095
2550,6.603554770593351,-0.34093295350765923
2551,6.6059670341253565,-0.34064704085580777
2552,6.608412270034243,-0.3403571345733909
2553,6.6108903831429195,-0.34006324162813273
2554,6.613401277116146,-0.3397653690835578
2555,6.6159448544688955,-0.3394635240988193
2556,6.618521016574838,-0.33915771392852373
2557,6.621129663674812,-0.3388479459225563
2558,6.623770694885464,-0.3385342275258998
2559,6.626444008207877,-0.33821656627845437
2560,6.629149500536302,-0.3378949698148541
2561,6.631887067666951,-0.33756944586428034
2562,6.634656604306829,-0.3372400022502741
2563,6.637458004082645,-0.3369066468905454
2564,6.640291159549786,-0.3365693877967804
2565,6.643155962201314,-0.3362282330744472
2566,6.646052302477084,-0.33588319092259655
2567,6.648980069772817,-0.33553426963366445
2568,6.651939152449341,-0.33518147759326844
2569,6.65492943784176,-0.33482482328000496
2570,6.657950812268791,-0.33446431526524145
2571,6.66100316104203,-0.3340999622129091
2572,6.664086368475354,-0.33373177287929146
2573,6.667200317894337,-0.3333597561128102
2574,6.67034489164566,-0.332983920853812
2575,6.673519971106661,-0.3326042761343483
2576,6.676725436694815,-0.33222083107795736
2577,6.679961167877316,-0.3318335948994414
2578,6.683227043180682,-0.3314425769046426
2579,6.686522940200361,-0.3310477864902167
2580,6.689848735610426,-0.3306492331434037
2581,6.693204305173252,-0.3302469264417972
2582,6.696589523749214,-0.32984087605311224
2583,6.700004265306472,-0.32943109173494833
2584,6.7034484029307055,-0.32901758333455344
2585,6.7069218088349185,-0.3286003607885841
2586,6.710424354369257,-0.32817943412286266
2587,6.713955910030827,-0.32775481345213475
2588,6.71751634547357,-0.3273265089798217
2589,6.721105529518091,-0.3268945309977738
2590,6.724723330161576,-0.32645888988601873
2591,6.728369614587677,-0.32601959611250914
2592,6.732044249176388,-0.32557666023286913
2593,6.735747099514021,-0.3251300928901353
2594,6.739478030403055,-0.32467990481450076
2595,6.743236905872147,-0.32422610682305114
2596,6.74702358918601,-0.3237687098195031
2597,6.7508379428553775,-0.32330772479393916
2598,6.754679828646954,-0.32284316282253955
2599,6.758549107593335,-0.3223750350673141
2600,6.762445640002975,-0.32190335277582927
2601,6.766369285470129,-0.32142812728093556
2602,6.770319902884788,-0.32094937000049173
2603,6.774297350442602,-0.320467092437087
2604,6.778301485654839,-0.31998130617776127
2605,6.782332165358264,-0.31949202289372436
2606,6.786389245725114,-0.3189992543400701
2607,6.790472582272934,-0.318503012355493
2608,6.7945820298745225,-0.3180033088619986
2609,6.798717442767781,-0.31750015586461466
2610,6.8028786745656085,-0.31699356545109825
2611,6.807065578265713,-0.31648354979164334
2612,6.8112780062604905,-0.3159701211385837
2613,6.815515810346797,-0.31545329182609627
2614,6.819778841735782,-0.3149330742699003
2615,6.8240669510626635,-0.3144094809669559
2616,6.828379988396477,-0.31388252449516024
2617,6.832717803249799,-0.31335221751304265
2618,6.8370802445884795,-0.312818572759456
2619,6.841467160841316,-0.31228160305326813
2620,6.845878399909725,-0.31174132129304927
2621,6.850313809177379,-0.31119774045675885
2622,6.854773235519791,-0.3106508736014314
2623,6.859256525313912,-0.3101007338628583
2624,6.863763524447678,-0.30954733445526844
2625,6.86829407832953,-0.3089906886710076
2626,6.872848031897879,-0.3084308098802161
2627,6.877425229630575,-0.3078677115305034
2628,6.882025515554341,-0.3073014071466209
2629,6.886648733254123,-0.30673191033013486
2630,6.8912947258824495,-0.3061592347590957
2631,6.89596333616876,-0.30558339418770475
2632,6.900654406428661,-0.30500440244598137
2633,6.9053677785731615,-0.30442227343942735
2634,6.910103294117883,-0.3038370211486881
2635,6.9148607941922045,-0.3032486596292141
2636,6.919640119548381,-0.30265720301091953
2637,6.9244411105706165,-0.3020626654978391
2638,6.929263607284098,-0.30146506136778345
2639,6.934107449363991,-0.3008644049719922
2640,6.938972476144363,-0.30026071073478605
2641,6.943858526627099,-0.29965399315321695
2642,6.948765439490754,-0.29904426679671553
2643,6.9536930530993635,-0.2984315463067378
2644,6.958641205511203,-0.29781584639641034
2645,6.963609734487502,-0.2971971818501725
2646,6.968598477501109,-0.2965755675234187
2647,6.973607271745124,-0.29595101834213655
2648,6.978635954141448,-0.29532354930254656
2649,6.983684361349315,-0.2946931754707369
2650,6.988752329773762,-0.2940599119822986
2651,6.993839695574039,-0.2934237740419585
2652,6.998946294671987,-0.29278477692321014
2653,7.004071962760336,-0.2921429359679442
2654,7.009216535311008,-0.29149826658607464
2655,7.014379847583274,-0.2908507842551674
2656,7.0195617346319645,-0.2902005045200628
2657,7.024762031315545,-0.28954744299250007
2658,7.0299805723041535,-0.2888916153507393
2659,7.035217192087629,-0.28823303733918
2660,7.040471724983438,-0.28757172476797993
2661,7.045744005144563,-0.2869076935126721
2662,7.051033866567335,-0.2862409595137796
2663,7.0563411430991785,-0.2855715387764309
2664,7.061665668446386,-0.284899447369969
2665,7.067007276181742,-0.2842247014275647
2666,7.072365799752133,-0.2835473171458242
2667,7.077741072486107,-0.2828673107843974
2668,7.083132927601364,-0.28218469866558354
2669,7.08854119821217,-0.28149949717393613
2670,7.093965717336759,-0.280811722755866
2671,7.099406317904644,-0.2801213919192424
2672,7.104862832763875,-0.27942852123299383
2673,7.110335094688229,-0.27873312732670696
2674,7.115822936384385,-0.2780352268902227
2675,7.121326190498981,-0.27733483667323305
2676,7.1268446896256465,-0.27663197348487584
2677,7.132378266311977,-0.27592665419332685
2678,7.137926753066431,-0.2752188957253921
2679,7.143489982365198,-0.2745087150660974
2680,7.149067786658978,-0.27379612925827784
2681,7.1546599983797075,-0.27308115540216493
2682,7.160266449947239,-0.2723638106549732
2683,7.165886973775948,-0.2716441122304843
2684,7.171521402281288,-0.27092207739863094
2685,7.177169567886293,-0.2701977234850788
2686,7.182831303027996,-0.2694710678708075
2687,7.188506440163811,-0.2687421279916898
2688,7.194194811777852,-0.26801092133807014
2689,7.199896250387179,-0.26727746545434156
2690,7.2056105885480095,-0.2665417779385208
2691,7.21133765886184,-0.26580387644182324
2692,7.217077293981535,-0.26506377866823566
2693,7.22282932661734,-0.2643215023740886
2694,7.228593589542842,-0.2635770653676264
2695,7.2343699156008645,-0.2628304855085769
2696,7.240158137709316,-0.2620817807077203
2697,7.245958088866985,-0.26133096892645447
2698,7.251769602159225,-0.2605780681763627
2699,7.257592510763655,-0.2598230965187774
2700,7.263426647955752,-0.25906607206434357
2701,7.269271847114408,-0.2583070129725809
2702,7.275127941727401,-0.2575459374514461
2703,7.280994765396851,-0.25678286375689124
2704,7.286872151844584,-0.2560178101924234
2705,7.292759934917424,-0.25525079510866405
2706,7.298657948592485,-0.25448183690290316
2707,7.3045660269823705,-0.25371095401865584
2708,7.310484004340291,-0.2529381649452176
2709,7.316411715065171,-0.25216348821721724
2710,7.32234899370667,-0.25138694241416887
2711,7.328295674970168,-0.2506085461600237
2712,7.334251593721674,-0.24982831812272033
2713,7.340216584992675,-0.2490462770137342
2714,7.346190483984956,-0.24826244158762575
2715,7.352173126075357,-0.24747683064158724
2716,7.3581643468204465,-0.24668946301498976
2717,7.364163981961172,-0.2459003575889281
2718,7.370171867427437,-0.24510953328576549
2719,7.376187839342638,-0.24431700906867626
2720,7.382211734028136,-0.24352280394118916
2721,7.388243388007671,-0.2427269369467284
2722,7.39428263801174,-0.24192942716815405
2723,7.400329320981908,-0.2411302937273018
2724,7.406383274075057,-0.24032955578452211
2725,7.41244433466759,-0.2395272325382185
2726,7.418512340359624,-0.23872334322438246
2727,7.4245871289790335,-0.23791790711613248
2728,7.430668538585545,-0.23711094352324716
2729,7.4367564074747134,-0.23630247179170083
2730,7.442850574181887,-0.2354925113031959
2731,7.448950877486082,-0.2346810814746973
2732,7.455057156413843,-0.23386820175796302
2733,7.461169250243027,-0.23305389163907622
2734,7.467286998506552,-0.23223817063797533
2735,7.473410240996099,-0.23142105830798318
2736,7.479538817765743,-0.23060257423533675
2737,7.485672569135545,-0.22978273803871507
2738,7.491811335695125,-0.22896156936876577
2739,7.497954958307146,-0.2281390879076323
2740,7.5041032781107395,-0.22731531336848065
2741,7.510256136524958,-0.22649026549502296
2742,7.516413375252084,-0.22566396406104322
2743,7.522574836280973,-0.22483642886992067
2744,7.528740361890294,-0.2240076797541527
2745,7.534909794651745,-0.22317773657487847
2746,7.54108297743323,-0.2223466192213996
2747,7.547259753401976,-0.22151434761070196
2748,7.553439966027624,-0.2206809416869758
2749,7.559623459085243,-0.21984642142113672
2750,7.565810076658334,-0.219010806810344
2751,7.571999663141756,-0.21817411787752033
2752,7.578192063244659,-0.2173363746708691
2753,7.5843871219933074,-0.21649759726339263
2754,7.590584684733906,-0.21565780575240978
2755,7.596784597135382,-0.21481702025907115
2756,7.602986705192087,-0.21397526092787722
2757,7.6091908552265135,-0.21313254792619168
2758,7.615396893891934,-0.21228890144375723
2759,7.621604668174981,-0.2114443416922112
2760,7.62781402539824,-0.21059888890459796
2761,7.634024813222756,-0.20975256333488365
2762,7.640236879650512,-0.20890538525746896
2763,7.64645007302689,-0.20805737496670149
2764,7.652664242043053,-0.2072085527763884
2765,7.658879235738317,-0.20635893901930857
2766,7.665094903502488,-0.2055085540467228
2767,7.6713110950781225,-0.20465741822788636
2768,7.677527660562804,-0.20380555194955852
2769,7.683744450411346,-0.20295297561551273
2770,7.68996131543795,-0.20209970964604781
2771,7.696178106818356,-0.20124577447749636
2772,7.702394676091952,-0.2003911905617339
2773,7.708610875163826,-0.19953597836568837
2774,7.714826556306791,-0.19868015837084854
2775,7.721041572163392,-0.19782375107277206
2776,7.727255775747868,-0.19696677698059287
2777,7.73346902044805,-0.19610925661653056
2778,7.73968116002727,-0.19525121051539623
2779,7.74589204862622,-0.19439265922410026
2780,7.752101540764761,-0.1935336233011594
2781,7.758309491343717,-0.19267412331620298
2782,7.764515755646647,-0.19181417984947943
2783,7.770720189341516,-0.19095381349136406
2784,7.776922648482465,-0.19009304484186204
2785,7.7831229895114085,-0.18923189451011732
2786,7.78932106925968,-0.18837038311391657
2787,7.795516744949641,-0.1875085312791955
2788,7.80170987419623,-0.18664635963954407
2789,7.8079003150085144,-0.18578388883571123
2790,7.814087925791171,-0.1849211395151116
2791,7.820272565345987,-0.18405813233132867
2792,7.826454092873304,-0.18319488794362068
2793,7.832632367973415,-0.18233142701642574
2794,7.838807250647974,-0.1814677702188656
2795,7.844978601301344,-0.18060393822425158
2796,7.8511462807419425,-0.1797399517095881
2797,7.857310150183531,-0.17887583135507792
2798,7.863470071246499,-0.17801159784362683
2799,7.8696259059591105,-0.1771472718603478
2800,7.875777516758736,-0.17628287409206575
2801,7.881924766493041,-0.17541842522682213
2802,7.888067518421162,-0.17455394595337934
2803,7.894205636214847,-0.17368945696072569
2804,7.900338983959581,-0.17282497893757964
2805,7.906467426155669,-0.1719605325718951
2806,7.912590827719318,-0.17109613855036568
2807,7.918709053983686,-0.17023181755792935
2808,7.924821970699879,-0.1693675902772745
2809,7.93092944403799,-0.16850347738834315
2810,7.937031340588015,-0.1676394995678386
2811,7.943127527360855,-0.16677567748872857
2812,7.949217871789231,-0.16591203181975106
2813,7.9553022417285595,-0.16504858322492114
2814,7.961380505457871,-0.1641853523630355
2815,7.967452531680655,-0.16332235988717855
2816,7.973518189525707,-0.16245962644422837
2817,7.979577348547927,-0.16159717267436388
2818,7.985629878729129,-0.16073501921057087
2819,7.991675650478826,-0.15987318667814776
2820,7.9977145346349605,-0.15901169569421414
2821,8.00374640246465,-0.15815056686721743
2822,8.009771125664916,-0.15728982079643933
2823,8.01578857636336,-0.15642947807150448
2824,8.02179862711882,-0.15556955927188948
2825,8.02780115092209,-0.15471008496642835
2826,8.033796021196487,-0.15385107571282375
2827,8.0397831117985,-0.15299255205715503
2828,8.04576229701838,-0.15213453453338763
2829,8.051733451580759,-0.15127704366288103
2830,8.057696450645157,-0.15042009995390118
2831,8.063651169806548,-0.14956372390112987
2832,8.069597485095908,-0.14870793598517446
2833,8.075535272980725,-0.14785275667207917
2834,8.081464410365449,-0.14699820641283814
2835,8.087384774592023,-0.14614430564290534
2836,8.09329624344031,-0.14529107478170789
2837,8.099198695128567,-0.144438534232158
2838,8.105092008313846,-0.1435867043801666
2839,8.110976062092428,-0.14273560559415704
2840,8.116850736000217,-0.1418852582245785
2841,8.12271591001311,-0.14103568260342123
2842,8.128571464547377,-0.1401868990437314
2843,8.134417280460022,-0.1393389278391261
2844,8.140253239049118,-0.13849178926330943
2845,8.146079222054102,-0.13764550356959035
2846,8.15189511165614,-0.1368000909903975
2847,8.157700790478385,-0.1359555717367984
2848,8.163496141586256,-0.13511196599801834
2849,8.169281048487745,-0.13426929394095644
2850,8.175055395133645,-0.13342757570970745
2851,8.180819065917802,-0.13258683142508026
2852,8.18657194567734,-0.1317470811841195
2853,8.192313919692902,-0.13090834505962526
2854,8.198044873688819,-0.13007064309967642
2855,8.203764693833334,-0.12923399532715213
2856,8.20947326673879,-0.12839842173925423
2857,8.215170479461765,-0.12756394230703277
2858,8.220856219503272,-0.1267305769749084
2859,8.226530374808892,-0.12589834566019809
2860,8.232192833768883,-0.1250672682526423
2861,8.237843485218361,-0.12423736461392866
2862,8.243482218437368,-0.12340865457722143
2863,8.249108923150995,-0.12258115794668852
2864,8.254723489529496,-0.12175489449702918
2865,8.26032580818833,-0.12092988397300546
2866,8.265915770188268,-0.12010614608897036
2867,8.271493267035456,-0.11928370052839928
2868,8.27705819068145,-0.11846256694342246
2869,8.282610433523281,-0.11764276495435617
2870,8.288149888403488,-0.11682431414923673
2871,8.293676448610134,-0.11600723408335466
2872,8.299190007876836,-0.11519154427878892
2873,8.304690460382774,-0.11437726422394319
2874,8.310177700752682,-0.1135644133730822
2875,8.315651624056857,-0.1127530111458691
2876,8.321112125811124,-0.11194307692690382
2877,8.326559101976823,-0.11113463006526267
2878,8.331992448960788,-0.11032768987403695
2879,8.337412063615284,-0.10952227562987574
2880,8.342817843237977,-0.10871840657252645
2881,8.348209685571884,-0.10791610190437748
2882,8.353587488805282,-0.10711538079000386
2883,8.35895115157168,-0.10631626235570864
2884,8.364300572949698,-0.10551876568907212
2885,8.369635652463042,-0.10472290983849475
2886,8.37495629008034,-0.1039287138127484
2887,8.380262386215103,-0.10313619658052194
2888,8.385553841725606,-0.10234537706997185
2889,8.390830557914787,-0.10155627416827255
2890,8.396092436530106,-0.1007689067211684
2891,8.401339379763435,-0.09998329353252593
2892,8.406571290250955,-0.09919945336388718
2893,8.411788071072992,-0.09841740493402426
2894,8.416989625753896,-0.09763716691849564
2895,8.422175858261877,-0.09685875794920266
2896,8.427346673008893,-0.09608219661394674
2897,8.432501974850442,-0.09530750145598962
2898,8.437641669085457,-0.09453469097361152
2899,8.442765661456088,-0.09376378361967481
2900,8.447873858147581,-0.09299479780118339
2901,8.452966165788071,-0.09222775187884802
2902,8.458042491448417,-0.09146266416664994
2903,8.463102742641995,-0.09069955293140763
2904,8.468146827324551,-0.08993843639234189
2905,8.473174653893972,-0.08917933272064513
2906,8.478186131190109,-0.08842226003904975
2907,8.483181168494571,-0.08766723642139873
2908,8.488159675530495,-0.08691427989221845
2909,8.493121562462386,-0.08616340842628883
2910,8.498066739895858,-0.08541463994821973
2911,8.502995118877442,-0.08466799233202496
2912,8.507906610894358,-0.08392348340069862
2913,8.512801127874303,-0.08318113092579306
2914,8.51767858218521,-0.0824409526269977
2915,8.522538886635004,-0.08170296617172022
2916,8.527381954471414,-0.08096718917466593
2917,8.532207699381695,-0.08023363919742224
2918,8.537016035492401,-0.07950233374804218
2919,8.541806877369138,-0.07877329028063014
2920,8.546580140016337,-0.07804652619492762
2921,8.551335738876983,-0.07732205883590196
2922,8.556073589832375,-0.07659990549333548
2923,8.560793609201871,-0.07588008340141626
2924,8.565495713742624,-0.0751626097383304
2925,8.570179820649349,-0.07444750162585426
2926,8.574845847554029,-0.07373477612895074
2927,8.579493712525682,-0.07302445025536373
2928,8.584123334070076,-0.07231654095521726
2929,8.588734631129471,-0.07161106512061348
2930,8.593327523082333,-0.07090803958523374
2931,8.597901929743099,-0.07020748112393903
2932,8.602457771361866,-0.06950940645237438
2933,8.606994968624143,-0.06881383222657296
2934,8.611513442650558,-0.0681207750425619
2935,8.61601311499658,-0.0674302514359711
2936,8.620493907652275,-0.06674227788163907
2937,8.624955743041976,-0.06605687079322668
2938,8.62939854402402,-0.06537404652282805
2939,8.633822233890465,-0.06469382136058364
2940,8.638226736366816,-0.06401621153429456
2941,8.642611975611723,-0.06334123320903996
2942,8.646977876216706,-0.06266890248679455
2943,8.65132436320585,-0.06199923540604809
2944,8.655651362035542,-0.061332247941426
2945,8.65995879859416,-0.06066795600331234
2946,8.66424659920178,-0.06000637543747375
2947,8.668514690609896,-0.0593475220246853
2948,8.672763000001137,-0.058691411480356545
2949,8.67699145498894,-0.05803805945416187
2950,8.681199983617296,-0.057387481529669285
2951,8.685388514360417,-0.05673969322397399
2952,8.689556976122471,-0.05609470998733052
2953,8.693705298237271,-0.05545254720278847
2954,8.697833410468,-0.05481322018582847
2955,8.701941243006877,-0.05417674418400217
2956,8.706028726474885,-0.0535431343765713
2957,8.710095791921495,-0.05291240587414802
2958,8.714142370824321,-0.05228457371834062
2959,8.718168395088854,-0.05165965288139723
2960,8.722173797048166,-0.051037658265851986
2961,8.726158509462598,-0.05041860470417443
2962,8.730122465519473,-0.04980250695841865
2963,8.734065598832796,-0.04918937971987492
2964,8.737987843442957,-0.04857923760872377
2965,8.741889133816432,-0.04797209517369025
2966,8.745769404845486,-0.04736796689170154
2967,8.749628591847891,-0.046766867167544024
2968,8.753466630566596,-0.04616881033352558
2969,8.75728345716947,-0.04557381064913546
2970,8.76107900824899,-0.04498188230070896
2971,8.764853220821937,-0.04439303940109278
2972,8.768606032329108,-0.04380729598931278
2973,8.772337380635024,-0.04322466603024188
2974,8.776047204027646,-0.042645163414271055
2975,8.779735441218058,-0.042068801956982475
2976,8.78340203134019,-0.04149559539882342
2977,8.787046913950523,-0.040925557404782625
2978,8.790670029027797,-0.04035870156406755
2979,8.79427131697273,-0.03979504138978462
2980,8.7978507186077,-0.03923459031862085
2981,8.801408175176505,-0.038677361710526166
2982,8.804943628344018,-0.038123368848400445
2983,8.808457020195934,-0.03757262493777915
2984,8.811948293238492,-0.037025143106521954
2985,8.815417390398146,-0.0364809364045051
2986,8.818864255021326,-0.03594001780331201
2987,8.822288830874136,-0.03540240019592884
2988,8.825691062142061,-0.03486809639644112
2989,8.829070893429702,-0.03433711913973098
2990,8.832428269760495,-0.03380948108117731
2991,8.835763136576407,-0.03328519479635917
2992,8.839075439737705,-0.03276427278075704
2993,8.842365125522614,-0.03224672744946196
2994,8.845632140627098,-0.03173257113688039
2995,8.84887643216456,-0.031221816096444865
2996,8.852097947665573,-0.03071447450032591
2997,8.855296635077602,-0.030210558439144723
2998,8.858472442764741,-0.029710079921689288
2999,8.86162531950744,-0.029213050874631098
