turn,time_sigma_ns,Q1
0,9.726915925863867,-0.0034814986789627016
1,9.726924258984015,-0.0034807059490812703
2,9.726933045802324,-0.0034798671538122257
3,9.726942286230605,-0.0034789823022571744
4,9.726951980176471,-0.0034780514039350926
5,9.726962127543356,-0.003477074468781948
6,9.726972728230477,-0.0034760515071516544
7,9.72698378213288,-0.0034749825298143674
8,9.726995289141408,-0.0034738675479575763
9,9.727007249142728,-0.003472706573185218
10,9.727019662019307,-0.0034714996175179494
11,9.727032527649447,-0.0034702466933919708
12,9.727045845907242,-0.0034689478136608657
13,9.727059616662608,-0.0034676029915940206
14,9.727073839781301,-0.0034662122408756126
15,9.727088515124874,-0.003464775575606488
16,9.727103642550707,-0.0034632930103030164
17,9.727119221912009,-0.00346176455989648
18,9.72713525305781,-0.0034601902397332304
19,9.727151735832965,-0.0034585700655750877
20,9.727168670078171,-0.003456904053597579
21,9.727186055629941,-0.003455192220391823
22,9.72720389232062,-0.003453434582962791
23,9.727222179978401,-0.0034516311587294035
24,9.727240918427302,-0.003449781965524604
25,9.72726010748718,-0.0034478870215952796
26,9.727279746973739,-0.0034459463456013736
27,9.727299836698519,-0.003443959956616264
28,9.72732037646891,-0.0034419278741261096
29,9.727341366088138,-0.003439850118030472
30,9.727362805355284,-0.0034377267086411335
31,9.727384694065275,-0.0034355576666821705
32,9.72740703200891,-0.003433343013289252
33,9.727429818972832,-0.0034310827700101383
34,9.72745305473952,-0.0034287769588051097
35,9.727476739087336,-0.0034264256020450235
36,9.727500871790507,-0.003424028722511386
37,9.727525452619115,-0.0034215863433972402
38,9.72755048133911,-0.0034190984883060702
39,9.727575957712315,-0.0034165651812512166
40,9.727601881496428,-0.0034139864466563507
41,9.727628252445012,-0.0034113623093551125
42,9.727655070307518,-0.00340869279459026
43,9.72768233482927,-0.003405977928014009
44,9.727710045751476,-0.0034032177356876077
45,9.727738202811226,-0.003400412244080687
46,9.727766805741517,-0.0033975614800707903
47,9.727795854271218,-0.0033946654709442314
48,9.727825348125092,-0.0033917242443951452
49,9.727855287023813,-0.0033887378285244805
50,9.72788567068394,-0.003385706251840689
51,9.727916498817944,-0.003382629543259263
52,9.727947771134197,-0.0033795077321019354
53,9.727979487336984,-0.003376340848096659
54,9.728011647126506,-0.003373128921377129
55,9.728044250198861,-0.0033698719824835593
56,9.72807729624608,-0.003366570062360325
57,9.72811078495612,-0.003363223192357097
58,9.728144716012856,-0.003359831404227958
59,9.72817908909609,-0.0033563947301316695
60,9.728213903881555,-0.0033529132026306066
61,9.728249160040923,-0.003349386854690836
62,9.728284857241796,-0.0033458157196817355
63,9.728320995147724,-0.003342199831375696
64,9.728357573418204,-0.003338539223947011
65,9.728394591708671,-0.003334833931973054
66,9.728432049670525,-0.0033310839904322
67,9.728469946951122,-0.0033272894347044397
68,9.728508283193763,-0.0033234503005713564
69,9.728547058037714,-0.0033195666242153473
70,9.728586271118223,-0.0033156384422181944
71,9.728625922066502,-0.003311665791562158
72,9.728666010509725,-0.0033076487096294926
73,9.72870653607106,-0.0033035872342011842
74,9.72874749836965,-0.0032994814034570667
75,9.728788897020616,-0.0032953312559758133
76,9.728830731635082,-0.003291136830733861
77,9.728873001820158,-0.003286898167105169
78,9.728915707178952,-0.0032826153048611867
79,9.728958847310581,-0.0032782882841698546
80,9.72900242181016,-0.0032739171455958825
81,9.729046430268811,-0.003269501930099967
82,9.729090872273675,-0.0032650426790385586
83,9.729135747407922,-0.0032605394341625113
84,9.729181055250715,-0.0032559922376187364
85,9.729226795377272,-0.0032514011319476053
86,9.72927296735882,-0.0032467661600840236
87,9.729319570762643,-0.0032420873653555803
88,9.729366605152052,-0.0032373647914834434
89,9.7294140700864,-0.003232598482581613
90,9.729461965121098,-0.0032277884831555296
91,9.729510289807598,-0.0032229348381034514
92,9.729559043693422,-0.0032180375927138437
93,9.72960822632214,-0.0032130967926670443
94,9.729657837233397,-0.0032081124840331854
95,9.729707875962918,-0.003203084713271953
96,9.729758342042485,-0.003198013527233485
97,9.729809234999966,-0.003192898973156661
98,9.72986055435933,-0.0031877410986680763
99,9.729912299640612,-0.003182539951783766
100,9.729964470359953,-0.0031772955809066367
101,9.730017066029594,-0.003172008034826726
102,9.730070086157893,-0.0031666773627203543
103,9.730123530249294,-0.003161303614150947
104,9.730177397804367,-0.0031558868390671184
105,9.730231688319805,-0.003150427087802361
106,9.73028640128842,-0.0031449244110755346
107,9.73034153619915,-0.0031393788599896025
108,9.730397092537071,-0.0031337904860309876
109,9.730453069783406,-0.003128159341069219
110,9.730509467415512,-0.0031224854773570627
111,9.730566284906905,-0.0031167689475287237
112,9.730623521727246,-0.003111009804601033
113,9.730681177342362,-0.0031052081019714416
114,9.730739251214255,-0.0030993638934178895
115,9.730797742801075,-0.0030934772330991726
116,9.730856651557174,-0.0030875481755529644
117,9.730915976933067,-0.003081576775696431
118,9.730975718375474,-0.0030755630888250705
119,9.731035875327285,-0.003069507170612972
120,9.7310964472276,-0.003063409077111348
121,9.731157433511738,-0.0030572688647478308
122,9.731218833611203,-0.003051086590327355
123,9.731280646953726,-0.003044862311030313
124,9.731342872963248,-0.003038596084412935
125,9.731405511059966,-0.0030322879684047356
126,9.731468560660277,-0.0030259380213111175
127,9.731532021176823,-0.0030195463018105693
128,9.731595892018499,-0.0030131128689545785
129,9.731660172590441,-0.0030066377821671105
130,9.731724862294056,-0.0030001211012438177
131,9.731789960526987,-0.0029935628863526327
132,9.731855466683164,-0.0029869631980315972
133,9.731921380152777,-0.0029803220971896275
134,9.7319877003223,-0.0029736396451046877
135,9.732054426574503,-0.0029669159034237426
136,9.732121558288439,-0.0029601509341624856
137,9.732189094839445,-0.002953344799705174
138,9.732257035599181,-0.002946497562802475
139,9.732325379935606,-0.0029396092865722765
140,9.732394127212999,-0.0029326800344983512
141,9.732463276791961,-0.0029257098704300183
142,9.732532828029417,-0.0029186988585818583
143,9.732602780278636,-0.0029116470635321516
144,9.732673132889214,-0.0029045545502235795
145,9.732743885207107,-0.0028974213839614384
146,9.732815036574618,-0.0028902476304136825
147,9.73288658633041,-0.002883033355610171
148,9.732958533809514,-0.002875778625942092
149,9.733030878343326,-0.0028684835081612486
150,9.73310361925964,-0.0028611480693790867
151,9.733176755882631,-0.0028537723770662993
152,9.733250287532845,-0.002846356499053322
153,9.73332421352725,-0.0028389005035277704
154,9.733398533179217,-0.0028314044590349355
155,9.73347324579852,-0.0028238684344771814
156,9.733548350691361,-0.0028162924991124
157,9.733623847160365,-0.0028086767225548245
158,9.733699734504585,-0.002801021174773323
159,9.733776012019526,-0.002793325926090358
160,9.73385267899713,-0.0027855910471826463
161,9.733929734725793,-0.002777816609079697
162,9.734007178490371,-0.002770002683163254
163,9.734085009572187,-0.0027621493411664607
164,9.734163227249045,-0.0027542566551734767
165,9.734241830795227,-0.0027463246976185893
166,9.734320819481502,-0.0027383535412857066
167,9.734400192575126,-0.0027303432593079324
168,9.734479949339873,-0.0027222939251662246
169,9.734560089036014,-0.0027142056126891086
170,9.734640610920344,-0.0027060783960521475
171,9.734721514246184,-0.0026979123497766857
172,9.734802798263377,-0.0026897075487298697
173,9.734884462218306,-0.0026814640681239055
174,9.734966505353905,-0.0026731819835144476
175,9.735048926909663,-0.002664861370800555
176,9.73513172612162,-0.0026565023062244935
177,9.735214902222392,-0.002648104866370237
178,9.735298454441168,-0.00263966912816263
179,9.735382382003712,-0.002631195168867946
180,9.735466684132389,-0.0026226830660915986
181,9.735551360046154,-0.0026141328977783897
182,9.735636408960568,-0.0026055447422116255
183,9.735721830087813,-0.0025969186780119154
184,9.735807622636678,-0.0025882547841373006
185,9.735893785812587,-0.0025795531398818453
186,9.735980318817607,-0.002570813824874823
187,9.736067220850432,-0.002562036919080955
188,9.736154491106415,-0.0025532225027985233
189,9.736242128777567,-0.002544370656659425
190,9.736330133052572,-0.0025354814616276003
191,9.736418503116775,-0.0025265549989995258
192,9.736507238152209,-0.002517591350402499
193,9.7365963373376,-0.0025085905977938446
194,9.73668579984837,-0.002499552823460657
195,9.736775624856644,-0.0024904781100191357
196,9.736865811531265,-0.0024813665404131375
197,9.736956359037794,-0.00247221819791404
198,9.737047266538514,-0.002463033166120231
199,9.737138533192464,-0.002453811528954965
200,9.737230158155413,-0.002444553370667186
201,9.737322140579886,-0.0024352587758300773
202,9.73741447961518,-0.002425927829339844
203,9.73750717440735,-0.002416560616416102
204,9.737600224099234,-0.0024071572225997126
205,9.73769362783046,-0.0023977177337530394
206,9.737787384737437,-0.00238824223605911
207,9.737881493953397,-0.002378730816019918
208,9.737975954608368,-0.00236918356045665
209,9.738070765829193,-0.0023596005565089976
210,9.738165926739564,-0.0023499818916325344
211,9.73826143645999,-0.002340327653600637
212,9.738357294107837,-0.0023306379305011505
213,9.738453498797313,-0.002320912810737874
214,9.73855004963949,-0.002311152383027984
215,9.738646945742312,-0.0023013567364022426
216,9.7387441862106,-0.002291525960203609
217,9.738841770146063,-0.0022816601440866294
218,9.738939696647307,-0.0022717593780165785
219,9.739037964809842,-0.0022618237522688835
220,9.739136573726089,-0.002251853357428141
221,9.739235522485389,-0.0022418482843870385
222,9.739334810174014,-0.0022318086243463754
223,9.73943443587517,-0.00222173446881327
224,9.739534398669017,-0.0022116259096006674
225,9.739634697632674,-0.0022014830388265515
226,9.739735331840212,-0.0021913059489134324
227,9.739836300362688,-0.0021810947325868702
228,9.739937602268133,-0.002170849482875183
229,9.740039236621566,-0.0021605702931087214
230,9.740141202485022,-0.0021502572569178707
231,9.740243498917533,-0.0021399104682336798
232,9.740346124975156,-0.0021295300212858105
233,9.740449079710968,-0.0021191160106028297
234,9.740552362175077,-0.002108668531011113
235,9.740655971414649,-0.002098187677632677
236,9.740759906473897,-0.002087673545885851
237,9.740864166394099,-0.002077126231483875
238,9.7409687502136,-0.0020665458304340084
239,9.741073656967837,-0.0020559324390366286
240,9.741178885689324,-0.0020452861538845443
241,9.741284435407687,-0.0020346070718618124
242,9.741390305149652,-0.0020238952901432262
243,9.741496493939058,-0.0020131509061937854
244,9.741603000796891,-0.0020023740177662337
245,9.741709824741246,-0.001991564722902657
246,9.741816964787384,-0.0019807231199310744
247,9.741924419947718,-0.0019698493074660865
248,9.742032189231821,-0.001958943384407665
249,9.742140271646438,-0.0019480054499403827
250,9.7422486661955,-0.0019370356035321528
251,9.742357371880127,-0.0019260339449337902
252,9.742466387698649,-0.0019150005741774556
253,9.742575712646593,-0.0019039355915767256
254,9.742685345716723,-0.0018928390977246412
255,9.742795285899023,-0.0018817111934934865
256,9.742905532180712,-0.0018705519800342322
257,9.743016083546271,-0.0018593615587743887
258,9.743126938977431,-0.001848140031418292
259,9.743238097453192,-0.0018368874999456662
260,9.743349557949838,-0.0018256040666105597
261,9.743461319440927,-0.001814289833941227
262,9.743573380897333,-0.001802944904737759
263,9.743685741287216,-0.0017915693820732327
264,9.743798399576075,-0.0017801633692901878
265,9.743911354726716,-0.0017687269700025474
266,9.744024605699293,-0.0017572602880922747
267,9.744138151451295,-0.0017457634277102095
268,9.744251990937572,-0.0017342364932741695
269,9.744366123110348,-0.0017226795894674971
270,9.74448054691921,-0.001711092821239943
271,9.744595261311137,-0.0016994762938049135
272,9.744710265230497,-0.0016878301126398512
273,9.74482555761907,-0.001676154383484182
274,9.744941137416044,-0.001664449212339445
275,9.745057003558037,-0.0016527147054673857
276,9.745173154979094,-0.0016409509693900482
277,9.745289590610716,-0.0016291581108874317
278,9.745406309381844,-0.001617336236998332
279,9.745523310218895,-0.0016054854550176685
280,9.745640592045762,-0.0015936058724962503
281,9.745758153783813,-0.001581697597240364
282,9.74587599435192,-0.001569760737309742
283,9.745994112666454,-0.0015577954010176723
284,9.746112507641305,-0.0015458016969292785
285,9.746231178187886,-0.001533779733860706
286,9.746350123215144,-0.00152172962087851
287,9.746469341629576,-0.001509651467298318
288,9.746588832335231,-0.0014975453826839322
289,9.74670859423372,-0.0014854114768467887
290,9.746828626224243,-0.0014732498598439552
291,9.746948927203569,-0.0014610606419786412
292,9.747069496066088,-0.0014488439337972175
293,9.747190331703772,-0.001436599846090676
294,9.747311433006224,-0.0014243284898916755
295,9.747432798860672,-0.0014120299764746572
296,9.74755442815199,-0.0013997044173536615
297,9.747676319762682,-0.0013873519242831435
298,9.747798472572937,-0.0013749726092554002
299,9.747920885460585,-0.0013625665845007277
300,9.748043557301152,-0.001350133962485583
301,9.748166486967849,-0.0013376748559119239
302,9.748289673331596,-0.0013251893777158638
303,9.748413115261018,-0.0013126776410675664
304,9.74853681162246,-0.0013001397593692687
305,9.748660761280004,-0.0012875758462548806
306,9.748784963095472,-0.0012749860155886943
307,9.748909415928443,-0.0012623703814645516
308,9.749034118636255,-0.0012497290582049064
309,9.749159070074027,-0.0012370621603590142
310,9.74928426909466,-0.0012243698027034715
311,9.749409714548843,-0.0012116521002402006
312,9.74953540528509,-0.0011989091681947072
313,9.749661340149718,-0.001186141122016891
314,9.74978751798687,-0.0011733480773788187
315,9.749913937638539,-0.0011605301501735519
316,9.750040597944562,-0.001147687456514916
317,9.750167497742634,-0.0011348201127359236
318,9.750294635868329,-0.0011219282353877012
319,9.750422011155095,-0.0011090119412390934
320,9.750549622434274,-0.0010960713472749795
321,9.750677468535113,-0.0010831065706955567
322,9.75080554828477,-0.0010701177289152988
323,9.750933860508344,-0.00105710493956118
324,9.751062404028836,-0.001044068320473816
325,9.751191177667222,-0.00103100798970377
326,9.75132018024244,-0.0010179240655114608
327,9.751449410571379,-0.0010048166663670073
328,9.751578867468911,-0.0009916859109486015
329,9.751708549747915,-0.0009785319181403467
330,9.751838456219243,-0.000965354807033976
331,9.751968585691785,-0.0009521546969244996
332,9.752098936972434,-0.000938931707312027
333,9.752229508866144,-0.0009256859578980159
334,9.752360300175884,-0.0009124175685872693
335,9.752491309702696,-0.0008991266594840699
336,9.752622536245703,-0.000885813350892444
337,9.752753978602076,-0.0008724777633155982
338,9.752885635567102,-0.0008591200174535868
339,9.753017505934157,-0.000845740234203359
340,9.753149588494729,-0.0008323385346571021
341,9.753281882038438,-0.0008189150401010286
342,9.753414385353032,-0.0008054698720150286
343,9.753547097224404,-0.0007920031520710001
344,9.7536800164366,-0.0007785150021323407
345,9.753813141771845,-0.0007650055442518711
346,9.753946472010535,-0.0007514749006720149
347,9.754080005931257,-0.0007379231938228788
348,9.754213742310803,-0.0007243505463213484
349,9.754347679924171,-0.0007107570809703977
350,9.754481817544594,-0.0006971429207572762
351,9.754616153943543,-0.0006835081888526823
352,9.754750687890715,-0.0006698530086109159
353,9.754885418154085,-0.000656177503566762
354,9.755020343499886,-0.0006424817974359742
355,9.755155462692642,-0.0006287660141131926
356,9.755290774495151,-0.0006150302776719435
357,9.755426277668548,-0.0006012747123616034
358,9.755561970972247,-0.0005874994426091003
359,9.755697853164001,-0.0005737045930158432
360,9.755833922999912,-0.0005598902883566382
361,9.755970179234414,-0.0005460566535796051
362,9.756106620620319,-0.0005322038138040739
363,9.756243245908786,-0.0005183318943209498
364,9.75638005384938,-0.0005044410205898792
365,9.756517043190055,-0.0004905313182388579
366,9.756654212677166,-0.00047660291306354487
367,9.756791561055495,-0.00046265593102554325
368,9.756929087068238,-0.00044869049825218
369,9.757066789457046,-0.0004347067410342879
370,9.757204666962021,-0.0004207047858253194
371,9.757342718321722,-0.0004066847592413911
372,9.757480942273187,-0.0003926467880587472
373,9.757619337551947,-0.00037859099921310494
374,9.757757902892026,-0.0003645175197989021
375,9.757896637025942,-0.0003504264770688561
376,9.758035538684766,-0.00033631799843047576
377,9.758174606598079,-0.00032219221144724666
378,9.758313839494017,-0.000308049243836607
379,9.758453236099275,-0.00029388922346869036
380,9.758592795139107,-0.000279712278365761
381,9.758732515337348,-0.00026551853670095545
382,9.758872395416436,-0.0002513081267962553
383,9.759012434097391,-0.00023708117712343296
384,9.75915263009987,-0.00022283781630022724
385,9.759292982142147,-0.00020857817309105132
386,9.759433488941134,-0.00019430237640575784
387,9.759574149212394,-0.00018001055529795237
388,9.759714961670145,-0.00016570283896440082
389,9.759855925027288,-0.00015137935674311738
390,9.759997037995406,-0.00013704023811308605
391,9.760138299284776,-0.0001226856126925936
392,9.760279707604385,-0.0001083156102384379
393,9.760421261661957,-9.39303606437642e-05
394,9.760562960163911,-7.952999393963402e-05
395,9.760704801815441,-6.511464029048781e-05
396,9.760846785320483,-5.068442999541247e-05
397,9.760988909381746,-3.623949348577611e-05
398,9.761131172700717,-2.1779961324528864e-05
399,9.76127357397768,-7.305964204922333e-06
400,9.761416111911712,7.182367050273974e-06
401,9.761558785200709,2.1684901489951615e-05
402,9.761701592541389,3.620150803634487e-05
403,9.761844532629318,5.073205548576514e-05
404,9.761987604158902,6.527641250952634e-05
405,9.762130805823414,7.983444765563003e-05
406,9.762274136315003,9.440602934977953e-05
407,9.762417594324713,0.00010899102589670786
408,9.762561178542468,0.00012358930548015827
409,9.762704887657103,0.00013820073616517946
410,9.76284872035639,0.00015282518589919753
411,9.762992675327016,0.00016746252251277873
412,9.763136751254637,0.00018211261372139766
413,9.763280946823844,0.0001967753271254729
414,9.763425260718202,0.0002114505302123689
415,9.763569691620265,0.00022613809035745155
416,9.763714238211573,0.00024083787482512663
417,9.763858899172687,0.00025554975077065955
418,9.764003673183161,0.0002702735852396322
419,9.764148558921589,0.0002850092451704893
420,9.764293555065615,0.0002997565973959525
421,9.764438660291932,0.0003145155086433487
422,9.764583873276283,0.00032928584553538353
423,9.764729192693506,0.0003440674745927189
424,9.764874617217519,0.00035886026223378933
425,9.765020145521348,0.0003736640747770859
426,9.765165776277124,0.00038847877844135504
427,9.765311508156106,0.0004033042393471102
428,9.765457339828693,0.0004181403235181292
429,9.765603269964437,0.00043298689688263663
430,9.765749297232038,0.0004478438252733502
431,9.765895420299383,0.00046271097443017893
432,9.76604163783353,0.0004775882100000702
433,9.76618794850075,0.0004924753975396354
434,9.766334350966513,0.0005073724025146632
435,9.766480843895513,0.0005222790903024967
436,9.766627425951679,0.00053719532619298
437,9.766774095798192,0.0005521209753894615
438,9.76692085209748,0.000567055903009659
439,9.767067693511237,0.0005819999740869907
440,9.767214618700457,0.0005969530535726519
441,9.76736162632541,0.0006119150063353302
442,9.767508715045683,0.0006268856971633738
443,9.767655883520177,0.0006418649907658663
444,9.767803130407124,0.000656852751773385
445,9.7679504543641,0.0006718488447394708
446,9.768097854048024,0.0006868531341414989
447,9.768245328115203,0.0007018654843827138
448,9.768392875221304,0.0007168857597923133
449,9.76854049402139,0.0007319138246272253
450,9.768688183169939,0.0007469495430737069
451,9.768835941320823,0.0007619927792470407
452,9.768983767127354,0.0007770433971944218
453,9.76913165924229,0.0007921012608955145
454,9.76927961631783,0.0008071662342630722
455,9.769427637005629,0.0008222381811444654
456,9.769575719956835,0.0008373169653235397
457,9.769723863822074,0.000852402450520796
458,9.769872067251473,0.0008674945003950474
459,9.770020328894676,0.0008825929785450363
460,9.770168647400844,0.0008976977485095851
461,9.770317021418677,0.0009128086737694787
462,9.770465449596426,0.0009279256177486964
463,9.7706139305819,0.0009430484438155499
464,9.770762463022486,0.0009581770152834799
465,9.770911045565153,0.0009733111954128731
466,9.771059676856462,0.0009884508474114224
467,9.771208355542592,0.001003595834436215
468,9.771357080269338,0.001018746019594346
469,9.771505849682134,0.0010339012659445154
470,9.771654662426053,0.0010490614364975152
471,9.771803517145838,0.0010642263942184683
472,9.771952412485875,0.001079396002026528
473,9.772101347090272,0.0010945701227982002
474,9.772250319602808,0.0011097486193667504
475,9.772399328666962,0.001124931354523521
476,9.772548372925948,0.0011401181910201223
477,9.772697451022703,0.0011553089915689852
478,9.772846561599916,0.0011705036188448877
479,9.772995703300015,0.0011857019354850561
480,9.773144874765208,0.0012009038040921346
481,9.773294074637487,0.0012161090872343657
482,9.773443301558627,0.0012313176474465413
483,9.773592554170211,0.001246529347231792
484,9.773741831113627,0.0012617440490620068
485,9.773891131030107,0.0012769616153802182
486,9.774040452560724,0.0012921819086012902
487,9.774189794346391,0.0013074047911121524
488,9.774339155027896,0.001322630125274485
489,9.7744885332459,0.0013378577734252013
490,9.774637927640956,0.0013530875978773477
491,9.774787336853526,0.0013683194609225282
492,9.774936759523968,0.0013835532248300812
493,9.77508619429257,0.0013987887518497279
494,9.775235639799572,0.0014140259042131507
495,9.775385094685152,0.0014292645441339835
496,9.775534557589463,0.001444504533810071
497,9.77568402715261,0.0014597457354232801
498,9.775833502014704,0.0014749880111421072
499,9.775982980815852,0.001490231223122526
500,9.776132462196166,0.0015054752335086818
501,9.776281944795787,0.0015207199129012607
502,9.776431427227847,0.0015359651375762165
503,9.77658090805146,0.0015512107782452707
504,9.776730385771813,0.0015664567000611687
505,9.776879858840216,0.0015817027626230382
506,9.777029325654157,0.001596948819980236
507,9.777178784557393,0.0016121947206389478
508,9.77732823383999,0.0016274403075655635
509,9.777477671738412,0.001642685418193014
510,9.77762709643557,0.0016579298844246735
511,9.777776506060908,0.001673173532640374
512,9.777925898690455,0.0016884161837002391
513,9.778075272346914,0.0017036576529509578
514,9.77822462499971,0.0017188977502296382
515,9.778373954565065,0.0017341362798685676
516,9.778523258906088,0.0017493730407014908
517,9.77867253583282,0.0017646078260672017
518,9.778821783102305,0.0017798404238142773
519,9.778970998418707,0.0017950706163079235
520,9.77912017943331,0.0018102981804321444
521,9.77926932374466,0.0018255228875969302
522,9.779418428898591,0.0018407445037413052
523,9.779567492388312,0.001855962789339237
524,9.779716511654502,0.0018711774994046402
525,9.779865484085365,0.001886388383495543
526,9.78001440701669,0.0019015951857186987
527,9.78016327773196,0.0019167976447351208
528,9.780312093462411,0.0019319954937647168
529,9.780460851387108,0.001947188460590578
530,9.780609548633036,0.0019623762675649837
531,9.780758182275154,0.0019775586316125872
532,9.78090674933649,0.0019927352642360088
533,9.781055246788222,0.002007905871521027
534,9.781203671549736,0.0020230701541400354
535,9.781352020488745,0.0020382278073587815
536,9.78150029042132,0.0020533785210388854
537,9.781648478112018,0.002068521979644615
538,9.781796580273912,0.002083657862245478
539,9.781944593568728,0.0020987858425233256
540,9.782092514606887,0.002113905588775417
541,9.7822403399476,0.0021290167639195323
542,9.782388066098955,0.0021441190254989175
543,9.782535689517996,0.002159212025687194
544,9.782683206610798,0.0021742954112920023
545,9.782830613732589,0.002189368823761954
546,9.78297790718777,0.002204431899188338
547,9.78312508323006,0.002219484268312081
548,9.783272138062546,0.002234525556527515
549,9.783419067837801,0.0022495553838881225
550,9.783565868657936,0.0022645733651095964
551,9.783712536574704,0.0022795791095756904
552,9.783859067589582,0.002294572221342183
553,9.784005457653873,0.0023095522991426394
554,9.784151702668789,0.002324518936392695
555,9.784297798485524,0.002339471721193989
556,9.784443740905363,0.0023544102363397086
557,9.784589525679756,0.0023693340593186948
558,9.784735148510425,0.0023842427623209676
559,9.784880605049443,0.002399135912241657
560,9.785025890899334,0.002414013070686333
561,9.785171001613156,0.0024288737939751675
562,9.78531593269459,0.0024437176331476075
563,9.785460679598042,0.0024585441339672934
564,9.78560523772875,0.002473352836927894
565,9.785749602442843,0.002488143277255547
566,9.785893769047455,0.002502914984915309
567,9.78603773280083,0.0025176674846155555
568,9.786181488912394,0.0025324002958124203
569,9.786325032542857,0.002547112932713933
570,9.786468358804331,0.002561804904286893
571,9.786611462760389,0.002576475714258843
572,9.786754339426192,0.0025911248611250434
573,9.786896983768576,0.002605751838152196
574,9.787039390706147,0.0026203561333832705
575,9.787181555109381,0.002634937229642547
576,9.787323471800718,0.0026494946045400062
577,9.787465135554676,0.0026640277304766044
578,9.78760654109794,0.002678536074648954
579,9.787747683109446,0.0026930190990534365
580,9.787888556220516,0.0027074762604918988
581,9.788029155014934,0.002721907010576464
582,9.788169474029043,0.002736310795733159
583,9.788309507751885,0.0027506870572087828
584,9.788449250625252,0.002765035231073879
585,9.788588697043819,0.0027793547482284423
586,9.78872784135523,0.002793645034406042
587,9.788866677860243,0.0028079055101811077
588,9.789005200812774,0.0028221355909703993
589,9.789143404420034,0.0028363346870398003
590,9.789281282842639,0.002850502203509298
591,9.789418830194702,0.0028646375403575727
592,9.78955604054394,0.002878740092426751
593,9.789692907911787,0.0028928092494275182
594,9.789829426273494,0.002906844395944222
595,9.789965589558248,0.002920844911440117
596,9.790101391649255,0.002934810170261257
597,9.790236826383882,0.0029487395416429034
598,9.790371887553718,0.002962632389712886
599,9.790506568904743,0.002976488073498648
600,9.790640864137389,0.0029903059469310223
601,9.790774766906663,0.0030040853588489767
602,9.790908270822271,0.0030178256530059575
603,9.791041369448715,0.003031526168073981
604,9.791174056305406,0.003045186237649195
605,9.791306324866758,0.003058805190255922
606,9.791438168562347,0.003072382349354318
607,9.791569580776985,0.0030859170333430875
608,9.791700554850829,0.003099408555565607
609,9.791831084079515,0.003112856224314865
610,9.79196116171427,0.003126259342839629
611,9.792090780962008,0.003139617209348209
612,9.792219934985471,0.0031529291170152474
613,9.792348616903306,0.003166194353985172
614,9.792476819790217,0.0031794122033793294
615,9.792604536677066,0.00319258194330033
616,9.792731760550998,0.0032057028468381516
617,9.792858484355536,0.0032187741820743185
618,9.792984700990711,0.003231795212087887
619,9.793110403313177,0.0032447651949607604
620,9.793235584136353,0.0032576833837845115
621,9.793360236230493,0.0032705490266631693
622,9.793484352322846,0.0032833613667207933
623,9.793607925097753,0.0032961196421062338
624,9.793730947196781,0.0033088230859988996
625,9.793853411218834,0.003321470926613982
626,9.793975309720263,0.0033340623872081415
627,9.794096635215016,0.003346596686085499
628,9.794217380174729,0.003359073036602639
629,9.794337537028866,0.0033714906471748996
630,9.794457098164836,0.003383848721281598
631,9.794576055928113,0.003396146457472145
632,9.794694402622357,0.0034083830493710694
633,9.79481213050955,0.0034205576856848724
634,9.794929231810103,0.003432669550206751
635,9.795045698702987,0.0034447178218229434
636,9.795161523325865,0.003456701674518942
637,9.795276697775202,0.003468620277384686
638,9.795391214106406,0.003480472794620659
639,9.795505064333934,0.0034922583855440427
640,9.79561824043145,0.003503976204595067
641,9.795730734331906,0.0035156254013414476
642,9.795842537927724,0.003527205120487123
643,9.795953643070874,0.0035387145018754523
644,9.796064041573024,0.003550152680497009
645,9.796173725205673,0.003561518786495577
646,9.79628268570026,0.0035728119451733974
647,9.796390914748322,0.0035840312769986637
648,9.796498404001602,0.0035951758976112665
649,9.796605145072174,0.0036062449178282632
650,9.796711129532586,0.0036172374436509707
651,9.796816348916003,0.0036281525762719815
652,9.796920794716309,0.0036389894120801
653,9.797024458388261,0.0036497470426678307
654,9.797127331347594,0.0036604245548367237
655,9.797229404971189,0.0036710210306049817
656,9.797330670597182,0.003681535547213823
657,9.797431119525104,0.0036919671771335344
658,9.797530743016019,0.003702314988070617
659,9.797629532292646,0.0037125780429738313
660,9.797727478539503,0.0037227554000415757
661,9.797824572903023,0.0037328461127270622
662,9.797920806491726,0.0037428492297477177
663,9.798016170376318,0.003752763795089648
664,9.798110655589856,0.0037625888480159347
665,9.798204253127855,0.0037723234230722857
666,9.798296953948448,0.0037819665500950245
667,9.798388748972524,0.003791517254217948
668,9.798479629083827,0.00380097455587796
669,9.798569585129151,0.0038103374708240516
670,9.79865860791844,0.0038196050101235303
671,9.798746688224936,0.003828776180168621
672,9.798833816785322,0.0038378499826847573
673,9.798919984299848,0.0038468254147366295
674,9.799005181432497,0.003855701468736649
675,9.799089398811098,0.0038644771324513757
676,9.799172627027483,0.003873151389009296
677,9.79925485663762,0.003881723216908039
678,9.799336078161758,0.0038901915900219175
679,9.799416282084568,0.0038985554776094205
680,9.799495458855278,0.003906813844320681
681,9.799573598887836,0.003914965650205471
682,9.799650692561041,0.003923009850720792
683,9.799726730218664,0.00393094539673712
684,9.799801702169631,0.003938771234548694
685,9.799875598688153,0.003946486305879585
686,9.799948410013835,0.003954089547890944
687,9.800020126351884,0.003961579893191147
688,9.800090737873212,0.003968956269842005
689,9.80016023471459,0.003976217601367347
690,9.800228606978804,0.003983362806760814
691,9.800295844734778,0.003990390800494198
692,9.80036193801775,0.00399730049252533
693,9.800426876829397,0.0040040907883065295
694,9.800490651137991,0.004010760588792853
695,9.80055325087855,0.0040173087904501826
696,9.800614665952992,0.0040237342852642004
697,9.800674886230253,0.004030035960747779
698,9.800733901546476,0.004036212699950368
699,9.800791701705128,0.004042263381465855
700,9.80084827647719,0.00404818687944268
701,9.80090361560125,0.0040539820635898454
702,9.800957708783695,0.0040596477991873565
703,9.80101054569886,0.004065182947095382
704,9.801062115989174,0.004070586363762264
705,9.801112409265283,0.004075856901232601
706,9.80116141510626,0.0040809934071583875
707,9.801209123059705,0.004085994724805768
708,9.801255522641922,0.004090859693065384
709,9.801300603338076,0.004095587146461501
710,9.801344354602334,0.004100175915160264
711,9.801386765858014,0.004104624824979486
712,9.801427826497765,0.004108932697398298
713,9.801467525883702,0.004113098349566226
714,9.801505853347559,0.0041171205943122
715,9.801542798190859,0.004120998240154829
716,9.801578349685059,0.004124730091311045
717,9.8016124970717,0.00412831494770621
718,9.801645229562586,0.004131751604984284
719,9.801676536339912,0.004135038854516002
720,9.80170640655645,0.00413817548341048
721,9.801734829335684,0.004141160274524115
722,9.80176179377198,0.004143992006470375
723,9.801787288930743,0.004146669453630385
724,9.801811303848567,0.004149191386162468
725,9.80183382753341,0.004151556570012637
726,9.80185484896474,0.004153763766924695
727,9.801874357093707,0.004155811734450541
728,9.801892340843285,0.00415769922596001
729,9.80190878910845,0.004159424990652062
730,9.80192369075634,0.004160987773564957
731,9.801937034626393,0.004162386315586014
732,9.801948809530545,0.004163619353463554
733,9.801959004253362,0.004164685619816429
734,9.801967607552223,0.004165583843145832
735,9.801974608157462,0.004166312747844742
736,9.801979994772555,0.004166871054210447
737,9.801983756074263,0.004167257478454023
738,9.801985880712808,0.004167470732712202
739,9.801986357312037,0.004167509525058562
740,9.801985174469568,0.004167372559513408
741,9.801982320756988,0.00416705853605729
742,9.80197778471999,0.004166566150640358
743,9.801971554878552,0.004165894095194489
744,9.801963619727097,0.004165041057644778
745,9.801953967734669,0.004164005721921247
746,9.801942587345083,0.004162786767969858
747,9.80192946697712,0.004161382871765323
748,9.80191459502465,0.0041597927053210705
749,9.801897959856841,0.004158014936702774
750,9.801879549818322,0.004156048230040072
751,9.801859353229322,0.0041538912455374045
752,9.801837358385862,0.004151542639486862
753,9.801813553559937,0.004149001064281335
754,9.801787926999657,0.004146265168425019
755,9.801760466929435,0.0041433335965468535
756,9.801731161550142,0.00414020498941184
757,9.8016999990393,0.004136877983935158
758,9.801666967551231,0.004133351213193273
759,9.801632055217238,0.004129623306437124
760,9.801595250145784,0.00412569288910495
761,9.801556540422643,0.004121558582834578
762,9.8015159141111,0.004117219005477379
763,9.801473359252098,0.004112672771109841
764,9.801428863864437,0.004107918490048096
765,9.801382415944907,0.004102954768859104
766,9.801334003468517,0.004097780210376081
767,9.801283614388616,0.004092393413710197
768,9.801231236637113,0.004086792974264943
769,9.801176858124602,0.004080977483748275
770,9.801120466740601,0.004074945530188347
771,9.80106205035366,0.004068695697944869
772,9.801001596811583,0.004062226567723807
773,9.800939093941581,0.004055536716591254
774,9.800874529550462,0.004048624717987492
775,9.800807891424814,0.0040414891417410006
776,9.800739167331162,0.00403412855408194
777,9.800668345016144,0.0040265415176561235
778,9.800595412206707,0.00401872659154014
779,9.80052035661029,0.004010682331255704
780,9.800443165914983,0.0040024072887835565
781,9.800363827789704,0.003993900012577471
782,9.800282329884391,0.003985159047579711
783,9.800198659830185,0.003976182935235684
784,9.800112805239605,0.003966970213508841
785,9.80002475370672,0.003957519416894767
786,9.799934492807337,0.003947829076436414
787,9.799842010099185,0.003937897719740074
788,9.799747293122092,0.003927723870989229
789,9.79965032939816,0.003917306050960346
790,9.799551106431965,0.003906642777038573
791,9.799449611710715,0.0038957325632320923
792,9.799345832704459,0.003884573920189209
793,9.799239756866255,0.0038731653552126146
794,9.799131371632344,0.003861505372275454
795,9.799020664422356,0.0038495924720373964
796,9.798907622639486,0.003837425151860772
797,9.798792233670666,0.003825001905825314
798,9.79867448488676,0.003812321224745578
799,9.798554363642758,0.0037993815961868604
800,9.798431857277944,0.0037861815044807935
801,9.798306953116093,0.003772719430742607
802,9.79817963846564,0.0037589938528860417
803,9.798049900619905,0.003745003245642687
804,9.797917726857229,0.0037307460805756057
805,9.797783104441201,0.0037162208260982025
806,9.797646020620823,0.0037014259474896774
807,9.79750646263071,0.003686359906913274
808,9.797364417691277,0.0036710211634327777
809,9.797219873008912,0.00365540817302882
810,9.797072815776193,0.0036395193886179073
811,9.796923233172034,0.0036233532600673376
812,9.796771112361933,0.0036069082342159464
813,9.796616440498108,0.0035901827548883887
814,9.79645920471971,0.0035731752629146398
815,9.79629939215302,0.0035558841961475245
816,9.796136989911627,0.0035383079894801854
817,9.795971985096624,0.0035204450748643028
818,9.795804364796805,0.0035022938813283333
819,9.795634116088838,0.0034838528349951225
820,9.795461226037467,0.0034651203590997837
821,9.795285681695724,0.003446094874010177
822,9.795107470105084,0.0034267747972426973
823,9.7949265782957,0.0034071585434832428
824,9.794742993286562,0.003387244524604334
825,9.794556702085691,0.00336703114968353
826,9.794367691690375,0.0033465168250246717
827,9.794175949087304,0.0033256999541738503
828,9.793981461252812,0.003304578937941107
829,9.793784215153034,0.003283152174417417
830,9.79358419774415,0.0032614180589965384
831,9.793381395972528,0.0032393749843919535
832,9.79317579677495,0.003217021340657667
833,9.7929673870788,0.0031943555152076663
834,9.792756153802271,0.003171375892835853
835,9.792542083854537,0.0031480808557351097
836,9.792325164135976,0.0031244687835182638
837,9.792105381538361,0.003100538053237749
838,9.79188272294504,0.003076287039404887
839,9.791657175231158,0.003051714114011889
840,9.791428725263854,0.003026817646551318
841,9.791197359902435,0.00300159600403601
842,9.790963065998602,0.002976047551020715
843,9.79072583039662,0.0029501706496213587
844,9.79048563993357,0.002923963659538933
845,9.790242481439485,0.0028974249380762833
846,9.789996341737604,0.0028705528401627442
847,9.789747207644528,0.0028433457183725955
848,9.789495065970462,0.00281580192294858
849,9.789239903519386,0.0027879198018216167
850,9.788981707089267,0.002759697700632937
851,9.788720463472265,0.0027311339627557707
852,9.788456159454922,0.0027022269293165693
853,9.788188781818393,0.0026729749392178648
854,9.78791831733862,0.002643376329159458
855,9.787644752786543,0.0026134294336599426
856,9.787368074928313,0.002583132585080375
857,9.78708827052548,0.0025524841136446725
858,9.786805326335209,0.0025214823474635976
859,9.786519229110484,0.002490125612556594
860,9.78622996560031,0.002458412232874333
861,9.78593752254991,0.0024263405303214525
862,9.785641886700947,0.002393908824779666
863,9.785343044791718,0.0023611154341305336
864,9.78504098355736,0.002327958674278473
865,9.784735689730073,0.0022944368591745357
866,9.784427150039292,0.002260548300838441
867,9.784115351211927,0.0022262913093829147
868,9.78380027997257,0.002191664193038301
869,9.783481923043663,0.002156665258173011
870,9.783160267145762,0.002121292809321057
871,9.78283529899769,0.0020855451492026275
872,9.782507005316797,0.002049420578750813
873,9.782175372819125,0.0020129173971337425
874,9.78184038821965,0.0019760339017799353
875,9.78150203823247,0.0019387683884023212
876,9.781160309571032,0.0019011191510228266
877,9.780815188948317,0.0018630844819961603
878,9.780466663077085,0.0018246626720361213
879,9.780114718670045,0.001785852010238424
880,9.779759342440107,0.0017466507841074374
881,9.779400521100555,0.0017070572795799023
882,9.779038241365297,0.001667069781051253
883,9.778672489949036,0.0016266865713996438
884,9.778303253567534,0.0015859059320131536
885,9.777930518937758,0.0015447261428126623
886,9.77755427277815,0.001503145482280192
887,9.777174501808817,0.0014611622274830914
888,9.776791192751743,0.0014187746541004657
889,9.776404332331001,0.0013759810364486022
890,9.776013907272981,0.001332779647508221
891,9.77561990430659,0.0012891687589493231
892,9.775222310163471,0.0012451466411588761
893,9.774821111578223,0.001200711563266379
894,9.774416295288608,0.001155861793170581
895,9.774007848035764,0.0011105955975663263
896,9.773595756564442,0.0010649112419719607
897,9.773180007623203,0.001018806990755759
898,9.772760587964635,0.0009722811071624157
899,9.772337484345561,0.0009253318533407849
900,9.771910683527299,0.0008779574903723308
901,9.771480172275822,0.000830156278296355
902,9.771045937362011,0.0007819264761390769
903,9.770607965561863,0.0007332663419408696
904,9.770166243656718,0.0006841741327845661
905,9.769720758433463,0.0006346481048226608
906,9.76927149668475,0.000584686513305168
907,9.768818445209241,0.0005342876126088889
908,9.768361590811791,0.0004834496562646613
909,9.767900920303694,0.00043217089698622787
910,9.767436420502909,0.00038044958669957937
911,9.766968078234246,0.00032828397656966857
912,9.76649588032961,0.0002756723170303644
913,9.766019813628219,0.0002226128578134819
914,9.765539864976835,0.00016910384797773475
915,9.765056021229965,0.0001151435359373906
916,9.76456826925009,6.0730169491602485e-05
917,9.76407659590791,5.861995855084956e-06
918,9.763580988082527,-4.9462738314566936e-05
919,9.763081432661691,-0.00010524578688574734
920,9.762577916542012,-0.00016148890422407333
921,9.76207042662921,-0.00021819384516067757
922,9.761558949838303,-0.0002753623649643927
923,9.761043473093851,-0.00033299621931048265
924,9.76052398333018,-0.00039109716425047837
925,9.7600004674916,-0.000449666956181899
926,9.759472912532615,-0.0005087073518190693
927,9.758941305418185,-0.0005682201081597753
928,9.758405633123932,-0.0006282069824564473
929,9.757865882636347,-0.0006886697321855031
930,9.75732204095305,-0.0007496101150153855
931,9.756774095082989,-0.0008110298887759101
932,9.75622203204668,-0.0008729308114274247
933,9.755665838876427,-0.0009353146410290548
934,9.755105502616559,-0.0009981831357068764
935,9.754541010323642,-0.0010615380536232763
936,9.753972349066732,-0.0011253811529441287
937,9.753399505927561,-0.001189714191808521
938,9.7528224680008,-0.0012545389282957045
939,9.752241222394291,-0.001319857120392458
940,9.75165575622925,-0.00138567052596212
941,9.751066056640507,-0.0014519809027120389
942,9.750472110776736,-0.0015187900081610791
943,9.749873905800694,-0.001586099599606206
944,9.749271428889436,-0.0016539114340911028
945,9.748664667234545,-0.0017222272683729968
946,9.748053608042376,-0.0017910488588892626
947,9.747438238534274,-0.001860377961724867
948,9.746818545946812,-0.0019302163325787803
949,9.746194517532023,-0.002000565726731389
950,9.745566140557619,-0.0020714278990104995
951,9.744933402307243,-0.002142804603757859
952,9.744296290080683,-0.002214697594795866
953,9.743654791194118,-0.0022871086253935255
954,9.743008892980333,-0.0023600394482328865
955,9.742358582788977,-0.0024334918153744744
956,9.74170384798677,-0.002507467478223695
957,9.741044675957752,-0.002581968187496627
958,9.74038105410352,-0.0026569956931850464
959,9.739712969843453,-0.0027325517445223177
960,9.739040410614939,-0.002808638089949407
961,9.738363363873633,-0.002885256477078859
962,9.73768181709366,-0.0029624086526615924
963,9.736995757767886,-0.0030400963625502376
964,9.736305173408129,-0.0031183213516649795
965,9.735610051545398,-0.003197085363958507
966,9.734910379730136,-0.003276390142380221
967,9.73420614553245,-0.0033562374288411676
968,9.733497336542346,-0.0034366289641781828
969,9.732783940369973,-0.0035175664881186217
970,9.732065944645862,-0.003599051739243746
971,9.731343337021144,-0.003681086454954199
972,9.730616105167803,-0.0037636723714328624
973,9.72988423677892,-0.003846811223608822
974,9.729147719568907,-0.00393050474512101
975,9.728406541273726,-0.00401475466828284
976,9.727660689651145,-0.004099562724045
977,9.726910152480981,-0.004184930641958324
978,9.726154917565333,-0.004270860150137677
979,9.72539497272882,-0.004357352975225251
980,9.724630305818817,-0.004444410842353203
981,9.723860904705695,-0.004532035475107317
982,9.723086757283083,-0.004620228595488226
983,9.722307851468074,-0.0047089919238760035
984,9.721524175201496,-0.004798327178991217
985,9.72073571644813,-0.004888236077858586
986,9.719942463196961,-0.004978720335768728
987,9.719144403461424,-0.005069781666240206
988,9.718341525279639,-0.005161421780982036
989,9.717533816714653,-0.00525364238985572
990,9.716721265854684,-0.005346445200836733
991,9.715903860813368,-0.005439831919976793
992,9.715081589729992,-0.005533804251365248
993,9.71425444076975,-0.005628363897090429
994,9.713422402123971,-0.005723512557201547
995,9.71258546201037,-0.005819251929670069
996,9.711743608673302,-0.005915583710350091
997,9.710896830383987,-0.0060125095929404095
998,9.710045115440765,-0.006110031268945279
999,9.709188452169341,-0.006208150427634995
1000,9.708326828923022,-0.00630686875600681
1001,9.707460234082973,-0.0064061879387459445
1002,9.706588656058454,-0.006506109658185511
1003,9.70571208328707,-0.006606635594267513
1004,9.704830504235021,-0.006707767424502494
1005,9.703943907397331,-0.006809506823930877
1006,9.703052281298104,-0.006911855465082484
1007,9.702155614490795,-0.00701481501793551
1008,9.701253895558404,-0.00711838714987872
1009,9.700347113113766,-0.007222573525669363
1010,9.699435255799795,-0.007327375807392992
1011,9.698518312289702,-0.007432795654424553
1012,9.69759627128727,-0.007538834723386256
1013,9.696669121527105,-0.007645494668107219
1014,9.695736851774864,-0.007752777139583475
1015,9.694799450827503,-0.00786068378593693
1016,9.69385690751355,-0.007969216252373923
1017,9.69290921069334,-0.008078376181144145
1018,9.691956349259248,-0.008188165211500592
1019,9.690998312135978,-0.008298584979656465
1020,9.690035088280771,-0.008409637118745802
1021,9.689066666683672,-0.008521323258780944
1022,9.688093036367782,-0.00863364502661115
1023,9.687114186389524,-0.008746604045880343
1024,9.686130105838847,-0.008860201936987002
1025,9.685140783839532,-0.008974440317040335
1026,9.684146209549416,-0.009089320799819263
1027,9.683146372160627,-0.009204844995730871
1028,9.682141260899856,-0.009321014511767967
1029,9.681130865028619,-0.009437830951465734
1030,9.680115173843497,-0.009555295914860392
1031,9.67909417667636,-0.009673410998447504
1032,9.678067862894684,-0.009792177795137065
1033,9.677036221901748,-0.00991159789421313
1034,9.675999243136895,-0.010031672881290412
1035,9.674956916075805,-0.010152404338271201
1036,9.673909230230745,-0.010273793843302008
1037,9.672856175150809,-0.010395842970731203
1038,9.671797740422168,-0.010518553291066782
1039,9.670733915668349,-0.010641926370930912
1040,9.669664690550476,-0.010765963773018031
1041,9.668590054767515,-0.010890667056051656
1042,9.66750999805654,-0.01101603777474037
1043,9.66642451019298,-0.011142077479734358
1044,9.665333580990891,-0.01126878771758155
1045,9.664237200303177,-0.011396170030684924
1046,9.663135358021888,-0.011524225957256957
1047,9.662028044078447,-0.011652957031276702
1048,9.660915248443915,-0.011782364782445725
1049,9.659796961129237,-0.011912450736144643
1050,9.658673172185518,-0.012043216413387025
1051,9.657543871704268,-0.01217466333077683
1052,9.656409049817658,-0.012306793000463384
1053,9.655268696698778,-0.012439606930096905
1054,9.654122802561893,-0.01257310662278439
1055,9.652971357662693,-0.012707293577045172
1056,9.651814352298583,-0.012842169286764318
1057,9.65065177680888,-0.012977735241151263
1058,9.64948362157516,-0.013113992924690527
1059,9.648309877021404,-0.013250943817101788
1060,9.64713053361436,-0.01338858939329051
1061,9.64594558186375,-0.013526931123304914
1062,9.644755012322525,-0.013665970472290775
1063,9.643558815587134,-0.013805708900446223
1064,9.642356982297805,-0.013946147862974921
1065,9.641149503138765,-0.014087288810042866
1066,9.639936368838514,-0.014229133186731878
1067,9.638717570170096,-0.01437168243299338
1068,9.637493097951365,-0.014514937983603232
1069,9.636262943045212,-0.014658901268116614
1070,9.635027096359856,-0.014803573710821548
1071,9.633785548849094,-0.014948956730692874
1072,9.63253829151255,-0.01509505174134758
1073,9.631285315395957,-0.015241860150997016
1074,9.630026611591406,-0.015389383362402009
1075,9.628762171237607,-0.015537622772826682
1076,9.627491985520138,-0.015686579773992366
1077,9.626216045671745,-0.015836255752029568
1078,9.624934342972574,-0.015986652087433766
1079,9.623646868750413,-0.016137770155019108
1080,9.622353614381014,-0.01628961132386927
1081,9.621054571288292,-0.016442176957294326
1082,9.619749730944632,-0.016595468412781422
1083,9.61843908487112,-0.01674948704195
1084,9.617122624637835,-0.01690423419050365
1085,9.615800341864105,-0.017059711198183482
1086,9.614472228218728,-0.017215919398723342
1087,9.61313827542029,-0.017372860119800226
1088,9.611798475237414,-0.017530534682988416
1089,9.610452819489002,-0.01768894440371251
1090,9.609101300044532,-0.017848090591199763
1091,9.607743908824274,-0.01800797454843473
1092,9.60638063779962,-0.01816859757210889
1093,9.605011478993276,-0.01832996095257716
1094,9.603636424479586,-0.018492065973807162
1095,9.602255466384761,-0.018654913913334074
1096,9.60086859688716,-0.018818506042212347
1097,9.599475808217544,-0.01898284362496858
1098,9.598077092659338,-0.01914792791955416
1099,9.596672442548922,-0.019313760177296455
1100,9.59526185027586,-0.019480341642853012
1101,9.593845308283191,-0.019647673554162942
1102,9.592422809067685,-0.019815757142399023
1103,9.590994345180112,-0.019984593631920147
1104,9.589559909225505,-0.020154184240223656
1105,9.588119493863426,-0.02032453017789767
1106,9.586673091808223,-0.02049563264857318
1107,9.585220695829321,-0.020667492848875185
1108,9.583762298751449,-0.020840111968376762
1109,9.58229789345495,-0.021013491189548716
1110,9.580827472876019,-0.02118763168771291
1111,9.57935103000697,-0.02136253463099436
1112,9.577868557896519,-0.021538201180272155
1113,9.576380049650039,-0.021714632489131913
1114,9.57488549842983,-0.02189182970381746
1115,9.573384897455389,-0.02206979396318261
1116,9.571878240003652,-0.022248526398643685
1117,9.570365519409304,-0.02242802813412971
1118,9.56884672906502,-0.02260830028603501
1119,9.567321862421737,-0.022789343963170793
1120,9.565790912988922,-0.02297116026671662
1121,9.564253874334824,-0.023153750290172883
1122,9.562710740086775,-0.023337115119310862
1123,9.561161503931428,-0.02352125583212551
1124,9.559606159615042,-0.023706173498786048
1125,9.558044700943753,-0.0238918691815877
1126,9.55647712178381,-0.02407834393490439
1127,9.554903416061883,-0.024265598805138507
1128,9.553323577765315,-0.02445363483067316
1129,9.55173760094238,-0.02464245304182354
1130,9.550145479702566,-0.02483205446078819
1131,9.548547208216847,-0.025022440101600398
1132,9.546942780717929,-0.025213610970079885
1133,9.545332191500542,-0.025405568063783537
1134,9.5437154349217,-0.025598312371957355
1135,9.542092505400959,-0.025791844875487708
1136,9.540463397420703,-0.025986166546852305
1137,9.538828105526411,-0.026181278350071585
1138,9.537186624326917,-0.02637718124065987
1139,9.535538948494676,-0.026573876165577746
1140,9.533885072766045,-0.026771364063181834
1141,9.532224991941552,-0.02696964586317685
1142,9.530558700886157,-0.027168722486566623
1143,9.528886194529512,-0.027368594845606258
1144,9.527207467866264,-0.027569263843751714
1145,9.5255225159563,-0.027770730375611986
1146,9.523831333925003,-0.0279729953269014
1147,9.522133916963554,-0.028176059574388974
1148,9.520430260329167,-0.028379923985851405
1149,9.518720359345398,-0.028584589420022944
1150,9.517004209402392,-0.028790056726546852
1151,9.515281805957137,-0.028996326745928218
1152,9.513553144533757,-0.029203400309483863
1153,9.51181822072378,-0.02941127823929374
1154,9.51007703018641,-0.029619961348151872
1155,9.50832956864877,-0.029829450439519525
1156,9.506575831906206,-0.030039746307474424
1157,9.504815815822528,-0.030250849736663643
1158,9.50304951633032,-0.030462761502253074
1159,9.501276929431146,-0.03067548236988197
1160,9.499498051195882,-0.03088901309561089
1161,9.497712877764963,-0.031103354425874998
1162,9.495921405348634,-0.03131850709743574
1163,9.494123630227248,-0.03153447183733115
1164,9.492319548751519,-0.03175124936282823
1165,9.490509157342803,-0.031968840381374014
1166,9.488692452493346,-0.03218724559054774
1167,9.486869430766586,-0.032406465678011455
1168,9.485040088797394,-0.03262650132146238
1169,9.48320442329236,-0.03284735318858423
1170,9.481362431030053,-0.03306902193699902
1171,9.479514108861306,-0.033291508214218266
1172,9.477659453709457,-0.0335148126575958
1173,9.475798462570657,-0.03373893589427791
1174,9.473931132514101,-0.033963878541157067
1175,9.472057460682334,-0.03418964120482141
1176,9.470177444291487,-0.03441622448150914
1177,9.468291080631563,-0.03464362895705889
1178,9.466398367066697,-0.03487185520686217
1179,9.464499301035456,-0.03510090379581467
1180,9.462593880051065,-0.035330775278269284
1181,9.460682101701705,-0.03556147019798749
1182,9.458763963650771,-0.03579298908809207
1183,9.45683946363714,-0.03602533247101878
1184,9.454908599475447,-0.03625850085846879
1185,9.452971369056348,-0.03649249475136113
1186,9.451027770346789,-0.03672731463978471
1187,9.449077801390283,-0.03696296100295081
1188,9.447121460307159,-0.03719943430914595
1189,9.445158745294867,-0.03743673501568323
1190,9.443189654628203,-0.037674863568856416
1191,9.4412141866596,-0.03791382040389177
1192,9.439232339819403,-0.03815360594490042
1193,9.437244112616124,-0.038394220604831684
1194,9.435249503636706,-0.03863566478542613
1195,9.433248511546816,-0.03887793887716701
1196,9.43124113509108,-0.03912104325923525
1197,9.429227373093378,-0.03936497829946079
1198,9.427207224457092,-0.03960974435427663
1199,9.425180688165387,-0.03985534176867156
1200,9.423147763281465,-0.0401017708761437
1201,9.421108448948852,-0.040349031998653404
1202,9.419062744391654,-0.04059712544657645
1203,9.41701064891481,-0.040846051518658964
1204,9.41495216190438,-0.04109581050196906
1205,9.41288728282781,-0.04134640267185127
1206,9.410816011234187,-0.041597828291880724
1207,9.408738346754498,-0.04185008761381672
1208,9.406654289101938,-0.04210318087755535
1209,9.404563838072121,-0.042357108311085495
1210,9.402466993543392,-0.04261187013044105
1211,9.40036375547705,-0.04286746653965682
1212,9.398254123917656,-0.04312389773072091
1213,9.396138098993273,-0.04338116388353038
1214,9.394015680915734,-0.0436392651658451
1215,9.391886869980912,-0.04389820173324249
1216,9.389751666568976,-0.04415797372907218
1217,9.387610071144675,-0.04441858128441019
1218,9.385462084257574,-0.044680024518014574
1219,9.383307706542347,-0.04494230353627943
1220,9.381146938719018,-0.04520541843319083
1221,9.378979781593236,-0.04546936929028142
1222,9.376806236056549,-0.04573415617658518
1223,9.374626303086636,-0.04599977914859403
1224,9.3724399837476,-0.04626623825021219
1225,9.370247279190222,-0.04653353351271227
1226,9.368048190652216,-0.04680166495469056
1227,9.365842719458497,-0.04707063258202351
1228,9.363630867021435,-0.047340436387823266
1229,9.361412634841146,-0.04761107635239284
1230,9.359188024505709,-0.04788255244318401
1231,9.356957037691476,-0.048154864614751415
1232,9.354719676163285,-0.048428012808711375
1233,9.352475941774752,-0.04870199695369679
1234,9.350225836468516,-0.04897681696531429
1235,9.347969362276519,-0.04925247274610061
1236,9.345706521320238,-0.04952896418548019
1237,9.343437315810974,-0.04980629115972147
1238,9.341161748050089,-0.050084453531894425
1239,9.338879820429268,-0.05036345115182842
1240,9.336591535430795,-0.05064328385606832
1241,9.334296895627784,-0.05092395146783355
1242,9.331995903684456,-0.05120545379697481
1243,9.329688562356404,-0.05148779063993198
1244,9.327374874490825,-0.05177096177969269
1245,9.3250548430268,-0.05205496698574991
1246,9.322728470995532,-0.05233980601406101
1247,9.320395761520615,-0.05262547860700517
1248,9.318056717818292,-0.05291198449334269
1249,9.315711343197707,-0.05319932338817315
1250,9.31335964106115,-0.053487494992895415
1251,9.31100161490432,-0.05377649899516538
1252,9.308637268316597,-0.05406633506885588
1253,9.30626660498125,-0.05435700287401634
1254,9.303889628675744,-0.05464850205683157
1255,9.301506343271964,-0.05494083224958154
1256,9.299116752736458,-0.05523399307060249
1257,9.296720861130723,-0.05552798412424477
1258,9.294318672611434,-0.055822805000834794
1259,9.291910191430697,-0.056118455276634754
1260,9.289495421936302,-0.05641493451380319
1261,9.287074368571982,-0.056712242260355504
1262,9.284647035877649,-0.05701037805012555
1263,9.282213428489653,-0.05730934140272569
1264,9.279773551141032,-0.057609131823508776
1265,9.277327408661765,-0.05790974880352864
1266,9.274875005979004,-0.05821119181950321
1267,9.272416348117337,-0.0585134603337747
1268,9.269951440199033,-0.058816553794272475
1269,9.267480287444286,-0.059120471634475015
1270,9.265002895171444,-0.05942521327337279
1271,9.262519268797307,-0.0597307781154287
1272,9.260029413837321,-0.060037165550543344
1273,9.257533335905839,-0.06034437495401653
1274,9.255031040716375,-0.060652405686510716
1275,9.252522534081839,-0.060961257094014
1276,9.250007821914783,-0.06127092850780407
1277,9.247486910227638,-0.06158141924441176
1278,9.244959805132968,-0.061892728605584674
1279,9.242426512843707,-0.06220485587825112
1280,9.239887039673393,-0.06251780033448559
1281,9.237341392036411,-0.06283156123147193
1282,9.234789576448255,-0.06314613781146816
1283,9.232231599525726,-0.06346152930177258
1284,9.229667467987218,-0.06377773491468715
1285,9.227097188652905,-0.06409475384748516
1286,9.224520768445027,-0.06441258528237415
1287,9.221938214388095,-0.06473122838646393
1288,9.219349533609153,-0.06505068231173061
1289,9.216754733337988,-0.06537094619498474
1290,9.214153820907377,-0.06569201915783654
1291,9.211546803753322,-0.06601390030666318
1292,9.208933689415282,-0.0663365887325753
1293,9.206314485536417,-0.06666008351138382
1294,9.203689199863803,-0.06698438370356818
1295,9.201057840248676,-0.06730948835424327
1296,9.198420414646655,-0.06763539649312765
1297,9.19577693111797,-0.06796210713451185
1298,9.193127397827716,-0.06828961927722524
1299,9.190471823046057,-0.06861793190460604
1300,9.187810215148453,-0.06894704398447006
1301,9.185142582615914,-0.06927695446907846
1302,9.182468934035192,-0.06960766229510858
1303,9.179789278099042,-0.06993916638362209
1304,9.177103623606412,-0.07027146564003617
1305,9.174411979462699,-0.07060455895409197
1306,9.171714354679962,-0.0709384451998256
1307,9.169010758377128,-0.07127312323553943
1308,9.166301199780248,-0.07160859190377104
1309,9.163585688222684,-0.07194485003126629
1310,9.16086423314535,-0.07228189642894894
1311,9.158136844096928,-0.07261972989189334
1312,9.155403530734095,-0.0729583491992951
1313,9.15266430282172,-0.07329775311444425
1314,9.149919170233089,-0.07363794038469763
1315,9.147168142950155,-0.0739789097414497
1316,9.144411231063692,-0.074320659900108
1317,9.141648444773558,-0.07466318956006457
1318,9.138879794388894,-0.07500649740466972
1319,9.136105290328334,-0.07535058210120575
1320,9.133324943120222,-0.07569544230086128
1321,9.130538763402834,-0.07604107663870426
1322,9.12774676192455,-0.07638748373365875
1323,9.124948949544105,-0.07673466218847763
1324,9.122145337230778,-0.07708261058971883
1325,9.1193359360646,-0.07743132750772012
1326,9.116520757236573,-0.07778081149657483
1327,9.113699812048853,-0.07813106109410863
1328,9.110873111914984,-0.07848207482185413
1329,9.108040668360067,-0.0788338511850293
1330,9.105202493020986,-0.07918638867251317
1331,9.102358597646615,-0.07953968575682299
1332,9.099508994097988,-0.07989374089409244
1333,9.096653694348538,-0.08024855252404785
1334,9.093792710484262,-0.08060411906998803
1335,9.090926054703946,-0.08096043893876118
1336,9.08805373931933,-0.08131751052074433
1337,9.08517577675533,-0.08167533218982222
1338,9.082292179550226,-0.08203390230336581
1339,9.079402960355848,-0.08239321920221278
1340,9.076508131937779,-0.08275328121064676
1341,9.073607707175533,-0.08311408663637772
1342,9.070701699062747,-0.083475633770523
1343,9.067790120707379,-0.08383792088758735
1344,9.064872985331883,-0.0842009462454445
1345,9.061950306273413,-0.08456470808531807
1346,9.059022096983995,-0.08492920463176397
1347,9.056088371030699,-0.0852944340926528
1348,9.053149142095856,-0.08566039465915087
1349,9.050204423977206,-0.08602708450570462
1350,9.0472542305881,-0.08639450179002234
1351,9.044298575957669,-0.08676264465305866
1352,9.041337474230996,-0.08713151121899776
1353,9.038370939669313,-0.08750109959523714
1354,9.03539898665015,-0.08787140787237321
1355,9.03242162966753,-0.08824243412418491
1356,9.029438883332132,-0.08861417640761897
1357,9.026450762371466,-0.0889866327627759
1358,9.023457281630046,-0.08935980121289507
1359,9.020458456069553,-0.08973367976434138
1360,9.017454300768998,-0.0901082664065917
1361,9.014444830924896,-0.09048355911222161
1362,9.011430061851437,-0.0908595558368922
1363,9.008410008980634,-0.09123625451933808
1364,9.005384687862495,-0.09161365308135506
1365,9.002354114165174,-0.09199174942778902
1366,8.999318303675139,-0.09237054144652326
1367,8.996277272297327,-0.09275002700846863
1368,8.993231036055324,-0.09313020396755094
1369,8.990179611091465,-0.09351107016070373
1370,8.987123013667034,-0.09389262340785554
1371,8.984061260162402,-0.09427486151192165
1372,8.980994367077162,-0.09465778225879494
1373,8.977922351030303,-0.09504138341733626
1374,8.974845228760351,-0.09542566273936612
1375,8.97176301712551,-0.09581061795965667
1376,8.968675733103789,-0.09619624679592476
1377,8.96558339379318,-0.09658254694882312
1378,8.962486016411763,-0.09696951610193484
1379,8.959383618297892,-0.0973571519217649
1380,8.956276216910283,-0.0977454520577358
1381,8.953163829828162,-0.09813441414218126
1382,8.950046474751433,-0.09852403579033943
1383,8.94692416950078,-0.09891431460034925
1384,8.94379693201779,-0.09930524815324582
1385,8.94066478036512,-0.09969683401295426
1386,8.937527732726586,-0.10008906972628848
1387,8.934385807407315,-0.10048195282294525
1388,8.93123902283385,-0.10087548081550268
1389,8.9280873975543,-0.10126965119941612
1390,8.924930950238428,-0.10166446145301716
1391,8.921769699677792,-0.10205990903751073
1392,8.918603664785868,-0.10245599139697345
1393,8.915432864598136,-0.1028527059583535
1394,8.912257318272228,-0.10325005013146869
1395,8.909077045088011,-0.1036480213090072
1396,8.905892064447723,-0.1040466168665263
1397,8.902702395876055,-0.10444583416245448
1398,8.899508059020285,-0.10484567053809037
1399,8.896309073650352,-0.10524612331760617
1400,8.89310545965899,-0.10564718980804741
1401,8.889897237061813,-0.10604886729933598
1402,8.886684425997407,-0.10645115306427268
1403,8.88346704672744,-0.10685404435853989
1404,8.88024511963674,-0.1072575384207054
1405,8.877018665233413,-0.10766163247222528
1406,8.873787704148906,-0.10806632371744904
1407,8.870552257138133,-0.10847160934362296
1408,8.867312345079513,-0.10887748652089672
1409,8.8640679889751,-0.10928395240232758
1410,8.860819209950622,-0.10969100412388726
1411,8.857566029255608,-0.11009863880446724
1412,8.85430846826343,-0.1105068535458862
1413,8.851046548471396,-0.11091564543289696
1414,8.847780291500838,-0.11132501153319341
1415,8.84450971909714,-0.1117349488974202
1416,8.841234853129842,-0.11214545455917989
1417,8.837955715592713,-0.11255652553504192
1418,8.834672328603792,-0.11296815882455234
1419,8.831384714405475,-0.11338035141024307
1420,8.828092895364554,-0.11379310025764292
1421,8.82479689397229,-0.1142064023152875
1422,8.82149673284446,-0.11462025451473082
1423,8.818192434721418,-0.11503465377055681
1424,8.814884022468167,-0.11544959698038988
1425,8.811571519074358,-0.11586508102490989
1426,8.808254947654378,-0.11628110276786306
1427,8.804934331447384,-0.11669765905607624
1428,8.801609693817339,-0.11711474671947013
1429,8.798281058253075,-0.11753236257107341
1430,8.794948448368281,-0.11795050340703879
1431,8.791611887901604,-0.11836916600665585
1432,8.788271400716628,-0.11878834713236877
1433,8.78492701080193,-0.11920804352979099
1434,8.781578742271106,-0.11962825192772221
1435,8.778226619362771,-0.12004896903816634
1436,8.774870666440634,-0.12047019155634621
1437,8.771510907993466,-0.1208919161607245
1438,8.76814736863514,-0.12131413951302038
1439,8.764780073104655,-0.12173685825822822
1440,8.761409046266124,-0.12216006902463795
1441,8.758034313108809,-0.12258376842385382
1442,8.754655898747112,-0.12300795305081497
1443,8.751273828420572,-0.12343261948381659
1444,8.747888127493916,-0.12385776428452909
1445,8.744498821456967,-0.12428338399802322
1446,8.741105935924736,-0.12470947515278835
1447,8.737709496637358,-0.12513603426075792
1448,8.734309529460097,-0.12556305781733068
1449,8.730906060383338,-0.125990542301395
1450,8.727499115522576,-0.1264184841753526
1451,8.724088721118376,-0.1268468798851435
1452,8.720674903536379,-0.12727572586027028
1453,8.717257689267264,-0.1277050185138238
1454,8.713837104926728,-0.12813475424250892
1455,8.710413177255461,-0.12856492942667094
1456,8.70698593311908,-0.1289955404303235
1457,8.703555399508158,-0.12942658360117348
1458,8.700121603538129,-0.12985805527065108
1459,8.696684572449264,-0.1302899517539375
1460,8.69324433360665,-0.13072226934999298
1461,8.689800914500095,-0.13115500434158744
1462,8.68635434274413,-0.13158815299532872
1463,8.682904646077915,-0.13202171156169437
1464,8.679451852365212,-0.13245567627506108
1465,8.675995989594309,-0.1328900433537364
1466,8.672537085877966,-0.13332480899999083
1467,8.669075169453341,-0.1337599694000895
1468,8.665610268681919,-0.1341955207243257
1469,8.66214241204945,-0.13463145912705318
1470,8.658671628165878,-0.1350677807467198
1471,8.65519794576524,-0.13550448170590312
1472,8.651721393705612,-0.13594155811134298
1473,8.64824200096901,-0.1363790060539782
1474,8.644759796661296,-0.1368168216089822
1475,8.641274810012092,-0.13725500083579864
1476,8.637787070374678,-0.13769353977817883
1477,8.634296607225917,-0.1381324344642178
1478,8.630803450166129,-0.1385716809063927
1479,8.627307628918999,-0.139011275101601
1480,8.623809173331448,-0.1394512130311996
1481,8.620308113373548,-0.13989149066104306
1482,8.616804479138402,-0.14033210394152346
1483,8.613298300841995,-0.1407730488076117
1484,8.609789608823116,-0.14121432117889685
1485,8.60627843354319,-0.1416559169596283
1486,8.60276480558618,-0.1420978320387568
1487,8.599248755658436,-0.14254006228997748
1488,8.595730314588558,-0.14298260357177206
1489,8.592209513327264,-0.14342545172745189
1490,8.588686382947245,-0.14386860258520232
1491,8.585160954643017,-0.14431205195812588
1492,8.581633259730756,-0.1447557956442889
1493,8.578103329648153,-0.14519982942676526
1494,8.574571195954253,-0.14564414907368273
1495,8.571036890329298,-0.14608875033826904
1496,8.567500444574552,-0.14653362895889907
1497,8.56396189061215,-0.14697878065914122
1498,8.560421260484874,-0.1474242011478073
1499,8.556878586356024,-0.14786988611899898
1500,8.553333900509227,-0.14831583125215705
1501,8.549787235348237,-0.14876203221211104
1502,8.546238623396746,-0.1492084846491295
1503,8.542688097298202,-0.1496551841989699
1504,8.539135689815593,-0.15010212648292967
1505,8.535581433831265,-0.15054930710789777
1506,8.532025362346706,-0.1509967216664063
1507,8.528467508482336,-0.15144436573668346
1508,8.524907905477285,-0.1518922348827064
1509,8.521346586689187,-0.1523403246542546
1510,8.517783585593948,-0.15278863058696426
1511,8.514218935785543,-0.1532371482023818
1512,8.510652670975736,-0.15368587300802064
1513,8.507084824993898,-0.15413480049741538
1514,8.503515431786727,-0.1545839261501785
1515,8.499944525418044,-0.15503324543205668
1516,8.496372140068509,-0.1554827537949879
1517,8.492798310035388,-0.15593244667715986
1518,8.489223069732278,-0.15638231950306766
1519,8.485646453688876,-0.15683236768357217
1520,8.48206849655069,-0.15728258661595942
1521,8.47848923307879,-0.15773297168400036
1522,8.474908698149497,-0.1581835182580119
1523,8.47132692675415,-0.1586342216949163
1524,8.467743953998786,-0.15908507733830393
1525,8.464159815103889,-0.1595360805184931
1526,8.46057454540405,-0.15998722655259495
1527,8.456988180347729,-0.16043851074457388
1528,8.453400755496904,-0.16088992838531252
1529,8.44981230652678,-0.16134147475267563
1530,8.446222869225505,-0.16179314511157292
1531,8.442632479493804,-0.16224493471402615
1532,8.439041173344725,-0.16269683879923258
1533,8.435448986903248,-0.16314885259363254
1534,8.431855956406004,-0.1636009713109751
1535,8.428262118200923,-0.16405319015238487
1536,8.424667508746895,-0.16450550430643024
1537,8.421072164613442,-0.16495790894919063
1538,8.41747612248035,-0.16541039924432577
1539,8.413879419137302,-0.16586297034314537
1540,8.410282091483575,-0.1663156173846767
1541,8.406684176527634,-0.1667683354957364
1542,8.40308571138677,-0.16722111979100054
1543,8.399486733286743,-0.16767396537307597
1544,8.3958872795614,-0.16812686733257137
1545,8.392287387652278,-0.16857982074817052
1546,8.388687095108242,-0.16903282068670386
1547,8.385086439585058,-0.1694858622032233
1548,8.381485458845042,-0.16993894034107362
1549,8.37788419075662,-0.17039205013196898
1550,8.374282673293925,-0.1708451865960668
1551,8.37068094453642,-0.17129834474204214
1552,8.367079042668427,-0.17175151956716558
1553,8.363477005978751,-0.17220470605737723
1554,8.359874872860226,-0.1726578991873654
1555,8.356272681809306,-0.17311109392064214
1556,8.352670471425572,-0.1735642852096238
1557,8.349068280411368,-0.1740174679957064
1558,8.345466147571294,-0.17447063720934622
1559,8.341864111811764,-0.17492378777013917
1560,8.338262212140569,-0.17537691458689977
1561,8.334660487666394,-0.17583001255774205
1562,8.33105897759835,-0.17628307657016098
1563,8.327457721245477,-0.1767361015011138
1564,8.323856758016325,-0.17718908221710053
1565,8.320256127418405,-0.17764201357424816
1566,8.316655869057733,-0.17809489041839274
1567,8.313056022638312,-0.17854770758516333
1568,8.30945662796166,-0.1790004599000648
1569,8.305857724926263,-0.1794531421785639
1570,8.302259353527095,-0.17990574922617292
1571,8.298661553855077,-0.18035827583853634
1572,8.295064366096563,-0.18081071680151556
1573,8.291467830532822,-0.1812630668912758
1574,8.287871987539475,-0.18171532087437361
1575,8.284276877585976,-0.1821674735078439
1576,8.280682541235056,-0.18261951953928757
1577,8.277089019142167,-0.183071453706961
1578,8.273496352054945,-0.18352327073986355
1579,8.269904580812609,-0.18397496535782884
1580,8.266313746345439,-0.18442653227161246
1581,8.262723889674149,-0.1848779661829848
1582,8.259135051909356,-0.18532926178482004
1583,8.255547274250963,-0.18578041376118828
1584,8.251960597987564,-0.1862314167874483
1585,8.248375064495868,-0.1866822655303387
1586,8.244790715240072,-0.18713295464807142
1587,8.241207591771266,-0.18758347879042508
1588,8.237625735726816,-0.18803383259883866
1589,8.234045188829738,-0.18848401070650597
1590,8.230465992888067,-0.18893400773847066
1591,8.226888189794224,-0.18938381831172177
1592,8.223311821524392,-0.18983343703528835
1593,8.21973693013786,-0.19028285851033708
1594,8.216163557776358,-0.1907320773302684
1595,8.212591746663426,-0.19118108808081383
1596,8.20902153910373,-0.1916298853401338
1597,8.205452977482393,-0.1920784636789164
1598,8.201886104264345,-0.19252681766047422
1599,8.198320961993614,-0.19297494184084543
1600,8.194757593292644,-0.19342283076889286
1601,8.191196040861623,-0.193870478986403
1602,8.187636347477735,-0.19431788102818887
1603,8.184078555994516,-0.19476503142218832
1604,8.180522709341098,-0.1952119246895675
1605,8.176968850521485,-0.19565855534482265
1606,8.17341702261389,-0.19610491789588064
1607,8.169867268769936,-0.19655100684420423
1608,8.166319632213947,-0.19699681668489416
1609,8.162774156242223,-0.19744234190679286
1610,8.159230884222248,-0.19788757699258955
1611,8.155689859591973,-0.19833251641892424
1612,8.152151125859044,-0.19877715465649298
1613,8.148614726600028,-0.19922148617015353
1614,8.145080705459646,-0.19966550541903152
1615,8.141549106149986,-0.20010920685662695
1616,8.138019972449726,-0.20055258493092118
1617,8.134493348203328,-0.20099563408448418
1618,8.130969277320256,-0.2014383487545825
1619,8.127447803774167,-0.20188072337328694
1620,8.123928971602082,-0.2023227523675829
1621,8.120412824903589,-0.20276443015947784
1622,8.116899407840004,-0.20320575116611175
1623,8.113388764633555,-0.20364670979986696
1624,8.109880939566525,-0.20408730046847887
1625,8.106375976980441,-0.20452751757514612
1626,8.10287392127519,-0.20496735551864276
1627,8.099374816908187,-0.20540680869342967
1628,8.095878708393485,-0.20584587148976707
1629,8.092385640300945,-0.2062845382938265
1630,8.08889565725533,-0.20672280348780414
1631,8.085408803935435,-0.2071606614500345
1632,8.081925125073193,-0.20759810655510436
1633,8.0784446654528,-0.20803513317396602
1634,8.074967469909792,-0.2084717356740532
1635,8.071493583330126,-0.2089079084193966
1636,8.068023050649325,-0.20934364577073689
1637,8.064555916851488,-0.2097789420856434
1638,8.0610922269684,-0.21021379171862936
1639,8.057632026078606,-0.21064818902126814
1640,8.054175359306445,-0.21108212834231108
1641,8.050722271821131,-0.21151560402780478
1642,8.047272808835778,-0.2119486104212093
1643,8.04382701560646,-0.21238114186351564
1644,8.040384937431233,-0.21281319269336563
1645,8.036946619649163,-0.2132447572471707
1646,8.03351210763936,-0.2136758298592305
1647,8.03008144681999,-0.2141064048618537
1648,8.026654682647276,-0.21453647658547784
1649,8.023231860614501,-0.21496603935879066
1650,8.019813026251024,-0.2153950875088497
1651,8.016398225121248,-0.21582361536120498
1652,8.012987502823602,-0.21625161724002065
1653,8.009580904989534,-0.2166790874681966
1654,8.006178477282479,-0.21710602036749096
1655,8.002780265396815,-0.21753241025864337
1656,7.999386315056818,-0.21795825146149836
1657,7.9959966720156315,-0.21838353829512824
1658,7.992611382054196,-0.21880826507795745
1659,7.989230490980187,-0.21923242612788726
1660,7.98585404462696,-0.2196560157624196
1661,7.9824820888524615,-0.22007902829878304
1662,7.979114669538167,-0.22050145805405683
1663,7.975751832587963,-0.2209232993452986
1664,7.972393623927103,-0.22134454648966795
1665,7.969040089501056,-0.22176519380455498
1666,7.965691275274428,-0.2221852356077061
1667,7.962347227229854,-0.22260466621735064
1668,7.959007991366869,-0.22302347995232893
1669,7.955673613700778,-0.22344167113222058
1670,7.95234414026155,-0.22385923407747033
1671,7.949019617092649,-0.22427616310951926
1672,7.945700090249911,-0.22469245255093134
1673,7.942385605800388,-0.22510809672552368
1674,7.939076209821204,-0.2255230899584947
1675,7.9357719483983695,-0.22593742657655494
1676,7.932472867625626,-0.22635110090805682
1677,7.929179013603283,-0.2267641072831239
1678,7.925890432437027,-0.22717644003378218
1679,7.922607170236721,-0.22758809349409154
1680,7.919329273115237,-0.22799906200027553
1681,7.916056787187254,-0.2284093398908536
1682,7.912789758568018,-0.22881892150677358
1683,7.9095282333721855,-0.22922780119154196
1684,7.906272257712571,-0.22963597329135732
1685,7.903021877698935,-0.23004343215524287
1686,7.8997771394367495,-0.23045017213517927
1687,7.896538089025964,-0.2308561875862377
1688,7.893304772559776,-0.2312614728667131
1689,7.890077236123365,-0.2316660223382585
1690,7.886855525792666,-0.23206983036601797
1691,7.883639687633084,-0.2324728913187617
1692,7.880429767698261,-0.23287519956901961
1693,7.8772258120287635,-0.23327674949321764
1694,7.874027866650851,-0.23367753547181083
1695,7.870835977575164,-0.2340775518894201
1696,7.867650190795455,-0.23447679313496675
1697,7.864470552287287,-0.2348752536018086
1698,7.861297108006739,-0.23527292768787583
1699,7.858129903889098,-0.23566980979580757
1700,7.854968985847553,-0.23606589433308778
1701,7.851814399771873,-0.23646117571218248
1702,7.848666191527094,-0.2368556483506763
1703,7.845524406952206,-0.23724930667140917
1704,7.842389091858789,-0.2376421451026148
1705,7.839260292029706,-0.23803415807805706
1706,7.83613805321774,-0.23842534003716878
1707,7.833022421144259,-0.23881568542518908
1708,7.829913441497859,-0.23920518869330162
1709,7.826811159933018,-0.23959384429877287
1710,7.823715622068713,-0.23998164670509103
1711,7.8206268734870585,-0.24036859038210515
1712,7.817544959731933,-0.2407546698061631
1713,7.814469926307616,-0.24113987946025145
1714,7.811401818677379,-0.24152421383413475
1715,7.808340682262105,-0.24190766742449524
1716,7.805286562438914,-0.24229023473507164
1717,7.802239504539741,-0.2426719102768001
1718,7.799199553849943,-0.24305268856795378
1719,7.79616675560689,-0.24343256413428285
1720,7.793141154998555,-0.24381153150915552
1721,7.790122797162078,-0.24418958523369838
1722,7.787111727182382,-0.2445667198569361
1723,7.784107990090714,-0.24494292993593353
1724,7.781111630863216,-0.24531821003593654
1725,7.778122694419504,-0.24569255473051244
1726,7.775141225621223,-0.2460659586016918
1727,7.772167269270591,-0.24643841624010993
1728,7.769200870108965,-0.24680992224514783
1729,7.766242072815387,-0.2471804712250745
1730,7.763290922005105,-0.24755005779718867
1731,7.7603474622281485,-0.2479186765879601
1732,7.757411737967819,-0.24828632223317268
1733,7.754483793639253,-0.24865298937806557
1734,7.751563673587953,-0.24901867267747557
1735,7.748651422088271,-0.24938336679598033
1736,7.74574708334196,-0.24974706640804006
1737,7.742850701476689,-0.2501097661981398
1738,7.739962320544524,-0.25047146086093336
1739,7.737081984520468,-0.2508321451013848
1740,7.734209737300956,-0.25119181363491133
1741,7.7313456227023405,-0.25155046118752705
1742,7.728489684459404,-0.25190808249598523
1743,7.725641966223841,-0.2522646723079218
1744,7.722802511562756,-0.2526202253819981
1745,7.719971363957156,-0.25297473648804364
1746,7.7171485668004,-0.25332820040720105
1747,7.714334163396723,-0.25368061193206737
1748,7.7115281969596845,-0.2540319658668387
1749,7.70873071061065,-0.25438225702745315
1750,7.705941747377265,-0.2547314802417341
1751,7.7031613501919205,-0.2550796303495338
1752,7.700389561890215,-0.25542670220287744
1753,7.697626425209424,-0.2557726906661057
1754,7.694871982786937,-0.2561175906160198
1755,7.692126277158772,-0.2564613969420226
1756,7.689389350757949,-0.2568041045462651
1757,7.68666124591301,-0.2571457083437883
1758,7.683942004846441,-0.2574862032626669
1759,7.681231669673113,-0.2578255842441538
1760,7.678530282398735,-0.25816384624282335
1761,7.675837884918309,-0.25850098422671447
1762,7.673154519014558,-0.25883699317747466
1763,7.670480226356364,-0.2591718680905039
1764,7.667815048497214,-0.259505603975098
1765,7.665159026873626,-0.25983819585459206
1766,7.662512202803588,-0.26016963876650434
1767,7.659874617485003,-0.26049992776267894
1768,7.657246311994084,-0.26082905790943106
1769,7.654627327283831,-0.2611570242876881
1770,7.652017704182406,-0.26148382199313547
1771,7.649417483391618,-0.26180944613635765
1772,7.646826705485307,-0.2621338918429829
1773,7.644245410907764,-0.26245715425382693
1774,7.641673639972192,-0.2627792285250346
1775,7.639111432859099,-0.26310010982822357
1776,7.636558829614722,-0.2634197933506285
1777,7.634015870149446,-0.2637382742952428
1778,7.631482594236255,-0.2640555478809611
1779,7.628959041509104,-0.2643716093427236
1780,7.6264452514613685,-0.2646864539316578
1781,7.623941263444266,-0.26500007691522093
1782,7.621447116665253,-0.26531247357734306
1783,7.618962850186455,-0.2656236392185697
1784,7.616488502923094,-0.265933569156203
1785,7.614024113641885,-0.2662422587244453
1786,7.6115697209594755,-0.26654970327454036
1787,7.609125363340849,-0.2668558981749156
1788,7.60669107909775,-0.2671608388113242
1789,7.604266906387113,-0.2674645205869858
1790,7.601852883209455,-0.2677669389227296
1791,7.599449047407332,-0.2680680892571344
1792,7.597055436663722,-0.26836796704667093
1793,7.5946720885004755,-0.2686665677658427
1794,7.592299040276715,-0.26896388690732653
1795,7.589936329187305,-0.2692599199821133
1796,7.587583992261208,-0.2695546625196497
1797,7.585242066359956,-0.2698481100679781
1798,7.582910588176071,-0.2701402581938763
1799,7.580589594231484,-0.27043110248299884
1800,7.578279120875987,-0.2707206385400154
1801,7.575979204285632,-0.27100886198875224
1802,7.573689880461182,-0.27129576847233117
1803,7.5714111852265455,-0.27158135365330865
1804,7.569143154227218,-0.2718656132138151
1805,7.566885822928727,-0.2721485428556935
1806,7.564639226615045,-0.27243013830063934
1807,7.562403400387051,-0.2727103952903384
1808,7.560178379161,-0.27298930958660433
1809,7.5579641976669185,-0.27326687697151864
1810,7.555760890447106,-0.27354309324756665
1811,7.553568491854566,-0.2738179542377761
1812,7.551387036051455,-0.2740914557858549
1813,7.5492165570075525,-0.27436359375632774
1814,7.547057088498738,-0.27463436403467223
1815,7.54490866410542,-0.2749037625274575
1816,7.5427713172110336,-0.27517178516247914
1817,7.540645081000515,-0.2754384278888953
1818,7.538529988458761,-0.275703686677363
1819,7.536426072369104,-0.2759675575201743
1820,7.534333365311818,-0.27623003643139016
1821,7.532251899662576,-0.2764911194469771
1822,7.5301817075909785,-0.2767508026249403
1823,7.528122821059013,-0.27700908204545915
1824,7.526075271819572,-0.27726595381102087
1825,7.524039091414941,-0.2775214140465552
1826,7.522014311175324,-0.27777545889956645
1827,7.520000962217334,-0.27802808454026856
1828,7.5179990754425345,-0.2782792871617159
1829,7.516008681535943,-0.27852906297993757
1830,7.514029810964562,-0.27877740823406877
1831,7.512062493975902,-0.2790243191864832
1832,7.5101067605965275,-0.27926979212292435
1833,7.5081626406306015,-0.2795138233526365
1834,7.506230163658415,-0.2797564092084963
1835,7.504309359034958,-0.27999754604714244
1836,7.502400255888452,-0.28023723024910685
1837,7.500502883118947,-0.28047545821894326
1838,7.498617269396856,-0.28071222638535775
1839,7.49674344316155,-0.28094753120133736
1840,7.494881432619931,-0.2811813691442785
1841,7.49303126574502,-0.281413736716116
1842,7.491192970274545,-0.2816446304434505
1843,7.48936657370954,-0.28187404687767614
1844,7.487552103312968,-0.28210198259510727
1845,7.485749586108303,-0.28232843419710596
1846,7.483959048878164,-0.28255339831020826
1847,7.4821805181629495,-0.2827768715862491
1848,7.480414020259454,-0.28299885070248854
1849,7.478659581219511,-0.2832193323617373
1850,7.47691722684863,-0.2834383132924807
1851,7.47518698270467,-0.28365579024900317
1852,7.473468874096502,-0.28387176001151115
1853,7.471762926082643,-0.2840862193862581
1854,7.470069163469959,-0.2842991652056664
1855,7.4683876108123375,-0.2845105943284497
1856,7.466718292409393,-0.2847205036397352
1857,7.46506123230514,-0.2849288900511851
1858,7.463416454286733,-0.28513575050111734
1859,7.4617839818831495,-0.2853410819546268
1860,7.460163838363926,-0.28554488140370526
1861,7.458556046737897,-0.28574714586736044
1862,7.456960629751918,-0.28594787239173586
1863,7.4553776098896325,-0.286147058050229
1864,7.45380700937021,-0.2863446999436099
1865,7.45224885014713,-0.2865407952001382
1866,7.45070315390693,-0.2867353409756814
1867,7.449169942068022,-0.28692833445383015
1868,7.447649235779459,-0.28711977284601536
1869,7.446141055919754,-0.287309653391623
1870,7.444645423095686,-0.2874979733581099
1871,7.4431623576411035,-0.2876847300411183
1872,7.441691879615782,-0.2878699207645889
1873,7.440234008804245,-0.28805354288087576
1874,7.4387887647146185,-0.28823559377085795
1875,7.437356166577482,-0.2884160708440531
1876,7.435936233344766,-0.2885949715387276
1877,7.434528983688586,-0.28877229332201004
1878,7.43313443600017,-0.2889480336900001
1879,7.431752608388734,-0.2891221901678796
1880,7.4303835186804115,-0.28929476031002144
1881,7.429027184417152,-0.2894657417000993
1882,7.427683622855666,-0.2896351319511959
1883,7.426352850966364,-0.28980292870591
1884,7.425034885432293,-0.28996912963646515
1885,7.42372974264814,-0.2901337324448141
1886,7.422437438719159,-0.29029673486274726
1887,7.42115798946017,-0.2904581346519968
1888,7.419891410394575,-0.29061792960434085
1889,7.418637716753336,-0.29077611754170957
1890,7.417396923474015,-0.2909326963162869
1891,7.4161690451997915,-0.2910876638106143
1892,7.414954096278504,-0.2912410179376933
1893,7.413752090761712,-0.2913927566410865
1894,7.4125630424037485,-0.29154287789501915
1895,7.411386964660804,-0.29169137970447934
1896,7.410223870690017,-0.29183826010531727
1897,7.4090737733485525,-0.29198351716434573
1898,7.407936685192733,-0.2921271489794373
1899,7.40681261847717,-0.2922691536796219
1900,7.40570158515389,-0.2924095294251847
1901,7.404603596871475,-0.29254827440776215
1902,7.403518664974222,-0.29268538685043827
1903,7.402446800501334,-0.2928208650078389
1904,7.401388014186089,-0.29295470716622657
1905,7.400342316455051,-0.29308691164359396
1906,7.399309717427265,-0.29321747678975724
1907,7.3982902269135025,-0.29334640098644776
1908,7.397283854415475,-0.2934736826474041
1909,7.3962906091250895,-0.29359932021846324
1910,7.395310499923734,-0.2937233121776497
1911,7.394343535381502,-0.29384565703526616
1912,7.393389723756554,-0.2939663533339809
1913,7.392449072994343,-0.2940853996489172
1914,7.3915215907269705,-0.2942027945877401
1915,7.390607284272523,-0.29431853679074177
1916,7.38970616063438,-0.294432624930929
1917,7.388818226500592,-0.2945450577141079
1918,7.387943488243254,-0.29465583387896677
1919,7.387081951917863,-0.29476495219716164
1920,7.386233623262744,-0.2948724114733974
1921,7.385398507698441,-0.2949782105455107
1922,7.384576610327144,-0.2950823482845508
1923,7.38376793593211,-0.2951848235948613
1924,7.382972488977142,-0.2952856354141578
1925,7.382190273606049,-0.2953847827136079
1926,7.381421293642107,-0.29548226449790965
1927,7.380665552587573,-0.29557807980536793
1928,7.379923053623165,-0.29567222770797247
1929,7.37919379960762,-0.2957647073114719
1930,7.378477793077197,-0.29585551775545016
1931,7.37777503624524,-0.29594465821339966
1932,7.377085531001748,-0.29603212789279526
1933,7.376409278912938,-0.2961179260351667
1934,7.375746281220864,-0.29620205191616944
1935,7.375096538842994,-0.29628450484565705
1936,7.374460052371844,-0.2963652841677504
1937,7.373836822074622,-0.29644438926090677
1938,7.37322684789287,-0.2965218195379887
1939,7.372630129442141,-0.29659757444633106
1940,7.372046666011651,-0.29667165346780855
1941,7.371476456564013,-0.2967440561189008
1942,7.370919499734921,-0.29681478195075767
1943,7.370375793832869,-0.29688383054926387
1944,7.369845336838916,-0.29695120153510135
1945,7.369328126406423,-0.2970168945638125
1946,7.3688241598608215,-0.29708090932586145
1947,7.368333434199402,-0.2971432455466949
1948,7.367855946091109,-0.297203902986802
1949,7.367391691876362,-0.2972628814417729
1950,7.3669406675668725,-0.2973201807423575
1951,7.366502868845497,-0.29737580075452225
1952,7.366078291066086,-0.2974297413795066
1953,7.365666929253372,-0.2974820025538781
1954,7.365268778102839,-0.29753258424958756
1955,7.364883831980657,-0.29758148647402166
1956,7.364512084923553,-0.29762870927005725
1957,7.364153530638793,-0.2976742527161114
1958,7.363808162504099,-0.29771811692619343
1959,7.363475973567634,-0.2977603020499545
1960,7.363156956547958,-0.29780080827273686
1961,7.362851103834043,-0.29783963581562206
1962,7.362558407485266,-0.29787678493547787
1963,7.362278859231459,-0.2979122559250044
1964,7.362012450472905,-0.2979460491127805
1965,7.361759172280446,-0.29797816486330686
1966,7.361519015395497,-0.29800860357705067
1967,7.361291970230192,-0.2980373656904868
1968,7.361078026867424,-0.2980644516761408
1969,7.360877175060995,-0.29808986204262927
1970,7.360689404235754,-0.2981135973346981
1971,7.360514703487704,-0.2981356581332636
1972,7.360353061584202,-0.2981560450554482
1973,7.360204466964111,-0.2981747587546184
1974,7.360068907738003,-0.2981917999204204
1975,7.359946371688349,-0.29820716927881497
1976,7.359836846269762,-0.2982208675921109
1977,7.359740318609214,-0.298232895658999
1978,7.359656775506312,-0.2982432543145822
1979,7.3595862034335155,-0.2982519444304093
1980,7.359528588536474,-0.29825896691450215
1981,7.359483916634287,-0.2982643227113863
1982,7.359452173219816,-0.298268012802119
1983,7.359433343460047,-0.2982700382043149
1984,7.359427412196366,-0.29827039997217397
1985,7.359434363944986,-0.2982690991965046
1986,7.359454182897267,-0.2982661370047491
1987,7.359486852920111,-0.29826151456100614
1988,7.3595323575563825,-0.2982552330660527
1989,7.3595906800252955,-0.29824729375736525
1990,7.359661803222871,-0.2982376979091393
1991,7.359745709722353,-0.2982264468323091
1992,7.359842381774693,-0.29821354187456484
1993,7.359951801308999,-0.29819898442037013
1994,7.360073949933039,-0.2981827758909777
1995,7.360208808933744,-0.29816491774444404
1996,7.3603563592777315,-0.29814541147564316
1997,7.3605165816117974,-0.29812425861628056
1998,7.360689456263511,-0.29810146073490357
1999,7.36087496324176,-0.2980770194369123
2000,7.36107308223731,-0.29805093636457
2001,7.361283792623406,-0.2980232131970115
2002,7.361507073456378,-0.29799385165025033
2003,7.361742903476233,-0.29796285347718615
2004,7.361991261107332,-0.29793022046760936
2005,7.362252124458992,-0.2978959544482059
2006,7.362525471326173,-0.2978600572825609
2007,7.362811279190142,-0.2978225308711604
2008,7.36310952521915,-0.29778337715139347
2009,7.363420186269153,-0.29774259809755166
2010,7.363743238884506,-0.2977001957208288
2011,7.364078659298717,-0.29765617206931827
2012,7.364426423435152,-0.2976105292280116
2013,7.36478650690783,-0.2975632693187924
2014,7.3651588850221765,-0.2975143945004321
2015,7.365543532775795,-0.2974639069685846
2016,7.365940424859279,-0.29741180895577785
2017,7.366349535657011,-0.29735810273140606
2018,7.366770839247998,-0.29730279060172005
2019,7.367204309406694,-0.29724587490981697
2020,7.367649919603861,-0.29718735803562824
2021,7.36810764300741,-0.2971272423959079
2022,7.3685774524833185,-0.29706553044421713
2023,7.369059320596466,-0.2970022246709114
2024,7.369553219611567,-0.2969373276031233
2025,7.370059121494084,-0.2968708418047456
2026,7.3705769979111455,-0.2968027698764132
2027,7.371106820232497,-0.29673311445548395
2028,7.371648559531417,-0.29666187821601914
2029,7.372202186585732,-0.29658906386876055
2030,7.372767671878758,-0.29651467416110905
2031,7.373344985600303,-0.29643871187710047
2032,7.373934097647663,-0.296361179837381
2033,7.3745349776266425,-0.29628208089918145
2034,7.375147594852553,-0.2962014179562909
2035,7.375771918351299,-0.29611919393902697
2036,7.376407916860372,-0.29603541181420867
2037,7.3770555588299604,-0.29595007458512473
2038,7.377714812423982,-0.2958631852915029
2039,7.378385645521197,-0.2957747470094772
2040,7.379068025716285,-0.2956847628515545
2041,7.379761920320954,-0.29559323596658016
2042,7.380467296365077,-0.2955001695397011
2043,7.381184120597803,-0.2954055667923298
2044,7.381912359488696,-0.2953094309821065
2045,7.382651979228907,-0.29521176540285876
2046,7.383402945732314,-0.2951125733845624
2047,7.384165224636709,-0.2950118582932998
2048,7.384938781304978,-0.2949096235312169
2049,7.385723580826293,-0.2948058725364804
2050,7.386519588017324,-0.294700608783232
2051,7.387326767423459,-0.2945938357815431
2052,7.388145083320022,-0.2944855570773676
2053,7.388974499713514,-0.294375776252494
2054,7.389814980342858,-0.2942644969244958
2055,7.390666488680657,-0.2941517227466815
2056,7.391528987934473,-0.29403745740804227
2057,7.392402441048065,-0.293921704633201
2058,7.393286810702746,-0.29380446818235606
2059,7.394182059318603,-0.2936857518512289
2060,7.395088149055853,-0.2935655594710066
2061,7.3960050418161485,-0.29344389490828465
2062,7.3969326992438935,-0.2933207620650096
2063,7.397871082727586,-0.2931961648784186
2064,7.39882015340116,-0.29307010732097977
2065,7.399779872145335,-0.29294259340033024
2066,7.400750199588989,-0.29281362715921266
2067,7.401731096110512,-0.2926832126754127
2068,7.402722521839206,-0.2925513540616924
2069,7.4037244366566615,-0.29241805546572536
2070,7.404736800198149,-0.29228332107002863
2071,7.405759571854034,-0.2921471550918945
2072,7.40679271077119,-0.29200956178332127
2073,7.407836175854411,-0.2918705454309422
2074,7.408889925767855,-0.2917301103559537
2075,7.409953918936476,-0.2915882609140423
2076,7.41102811354748,-0.2914450014953105
2077,7.412112467551755,-0.2913003365242024
2078,7.413206938665345,-0.29115427045942677
2079,7.414311484370949,-0.29100680779387855
2080,7.4154260619193355,-0.29085795305456297
2081,7.4165506283308815,-0.2907077108025132
2082,7.417685140397036,-0.2905560856327106
2083,7.41882955468183,-0.29040308217400335
2084,7.419983827523383,-0.29024870508902206
2085,7.421147915035411,-0.2900929590740965
2086,7.422321773108746,-0.28993584885917006
2087,7.423505357412859,-0.28977737920771357
2088,7.424698623397402,-0.2896175549166372
2089,7.425901526293749,-0.28945638081620206
2090,7.42711402111653,-0.2892938617699305
2091,7.428336062665189,-0.28913000267451516
2092,7.429567605525548,-0.28896480845972683
2093,7.430808604071353,-0.28879828408832176
2094,7.432059012465882,-0.2886304345559462
2095,7.433318784663467,-0.288461264891043
2096,7.43458787441113,-0.28829078015475323
2097,7.4358662352501455,-0.2881189854408192
2098,7.437153820517631,-0.2879458858754862
2099,7.438450583348164,-0.28777148661740204
2100,7.4397564766753534,-0.28759579285751696
2101,7.441071453233483,-0.28741880981898077
2102,7.442395465559109,-0.2872405427570401
2103,7.443728465992682,-0.2870609969589342
2104,7.445070406680169,-0.28688017774378965
2105,7.446421239574705,-0.2866980904625132
2106,7.447780916438175,-0.2865147404976857
2107,7.449149388842919,-0.2863301332634517
2108,7.450526608173326,-0.28614427420541116
2109,7.451912525627502,-0.285957168800508
2110,7.453307092218907,-0.28576882255691816
2111,7.454710258778039,-0.28557924101393667
2112,7.456121975954063,-0.28538842974186374
2113,7.457542194216491,-0.2851963943418893
2114,7.458970863856854,-0.2850031404459767
2115,7.460407934990352,-0.284808673716746
2116,7.461853357557547,-0.284612999847355
2117,7.463307081326052,-0.28441612456137916
2118,7.4647690558921855,-0.2842180536126922
2119,7.466239230682678,-0.2840187927853436
2120,7.4677175549563355,-0.28381834789343685
2121,7.469203977805778,-0.2836167247810039
2122,7.47069844815908,-0.2834139293218822
2123,7.472200914781507,-0.2832099674195874
2124,7.473711326277193,-0.2830048450071874
2125,7.475229631090845,-0.28279856804717374
2126,7.476755777509485,-0.28259114253133155
2127,7.47828971366409,-0.28238257448061205
2128,7.47983138753138,-0.2821728699449978
2129,7.481380746935466,-0.2819620350033735
2130,7.482937739549602,-0.281750075763391
2131,7.484502312897889,-0.2815369983613353
2132,7.486074414357003,-0.28132280896198925
2133,7.487653991157905,-0.2811075137584968
2134,7.489240990387567,-0.2808911189722262
2135,7.4908353589907,-0.2806736308526308
2136,7.492437043771475,-0.2804550556771098
2137,7.494045991395268,-0.28023539975086725
2138,7.495662148390368,-0.28001466940677067
2139,7.497285461149709,-0.27979287100520916
2140,7.498915875932609,-0.2795700109339489
2141,7.500553338866508,-0.2793460956079883
2142,7.502197795948696,-0.2791211314694126
2143,7.503849193048042,-0.2788951249872478
2144,7.505507475906737,-0.27866808265731213
2145,7.507172590142019,-0.27844001100206783
2146,7.50884448124794,-0.2782109165704707
2147,7.51052309459706,-0.27798080593782065
2148,7.512208375442223,-0.2777496857056088
2149,7.5139002689182774,-0.2775175625013654
2150,7.515598720043812,-0.2772844429785062
2151,7.517303673722909,-0.27705033381617716
2152,7.519015074746865,-0.2768152417191
2153,7.520732867795957,-0.27657917341741406
2154,7.522456997441155,-0.27634213566651983
2155,7.52418740814586,-0.2761041352469204
2156,7.525924044267668,-0.27586517896406126
2157,7.527666850060092,-0.27562527364817013
2158,7.529415769674309,-0.2753844261540952
2159,7.531170747160875,-0.27514264336114386
2160,7.532931726471498,-0.27489993217291764
2161,7.534698651460735,-0.27465629951714954
2162,7.5364714658877645,-0.2744117523455376
2163,7.538250113418098,-0.27416629763357936
2164,7.5400345376253215,-0.2739199423804044
2165,7.541824681992823,-0.2736726936086069
2166,7.543620489915534,-0.2734245583640761
2167,7.545421904701666,-0.27317554371582575
2168,7.547228869574412,-0.2729256567558251
2169,7.549041327673717,-0.2726749045988255
2170,7.550859222057968,-0.2724232943821884
2171,7.552682495705721,-0.2721708332657129
2172,7.554511091517458,-0.271917528431459
2173,7.556344952317298,-0.2716633870835735
2174,7.55818402085468,-0.271408416448115
2175,7.56002823980614,-0.2711526237728742
2176,7.561877551776988,-0.27089601632719784
2177,7.563731899303032,-0.2706386014018097
2178,7.565591224852318,-0.27038038630862926
2179,7.567455470826808,-0.2701213783805928
2180,7.569324579564093,-0.2698615849714718
2181,7.571198493339123,-0.26960101345568926
2182,7.573077154365909,-0.26933967122813757
2183,7.574960504799183,-0.26907756570399505
2184,7.576848486736165,-0.2688147043185392
2185,7.578741042218223,-0.26855109452696235
2186,7.58063811323256,-0.2682867438041849
2187,7.58253964171394,-0.2680216596446675
2188,7.58444556954635,-0.26775584956222354
2189,7.5863558385647085,-0.267489321089829
2190,7.588270390556543,-0.2672220817794334
2191,7.590189167263656,-0.2669541392017696
2192,7.592112110383835,-0.26668550094616095
2193,7.594039161572513,-0.2664161746203298
2194,7.595970262444445,-0.26614616785020473
2195,7.597905354575374,-0.26587548827972596
2196,7.599844379503707,-0.2656041435706514
2197,7.601787278732174,-0.2653321414023605
2198,7.603733993729492,-0.2650594894716588
2199,7.605684465932029,-0.2647861954925802
2200,7.607638636745446,-0.2645122671961899
2201,7.609596447546361,-0.2642377123303854
2202,7.611557839683987,-0.2639625386596979
2203,7.613522754481788,-0.2636867539650913
2204,7.615491133239103,-0.26341036604376283
2205,7.617462917232806,-0.2631333827089401
2206,7.619438047718925,-0.2628558117896802
2207,7.621416465934284,-0.2625776611306656
2208,7.6233981130980935,-0.2622989385920023
2209,7.625382930413634,-0.26201965204901334
2210,7.627370859069838,-0.26173980939203456
2211,7.629361840242895,-0.26145941852621
2212,7.631355815097881,-0.26117848737128413
2213,7.633352724790378,-0.26089702386139474
2214,7.635352510468053,-0.2606150359448655
2215,7.637355113272261,-0.26033253158399805
2216,7.639360474339654,-0.2600495187548618
2217,7.641368534803759,-0.2597660054470845
2218,7.643379235796573,-0.259481999663642
2219,7.645392518450139,-0.2591975094206469
2220,7.64740832389813,-0.25891254274713676
2221,7.649426593277431,-0.2586271076848613
2222,7.651447267729682,-0.2583412122880706
2223,7.653470288402872,-0.25805486462329985
2224,7.655495596452885,-0.2577680727691561
2225,7.657523133045063,-0.25748084481610284
2226,7.659552839355749,-0.25719318886624504
2227,7.661584656573849,-0.25690511303311203
2228,7.663618525902361,-0.25661662544144204
2229,7.665654388559926,-0.2563277342269637
2230,7.667692185782351,-0.25603844753617877
2231,7.669731858824142,-0.2557487735261439
2232,7.6717733489600315,-0.25545872036425094
2233,7.673816597486485,-0.25516829622800824
2234,7.675861545723243,-0.2548775093048191
2235,7.67790813501481,-0.2545863677917623
2236,7.679956306731959,-0.2542948798953707
2237,7.6820060022732335,-0.2540030538314089
2238,7.68405716306646,-0.2537108978246514
2239,7.686109730570215,-0.2534184201086595
2240,7.6881636462753296,-0.25312562892555796
2241,7.690218851706348,-0.2528325325258116
2242,7.6922752884230325,-0.2525391391680002
2243,7.6943328980218215,-0.2522454571185938
2244,7.696391622137273,-0.2519514946517283
2245,7.698451402443567,-0.25165726004897804
2246,7.700512180655929,-0.2513627615991309
2247,7.702573898532093,-0.25106800759796055
2248,7.704636497873736,-0.2507730063480004
2249,7.706699920527927,-0.25047776615831474
2250,7.708764108388576,-0.2501822953442708
2251,7.710829003397835,-0.24988660222731068
2252,7.712894547547544,-0.24959069513472212
2253,7.714960682880644,-0.2492945823994086
2254,7.717027351492576,-0.24899827235966085
2255,7.719094495532717,-0.24870177335892485
2256,7.721162057205765,-0.2484050937455726
2257,7.723229978773136,-0.24810824187267022
2258,7.725298202554372,-0.24781122609774675
2259,7.727366670928505,-0.24751405478256275
2260,7.729435326335463,-0.24721673629287724
2261,7.731504111277433,-0.24691927899821603
2262,7.733572968320243,-0.2466216912716376
2263,7.735641840094705,-0.2463239814895016
2264,7.737710669297989,-0.2460261580312341
2265,7.739779398694998,-0.2457282292790929
2266,7.741847971119678,-0.24543020361793524
2267,7.743916329476388,-0.2451320894349815
2268,7.745984416741228,-0.2448338951195813
2269,7.748052175963385,-0.24453562906297738
2270,7.750119550266439,-0.24423729965807078
2271,7.7521864828497,-0.24393891529918518
2272,7.754252916989524,-0.24364048438182975
2273,7.756318796040615,-0.2433420153024639
2274,7.758384063437341,-0.24304351645826008
2275,7.76044866269503,-0.24274499624686663
2276,7.762512537411242,-0.24244646306617187
2277,7.764575631267098,-0.24214792531406493
2278,7.766637888028518,-0.2418493913881999
2279,7.768699251547545,-0.24155086968575623
2280,7.770759665763588,-0.24125236860320146
2281,7.7728190747046755,-0.2409538965360537
2282,7.774877422488757,-0.24065546187864129
2283,7.776934653324911,-0.24035707302386608
2284,7.778990711514635,-0.24005873836296288
2285,7.781045541453048,-0.23976046628526168
2286,7.783099087630166,-0.2394622651779474
2287,7.785151294632108,-0.2391641434258212
2288,7.787202107142342,-0.23886610941106
2289,7.789251469942895,-0.2385681715129774
2290,7.791299327915552,-0.23827033810778447
2291,7.7933456260430924,-0.2379726175683482
2292,7.795390309410496,-0.23767501826395188
2293,7.797433323206096,-0.23737754856005622
2294,7.799474612722829,-0.23708021681805677
2295,7.801514123359384,-0.23678303139504497
2296,7.8035518006214035,-0.23648600064356678
2297,7.8055875901226415,-0.23618913291138266
2298,7.80762143758614,-0.23589243654122652
2299,7.8096532888454,-0.23559591987056477
2300,7.811683089845527,-0.23529959123135577
2301,7.813710786644394,-0.23500345894980873
2302,7.815736325413783,-0.23470753134614247
2303,7.817759652440527,-0.23441181673434502
2304,7.819780714127642,-0.23411632342193225
2305,7.82179945699547,-0.23382105970970632
2306,7.823815827682778,-0.2335260338915159
2307,7.825829772947911,-0.23323125425401323
2308,7.8278412396698664,-0.23293672907641513
2309,7.829850174849427,-0.23264246663026028
2310,7.831856525610258,-0.23234847517916896
2311,7.8338602391999945,-0.23205476297860178
2312,7.835861262991342,-0.2317613382756188
2313,7.837859544483148,-0.23146820930863873
2314,7.839855031301502,-0.23117538430719728
2315,7.841847671200768,-0.23088287149170791
2316,7.843837412064712,-0.230590679073219
2317,7.84582420190751,-0.23029881525317483
2318,7.847807988874826,-0.23000728822317423
2319,7.849788721244863,-0.2297161061647304
2320,7.851766347429415,-0.22942527724902984
2321,7.853740815974881,-0.22913480963669317
2322,7.8557120755633285,-0.22884471147753396
2323,7.857680075013499,-0.22855499091031925
2324,7.859644763281844,-0.2282656560625293
2325,7.861606089463541,-0.22797671505011785
2326,7.8635640027935,-0.22768817597727264
2327,7.865518452647357,-0.22740004693617658
2328,7.867469388542514,-0.2271123360067666
2329,7.869416760139082,-0.22682505125649685
2330,7.871360517240918,-0.2265382007400978
2331,7.873300609796562,-0.22625179249933927
2332,7.875236987900254,-0.2259658345627904
2333,7.877169601792899,-0.22568033494558182
2334,7.8790984018630175,-0.22539530164916777
2335,7.881023338647708,-0.22511074266108863
2336,7.882944362833622,-0.2248266659547322
2337,7.884861425257916,-0.2245430794890967
2338,7.886774476909161,-0.22425999120855414
2339,7.888683468928321,-0.22397740904261312
2340,7.890588352609668,-0.2236953409056819
2341,7.892489079401714,-0.22341379469683262
2342,7.89438560090813,-0.22313277829956488
2343,7.896277868888676,-0.22285229958157005
2344,7.898165835260113,-0.2225723663944955
2345,7.900049452097094,-0.22229298657371013
2346,7.901928671633076,-0.2220141679380692
2347,7.903803446261209,-0.22173591828968
2348,7.9056737285352385,-0.22145824541366746
2349,7.907539471170401,-0.22118115707793967
2350,7.909400627044267,-0.2209046610329561
2351,7.911257149197646,-0.22062876501149323
2352,7.9131089908354495,-0.22035347672841207
2353,7.914956105327553,-0.22007880388042578
2354,7.9167984462096594,-0.21980475414586775
2355,7.918635967184149,-0.2195313351844602
2356,7.920468622120918,-0.2192585546370829
2357,7.92229636505823,-0.2189864201255427
2358,7.924119150203582,-0.2187149392523419
2359,7.925936931934491,-0.21844411960044982
2360,7.927749664799327,-0.21817396873307335
2361,7.929557303518176,-0.21790449419342672
2362,7.9313598029836205,-0.21763570350450337
2363,7.93315711826156,-0.21736760416884862
2364,7.934949204592016,-0.21710020366833113
2365,7.936736017389937,-0.2168335094639163
2366,7.938517512246009,-0.21656752899543835
2367,7.9402936449274035,-0.21630226968137667
2368,7.942064371378619,-0.2160377389186271
2369,7.943829647722216,-0.2157739440822791
2370,7.945589430259637,-0.21551089252538932
2371,7.9473436754719256,-0.21524859157875909
2372,7.949092340020525,-0.21498704855071002
2373,7.950835380748042,-0.2147262707268606
2374,7.9525727546789895,-0.21446626536990415
2375,7.95430441902054,-0.21420703971938695
2376,7.956030331163266,-0.2139486009914869
2377,7.957750448681904,-0.21369095637879187
2378,7.959464729336048,-0.21343411305008103
2379,7.96117313107094,-0.21317807815010328
2380,7.962875612018119,-0.21292285879936063
2381,7.964572130496215,-0.21266846209388732
2382,7.966262645011625,-0.21241489510503353
2383,7.967947114259232,-0.2121621648792478
2384,7.969625497123113,-0.21191027843786042
2385,7.971297752677234,-0.2116592427768679
2386,7.972963840186158,-0.21140906486671715
2387,7.974623719105717,-0.21115975165209147
2388,7.976277349083735,-0.2109113100516958
2389,7.977924689960655,-0.2106637469580447
2390,7.979565701770273,-0.21041706923724823
2391,7.981200344740367,-0.2101712837288017
2392,7.982828579293388,-0.20992639724537307
2393,7.984450366047118,-0.20968241657259323
2394,7.986065665815321,-0.20943934846884613
2395,7.987674439608405,-0.2091971996650594
2396,7.989276648634062,-0.2089559768644964
2397,7.990872254297917,-0.20871568674254867
2398,7.992461218204164,-0.20847633594652856
2399,7.994043502156198,-0.20823793109546396
2400,7.995619068157264,-0.20800047877989158
2401,7.997187878411053,-0.20776398556165404
2402,7.998749895322333,-0.2075284579736949
2403,8.000305081497567,-0.2072939025198567
2404,8.00185339974554,-0.20706032567467683
2405,8.003394813077932,-0.20682773388318837
2406,8.004929284709938,-0.20659613356071824
2407,8.006456778060874,-0.2063655310926873
2408,8.007977256754753,-0.2061359328344116
2409,8.009490684620888,-0.20590734511090444
2410,8.010997025694447,-0.20567977421667916
2411,8.012496244217083,-0.20545322641555158
2412,8.013988304637449,-0.20522770794044576
2413,8.015473171611815,-0.20500322499319837
2414,8.016950810004614,-0.20477978374436476
2415,8.018421184889,-0.20455739033302642
2416,8.019884261547407,-0.20433605086659865
2417,8.021340005472108,-0.20411577142063905
2418,8.02278838236576,-0.2038965580386571
2419,8.024229358141948,-0.20367841673192494
2420,8.025662898925713,-0.2034613534792888
2421,8.027088971054098,-0.20324537422698116
2422,8.028507541076673,-0.20303048488843473
2423,8.029918575756074,-0.2028166913440949
2424,8.031322042068506,-0.20260399944123667
2425,8.032717907204269,-0.20239241499378008
2426,8.034106138568282,-0.2021819437821067
2427,8.03548670378055,-0.20197259155287928
2428,8.036859570676727,-0.20176436401885853
2429,8.038224707308576,-0.20155726685872455
2430,8.039582081944468,-0.20135130571689744
2431,8.040931663069895,-0.2011464862033588
2432,8.042273419387936,-0.2009428138934748
2433,8.04360731981974,-0.2007402943278208
2434,8.044933333505035,-0.20053893301200465
2435,8.046251429802549,-0.20033873541649458
2436,8.047561578290535,-0.20013970697644426
2437,8.048863748767207,-0.19994185309152207
2438,8.050157911251212,-0.19974517912573933
2439,8.051444035982065,-0.19954969040728143
2440,8.052722093420652,-0.1993553922283373
2441,8.053992054249628,-0.19916228984493267
2442,8.05525388937389,-0.19897038847676346
2443,8.05650756992102,-0.19877969330702888
2444,8.057753067241705,-0.19859020948226808
2445,8.058990352910188,-0.19840194211219572
2446,8.060219398724696,-0.19821489626953934
2447,8.061440176707844,-0.19802907698987926
2448,8.06265265910707,-0.19784448927148723
2449,8.063856818395074,-0.1976611380751668
2450,8.065052627270202,-0.19747902832409595
2451,8.066240058656854,-0.1972981649036706
2452,8.067419085705906,-0.19711855266134803
2453,8.068589681795103,-0.19694019640649213
2454,8.069751820529465,-0.19676310091021995
2455,8.070905475741666,-0.19658727090524952
2456,8.07205062149242,-0.1964127110857491
2457,8.073187232070897,-0.19623942610718517
2458,8.074315281995064,-0.1960674205861758
2459,8.075434746012098,-0.19589669910034113
2460,8.076545599098734,-0.19572726618815758
2461,8.07764781646164,-0.19555912634881256
2462,8.078741373537802,-0.19539228404205922
2463,8.079826245994862,-0.19522674368807444
2464,8.08090240973149,-0.19506250966731628
2465,8.08196984087773,-0.19489958632038393
2466,8.08302851579535,-0.1947379779478777
2467,8.084078411078202,-0.19457768881026113
2468,8.085119503552555,-0.19441872312772351
2469,8.086151770277429,-0.19426108508004455
2470,8.087175188544927,-0.19410477880646013
2471,8.088189735880597,-0.19394980840552756
2472,8.089195390043733,-0.19379617793499457
2473,8.090192129027681,-0.1936438914116691
2474,8.09117993106021,-0.1934929528112877
2475,8.092158774603787,-0.1933433660683891
2476,8.093128638355896,-0.19319513507618635
2477,8.094089501249366,-0.1930482636864407
2478,8.095041342452658,-0.1929027557093374
2479,8.095984141370181,-0.19275861491336235
2480,8.096917877642564,-0.19261584502518042
2481,8.097842531146982,-0.1924744497295143
2482,8.098758081997433,-0.19233443266902492
2483,8.099664510545004,-0.1921957974441945
2484,8.100561797378196,-0.19205854761320815
2485,8.101449923323157,-0.19192268669183982
2486,8.102328869444003,-0.19178821815333677
2487,8.103198617043061,-0.1916551454283074
2488,8.104059147661149,-0.19152347190460964
2489,8.104910443077818,-0.19139320092724132
2490,8.105752485311651,-0.19126433579822993
2491,8.106585256620507,-0.19113687977652544
2492,8.10740873950175,-0.19101083607789532
2493,8.108222916692533,-0.19088620787481786
2494,8.109027771170025,-0.19076299829637988
2495,8.10982328615166,-0.19064121042817425
2496,8.110609445095369,-0.1905208473121988
2497,8.111386231699855,-0.19040191194675607
2498,8.112153629904762,-0.19028440728635737
2499,8.112911623890943,-0.19016833624162427
2500,8.113660198080694,-0.19005370167919322
2501,8.114399337137952,-0.1899405063851029
2502,8.115129025946011,-0.189828753070039
2503,8.115849249585208,-0.18971844441017752
2504,8.116559993333059,-0.18960958304712125
2505,8.117261242664426,-0.18950217158783614
2506,8.11795298325166,-0.18939621260458897
2507,8.11863520096477,-0.18929170863488512
2508,8.119307881871537,-0.18918866218140867
2509,8.11997101223768,-0.18908707571196187
2510,8.120624578527,-0.18898695165940613
2511,8.121268567401508,-0.18888829242160343
2512,8.121902965721574,-0.18879110036135915
2513,8.122527760546063,-0.1886953778063651
2514,8.12314293913245,-0.18860112704914422
2515,8.123748488936974,-0.1885083503469953
2516,8.124344397614745,-0.18841704992193906
2517,8.124930653019916,-0.18832722796066365
2518,8.125507243205732,-0.1882388866144747
2519,8.12607415642473,-0.188152027999241
2520,8.1266313811288,-0.18806665419534616
2521,8.127178905969336,-0.187982767247637
2522,8.127716719797348,-0.18790036916537511
2523,8.12824481166357,-0.18781946192218874
2524,8.128763170818575,-0.1877400474560251
2525,8.129271786712872,-0.18766212766910467
2526,8.129770648997034,-0.18758570442787448
2527,8.130259747521785,-0.18751077956296439
2528,8.130739072338118,-0.18743735486914243
2529,8.13120861369738,-0.18736543210527198
2530,8.131668362051384,-0.18729501299426965
2531,8.132118308052503,-0.18722609922306374
2532,8.132558442553753,-0.18715869244255404
2533,8.132988756608906,-0.1870927942675719
2534,8.133409241472554,-0.18702840627684203
2535,8.133819888600232,-0.18696553001294344
2536,8.134220689648469,-0.18690416698227372
2537,8.134611636474892,-0.18684431865501205
2538,8.134992721138305,-0.18678598646508435
2539,8.13536393589876,-0.1867291718101287
2540,8.13572527321765,-0.18667387605146138
2541,8.136076725757775,-0.18662010051404487
2542,8.13641828638341,-0.18656784648645572
2543,8.136749948160395,-0.18651711522085324
2544,8.137071704356176,-0.18646790793295032
2545,8.137383548439901,-0.1864202258019833
2546,8.137685474082486,-0.18637406997068334
2547,8.137977475156637,-0.18632944154525097
2548,8.138259545736952,-0.1862863415953273
2549,8.138531680099986,-0.1862447711539691
2550,8.138793872724268,-0.18620473121762393
2551,8.139046118290388,-0.18616622274610664
2552,8.13928841168105,-0.18612924666257522
2553,8.139520747981093,-0.18609380385351015
2554,8.139743122477578,-0.18605989516869142
2555,8.139955530659813,-0.18602752142117884
2556,8.140157968219405,-0.18599668338729283
2557,8.140350431050297,-0.18596738180659494
2558,8.140532915248818,-0.18593961738187073
2559,8.14070541711371,-0.18591339077911223
2560,8.140867933146179,-0.18588870262750234
2561,8.141020460049923,-0.1858655535193991
2562,8.14116299473116,-0.1858439440103224
2563,8.141295534298672,-0.185823874618939
2564,8.141418076063813,-0.18580534582705208
2565,8.141530617540555,-0.18578835807958743
2566,8.14163315644552,-0.1857729117845839
2567,8.141725690697964,-0.18575900731318368
2568,8.141808218419824,-0.18574664499962318
2569,8.141880737935765,-0.18573582514122342
2570,8.141943247773138,-0.18572654799838498
2571,8.14199574666205,-0.18571881379458002
2572,8.142038233535322,-0.18571262271634836
2573,8.142070707528548,-0.1857079749132913
2574,8.142093167980082,-0.18570487049806883
2575,8.14210561443105,-0.18570330954639624
2576,8.142108046625344,-0.18570329209704334
2577,8.142100464509651,-0.1857048181518315
2578,8.142082868233423,-0.18570788767563537
2579,8.142055258148883,-0.18571250059638283
2580,8.142017634811053,-0.1857186568050558
2581,8.141969998977704,-0.18572635615569424
2582,8.14191235160937,-0.1857355984653987
2583,8.14184469386935,-0.18574638351433428
2584,8.141767027123665,-0.18575871104573707
2585,8.141679352941088,-0.18577258076591774
2586,8.141581673093095,-0.185787992344271
2587,8.141473989553848,-0.18580494541328252
2588,8.141356304500206,-0.1858234395685364
2589,8.141228620311672,-0.18584347436872675
2590,8.141090939570393,-0.18586504933566628
2591,8.140943265061093,-0.18588816395429983
2592,8.140785599771121,-0.18591281767271337
2593,8.140617946890353,-0.18593900990215015
2594,8.140440309811188,-0.18596674001702312
2595,8.140252692128508,-0.18599600735493044
2596,8.140055097639662,-0.18602681121667006
2597,8.1398475303444,-0.18605915086625802
2598,8.13962999444485,-0.1860930255309446
2599,8.139402494345488,-0.18612843440123283
2600,8.139165034653056,-0.18616537663089935
2601,8.138917620176565,-0.18620385133701192
2602,8.138660255927213,-0.18624385759995243
2603,8.138392947118348,-0.18628539446343817
2604,8.138115699165423,-0.1863284609345441
2605,8.137828517685929,-0.18637305598372733
2606,8.13753140849935,-0.18641917854485113
2607,8.137224377627094,-0.1864668275152108
2608,8.136907431292455,-0.1865160017555589
2609,8.136580575920528,-0.18656670009013357
2610,8.136243818138148,-0.1866189213066863
2611,8.135897164773844,-0.18667266415651035
2612,8.135540622857746,-0.18672792735447089
2613,8.13517419962155,-0.18678470957903479
2614,8.134797902498393,-0.18684300947230414
2615,8.134411739122834,-0.18690282564004637
2616,8.134015717330737,-0.18696415665172922
2617,8.133609845159226,-0.1870270010405532
2618,8.133194130846574,-0.18709135730348836
2619,8.132768582832147,-0.18715722390130873
2620,8.132333209756299,-0.18722459925863008
2621,8.131888020460298,-0.18729348176394664
2622,8.131433023986235,-0.1873638697696702
2623,8.13096822957693,-0.18743576159216904
2624,8.130493646675832,-0.18750915551180852
2625,8.13000928492696,-0.18758404977299145
2626,8.129515154174745,-0.18766044258420092
2627,8.129011264463994,-0.18773833211804203
2628,8.128497626039755,-0.18781771651128598
2629,8.127974249347199,-0.18789859386491545
2630,8.12744114503156,-0.1879809622441679
2631,8.126898323937983,-0.188064819678584
2632,8.126345797111448,-0.18815016416205285
2633,8.125783575796635,-0.188236993652861
2634,8.125211671437803,-0.18832530607374154
2635,8.12463009567872,-0.18841509931192169
2636,8.124038860362486,-0.18850637121917574
2637,8.123437977531449,-0.18859911961187487
2638,8.122827459427073,-0.18869334227103948
2639,8.122207318489817,-0.18878903694239252
2640,8.121577567358987,-0.18888620133641357
2641,8.120938218872634,-0.18898483312839268
2642,8.120289286067411,-0.1890849299584867
2643,8.119630782178445,-0.18918648943177468
2644,8.118962720639189,-0.1892895091183163
2645,8.118285115081274,-0.18939398655320996
2646,8.117597979334409,-0.18949991923665008
2647,8.116901327426197,-0.18960730463398826
2648,8.11619517358201,-0.18971614017579355
2649,8.115479532224835,-0.18982642325791366
2650,8.114754417975139,-0.189938151241537
2651,8.114019845650697,-0.19005132145325596
2652,8.11327583026644,-0.19016593118513128
2653,8.112522387034304,-0.19028197769475633
2654,8.11175953136308,-0.19039945820532211
2655,8.110987278858241,-0.19051836990568463
2656,8.110205645321782,-0.1906387099504311
2657,8.109414646752052,-0.19076047545994912
2658,8.108614299343584,-0.19088366352049446
2659,8.107804619486936,-0.19100827118426097
2660,8.106985623768525,-0.19113429546945085
2661,8.106157328970404,-0.19126173336034707
2662,8.105319752070136,-0.19139058180738439
2663,8.104472910240592,-0.19152083772722225
2664,8.103616820849782,-0.19165249800281853
2665,8.102751501460649,-0.1917855594835048
2666,8.101876969830895,-0.1919200189850609
2667,8.100993243912805,-0.19205587328979076
2668,8.100100341853018,-0.19219311914660078
2669,8.099198281992367,-0.1923317532710761
2670,8.098287082865674,-0.1924717723455592
2671,8.09736676320154,-0.19261317301923037
2672,8.096437341922146,-0.19275595190818703
2673,8.095498838143067,-0.1929001055955242
2674,8.09455127117304,-0.1930456306314172
2675,8.093594660513768,-0.19319252353320365
2676,8.092629025859695,-0.19334078078546701
2677,8.091654387097828,-0.19349039884011962
2678,8.090670764307474,-0.19364137411648907
2679,8.089678177760042,-0.19379370300140303
2680,8.088676647918831,-0.19394738184927546
2681,8.087666195438791,-0.19410240698219405
2682,8.086646841166308,-0.19425877469000796
2683,8.085618606138953,-0.1944164812304174
2684,8.084581511585263,-0.19457552282906232
2685,8.083535578924517,-0.19473589567961253
2686,8.082480829766485,-0.19489759594385933
2687,8.081417285911193,-0.19506061975180683
2688,8.080344969348674,-0.19522496320176486
2689,8.079263902258738,-0.19539062236044205
2690,8.078174107010696,-0.1955575932630403
2691,8.07707560616314,-0.19572587191334911
2692,8.075968422463673,-0.1958954542838413
2693,8.074852578848665,-0.19606633631576934
2694,8.073728098442963,-0.19623851391926317
2695,8.072595004559673,-0.1964119829734268
2696,8.071453320699872,-0.19658673932643747
2697,8.070303070552347,-0.19676277879564483
2698,8.06914427799331,-0.19694009716767177
2699,8.067976967086155,-0.19711869019851394
2700,8.066801162081141,-0.19729855361364265
2701,8.065616887415167,-0.1974796831081056
2702,8.064424167711444,-0.1976620743466312
2703,8.06322302777925,-0.19784572296373115
2704,8.062013492613614,-0.1980306245638057
2705,8.060795587395031,-0.19821677472124885
2706,8.059569337489172,-0.19840416898055427
2707,8.058334768446624,-0.1985928028564204
2708,8.057091906002519,-0.19878267183386025
2709,8.055840776076305,-0.19897377136830718
2710,8.054581404771403,-0.19916609688572492
2711,8.053313818374908,-0.19935964378271687
2712,8.052038043357282,-0.19955440742663577
2713,8.050754106372045,-0.19975038315569485
2714,8.049462034255452,-0.19994756627907928
2715,8.048161854026175,-0.2001459520770586
2716,8.046853592885,-0.2003455358010991
2717,8.04553727821446,-0.20054631267397866
2718,8.044212937578562,-0.20074827788989932
2719,8.042880598722409,-0.200951426614604
2720,8.041540289571898,-0.20115575398549085
2721,8.040192038233368,-0.20136125511173028
2722,8.038835872993257,-0.2015679250743824
2723,8.03747182231779,-0.20177575892651284
2724,8.036099914852587,-0.20198475169331387
2725,8.034720179422342,-0.2021948983722214
2726,8.033332645030475,-0.2024061939330351
2727,8.031937340858752,-0.20261863331803984
2728,8.030534296266957,-0.20283221144212507
2729,8.029123540792504,-0.20304692319290785
2730,8.027705104150085,-0.2032627634308548
2731,8.026279016231312,-0.2034797269894044
2732,8.024845307104309,-0.20369780867509207
2733,8.023404007013394,-0.20391700326767287
2734,8.02195514637865,-0.2041373055202474
2735,8.02049875579557,-0.20435871015938756
2736,8.019034866034668,-0.2045812118852617
2737,8.01756350804109,-0.20480480537176263
2738,8.01608471293422,-0.2050294852666346
2739,8.01459851200729,-0.20525524619160118
2740,8.013104936726972,-0.20548208274249474
2741,8.011604018733014,-0.20570998948938418
2742,8.010095789837786,-0.20593896097670678
2743,8.00858028202591,-0.20616899172339745
2744,8.007057527453814,-0.20640007622302137
2745,8.005527558449351,-0.2066322089439038
2746,8.003990407511365,-0.20686538432926418
2747,8.002446107309272,-0.20709959679734838
2748,8.000894690682632,-0.20733484074156228
2749,7.999336190640729,-0.20757111053060606
2750,7.997770640362132,-0.2078084005086093
2751,7.996198073194256,-0.2080467049952661
2752,7.9946185226529405,-0.20828601828597074
2753,7.993032022421982,-0.20852633465195494
2754,7.991438606352703,-0.20876764834042477
2755,7.989838308463519,-0.2090099535746972
2756,7.988231162939447,-0.20925324455434038
2757,7.986617204131662,-0.20949751545531162
2758,7.984996466557073,-0.2097427604300955
2759,7.983368984897803,-0.20998897360784619
2760,7.981734794000764,-0.21023614909452618
2761,7.980093928877152,-0.2104842809730485
2762,7.978446424701994,-0.2107333633034179
2763,7.976792316813677,-0.21098339012287257
2764,7.975131640713448,-0.21123435544602734
2765,7.9734644320649215,-0.21148625326501752
2766,7.9717907266936106,-0.21173907754964183
2767,7.9701105605864155,-0.2119928222475074
2768,7.968423969891144,-0.2122474812841741
2769,7.9667309909159805,-0.21250304856330068
2770,7.965031660129015,-0.21275951796679018
2771,7.9633260141577145,-0.21301688335493618
2772,7.961614089788417,-0.21327513856657052
2773,7.9598959239657985,-0.2135342774192105
2774,7.9581715537923845,-0.21379429370920644
2775,7.956441016527992,-0.214055181211891
2776,7.954704349589218,-0.21431693368172763
2777,7.95296159054891,-0.21457954485246028
2778,7.951212777135611,-0.21484300843726378
2779,7.949457947233051,-0.21510731812889325
2780,7.947697138879574,-0.21537246759983622
2781,7.945930390267585,-0.21563845050246447
2782,7.944157739743026,-0.21590526046918468
2783,7.942379225804804,-0.21617289111259141
2784,7.940594887104222,-0.21644133602562082
2785,7.938804762444438,-0.2167105887817027
2786,7.937008890779866,-0.21698064293491562
2787,7.93520731121563,-0.21725149202014046
2788,7.933400063006973,-0.2175231295532154
2789,7.931587185558675,-0.21779554903109155
2790,7.929768718424474,-0.21806874393198822
2791,7.92794470130648,-0.21834270771554892
2792,7.926115174054556,-0.2186174338229991
2793,7.924280176665766,-0.21889291567730124
2794,7.922439749283712,-0.21916914668331502
2795,7.920593932198007,-0.21944612022795174
2796,7.918742765843576,-0.21972382968033627
2797,7.916886290800104,-0.22000226839196363
2798,7.915024547791398,-0.2202814296968586
2799,7.913157577684746,-0.22056130691173612
2800,7.911285421490333,-0.22084189333615978
2801,7.909408120360562,-0.22112318225270378
2802,7.907525715589441,-0.22140516692711318
2803,7.905638248611942,-0.22168784060846483
2804,7.903745761003346,-0.22197119652933006
2805,7.901848294478606,-0.22225522790593533
2806,7.899945890891677,-0.22253992793832614
2807,7.898038592234883,-0.22282528981052815
2808,7.896126440638213,-0.2231113066907128
2809,7.894209478368692,-0.22339797173135859
2810,7.8922877478297,-0.22368527806941602
2811,7.890361291560272,-0.22397321882647256
2812,7.8884301522344655,-0.22426178710891564
2813,7.88649437266062,-0.22455097600809973
2814,7.884553995780701,-0.22484077860051052
2815,7.882609064669585,-0.22513118794793172
2816,7.880659622534396,-0.22542219709760947
2817,7.878705712713762,-0.22571379908242079
2818,7.876747378677116,-0.2260059869210395
2819,7.874784664024007,-0.22629875361810328
2820,7.872817612483355,-0.2265920921643816
2821,7.870846267912735,-0.22688599553694339
2822,7.868870674297658,-0.22718045669932557
2823,7.866890875750828,-0.22747546860170115
2824,7.864906916511423,-0.22777102418104786
2825,7.862918840944336,-0.22806711636131813
2826,7.860926693539447,-0.22836373805360735
2827,7.858930518910848,-0.2286608821563253
2828,7.856930361796108,-0.22895854155536477
2829,7.854926267055506,-0.22925670912427273
2830,7.852918279671266,-0.22955537772442053
2831,7.850906444746799,-0.229854540205175
2832,7.84889080750591,-0.23015418940406998
2833,7.846871413292016,-0.23045431814697823
2834,7.8448483075673945,-0.23075491924828165
2835,7.842821535912362,-0.23105598551104511
2836,7.840791144024492,-0.23135750972718805
2837,7.838757177717807,-0.23165948467765773
2838,7.836719682922006,-0.23196190313260046
2839,7.8346787056816085,-0.2322647578515371
2840,7.83263429215519,-0.2325680415835346
2841,7.830586488614529,-0.2328717470673806
2842,7.828535341443785,-0.23317586703175747
2843,7.826480897138699,-0.23348039419541575
2844,7.824423202305735,-0.23378532126734886
2845,7.822362303661252,-0.234090640946968
2846,7.82029824803064,-0.23439634592427724
2847,7.818231082347517,-0.23470242888004733
2848,7.816160853652836,-0.2350088824859923
2849,7.814087609094041,-0.2353156994049448
2850,7.8120113959242055,-0.23562287229103093
2851,7.809932261501152,-0.23593039378984787
2852,7.807850253286602,-0.23623825653863814
2853,7.805765418845285,-0.23654645316646702
2854,7.803677805844047,-0.23685497629439914
2855,7.8015874620509615,-0.23716381853567545
2856,7.799494435334477,-0.23747297249588842
2857,7.797398773662458,-0.2377824307731617
2858,7.795300525101313,-0.2380921859583257
2859,7.793199737815101,-0.2384022306350953
2860,7.791096460064587,-0.23871255738024788
2861,7.788990740206335,-0.23902315876380106
2862,7.786882626691782,-0.23933402734919101
2863,7.7847721680663255,-0.23964515569344916
2864,7.782659412968361,-0.23995653634738237
2865,7.780544410128367,-0.24026816185574995
2866,7.778427208367946,-0.2405800247574429
2867,7.776307856598875,-0.2408921175856628
2868,7.774186403822161,-0.24120443286810006
2869,7.772062899127064,-0.24151696312711346
2870,7.769937391690166,-0.2418297008799083
2871,7.76780993077435,-0.24214263863871746
2872,7.7656805657278625,-0.24245576891097897
2873,7.763549345983324,-0.24276908419951623
2874,7.761416321056739,-0.24308257700271751
2875,7.759281540546495,-0.24339623981471623
2876,7.75714505413239,-0.24371006512556959
2877,7.755006911574613,-0.24402404542143927
2878,7.752867162712733,-0.24433817318477158
2879,7.75072585746471,-0.2446524408944766
2880,7.748583045825858,-0.24496684102610916
2881,7.746438777867824,-0.2452813660520491
2882,7.74429310373756,-0.24559600844168122
2883,7.742146073656299,-0.24591076066157572
2884,7.739997737918502,-0.24622561517566902
2885,7.737848146890837,-0.24654056444544376
2886,7.73569735101111,-0.24685560093010955
2887,7.733545400787204,-0.24717071708678431
2888,7.731392346796059,-0.2474859053706734
2889,7.729238239682562,-0.24780115823525203
2890,7.727083130158503,-0.24811646813244498
2891,7.7249270690014935,-0.24843182751280782
2892,7.722770107053872,-0.24874722882570824
2893,7.7206122952216605,-0.24906266451950523
2894,7.7184536844734275,-0.24937812704173185
2895,7.71629432583922,-0.2496936088392751
2896,7.714134270409434,-0.2500091023585579
2897,7.711973569333744,-0.2503246000457186
2898,7.709812273819975,-0.2506400943467926
2899,7.707650435132969,-0.250955577707894
2900,7.705488104593501,-0.2512710425753951
2901,7.703325333577122,-0.2515864813961085
2902,7.701162173513016,-0.25190188661746815
2903,7.698998675882899,-0.2522172506877093
2904,7.696834892219849,-0.25253256605605023
2905,7.694670874107171,-0.25284782517287274
2906,7.692506673177238,-0.2531630204899029
2907,7.690342341110336,-0.2534781444603923
2908,7.688177929633487,-0.2537931895392987
2909,7.686013490519305,-0.2541081481834663
2910,7.6838490755848055,-0.254423012851807
2911,7.681684736690221,-0.2547377760054813
2912,7.679520525737827,-0.2550524301080781
2913,7.677356494670756,-0.25536696762579564
2914,7.675192695471797,-0.25568138102762195
2915,7.673029180162201,-0.25599566278551494
2916,7.670866000800457,-0.256309805374584
2917,7.668703209481107,-0.25662380127326867
2918,7.666540858333521,-0.2569376429635196
2919,7.66437899952068,-0.2572513229309785
2920,7.662217685237957,-0.2575648336651579
2921,7.660056967711855,-0.2578781676596222
2922,7.657896899198813,-0.258191317412166
2923,7.655737531983962,-0.258504275424994
2924,7.653578918379836,-0.25881703420490265
2925,7.651421110725174,-0.2591295862634568
2926,7.649264161383641,-0.25944192411717076
2927,7.647108122742573,-0.2597540402876872
2928,7.644953047211714,-0.2600659273019562
2929,7.642798987221934,-0.2603775776924147
2930,7.640645995223971,-0.2606889839971649
2931,7.638494123687151,-0.2610001387601528
2932,7.636343425098099,-0.26131103453134735
2933,7.634193951959428,-0.26162166386691943
2934,7.63204575678848,-0.2619320193294192
2935,7.629898892116024,-0.2622420934879539
2936,7.627753410484924,-0.26255187891836734
2937,7.625609364448866,-0.2628613682034166
2938,7.6234668065710025,-0.2631705539329505
2939,7.621325789422699,-0.26347942870408586
2940,7.619186365582146,-0.26378798512138635
2941,7.617048587633062,-0.2640962157970389
2942,7.614912508163371,-0.2644041133510305
2943,7.612778179763846,-0.2647116704113255
2944,7.610645655026779,-0.26501887961404197
2945,7.60851498654464,-0.2653257336036278
2946,7.6063862269087235,-0.2656322250330373
2947,7.604259428707779,-0.26593834656390747
2948,7.602134644526683,-0.26624409086673295
2949,7.60001192694505,-0.2665494506210422
2950,7.59789132853587,-0.266854418515573
2951,7.595772901864148,-0.26715898724844733
2952,7.59365669948552,-0.26746314952734584
2953,7.591542773944874,-0.26776689806968323
2954,7.589431177774954,-0.26807022560278304
2955,7.587321963494985,-0.26837312486405074
2956,7.5852151836092885,-0.26867558860114804
2957,7.583110890605861,-0.26897760957216726
2958,7.581009136954983,-0.2692791805458043
2959,7.578909975107809,-0.26958029430153235
2960,7.576813457494976,-0.269880943629774
2961,7.574719636525161,-0.2701811213320746
2962,7.572628564583697,-0.27048082022127423
2963,7.570540294031107,-0.2707800331216809
2964,7.568454877201725,-0.27107875286924116
2965,7.566372366402232,-0.27137697231171237
2966,7.564292813910245,-0.27167468430883385
2967,7.562216271972866,-0.2719718817324978
2968,7.560142792805228,-0.2722685574669213
2969,7.558072428589086,-0.2725647044088148
2970,7.556005231471346,-0.2728603154675531
2971,7.553941253562614,-0.2731553835653457
2972,7.55188054693574,-0.27344990163740573
2973,7.549823163624363,-0.2737438626321195
2974,7.547769155621424,-0.274037259511216
2975,7.545718574877754,-0.2743300852499336
2976,7.543671473300565,-0.2746223328371897
2977,7.541627902751952,-0.27491399527574967
2978,7.539587915047482,-0.2752050655823921
2979,7.537551561954656,-0.2754955367880781
2980,7.535518895191457,-0.27578540193811696
2981,7.533489966424857,-0.2760746540923334
2982,7.531464827269333,-0.276363286325233
2983,7.529443529285345,-0.2766512917261699
2984,7.527426123977883,-0.2769386633995102
2985,7.525412662794929,-0.27722539446479877
2986,7.5234031971260045,-0.27751147805692217
2987,7.521397778300595,-0.27779690732627604
2988,7.519396457586714,-0.27808167543892626
2989,7.517399286189349,-0.27836577557677383
2990,7.515406315248969,-0.27864920093771856
2991,7.51341759583999,-0.27893194473582167
2992,7.511433178969273,-0.27921400020146814
2993,7.509453115574613,-0.27949536058152863
2994,7.507477456523179,-0.2797760191395222
2995,7.505506252610015,-0.28005596915577696
2996,7.503539554556527,-0.28033520392759076
2997,7.501577413008911,-0.28061371676939245
2998,7.4996198785366435,-0.2808915010129018
2999,7.4976670016309575,-0.2811685500072889
