turn,time_sigma_ns,Q1
0,10.367561544084676,-0.0034817086134681014
1,10.367568048784294,-0.003481134730795888
2,10.36757494370479,-0.00348052369192632
3,10.367582228791132,-0.003479875502291458
4,10.367589903985527,-0.003479190167582555
5,10.367597969227372,-0.0034784676937517716
6,10.367606424453275,-0.0034777080870114184
7,10.367615269597064,-0.0034769113538332106
8,10.36762450458976,-0.0034760775009501097
9,10.367634129359605,-0.003475206535353956
10,10.367644143832043,-0.0034742984642973404
11,10.36765454792975,-0.0034733532952914074
12,10.367665341572598,-0.0034723710361079896
13,10.367676524677671,-0.0034713516947783205
14,10.367688097159288,-0.0034702952795924347
15,10.367700058928953,-0.0034692017991010352
16,10.367712409895407,-0.0034680712621131954
17,10.367725149964606,-0.003466903677697391
18,10.367738279039717,-0.003465699055181411
19,10.367751797021127,-0.003464457404152168
20,10.367765703806443,-0.0034631787344551568
21,10.367779999290494,-0.0034618630561952216
22,10.367794683365336,-0.0034605103797350793
23,10.367809755920248,-0.003459120715696345
24,10.367825216841712,-0.0034576940749601022
25,10.367841066013451,-0.0034562304686650905
26,10.367857303316415,-0.0034547299082079946
27,10.367873928628782,-0.003453192405244005
28,10.367890941825943,-0.0034516179716868167
29,10.367908342780527,-0.003450006619707815
30,10.367926131362394,-0.0034483583617360607
31,10.36794430743863,-0.003446673210458345
32,10.367962870873562,-0.0034449511788193247
33,10.367981821528742,-0.0034431922800208506
34,10.368001159262965,-0.0034413965275220375
35,10.368020883932248,-0.003439563935039783
36,10.368040995389864,-0.0034376945165471356
37,10.368061493486294,-0.003435788286275738
38,10.368082378069303,-0.003433845258711932
39,10.368103648983855,-0.003431865448600617
40,10.368125306072171,-0.0034298488709426124
41,10.36814734917372,-0.0034277955409950005
42,10.368169778125216,-0.0034257054742711235
43,10.36819259276062,-0.003423578686540498
44,10.368215792911126,-0.0034214151938293186
45,10.368239378405189,-0.0034192150124190994
46,10.368263349068522,-0.0034169781588467914
47,10.368287704724073,-0.0034147046499055436
48,10.368312445192062,-0.0034123945026433176
49,10.368337570289947,-0.0034100477343641643
50,10.368363079832443,-0.00340766436262685
51,10.368388973631529,-0.0034052444052454435
52,10.368415251496446,-0.003402787880288299
53,10.368441913233701,-0.00340029480607833
54,10.36846895864705,-0.003397765201193671
55,10.368496387537514,-0.0033951990844667277
56,10.368524199703394,-0.0033925964749834713
57,10.36855239494024,-0.003389957392084794
58,10.368580973040885,-0.0033872818553649085
59,10.368609933795442,-0.003384569884671137
60,10.368639276991262,-0.0033818215001059854
61,10.368669002413007,-0.003379036722023811
62,10.368699109842593,-0.0033762155710329667
63,10.368729599059236,-0.003373358067994053
64,10.368760469839405,-0.0033704642340214854
65,10.368791721956862,-0.0033675340904821055
66,10.368823355182656,-0.003364567658994848
67,10.368855369285122,-0.0033615649614311023
68,10.368887764029875,-0.00335852601991471
69,10.368920539179822,-0.0033554508568211946
70,10.368953694495165,-0.0033523394947777775
71,10.368987229733396,-0.003349191956663533
72,10.3690211446493,-0.003346008265608738
73,10.369055438994966,-0.0033427884449947426
74,10.369090112519773,-0.003339532518454072
75,10.369125164970406,-0.0033362405098702574
76,10.36916059609084,-0.003332912443377792
77,10.369196405622375,-0.0033295483433605304
78,10.36923259330362,-0.0033261482344529255
79,10.36926915887047,-0.003322712141540059
80,10.369306102056147,-0.003319240089756238
81,10.369343422591186,-0.0033157321044857617
82,10.369381120203435,-0.0033121882113619984
83,10.36941919461806,-0.0033086084362679183
84,10.369457645557539,-0.00330499280533544
85,10.369496472741682,-0.0033013413449452613
86,10.369535675887631,-0.003297654081726148
87,10.369575254709837,-0.003293931042556086
88,10.369615208920088,-0.003290172254560625
89,10.3696555382275,-0.0032863777451138674
90,10.369696242338529,-0.0032825475418368577
91,10.36973732095696,-0.0032786816725990037
92,10.369778773783922,-0.003274780165516043
93,10.369820600517878,-0.003270843048951812
94,10.369862800854637,-0.0032668703515165076
95,10.369905374487358,-0.003262862102066664
96,10.369948321106541,-0.0032588183297055907
97,10.369991640400043,-0.0032547390637826254
98,10.37003533205306,-0.0032506243338933033
99,10.370079395748162,-0.0032464741698784378
100,10.370123831165259,-0.0032422886018248697
101,10.37016863798163,-0.0032380676600643164
102,10.370213815871914,-0.0032338113751734644
103,10.37025936450812,-0.0032295197779738985
104,10.370305283559626,-0.0032251928995315794
105,10.370351572693163,-0.003220830771157212
106,10.370398231572857,-0.0032164334244049087
107,10.370445259860197,-0.0032120008910730418
108,10.37049265721405,-0.0032075332032033685
109,10.370540423290677,-0.0032030303930808864
110,10.370588557743702,-0.003198492493233925
111,10.370637060224148,-0.0031939195364335538
112,10.370685930380432,-0.0031893115556927624
113,10.37073516785834,-0.0031846685842683038
114,10.370784772301091,-0.0031799906556569256
115,10.370834743349263,-0.003175277803599028
116,10.37088508064085,-0.00317053006207566
117,10.370935783811252,-0.003165747465309501
118,10.370986852493271,-0.0031609300477636287
119,10.371038286317116,-0.0031560778441426726
120,10.371090084910412,-0.003151190889391169
121,10.371142247898192,-0.0031462692186942213
122,10.371194774902907,-0.0031413128674768003
123,10.371247665544429,-0.003136321871403673
124,10.371300919440062,-0.0031312962663786175
125,10.37135453620453,-0.0031262360885445715
126,10.371408515449977,-0.003121141374284015
127,10.371462856785998,-0.0031160121602171144
128,10.371517559819605,-0.0031108484832032234
129,10.371572624155256,-0.0031056503803391505
130,10.371628049394841,-0.003100417888960035
131,10.371683835137715,-0.00309515104663772
132,10.371739980980657,-0.0030898498911819546
133,10.371796486517917,-0.003084514460638743
134,10.371853351341178,-0.003079144793291451
135,10.3719105750396,-0.003073740927659136
136,10.371968157199792,-0.0030683029024971844
137,10.372026097405818,-0.00306283075679699
138,10.37208439523922,-0.003057324529785208
139,10.372143050279018,-0.003051784260923153
140,10.372202062101682,-0.0030462099899079753
141,10.37226143028117,-0.003040601756670884
142,10.372321154388928,-0.003034959601377067
143,10.372381233993865,-0.003029283564426515
144,10.372441668662386,-0.0030235736864525804
145,10.372502457958387,-0.003017830008321473
146,10.37256360144325,-0.0030120525711334074
147,10.37262509867586,-0.003006241416220718
148,10.372686949212602,-0.0030003965851482114
149,10.372749152607346,-0.0029945181197135154
150,10.372811708411497,-0.002988606061945125
151,10.372874616173943,-0.0029826604541039964
152,10.372937875441105,-0.0029766813386816254
153,10.373001485756904,-0.002970668758400766
154,10.37306544666279,-0.0029646227562150564
155,10.373129757697729,-0.0029585433753080165
156,10.373194418398226,-0.002952430659093106
157,10.373259428298304,-0.002946284651213655
158,10.373324786929528,-0.002940105395542332
159,10.37339049382099,-0.002933892936180851
160,10.373456548499332,-0.002927647317459429
161,10.373522950488749,-0.0029213685839364067
162,10.373589699310969,-0.002915056780398469
163,10.373656794485273,-0.002908711951860446
164,10.3737242355285,-0.0029023341435639076
165,10.373792021955055,-0.0028959234009776885
166,10.373860153276889,-0.002889479769797652
167,10.373928629003537,-0.002883003295945336
168,10.373997448642108,-0.0028764940255685103
169,10.374066611697264,-0.002869952005041165
170,10.374136117671252,-0.0028633772809625964
171,10.374205966063915,-0.002856769900156381
172,10.374276156372664,-0.0028501299096715363
173,10.374346688092515,-0.0028434573567809123
174,10.374417560716058,-0.002836752288981916
175,10.37448877373349,-0.0028300147539953536
176,10.374560326632611,-0.002823244799765125
177,10.37463221889882,-0.002816442474458579
178,10.37470445001512,-0.0028096078264655956
179,10.374777019462144,-0.002802740904397503
180,10.374849926718122,-0.002795841757088901
181,10.374923171258919,-0.002788910433594656
182,10.374996752558024,-0.0027819469831912524
183,10.375070670086535,-0.002774951455376587
184,10.375144923313199,-0.0027679238998685337
185,10.375219511704394,-0.0027608643666053464
186,10.375294434724138,-0.002753772905744871
187,10.375369691834091,-0.002746649567664467
188,10.375445282493567,-0.0027394944029604257
189,10.375521206159537,-0.0027323074624475904
190,10.375597462286615,-0.0027250887971592835
191,10.37567405032707,-0.0027178384583474795
192,10.37575096973086,-0.0027105564974805917
193,10.37582821994559,-0.0027032429662449233
194,10.375905800416547,-0.002695897916543399
195,10.375983710586699,-0.0026885214004953653
196,10.376061949896684,-0.002681113470436472
197,10.376140517784837,-0.002673674178917763
198,10.376219413687172,-0.0026662035787061444
199,10.376298637037397,-0.0026587017227833647
200,10.376378187266928,-0.0026511686643452955
201,10.37645806380488,-0.00264360445680248
202,10.37653826607807,-0.002636009153778841
203,10.376618793511035,-0.002628382809111933
204,10.376699645526012,-0.0026207254768529824
205,10.376780821542958,-0.002613037211265413
206,10.376862320979571,-0.00260531806682481
207,10.37694414325127,-0.002597568098218518
208,10.377026287771198,-0.0025897873603459394
209,10.377108753950242,-0.002581975908317123
210,10.377191541197044,-0.0025741337974526162
211,10.377274648917957,-0.0025662610832844377
212,10.377358076517114,-0.0025583578215534857
213,10.37744182339639,-0.002550424068210576
214,10.377525888955423,-0.0025424598794155998
215,10.377610272591614,-0.0025344653115372535
216,10.377694973700125,-0.002526440421152665
217,10.377779991673906,-0.0025183852650466684
218,10.377865325903663,-0.002510299900212099
219,10.377950975777908,-0.0025021843838480763
220,10.378036940682923,-0.002494038773361278
221,10.378123220002776,-0.0024858631263647538
222,10.378209813119348,-0.0024776575006766124
223,10.378296719412308,-0.0024694219543212573
224,10.378383938259132,-0.002461156545527804
225,10.378471469035103,-0.0024528613327304345
226,10.378559311113326,-0.0024445363745670156
227,10.378647463864711,-0.0024361817298801996
228,10.37873592665801,-0.002427797457714627
229,10.378824698859768,-0.0024193836173201084
230,10.378913779834415,-0.0024109402681467217
231,10.379003168944164,-0.0024024674698486705
232,10.379092865549108,-0.0023939652822807197
233,10.379182869007167,-0.0023854337654995376
234,10.379273178674124,-0.002376872979762484
235,10.37936379390361,-0.002368282985527675
236,10.37945471404712,-0.002359663843453073
237,10.379545938454017,-0.0023510156143963234
238,10.379637466471522,-0.00234233835941495
239,10.379729297444742,-0.0023336321397646066
240,10.379821430716683,-0.002324897016898578
241,10.379913865628202,-0.0023161330524696594
242,10.380006601518062,-0.002307340308327367
243,10.380099637722926,-0.002298518846518096
244,10.380192973577344,-0.002289668729285426
245,10.380286608413778,-0.00228079001906895
246,10.380380541562609,-0.0022718827785034824
247,10.380474772352107,-0.0022629470704201506
248,10.380569300108489,-0.0022539829578441433
249,10.380664124155883,-0.0022449905039953542
250,10.380759243816343,-0.002235969772288101
251,10.380854658409865,-0.0022269208263298408
252,10.380950367254382,-0.0022178437299210626
253,10.381046369665766,-0.0022087385470554726
254,10.381142664957853,-0.002199605341918191
255,10.381239252442429,-0.002190444178886462
256,10.381336131429224,-0.0021812551225293838
257,10.381433301225947,-0.0021720382376064465
258,10.38153076113827,-0.002162793589067817
259,10.38162851046985,-0.0021535212420532284
260,10.381726548522316,-0.002144221261892347
261,10.38182487459529,-0.0021348937141034085
262,10.381923487986366,-0.002125538664394076
263,10.382022387991162,-0.0021161561786592303
264,10.382121573903271,-0.0021067463229822807
265,10.382221045014305,-0.0020973091636332947
266,10.382320800613883,-0.002087844767069534
267,10.382420839989642,-0.0020783531999342577
268,10.382521162427237,-0.002068834529056943
269,10.38262176721035,-0.0020592888214522437
270,10.38272265362071,-0.0020497161443193777
271,10.382823820938059,-0.002040116565042863
272,10.382925268440198,-0.002030490151190351
273,10.383026995402975,-0.0020208369705134763
274,10.383129001100283,-0.0020111570909468824
275,10.383231284804078,-0.002001450580607982
276,10.383333845784383,-0.001991717507795804
277,10.383436683309288,-0.0019819579409914457
278,10.383539796644948,-0.0019721719488573156
279,10.383643185055616,-0.001962359600235764
280,10.383746847803616,-0.0019525209641503278
281,10.38385078414936,-0.0019426561098039152
282,10.383954993351384,-0.0019327651065776858
283,10.384059474666286,-0.0019228480240334623
284,10.3841642273488,-0.0019129049319098388
285,10.384269250651753,-0.0019029359001242717
286,10.384374543826112,-0.0018929409987705047
287,10.384480106120945,-0.0018829202981201412
288,10.384585936783463,-0.001872873868620507
289,10.384692035059004,-0.001862801780895088
290,10.38479840019105,-0.0018527041057428153
291,10.384905031421221,-0.0018425809141374985
292,10.3850119279893,-0.001832432277227131
293,10.385119089133218,-0.0018222582663339083
294,10.385226514089068,-0.0018120589529533498
295,10.385334202091121,-0.00180183440875372
296,10.385442152371802,-0.0017915847055762133
297,10.385550364161727,-0.0017813099154337729
298,10.385658836689693,-0.0017710101105110113
299,10.385767569182699,-0.0017606853631624909
300,10.385876560865912,-0.0017503357459150394
301,10.385985810962726,-0.0017399613314638856
302,10.386095318694736,-0.0017295621926742349
303,10.38620508328174,-0.001719138402580691
304,10.386315103941763,-0.001708690034385609
305,10.386425379891053,-0.0016982171614599428
306,10.38653591034408,-0.0016877198573419577
307,10.386646694513555,-0.0016771981957366749
308,10.386757731610432,-0.0016666522505157406
309,10.386869020843907,-0.0016560820957167593
310,10.386980561421435,-0.0016454878055426256
311,10.387092352548722,-0.0016348694543612246
312,10.387204393429741,-0.0016242271167050916
313,10.38731668326673,-0.001613560867270544
314,10.387429221260216,-0.0016028707809170395
315,10.387542006608985,-0.001592156932667692
316,10.387655038510129,-0.001581419397707188
317,10.38776831615903,-0.0015706582513822318
318,10.387881838749369,-0.0015598735692009434
319,10.387995605473128,-0.0015490654268321379
320,10.388109615520586,-0.0015382339001060185
321,10.38822386808036,-0.0015273790650111977
322,10.388338362339379,-0.0015165009976963384
323,10.388453097482905,-0.0015055997744683846
324,10.38856807269453,-0.0014946754717928535
325,10.38868328715619,-0.0014837281662927733
326,10.388798740048157,-0.0014727579347487258
327,10.388914430549065,-0.0014617648540975999
328,10.389030357835905,-0.001450749001432243
329,10.389146521084017,-0.0014397104540021467
330,10.389262919467127,-0.001428649289210905
331,10.389379552157335,-0.001417565584616611
332,10.38949641832512,-0.001406459417931891
333,10.389613517139342,-0.0013953308670228118
334,10.38973084776726,-0.001384180009908389
335,10.38984840937453,-0.0013730069247599914
336,10.389966201125208,-0.0013618116899013018
337,10.390084222181782,-0.0013505943838066378
338,10.39020247170514,-0.0013393550851014766
339,10.3903209488546,-0.0013280938725616996
340,10.390439652787903,-0.0013168108251129774
341,10.390558582661237,-0.0013055060218300652
342,10.390677737629211,-0.001294179541937004
343,10.390797116844904,-0.001282831464805233
344,10.39091671945984,-0.0012714618699541799
345,10.391036544624006,-0.001260070837050041
346,10.391156591485842,-0.0012486584459063877
347,10.391276859192285,-0.0012372247764814766
348,10.391397346888732,-0.0012257699088799904
349,10.391518053719068,-0.001214293923351327
350,10.391638978825672,-0.0012027969002891205
351,10.391760121349405,-0.0011912789202312708
352,10.39188148042966,-0.001179740063858085
353,10.392003055204313,-0.001168180411993485
354,10.392124844809768,-0.0011566000456029813
355,10.392246848380944,-0.0011449990457940398
356,10.392369065051298,-0.0011333774938149866
357,10.39249149395282,-0.0011217354710544164
358,10.392614134216025,-0.0011100730590416952
359,10.392736984969993,-0.0010983903394448135
360,10.392860045342331,-0.0010866873940717167
361,10.392983314459242,-0.0010749643048671921
362,10.393106791445469,-0.0010632211539146142
363,10.393230475424325,-0.001051458023434953
364,10.393354365517718,-0.0010396749957848534
365,10.393478460846122,-0.0010278721534577656
366,10.393602760528623,-0.0010160495790821702
367,10.393727263682871,-0.0010042073554223485
368,10.393851969425151,-0.0009923455653762367
369,10.393976876870338,-0.0009804642919758564
370,10.394101985131943,-0.000968563618385971
371,10.39422729332208,-0.0009566436279049743
372,10.394352800551493,-0.0009447044039631916
373,10.394478505929566,-0.0009327460301222136
374,10.394604408564327,-0.0009207685900748441
375,10.39473050756244,-0.0009087721676446172
376,10.394856802029242,-0.000896756846784157
377,10.394983291068712,-0.0008847227115765172
378,10.3951099737835,-0.0008726698462328667
379,10.395236849274939,-0.0008605983350925236
380,10.395363916643024,-0.0008485082626228859
381,10.395491174986455,-0.0008363997134180419
382,10.39561862340261,-0.0008242727721984884
383,10.395746260987579,-0.0008121275238108245
384,10.39587408683614,-0.0007999640532271959
385,10.396002100041795,-0.0007877824455442635
386,10.396130299696768,-0.0007755827859825584
387,10.396258684891997,-0.0007633651598867809
388,10.396387254717162,-0.0007511296527241928
389,10.396516008260669,-0.0007388763500850776
390,10.396644944609665,-0.0007266053376815915
391,10.396774062850069,-0.0007143167013465186
392,10.396903362066537,-0.0007020105270339963
393,10.397032841342492,-0.0006896869008184168
394,10.397162499760139,-0.0006773459088930199
395,10.397292336400454,-0.0006649876375702551
396,10.39742235034319,-0.0006526121732815259
397,10.397552540666897,-0.0006402196025754645
398,10.397682906448914,-0.0006278100121185336
399,10.397813446765385,-0.0006153834886935881
400,10.397944160691265,-0.0006029401191994289
401,10.398075047300335,-0.0005904799906502598
402,10.398206105665173,-0.0005780031901759418
403,10.39833733485722,-0.0005655098050191729
404,10.398468733946725,-0.0005529999225379239
405,10.398600302002796,-0.0005404736302024599
406,10.398732038093382,-0.0005279310155957689
407,10.398863941285285,-0.0005153721664130851
408,10.398996010644181,-0.0005027971704604084
409,10.399128245234609,-0.0004902061156548595
410,10.399260644119977,-0.00047759909002413
411,10.399393206362584,-0.00046497618170500844
412,10.39952593102361,-0.00045233747894356566
413,10.399658817163143,-0.00043968307009390324
414,10.399791863840157,-0.00042701304361848075
415,10.39992507011255,-0.0004143274880864947
416,10.400058435037122,-0.0004016264921742568
417,10.40019195766961,-0.000388910144663582
418,10.400325637064668,-0.00037617853444198276
419,10.40045947227589,-0.00036343175050198103
420,10.400593462355806,-0.00035066988194018106
421,10.400727606355908,-0.00033789301795677796
422,10.400861903326634,-0.00032510124785499743
423,10.400996352317389,-0.00031229466104054177
424,10.401130952376546,-0.0002994733470208324
425,10.40126570255145,-0.0002866373954048182
426,10.401400601888438,-0.00027378689590178026
427,10.401535649432823,-0.0002609219383215203
428,10.401670844228928,-0.00024804261257260085
429,10.401806185320066,-0.00023514900866302303
430,10.401941671748558,-0.00022224121669903987
431,10.40207730255577,-0.00020931932688364246
432,10.402213076782052,-0.00019638342951770795
433,10.402348993466822,-0.0001834336149978675
434,10.4024850516485,-0.00017046997381737832
435,10.402621250364566,-0.0001574925965641725
436,10.402757588651555,-0.000144501573920752
437,10.40289406554505,-0.00013149699666351272
438,10.403030680079704,-0.00011847895566262671
439,10.403167431289232,-0.00010544754188086393
440,10.403304318206436,-9.240284637297922e-05
441,10.403441339863205,-7.934496028501972e-05
442,10.403578495290505,-6.627397485463096e-05
443,10.403715783518413,-5.318998140927676e-05
444,10.403853203576105,-4.009307136631364e-05
445,10.403990754491867,-2.6983336232340705e-05
446,10.404128435293117,-1.3860867601497696e-05
447,10.40426624500638,-7.257571572598209e-07
448,10.404404182657323,1.2421903330789341e-05
449,10.404542247270745,2.5582022005712092e-05
450,10.404680437870605,3.8754506925126186e-05
451,10.404818753479997,5.193926606092045e-05
452,10.4049571931212,6.513620730065153e-05
453,10.40509575581563,7.834523844692232e-05
454,10.405234440583897,9.156626721962819e-05
455,10.40537324644578,0.0001047992012550738
456,10.40551217242025,0.0001180439481074881
457,10.405651217525476,0.00013130041524957772
458,10.405790380778827,0.00014456851007312927
459,10.405929661196879,0.00015784813988920998
460,10.406069057795408,0.00017113921192854137
461,10.406208569589436,0.00018444163334361007
462,10.406348195593203,0.00019775531120787165
463,10.406487934820182,0.00021108015251674993
464,10.406627786283089,0.0002244160641883866
465,10.406767748993891,0.00023776295306422276
466,10.40690782196382,0.0002511207259100205
467,10.407048004203364,0.00026448928941564224
468,10.40718829472228,0.0002778685501961647
469,10.407328692529601,0.0002912584147923058
470,10.407469196633642,0.0003046587896713085
471,10.407609806042018,0.00031806958122760596
472,10.407750519761644,0.0003314906957836354
473,10.407891336798718,0.0003449220395888519
474,10.408032256158787,0.0003583635188234136
475,10.40817327684669,0.00037181503959581524
476,10.40831439786659,0.00038527650794495003
477,10.40845561822201,0.00039874782984110395
478,10.408596936915774,0.00041222891118467106
479,10.408738352950081,0.00042571965780948204
480,10.408879865326481,0.0004392199754815735
481,10.409021473045875,0.0004527297699002266
482,10.409163175108544,0.0004662489466988883
483,10.409304970514132,0.0004797774114453506
484,10.409446858261672,0.0004933150696428684
485,10.409588837349588,0.0005068618267305564
486,10.409730906775692,0.000520417588083932
487,10.409873065537205,0.0005339822590154296
488,10.410015312630758,0.000547555744775777
489,10.410157647052394,0.0005611379505534681
490,10.41030006779759,0.0005747287814769035
491,10.410442573861248,0.0005883281426135095
492,10.410585164237695,0.0006019359389706434
493,10.410727837920726,0.0006155520754974553
494,10.410870593903576,0.0006291764570843122
495,10.411013431178938,0.0006428089885636941
496,10.411156348738986,0.0006564495747115128
497,10.411299345575344,0.000670098120246146
498,10.411442420679128,0.0006837545298308741
499,10.411585573040943,0.0006974187080735526
500,10.411728801650883,0.000711090559527098
501,10.411872105498563,0.000724771114913631
502,10.412015480302506,0.0007384622042776695
503,10.412158915283225,0.0007521650133557278
504,10.412302393228655,0.0007658800875226894
505,10.412445890559667,0.0007796073347266894
506,10.412589377395577,0.0007933460274460969
507,10.412732817619775,0.0008070948037132613
508,10.412876168945363,0.0008208516672338286
509,10.413019382980817,0.0008346139866429098
510,10.413162405295754,0.0008483784939351162
511,10.413305175486721,0.0008621412821021504
512,10.413447627243006,0.0008758978020135201
513,10.413589688412529,0.0008896428585783457
514,10.413731281067788,0.0009033706062205511
515,10.4138723215718,0.0009170745437023115
516,10.414012720644171,0.0009307475083333708
517,10.414152383427142,0.0009443816695940912
518,10.414291209551708,0.0009579685222106735
519,10.414429093203807,0.0009714988787144656
520,10.414565923190532,0.0009849628615171272
521,10.4147015830064,0.0009983498945347336
522,10.414835950899665,0.0010116486943933516
523,10.4149688999387,0.0010248472612468403
524,10.4151002980784,0.001037932869239019
525,10.415230008226661,0.0010508920566411908
526,10.415357888310902,0.0010637106156955707
527,10.41548379134462,0.00107637358219308
528,10.415607565494039,0.0010888652248203848
529,10.415729054144766,0.0011011690342987261
530,10.415848095968526,0.0011132677123504074
531,10.415964524989924,0.001125143160516417
532,10.416078170653316,0.0011367764688587684
533,10.416188857889667,0.001148147904570471
534,10.416296407183493,0.001159236900524168
535,10.41640063463988,0.0011700220437873543
536,10.416501352051514,0.0011804810641273995
537,10.416598366965802,0.0011905908225374455
538,10.416691482752022,0.001200327299806408
539,10.416780498668558,0.0012096655851606517
540,10.416865209930164,0.0012185798650015736
541,10.41694540777532,0.0012270434117664334
542,10.417020879533581,0.0012350285729326668
543,10.41709140869308,0.0012425067601976698
544,10.417156774967994,0.0012494484388492126
545,10.417216754366141,0.001255823117358265
546,10.417271119256586,0.0012615993372107712
547,10.417319638437341,0.0012667446630067092
548,10.41736207720312,0.0012712256728459096
549,10.417398197413121,0.0012750079490226698
550,10.417427757558901,0.0012780560690524932
551,10.417450512832325,0.001280333597052872
552,10.417466215193533,0.0012818030754961243
553,10.417474613439014,0.0012824260173579796
554,10.417475453269686,0.001282162898679713
555,10.417468477359108,0.0012809731515664776
556,10.417453425421693,0.0012788151576387846
557,10.417430034281002,0.0012756462419563574
558,10.417398037938145,0.0012714226674366265
559,10.41735716764015,0.001266099629779303
560,10.417307151948485,0.0012596312529224514
561,10.417247716807607,0.0012519705850423148
562,10.417178585613549,0.001243069595115451
563,10.417099479282616,0.001232879170061174
564,10.417010116320101,0.0012213491124777745
565,10.416910212889114,0.0012084281389926688
566,10.416799482879405,0.0011940638792355641
567,10.416677637976317,0.0011782028754567487
568,10.416544387729731,0.001160790582798162
569,10.416399439623154,0.0011417713702394265
570,10.416242499142797,0.0011210885222232307
571,10.416073269846752,0.0010986842409813943
572,10.41589145343421,0.0010744996495695449
573,10.415696749814753,0.0010484747956256463
574,10.415488857177706,0.0010205486558627435
575,10.415267472061531,0.0009906591413079875
576,10.415032289423296,0.0009587431032991047
577,10.414783002708198,0.0009247363402495178
578,10.414519303919128,0.0008885736051908765
579,10.414240883686327,0.0008501886141045315
580,10.413947431337068,0.0008095140550507125
581,10.413638634965388,0.0007664815981023238
582,10.413314181501924,0.0007210219060963468
583,10.412973756783707,0.0006730646462034259
584,10.412617045624131,0.000622538502333589
585,10.412243731882876,0.0005693711883739244
586,10.411853498535908,0.0005134894622721811
587,10.411446027745576,0.00045481914097073126
588,10.41102100093067,0.00039328511619409916
589,10.410578098836604,0.00032881137109814986
590,10.410117001605617,0.00026132099778459155
591,10.40963738884698,0.0001907362156827153
592,10.40913893970733,0.00011697839080702046
593,10.408621332940964,3.996805588839667e-05
594,10.408084246980236,-4.037506861485003e-05
595,10.407527360005943,-0.00012413205262586989
596,10.406950350017784,-0.00021138473367482628
597,10.40635289490484,-0.00030221569324129975
598,10.40573467251609,-0.00039670823221275847
599,10.405095360730977,-0.000494946345456584
600,10.404434637529947,-0.0005970146955120198
601,10.403752181065114,-0.0007029985853936629
602,10.403047669730862,-0.0008129839305174956
603,10.402320782234526,-0.0009270572297440321
604,10.401571197667081,-0.001045305535545414
605,10.400798595573841,-0.0011678164232978713
606,10.400002656025183,-0.001294677959702624
607,10.399183059687342,-0.0014259786703380232
608,10.398339487893116,-0.0015618075063523222
609,10.39747162271267,-0.0017022538102964553
610,10.39657914702434,-0.0018474072811044081
611,10.3956617445854,-0.001997357938228927
612,10.394719100102886,-0.0021521960849373084
613,10.393750899304404,-0.0023120122707740933
614,10.39275682900894,-0.0024768972531998977
615,10.391736577197669,-0.002646941958413668
616,10.390689833084766,-0.002822237441367301
617,10.389616287188199,-0.0030028748449818766
618,10.388515631400528,-0.0031889453585748897
619,10.387387559059706,-0.0033805401755085695
620,10.386231765019817,-0.0035777504500734154
621,10.385047945721844,-0.0037806672536125673
622,10.383835799264407,-0.003989381529903513
623,10.38259502547448,-0.004203984049807967
624,10.381325325978056,-0.004424565365203818
625,10.380026404270827,-0.004651215762210405
626,10.3786979657888,-0.004884025213724636
627,10.377339717978911,-0.005123083331278593
628,10.375951370369538,-0.005368479316238189
629,10.37453263464109,-0.005620301910352606
630,10.373083224696394,-0.005878639345679538
631,10.371602856731203,-0.006143579293890902
632,10.370091249304519,-0.006415208814988776
633,10.368548123408933,-0.006693614305440551
634,10.366973202540917,-0.0069788814457532435
635,10.365366212770997,-0.007271095147510242
636,10.363726882813923,-0.0075703394998834
637,10.362054944098722,-0.00787669771564518
638,10.360350130838732,-0.008190252076697166
639,10.358612180101531,-0.008511083879139134
640,10.356840831878774,-0.008839273377898296
641,10.355035829155991,-0.009174899730940295
642,10.353196917982286,-0.009518040943083242
643,10.351323847539916,-0.009868773809442054
644,10.349416370213804,-0.010227173858520747
645,10.347474241660967,-0.010593315294978152
646,10.345497220879853,-0.010967270942092135
647,10.343485070279506,-0.011349112183948537
648,10.341437555748714,-0.011738908907374761
649,10.339354446724977,-0.012136729443648464
650,10.337235516263414,-0.012542640510004486
651,10.335080541105482,-0.012956707150969152
652,10.33288930174767,-0.013378992679542805
653,10.330661582509983,-0.013809558618266903
654,10.328397171604312,-0.01424846464019559
655,10.326095861202715,-0.014695768509802604
656,10.323757447505484,-0.015151526023854361
657,10.32138173080916,-0.015615790952271471
658,10.318968515574321,-0.016088614979017018
659,10.316517610493245,-0.016570047643034075
660,10.314028828557467,-0.017060136279264164
661,10.311501987125085,-0.017558925959780036
662,10.308936907987981,-0.018066459435060012
663,10.306333417438841,-0.01858277707543552
664,10.303691346338018,-0.0191079168127455
665,10.30101053018018,-0.01964191408222825
666,10.298290809160857,-0.020184801764679856
667,10.295532028242729,-0.020736610128916713
668,10.292734037221742,-0.021297366774572665
669,10.289896690793073,-0.021867096575260973
670,10.287019848616865,-0.022445821622138963
671,10.284103375383753,-0.023033561167906447
672,10.281147140880208,-0.023630331571271465
673,10.278151020053668,-0.024236146241918728
674,10.275114893077447,-0.024851015586013814
675,10.272038645415432,-0.025474946952278452
676,10.268922167886572,-0.0261079445786709
677,10.265765356729116,-0.02675000953970743
678,10.262568113664658,-0.027401139694458676
679,10.25933034596188,-0.028061329635258984
680,10.256051966500157,-0.028730570637158438
681,10.252732893832857,-0.029408850608159766
682,10.249373052250371,-0.03009615404027333
683,10.245972371842974,-0.030792461961424034
684,10.242530788563373,-0.03149775188824909
685,10.239048244288998,-0.03221199777982248
686,10.235524686884064,-0.032935169992340585
687,10.231960070261353,-0.033667235234806595
688,10.228354354443704,-0.03440815652575097
689,10.224707505625275,-0.035157893151021954
690,10.221019496232495,-0.035916400622685515
691,10.217290304984724,-0.03668363063906985
692,10.213519916954683,-0.037459531045989744
693,10.209708323628547,-0.038244045799190086
694,10.205855522965756,-0.03903711492804409
695,10.201961519458528,-0.03983867450054231
696,10.198026324191119,-0.04064865658960751
697,10.1940499548987,-0.04146698924077702
698,10.190032436025989,-0.04229359644128333
699,10.185973798785563,-0.04312839809057196
700,10.181874081215835,-0.043971309972293954
701,10.177733328238732,-0.04482227868333182
702,10.173551588497752,-0.045681284044408674
703,10.169328911158122,-0.04654830568532355
704,10.165065345907538,-0.04742332304542042
705,10.160760942956856,-0.04830631537406469
706,10.156415753040811,-0.04919726173112241
707,10.152029827418751,-0.05009614098744479
708,10.147603217875362,-0.05100293182535627
709,10.143135976721416,-0.05191761273914856
710,10.13862815679453,-0.052840162035576774
711,10.134079811459916,-0.05377055783436249
712,10.129490994611157,-0.05470877806869923
713,10.124861760671001,-0.055654800485762324
714,10.12019216459213,-0.05660860264722521
715,10.115482261857963,-0.057570161929777666
716,10.110732108483477,-0.058539455525649535
717,10.105941761016018,-0.05951646044313823
718,10.101111276536125,-0.06050115350714127
719,10.096240712658366,-0.06149351135969264
720,10.091330127532188,-0.06249351046050344
721,10.08637957984278,-0.06350112708750638
722,10.081389128811919,-0.064516337337406
723,10.076358834198855,-0.06553911712623135
724,10.071288756301202,-0.06656944218989398
725,10.066178955955833,-0.0676072880847495
726,10.061029494539762,-0.06865263018816459
727,10.055840433971094,-0.06970544369908617
728,10.05061183670992,-0.07076570363861685
729,10.04534376575927,-0.07183338485059337
730,10.04003628466604,-0.07290846200216931
731,10.034689457521978,-0.07399090958440177
732,10.02930334896461,-0.07508070191284351
733,10.02387802417825,-0.07617781312813732
734,10.018413548894957,-0.07728221719661592
735,10.012909989395542,-0.078393887910906
736,10.007367412510604,-0.07951279889053363
737,10.001785885621501,-0.08063892358253848
738,9.99616547666141,-0.081772235262088
739,9.990506254116355,-0.08291270703309767
740,9.984808287026267,-0.08406031182885448
741,9.979071644986007,-0.08521502241264634
742,9.973296398146495,-0.08637681137839143
743,9.96748261721575,-0.0875456511512759
744,9.961630373460002,-0.08872151398839308
745,9.955739738704796,-0.08990437197938678
746,9.949810785336103,-0.09109419704710034
747,9.943843586301444,-0.0922909609482272
748,9.937838215111045,-0.09349463527396679
749,9.931794745838962,-0.09470519145068482
750,9.92571325312428,-0.09592260074057497
751,9.919593812172236,-0.0971468342423291
752,9.913436498755445,-0.09837786289180542
753,9.907241389215088,-0.09961565746270547
754,9.901008560462108,-0.10086018856725225
755,9.894738089978441,-0.10211142665687355
756,9.888430055818242,-0.10336934202288799
757,9.88208453660914,-0.10463390479719557
758,9.87570161155348,-0.10590508495297217
759,9.869281360429598,-0.107182852305367
760,9.862823863593098,-0.10846717651220487
761,9.856329201978165,-0.10975802707469058
762,9.84979745709884,-0.11105537333811945
763,9.843228711050353,-0.11235918449258953
764,9.836623046510464,-0.11366942957371766
765,9.829980546740776,-0.11498607746336117
766,9.823301295588134,-0.11630909689034004
767,9.816585377485936,-0.11763845643116679
768,9.809832877455586,-0.1189741245107744
769,9.803043881107826,-0.1203160694032546
770,9.796218474644173,-0.12166425923259433
771,9.78935674485833,-0.1230186619734184
772,9.78245877913764,-0.12437924545173441
773,9.775524665464504,-0.12574597734568324
774,9.768554492417854,-0.12711882518629078
775,9.761548349174635,-0.12849775635822425
776,9.754506325511274,-0.12988273810055265
777,9.747428511805198,-0.1312737375075091
778,9.74031499903634,-0.1326707215292582
779,9.733165878788672,-0.1340736569726659
780,9.725981243251733,-0.1354825105020737
781,9.71876118522222,-0.13689724864007433
782,9.711505798105502,-0.13831783776829443
783,9.70421517591727,-0.139744244128176
784,9.696889413285074,-0.14117643382176578
785,9.689528605449976,-0.1426143728125045
786,9.682132848268166,-0.14405802692602124
787,9.674702238212602,-0.1455073618509306
788,9.667236872374655,-0.14696234313963383
789,9.659736848465801,-0.148422936209122
790,9.65220226481929,-0.14988910634178368
791,9.644633220391846,-0.1513608186862151
792,9.637029814765398,-0.15283803825803371
793,9.629392148148778,-0.15432072994069596
794,9.621720321379518,-0.1558088584863153
795,9.61401443592555,-0.15730238851648765
796,9.606274593887019,-0.1588012845231172
797,9.598500897998052,-0.16030551086924544
798,9.590693451628583,-0.16181503178988463
799,9.582852358786173,-0.16332981139285246
800,9.574977724117815,-0.16484981365961293
801,9.56706965291183,-0.16637500244611633
802,9.559128251099699,-0.16790534148364591
803,9.55115362525797,-0.1694407943796649
804,9.543145882610146,-0.17098132461866827
805,9.535105131028606,-0.17252689556303666
806,9.527031479036525,-0.17407747045389374
807,9.518925035809835,-0.175633012411966
808,9.510785911179175,-0.17719348443844624
809,9.502614215631896,-0.17875884941585865
810,9.494410060314015,-0.18032907010892932
811,9.486173557032272,-0.18190410916545627
812,9.477904818256135,-0.1834839291171849
813,9.469603957119828,-0.18506849238068668
814,9.461271087424443,-0.1866577612582371
815,9.452906323639985,-0.18825169793870014
816,9.444509780907465,-0.1898502644984148
817,9.436081575041028,-0.19145342290208275
818,9.427621822530057,-0.19306113500366132
819,9.419130640541367,-0.1946733625472553
820,9.410608146921328,-0.19629006716801617
821,9.402054460198052,-0.19791121039304094
822,9.393469699583601,-0.19953675364227438
823,9.384853984976203,-0.2011666582294141
824,9.376207436962478,-0.20280088536281818
825,9.36753017681969,-0.20443939614641568
826,9.358822326518018,-0.2060821515806189
827,9.350084008722854,-0.20772911256323895
828,9.341315346797062,-0.20938023989040522
829,9.33251646480336,-0.2110354942574831
830,9.323687487506607,-0.21269483625999983
831,9.314828540376213,-0.21435822639456723
832,9.305939749588449,-0.21602562505981304
833,9.297021242028883,-0.2176969925573088
834,9.288073145294803,-0.21937228909250306
835,9.279095587697595,-0.22105147477565823
836,9.270088698265251,-0.22273450962278643
837,9.261052606744782,-0.22442135355659087
838,9.25198744360472,-0.22611196640740827
839,9.242893340037654,-0.22780630791415224
840,9.233770427962703,-0.22950433772526166
841,9.224618840028073,-0.2312060153996501
842,9.215438709613629,-0.23291130040765656
843,9.206230170833434,-0.23462015213200074
844,9.196993358538403,-0.23633252986873704
845,9.187728408318858,-0.23804839282821505
846,9.178435456507199,-0.23976770013603854
847,9.169114640180533,-0.241490410834029
848,9.159766097163354,-0.2432164838811901
849,9.150389966030238,-0.24494587815467458
850,9.140986386108533,-0.24667855245075326
851,9.131555497481118,-0.2484144654857857
852,9.122097440989105,-0.25015357589719445
853,9.11261235823464,-0.25189584224443895
854,9.103100391583677,-0.25364122300999326
855,9.09356168416876,-0.25538967660032597
856,9.083996379891884,-0.2571411613468793
857,9.074404623427293,-0.2588956355070547
858,9.064786560224382,-0.26065305726519555
859,9.055142336510539,-0.2624133847335754
860,9.045472099294063,-0.2641765759533866
861,9.035775996367096,-0.26594258889572964
862,9.026054176308522,-0.2677113814626075
863,9.016306788486945,-0.2694829114879184
864,9.006533983063665,-0.27125713673845286
865,8.996735910995667,-0.2730340149148906
866,8.986912724038625,-0.27481350365280066
867,8.97706457474995,-0.27659556052364237
868,8.967191616491853,-0.27838014303576764
869,8.957294003434363,-0.2801672086354274
870,8.947371890558479,-0.2819567147077755
871,8.937425433659216,-0.28374861857787903
872,8.927454789348804,-0.2855428775117253
873,8.917460115059766,-0.2873394487172347
874,8.907441569048126,-0.28913828934527247
875,8.89739931039656,-0.2909393564906637
876,8.887333499017629,-0.292742607193208
877,8.87724429565698,-0.29454799843869695
878,8.867131861896613,-0.2963554871599323
879,8.856996360158083,-0.2981650302377476
880,8.84683795370585,-0.29997658450202735
881,8.836656806650504,-0.30179010673273177
882,8.826453083952137,-0.30360555366091996
883,8.81622695142363,-0.3054228819697758
884,8.805978575734041,-0.3072420482956346
885,8.795708124411952,-0.30906300922901125
886,8.785415765848827,-0.31088572131563114
887,8.775101669302487,-0.31271014105745787
888,8.764766004900467,-0.314536224913728
889,8.754408943643478,-0.31636392930198315
890,8.74403065740888,-0.3181932105991036
891,8.733631318954135,-0.32002402514234435
892,8.723211101920304,-0.3218563292303721
893,8.712770180835543,-0.3236900791243031
894,8.702308731118665,-0.32552523104874015
895,8.691826929082634,-0.3273617411928151
896,8.681324951938166,-0.3291995657112274
897,8.670802977797274,-0.33103866072528715
898,8.660261185676875,-0.3328789823239581
899,8.649699755502393,-0.3347204865649007
900,8.639118868111384,-0.33656312947551725
901,8.628518705257164,-0.33840686705399814
902,8.617899449612473,-0.34025165527036766
903,8.607261284773154,-0.3420974500675311
904,8.596604395261807,-0.3439442073623245
905,8.585928966531519,-0.3457918830465624
906,8.575235184969566,-0.34764043298808756
907,8.56452323790112,-0.34948981303182336
908,8.553793313593024,-0.3513399790008232
909,8.543045601257534,-0.35319088669732296
910,8.53228029105606,-0.3550424919037955
911,8.52149757410299,-0.35689475038400176
912,8.510697642469452,-0.3587476178840464
913,8.499880689187142,-0.3606010501334318
914,8.48904690825211,-0.36245500284611387
915,8.478196494628632,-0.3643094317215573
916,8.467329644253024,-0.36616429244579213
917,8.45644655403748,-0.36801954069247167
918,8.445547421873965,-0.3698751321239284
919,8.434632446638066,-0.3717310223922331
920,8.423701828192891,-0.373587167140252
921,8.41275576739295,-0.3754435220027063
922,8.40179446608804,-0.3773000426072316
923,8.390818127127174,-0.379156684575437
924,8.379826954362498,-0.3810134035239643
925,8.368821152653203,-0.38287015506554906
926,8.357800927869455,-0.3847268948100811
927,8.346766486896344,-0.38658357836566437
928,8.335718037637806,-0.38844016133967907
929,8.324655789020605,-0.3902965993398415
930,8.313579950998244,-0.39215284797526645
931,8.302490734554953,-0.3940088628575286
932,8.291388351709644,-0.39586459960172343
933,8.280273015519866,-0.39772001382752986
934,8.269144940085777,-0.3995750611602718
935,8.258004340554114,-0.4014296972319799
936,8.246851433122155,-0.4032838776824542
937,8.235686435041702,-0.4051375581603248
938,8.224509564623043,-0.40699069432411505
939,8.21332104123891,-0.4088432418433033
940,8.202121085328471,-0.410695156399384
941,8.190909918401271,-0.4125463936869305
942,8.179687763041212,-0.4143969094146558
943,8.16845484291049,-0.4162466593064746
944,8.157211382753577,-0.41809559910256483
945,8.145957608401147,-0.4199436845604279
946,8.134693746774014,-0.42179087145595084
947,8.123420025887098,-0.4236371155844656
948,8.112136674853316,-0.4254823727618108
949,8.100843923887506,-0.4273265988253912
950,8.089542004310353,-0.42916974963523774
951,8.078231148552266,-0.43101178107506677
952,8.066911590157282,-0.432852649053339
953,8.055583563786922,-0.4346923095043185
954,8.044247305224046,-0.4365307183891311
955,8.03290305137671,-0.43836783169682203
956,8.021551040281992,-0.440203605445413
957,8.010191511109785,-0.44203799568295954
958,7.998824704166621,-0.4438709584886067
959,7.987450860899416,-0.4457024499736455
960,7.976070223899232,-0.44753242628256773
961,7.96468303690501,-0.44936084359412015
962,7.953289544807283,-0.45118765812235945
963,7.941889993651835,-0.4530128261177048
964,7.930484630643417,-0.45483630386799034
965,7.919073704149311,-0.4566580476995173
966,7.907657463702972,-0.458478013978106
967,7.896236160007599,-0.4602961591101448
968,7.88481004493969,-0.46211243954364034
969,7.873379371552524,-0.46392681176926714
970,7.861944394079667,-0.4657392323214144
971,7.850505367938411,-0.4675496577792337
972,7.839062549733185,-0.4693580447676848
973,7.827616197258898,-0.4711643499585822
974,7.816166569504303,-0.4729685300716378
975,7.804713926655276,-0.47477054187550555
976,7.7932585300980435,-0.47657034218882366
977,7.781800642422425,-0.47836788788125484
978,7.770340527424939,-0.48016313587452913
979,7.758878450111948,-0.48195604314348073
980,7.7474146767026975,-0.4837465667170877
981,7.7359494746323385,-0.48553466367950804
982,7.724483112554866,-0.4873202911711166
983,7.713015860346027,-0.4891034063895392
984,7.70154798910616,-0.4908839665906864
985,7.690079771162972,-0.4926619290897863
986,7.678611480074277,-0.49443725126241445
987,7.667143390630643,-0.49620989054552483
988,7.655675778857972,-0.49797980443847817
989,7.644208922020058,-0.499746950504069
990,7.632743098621027,-0.5015112863695513
991,7.621278588407736,-0.503272769727663
992,7.609815672372059,-0.5050313583376496
993,7.598354632753166,-0.5067870100262853
994,7.586895753039651,-0.5085396826888935
995,7.575439317971618,-0.5102893342903655
996,7.563985613542699,-0.5120359228661774
997,7.552534927001931,-0.5137794065234064
998,7.541087546855626,-0.515519743441744
999,7.529643762869061,-0.5172568918745095
1000,7.51820386606816,-0.5189908101496606
1001,7.5067681487410125,-0.5207214566708028
1002,7.495336904439348,-0.5224487899181965
1003,7.4839104279798665,-0.5241727684497641
1004,7.472489015445504,-0.5258933509020931
1005,7.461072964186561,-0.5276104959914398
1006,7.449662572821751,-0.529324162514729
1007,7.43825814123912,-0.5310343093505536
1008,7.426859970596847,-0.5327408954601721
1009,7.415468363323948,-0.5344438798885032
1010,7.4040836231208464,-0.5361432217651196
1011,7.392706054959826,-0.5378388803052403
1012,7.381335965085358,-0.5395308148107192
1013,7.369973661014292,-0.5412189846710336
1014,7.358619451535938,-0.5429033493642698
1015,7.347273646711959,-0.5445838684581076
1016,7.335936557876213,-0.546260501610801
1017,7.324608497634379,-0.5479332085721582
1018,7.313289779863453,-0.5496019491845209
1019,7.301980719711134,-0.551266683383738
1020,7.290681633595022,-0.5529273712001399
1021,7.279392839201662,-0.5545839727595101
1022,7.268114655485449,-0.5562364482840547
1023,7.256847402667359,-0.5578847580933691
1024,7.245591402233524,-0.5595288626054027
1025,7.234346976933642,-0.5611687223374218
1026,7.223114450779187,-0.5628042979069696
1027,7.211894149041465,-0.5644355500328259
1028,7.200686398249498,-0.5660624395359605
1029,7.189491526187715,-0.5676849273404889
1030,7.178309861893452,-0.5693029744746216
1031,7.16714173565427,-0.5709165420716142
1032,7.155987479005063,-0.5725255913707135
1033,7.144847424725002,-0.5741300837181001
1034,7.133721906834223,-0.5757299805678324
1035,7.122611260590367,-0.5773252434827832
1036,7.1115158224848685,-0.5789158341355775
1037,7.10043593023904,-0.5805017143095264
1038,7.089371922799964,-0.582082845899557
1039,7.078324140336108,-0.583659190913145
1040,7.067292924232776,-0.5852307114712361
1041,7.056278617087268,-0.5867973698091735
1042,7.045281562703867,-0.5883591282776173
1043,7.034302106088532,-0.5899159493434623
1044,7.023340593443385,-0.5914677955907557
1045,7.012397372160931,-0.5930146297216071
1046,7.001472790818024,-0.5945564145571021
1047,6.990567199169594,-0.5960931130382064
1048,6.979680948142093,-0.5976246882266735
1049,6.968814389826706,-0.5991511033059438
1050,6.957967877472242,-0.6006723215820462
1051,6.947141765477813,-0.6021883064844918
1052,6.936336409385184,-0.6036990215671693
1053,6.925552165870861,-0.6052044305092339
1054,6.914789392737895,-0.6067044971159954
1055,6.9040484489073775,-0.6081991853198035
1056,6.893329694409667,-0.609688459180928
1057,6.8826334903752855,-0.6111722828884376
1058,6.871960199025543,-0.612650620761076
1059,6.861310183662789,-0.6141234372481346
1060,6.850683808660444,-0.6155906969303206
1061,6.840081439452624,-0.6170523645206254
1062,6.829503442523473,-0.6185084048651859
1063,6.818950185396199,-0.619958782944146
1064,6.808422036621724,-0.6214034638725129
1065,6.797919365767042,-0.6228424129010105
1066,6.787442543403195,-0.6242755954169315
1067,6.7769919410929225,-0.6257029769449833
1068,6.76656793137796,-0.6271245231481332
1069,6.756170887765999,-0.6285401998284484
1070,6.74580118471724,-0.6299499729279346
1071,6.735459197630628,-0.6313538085293691
1072,6.725145302829691,-0.6327516728571327
1073,6.714859877548014,-0.6341435322780373
1074,6.704603299914339,-0.6355293533021495
1075,6.694375948937275,-0.6369091025836122
1076,6.684178204489614,-0.6382827469214616
1077,6.674010447292285,-0.6396502532604414
1078,6.663873058897879,-0.6410115886918134
1079,6.653766421673786,-0.6423667204541645
1080,6.643690918784953,-0.6437156159342099
1081,6.633646934176186,-0.6450582426675939
1082,6.62363485255407,-0.6463945683396861
1083,6.6136550593685035,-0.6477245607863737
1084,6.603707940793717,-0.6490481879948524
1085,6.5937938837089805,-0.6503654181044106
1086,6.58391327567882,-0.6516762194072119
1087,6.574066504932788,-0.6529805603490744
1088,6.56425396034486,-0.6542784095302452
1089,6.554476031412353,-0.6555697357061703
1090,6.544733108234364,-0.6568545077882645
1091,6.535025581489872,-0.6581326948446723
1092,6.525353842415268,-0.6594042661010301
1093,6.515718282781527,-0.6606691909412211
1094,6.506119294870866,-0.6619274389081282
1095,6.496557271452976,-0.6631789797043827
1096,6.487032605760761,-0.6644237831931086
1097,6.477545691465673,-0.6656618193986638
1098,6.468096922652502,-0.6668930585073773
1099,6.458686693793769,-0.6681174708682822
1100,6.449315399723599,-0.6693350269938444
1101,6.439983435611119,-0.6705456975606893
1102,6.430691196933443,-0.6717494534103217
1103,6.421439079448093,-0.6729462655498443
1104,6.412227479165001,-0.6741361051526705
1105,6.403056792318015,-0.6753189435592339
1106,6.393927415335901,-0.6764947522776945
1107,6.384839744812896,-0.6776635029846385
1108,6.375794177478753,-0.6788251675257773
1109,6.366791110168303,-0.6799797179166391
1110,6.357830939790529,-0.6811271263432602
1111,6.348914063297158,-0.6822673651628678
1112,6.340040877650781,-0.6834004069045617
1113,6.331211779792442,-0.684526224269992
1114,6.322427166608776,-0.6856447901340301
1115,6.313687434898653,-0.6867560775454382
1116,6.304992981339326,-0.6878600597275331
1117,6.296344202452096,-0.6889567100788456
1118,6.287741494567483,-0.6900460021737777
1119,6.279185253789923,-0.6911279097632524
1120,6.270675875962005,-0.6922024067753623
1121,6.26221375662816,-0.6932694673160109
1122,6.25379929099794,-0.694329065669553
1123,6.245432873908776,-0.6953811762994272
1124,6.237114899788275,-0.6964257738487875
1125,6.228845762616051,-0.6974628331411272
1126,6.220625855885059,-0.6984923291809019
1127,6.212455572562503,-0.6995142371541441
1128,6.204335305050248,-0.7005285324290775
1129,6.196265445144778,-0.7015351905567241
1130,6.188246383996716,-0.7025341872715071
1131,6.180278512069861,-0.7035254984918509
1132,6.172362219099791,-0.704509100320776
1133,6.16449789405205,-0.7054849690464873
1134,6.1566859250798736,-0.7064530811429611
1135,6.148926699481433,-0.7074134132705269
1136,6.14122060365678,-0.7083659422764407
1137,6.1335680230642335,-0.7093106451954609
1138,6.1259693421764405,-0.7102474992504126
1139,6.11842494443601,-0.7111764818527521
1140,6.110935212210711,-0.7120975706031242
1141,6.103500526748323,-0.7130107432919164
1142,6.096121268131092,-0.7139159778998071
1143,6.088797815229776,-0.7148132525983106
1144,6.081530545657365,-0.7157025457503162
1145,6.074319835722408,-0.7165838359106238
1146,6.067166060382018,-0.7174571018264727
1147,6.060069593194485,-0.7183223224380691
1148,6.053030806271604,-0.7191794768791064
1149,6.046050070230681,-0.7200285444772797
1150,6.039127754146173,-0.7208695047547988
1151,6.032264225501102,-0.7217023374288943
1152,6.025459850138083,-0.7225270224123199
1153,6.018714992210174,-0.7233435398138482
1154,6.012030014131369,-0.7241518699387645
1155,6.005405276526901,-0.7249519932893528
1156,5.9988411381832485,-0.7257438905653792
1157,5.992337955997955,-0.7265275426645698
1158,5.98589608492918,-0.7273029306830823
1159,5.979515877945094,-0.7280700359159759
1160,5.973197685973043,-0.7288288398576729
1161,5.9669418578485445,-0.7295793242024178
1162,5.960748740264133,-0.7303214708447303
1163,5.954618677718032,-0.7310552618798544
1164,5.948552012462728,-0.7317806796041998
1165,5.942549084453358,-0.7324977065157832
1166,5.936610231296063,-0.7332063253146603
1167,5.930735788196201,-0.7339065189033549
1168,5.924926087906524,-0.7345982703872823
1169,5.919181460675259,-0.7352815630751678
1170,5.913502234194184,-0.7359563804794612
1171,5.907888733546649,-0.7366227063167449
1172,5.9023412811556195,-0.737280524508137
1173,5.896860196731701,-0.737929819179691
1174,5.891445797221217,-0.7385705746627884
1175,5.886098396754291,-0.7392027754945282
1176,5.880818306593064,-0.7398264064181088
1177,5.875605835079897,-0.7404414523832086
1178,5.870461287585773,-0.741047898546357
1179,5.865384966458748,-0.7416457302713035
1180,5.860377170972549,-0.7422349331293814
1181,5.855438197275361,-0.7428154928998644
1182,5.850568338338736,-0.7433873955703213
1183,5.845767883906781,-0.7439506273369613
1184,5.84103712044544,-0.7445051746049786
1185,5.836376331092123,-0.7450510239888889
1186,5.831785795605535,-0.7455881623128615
1187,5.827265790315775,-0.7461165766110462
1188,5.822816588074732,-0.7466362541278962
1189,5.818438458206802,-0.7471471823184839
1190,5.814131666459954,-0.7476493488488122
1191,5.8098964749571005,-0.7481427415961213
1192,5.805733142147904,-0.7486273486491893
1193,5.801641922760908,-0.7491031583086291
1194,5.7976230677561515,-0.7495701590871771
1195,5.793676824278173,-0.75002833970998
1196,5.789803435609479,-0.7504776891148743
1197,5.786003141124485,-0.7509181964526618
1198,5.782276176243959,-0.7513498510873783
1199,5.7786227723899986,-0.751772642596558
1200,5.775043156941476,-0.7521865607714932
1201,5.771537553190145,-0.7525915956174872
1202,5.768106180297195,-0.7529877373541036
1203,5.764749253250515,-0.7533749764154088
1204,5.761466982822511,-0.75375330345021
1205,5.75825957552857,-0.7541227093222872
1206,5.755127233586178,-0.7544831851106218
1207,5.752070154874711,-0.7548347221096172
1208,5.749088532895925,-0.7551773118293152
1209,5.746182556735146,-0.7555109459956082
1210,5.743352411023179,-0.7558356165504447
1211,5.740598275899004,-0.7561513156520289
1212,5.737920326973193,-0.7564580356750173
1213,5.735318735292132,-0.7567557692107078
1214,5.732793667303044,-0.7570445090672234
1215,5.730345284819836,-0.7573242482696924
1216,5.72797374498976,-0.7575949800604214
1217,5.72567920026093,-0.7578566978990637
1218,5.723461798350741,-0.7581093954627824
1219,5.721321682215122,-0.7583530666464076
1220,5.719258990018711,-0.758587705562589
1221,5.717273855105954,-0.7588133065419421
1222,5.7153664059731355,-0.7590298641331894
1223,5.713536766241308,-0.7592373731032971
1224,5.711785054630242,-0.7594358284376045
1225,5.710111384933283,-0.7596252253399505
1226,5.708515865993272,-0.7598055592327916
1227,5.706998601679363,-0.759976825757317
1228,5.7055596908649395,-0.7601390207735578
1229,5.70419922740648,-0.76029214036049
1230,5.7029173001235085,-0.7604361808161316
1231,5.701713992779562,-0.7605711386576369
1232,5.7005893840641955,-0.7606970106213818
1233,5.699543547576068,-0.7608137936630467
1234,5.698576551807096,-0.760921484957692
1235,5.6976884601276865,-0.7610200818998294
1236,5.69687933077305,-0.7611095821034863
1237,5.696149216830592,-0.761189983402267
1238,5.695498166228436,-0.761261283849406
1239,5.694926221725037,-0.7613234817178172
1240,5.694433420899904,-0.7613765755001376
1241,5.694019796145437,-0.7614205639087656
1242,5.693685374659878,-0.7614554458758934
1243,5.6934301784414325,-0.761481220553534
1244,5.693254224283459,-0.7614978873135423
1245,5.693157523770805,-0.7615054457476332
1246,5.693140083277307,-0.7615038956673906
1247,5.6932019039644,-0.7614932371042734
1248,5.693342981780847,-0.7614734703096151
1249,5.693563307463626,-0.7614445957546191
1250,5.693862866539962,-0.7614066141303462
1251,5.694241639330448,-0.7613595263476993
1252,5.694699600953337,-0.7613033335374013
1253,5.695236721329962,-0.7612380370499665
1254,5.695852965191248,-0.7611636384556696
1255,5.696548292085382,-0.7610801395445058
1256,5.697322656386581,-0.760987542326148
1257,5.698176007304986,-0.760885849029897
1258,5.699108288897673,-0.7607750621046271
1259,5.700119440080726,-0.7606551842187258
1260,5.701209394642458,-0.7605262182600283
1261,5.702378081257685,-0.7603881673357467
1262,5.703625423503098,-0.7602410347723929
1263,5.704951339873703,-0.7600848241156974
1264,5.706355743800325,-0.7599195391305217
1265,5.707838543668175,-0.759745183800765
1266,5.709399642836451,-0.7595617623292669
1267,5.711038939658992,-0.7593692791377027
1268,5.712756327505932,-0.7591677388664753
1269,5.714551694786384,-0.7589571463746001
1270,5.71642492497212,-0.7587375067395851
1271,5.718375896622269,-0.7585088252573058
1272,5.720404483408906,-0.758271107441874
1273,5.722510554143734,-0.7580243590255019
1274,5.724693972805601,-0.7577685859583603
1275,5.726954598568982,-0.7575037944084324
1276,5.729292285833454,-0.7572299907613598
1277,5.731706884253967,-0.7569471816202856
1278,5.73419823877206,-0.7566553738056923
1279,5.736766189647994,-0.7563545743552303
1280,5.739410572493646,-0.7560447905235474
1281,5.742131218306331,-0.7557260297821067
1282,5.744927953503401,-0.755398299819003
1283,5.74780059995768,-0.755061608538773
1284,5.750748975033681,-0.7547159640621987
1285,5.753772891624577,-0.7543613747261078
1286,5.7568721581899664,-0.7539978490831668
1287,5.760046578794339,-0.7536253959016694
1288,5.76329595314628,-0.7532440241653201
1289,5.766620076638372,-0.7528537430730119
1290,5.770018740387785,-0.752454562038598
1291,5.773491731277504,-0.7520464906906597
1292,5.777038831998244,-0.7516295388722679
1293,5.780659821090916,-0.7512037166407397
1294,5.78435447298977,-0.75076903426739
1295,5.7881225580660995,-0.750325502237276
1296,5.791963842672492,-0.7498731312489395
1297,5.795878089187627,-0.7494119322141413
1298,5.799865056061633,-0.7489419162575905
1299,5.803924497861883,-0.7484630947166715
1300,5.8080561653193525,-0.7479754791411609
1301,5.8122598053753824,-0.7474790812929436
1302,5.816535161228899,-0.7469739131457209
1303,5.820881972384074,-0.7464599868847146
1304,5.825299974698382,-0.7459373149063652
1305,5.82978890043101,-0.7454059098180253
1306,5.834348478291684,-0.7448657844376481
1307,5.8389784334897685,-0.7443169517934699
1308,5.843678487783777,-0.7437594251236874
1309,5.848448359531094,-0.7431932178761308
1310,5.853287763738032,-0.7426183437079309
1311,5.858196412110137,-0.7420348164851815
1312,5.863174013102746,-0.7414426502825958
1313,5.868220271971739,-0.7408418593831584
1314,5.87333489082453,-0.7402324582777723
1315,5.878517568671229,-0.7396144616649001
1316,5.883768001475938,-0.7389878844502006
1317,5.889085882208248,-0.7383527417461601
1318,5.894470900894822,-0.737709048871718
1319,5.899922744671084,-0.7370568213518891
1320,5.905441097833037,-0.7363960749173787
1321,5.91102564188912,-0.7357268255041934
1322,5.916676055612103,-0.7350490892532479
1323,5.922392015091051,-0.7343628825099647
1324,5.928173193783301,-0.7336682218238715
1325,5.934019262566431,-0.7329651239481894
1326,5.939929889790201,-0.7322536058394211
1327,5.945904741328472,-0.7315336846569307
1328,5.951943480631081,-0.7308053777625194
1329,5.9580457687756585,-0.7300687027199954
1330,5.964211264519304,-0.7293236772947415
1331,5.9704396243502575,-0.7285703194532743
1332,5.976730502539367,-0.7278086473628012
1333,5.983083551191494,-0.72703867939077
1334,5.989498420296724,-0.7262604341044164
1335,5.995974757781456,-0.7254739302703042
1336,6.002512209559312,-0.7246791868538612
1337,6.009110419581839,-0.7238762230189113
1338,6.015769029889032,-0.7230650581272005
1339,6.022487680659632,-0.722245711737918
1340,6.029266010261201,-0.721418203607214
1341,6.036103655299954,-0.7205825536877111
1342,6.04300025067038,-0.71973878212801
1343,6.049955429604505,-0.718886909272194
1344,6.056968823720979,-0.7180269556593248
1345,6.064040063073824,-0.7171589420229357
1346,6.071168776200889,-0.7162828892905195
1347,6.078354590172009,-0.7153988185830115
1348,6.0855971306368355,-0.7145067512142681
1349,6.092896021872351,-0.7136067086905399
1350,6.100250886830027,-0.712698712709941
1351,6.107661347182647,-0.7117827851619135
1352,6.115127023370753,-0.7108589481266868
1353,6.12264753464877,-0.7099272238747323
1354,6.130222499130715,-0.7089876348662135
1355,6.1378515338355255,-0.7080402037504322
1356,6.145534254732024,-0.707084953365269
1357,6.153270276783475,-0.7061219067366197
1358,6.161059213991726,-0.7051510870778267
1359,6.168900679440929,-0.7041725177891074
1360,6.1767942853408915,-0.7031862224569754
1361,6.184739643069963,-0.702192224853659
1362,6.192736363217499,-0.7011905489365147
1363,6.200784055625889,-0.7001812188474364
1364,6.208882329432142,-0.6991642589122606
1365,6.217030793109056,-0.6981396936401645
1366,6.225229054505903,-0.6971075477230626
1367,6.233476720888663,-0.6960678460349989
1368,6.241773398979818,-0.6950206136315313
1369,6.250118694997675,-0.6939658757491157
1370,6.258512214695214,-0.6929036578044826
1371,6.266953563398482,-0.6918339853940113
1372,6.2754423460445095,-0.6907568842930984
1373,6.283978167218745,-0.6896723804555237
1374,6.292560631192033,-0.6885805000128082
1375,6.301189341957084,-0.6874812692735727
1376,6.309863903264493,-0.6863747147228876
1377,6.318583918658248,-0.6852608630216221
1378,6.327348991510773,-0.6841397410057861
1379,6.336158725057484,-0.6830113756858691
1380,6.345012722430858,-0.6818757942461758
1381,6.353910586694012,-0.6807330240441557
1382,6.362851920873774,-0.6795830926097302
1383,6.371836327993309,-0.6784260276446142
1384,6.380863411104237,-0.6772618570216341
1385,6.389932773318234,-0.6760906087840416
1386,6.399044017838212,-0.6749123111448236
1387,6.408196747988941,-0.6737269924860073
1388,6.417390567247226,-0.6725346813579623
1389,6.426625079271582,-0.6713354064786982
1390,6.435899887931452,-0.6701291967331563
1391,6.4452145973359025,-0.6689160811725012
1392,6.4545688118618525,-0.6676960890134047
1393,6.463962136181851,-0.6664692496373273
1394,6.473394175291319,-0.665235592589796
1395,6.482864534535365,-0.6639951475796776
1396,6.492372819635109,-0.6627479444784474
1397,6.501918636713523,-0.6614940133194559
1398,6.511501592320814,-0.66023338429719
1399,6.521121293459346,-0.6589660877665303
1400,6.530777347608079,-0.6576921542420054
1401,6.540469362746547,-0.6564116143970424
1402,6.550196947378416,-0.655124499063212
1403,6.559959710554502,-0.6538308392294726
1404,6.569757261895432,-0.6525306660414076
1405,6.579589211613789,-0.6512240108004606
1406,6.589455170535839,-0.6499109049631672
1407,6.599354750122797,-0.6485913801403816
1408,6.609287562491673,-0.6472654680965015
1409,6.619253220435655,-0.6459332007486868
1410,6.629251337444091,-0.6445946101660771
1411,6.639281527722013,-0.6432497285690042
1412,6.649343406209253,-0.6418985883282013
1413,6.65943658859912,-0.6405412219640085
1414,6.669560691356707,-0.6391776621455741
1415,6.679715331736689,-0.6378079416900552
1416,6.689900127800815,-0.6364320935618103
1417,6.700114698434938,-0.6350501508715922
1418,6.710358663365649,-0.6336621468757352
1419,6.720631643176525,-0.6322681149753399
1420,6.7309332593239795,-0.6308680887154544
1421,6.741263134152716,-0.6294621017842513
1422,6.75162089091082,-0.6280501880122024
1423,6.762006153764436,-0.6266323813712493
1424,6.772418547812106,-0.6252087159739713
1425,6.7828576990986935,-0.6237792260727493
1426,6.793323234629001,-0.6223439460589256
1427,6.80381478238097,-0.6209029104619634
1428,6.814331971318528,-0.6194561539486
1429,6.824874431404149,-0.6180037113219967
1430,6.835441793610964,-0.6165456175208888
1431,6.846033689934601,-0.6150819076187282
1432,6.856649753404655,-0.6136126168228261
1433,6.8672896180958265,-0.6121377804734912
1434,6.877952919138752,-0.6106574340431636
1435,6.8886392927304705,-0.6091716131355482
1436,6.899348376144597,-0.6076803534847423
1437,6.910079807741163,-0.6061836909543628
1438,6.920833226976179,-0.6046816615366671
1439,6.931608274410817,-0.6031743013516754
1440,6.942404591720372,-0.6016616466462852
1441,6.9532218217028765,-0.6001437337933859
1442,6.964059608287428,-0.5986205992909703
1443,6.974917596542249,-0.5970922797612412
1444,6.98579543268242,-0.5955588119497174
1445,6.996692764077392,-0.5940202327243349
1446,7.00760923925815,-0.5924765790745473
1447,7.0185445079241715,-0.5909278881104214
1448,7.029498220950082,-0.5893741970617308
1449,7.040470030392045,-0.5878155432770467
1450,7.051459589493931,-0.5862519642228267
1451,7.0624665526931825,-0.5846834974824981
1452,7.073490575626455,-0.5831101807555434
1453,7.084531315135018,-0.5815320518565779
1454,7.095588429269916,-0.5799491487144273
1455,7.1066615772968555,-0.5783615093712028
1456,7.1177504197009185,-0.5767691719813731
1457,7.128854618191006,-0.5751721748108329
1458,7.139973835704083,-0.5735705562359696
1459,7.15110773640914,-0.5719643547427294
1460,7.162255985711057,-0.5703536089256765
1461,7.173418250254131,-0.5687383574870536
1462,7.184594197925486,-0.5671186392358383
1463,7.195783497858221,-0.5654944930867972
1464,7.206985820434396,-0.5638659580595381
1465,7.218200837287791,-0.562233073277559
1466,7.229428221306504,-0.5605958779672949
1467,7.240667646635339,-0.558954411457163
1468,7.25191878867801,-0.5573087131766046
1469,7.2631813240991585,-0.5556588226551256
1470,7.274454930826239,-0.5540047795213336
1471,7.285739288051164,-0.5523466235019736
1472,7.297034076231827,-0.550684394420961
1473,7.308338977093429,-0.5490181321984133
1474,7.319653673629669,-0.5473478768496783
1475,7.330977850103766,-0.5456736684843605
1476,7.342311192049288,-0.5439955473053466
1477,7.353653386270916,-0.5423135536078271
1478,7.365004120844945,-0.5406277277783172
1479,7.376363085119753,-0.5389381102936741
1480,7.387729969716023,-0.5372447417201146
1481,7.39910446652693,-0.5355476627122278
1482,7.410486268718069,-0.533846914011989
1483,7.421875070727383,-0.5321425364477684
1484,7.433270568264855,-0.5304345709333409
1485,7.444672458312135,-0.5287230584668908
1486,7.456080439122021,-0.5270080401300178
1487,7.467494210217804,-0.525289557086739
1488,7.478913472392524,-0.5235676505824901
1489,7.4903379277080955,-0.5218423619431244
1490,7.501767279494341,-0.5201137325739091
1491,7.5132012323478605,-0.5183818039585227
1492,7.524639492130866,-0.5166466176580465
1493,7.536081765969869,-0.5149082153099586
1494,7.547527762254263,-0.5131666386271229
1495,7.558977190634841,-0.5114219293967783
1496,7.570429762022169,-0.5096741294795265
1497,7.581885188584914,-0.5079232808083166
1498,7.593343183748067,-0.5061694253874283
1499,7.604803462191054,-0.5044126052914557
1500,7.616265739845774,-0.5026528626642879
1501,7.627729733894579,-0.5008902397180869
1502,7.639195162768129,-0.4991247787322676
1503,7.650661746143211,-0.4973565220524718
1504,7.662129204940435,-0.4955855120895452
1505,7.6735972613219054,-0.4938117913185098
1506,7.685065638688789,-0.49203540227753595
1507,7.696534061678814,-0.490256387566914
1508,7.7080022561637085,-0.488474789848023
1509,7.719469949246583,-0.48669065184229937
1510,7.730936869259222,-0.4849040163302036
1511,7.74240274575934,-0.483114926150186
1512,7.753867309527767,-0.48132342419765073
1513,7.765330292565567,-0.47952955342391995
1514,7.776791428091126,-0.47773335683519563
1515,7.788250450537172,-0.475934877491519
1516,7.799707095547709,-0.4741341585057331
1517,7.811161099974977,-0.47233124304243884
1518,7.822612201876279,-0.4705261743169551
1519,7.834060140510837,-0.46871899559427294
1520,7.845504656336551,-0.46690975018801284
1521,7.856945491006727,-0.4650984814593786
1522,7.868382387366761,-0.46328523281611217
1523,7.87981508945081,-0.46147004771144423
1524,7.891243342478389,-0.45965296964304814
1525,7.90266689285094,-0.4578340421519897
1526,7.914085488148397,-0.45601330882167684
1527,7.925498877125643,-0.4541908132768107
1528,7.936906809709019,-0.45236659918233235
1529,7.948309036992762,-0.45054071024237036
1530,7.959705311235399,-0.4487131901991892
1531,7.971095385856137,-0.44688408283213377
1532,7.982479015431217,-0.4450534319565759
1533,7.993855955690241,-0.443221281422859
1534,8.005225963512471,-0.44138767511524213
1535,8.016588796923127,-0.43955265695084256
1536,8.027944215089628,-0.43771627087858034
1537,8.039291978317832,-0.4358785608781196
1538,8.05063184804827,-0.43403957095881024
1539,8.061963586852327,-0.4321993451586295
1540,8.073286958428412,-0.4303579275431238
1541,8.084601727598171,-0.42851536220434616
1542,8.095907660302576,-0.42667169325979964
1543,8.107204523598122,-0.42482696485137383
1544,8.118492085652893,-0.42298122114428555
1545,8.129770115742714,-0.42113450632601707
1546,8.141038384247217,-0.4192868646052546
1547,8.152296662645961,-0.41743834021082576
1548,8.163544723514498,-0.41558897739063794
1549,8.174782340520434,-0.41373882041061577
1550,8.186009288419507,-0.4118879135536376
1551,8.197225343051638,-0.4100363011184735
1552,8.20843028133697,-0.408184027418722
1553,8.219623881271934,-0.4063311367817458
1554,8.230805921925286,-0.4044776735476093
1555,8.241976183434124,-0.40262368206801463
1556,8.253134446999956,-0.40076920670523825
1557,8.26428049488471,-0.39891429183106686
1558,8.275414110406777,-0.39705898182573385
1559,8.28653507793702,-0.39520332107685635
1560,8.297643182894852,-0.39334735397836956
1561,8.30873821174421,-0.3914911249294658
1562,8.31981995198965,-0.38963467833352816
1563,8.330888192172333,-0.3877780585970689
1564,8.34194272186609,-0.3859213101286655
1565,8.352983331673466,-0.38406447733789695
1566,8.364009813221749,-0.3822076046342816
1567,8.375021959159035,-0.38035073642621364
1568,8.386019563150278,-0.37849391711990094
1569,8.39700241987337,-0.3766371911183017
1570,8.407970325015187,-0.3747806028200634
1571,8.418923075267658,-0.3729241966184612
1572,8.429860468323875,-0.3710680169003353
1573,8.440782302874153,-0.36921210804503085
1574,8.45168837860216,-0.3673565144233363
1575,8.462578496180994,-0.36550128039642393
1576,8.473452457269325,-0.36364645031478926
1577,8.484310064507477,-0.3617920685171925
1578,8.49515112151362,-0.3599381793295981
1579,8.50597543287988,-0.3580848270641177
1580,8.516782804168491,-0.35623205601795155
1581,8.52757304190797,-0.3543799104723316
1582,8.538345953589323,-0.3525284346914631
1583,8.549101347662184,-0.3506776729214706
1584,8.559839033531059,-0.34882766938934096
1585,8.570558821551517,-0.34697846830186874
1586,8.581260523026435,-0.34513011384460185
1587,8.591943950202218,-0.34328265018078874
1588,8.602608916265073,-0.34143612145032454
1589,8.613255235337268,-0.3395905717686993
1590,8.623882722473422,-0.33774604522594714
1591,8.634491193656785,-0.3359025858855951
1592,8.645080465795564,-0.33406023778361443
1593,8.65565035671923,-0.33221904492737103
1594,8.666200685174887,-0.33037905129457756
1595,8.6767312708236,-0.3285403008322468
1596,8.687241934236786,-0.3267028374556451
1597,8.69773249689258,-0.32486670504724807
1598,8.708202781172277,-0.32303194745569463
1599,8.718652610356692,-0.32119860849474635
1600,8.729081808622649,-0.3193667319422433
1601,8.7394902010394,-0.31753636153906384
1602,8.749877613565117,-0.3157075409880842
1603,8.760243873043358,-0.31388031395313976
1604,8.77058880719957,-0.3120547240579876
1605,8.780912244637628,-0.31023081488526927
1606,8.79121401483633,-0.30840862997547613
1607,8.801493948146005,-0.30658821282591364
1608,8.811751875785056,-0.3047696068896693
1609,8.821987629836546,-0.30295285557458057
1610,8.832201043244797,-0.30113800224220505
1611,8.842391949812049,-0.29932509020678977
1612,8.852560184195061,-0.29751416273424464
1613,8.862705581901814,-0.2957052630411146
1614,8.872827979288143,-0.29389843429355567
1615,8.882927213554488,-0.2920937196063095
1616,8.893003122742561,-0.2902911620416824
1617,8.903055545732114,-0.28849080460852333
1618,8.91308432223767,-0.2866926902612048
1619,8.923089292805304,-0.284896861898605
1620,8.933070298809442,-0.28310336236309036
1621,8.943027182449647,-0.28131223443950115
1622,8.952959786747469,-0.27952352085413806
1623,8.962867955543286,-0.27773726427374934
1624,8.97275153349315,-0.275953507304522
1625,8.982610366065714,-0.2741722924910714
1626,8.99244429953908,-0.27239366231543555
1627,9.002253180997759,-0.27061765919606917
1628,9.012036858329614,-0.2688443254868393
1629,9.021795180222798,-0.26707370347602427
1630,9.031527996162739,-0.26530583538531355
1631,9.041235156429154,-0.26354076336880805
1632,9.05091651209306,-0.261778529512024
1633,9.060571915013789,-0.26001917583089895
1634,9.070201217836082,-0.2582627442707967
1635,9.079804273987122,-0.2565092767055182
1636,9.08938093767367,-0.25475881493631
1637,9.098931063879139,-0.25301140069087885
1638,9.108454508360758,-0.25126707562240436
1639,9.11795112764669,-0.24952588130855702
1640,9.127420779033239,-0.2477878592505147
1641,9.13686332058201,-0.24605305087198445
1642,9.146278611117133,-0.24432149751822427
1643,9.155666510222476,-0.24259324045506733
1644,9.165026878238924,-0.2408683208679478
1645,9.17435957626159,-0.2391467798609313
1646,9.183664466137152,-0.23742865845574296
1647,9.192941410461117,-0.23571399759080214
1648,9.202190272575182,-0.2340028381202554
1649,9.211410916564526,-0.23229522081301515
1650,9.220603207255209,-0.23059118635179815
1651,9.229767010211528,-0.22889077533216645
1652,9.238902191733445,-0.22719402826157092
1653,9.248008618853945,-0.2255009855583984
1654,9.257086159336529,-0.22381168755101813
1655,9.26613468167263,-0.2221261744768332
1656,9.27515405507911,-0.22044448648133258
1657,9.284144149495718,-0.21876666361714675
1658,9.293104835582625,-0.21709274584310465
1659,9.302035984717953,-0.21542277302329307
1660,9.310937468995286,-0.21375678492611996
1661,9.319809161221269,-0.21209482122337786
1662,9.328650934913163,-0.21043692148931167
1663,9.337462664296465,-0.2087831251996873
1664,9.34624422430251,-0.20713347173086458
1665,9.354995490566127,-0.20548800035886997
1666,9.363716339423249,-0.2038467502584764
1667,9.372406647908637,-0.20220976050227965
1668,9.38106629375353,-0.20057707005978226
1669,9.389695155383377,-0.19894871779647752
1670,9.398293111915542,-0.19732474247293666
1671,9.406860043157051,-0.19570518274389942
1672,9.41539582960236,-0.19409007715736534
1673,9.42390035243111,-0.19247946415369024
1674,9.43237349350596,-0.19087338206468243
1675,9.440815135370354,-0.18927186911270488
1676,9.449225161246375,-0.18767496340977757
1677,9.457603455032581,-0.1860827029566839
1678,9.465949901301888,-0.18449512564207848
1679,9.47426438529941,-0.1829122692416003
1680,9.482546792940404,-0.18133417141698518
1681,9.490797010808139,-0.17976086971518487
1682,9.49901492615186,-0.17819240156748514
1683,9.507200426884701,-0.1766288042886306
1684,9.515353401581692,-0.17507011507594847
1685,9.5234737394777,-0.17351637100847841
1686,9.53156133046545,-0.17196760904610378
1687,9.539616065093519,-0.17042386602868612
1688,9.547637834564378,-0.1688851786752027
1689,9.555626530732443,-0.16735158358288632
1690,9.563582046102107,-0.16582311722636972
1691,9.57150427382586,-0.16429981595683107
1692,9.579393107702337,-0.16278171600114402
1693,9.587248442174475,-0.16126885346102926
1694,9.595070172327599,-0.15976126431221135
1695,9.60285819388758,-0.15825898440357644
1696,9.610612403218976,-0.15676204945633468
1697,9.618332697323241,-0.15527049506318386
1698,9.626018973836867,-0.1537843566874789
1699,9.633671131029617,-0.15230366966240194
1700,9.641289067802719,-0.15082846919013754
1701,9.64887268368714,-0.14935879034104854
1702,9.656421878841776,-0.14789466805285933
1703,9.663936554051771,-0.14643613712983744
1704,9.67141661072676,-0.14498323224198192
1705,9.67886195089918,-0.14353598792421354
1706,9.686272477222554,-0.14209443857556914
1707,9.693648092969855,-0.14065861845839703
1708,9.700988702031793,-0.13922856169755973
1709,9.708294208915213,-0.13780430227963544
1710,9.71556451874144,-0.13638587405212596
1711,9.722799537244644,-0.1349733107226677
1712,9.72999917077026,-0.13356664585824493
1713,9.737163326273398,-0.13216591288440627
1714,9.744291911317235,-0.13077114508448698
1715,9.751384834071487,-0.1293823755988316
1716,9.75844200331085,-0.12799963742402137
1717,9.765463328413452,-0.12662296341210671
1718,9.772448719359334,-0.12525238626984037
1719,9.779398086728968,-0.1238879385579153
1720,9.786311341701737,-0.12252965269020688
1721,9.793188396054457,-0.12117756093301749
1722,9.800029162159916,-0.11983169540432562
1723,9.806833552985418,-0.11849208807303717
1724,9.813601482091352,-0.11715877075824137
1725,9.820332863629748,-0.11583177512847062
1726,9.827027612342876,-0.11451113270096293
1727,9.833685643561832,-0.11319687484092869
1728,9.84030687320517,-0.11188903276082064
1729,9.846891217777516,-0.11058763751960764
1730,9.853438594368196,-0.10929272002205284
1731,9.859948920649892,-0.10800431101799465
1732,9.866422114877329,-0.10672244110163048
1733,9.872858095885903,-0.10544714071080775
1734,9.87925678309042,-0.1041784401263138
1735,9.88561809648376,-0.10291636947117382
1736,9.891941956635613,-0.10166095870994958
1737,9.898228284691182,-0.10041223764804413
1738,9.904477002369942,-0.09917023593100856
1739,9.91068803196437,-0.0979349830438537
1740,9.91686129633873,-0.09670650831036459
1741,9.922996718927813,-0.09548484089242083
1742,9.92909422373576,-0.0942700097893176
1743,9.935153735334833,-0.09306204383709361
1744,9.941175178864235,-0.0918609717078612
1745,9.947158480028932,-0.0906668219091407
1746,9.953103565098465,-0.08947962278319965
1747,9.959010360905822,-0.08829940250639381
1748,9.964878794846278,-0.08712618908851444
1749,9.970708794876257,-0.08596001037213803
1750,9.976500289512234,-0.08480089403198014
1751,9.98225320782959,-0.08364886757425427
1752,9.987967479461531,-0.08250395833603372
1753,9.993643034598012,-0.08136619348461718
1754,9.99927980398462,-0.08023560001690001
1755,10.004877718921552,-0.07911220475874736
1756,10.010436711262528,-0.07799603436437298
1757,10.015956713413761,-0.07688711531572127
1758,10.021437658332916,-0.07578547392185388
1759,10.026879479528098,-0.0746911363183395
1760,10.032282111056812,-0.0736041284666499
1761,10.037645487524996,-0.07252447615355674
1762,10.042969544086006,-0.0714522049905356
1763,10.04825421643962,-0.07038734041317332
1764,10.053499440831118,-0.06932990768057688
1765,10.058705154050276,-0.06827993187479062
1766,10.063871293430429,-0.06723743790021544
1767,10.068997796847524,-0.06620245048303172
1768,10.074084602719203,-0.06517499417062747
1769,10.079131650003884,-0.06415509333102991
1770,10.08413887819982,-0.06314277215234279
1771,10.08910622734424,-0.06213805464218515
1772,10.094033638012434,-0.06114096462713758
1773,10.098921051316884,-0.0601515257521897
1774,10.103768408906372,-0.05916976148019491
1775,10.108575652965136,-0.05819569509132732
1776,10.113342726212034,-0.057229349682542056
1777,10.11806957189966,-0.05627074816704365
1778,10.122756133813551,-0.05531991327375497
1779,10.127402356271329,-0.05437686754679264
1780,10.132008184121936,-0.053441633344944804
1781,10.136573562744761,-0.05251423284115675
1782,10.141098438048912,-0.05159468802201645
1783,10.145582756472383,-0.050683020687247816
1784,10.150026464981313,-0.04977925244920665
1785,10.15442951106917,-0.04888340473238247
1786,10.158791842756058,-0.047995498772902025
1787,10.16311340858792,-0.047115555618040095
1788,10.167394157635798,-0.04624359612573431
1789,10.171634039495121,-0.045379640964101985
1790,10.175833004284971,-0.04452371061096428
1791,10.17999100264738,-0.04367582535337269
1792,10.184107985746605,-0.04283600528714179
1793,10.188183905268453,-0.04200427031638482
1794,10.192218713419573,-0.04118064015305497
1795,10.196212362926794,-0.04036513431649001
1796,10.200164807036446,-0.039557772132962764
1797,10.204075999513702,-0.03875857273523459
1798,10.207945894641908,-0.03796755506211544
1799,10.211774447221968,-0.03718473785802517
1800,10.215561612571681,-0.036410139672563076
1801,10.219307346525119,-0.03564377886007994
1802,10.223011605432006,-0.0348856735792544
1803,10.226674346157123,-0.03413584179267413
1804,10.230295526079681,-0.03339430126642298
1805,10.233875103092723,-0.032661069569671124
1806,10.237413035602565,-0.0319361640742696
1807,10.240909282528193,-0.031219601954350525
1808,10.2443638033007,-0.030511400185931774
1809,10.247776557862712,-0.029811575546525693
1810,10.25114750666785,-0.02912014461475221
1811,10.254476610680172,-0.02843712376995782
1812,10.257763831373625,-0.027762529191838074
1813,10.261009130731534,-0.027096376860064685
1814,10.264212471246056,-0.02643868255391846
1815,10.267373815917683,-0.025789461851925176
1816,10.270493128254717,-0.025148730131497717
1817,10.27357037227277,-0.02451650256858198
1818,10.276605512494298,-0.023892794137306758
1819,10.279598513948079,-0.023277619609640383
1820,10.282549342168759,-0.022670993555050176
1821,10.285457963196356,-0.022072930340168127
1822,10.288324343575827,-0.021483444128459123
1823,10.291148450356605,-0.020902548879895802
1824,10.293930251092116,-0.020330258350638352
1825,10.296669713839393,-0.019766586092716632
1826,10.299366807158618,-0.019211545453718826
1827,10.302021500112676,-0.018665149576486142
1828,10.30463376226677,-0.018127411398808593
1829,10.307203563687985,-0.017598343653129157
1830,10.309730874944906,-0.01707795886624994
1831,10.312215667107187,-0.016566269359045715
1832,10.3146579117452,-0.016063287246179392
1833,10.31705758092963,-0.015569024435824377
1834,10.319414647231099,-0.015083492629390995
1835,10.321729083719802,-0.014606703321257714
1836,10.324000863965171,-0.01413866779850615
1837,10.326229962035448,-0.013679397140664372
1838,10.32841635249743,-0.013228902219449373
1839,10.330560010416065,-0.012787193698519226
1840,10.33266091135414,-0.012354282033228236
1841,10.334719031371959,-0.011930177470386428
1842,10.33673434702701,-0.011514890048024688
1843,10.338706835373673,-0.011108429595163774
1844,10.340636473962885,-0.010710805731589942
1845,10.342523240841867,-0.010322027867633468
1846,10.344367114553826,-0.009942105203952343
1847,10.346168074137658,-0.009571046731322403
1848,10.347926099127694,-0.00920886123042979
1849,10.34964116955339,-0.008855557271671114
1850,10.351313265939115,-0.008511143214955013
1851,10.35294236930384,-0.008175627209512787
1852,10.354528461160914,-0.00784901719370982
1853,10.356071523517823,-0.007531320894864466
1854,10.357571538875947,-0.007222545829070446
1855,10.359028490230317,-0.006922699301025109
1856,10.3604423610694,-0.006631788403862649
1857,10.361813135374886,-0.006349820018990242
1858,10.363140797621472,-0.006076800815931634
1859,10.364425332776662,-0.005812737252173547
1860,10.365666726300542,-0.0055576355730192675
1861,10.366864964145632,-0.005311501811444389
1862,10.368020032756665,-0.005074341787959369
1863,10.369131919070433,-0.004846161110476201
1864,10.370200610515598,-0.004626965174180296
1865,10.371226095012528,-0.0044167591614075515
1866,10.372208360973158,-0.004215548041524774
1867,10.373147397300798,-0.004023336570817827
1868,10.374043193390031,-0.00384012929238163
1869,10.374895739126547,-0.0036659305360165475
1870,10.375705024887017,-0.003500744418130607
1871,10.37647104153895,-0.0033445748416450144
1872,10.377193780440608,-0.003197425495904665
1873,10.377873233440866,-0.003059299856594555
1874,10.378509392879113,-0.0029302011856605025
1875,10.379102251585145,-0.0028101325312354453
1876,10.379651802879067,-0.002699096727569612
1877,10.380158040571228,-0.002597096394965951
1878,10.380620958962107,-0.00250413393972142
1879,10.381040552842263,-0.0024202115540716265
1880,10.381416817492257,-0.0023453312161414233
1881,10.381749748682568,-0.002279494689901473
1882,10.38203934267359,-0.0022227035251258563
1883,10.38228559621553,-0.002174959057359687
1884,10.382488506548382,-0.002136262407887891
1885,10.382648071401908,-0.0021066144837106437
1886,10.382764288995556,-0.0020860159775240865
1887,10.382837158038495,-0.002074467367703701
1888,10.382866677729575,-0.0020719689182944713
1889,10.382852847757304,-0.002078520679006443
1890,10.382795668299837,-0.0020941224852144428
1891,10.382695140025014,-0.0021187739579607077
1892,10.382551264090328,-0.0021524745039672114
1893,10.382364042142946,-0.002195223315648502
1894,10.382133476319764,-0.0022470193711303663
1895,10.381859569247368,-0.00230786143427658
1896,10.381542324042133,-0.0023777480547155206
1897,10.381181744310215,-0.002456677567876153
1898,10.380777834147622,-0.002544648095026204
1899,10.380330598140262,-0.00264165754331615
1900,10.379840041363988,-0.002747703605828676
1901,10.379306169384671,-0.002862783761632498
1902,10.378728988258269,-0.002986895275840977
1903,10.37810850453091,-0.0031200351996753736
1904,10.377444725238973,-0.00326220037053414
1905,10.376737657909178,-0.0034133874120656636
1906,10.375987310558669,-0.003573592734248061
1907,10.375193691695129,-0.003742812533471588
1908,10.374356810316902,-0.003921042792626598
1909,10.373476675913079,-0.004108279281197726
1910,10.372553298463648,-0.004304517555360956
1911,10.371586688439596,-0.0045097529580879325
1912,10.370576856803062,-0.004723980619252746
1913,10.369523815007485,-0.004947195455744952
1914,10.368427574997717,-0.005179392171587874
1915,10.367288149210237,-0.005420565258059948
1916,10.366105550573243,-0.005670708993823956
1917,10.364879792506864,-0.005929817445058391
1918,10.363610888923311,-0.006197884465595261
1919,10.362298854227094,-0.006474903697060901
1920,10.36094370331516,-0.006760868569024748
1921,10.359545451577105,-0.007055772299151252
1922,10.358104114895408,-0.00735960789335465
1923,10.356619709645566,-0.007672368145963597
1924,10.355092252696384,-0.007994045639885212
1925,10.353521761410146,-0.008324632746777635
1926,10.351908253642852,-0.00866412162722678
1927,10.350251747744458,-0.009012504230926477
1928,10.348552262559117,-0.00936977229686488
1929,10.346809817425417,-0.009735917353515582
1930,10.345024432176627,-0.01011093071903362
1931,10.343196127140978,-0.010494803501455334
1932,10.34132492314192,-0.010887526598903578
1933,10.339410841498397,-0.011289090699798818
1934,10.337453904025114,-0.011699486283074
1935,10.335454133032842,-0.01211870361839402
1936,10.333411551328712,-0.012546732766380558
1937,10.331326182216488,-0.012983563578842524
1938,10.329198049496917,-0.013429185699008861
1939,10.327027177468008,-0.013883588561768903
1940,10.324813590925379,-0.014346761393915674
1941,10.322557315162554,-0.014818693214395856
1942,10.320258375971337,-0.015299372834561405
1943,10.317916799642123,-0.01578878885842969
1944,10.315532612964269,-0.016286929682945685
1945,10.31310584322643,-0.01679378349825013
1946,10.310636518216944,-0.017309338287952152
1947,10.308124666224185,-0.017833581829407065
1948,10.305570316036953,-0.018366501693997898
1949,10.302973496944842,-0.01890808524742351
1950,10.300334238738655,-0.01945831964998912
1951,10.297652571710792,-0.02001719185690314
1952,10.29492852665565,-0.020584688618578956
1953,10.29216213487004,-0.021160796480940453
1954,10.28935342815363,-0.021745501785731834
1955,10.286502438809336,-0.022338790670834708
1956,10.28360919964378,-0.022940649070587085
1957,10.280673743967736,-0.023551062716108562
1958,10.277696105596565,-0.024170017135629315
1959,10.274676318850695,-0.024797497654824707
1960,10.271614418556062,-0.025433489397154452
1961,10.268510440044608,-0.026077977284205304
1962,10.265364419154736,-0.02673094603604049
1963,10.262176392231815,-0.027392380171551337
1964,10.258946396128678,-0.028062264008815896
1965,10.255674468206115,-0.02874058166546023
1966,10.252360646333399,-0.02942731705902562
1967,10.249004968888782,-0.03012245390734057
1968,10.245607474760028,-0.030825975728896872
1969,10.242168203344983,-0.03153786584322861
1970,10.238687194552066,-0.03225810737129997
1971,10.235164488800855,-0.03298668323589324
1972,10.231600127022629,-0.03372357616200461
1973,10.227994150660946,-0.03446876867724242
1974,10.224346601672199,-0.03522224311223147
1975,10.220657522526214,-0.0359839816010213
1976,10.216926956206834,-0.03675396608149858
1977,10.21315494621254,-0.037532178295804124
1978,10.209341536557009,-0.038318599790756476
1979,10.205486771769776,-0.03911321191827648
1980,10.201590696896831,-0.03991599583581984
1981,10.19765335750127,-0.040726932506811184
1982,10.19367479966392,-0.04154600270108511
1983,10.189655069984,-0.042373186995330145
1984,10.185594215579744,-0.04320846577353889
1985,10.181492284089131,-0.04405181922745945
1986,10.177349323670501,-0.044903227357055334
1987,10.173165383003255,-0.045762669970967305
1988,10.168940511288552,-0.04663012668697996
1989,10.164674758250017,-0.047505576932492896
1990,10.160368174134433,-0.04838899994499713
1991,10.156020809712464,-0.049280374772554925
1992,10.151632716279384,-0.050179680274284544
1993,10.147203945655805,-0.05108689512084936
1994,10.14273455018844,-0.0520019977949506
1995,10.138224582750835,-0.052924966591826
1996,10.133674096744144,-0.0538557796197514
1997,10.129083146097885,-0.05479441480054801
1998,10.124451785270749,-0.05574084987009203
1999,10.119780069251373,-0.05669506237883058
2000,10.115068053559119,-0.05765702969230216
2001,10.110315794244931,-0.05862672899165859
2002,10.105523347892115,-0.059604137274194474
2003,10.10069077161716,-0.060589231353880245
2004,10.095818123070613,-0.06158198786189721
2005,10.090905460437892,-0.06258238324718012
2006,10.085952842440154,-0.06359039377696163
2007,10.080960328335168,-0.06460599553732224
2008,10.075927977918173,-0.06562916443374413
2009,10.07085585152278,-0.06665987619166883
2010,10.065744010021865,-0.06769810635705949
2011,10.060592514828453,-0.06874383029696828
2012,10.05540142789667,-0.06979702320010576
2013,10.050170811722626,-0.07085766007741695
2014,10.044900729345375,-0.07192571576265962
2015,10.03959124434786,-0.07300116491298732
2016,10.03424242085787,-0.0740839820095372
2017,10.028854323548991,-0.07517414135802132
2018,10.023427017641596,-0.07627161708932179
2019,10.017960568903833,-0.07737638316009118
2020,10.0124550436526,-0.07848841335335614
2021,10.006910508754578,-0.07960768127912518
2022,10.001327031627236,-0.08073416037500028
2023,9.995704680239866,-0.08186782390679341
2024,9.99004352311462,-0.08300864496914635
2025,9.984343629327547,-0.08415659648615535
2026,9.978605068509683,-0.08531165121199792
2027,9.972827910848094,-0.08647378173156658
2028,9.967012227086979,-0.08764296046110386
2029,9.96115808852875,-0.08881915964884277
2030,9.955265567035163,-0.09000235137565023
2031,9.949334735028389,-0.09119250755567682
2032,9.943365665492188,-0.09238959993700674
2033,9.937358431973019,-0.09359360010231506
2034,9.931313108581202,-0.09480447946952694
2035,9.925229769992082,-0.0960222092924813
2036,9.9191084914472,-0.09724676066159851
2037,9.912949348755472,-0.09847810450455224
2038,9.906752418294388,-0.09971621158694417
2039,9.900517777011231,-0.10096105251298357
2040,9.894245502424296,-0.10221259772616965
2041,9.887935672624113,-0.10347081750997904
2042,9.881588366274693,-0.10473568198855646
2043,9.875203662614785,-0.10600716112740872
2044,9.868781641459156,-0.10728522473410271
2045,9.862322383199864,-0.10856984245896759
2046,9.855825968807544,-0.10986098379580075
2047,9.849292479832737,-0.11115861808257628
2048,9.842721998407173,-0.11246271450215914
2049,9.83611460724514,-0.11377324208302096
2050,9.829470389644795,-0.11509016969996146
2051,9.822789429489545,-0.1164134660748315
2052,9.816071811249397,-0.11774309977726184
2053,9.809317619982366,-0.11907903922539365
2054,9.802526941335834,-0.12042125268661423
2055,9.795699861547977,-0.12176970827829586
2056,9.7888364674492,-0.1231243739685367
2057,9.78193684646355,-0.12448521757690757
2058,9.775001086610171,-0.1258522067752015
2059,9.76802927650476,-0.12722530908818602
2060,9.761021505361047,-0.1286044918943599
2061,9.753977862992283,-0.12998972242671256
2062,9.74689843981274,-0.1313809677734882
2063,9.739783326839225,-0.13277819487895196
2064,9.732632615692614,-0.13418137054416046
2065,9.725446398599376,-0.13559046142773637
2066,9.718224768393164,-0.13700543404664378
2067,9.710967818516352,-0.1384262547769708
2068,9.703675643021633,-0.13985288985471242
2069,9.69634833657362,-0.14128530537655798
2070,9.688985994450459,-0.14272346730068203
2071,9.681588712545445,-0.1441673414475386
2072,9.674156587368685,-0.14561689350065807
2073,9.666689716048745,-0.1470720890074479
2074,9.65918819633431,-0.1485328933799972
2075,9.651652126595877,-0.14999927189588352
2076,9.644081605827454,-0.1514711896989837
2077,9.636476733648287,-0.152948611800287
2078,9.628837610304586,-0.15443150307871198
2079,9.621164336671242,-0.1559198282819282
2080,9.61345701425363,-0.15741355202717752
2081,9.605715745189357,-0.1589126388021018
2082,9.597940632250065,-0.16041705296557218
2083,9.59013177884323,-0.16192675874852208
2084,9.582289289013985,-0.16344172025478257
2085,9.574413267446966,-0.1649619014619221
2086,9.566503819468135,-0.16648726622208843
2087,9.55856105104669,-0.1680177782628531
2088,9.550585068796922,-0.16955340118806012
2089,9.542575979980125,-0.17109409847867685
2090,9.534533892506504,-0.17263983349364873
2091,9.526458914937118,-0.17419056947075542
2092,9.51835115648581,-0.17574626952747222
2093,9.51021072702119,-0.17730689666183244
2094,9.502037737068608,-0.17887241375329294
2095,9.493832297812146,-0.18044278356360408
2096,9.485594521096633,-0.18201796873768072
2097,9.477324519429695,-0.1835979318044766
2098,9.469022405983763,-0.18518263517786326
2099,9.460688294598157,-0.1867720411575093
2100,9.452322299781175,-0.18836611192976324
2101,9.443924536712183,-0.18996480956853998
2102,9.435495121243708,-0.19156809603621006
2103,9.427034169903587,-0.19317593318449053
2104,9.418541799897115,-0.19478828275533885
2105,9.410018129109222,-0.19640510638184985
2106,9.401463276106607,-0.19802636558915657
2107,9.392877360139996,-0.19965202179533084
2108,9.384260501146324,-0.20128203631228916
2109,9.375612819750968,-0.20291637034670035
2110,9.366934437270015,-0.20455498500089542
2111,9.35822547571251,-0.2061978412737806
2112,9.349486057782768,-0.20784490006175244
2113,9.340716306882653,-0.2094961221596158
2114,9.331916347113916,-0.21115146826150444
2115,9.323086303280526,-0.2128108989618041
2116,9.314226300891042,-0.2144743747560774
2117,9.305336466160957,-0.21614185604199238
2118,9.296416926015134,-0.2178133031202526
2119,9.287467808090181,-0.2194886761955301
2120,9.2784892407369,-0.22116793537740045
2121,9.269481353022732,-0.2228510406812804
2122,9.260444274734223,-0.224537952029368
2123,9.251378136379513,-0.22622862925158424
2124,9.242283069190819,-0.22792303208651948
2125,9.233159205126984,-0.22962112018237832
2126,9.224006676875993,-0.23132285309793038
2127,9.214825617857558,-0.23302819030346053
2128,9.205616162225676,-0.2347370911817236
2129,9.196378444871215,-0.23644951502890063
2130,9.187112601424559,-0.23816542105555555
2131,9.177818768258215,-0.23988476838759734
2132,9.168497082489486,-0.241607516067241
2133,9.159147681983121,-0.24333362305397305
2134,9.149770705354015,-0.2450630482255184
2135,9.140366291969917,-0.24679575037880871
2136,9.13093458195416,-0.24853168823095365
2137,9.121475716188387,-0.2502708204202139
2138,9.111989836315368,-0.25201310550697537
2139,9.102477084741725,-0.2537585019747272
2140,9.092937604640763,-0.2555069682310405
2141,9.083371539955296,-0.25725846260854895
2142,9.073779035400486,-0.25901294336593167
2143,9.064160236466693,-0.2607703686888984
2144,9.054515289422355,-0.2625306966911765
2145,9.044844341316908,-0.26429388541549814
2146,9.035147539983683,-0.2660598928345923
2147,9.025425034042849,-0.2678286768521758
2148,9.015676972904371,-0.269600195303948
2149,9.005903506770979,-0.27137440595858664
2150,8.99610478664117,-0.27315126651874505
2151,8.986280964312218,-0.2749307346220516
2152,8.976432192383214,-0.2767127678421105
2153,8.966558624258093,-0.2784973236895055
2154,8.956660414148736,-0.2802843596128029
2155,8.946737717078042,-0.2820738329995584
2156,8.936790688883033,-0.28386570117732474
2157,8.92681948621799,-0.2856599214146607
2158,8.916824266557606,-0.2874564509221418
2159,8.90680518820013,-0.2892552468533733
2160,8.896762410270572,-0.2910562663060031
2161,8.886696092723888,-0.2928594663227385
2162,8.876606396348215,-0.29466480389236194
2163,8.866493482768114,-0.29647223595074945
2164,8.856357514447808,-0.2982817193818911
2165,8.846198654694472,-0.30009321101891206
2166,8.836017067661531,-0.30190666764509483
2167,8.825812918351982,-0.3037220459949029
2168,8.815586372621699,-0.30553930275500707
2169,8.80533759718281,-0.3073583945653111
2170,8.795066759607042,-0.3091792780199805
2171,8.78477402832914,-0.31100190966847074
2172,8.774459572650239,-0.3128262460165582
2173,8.764123562741291,-0.31465224352737214
2174,8.753766169646532,-0.31647985862242684
2175,8.743387565286895,-0.3183090476826564
2176,8.732987922463522,-0.3201397670494492
2177,8.72256741486123,-0.3219719730256848
2178,8.712126217052043,-0.32380562187677087
2179,8.701664504498696,-0.32564066983168194
2180,8.69118245355818,-0.3274770730839993
2181,8.680680241485328,-0.3293147877929503
2182,8.670158046436352,-0.33115377008445157
2183,8.659616047472442,-0.3329939760521507
2184,8.6490544245634,-0.33483536175846995
2185,8.63847335859123,-0.33667788323565034
2186,8.627873031353795,-0.33852149648679813
2187,8.617253625568479,-0.3403661574869291
2188,8.606615324875818,-0.342211822184018
2189,8.595958313843223,-0.34405844650004525
2190,8.585282777968677,-0.3459059863320448
2191,8.574588903684413,-0.3477543975531559
2192,8.563876878360668,-0.3496036360136719
2193,8.553146890309431,-0.35145365754209135
2194,8.542399128788169,-0.35330441794617046
2195,8.531633784003617,-0.355155873013975
2196,8.520851047115547,-0.35700797851493365
2197,8.510051110240571,-0.35886069020089173
2198,8.49923416645593,-0.3607139638071658
2199,8.488400409803342,-0.36256775505359745
2200,8.477550035292788,-0.36442201964561083
2201,8.466683238906382,-0.36627671327526723
2202,8.455800217602222,-0.36813179162232174
2203,8.444901169318225,-0.36998721035528154
2204,8.43398629297603,-0.37184292513246175
2205,8.423055788484865,-0.3736988916030446
2206,8.41210985674543,-0.3755550654081374
2207,8.401148699653808,-0.3774114021818315
2208,8.390172520105363,-0.3792678575522613
2209,8.379181521998666,-0.38112438714266356
2210,8.368175910239405,-0.3829809465724377
2211,8.357155890744329,-0.3848374914582052
2212,8.34612167044516,-0.38669397741487094
2213,8.335073457292571,-0.38855036005668253
2214,8.32401146026009,-0.3904065949982926
2215,8.312935889348093,-0.3922626378558182
2216,8.301846955587719,-0.3941184442479036
2217,8.290744871044872,-0.3959739697967799
2218,8.279629848824158,-0.3978291701293276
2219,8.268502103072843,-0.3996840008781381
2220,8.257361848984841,-0.4015384176825747
2221,8.246209302804669,-0.4033923761898345
2222,8.235044681831425,-0.4052458320560096
2223,8.22386820442274,-0.4070987409471497
2224,8.212680089998768,-0.40895105854032215
2225,8.201480559046123,-0.4108027405246749
2226,8.19026983312188,-0.4126537426024967
2227,8.179048134857489,-0.41450402049027946
2228,8.167815687962761,-0.4163535299197787
2229,8.15657271722983,-0.4182022266390741
2230,8.145319448537052,-0.4200500664136318
2231,8.134056108853004,-0.42189700502736305
2232,8.12278292624037,-0.42374299828368567
2233,8.111500129859882,-0.42558800200658425
2234,8.100207949974239,-0.427431972041669
2235,8.08890661795201,-0.42927486425723566
2236,8.077596366271514,-0.43111663454532484
2237,8.066277428524733,-0.4329572388227798
2238,8.054950039421136,-0.43479663303230626
2239,8.043614434791582,-0.4366347731435288
2240,8.032270851592129,-0.4384716151540486
2241,8.020919527907877,-0.4403071150905009
2242,8.009560702956762,-0.44214122900961117
2243,7.998194617093346,-0.4439739129992513
2244,7.986821511812596,-0.4458051231794942
2245,7.975441629753627,-0.44763481570366936
2246,7.9640552147034445,-0.44946294675941617
2247,7.952662511600612,-0.45128947256973895
2248,7.941263766538981,-0.4531143493940581
2249,7.929859226771316,-0.45493753352926297
2250,7.918449140712913,-0.4567589813107645
2251,7.907033757945237,-0.4585786491135442
2252,7.895613329219466,-0.4603964933532049
2253,7.884188106460039,-0.4622124704870204
2254,7.872758342768163,-0.4640265370149831
2255,7.861324292425295,-0.4658386494808523
2256,7.849886210896572,-0.4676487644731999
2257,7.838444354834208,-0.4694568386264581
2258,7.826998982080889,-0.47126282862196184
2259,7.8155503516730604,-0.4730666911889952
2260,7.804098723844246,-0.47486838310583196
2261,7.792644360028267,-0.47666786120077975
2262,7.7811875228624405,-0.47846508235322016
2263,7.769728476190749,-0.4802600034946479
2264,7.758267485066906,-0.48205258160971187
2265,7.746804815757446,-0.48384277373725054
2266,7.735340735744718,-0.4856305369713299
2267,7.723875513729812,-0.48741582846227904
2268,7.712409419635479,-0.48919860541772375
2269,7.700942724608951,-0.4909788251036207
2270,7.689475701024722,-0.4927564448452886
2271,7.678008622487272,-0.4945314220284386
2272,7.666541763833699,-0.4963037141002052
2273,7.655075401136325,-0.4980732785701729
2274,7.6436098117052165,-0.49984007301140354
2275,7.632145274090637,-0.5016040550614614
2276,7.620682068085406,-0.5033651824234382
2277,7.60922047472723,-0.5051234128669748
2278,7.597760776300925,-0.5068787042292828
2279,7.586303256340577,-0.5086310144161643
2280,7.574848199631595,-0.5103803014030301
2281,7.5633958922127205,-0.5121265232359175
2282,7.551946621377926,-0.5138696380325031
2283,7.54050067567824,-0.5156096039831194
2284,7.529058344923455,-0.5173463793517651
2285,7.517619920183769,-0.5190799224771168
2286,7.506185693791348,-0.5208101917735368
2287,7.494755959341739,-0.5225371457320812
2288,7.483331011695234,-0.5242607429215049
2289,7.471911146978092,-0.5259809419892661
2290,7.460496662583697,-0.5276977016625273
2291,7.449087857173544,-0.5294109807491576
2292,7.437685030678194,-0.5311207381387293
2293,7.426288484298062,-0.5328269328035156
2294,7.414898520504087,-0.5345295237994859
2295,7.403515443038312,-0.5362284702672981
2296,7.3921395569143105,-0.5379237314332909
2297,7.380771168417512,-0.5396152666104719
2298,7.36941058510541,-0.541303035199505
2299,7.358058115807565,-0.5429869966896975
2300,7.3467140706255805,-0.5446671106599813
2301,7.335378760932833,-0.5463433367798965
2302,7.32405249937416,-0.5480156348105691
2303,7.3127355998653245,-0.5496839646056886
2304,7.301428377592379,-0.5513482861124843
2305,7.290131149010844,-0.5530085593726978
2306,7.2788442318447775,-0.5546647445235534
2307,7.267567945085636,-0.5563168017987282
2308,7.256302608991001,-0.5579646915293178
2309,7.245048545083153,-0.5596083741448012
2310,7.23380607614744,-0.561247810174003
2311,7.222575526230493,-0.5628829602460539
2312,7.211357220638288,-0.564513785091347
2313,7.200151485933986,-0.5661402455424948
2314,7.18895864993563,-0.5677623025352814
2315,7.177779041713604,-0.5693799171096138
2316,7.166612991587967,-0.5709930504104698
2317,7.155460831125553,-0.5726016636888432
2318,7.144322893136853,-0.5742057183026898
2319,7.133199511672756,-0.5758051757178655
2320,7.1220910220209985,-0.5773999975090673
2321,7.110997760702495,-0.5789901453607681
2322,7.099920065467404,-0.5805755810681503
2323,7.088858275290971,-0.5821562665380373
2324,7.077812730369151,-0.5837321637898223
2325,7.066783772114034,-0.5853032349563934
2326,7.055771743149024,-0.5868694422850571
2327,7.044776987303748,-0.5884307481384591
2328,7.033799849608769,-0.5899871149955028
2329,7.02284067629008,-0.5915385054522628
2330,7.011899814763241,-0.5930848822228996
2331,7.0009776136273985,-0.5946262081405681
2332,6.990074422658941,-0.596162446158325
2333,6.979190592804971,-0.5976935593500331
2334,6.968326476176464,-0.599219510911263
2335,6.957482426041151,-0.6007402641601916
2336,6.946658796816205,-0.6022557825384971
2337,6.935855944060513,-0.6037660296122537
2338,6.925074224466816,-0.60527096907282
2339,6.914313995853443,-0.606770564737727
2340,6.903575617155829,-0.6082647805515616
2341,6.892859448417677,-0.6097535805868484
2342,6.882165850781881,-0.6112369290449274
2343,6.871495186481083,-0.6127147902568294
2344,6.860847818827948,-0.6141871286841488
2345,6.850224112205144,-0.6156539089199112
2346,6.839624432054963,-0.6171150956894412
2347,6.8290491448686454,-0.6185706538512235
2348,6.818498618175368,-0.6200205483977639
2349,6.807973220530893,-0.6214647444564456
2350,6.797473321505879,-0.6229032072903826
2351,6.786999291673864,-0.6243359022992705
2352,6.776551502598901,-0.6257627950202319
2353,6.7661303268227995,-0.6271838511286627
2354,6.755736137852092,-0.6285990364390704
2355,6.745369310144551,-0.6300083169059129
2356,6.735030219095422,-0.6314116586244309
2357,6.724719241023212,-0.6328090278314805
2358,6.714436753155168,-0.6342003909063587
2359,6.704183133612326,-0.6355857143716287
2360,6.693958761394223,-0.6369649648939397
2361,6.6837640163631855,-0.6383381092848438
2362,6.673599279228267,-0.6397051145016102
2363,6.663464931528725,-0.641065947648035
2364,6.653361355617164,-0.6424205759752486
2365,6.643288934642243,-0.6437689668825185
2366,6.6332480525309805,-0.6451110879180489
2367,6.623239093970654,-0.646446906779777
2368,6.613262444390271,-0.6477763913161656
2369,6.603318489941601,-0.6490995095269926
2370,6.593407617479862,-0.6504162295641355
2371,6.583530214543859,-0.6517265197323551
2372,6.573686669335826,-0.6530303484900709
2373,6.563877370700725,-0.6543276844501377
2374,6.5541027081051295,-0.6556184963806162
2375,6.544363071615728,-0.656902753205539
2376,6.5346588518772935,-0.6581804240056758
2377,6.524990440090287,-0.6594514780192904
2378,6.515358227987917,-0.6607158846428998
2379,6.505762607812843,-0.661973613432024
2380,6.4962039722933484,-0.6632246341019347
2381,6.486682714619083,-0.6644689165284003
2382,6.477199228416325,-0.6657064307484265
2383,6.467753907722802,-0.6669371469609924
2384,6.458347146962027,-0.668161035527784
2385,6.448979340917139,-0.6693780669739232
2386,6.439650884704349,-0.6705882119886917
2387,6.430362173745791,-0.671791441426254
2388,6.421113603742017,-0.6729877263063727
2389,6.411905570643922,-0.674177037815123
2390,6.4027384706242305,-0.6753593473056009
2391,6.393612700048501,-0.6765346262986291
2392,6.384528655445628,-0.6777028464834579
2393,6.37548673347789,-0.6788639797184611
2394,6.36648733091047,-0.6800179980318312
2395,6.357530844580513,-0.6811648736222659
2396,6.348617671365706,-0.6823045788596545
2397,6.339748208152339,-0.6834370862857582
2398,6.330922851802928,-0.684562368614886
2399,6.322141999123298,-0.6856803987345672
2400,6.313406046829208,-0.6867911497062199
2401,6.304715391512459,-0.687894594765815
2402,6.296070429606594,-0.688990707324535
2403,6.287471557351997,-0.6900794609694305
2404,6.278919170760597,-0.691160829464071
2405,6.2704136655800555,-0.6922347867491914
2406,6.2619554372574795,-0.6933013069433351
2407,6.253544880902646,-0.6943603643434929
2408,6.245182391250758,-0.6954119334257354
2409,6.236868362624715,-0.6964559888458444
2410,6.2286031888969315,-0.697492505439937
2411,6.220387263450659,-0.6985214582250874
2412,6.2122209791408665,-0.6995428223999424
2413,6.204104728254624,-0.7005565733453349
2414,6.19603890247109,-0.70156268662489
2415,6.188023892820959,-0.7025611379856297
2416,6.180060089645511,-0.7035519033585708
2417,6.172147882555225,-0.7045349588593197
2418,6.1642876603879,-0.705510280788662
2419,6.156479811166391,-0.7064778456331476
2420,6.148724722055876,-0.7074376300656724
2421,6.141022779320717,-0.7083896109460535
2422,6.133374368280895,-0.7093337653216013
2423,6.125779873268029,-0.7102700704276873
2424,6.118239677581012,-0.7111985036883052
2425,6.110754163441186,-0.7121190427166308
2426,6.103323711947218,-0.7130316653155733
2427,6.095948703029485,-0.7139363494783256
2428,6.08862951540418,-0.7148330733889079
2429,6.08136652652698,-0.7157218154227065
2430,6.074160112546393,-0.7166025541470095
2431,6.067010648256726,-0.7174752683215359
2432,6.059918507050737,-0.7183399368989616
2433,6.052884060871931,-0.7191965390254403
2434,6.045907680166553,-0.7200450540411187
2435,6.038989733835251,-0.720885461480648
2436,6.032130589184465,-0.7217177410736902
2437,6.0253306118775,-0.7225418727454194
2438,6.018590165885307,-0.7233578366170196
2439,6.011909613437042,-0.7241656130061757
2440,6.005289314970318,-0.7249651824275617
2441,5.998729629081271,-0.7257565255933217
2442,5.992230912474322,-0.7265396234135492
2443,5.985793519911788,-0.7273144569967585
2444,5.979417804163237,-0.7280810076503529
2445,5.973104115954704,-0.728839256881088
2446,5.966852803917653,-0.7295891863955294
2447,5.960664214537865,-0.730330778100506
2448,5.954538692104106,-0.7310640141035583
2449,5.9484765786567,-0.7317888767133811
2450,5.942478213935948,-0.7325053484402634
2451,5.936543935330482,-0.7332134119965205
2452,5.930674077825514,-0.7339130502969221
2453,5.924868973950984,-0.7346042464591177
2454,5.919128953729704,-0.7352869838040537
2455,5.913454344625426,-0.7359612458563862
2456,5.907845471490895,-0.7366270163448918
2457,5.902302656515898,-0.7372842792028687
2458,5.896826219175316,-0.7379330185685365
2459,5.89141647617721,-0.7385732187854299
2460,5.886073741410977,-0.7392048644027855
2461,5.880798325895509,-0.7398279401759267
2462,5.875590537727504,-0.7404424310666408
2463,5.8704506820298406,-0.7410483222435527
2464,5.865379060900053,-0.741645599082493
2465,5.860375973359012,-0.74223424716686
2466,5.85544171529968,-0.7428142522879793
2467,5.850576579436088,-0.7433856004454544
2468,5.84578085525253,-0.7439482778475163
2469,5.841054828952911,-0.7445022709113636
2470,5.836398783410392,-0.745047566263502
2471,5.8318129981172335,-0.7455841507400747
2472,5.827297749134968,-0.7461120113871904
2473,5.82285330904481,-0.7466311354612444
2474,5.818479946898418,-0.7471415104292358
2475,5.814177928168993,-0.7476431239690781
2476,5.809947514702718,-0.7481359639699054
2477,5.805788964670565,-0.7486200185323739
2478,5.801702532520505,-0.7490952759689571
2479,5.7976884689301516,-0.7495617248042363
2480,5.793747020759784,-0.7500193537751866
2481,5.789878431005909,-0.7504681518314553
2482,5.786082938755228,-0.7509081081356378
2483,5.782360779139126,-0.7513392120635474
2484,5.77871218328868,-0.751761453204478
2485,5.7751373782902045,-0.7521748213614644
2486,5.771636587141339,-0.7525793065515353
2487,5.768210028707727,-0.7529748990059617
2488,5.764857917680297,-0.7533615891704996
2489,5.7615804645331155,-0.7537393677056287
2490,5.758377875481947,-0.7541082254867835
2491,5.755250352443394,-0.7544681536045816
2492,5.752198092994759,-0.7548191433650445
2493,5.749221290334605,-0.7551611862898143
2494,5.746320133243958,-0.7554942741163654
2495,5.743494806048333,-0.7558183987982098
2496,5.740745488580443,-0.7561335525050971
2497,5.7380723561437135,-0.7564397276232099
2498,5.735475579476533,-0.7567369167553538
2499,5.732955324717355,-0.7570251127211415
2500,5.730511753370591,-0.7573043085571715
2501,5.728145022273363,-0.7575744975172017
2502,5.7258552835630665,-0.7578356730723184
2503,5.723642684645856,-0.7580878289110969
2504,5.721507368165941,-0.7583309589397624
2505,5.71944947197587,-0.7585650572823389
2506,5.717469129107663,-0.7587901182807975
2507,5.715566467744912,-0.7590061364951965
2508,5.7137416111957835,-0.7592131067038189
2509,5.711994677867026,-0.7594110239033007
2510,5.71032578123893,-0.7595998833087574
2511,5.708735029841227,-0.7597796803539035
2512,5.707222527230081,-0.759950410691166
2513,5.705788371966013,-0.7601120701917926
2514,5.704432657592847,-0.7602646549459572
2515,5.703155472617716,-0.7604081612628555
2516,5.70195690049212,-0.7605425856707985
2517,5.700837019593983,-0.7606679249172993
2518,5.6997959032108145,-0.7607841759691549
2519,5.698833619523935,-0.7608913360125221
2520,5.697950231593765,-0.760989402452988
2521,5.697145797346205,-0.7610783729156354
2522,5.696420369560111,-0.7611582452451028
2523,5.695773995855886,-0.7612290175056386
2524,5.695206718685131,-0.7612906879811501
2525,5.694718575321464,-0.7613432551752463
2526,5.694309597852407,-0.7613867178112773
2527,5.693979813172436,-0.7614210748323652
2528,5.693729242977127,-0.7614463254014321
2529,5.693557903758425,-0.7614624689012219
2530,5.6934658068010755,-0.7614695049343158
2531,5.693452958180141,-0.7614674333231434
2532,5.693519358759709,-0.7614562541099881
2533,5.693665004192672,-0.7614359675569868
2534,5.693889884921701,-0.7614065741461238
2535,5.694193986181283,-0.7613680745792207
2536,5.694577288000984,-0.7613204697779187
2537,5.69503976520974,-0.7612637608836573
2538,5.69558138744137,-0.7611979492576462
2539,5.69620211914113,-0.7611230364808335
2540,5.696901919573459,-0.761039024353866
2541,5.697680742830808,-0.760945914897046
2542,5.698538537843565,-0.7608437103502825
2543,5.699475248391153,-0.7607324131730353
2544,5.700490813114142,-0.7606120260442558
2545,5.7015851655275505,-0.7604825518623203
2546,5.702758234035121,-0.7603439937449606
2547,5.70400994194481,-0.7601963550291858
2548,5.705340207485246,-0.760039639271201
2549,5.7067489438232775,-0.75987385024632
2550,5.708236059082619,-0.7596989919488724
2551,5.709801456363473,-0.7595150685921052
2552,5.711445033763252,-0.7593220846080787
2553,5.713166684398266,-0.7591200446475583
2554,5.71496629642648,-0.7589089535798991
2555,5.716843753071219,-0.7586888164929259
2556,5.71879893264587,-0.7584596386928087
2557,5.720831708579614,-0.7582214257039308
2558,5.722941949444051,-0.7579741832687529
2559,5.725129518980808,-0.7577179173476716
2560,5.727394276130065,-0.7574526341188719
2561,5.729736075060029,-0.7571783399781756
2562,5.732154765197267,-0.7568950415388827
2563,5.734650191257981,-0.7566027456316082
2564,5.737222193280134,-0.756301459304113
2565,5.739870606656391,-0.7559911898211314
2566,5.742595262167973,-0.7556719446641902
2567,5.745395986019309,-0.7553437315314242
2568,5.748272599873463,-0.7550065583373866
2569,5.751224920888398,-0.7546604332128526
2570,5.754252761753976,-0.7543053645046193
2571,5.7573559307297435,-0.7539413607752992
2572,5.760534231683408,-0.7535684308031084
2573,5.763787464130115,-0.7531865835816496
2574,5.7671154232723,-0.7527958283196904
2575,5.770517900040356,-0.7523961744409347
2576,5.77399468113384,-0.751987631583791
2577,5.777545549063417,-0.7515702096011332
2578,5.7811702821933695,-0.7511439185600575
2579,5.784868654784733,-0.750708768741633
2580,5.788640437038999,-0.7502647706406479
2581,5.792485395142391,-0.7498119349653505
2582,5.796403291310689,-0.7493502726371835
2583,5.800393883834561,-0.7488797947905145
2584,5.80445692712542,-0.7484005127723605
2585,5.80859217176173,-0.7479124381421077
2586,5.812799364535791,-0.7474155826712257
2587,5.817078248501006,-0.7469099583429751
2588,5.821428563019485,-0.7463955773521135
2589,5.825850043810138,-0.745872452104592
2590,5.830342422997087,-0.7453405952172488
2591,5.83490542915845,-0.7448000195174986
2592,5.839538787375523,-0.7442507380430133
2593,5.844242219282188,-0.7436927640414014
2594,5.849015443114703,-0.7431261109698789
2595,5.853858173761722,-0.742550792494938
2596,5.858770122814604,-0.7419668224920084
2597,5.8637509986179595,-0.7413742150451138
2598,5.868800506320396,-0.7407729844465248
2599,5.873918347925494,-0.7401631451964044
2600,5.879104222342966,-0.7395447120024498
2601,5.88435782543994,-0.738917699779529
2602,5.889678850092435,-0.7382821236493122
2603,5.895066986236931,-0.7376379989398971
2604,5.900521920922067,-0.7369853411854307
2605,5.906043338360409,-0.7363241661257248
2606,5.911630919980306,-0.7356544897058672
2607,5.917284344477769,-0.7349763280758274
2608,5.9230032878684264,-0.7342896975900569
2609,5.928787423539456,-0.7335946148070858
2610,5.934636422301551,-0.7328910964891128
2611,5.940549952440832,-0.7321791596015907
2612,5.94652767977076,-0.7314588213128084
2613,5.952569267683979,-0.7307300989934642
2614,5.958674377204081,-0.7299930102162389
2615,5.964842667037327,-0.7292475727553596
2616,5.971073793624226,-0.7284938045861615
2617,5.977367411191,-0.7277317238846439
2618,5.983723171800965,-0.7269613490270199
2619,5.990140725405733,-0.7261826985892637
2620,5.996619719896257,-0.7253957913466492
2621,6.003159801153686,-0.7246006462732899
2622,6.009760613100086,-0.7237972825416662
2623,6.016421797748902,-0.7229857195221545
2624,6.023142995255246,-0.7221659767825471
2625,6.029923843965923,-0.7213380740875694
2626,6.036763980469267,-0.7205020313983921
2627,6.043663039644658,-0.7196578688721367
2628,6.05062065471183,-0.7188056068613797
2629,6.057636457279895,-0.7179452659136483
2630,6.064710077396056,-0.7170768667709131
2631,6.071841143594045,-0.7162004303690767
2632,6.079029282942224,-0.7153159778374562
2633,6.0862741210914,-0.7144235304982616
2634,6.093575282322301,-0.7135231098660691
2635,6.100932389592694,-0.7126147376472907
2636,6.108345064584187,-0.7116984357396372
2637,6.115812927748647,-0.710774226231578
2638,6.123335598354247,-0.7098421314017971
2639,6.130912694531175,-0.7089021737186416
2640,6.138543833316943,-0.7079543758395677
2641,6.146228630701284,-0.7069987606105819
2642,6.153966701670669,-0.7060353510656768
2643,6.161757660252438,-0.7050641704262633
2644,6.169601119558491,-0.7040852421005971
2645,6.177496691828571,-0.7030985896832012
2646,6.18544398847314,-0.7021042369542838
2647,6.193442620115776,-0.701102207879153
2648,6.201492196635209,-0.7000925266076234
2649,6.20959232720686,-0.6990752174734224
2650,6.217742620343941,-0.6980503049935889
2651,6.225942683938126,-0.6970178138678702
2652,6.234192125299764,-0.6959777689781107
2653,6.242490551197608,-0.6949301953876408
2654,6.250837567898134,-0.693875118340657
2655,6.259232781204317,-0.6928125632616015
2656,6.267675796494022,-0.6917425557545336
2657,6.276166218757869,-0.6906651216025003
2658,6.284703652636627,-0.6895802867668998
2659,6.293287702458177,-0.6884880773868417
2660,6.301917972273921,-0.6873885197785046
2661,6.310594065894786,-0.6862816404344849
2662,6.319315586926691,-0.6851674660231465
2663,6.328082138805539,-0.6840460233879636
2664,6.336893324831778,-0.6829173395468577
2665,6.345748748204397,-0.6817814416915344
2666,6.354648012054486,-0.6806383571868116
2667,6.36359071947827,-0.6794881135699488
2668,6.372576473569721,-0.6783307385499651
2669,6.38160487745261,-0.6771662600069598
2670,6.390675534312081,-0.6759947059914264
2671,6.399788047425833,-0.6748161047235594
2672,6.408942020194665,-0.6736304845925621
2673,6.418137056172639,-0.6724378741559478
2674,6.4273727590967455,-0.6712383021388355
2675,6.436648732916048,-0.6700317974332449
2676,6.445964581820364,-0.6688183890973846
2677,6.455319910268476,-0.667598106354938
2678,6.464714323015866,-0.666370978594343
2679,6.474147425141921,-0.6651370353680716
2680,6.483618822076735,-0.6638963063919007
2681,6.493128119627383,-0.6626488215441831
2682,6.502674924003753,-0.6613946108651124
2683,6.512258841843892,-0.660133704555984
2684,6.521879480238886,-0.6588661329784532
2685,6.531536446757286,-0.6575919266537892
2686,6.541229349469058,-0.6563111162621248
2687,6.550957796969083,-0.655023732641702
2688,6.560721398400199,-0.6537298067881154
2689,6.570519763475812,-0.6524293698535492
2690,6.580352502501988,-0.6511224531460137
2691,6.590219226399178,-0.6498090881285752
2692,6.600119546723473,-0.6484893064185835
2693,6.610053075687394,-0.647163139786895
2694,6.620019426180262,-0.6458306201570947
2695,6.630018211788154,-0.6444917796047097
2696,6.640049046813413,-0.6431466503564237
2697,6.650111546293725,-0.6417952647892853
2698,6.660205326020779,-0.6404376554299137
2699,6.670330002558525,-0.6390738549537006
2700,6.680485193261005,-0.637703896184008
2701,6.690670516289784,-0.6363278120913637
2702,6.700885590630947,-0.634945635792652
2703,6.711130036111739,-0.6335574005503016
2704,6.721403473416779,-0.6321631397714703
2705,6.731705524103883,-0.630762887007225
2706,6.74203581061951,-0.6293566759517207
2707,6.752393956313817,-0.6279445404413722
2708,6.762779585455334,-0.6265265144540269
2709,6.773192323245251,-0.6251026321081312
2710,6.783631795831389,-0.623672927661894
2711,6.794097630321717,-0.6222374355124483
2712,6.804589454797568,-0.6207961901950083
2713,6.81510689832651,-0.6193492263820224
2714,6.825649590974801,-0.6178965788823256
2715,6.836217163819554,-0.616438282640286
2716,6.846809248960514,-0.6149743727349501
2717,6.857425479531556,-0.6135048843791829
2718,6.868065489711776,-0.6120298529188066
2719,6.8787289147363015,-0.6105493138317355
2720,6.8894153909067475,-0.6090633027271083
2721,6.900124555601395,-0.6075718553444152
2722,6.910856047284999,-0.6060750075526248
2723,6.921609505518306,-0.6045727953493073
2724,6.932384570967292,-0.6030652548597519
2725,6.943180885412043,-0.6015524223360859
2726,6.953998091755383,-0.6000343341563864
2727,6.964835834031193,-0.5985110268237918
2728,6.975693757412455,-0.596982536965609
2729,6.986571508218968,-0.5954489013324187
2730,6.997468733924834,-0.5939101567971768
2731,7.008385083165637,-0.5923663403543141
2732,7.019320205745367,-0.590817489118832
2733,7.030273752643069,-0.5892636403253959
2734,7.041245376019237,-0.5877048313274256
2735,7.052234729221945,-0.5861410995961838
2736,7.0632414667927055,-0.584572482719861
2737,7.074265244472128,-0.5829990184026571
2738,7.085305719205291,-0.5814207444638619
2739,7.096362549146864,-0.5798376988369321
2740,7.1074353936660435,-0.578249919568565
2741,7.1185239133512095,-0.5766574448177706
2742,7.129627770014385,-0.5750603128549404
2743,7.140746626695429,-0.5734585620609152
2744,7.151880147666081,-0.5718522309260471
2745,7.163027998433704,-0.5702413580492627
2746,7.174189845744895,-0.5686259821371207
2747,7.185365357588818,-0.5670061420028693
2748,7.196554203200396,-0.5653818765655002
2749,7.207756053063258,-0.5637532248487994
2750,7.218970578912507,-0.5621202259803971
2751,7.230197453737309,-0.5604829191908142
2752,7.241436351783247,-0.5588413438125068
2753,7.25268694855457,-0.5571955392789082
2754,7.263948920816171,-0.5555455451234689
2755,7.2752219465954475,-0.5538914009786938
2756,7.286505705183985,-0.5522331465751781
2757,7.297799877139039,-0.5505708217406389
2758,7.309104144284885,-0.5489044663989476
2759,7.320418189713982,-0.5472341205691574
2760,7.3317416977879715,-0.5455598243645307
2761,7.3430743541385555,-0.5438816179915626
2762,7.3544158456682,-0.5421995417490034
2763,7.365765860550698,-0.5405136360268781
2764,7.377124088231537,-0.5388239413055059
2765,7.388490219428214,-0.5371304981545151
2766,7.399863946130349,-0.5354333472318568
2767,7.411244961599663,-0.5337325292828179
2768,7.422632960369857,-0.5320280851390309
2769,7.434027638246314,-0.5303200557174815
2770,7.445428692305744,-0.5286084820195154
2771,7.4568358208956305,-0.5268934051298418
2772,7.468248723633592,-0.5251748662155371
2773,7.479667101406634,-0.5234529065250444
2774,7.491090656370271,-0.5217275673871727
2775,7.502519091947536,-0.5199988902100943
2776,7.513952112827882,-0.5182669164803396
2777,7.5253894249659945,-0.5165316877617906
2778,7.536830735580482,-0.5147932456946728
2779,7.54827575315244,-0.513051631994546
2780,7.559724187423986,-0.5113068884512918
2781,7.571175749396637,-0.5095590569281012
2782,7.582630151329633,-0.5078081793604587
2783,7.594087106738113,-0.5060542977551282
2784,7.60554633039129,-0.5042974541891323
2785,7.617007538310457,-0.5025376908087352
2786,7.628470447766965,-0.5007750498284205
2787,7.639934777280062,-0.4990095735298697
2788,7.651400246614751,-0.49724130426093704
2789,7.662866576779459,-0.4954702844346257
2790,7.674333490023722,-0.49369655652805977
2791,7.6858007098357115,-0.4919201630814573
2792,7.697267960939807,-0.49014114669709996
2793,7.708734969293938,-0.48835955003830367
2794,7.720201462087053,-0.48657541582838504
2795,7.731667167736366,-0.48478878684962895
2796,7.743131815884635,-0.48299970594225344
2797,7.754595137397316,-0.4812082160033746
2798,7.766056864359711,-0.47941435998596926
2799,7.777516730074048,-0.4776181808978369
2800,7.788974469056483,-0.47581972180056037
2801,7.800429817034082,-0.4740190258084651
2802,7.811882510941702,-0.47221613608757873
2803,7.823332288918921,-0.47041109585458696
2804,7.8347788903068,-0.4686039483757917
2805,7.846222055644683,-0.46679473696606527
2806,7.857661526666938,-0.4649835049878047
2807,7.869097046299627,-0.4631702958498865
2808,7.880528358657174,-0.46135515300661756
2809,7.891955209038969,-0.45953811995668775
2810,7.9033773439259365,-0.45771924024212046
2811,7.914794510977096,-0.45589855744722224
2812,7.926206459026029,-0.4540761151975324
2813,7.937612938077403,-0.4522519571587698
2814,7.949013699303359,-0.4504261270357827
2815,7.960408495039965,-0.4485986685714927
2816,7.97179707878357,-0.44676962554584304
2817,7.983179205187183,-0.4449390417747423
2818,7.994554630056785,-0.4431069611090097
2819,8.005923110347645,-0.4412734274333188
2820,8.017284404160586,-0.43943848466514135
2821,8.028638270738272,-0.43760217675368884
2822,8.039984470461427,-0.4357645476788557
2823,8.051322764845056,-0.4339256414501604
2824,8.062652916534647,-0.4320855021056868
2825,8.073974689302368,-0.43024417371102436
2826,8.085287848043198,-0.4284017003582091
2827,8.096592158771132,-0.4265581261646615
2828,8.107887388615277,-0.42471349527212743
2829,8.119173305815972,-0.42286785184561704
2830,8.130449679720947,-0.42102124007234143
2831,8.141716280781367,-0.41917370416065314
2832,8.152972880547967,-0.41732528833898214
2833,8.164219251667115,-0.41547603685477397
2834,8.175455167876866,-0.4136259939734281
2835,8.186680404003063,-0.4117752039772331
2836,8.19789473595537,-0.4099237111643052
2837,8.209097940723344,-0.40807155984752314
2838,8.220289796372455,-0.406218794353467
2839,8.231470082040167,-0.404365459021352
2840,8.242638577931938,-0.40251159820196714
2841,8.253795065317277,-0.40065725625660986
2842,8.264939326525788,-0.39880247755602233
2843,8.276071144943192,-0.39694730647932835
2844,8.287190305007375,-0.3950917874129679
2845,8.29829659220439,-0.3932359647496354
2846,8.309389793064527,-0.39137988288721404
2847,8.320469695158321,-0.38952358622771305
2848,8.331536087092621,-0.3876671191762034
2849,8.3425887585066,-0.3858105261397551
2850,8.353627500067832,-0.3839538515263722
2851,8.364652103468305,-0.38209713974393156
2852,8.375662361420506,-0.38024043519911854
2853,8.386658067653466,-0.37838378229636443
2854,8.397639016908814,-0.37652722543678435
2855,8.40860500493686,-0.3746708090171148
2856,8.419555828492681,-0.37281457742865104
2857,8.430491285332185,-0.3709585750561866
2858,8.441411174208204,-0.3691028462769514
2859,8.452315294866642,-0.3672474354595497
2860,8.463203448042488,-0.36539238696290266
2861,8.47407543545602,-0.3635377451351855
2862,8.484931059808908,-0.3616835543127686
2863,8.49577012478033,-0.35982985881915885
2864,8.506592435023146,-0.3579767029639407
2865,8.517397796160036,-0.3561241310417183
2866,8.528186014779694,-0.35427218733105736
2867,8.53895689843297,-0.3524209160934294
2868,8.549710255629101,-0.3505703615721543
2869,8.560445895831904,-0.3487205679913444
2870,8.571163629455981,-0.3468715795548507
2871,8.58186326786296,-0.3450234404452075
2872,8.592544623357739,-0.34317619482257894
2873,8.603207509184731,-0.34132988682370635
2874,8.61385173952416,-0.33948456056085524
2875,8.624477129488305,-0.33764026012076537
2876,8.635083495117838,-0.3357970295635987
2877,8.645670653378112,-0.33395491292189017
2878,8.656238422155502,-0.3321139541994989
2879,8.666786620253745,-0.3302741973705601
2880,8.677315067390289,-0.32843568637843784
2881,8.687823584192671,-0.32659846513467916
2882,8.698311992194913,-0.3247625775179685
2883,8.708780113833924,-0.3229280673730834
2884,8.719227772445926,-0.3210949785098509
2885,8.729654792262876,-0.3192633547021064
2886,8.740060998408921,-0.317433239686652
2887,8.75044621689689,-0.3156046771622156
2888,8.760810274624763,-0.31377771078841277
2889,8.771152999372196,-0.31195238418470805
2890,8.781474219796994,-0.3101287409293798
2891,8.791773765431701,-0.3083068245584831
2892,8.802051466680146,-0.30648667856481554
2893,8.812307154813993,-0.3046683463968844
2894,8.822540661969352,-0.3028518714578755
2895,8.832751821143377,-0.30103729710462146
2896,8.842940466190914,-0.2992246666465722
2897,8.853106431821113,-0.29741402334476824
2898,8.863249553594128,-0.29560541041081223
2899,8.87336966791777,-0.2937988710058454
2900,8.883466612044217,-0.29199444823952253
2901,8.893540224066722,-0.29019218516899004
2902,8.903590342916386,-0.28839212479786375
2903,8.913616808358864,-0.2865943100752107
2904,8.923619460991153,-0.2847987838945308
2905,8.93359814223841,-0.2830055890927392
2906,8.943552694350728,-0.28121476844915194
2907,8.953482960399997,-0.27942636468447235
2908,8.963388784276729,-0.2776404204597788
2909,8.973270010686932,-0.27585697837551465
2910,8.983126485149008,-0.27407608097047875
2911,8.992958053990634,-0.27229777072082
2912,9.002764564345721,-0.27052209003902955
2913,9.012545864151313,-0.2687490812729393
2914,9.022301802144582,-0.26697878670471864
2915,9.0320322278598,-0.26521124854987427
2916,9.041736991625346,-0.2634465089562518
2917,9.051415944560711,-0.2616846100030389
2918,9.061068938573543,-0.2599255936997708
2919,9.070695826356712,-0.2581695019853364
2920,9.080296461385378,-0.25641637672698764
2921,9.08987069791408,-0.25466625971935014
2922,9.099418390973872,-0.25291919268343516
2923,9.108939396369443,-0.25117521726565417
2924,9.11843357067626,-0.24943437503683594
2925,9.127900771237773,-0.24769670749124362
2926,9.137340856162568,-0.245962256045596
2927,9.146753684321581,-0.24423106203809067
2928,9.156139115345374,-0.24250316672742542
2929,9.165497009621305,-0.24077861129182856
2930,9.174827228290884,-0.23905743682808342
2931,9.18412963324698,-0.23733968435056235
2932,9.193404087131167,-0.23562539479025746
2933,9.202650453331051,-0.2339146089938157
2934,9.211868595977583,-0.2322073677225767
2935,9.221058379942441,-0.23050371165161146
2936,9.230219670835409,-0.2288036813687633
2937,9.239352335001776,-0.2271073173736921
2938,9.24845623951976,-0.22541466007691924
2939,9.257531252197913,-0.2237257497988774
2940,9.266577241572596,-0.2220406267689602
2941,9.275594076905467,-0.2203593311245741
2942,9.284581628180934,-0.21868190291019482
2943,9.293539766103715,-0.2170083820764236
2944,9.302468362096326,-0.2153388084790475
2945,9.311367288296632,-0.2136732218781023
2946,9.320236417555423,-0.21201166193693635
2947,9.329075623434003,-0.21035416822127714
2948,9.33788478020176,-0.20870078019830257
2949,9.346663762833828,-0.20705153723571074
2950,9.355412447008673,-0.2054064786007969
2951,9.364130709105803,-0.20376564345952788
2952,9.372818426203386,-0.20212907087562415
2953,9.381475476075991,-0.20049679980963983
2954,9.390101737192257,-0.19886886911804902
2955,9.398697088712625,-0.19724531755233274
2956,9.407261410487115,-0.19562618375806756
2957,9.415794583053033,-0.1940115062740204
2958,9.424296487632793,-0.1924013235312424
2959,9.432767006131703,-0.19079567385216623
2960,9.441206021135745,-0.18919459544970932
2961,9.449613415909452,-0.18759812642637425
2962,9.457989074393726,-0.1860063047733569
2963,9.466332881203705,-0.1844191683696545
2964,9.474644721626662,-0.18283675498117732
2965,9.482924481619882,-0.18125910225986314
2966,9.491172047808574,-0.17968624774279537
2967,9.499387307483836,-0.1781182288513216
2968,9.507570148600564,-0.17655508289017788
2969,9.515720459775428,-0.1749968470466148
2970,9.523838130284878,-0.17344355838952463
2971,9.531923050063101,-0.17189525386857504
2972,9.539975109700075,-0.17035197031334187
2973,9.547994200439552,-0.16881374443244895
2974,9.55598021417717,-0.16728061281270581
2975,9.563933043458448,-0.16575261191825416
2976,9.571852581476906,-0.16422977808971229
2977,9.579738722072143,-0.16271214754332594
2978,9.58759135972797,-0.1611997563701202
2979,9.595410389570493,-0.15969264053505602
2980,9.603195707366297,-0.15819083587618823
2981,9.610947209520594,-0.15669437810382755
2982,9.618664793075377,-0.15520330279970648
2983,9.626348355707613,-0.1537176454161471
2984,9.63399779572747,-0.1522374412752316
2985,9.641613012076519,-0.15076272556797785
2986,9.649193904325962,-0.14929353335351656
2987,9.656740372674893,-0.1478298995582728
2988,9.664252317948556,-0.1463718589751496
2989,9.671729641596631,-0.14491944626271525
2990,9.679172245691523,-0.14347269594439468
2991,9.686580032926662,-0.1420316424076633
2992,9.693952906614847,-0.14059631990324356
2993,9.701290770686565,-0.1391667625443066
2994,9.708593529688367,-0.13774300430567477
2995,9.71586108878121,-0.1363250790230303
2996,9.723093353738854,-0.13491302039212538
2997,9.730290230946235,-0.13350686196799674
2998,9.737451627397913,-0.1321066371641819
2999,9.744577450696468,-0.13071237925194126
