turn,time_sigma_ns,Q1
0,11.817433296947582,-0.0034819873759514616
1,11.817437052920614,-0.0034817052451051856
2,11.817441098551432,-0.003481398944067894
3,11.817445433819172,-0.0034810684747739913
4,11.817450058701745,-0.0034807138392573185
5,11.817454973175835,-0.003480335039651851
6,11.817460177216908,-0.003479932078190929
7,11.817465670799201,-0.0034795049572076886
8,11.817471453895733,-0.00347905367913498
9,11.817477526478283,-0.003478578246505696
10,11.81748388851742,-0.0034780786619519263
11,11.817490539982487,-0.0034775549282057092
12,11.817497480841602,-0.003477007048098139
13,11.817504711061664,-0.003476435024560516
14,11.817512230608337,-0.003475838860623608
15,11.817520039446073,-0.0034752185594175244
16,11.817528137538103,-0.0034745741241716294
17,11.817536524846432,-0.00347390555821509
18,11.817545201331841,-0.0034732128649767615
19,11.817554166953885,-0.0034724960479847423
20,11.817563421670906,-0.0034717551108662844
21,11.81757296544003,-0.0034709900573480753
22,11.817582798217135,-0.00347020089125692
23,11.817592919956901,-0.0034693876165182488
24,11.817603330612785,-0.003468550237156805
25,11.817614030137024,-0.0034676887572964695
26,11.817625018480634,-0.0034668031811607046
27,11.817636295593395,-0.003465893513072474
28,11.8176478614239,-0.003464959757453064
29,11.817659715919499,-0.0034640019188235498
30,11.817671859026317,-0.0034630200018042866
31,11.81768429068928,-0.003462014011114313
32,11.81769701085209,-0.0034609839515717736
33,11.817710019457225,-0.0034599298280940474
34,11.817723316445953,-0.0034588516456972394
35,11.817736901758323,-0.0034577494094965816
36,11.81775077533315,-0.003456623124706801
37,11.817764937108063,-0.0034554727966404626
38,11.817779387019451,-0.0034542984307096725
39,11.817794125002496,-0.0034531000324254913
40,11.817809150991163,-0.0034518776073974664
41,11.817824464918198,-0.0034506311613341127
42,11.817840066715146,-0.003449360700042228
43,11.817855956312316,-0.003448066229428137
44,11.817872133638817,-0.0034467477554963773
45,11.817888598622542,-0.0034454052843499857
46,11.817905351190175,-0.0034440388221905786
47,11.81792239126718,-0.003442648375318687
48,11.817939718777808,-0.003441233950133089
49,11.8179573336451,-0.0034397955531313066
50,11.817975235790893,-0.0034383331909089015
51,11.817993425135791,-0.003436846870160552
52,11.818011901599201,-0.003435336597678829
53,11.818030665099336,-0.0034338023803542447
54,11.818049715553165,-0.003432244225176496
55,11.818069052876481,-0.003430662139232466
56,11.818088676983848,-0.0034290561297082136
57,11.818108587788608,-0.0034274262038881545
58,11.81812878520293,-0.0034257723691534436
59,11.818149269137747,-0.0034240946329848706
60,11.818170039502796,-0.003422393002960344
61,11.818191096206602,-0.0034206674867562604
62,11.818212439156486,-0.003418918092146825
63,11.818234068258574,-0.0034171448270037146
64,11.818255983417757,-0.0034153476992975712
65,11.818278184537752,-0.0034135267170958853
66,11.81830067152106,-0.0034116818885641153
67,11.818323444268975,-0.00340981322196577
68,11.81834650268159,-0.0034079207256619798
69,11.818369846657793,-0.003406004408111461
70,11.818393476095261,-0.003404064277871062
71,11.818417390890495,-0.0034021003435941986
72,11.818441590938768,-0.0034001126140325794
73,11.81846607613416,-0.003398101098035333
74,11.818490846369558,-0.003396065804548627
75,11.818515901536637,-0.0033940067426166324
76,11.818541241525882,-0.0033919239213801504
77,11.818566866226583,-0.003389817350077605
78,11.818592775526817,-0.003387687038044896
79,11.81861896931347,-0.0033855329947148926
80,11.818645447472234,-0.003383355229617638
81,11.818672209887598,-0.0033811537523804505
82,11.818699256442859,-0.003378928572727437
83,11.818726587020128,-0.0033766797004794306
84,11.8187542015003,-0.003374407145555203
85,11.818782099763093,-0.003372110917969309
86,11.818810281687016,-0.0033697910278341603
87,11.818838747149409,-0.003367447485357917
88,11.818867496026401,-0.0033650803008461187
89,11.81889652819293,-0.003362689484700977
90,11.818925843522736,-0.0033602750474216116
91,11.818955441888386,-0.003357836999603151
92,11.818985323161249,-0.003355375351937484
93,11.819015487211505,-0.003352890115212795
94,11.819045933908138,-0.0033503813003143714
95,11.819076663118958,-0.003347848918223023
96,11.819107674710576,-0.0033452929800162094
97,11.819138968548417,-0.0033427134968680022
98,11.819170544496728,-0.003340110480048095
99,11.81920240241856,-0.00333748394092282
100,11.819234542175785,-0.0033348338909541726
101,11.81926696362909,-0.0033321603417006862
102,11.819299666637974,-0.0033294633048165812
103,11.81933265106076,-0.0033267427920519836
104,11.81936591675458,-0.0033239988152531205
105,11.819399463575396,-0.003321231386361529
106,11.81943329137798,-0.0033184405174149917
107,11.819467400015938,-0.003315626220546475
108,11.819501789341674,-0.003312788507985237
109,11.819536459206427,-0.00330992739205588
110,11.819571409460256,-0.0033070428851781812
111,11.81960663995204,-0.0033041349998677353
112,11.81964215052949,-0.0033012037487353567
113,11.819677941039131,-0.003298249144487255
114,11.81971401132632,-0.0032952711999247332
115,11.819750361235236,-0.00329226992794473
116,11.81978699060888,-0.0032892453415389695
117,11.819823899289092,-0.0032861974537942047
118,11.819861087116525,-0.003283126277892713
119,11.819898553930678,-0.0032800318271109918
120,11.819936299569862,-0.003276914114821095
121,11.81997432387123,-0.0032737731544895737
122,11.820012626670762,-0.0032706089596777703
123,11.820051207803271,-0.0032674215440416654
124,11.820090067102397,-0.0032642109213321573
125,11.820129204400615,-0.003260977105394665
126,11.820168619529245,-0.0032577201101687335
127,11.820208312318426,-0.0032544399496888593
128,11.820248282597143,-0.0032511366380835326
129,11.820288530193212,-0.0032478101895758245
130,11.820329054933287,-0.003244460618482924
131,11.820369856642865,-0.0032410879392161633
132,11.820410935146276,-0.003237692166281014
133,11.820452290266696,-0.0032342733142768773
134,11.820493921826133,-0.0032308313978974745
135,11.82053582964545,-0.0032273664319297794
136,11.820578013544337,-0.0032238784312553464
137,11.820620473341329,-0.0032203674108492505
138,11.820663208853817,-0.003216833385779973
139,11.820706219898032,-0.003213276371209595
140,11.820749506289044,-0.0032096963823943156
141,11.820793067840775,-0.003206093434683292
142,11.820836904365983,-0.0032024675435197154
143,11.820881015676298,-0.0031988187244391154
144,11.820925401582182,-0.0031951469930711213
145,11.820970061892943,-0.003191452365138358
146,11.821014996416753,-0.0031877348564564372
147,11.821060204960627,-0.0031839944829342697
148,11.821105687330439,-0.003180231260573359
149,11.821151443330917,-0.003176445205468271
150,11.821197472765625,-0.0031726363338070115
151,11.821243775437015,-0.0031688046618691965
152,11.821290351146374,-0.0031649502060276985
153,11.82133719969384,-0.0031610729827485167
154,11.82138432087843,-0.003157173008589409
155,11.821431714498003,-0.0031532503002009117
156,11.821479380349288,-0.0031493048743258824
157,11.821527318227874,-0.003145336747799422
158,11.821575527928212,-0.0031413459375488366
159,11.821624009243607,-0.0031373324605939758
160,11.821672761966234,-0.0031332963340463716
161,11.821721785887137,-0.003129237575109644
162,11.821771080796216,-0.0031251562010795233
163,11.82182064648225,-0.0031210522293432185
164,11.821870482732876,-0.0031169256773799915
165,11.821920589334605,-0.0031127765627605784
166,11.82197096607282,-0.00310860490314734
167,11.822021612731767,-0.0031044107162943816
168,11.82207252909457,-0.003100194020047039
169,11.822123714943219,-0.003095954832342209
170,11.822175170058584,-0.0030916931712078634
171,11.822226894220412,-0.0030874090547630875
172,11.82227888720731,-0.0030831025012187756
173,11.822331148796787,-0.0030787735288756927
174,11.822383678765208,-0.003074422156126738
175,11.822436476887827,-0.00307004840145483
176,11.82248954293877,-0.003065652283434356
177,11.822542876691056,-0.0030612338207298036
178,11.822596477916585,-0.0030567930320963845
179,11.822650346386126,-0.0030523299363802666
180,11.822704481869335,-0.0030478445525180405
181,11.822758884134773,-0.0030433368995360123
182,11.82281355294986,-0.0030388069965515073
183,11.822868488080928,-0.0030342548627714555
184,11.822923689293177,-0.0030296805174935045
185,11.822979156350698,-0.0030250839801052257
186,11.823034889016496,-0.0030204652700834295
187,11.823090887052441,-0.0030158244069955578
188,11.823147150219313,-0.003011161410498271
189,11.823203678276757,-0.003006476300339235
190,11.82326047098336,-0.003001769096353489
191,11.82331752809656,-0.002997039818467601
192,11.823374849372717,-0.0029922884866965247
193,11.823432434567085,-0.0029875151211445987
194,11.82349028343381,-0.002982719742005944
195,11.823548395725947,-0.0029779023695632786
196,11.823606771195443,-0.0029730630241887423
197,11.823665409593158,-0.0029682017263433043
198,11.823724310668847,-0.0029633184965768378
199,11.823783474171176,-0.002958413355528108
200,11.823842899847714,-0.002953486323924427
201,11.823902587444934,-0.0029485374225820173
202,11.823962536708228,-0.0029435666724051037
203,11.82402274738189,-0.0029385740943866823
204,11.824083219209115,-0.002933559709608443
205,11.824143951932033,-0.002928523539239562
206,11.824204945291669,-0.0029234656045378834
207,11.824266199027974,-0.0029183859268489512
208,11.824327712879793,-0.002913284527607104
209,11.824389486584916,-0.002908161428333479
210,11.824451519880027,-0.0029030166506378015
211,11.824513812500742,-0.0028978502162172372
212,11.824576364181588,-0.0028926621468565775
213,11.824639174656022,-0.0028874524644279705
214,11.824702243656425,-0.002882221190890926
215,11.824765570914096,-0.0028769683482925035
216,11.824829156159248,-0.0028716939587671115
217,11.824892999121047,-0.0028663980445356595
218,11.824957099527568,-0.0028610806279065885
219,11.825021457105814,-0.0028557417312752554
220,11.825086071581724,-0.002850381377123642
221,11.825150942680164,-0.0028449995880206777
222,11.825216070124936,-0.0028395963866216884
223,11.825281453638775,-0.002834171795668745
224,11.825347092943343,-0.002828725837990359
225,11.825412987759238,-0.0028232585365017358
226,11.825479137806015,-0.0028177699142032777
227,11.825545542802146,-0.0028122599941824396
228,11.825612202465061,-0.0028067287996122545
229,11.82567911651111,-0.0028011763537521455
230,11.825746284655592,-0.0027956026799472213
231,11.825813706612767,-0.002790007801627966
232,11.825881382095814,-0.00278439174231121
233,11.825949310816878,-0.0027787545255986415
234,11.826017492487043,-0.0027730961751775843
235,11.82608592681634,-0.0027674167148211016
236,11.826154613513754,-0.0027617161683871037
237,11.826223552287226,-0.0027559945598185295
238,11.826292742843638,-0.002750251913143759
239,11.826362184888835,-0.00274448825247574
240,11.826431878127604,-0.002738703602012849
241,11.826501822263728,-0.0027328979860367945
242,11.82657201699989,-0.0027270714289156944
243,11.826642462037771,-0.0027212239551012885
244,11.826713157078006,-0.0027153555891295702
245,11.826784101820186,-0.002709466355621184
246,11.826855295962867,-0.0027035562792808803
247,11.82692673920357,-0.002697625384897688
248,11.82699843123879,-0.0026916736973440214
249,11.827070371763973,-0.002685701241577082
250,11.827142560473547,-0.002679708042637255
251,11.827214997060912,-0.0026736941256485297
252,11.827287681218422,-0.0026676595158190253
253,11.827360612637428,-0.00266160423843959
254,11.827433791008232,-0.0026555283188852124
255,11.827507216020122,-0.0026494317826136395
256,11.827580887361377,-0.0026433146551655398
257,11.82765480471923,-0.0026371769621651563
258,11.8277289677799,-0.0026310187293197202
259,11.82780337622859,-0.0026248399824190544
260,11.827878029749497,-0.0026186407473352356
261,11.82795292802579,-0.0026124210500233446
262,11.828028070739622,-0.002606180916521114
263,11.828103457572134,-0.0025999203729486233
264,11.828179088203465,-0.002593639445507761
265,11.828254962312725,-0.002587338160483283
266,11.828331079578039,-0.0025810165442412634
267,11.828407439676498,-0.0025746746232303687
268,11.82848404228421,-0.0025683124239805465
269,11.828560887076266,-0.0025619299731036035
270,11.828637973726755,-0.002555527297293498
271,11.828715301908762,-0.0025491044233249996
272,11.828792871294382,-0.002542661378054374
273,11.828870681554696,-0.002536198188419572
274,11.8289487323598,-0.002529714881439275
275,11.82902702337879,-0.0025232114842133045
276,11.82910555427977,-0.0025166880239221564
277,11.829184324729857,-0.0025101445278273168
278,11.829263334395145,-0.0025035810232717855
279,11.829342582940782,-0.0024969975376776953
280,11.8294220700309,-0.0024903940985486696
281,11.829501795328637,-0.002483770733468666
282,11.829581758496172,-0.0024771274701012756
283,11.829661959194684,-0.0024704643361904864
284,11.829742397084374,-0.002463781359560428
285,11.829823071824455,-0.0024570785681149957
286,11.829903983073164,-0.0024503559898382344
287,11.829985130487762,-0.002443613652793233
288,11.830066513724532,-0.002436851585123034
289,11.830148132438788,-0.002430069815049667
290,11.83022998628486,-0.0024232683708750057
291,11.83031207491611,-0.0024164472809798288
292,11.830394397984932,-0.002409606573823988
293,11.830476955142748,-0.0024027462779463624
294,11.83055974604001,-0.0023958664219648814
295,11.830642770326218,-0.002388967034575397
296,11.830726027649884,-0.0023820481445534555
297,11.830809517658583,-0.0023751097807521156
298,11.830893239998904,-0.0023681519721035814
299,11.830977194316501,-0.0023611747476174347
300,11.831061380256056,-0.002354178136381971
301,11.83114579746129,-0.0023471621675635016
302,11.83123044557497,-0.0023401268704062593
303,11.831315324238926,-0.0023330722742316966
304,11.831400433094021,-0.0023259984084391667
305,11.831485771780162,-0.0023189053025061065
306,11.831571339936326,-0.0023117929859864505
307,11.831657137200533,-0.002304661488511779
308,11.83174316320985,-0.0022975108397910635
309,11.831829417600414,-0.002290341069609893
310,11.83191590000742,-0.0022831522078306057
311,11.832002610065103,-0.002275944284393155
312,11.832089547406786,-0.0022687173293128907
313,11.83217671166483,-0.002261471372682998
314,11.83226410247067,-0.0022542064446723275
315,11.83235171945481,-0.0022469225755262306
316,11.832439562246813,-0.0022396197955660085
317,11.832527630475326,-0.002232298135188909
318,11.832615923768047,-0.0022249576248686027
319,11.832704441751757,-0.0022175982951543206
320,11.832793184052312,-0.0022102201766705603
321,11.832882150294644,-0.0022028233001175584
322,11.83297134010275,-0.002195407696271362
323,11.833060753099724,-0.0021879733959825846
324,11.833150388907724,-0.002180520430177795
325,11.833240247148005,-0.002173048829857541
326,11.833330327440894,-0.002165558626098229
327,11.83342062940581,-0.0021580498500505824
328,11.83351115266125,-0.0021505225329399745
329,11.833601896824806,-0.00214297670606665
330,11.833692861513168,-0.0021354124008046344
331,11.833784046342105,-0.0021278296486024703
332,11.83387545092649,-0.0021202284809828187
333,11.83396707488028,-0.0021126089295425876
334,11.834058917816535,-0.002104971025952248
335,11.834150979347415,-0.002097314801956191
336,11.834243259084182,-0.002089640289372175
337,11.834335756637199,-0.002081947520091532
338,11.834428471615928,-0.002074236526079015
339,11.834521403628944,-0.0020665073393724754
340,11.834614552283917,-0.0020587599920831646
341,11.834707917187638,-0.0020509945163949468
342,11.834801497946009,-0.002043210944564464
343,11.834895294164037,-0.002035409308921227
344,11.834989305445845,-0.0020275896418671846
345,11.835083531394673,-0.0020197519758770517
346,11.83517797161289,-0.002011896343497013
347,11.835272625701952,-0.0020040227773466435
348,11.835367493262469,-0.001996131310116544
349,11.83546257389416,-0.0019882219745694265
350,11.83555786719587,-0.001980294803540132
351,11.835653372765574,-0.0019723498299343326
352,11.835749090200359,-0.001964387086730434
353,11.835845019096466,-0.0019564066069769877
354,11.835941159049252,-0.0019484084237943397
355,11.836037509653206,-0.001940392570373919
356,11.83613407050195,-0.0019323590799783588
357,11.83623084118827,-0.0019243079859402133
358,11.836327821304051,-0.001916239321663603
359,11.83642501044035,-0.0019081531206225123
360,11.836522408187339,-0.0019000494163624257
361,11.83662001413435,-0.0018919282424980416
362,11.83671782786987,-0.0018837896327142712
363,11.836815848981507,-0.0018756336207667325
364,11.836914077056038,-0.0018674602404803785
365,11.837012511679385,-0.0018592695257499225
366,11.837111152436622,-0.0018510615105397506
367,11.837209998911987,-0.0018428362288835025
368,11.837309050688852,-0.001834593714884803
369,11.837408307349767,-0.0018263340027156719
370,11.837507768476451,-0.0018180571266170284
371,11.837607433649751,-0.0018097631208996042
372,11.8377073024497,-0.0018014520199425004
373,11.837807374455497,-0.0017931238581931457
374,11.8379076492455,-0.0017847786701678534
375,11.838008126397241,-0.0017764164904508558
376,11.838108805487423,-0.001768037353694912
377,11.838209686091918,-0.0017596412946208754
378,11.838310767785773,-0.0017512283480173583
379,11.838412050143221,-0.00174279854874063
380,11.838513532737656,-0.0017343519317150203
381,11.838615215141658,-0.0017258885319322878
382,11.83871709692701,-0.0017174083844507073
383,11.83881917766464,-0.0017089115243971154
384,11.838921456924696,-0.0017003979869642096
385,11.839023934276497,-0.0016918678074125126
386,11.839126609288542,-0.0016833210210692514
387,11.839229481528546,-0.0016747576633276181
388,11.839332550563398,-0.0016661777696478418
389,11.839435815959188,-0.001657581375556498
390,11.839539277281208,-0.0016489685166461029
391,11.839642934093929,-0.001640339228575844
392,11.839746785961045,-0.001631693547070278
393,11.839850832445446,-0.0016230315079197694
394,11.83995507310922,-0.0016143531469807332
395,11.840059507513667,-0.001605658500174505
396,11.84016413521928,-0.0015969476034887432
397,11.840268955785795,-0.0015882204929749835
398,11.840373968772127,-0.0015794772047509505
399,11.840479173736414,-0.0015707177749989891
400,11.840584570236016,-0.0015619422399660427
401,11.840690157827504,-0.0015531506359636727
402,11.840795936066673,-0.0015443429993682585
403,11.840901904508549,-0.001535519366619684
404,11.841008062707346,-0.0015266797742234835
405,11.84111441021654,-0.0015178242587478416
406,11.841220946588821,-0.0015089528568255613
407,11.841327671376101,-0.0015000656051531941
408,11.841434584129534,-0.0014911625404904498
409,11.841541684399498,-0.0014822436996610308
410,11.841648971735614,-0.001473309119551623
411,11.841756445686723,-0.0014643588371124419
412,11.841864105800925,-0.001455392889356291
413,11.841971951625549,-0.001446411313359014
414,11.842079982707173,-0.0014374141462591616
415,11.842188198591609,-0.0014284014252579792
416,11.842296598823923,-0.0014193731876189978
417,11.842405182948436,-0.0014103294706678156
418,11.842513950508701,-0.001401270311792841
419,11.84262290104754,-0.0013921957484436121
420,11.842732034107012,-0.001383105818132265
421,11.842841349228445,-0.00137400055843233
422,11.842950845952423,-0.001364880006978709
423,11.8430605238188,-0.0013557442014671935
424,11.843170382366665,-0.0013465931796560419
425,11.843280421134397,-0.0013374269793636074
426,11.843390639659631,-0.0013282456384693937
427,11.843501037479255,-0.0013190491949142827
428,11.843611614129458,-0.0013098376866986592
429,11.843722369145675,-0.001300611151884371
430,11.843833302062626,-0.0012913696285930577
431,11.843944412414308,-0.0012821131550065003
432,11.844055699733984,-0.0012728417693669285
433,11.844167163554213,-0.001263555509975909
434,11.84427880340682,-0.001254254415195298
435,11.844390618822926,-0.001244938523445931
436,11.844502609332928,-0.0012356078732085529
437,11.84461477446652,-0.0012262625030226662
438,11.84472711375268,-0.00121690245148718
439,11.844839626719684,-0.0012075277572596676
440,11.844952312895089,-0.001198138459057088
441,11.84506517180576,-0.0011887345956543322
442,11.845178202977845,-0.0011793162058856715
443,11.845291405936822,-0.0011698833286421823
444,11.845404780207426,-0.00116043600287498
445,11.84551832531374,-0.0011509742675916918
446,11.845632040779122,-0.0011414981618586449
447,11.845745926126257,-0.0011320077247995274
448,11.845859980877133,-0.0011225029955954358
449,11.845974204553041,-0.0011129840134854667
450,11.846088596674596,-0.0011034508177654146
451,11.846203156761733,-0.0010939034477882273
452,11.846317884333693,-0.0010843419429640293
453,11.84643277890904,-0.0010747663427596393
454,11.846547840005671,-0.0010651766866981575
455,11.846663067140794,-0.0010555730143597228
456,11.846778459830954,-0.001045955365379868
457,11.846894017592012,-0.00103632377945152
458,11.847009739939164,-0.0010266782963227613
459,11.847125626386948,-0.001017018955797369
460,11.84724167644922,-0.0010073457977354849
461,11.847357889639188,-0.0009976588620521547
462,11.847474265469396,-0.0009879581887177501
463,11.847590803451718,-0.0009782438177582556
464,11.847707503097377,-0.0009685157892546084
465,11.84782436391694,-0.0009587741433424984
466,11.84794138542032,-0.0009490189202124373
467,11.84805856711678,-0.0009392501601093724
468,11.848175908514941,-0.0009294679033325327
469,11.84829340912277,-0.0009196721902356316
470,11.848411068447579,-0.0009098630612266728
471,11.848528885996062,-0.0009000405567667304
472,11.848646861274254,-0.0008902047173714539
473,11.84876499378755,-0.0008803555836100383
474,11.848883283040719,-0.0008704931961046217
475,11.849001728537885,-0.0008606175955313102
476,11.849120329782545,-0.0008507288226188543
477,11.849239086277574,-0.0008408269181486872
478,11.849357997525214,-0.0008309119229553936
479,11.849477063027063,-0.0008209838779267166
480,11.849596282284127,-0.0008110428240017449
481,11.849715654796752,-0.0008010888021732015
482,11.849835180064694,-0.000791121853484978
483,11.849954857587097,-0.0007811420190327617
484,11.850074686862463,-0.0007711493399647577
485,11.850194667388692,-0.0007611438574809
486,11.850314798663073,-0.0007511256128322213
487,11.850435080182294,-0.0007410946473209431
488,11.850555511442428,-0.0007310510023006575
489,11.850676091938936,-0.0007209947191763497
490,11.850796821166695,-0.0007109258394031958
491,11.850917698619963,-0.000700844404487583
492,11.851038723792412,-0.0006907504559860048
493,11.851159896177109,-0.00068064403550569
494,11.851281215266528,-0.0006705251847038305
495,11.851402680552564,-0.0006603939452875452
496,11.8515242915265,-0.0006502503590143032
497,11.851646047679044,-0.0006400944676908864
498,11.85176794850032,-0.0006299263131734961
499,11.851889993479864,-0.000619745937367874
500,11.852012182106641,-0.000609553382228744
501,11.852134513869018,-0.0005991855874794037
502,11.852256565896871,-0.0005883792442836622
503,11.852377128845538,-0.0005769959705487306
504,11.852494294264071,-0.0005650483845512415
505,11.852605541971407,-0.0005527324103734398
506,11.852707827441309,-0.0005404595177137193
507,11.852797669197187,-0.00052888349679449
508,11.852871236217482,-0.0005189172675762702
509,11.852924435352286,-0.0005117361214563704
510,11.85295299875085,-0.0005087646932954304
511,11.852952571299525,-0.0005116458620259124
512,11.852918798068428,-0.000522190679385947
513,11.852847411764763,-0.0005423093283650517
514,11.852734320189546,-0.0005739240156723054
515,11.852575693693957,-0.0006188656056408882
516,11.852368052630679,-0.0006787567061456706
517,11.852108354794915,-0.0007548848198823451
518,11.851794082849262,-0.0008480700762227115
519,11.851423331726341,-0.0009585329592591941
520,11.850994896002709,-0.0010857683460304807
521,11.850508357237862,-0.0012292715869000566
522,11.849963719848565,-0.0013890392958075726
523,11.849360988777125,-0.0015650677041056686
524,11.848700169491446,-0.0017573526606449504
525,11.847981267985134,-0.001965889631867107
526,11.847204290777498,-0.0021906737019096617
527,11.846369244913703,-0.0024316995727146555
528,11.845476137964818,-0.002688961564149744
529,11.844524978027906,-0.0029624536141365943
530,11.843515773726129,-0.0032521692787873314
531,11.842448534208858,-0.003558101732550198
532,11.841323269151776,-0.003880243768363438
533,11.840139988756999,-0.004218587797818306
534,11.8388987037532,-0.0045731258513296595
535,11.837599425395734,-0.004943849578316366
536,11.836242165466786,-0.005330750247388842
537,11.834826936275526,-0.005733818746545801
538,11.83335375065822,-0.006153045583380867
539,11.831822621978429,-0.0065884208852951135
540,11.830233564127136,-0.007039934399720474
541,11.828586591522958,-0.007507575494350069
542,11.826881719112292,-0.007991333157377958
543,11.82511896236951,-0.008491195997747255
544,11.82329833729714,-0.009007152245407221
545,11.821419860426081,-0.009539189751577425
546,11.819483548815802,-0.010087295989021514
547,11.817489420054544,-0.010651458052329943
548,11.815437492259537,-0.011231662658210495
549,11.81332778407724,-0.011827896145786892
550,11.811160314683557,-0.012440144476906828
551,11.808935103784101,-0.013068393236457438
552,11.806652171614399,-0.013712627632691238
553,11.804311538940167,-0.014372832497558006
554,11.80191322705758,-0.015048992287046752
555,11.799457257793525,-0.015741091081535392
556,11.796943653505869,-0.016449112586149957
557,11.794372437083762,-0.01717304013113036
558,11.791743631947897,-0.017912856672206975
559,11.78905726205083,-0.018668544790983226
560,11.786313351877261,-0.019440086695328956
561,11.783511926444362,-0.020227464219780347
562,11.780653011302075,-0.02103065882594923
563,11.77773663253345,-0.021849651602940362
564,11.774762816754977,-0.022684423267777663
565,11.771731591116918,-0.023534954165837674
566,11.768642983303659,-0.024401224271293098
567,11.765497021534035,-0.02528321318756433
568,11.76229373456175,-0.026180900147776492
569,11.759033151675704,-0.027094264015229397
570,11.755715302700361,-0.02802328328387308
571,11.752340217996167,-0.028967936078791934
572,11.748907928459905,-0.029928200156697896
573,11.745418465525125,-0.030904052906431365
574,11.741871861162544,-0.03189547134947014
575,11.738268147880447,-0.03290243214044793
576,11.734607358725123,-0.03392491156767999
577,11.730889527281294,-0.03496288555369756
578,11.727114687672545,-0.03601632965579048
579,11.72328287456179,-0.03708521906655744
580,11.719394123151716,-0.03816952861446606
581,11.715448469185212,-0.03926923276442044
582,11.711445948945917,-0.04038430561833502
583,11.707386599258637,-0.041514720915719935
584,11.703270457489854,-0.042660452034272864
585,11.699097561548212,-0.04382147199047921
586,11.694867949885044,-0.04499775344022005
587,11.690581661494864,-0.04618926867938918
588,11.68623873591589,-0.04739598964451842
589,11.681839213230598,-0.04861788791340924
590,11.677383134066229,-0.04985493470577521
591,11.672870539595358,-0.05110710088389047
592,11.668301471536445,-0.05237435695324755
593,11.663675972154397,-0.05365667306322237
594,11.658994084261147,-0.0549540190077484
595,11.65425585121624,-0.0562663642259977
596,11.649461316927418,-0.05759367780307132
597,11.644610525851226,-0.05893592847069674
598,11.639703522993617,-0.06029308460793398
599,11.634740353910598,-0.06166511424188857
600,11.629721064708827,-0.06305198504843493
601,11.624645702046257,-0.06445366435294562
602,11.61951431313281,-0.06587011913102901
603,11.614326945731008,-0.0673013160092755
604,11.60908364815666,-0.06874722126601128
605,11.603784469279532,-0.07020780083206007
606,11.598429458524025,-0.07168302029151367
607,11.59301866586989,-0.07317284488250853
608,11.58755214185293,-0.07467723949801207
609,11.582029937565718,-0.07619616868661591
610,11.576452104658307,-0.07772959665333806
611,11.57081869533901,-0.07927748726043055
612,11.565129762375106,-0.08083980402819828
613,11.559385359093614,-0.08241651013582331
614,11.553585539382082,-0.0840075684221971
615,11.547730357689359,-0.08561294138676115
616,11.541819869026337,-0.08723259119035745
617,11.535854128966834,-0.08886647965608174
618,11.529833193648356,-0.09051456827014895
619,11.523757119772926,-0.09217681818276498
620,11.517625964607928,-0.09385319020900576
621,11.511439785986964,-0.09554364482970384
622,11.505198642310688,-0.097248142192344
623,11.498902592547683,-0.0989666421119658
624,11.49255169623536,-0.10069910407207273
625,11.486146013480827,-0.10244548722555091
626,11.479685604961793,-0.10420575039559457
627,11.473170531927517,-0.10597985207663792
628,11.466600856199701,-0.10776775043529681
629,11.459976640173432,-0.10956940331131741
630,11.453297946818154,-0.11138476821853015
631,11.446564839678624,-0.11321380234581475
632,11.439777382875887,-0.11505646255806992
633,11.432935641108275,-0.11691270539719194
634,11.426039679652392,-0.1187824870830608
635,11.419089564364143,-0.12066576351453319
636,11.412085361679763,-0.12256249027044296
637,11.405027138616845,-0.12447262261060978
638,11.397914962775417,-0.126396115476854
639,11.390748902338986,-0.12833292349402026
640,11.383529026075632,-0.13028300097100717
641,11.376255403339105,-0.13224630190180547
642,11.368928104069926,-0.13422277996654244
643,11.361547198796528,-0.1362123885325342
644,11.354112758636356,-0.13821508065534613
645,11.346624855297067,-0.14023080907985813
646,11.339083561077631,-0.14225952624134114
647,11.33148894886958,-0.14430118426653557
648,11.323841092158158,-0.14635573497474152
649,11.31614006502354,-0.14842312987891454
650,11.308385942142047,-0.15050332018676799
651,11.30057879878741,-0.1525962568018829
652,11.292718710831998,-0.15470189032482548
653,11.284805754748108,-0.15682017105427087
654,11.27684000760923,-0.1589510489881352
655,11.268821547091344,-0.1610944738247138
656,11.260750451474259,-0.16325039496382612
657,11.252626799642929,-0.1654187615079683
658,11.244450671088803,-0.16759952226347302
659,11.236222145911192,-0.16979262574167517
660,11.22794130481866,-0.17199802016008553
661,11.219608229130392,-0.17421565344357126
662,11.21122300077763,-0.17644547322554313
663,11.202785702305091,-0.17868742684914926
664,11.194296416872433,-0.18094146136847575
665,11.185755228255713,-0.18320752354975448
666,11.177162220848862,-0.1854855598725785
667,11.168517479665187,-0.18777551653112226
668,11.159821090338891,-0.19007733943537056
669,11.151073139126622,-0.1923909742123522
670,11.142273712909002,-0.19471636620738322
671,11.133422899192224,-0.19705346048531336
672,11.124520786109635,-0.19940220183178195
673,11.11556746242334,-0.20176253475447944
674,11.106563017525835,-0.20413440348441508
675,11.09750754144166,-0.20651775197719188
676,11.088401124829074,-0.2089125239142877
677,11.079243858981712,-0.21131866270434388
678,11.07003583583033,-0.21373611148445829
679,11.060777147944497,-0.21616481312148753
680,11.051467888534383,-0.218604710213353
681,11.042108151452497,-0.22105574509035486
682,11.032698031195473,-0.22351785981649364
683,11.023237622905896,-0.22599099619079488
684,11.01372702237413,-0.22847509574864275
685,11.004166326040169,-0.23097009976311947
686,10.994555630995505,-0.23347594924635046
687,10.984895034985023,-0.23599258495085665
688,10.97518463640893,-0.238519947370912
689,10.965424534324667,-0.24105797674390847
690,10.95561482844893,-0.24360661305172515
691,10.945755619159575,-0.24616579602210678
692,10.935847007497692,-0.24873546513004516
693,10.925889095169598,-0.25131555959916846
694,10.9158819845489,-0.25390601840313687
695,10.905825778678611,-0.25650678026704166
696,10.895720581273176,-0.25911778366881516
697,10.885566496720662,-0.26173896684064185
698,10.875363630084891,-0.2643702677703774
699,10.865112087107605,-0.2670116242029751
700,10.854811974210678,-0.2696629736419155
701,10.84446339849834,-0.27232425335064353
702,10.834066467759433,-0.2749954003540116
703,10.823621290469672,-0.2776763514397278
704,10.81312797579396,-0.2803670431598105
705,10.80258663358874,-0.2830674118320471
706,10.791997374404303,-0.2857773935414626
707,10.781360309487217,-0.2884969241417879
708,10.770675550782704,-0.29122593925694
709,10.759943210937102,-0.293964374282503
710,10.749163403300338,-0.2967121643872163
711,10.738336241928385,-0.2994692445144708
712,10.727461841585825,-0.30223554938380637
713,10.716540317748375,-0.3050110134924183
714,10.70557178660549,-0.3077955711166674
715,10.694556365062947,-0.3105891563135965
716,10.683494170745504,-0.31339170292245216
717,10.672385321999572,-0.31620314456621074
718,10.661229937895907,-0.3190234146531118
719,10.650028138232345,-0.32185244637819543
720,10.63878004353656,-0.32469017272484535
721,10.627485775068864,-0.327536526466337
722,10.616145454825027,-0.33039144016739136
723,10.604759205539143,-0.33325484618573364
724,10.593327150686516,-0.3361266766736569
725,10.581849414486568,-0.33900686357959214
726,10.570326121905826,-0.34189533864968097
727,10.558757398660886,-0.34479203342935644
728,10.547143371221447,-0.3476968792649263
729,10.535484166813367,-0.35060980730516295
730,10.523779913421752,-0.35353074850289795
731,10.512030739794078,-0.35645963361662103
732,10.500236775443373,-0.35939639321208405
733,10.4883981506514,-0.3623409576639107
734,10.476514996471897,-0.36529325715721006
735,10.46458744473383,-0.36825322168919594
736,10.452615628044745,-0.37122078107080925
737,10.440599679794058,-0.37419586492834794
738,10.42853973415648,-0.37717840270509906
739,10.416435926095405,-0.38016832366297687
740,10.404288391366418,-0.3831655568841642
741,10.39209726652072,-0.38617003127276145
742,10.379862688908743,-0.38918167555643624
743,10.367584796683683,-0.3922004182880801
744,10.355263728805115,-0.39522618784747005
745,10.34289962504267,-0.39825891244293243
746,10.330492625979737,-0.40129852011301265
747,10.318042873017186,-0.4043449387281496
748,10.30555050837717,-0.4073980959923533
749,10.293015675106925,-0.41045791944488885
750,10.280438517082674,-0.41352433646196113
751,10.267819179013502,-0.4165972742584081
752,10.255157806445345,-0.41967665988939495
753,10.242454545764957,-0.4227624202521143
754,10.229709544203981,-0.4258544820874895
755,10.21692294984304,-0.42895277198188225
756,10.204094911615844,-0.4320572163688055
757,10.191225579313398,-0.4351677415306384
758,10.17831510358822,-0.4382842736003471
759,10.16536363595863,-0.44140673856320756
760,10.15237132881306,-0.4445350622585342
761,10.13933833541442,-0.44766917038141163
762,10.126264809904535,-0.45080898848443013
763,10.113150907308606,-0.4539544419794246
764,10.099996783539726,-0.4571054561392186
765,10.086802595403476,-0.46026195609936976
766,10.073568500602503,-0.4634238668599226
767,10.060294657741219,-0.4665911132871608
768,10.046981226330525,-0.46976362011536604
769,10.033628366792586,-0.4729413119485792
770,10.020236240465648,-0.47612411326236553
771,10.006805009608948,-0.4793119484055827
772,9.993334837407595,-0.48250474160215473
773,9.979825887977649,-0.4857024169528438
774,9.966278326371098,-0.48890489843703233
775,9.952692318580969,-0.49211210991450427
776,9.939068031546523,-0.4953239751272295
777,9.925405633158444,-0.4985404177011537
778,9.91170529226412,-0.5017613611479903
779,9.897967178672973,-0.504986728867015
780,9.884191463161851,-0.5082164441468644
781,9.870378317480489,-0.5114504301673379
782,9.856527914356986,-0.5146886100012019
783,9.842640427503428,-0.517930906615997
784,9.82871603162148,-0.521177242875849
785,9.814754902408101,-0.5244275415432819
786,9.800757216561284,-0.527681725281035
787,9.786723151785884,-0.5309397166538822
788,9.772652886799516,-0.5342014381304531
789,9.758546601338493,-0.5374668120850585
790,9.74440447616381,-0.5407357607995191
791,9.730226693067284,-0.5440082064649936
792,9.716013434877645,-0.5472840711838141
793,9.70176488546678,-0.5505632769713198
794,9.687481229755997,-0.5538457457576965
795,9.673162653722375,-0.5571313993898173
796,9.658809344405194,-0.5604201596330853
797,9.64442148991242,-0.5637119481732791
798,9.629999279427253,-0.5670066866184018
799,9.61554290321475,-0.5703042965005317
800,9.601052552628557,-0.5736046992776741
801,9.586528420117654,-0.5769078163356167
802,9.571970699233212,-0.5802135689897882
803,9.5573795846355,-0.5835218784871163
804,9.542755272100916,-0.5868326660078905
805,9.528097958529019,-0.5901458526676256
806,9.513407841949704,-0.5934613595189276
807,9.498685121530391,-0.5967791075533625
808,9.483929997583381,-0.6000990177033246
809,9.46914267157317,-0.6034210108439106
810,9.454323346123958,-0.606745007794792
811,9.439472225027174,-0.610070929322091
812,9.424589513249078,-0.6133986961402584
813,9.409675416938478,-0.616728228913953
814,9.394730143434504,-0.6200594482599223
815,9.379753901274487,-0.6233922747488849
816,9.36474690020188,-0.6267266289074164
817,9.349709351174322,-0.6300624312198333
818,9.334641466371721,-0.6333996021300823
819,9.319543459204482,-0.6367380620436288
820,9.304415544321788,-0.6400777313293468
821,9.289257937619993,-0.6434185303214113
822,9.274070856251056,-0.6467603793211921
823,9.258854518631095,-0.6501031985991489
824,9.243609144449069,-0.6534469083967253
825,9.228334954675473,-0.6567914289282475
826,9.213032171571195,-0.6601366803828225
827,9.19770101869638,-0.6634825829262383
828,9.182341720919505,-0.6668290567028631
829,9.166954504426418,-0.6701760218375488
830,9.151539596729576,-0.6735233984375324
831,9.136097226677323,-0.6768711065943408
832,9.120627624463273,-0.6802190663856947
833,9.10513102163581,-0.6835671978774147
834,9.08960765110763,-0.6869154211253281
835,9.074057747165462,-0.6902636561771753
836,9.058481545479815,-0.6936118230745189
837,9.042879283114877,-0.6969598418546508
838,9.027251198538469,-0.7003076325525034
839,9.011597531632132,-0.7036551152025589
840,8.99591852370131,-0.7070022098407595
841,8.980214417485623,-0.710348836506419
842,8.964485457169271,-0.7136949152441341
843,8.94873188839148,-0.7170403661056969
844,8.932953958257146,-0.7203851091520068
845,8.917151915347493,-0.7237290644549834
846,8.901326009730901,-0.7270721520994803
847,8.885476492973813,-0.7304142921851966
848,8.869603618151737,-0.7337554048285929
849,8.853707639860392,-0.737095410164803
850,8.837788814226933,-0.7404342283495489
851,8.821847398921287,-0.7437717795610539
852,8.805883653167646,-0.747107984001957
853,8.789897837755976,-0.7504427619012265
854,8.773890215053738,-0.7537760335160741
855,8.757861049017652,-0.7571077191338683
856,8.741810605205616,-0.7604377390740481
857,8.725739150788705,-0.7637660136900364
858,8.709646954563311,-0.7670924633711523
859,8.693534286963377,-0.7704170085445256
860,8.677401420072767,-0.7737395696770067
861,8.661248627637711,-0.7770600672770815
862,8.64507618507944,-0.7803784218967805
863,8.628884369506848,-0.7836945541335908
864,8.612673459729347,-0.7870083846323669
865,8.596443736269775,-0.790319834087241
866,8.580195481377483,-0.7936288232435309
867,8.563928979041496,-0.7969352728996499
868,8.54764451500382,-0.8002391039090144
869,8.531342376772832,-0.8035402371819509
870,8.515022853636847,-0.8068385936876024
871,8.49868623667774,-0.8101340944558341
872,8.48233281878474,-0.8134266605791374
873,8.465962894668314,-0.8167162132145341
874,8.44957676087419,-0.8200026735854786
875,8.433174715797481,-0.8232859629837594
876,8.416757059696947,-0.8265660027713999
877,8.40032409470937,-0.8298427143825574
878,8.383876124864056,-0.8331160193254215
879,8.367413456097452,-0.8363858391841097
880,8.35093639626789,-0.8396520956205652
881,8.334445255170447,-0.8429147103764484
882,8.31794034455193,-0.8461736052750323
883,8.301421978125969,-0.8494287022230921
884,8.284890471588271,-0.852679923212796
885,8.26834614263194,-0.8559271903235928
886,8.251789310962945,-0.8591704257240995
887,8.235220298315733,-0.8624095516739868
888,8.218639428468917,-0.8656444905258602
889,8.2020470272611,-0.8688751647271454
890,8.185443422606843,-0.8721014968219655
891,8.168828944512704,-0.87532340945302
892,8.152203925093453,-0.8785408253634618
893,8.135568698588342,-0.8817536673987708
894,8.118923601377547,-0.884961858508627
895,8.102268971998694,-0.8881653217487805
896,8.085605151163518,-0.8913639802829199
897,8.068932481774613,-0.8945577573845392
898,8.052251308942331,-0.8977465764388014
899,8.035561980001754,-0.900930360944401
900,8.018864844529816,-0.9041090345154226
901,8.002160254362511,-0.9072825208832004
902,7.985448563612211,-0.9104507438981707
903,7.968730128685101,-0.9136136275317273
904,7.952005308298721,-0.9167710958780699
905,7.935274463499598,-0.9199230731560528
906,7.918537957681014,-0.9230694837110299
907,7.9017961566008355,-0.9262102520166976
908,7.885049428399472,-0.9293453026769345
909,7.868298143617917,-0.9324745604276391
910,7.851542675215894,-0.9355979501385655
911,7.834783398590097,-0.9387153968151529
912,7.818020691592514,-0.9418268256003576
913,7.8012549345488456,-0.9449321617764773
914,7.78448651027702,-0.9480313307669752
915,7.767715804105777,-0.9511242581383008
916,7.750943203893341,-0.9542108696017065
917,7.734169100046172,-0.9572910910150622
918,7.717393885537804,-0.9603648483846675
919,7.700617955927739,-0.9634320678670584
920,7.683841709380407,-0.9664926757708138
921,7.66706554668423,-0.9695465985583558
922,7.650289871270701,-0.9725937628477496
923,7.633515089233555,-0.9756340954144969
924,7.616741609348007,-0.9786675231933292
925,7.59996984308999,-0.9816939732799956
926,7.583200204655482,-0.9847133729330467
927,7.566433110979872,-0.9877256495756185
928,7.549668981757362,-0.9907307307972063
929,7.532908239460393,-0.9937285443554434
930,7.516151309359128,-0.9967190181778675
931,7.499398619540917,-0.9997020803636902
932,7.4826506009298255,-1.0026776591855588
933,7.465907687306161,-1.005645683091316
934,7.449170315325989,-1.0086060807057555
935,7.432438924540671,-1.0115587808323734
936,7.415713957416423,-1.0145037124551148
937,7.398995859353811,-1.0174408047401189
938,7.382285078707268,-1.0203699870374585
939,7.365582066804594,-1.0232911888828744
940,7.348887277966391,-1.0262043399995076
941,7.332201169525504,-1.0291093702996263
942,7.3155242018464,-1.0320062098863494
943,7.298856838344487,-1.0348947890553646
944,7.282199545505379,-1.0377750382966426
945,7.265552792904116,-1.040646888296149
946,7.248917053224293,-1.0435102699375476
947,7.232292802277081,-1.0463651143039032
948,7.215680519020183,-1.0492113526793794
949,7.199080685576735,-1.0520489165509272
950,7.18249378725398,-1.0548777376099774
951,7.165920312561921,-1.0576977477541192
952,7.149360753231808,-1.0605088790887829
953,7.132815604234493,-1.063311063928909
954,7.1162853637986,-1.066104234800622
955,7.099770533428597,-1.0688883244428908
956,7.083271617922621,-1.071663265809189
957,7.066789125390186,-1.0744289920691505
958,7.050323567269616,-1.0771854366102183
959,7.033875458345377,-1.0799325330392877
960,7.017445316765082,-1.0826702151843477
961,7.001033664056311,-1.0853984170961146
962,6.984641025143177,-1.0881170730496605
963,6.968267928362631,-1.090826117546039
964,6.95191490548049,-1.0935254853139027
965,6.935582491707163,-1.0962151113111185
966,6.919271225713109,-1.0988949307263736
967,6.902981649643914,-1.101564878980781
968,6.886714309135087,-1.1042248917294764
969,6.870469753326506,-1.1068749048632087
970,6.854248534876424,-1.1095148545099305
971,6.838051209975184,-1.1121446770363757
972,6.821878338358484,-1.1147643090496375
973,6.805730483320211,-1.1173736873987372
974,6.789608211724867,-1.1199727491761906
975,6.773512094019531,-1.122561431719565
976,6.757442704245335,-1.1251396726130325
977,6.741400620048473,-1.1277074096889192
978,6.7253864226906614,-1.1302645810292444
979,6.709400697059078,-1.1328111249672577
980,6.693444031675772,-1.1353469800889684
981,6.677517018706474,-1.1378720852346702
982,6.661620253968811,-1.1403863795004574
983,6.645754336939893,-1.142889802239739
984,6.6299198707633,-1.1453822930647422
985,6.614117462255354,-1.1478637918480143
986,6.598347721910749,-1.1503342387239153
987,6.582611263907431,-1.152793574090105
988,6.56690870611076,-1.1552417386090255
989,6.5512406700769334,-1.157678673209374
990,6.5356077810555915,-1.1601043190875742
991,6.520010667991618,-1.1625186177092361
992,6.504449963526116,-1.164921510810614
993,6.488926303996535,-1.1673129404000537
994,6.473440329435859,-1.1696928487594385
995,6.457992683570933,-1.172061178445623
996,6.442584013819814,-1.1744178722918641
997,6.427214971288136,-1.1767628734092446
998,6.411886210764509,-1.1790961251880907
999,6.396598390714865,-1.1814175712993802
1000,6.381352173275736,-1.183727155696147
1001,6.366148224246461,-1.1860248226148786
1002,6.350987213080249,-1.1883105165769041
1003,6.335869812874116,-1.190584182389779
1004,6.320796700357594,-1.192845765148661
1005,6.305768555880294,-1.1950952102376773
1006,6.290786063398141,-1.1973324633312907
1007,6.2758499104584,-1.199557470395652
1008,6.260960788183334,-1.2017701776899494
1009,6.2461193912525514,-1.20397053176775
1010,6.231326417883965,-1.206158479478334
1011,6.216582569813323,-1.2083339679680216
1012,6.201888552272322,-1.2104969446814924
1013,6.187245073965197,-1.2126473573631005
1014,6.17265284704385,-1.2147851540581767
1015,6.158112587081392,-1.2169102831143295
1016,6.143625013044082,-1.2190226931827344
1017,6.129190847261706,-1.2211223332194185
1018,6.114810815396227,-1.2232091524865363
1019,6.100485646408799,-1.225283100553638
1020,6.08621607252504,-1.2273441272989325
1021,6.072002829198519,-1.2293921829105392
1022,6.057846655072474,-1.2314272178877361
1023,6.043748291939669,-1.2334491830421972
1024,6.029708484700417,-1.235458029499225
1025,6.015727981318669,-1.2374537086989723
1026,6.00180753277615,-1.2394361723976606
1027,5.987947893024569,-1.2414053726687857
1028,5.974149818935764,-1.2433612619043195
1029,5.960414070249814,-1.2453037928159032
1030,5.946741409521104,-1.2472329184360313
1031,5.933132602062211,-1.2491485921192285
1032,5.919588415885708,-1.2510507675432194
1033,5.906109621643719,-1.2529393987100903
1034,5.892696992565315,-1.2548144399474408
1035,5.8793513043915775,-1.2566758459095322
1036,5.866073335308519,-1.2585235715784213
1037,5.852863865877506,-1.2603575722650924
1038,5.839723678963486,-1.262177803610577
1039,5.826653559660761,-1.2639842215870687
1040,5.813654295216384,-1.2657767824990267
1041,5.800726674951088,-1.2675554429842735
1042,5.787871490177793,-1.2693201600150834
1043,5.775089534117581,-1.2710708908992627
1044,5.762381601813197,-1.2728075932812228
1045,5.749748490039946,-1.2745302251430435
1046,5.737190997214092,-1.2762387448055283
1047,5.724709923298622,-1.2779331109292533
1048,5.712306069706395,-1.279613282515604
1049,5.699980239200696,-1.2812792189078073
1050,5.687733235793125,-1.2829308797919527
1051,5.675565864638774,-1.2845682251980073
1052,5.663478931928778,-1.2861912155008195
1053,5.6514732447801626,-1.2877998114211158
1054,5.639549611122934,-1.2893939740264893
1055,5.6277088395844865,-1.2909736647323795
1056,5.615951739371269,-1.2925388453030435
1057,5.604279120147738,-1.2940894778525154
1058,5.592691791912502,-1.2956255248455633
1059,5.5811905648717675,-1.297146949098633
1060,5.569776249310068,-1.2986537137807836
1061,5.558449655458153,-1.3001457824146156
1062,5.547211593358234,-1.3016231188771896
1063,5.536062872726422,-1.3030856874009353
1064,5.525004302812486,-1.3045334525745538
1065,5.5140366922568536,-1.3059663793439078
1066,5.503160848944929,-1.3073844330129085
1067,5.492377579858724,-1.3087875792443855
1068,5.481687690925812,-1.3101757840609562
1069,5.471091986865633,-1.3115490138458794
1070,5.460591271033175,-1.3129072353439046
1071,5.450186345260072,-1.3142504156621104
1072,5.4398780096931105,-1.3155785222707335
1073,5.429667062630221,-1.3168915230039893
1074,5.419554300353992,-1.318189386060883
1075,5.409540516962681,-1.3194720800060127
1076,5.399626504198817,-1.3207395737703624
1077,5.389813051275497,-1.321991836652085
1078,5.380100944700277,-1.3232288383172794
1079,5.37049096809688,-1.3244505488007527
1080,5.360983902024606,-1.325656938506781
1081,5.351580523795657,-1.3268479782098526
1082,5.342281607290368,-1.3280236390554088
1083,5.333087922770376,-1.3291838925605712
1084,5.324000236689881,-1.3303287106148616
1085,5.315019311504986,-1.3314580654809118
1086,5.306145905481273,-1.3325719297951648
1087,5.297380772499649,-1.333670276568566
1088,5.288724661860519,-1.3347530791872446
1089,5.280178318086468,-1.3358203114131881
1090,5.271742480723424,-1.3368719473849024
1091,5.263417884140504,-1.3379079616180685
1092,5.255205257328538,-1.3389283290061853
1093,5.247105323697479,-1.3399330248212054
1094,5.239118800872739,-1.3409220247141578
1095,5.231246400490524,-1.3418953047157685
1096,5.223488827992401,-1.3428528412370615
1097,5.215846782419064,-1.34379461106996
1098,5.208320956203536,-1.3447205913878693
1099,5.200912034963868,-1.3456307597462587
1100,5.193620697295427,-1.3465250940832258
1101,5.186447614563024,-1.3474035727200586
1102,5.179393450692864,-1.3482661743617794
1103,5.172458861964552,-1.3491128780976887
1104,5.165644496803216,-1.3499436634018909
1105,5.158950995571945,-1.3507585101338169
1106,5.152378990364677,-1.3515573985387321
1107,5.14592910479962,-1.3523403092482373
1108,5.139601953813397,-1.3531072232807597
1109,5.133398143456084,-1.353858122042034
1110,5.127318270687213,-1.354592987325571
1111,5.121362923172948,-1.3553118013131236
1112,5.115532679084596,-1.3560145465751334
1113,5.109828106898528,-1.3567012060711756
1114,5.104249765197749,-1.3573717631503897
1115,5.09879820247522,-1.3580262015519018
1116,5.093473956939095,-1.3586645054052378
1117,5.088277556320074,-1.359286659230723
1118,5.083209517680894,-1.3598926479398787
1119,5.07827034722831,-1.360482456835802
1120,5.073460540127557,-1.3610560716135391
1121,5.06878058031952,-1.3616134783604488
1122,5.064230940340765,-1.3621546635565558
1123,5.059812081146553,-1.3626796140748925
1124,5.055524451937022,-1.363188317181833
1125,5.051368489986703,-1.363680760537417
1126,5.047344620477433,-1.364156932195662
1127,5.043453256334952,-1.3646168206048668
1128,5.039694798069173,-1.3650604146079055
1129,5.036069633618424,-1.3654877034425101
1130,5.032578138197691,-1.3658986767415446
1131,5.029220674151025,-1.3662933245332687
1132,5.025997590808311,-1.3666716372415904
1133,5.022909224346468,-1.3670336056863093
1134,5.019955897655219,-1.3673792210833517
1135,5.017137920207571,-1.3677084750449917
1136,5.014455587935142,-1.368021359580067
1137,5.01190918310845,-1.3683178670941798
1138,5.009498974222211,-1.3685979903898926
1139,5.007225215885919,-1.3688617226669093
1140,5.00508814871959,-1.3691090575222502
1141,5.003087999254997,-1.3693399889504139
1142,5.0012249798423225,-1.3695545113435312
1143,4.9994992885624265,-1.3697526194915082
1144,4.997911109144789,-1.369934308582158
1145,4.996460610891142,-1.3700995742013262
1146,4.9951479486049974,-1.3702484123330012
1147,4.993973262527023,-1.3703808193594185
1148,4.9929366782763935,-1.3704967920611524
1149,4.992038306798165,-1.3705963276171993
1150,4.9912782443167085,-1.370679423605051
1151,4.9906565722952845,-1.3707460780007545
1152,4.99017335740177,-1.3707962891789678
1153,4.989828651480563,-1.3708300559129998
1154,4.989622491530748,-1.3708473773748424
1155,4.98955489969048,-1.3708482531351944
1156,4.989625883227647,-1.3708326831634714
1157,4.989835434536804,-1.37080066782781
1158,4.990183531142367,-1.370752207895057
1159,4.990670135708117,-1.3706873045307526
1160,4.991295196052932,-1.3706059592991022
1161,4.992058645172771,-1.370508174162937
1162,4.992960401268885,-1.3703939514836665
1163,4.9940003677822675,-1.370263294021218
1164,4.99517843343419,-1.3701162049339706
1165,4.996494472272898,-1.3699526877786732
1166,4.997948343726398,-1.3697727465103582
1167,4.9995398926612005,-1.3695763854822411
1168,5.001268949447109,-1.3693636094456112
1169,5.003135330027823,-1.3691344235497134
1170,5.005138835997394,-1.3688888333416187
1171,5.007279254682447,-1.3686268447660837
1172,5.009556359230036,-1.3683484641654027
1173,5.011969908701083,-1.3680536982792477
1174,5.014519648169339,-1.3677425542444988
1175,5.017205308825637,-1.367415039595064
1176,5.020026608087539,-1.3670711622616905
1177,5.02298324971409,-1.3667109305717657
1178,5.026074923925655,-1.3663343532491052
1179,5.029301307528725,-1.3659414394137355
1180,5.032662064045493,-1.3655321985816622
1181,5.036156843848227,-1.365106640664632
1182,5.039785284298143,-1.3646647759698816
1183,5.043547009888765,-1.3642066151998786
1184,5.0474416323935785,-1.3637321694520521
1185,5.051468751017889,-1.3632414502185108
1186,5.055627952554674,-1.3627344693857573
1187,5.059918811544394,-1.3622112392343833
1188,5.064340890438476,-1.3616717724387644
1189,5.068893739766472,-1.3611160820667374
1190,5.07357689830662,-1.360544181579273
1191,5.078389893259735,-1.3599560848301337
1192,5.083332240426263,-1.3593518060655274
1193,5.088403444386317,-1.3587313599237458
1194,5.093602998682556,-1.3580947614347958
1195,5.098930386005761,-1.3574420260200197
1196,5.104385078382982,-1.3567731694917085
1197,5.109966537368011,-1.3560882080526997
1198,5.1156742142341205,-1.355387158295971
1199,5.121507550168862,-1.35467003720422
1200,5.127465976470773,-1.3539368621494376
1201,5.133548914747869,-1.3531876508924687
1202,5.139755777117702,-1.3524224215825627
1203,5.146085966408943,-1.3516411927569185
1204,5.152538876364204,-1.3508439833402146
1205,5.159113891844032,-1.3500308126441327
1206,5.165810389031925,-1.34920170036687
1207,5.172627735640188,-1.3483566665926423
1208,5.179565291116516,-1.3474957317911782
1209,5.186622406851143,-1.3466189168172011
1210,5.19379842638439,-1.345726242909905
1211,5.2010926856145385,-1.3448177316924166
1212,5.208504513005837,-1.343893405171252
1213,5.216033229796533,-1.3429532857357602
1214,5.2236781502067595,-1.341997396157559
1215,5.231438581646239,-1.3410257595899604
1216,5.23931382492154,-1.3400383995673866
1217,5.247303174442905,-1.339035340004777
1218,5.255405918430418,-1.338016605196984
1219,5.263621339119474,-1.3369822198181618
1220,5.2719487129653695,-1.3359322089211434
1221,5.28038731084696,-1.3348665979368082
1222,5.288936398269263,-1.3337854126734425
1223,5.297595235564835,-1.332688679316088
1224,5.306363078093952,-1.3315764244258803
1225,5.315239176443361,-1.3304486749393822
1226,5.3242227766236185,-1.3293054581679022
1227,5.333313120264835,-1.3281468017968074
1228,5.342509444810808,-1.3269727338848254
1229,5.3518109837114185,-1.325783282863336
1230,5.361216966613203,-1.3245784775356582
1231,5.370726619548113,-1.32335834707632
1232,5.380339165120241,-1.3221229210303256
1233,5.390053822690563,-1.320872229312412
1234,5.399869808559585,-1.3196063022062923
1235,5.409786336147837,-1.3183251703638967
1236,5.419802616174163,-1.3170288648045971
1237,5.429917856831727,-1.3157174169144275
1238,5.440131263961715,-1.3143908584452937
1239,5.450442041224653,-1.313049221514172
1240,5.46084939026931,-1.311692538602303
1241,5.471352510899177,-1.3103208425543726
1242,5.481950601236395,-1.3089341665776837
1243,5.492642857883185,-1.3075325442413233
1244,5.503428476080699,-1.3061160094753148
1245,5.514306649865285,-1.3046845965697658
1246,5.5252765722221,-1.303238340174004
1247,5.536337435236111,-1.3017772752957069
1248,5.547488430240408,-1.3003014373000186
1249,5.558728747961819,-1.2988108619086625
1250,5.57005757866383,-1.2973055851990412
1251,5.5814741122867995,-1.29578564360333
1252,5.592977538585415,-1.2942510739075594
1253,5.604567047263449,-1.2927019132506916
1254,5.61624182810573,-1.2911381991236857
1255,5.628001071107399,-1.289559969368555
1256,5.639843966600417,-1.2879672621774163
1257,5.6517697053772995,-1.2863601160915297
1258,5.663777478812146,-1.2847385700003302
1259,5.675866478978894,-1.2831026631404494
1260,5.6880358987668815,-1.2814524350947312
1261,5.700284931993646,-1.279787925791236
1262,5.7126127735150405,-1.2781091755022378
1263,5.725018619332638,-1.2764162248432145
1264,5.737501666698476,-1.2747091147718248
1265,5.75006111421709,-1.2729878865868829
1266,5.762696161944944,-1.271252581927318
1267,5.775406011487196,-1.2695032427711328
1268,5.788189866091858,-1.2677399114343475
1269,5.801046930741379,-1.2659626305699379
1270,5.813976412241661,-1.2641714431667657
1271,5.826977519308518,-1.2623663925484998
1272,5.840049462651632,-1.2605475223725284
1273,5.853191455056012,-1.2587148766288654
1274,5.86640271146098,-1.2568684996390458
1275,5.879682449036746,-1.2550084360550153
1276,5.893029887258551,-1.25313473085801
1277,5.9064442479784525,-1.2512474293574287
1278,5.919924755494751,-1.2493465771896977
1279,5.933470636619104,-1.2474322203171262
1280,5.947081120741375,-1.2455044050267556
1281,5.960755439892201,-1.2435631779291991
1282,5.974492828803367,-1.2416085859574735
1283,5.988292524965989,-1.239640676365825
1284,6.0021537686865285,-1.2376594967285441
1285,6.01607580314074,-1.2356650949387764
1286,6.030057874425491,-1.2336575192073214
1287,6.044099231608539,-1.231636818061427
1288,6.058199126776343,-1.2296030403435743
1289,6.07235681507982,-1.227556235210256
1290,6.086571554778249,-1.2254964521307459
1291,6.100842607281204,-1.2234237408858608
1292,6.115169237188658,-1.2213381515667174
1293,6.129550712329228,-1.2192397345734776
1294,6.143986303796608,-1.2171285406140886
1295,6.158475285984316,-1.2150046207030163
1296,6.1730169366186285,-1.2128680261599685
1297,6.18761053678986,-1.2107188086086147
1298,6.202255370981989,-1.2085570199752933
1299,6.216950727100659,-1.2063827124877167
1300,6.231695896499619,-1.2041959386736645
1301,6.246490174005547,-1.2019967513596743
1302,6.26133285794144,-1.19978520366972
1303,6.276223250148465,-1.197561349023888
1304,6.2911606560064035,-1.195325241137041
1305,6.306144384452649,-1.1930769340174798
1306,6.321173747999843,-1.1908164819655946
1307,6.336248062752187,-1.1885439395725104
1308,6.351366648420389,-1.186259361718725
1309,6.366528828335383,-1.1839628035727412
1310,6.381733929460781,-1.1816543205896906
1311,6.396981282404095,-1.1793339685099513
1312,6.412270221426806,-1.1770018033577585
1313,6.42760008445326,-1.1746578814398074
1314,6.4429702130784525,-1.172302259343853
1315,6.458379952574725,-1.169934993937297
1316,6.473828651897361,-1.1675561423657739
1317,6.489315663689233,-1.1651657620517275
1318,6.504840344284375,-1.1627639106929797
1319,6.520402053710613,-1.1603506462612967
1320,6.536000155691227,-1.1579260270009444
1321,6.551634017645729,-1.1554901114272402
1322,6.5673030106897485,-1.153042958325097
1323,6.58300650963403,-1.1505846267475606
1324,6.598743892982608,-1.1481151760143415
1325,6.61451454293018,-1.14563466571034
1326,6.6303178453586575,-1.143143155684167
1327,6.646153189833048,-1.1406407060466521
1328,6.662019969596491,-1.1381273771693545
1329,6.6779175815646505,-1.1356032296830612
1330,6.693845426319423,-1.1330683244762805
1331,6.709802908101933,-1.1305227226937318
1332,6.725789434804959,-1.1279664857348264
1333,6.741804417964671,-1.1253996752521433
1334,6.757847272751827,-1.1228223531498993
1335,6.773917417962351,-1.1202345815824148
1336,6.790014276007392,-1.1176364229525686
1337,6.806137272902846,-1.1150279399102532
1338,6.822285838258343,-1.11240919535082
1339,6.838459405265738,-1.1097802524135205
1340,6.854657410687183,-1.107141174479941
1341,6.87087929484267,-1.104492025172433
1342,6.887124501597197,-1.1018328683525354
1343,6.903392478347459,-1.099163768119394
1344,6.919682676008198,-1.0964847888081743
1345,6.93599454899812,-1.0937959949884677
1346,6.952327555225496,-1.091097451462693
1347,6.968681156073333,-1.0883892232644954
1348,6.985054816384289,-1.085671375657134
1349,7.001448004445224,-1.082943974131869
1350,7.017860191971472,-1.080207084406343
1351,7.034290854090799,-1.0774607724229543
1352,7.0507394693271,-1.074705104347228
1353,7.067205519583816,-1.071940146566181
1354,7.083688490127152,-1.0691659656866805
1355,7.100187869568986,-1.0663826285338007
1356,7.116703149849643,-1.0635902021491692
1357,7.133233826220376,-1.0607887537893153
1358,7.149779397225702,-1.0579783509240068
1359,7.166339364685529,-1.055159061234588
1360,7.182913233677147,-1.0523309526123064
1361,7.19950051251702,-1.0494940931566394
1362,7.2161007127424,-1.0466485511736163
1363,7.232713349092891,-1.0437943951741309
1364,7.2493379394918005,-1.0409316938722566
1365,7.265974005027407,-1.0380605161835488
1366,7.282621069934105,-1.0351809312233504
1367,7.299278661573437,-1.0322930083050876
1368,7.315946310415077,-1.0293968169385632
1369,7.332623550017704,-1.0264924268282447
1370,7.349309917009774,-1.02357990787155
1371,7.3660049510702565,-1.0206593301571252
1372,7.3827081949093225,-1.0177307639631223
1373,7.3994191942489556,-1.01479427975547
1374,7.416137497803534,-1.0118499481861396
1375,7.432862657260385,-1.0088978400914086
1376,7.449594227260281,-1.0059380264901208
1377,7.46633176537793,-1.0029705785819405
1378,7.48307483210249,-0.9999955677456028
1379,7.499822990818001,-0.9970130655371606
1380,7.516575807783846,-0.9940231436882284
1381,7.533332852115255,-0.9910258741042213
1382,7.550093695763774,-0.9880213288625888
1383,7.566857913497729,-0.9850095802110486
1384,7.583625082882783,-0.9819907005658118
1385,7.600394784262429,-0.9789647625098101
1386,7.6171666007385985,-0.9759318387909137
1387,7.6339401181522355,-0.9728920023201488
1388,7.650714925063948,-0.9698453261699127
1389,7.667490612734705,-0.9667918835721803
1390,7.684266775106554,-0.9637317479167133
1391,7.7010430087834125,-0.9606649927492626
1392,7.717818913011893,-0.9575916917697676
1393,7.734594089662264,-0.9545119188305518
1394,7.75136814320934,-0.9514257479345175
1395,7.768140680713559,-0.948333253233334
1396,7.784911311802065,-0.9452345090256258
1397,7.801679648649899,-0.9421295897551561
1398,7.818445305961239,-0.9390185700090049
1399,7.835207900950739,-0.9359015245157501
1400,7.851967053324929,-0.9327785281436394
1401,7.868722385263726,-0.9296496558987634
1402,7.885473521402025,-0.9265149829232221
1403,7.902220088811352,-0.9233745844932945
1404,7.918961716981651,-0.9202285360175978
1405,7.935698037803139,-0.9170769130352506
1406,7.952428685548261,-0.9139197912140289
1407,7.969153296853751,-0.9107572463485216
1408,7.985871510702775,-0.9075893543582831
1409,8.002582968407205,-0.9044161912859836
1410,8.019287313589977,-0.9012378332955554
1411,8.035984192167547,-0.8980543566703384
1412,8.052673252332482,-0.8948658378112224
1413,8.069354144536113,-0.8916723532347883
1414,8.086026521471359,-0.8884739795714448
1415,8.102690038055608,-0.8852707935635638
1416,8.119344351413716,-0.882062872063615
1417,8.135989120861163,-0.8788502920322968
1418,8.152624007887285,-0.8756331305366635
1419,8.16924867613862,-0.8724114647482555
1420,8.185862791402359,-0.869185371941222
1421,8.202466021589972,-0.8659549294904451
1422,8.219058036720885,-0.86272021486966
1423,8.235638508906291,-0.8594813056495757
1424,8.252207112333135,-0.8562382794959904
1425,8.268763523248122,-0.8529912141679084
1426,8.285307419941903,-0.8497401875156549
1427,8.301838482733396,-0.846485277478986
1428,8.318356393954181,-0.8432265620852005
1429,8.334860837933043,-0.8399641194472491
1430,8.351351500980646,-0.836698027761841
1431,8.367828071374278,-0.8334283653075502
1432,8.384290239342773,-0.8301552104429207
1433,8.400737697051547,-0.8268786416045679
1434,8.417170138587698,-0.823598737305282
1435,8.43358725994531,-0.8203155761321277
1436,8.449988759010814,-0.8170292367445431
1437,8.466374335548508,-0.8137397978724381
1438,8.482743691186188,-0.8104473383142903
1439,8.499096529400875,-0.8071519369352423
1440,8.515432555504699,-0.8038536726651948
1441,8.531751476630896,-0.8005526244969009
1442,8.5480530017199,-0.7972488714840587
1443,8.564336841505597,-0.7939424927394021
1444,8.58060270850166,-0.7906335674327928
1445,8.596850316988023,-0.78732217478931
1446,8.613079382997478,-0.7840083940873387
1447,8.629289624302379,-0.7806923046566592
1448,8.645480760401467,-0.7773739858765341
1449,8.661652512506834,-0.7740535171737962
1450,8.677804603530959,-0.7707309780209342
1451,8.69393675807391,-0.7674064479341793
1452,8.710048702410642,-0.7640800064715905
1453,8.726140164478407,-0.7607517332311389
1454,8.742210873864295,-0.7574217078487936
1455,8.758260561792854,-0.7540900099966052
1456,8.77428896111389,-0.7507567193807901
1457,8.79029580629031,-0.7474219157398134
1458,8.806280833386133,-0.7440856788424733
1459,8.82224378005459,-0.7407480884859837
1460,8.838184385526311,-0.7374092244940582
1461,8.854102390597706,-0.7340691667149923
1462,8.86999753761935,-0.7307279950197473
1463,8.885869570484584,-0.7273857893000321
1464,8.90171823461811,-0.724042629466388
1465,8.91754327696484,-0.7206985954462704
1466,8.933344445978708,-0.7173537671821334
1467,8.94912149161168,-0.714008224629513
1468,8.96487416530285,-0.7106620477551103
1469,8.980602219967638,-0.7073153165348771
1470,8.996305409987098,-0.7039681109520989
1471,9.011983491197318,-0.7006205109954804
1472,9.027636220878957,-0.6972725966572312
1473,9.043263357746843,-0.6939244479311506
1474,9.058864661939703,-0.6905761448107154
1475,9.074439895009984,-0.6872277672871656
1476,9.0899888199138,-0.6838793953475921
1477,9.105511201000946,-0.6805311089730245
1478,9.121006804004997,-0.677182988136522
1479,9.136475396033607,-0.6738351128012595
1480,9.151916745558747,-0.6704875629186219
1481,9.167330622407192,-0.6671404184262927
1482,9.182716797751029,-0.6637937592463466
1483,9.198075044098253,-0.6604476652833442
1484,9.213405135283503,-0.6571022164224237
1485,9.228706846458866,-0.6537574925273976
1486,9.243979954084757,-0.6504135734388489
1487,9.259224235920932,-0.6470705389722279
1488,9.27443947101759,-0.6437284689159504
1489,9.289625439706523,-0.6403874430294978
1490,9.304781923592401,-0.6370475410415185
1491,9.31990870554413,-0.6337088426479293
1492,9.33500556968631,-0.6303714275100192
1493,9.35007230139076,-0.6270353752525542
1494,9.365108687268155,-0.6237007654618844
1495,9.38011451515973,-0.6203676776840512
1496,9.3950895741291,-0.6170361914228962
1497,9.41003365445412,-0.613706386138174
1498,9.424946547618871,-0.6103783412436625
1499,9.439828046305724,-0.6070521361052784
1500,9.45467794438746,-0.6037278500391927
1501,9.469496036919491,-0.6004055623099485
1502,9.484282120132187,-0.5970853521285804
1503,9.499035991423238,-0.5937672986507354
1504,9.513757449350123,-0.5904514809747966
1505,9.52844629362266,-0.5871379781400077
1506,9.543102325095623,-0.5838268691246
1507,9.557725345761451,-0.580518232843922
1508,9.572315158743022,-0.5772121481485697
1509,9.586871568286515,-0.5739086938225195
1510,9.601394379754337,-0.5706079485812645
1511,9.615883399618118,-0.5673099910699514
1512,9.630338435451819,-0.5640148998615198
1513,9.644759295924864,-0.5607227534548441
1514,9.659145790795389,-0.5574336302728785
1515,9.67349773090354,-0.5541476086608018
1516,9.687814928164833,-0.5508647668841687
1517,9.7020971955636,-0.5475851831270591
1518,9.716344347146524,-0.5443089354902326
1519,9.730556198016203,-0.5410361019892855
1520,9.744732564324805,-0.5377667605528087
1521,9.758873263267803,-0.5345009890205492
1522,9.772978113077771,-0.5312388651415745
1523,9.7870469330182,-0.5279804665724401
1524,9.801079543377465,-0.5247258708753578
1525,9.815075765462794,-0.5214751555163685
1526,9.829035421594329,-0.5182283978635169
1527,9.842958335099244,-0.5149856751850301
1528,9.856844330305924,-0.5117470646474974
1529,9.8706932325382,-0.5085126433140557
1530,9.884504868109678,-0.5052824881425738
1531,9.898279064318091,-0.5020566759838443
1532,9.912015649439743,-0.4988352835797752
1533,9.925714452723986,-0.49561838756158577
1534,9.939375304387791,-0.49240606444800533
1535,9.952998035610348,-0.48919839064347614
1536,9.966582478527718,-0.48599544243635845
1537,9.980128466227603,-0.4827972959971383
1538,9.993635832744092,-0.47960402737664015
1539,10.00710441305251,-0.4764157125042426
1540,10.020534043064341,-0.47323242718609526
1541,10.03392455962216,-0.4700542471033421
1542,10.047275800494651,-0.46688124781034657
1543,10.060587604371667,-0.4637135047329204
1544,10.073859810859352,-0.46055109316655574
1545,10.087092260475316,-0.4573940882746612
1546,10.100284794643857,-0.45424256508680266
1547,10.11343725569123,-0.4510965984969443
1548,10.126549486840995,-0.4479562632616973
1549,10.139621332209382,-0.44482163399856983
1550,10.152652636800719,-0.4416927851842215
1551,10.165643246502965,-0.4385697911527206
1552,10.178593008083146,-0.43545272609380825
1553,10.191501769183022,-0.43234166405116237
1554,10.204369378314677,-0.42923667892066814
1555,10.217195684856215,-0.4261378444486914
1556,10.229980539047451,-0.42304523423035734
1557,10.24272379198573,-0.4199589217078311
1558,10.255425295621722,-0.4168789801686038
1559,10.268084902755282,-0.4138054827437831
1560,10.280702467031375,-0.4107385024063865
1561,10.293277842936023,-0.40767811196963993
1562,10.305810885792319,-0.4046243840852797
1563,10.318301451756453,-0.40157739124185976
1564,10.33074939781382,-0.3985372057630621
1565,10.343154581775144,-0.395503899806012
1566,10.355516862272664,-0.392477545359598
1567,10.367836098756321,-0.3894582142427956
1568,10.380112151490058,-0.3864459781029956
1569,10.392344881548096,-0.3834409084143371
1570,10.404534150811287,-0.38044307647604475
1571,10.416679821963493,-0.3774525534107706
1572,10.42878175848802,-0.3744694101629404
1573,10.440839824664051,-0.3714937174971052
1574,10.45285388556318,-0.36852554599629656
1575,10.464823807045956,-0.3655649660603866
1576,10.476749455758426,-0.36261204790445395
1577,10.488630699128803,-0.35966686155715216
1578,10.500467405364073,-0.3567294768590862
1579,10.512259443446728,-0.3537999634611897
1580,10.524006683131454,-0.35087839082311123
1581,10.535708994941958,-0.34796482821160124
1582,10.547366250167705,-0.3450593446989081
1583,10.558978320860803,-0.3421620091611755
1584,10.570545079832856,-0.3392728902768469
1585,10.58206640065187,-0.3363920565250751
1586,10.5935421576392,-0.3335195761841356
1587,10.604972225866536,-0.33065551732984544
1588,10.616356481152915,-0.3277999478339875
1589,10.627694800061745,-0.32495293536274017
1590,10.6389870598979,-0.3221145473751117
1591,10.650233138704827,-0.3192848511213796
1592,10.661432915261688,-0.3164639136415359
1593,10.672586269080535,-0.3136518017637373
1594,10.68369308040352,-0.31084858210276023
1595,10.694753230200119,-0.30805432105846264
1596,10.705766600164424,-0.30526908481424936
1597,10.716733072712428,-0.3024929393355439
1598,10.727652530979352,-0.2997259503682661
1599,10.738524858817003,-0.2969681834373141
1600,10.749349940791191,-0.29421970384505197
1601,10.760127662179114,-0.29148057666980437
1602,10.770857908966827,-0.28875086676435446
1603,10.781540567846712,-0.2860306387544495
1604,10.792175526214985,-0.2833199570373107
1605,10.802762672169223,-0.2806188857801492
1606,10.813301894505937,-0.2779274889186882
1607,10.823793082718158,-0.27524583015568915
1608,10.834236126993044,-0.27257397295948615
1609,10.844630918209537,-0.26991198056252413
1610,10.854977347936023,-0.26725991595990334
1611,10.865275308428023,-0.2646178419079308
1612,10.875524692625948,-0.261985820922675
1613,10.885725394152809,-0.25936391527852937
1614,10.895877307312002,-0.25675218700678043
1615,10.905980327085118,-0.2541506978941815
1616,10.916034349129749,-0.25155950948153266
1617,10.926039269777366,-0.24897868306226728
1618,10.935994986031158,-0.2464082796810435
1619,10.945901395563954,-0.24384836013234298
1620,10.955758396716135,-0.241298984959075
1621,10.96556588849358,-0.2387602144511863
1622,10.975323770565627,-0.2362321086442791
1623,10.985031943263095,-0.23371472731823106
1624,10.994690307576262,-0.23120812999582707
1625,11.004298765152923,-0.22871237594139252
1626,11.013857218296438,-0.2262275241594357
1627,11.023365569963838,-0.22375363339329438
1628,11.032823723763883,-0.22129076212379128
1629,11.042231583955257,-0.21883896856789228
1630,11.051589055444646,-0.21639831067737514
1631,11.06089604378495,-0.2139688461375011
1632,11.07015245517346,-0.21155063236569532
1633,11.079358196450066,-0.20914372651023191
1634,11.088513175095505,-0.20674818544892645
1635,11.097617299229578,-0.20436406578783595
1636,11.10667047760947,-0.20199142385996222
1637,11.115672619627988,-0.19963031572396586
1638,11.124623635311929,-0.19728079716288308
1639,11.133523435320367,-0.19494292368285177
1640,11.142371930943018,-0.1926167505118431
1641,11.151169034098642,-0.19030233259839868
1642,11.159914657333365,-0.18799972461037764
1643,11.168608713819145,-0.18570898093370664
1644,11.17725111735218,-0.18343015567113866
1645,11.18584178235135,-0.18116330264101868
1646,11.19438062385668,-0.1789084753760549
1647,11.202867557527826,-0.1766657271220979
1648,11.211302499642569,-0.17443511083692614
1649,11.219685367095314,-0.17221667918903866
1650,11.228016077395678,-0.170010484556453
1651,11.236294548666992,-0.16781657902551228
1652,11.244520699644868,-0.16563501438969902
1653,11.252694449675825,-0.1634658421484531
1654,11.260815718715849,-0.1613091135060004
1655,11.268884427329036,-0.1591648793701857
1656,11.276900496686217,-0.15703319035131386
1657,11.28486384856362,-0.15491409676099752
1658,11.292774405341524,-0.15280764861101248
1659,11.30063209000295,-0.15071389561215898
1660,11.30843682613235,-0.14863288717313192
1661,11.316188537914332,-0.1465646723993961
1662,11.323887150132412,-0.14450930009206886
1663,11.331532588167706,-0.14246681874681238
1664,11.339124777997734,-0.14043727655273036
1665,11.346663646195177,-0.1384207213912726
1666,11.354149119926664,-0.1364172008351479
1667,11.361581126951604,-0.13442676214724197
1668,11.368959595620973,-0.13244945227954535
1669,11.376284454876169,-0.13048531787208648
1670,11.38355563424785,-0.12853440525187293
1671,11.390773063854805,-0.12659676043183987
1672,11.397936674402821,-0.1246724291098059
1673,11.405046397183565,-0.1227614566674366
1674,11.41210216407352,-0.12086388816921399
1675,11.41910390753287,-0.11897976836141524
1676,11.426051560604446,-0.11710914167109775
1677,11.43294505691267,-0.11525205220509165
1678,11.439784330662507,-0.11340854374900064
1679,11.44656931663844,-0.11157865976620893
1680,11.453299950203451,-0.10976244339689674
1681,11.459976167298024,-0.10795993745706296
1682,11.466597904439137,-0.10617118443755551
1683,11.473165098719303,-0.10439622650310859
1684,11.479677687805589,-0.10263510549138868
1685,11.486135609938684,-0.10088786291204634
1686,11.492538803931918,-0.09915453994577811
1687,11.498887209170379,-0.09743517744339351
1688,11.505180765609952,-0.09572981592489146
1689,11.511419413776455,-0.0940384955785429
1690,11.51760309476471,-0.09236125625998268
1691,11.523731750237681,-0.09069813749130777
1692,11.529805322425602,-0.08904917846018374
1693,11.5358237541251,-0.08741441801895959
1694,11.54178698869838,-0.08579389468378817
1695,11.547694970072353,-0.08418764663375766
1696,11.553547642737826,-0.08259571171002773
1697,11.559344951748695,-0.08101812741497522
1698,11.565086842721142,-0.07945493091134664
1699,11.570773261832821,-0.07790615902141972
1700,11.576404155822098,-0.07637184822617149
1701,11.58197947198726,-0.07485203466445553
1702,11.58749915818578,-0.07334675413218522
1703,11.592963162833543,-0.07185604208152675
1704,11.598371434904116,-0.07037993362009927
1705,11.603723923928035,-0.06891846351018184
1706,11.609020579992047,-0.0674716661679312
1707,11.614261353738422,-0.06603957566260431
1708,11.619446196364265,-0.06462222571579078
1709,11.624575059620822,-0.06321964970065176
1710,11.62964789581277,-0.06183188064116938
1711,11.634664657797599,-0.06045895121140059
1712,11.639625298984896,-0.05910089373474267
1713,11.64452977333574,-0.05775774018320403
1714,11.64937803536205,-0.05642952217668376
1715,11.65417004012593,-0.05511627098226056
1716,11.65890574323907,-0.05381801751348796
1717,11.663585100862136,-0.05253479232969826
1718,11.668208069704145,-0.051266625635314915
1719,11.672774607021891,-0.0500135472791726
1720,11.677284670619358,-0.04877558675384523
1721,11.681738218847121,-0.04755277319498312
1722,11.686135210601813,-0.04634513538065641
1723,11.690475605325545,-0.0451527017307085
1724,11.694759363005357,-0.043975500306117035
1725,11.698986444172672,-0.04281355880836258
1726,11.703156809902788,-0.04166690457880547
1727,11.707270421814334,-0.04053556459807165
1728,11.711327242068759,-0.03941956548544629
1729,11.715327233369823,-0.03831893349827521
1730,11.719270358963112,-0.03723369453137512
1731,11.72315658263552,-0.036163874116452284
1732,11.726985868714811,-0.035109497421527726
1733,11.730758182069103,-0.03407058925037336
1734,11.734473488106431,-0.03304717404195406
1735,11.738131752774272,-0.03203927586987971
1736,11.741732942559107,-0.031046918441864302
1737,11.745277024485981,-0.03007012509919367
1738,11.748763966118059,-0.029108918816202062
1739,11.75219373555622,-0.028163322199756157
1740,11.75556630143863,-0.02723335748874796
1741,11.75888163294032,-0.026319046553596483
1742,11.762139699772812,-0.02542041089575657
1743,11.765340472183698,-0.024537471647236783
1744,11.768483920956273,-0.023670249570126266
1745,11.771570017409159,-0.022818765056127822
1746,11.7745987333959,-0.02198303812610303
1747,11.777570041304658,-0.02116308842962099
1748,11.780483914057795,-0.020358935244520326
1749,11.783340325111581,-0.019570597476475365
1750,11.7861392484558,-0.01879809365857434
1751,11.78888065861347,-0.018041441950902463
1752,11.791564530640468,-0.017300660140137265
1753,11.79419084012524,-0.01657576563914882
1754,11.796759563188502,-0.01586677548661006
1755,11.79927067648289,-0.015173706346616661
1756,11.801724157192691,-0.014496574508313086
1757,11.80411998303358,-0.01383539588552742
1758,11.806458132252288,-0.01319018601641711
1759,11.808738583626356,-0.012560960063120095
1760,11.810961316463857,-0.01194773281141624
1761,11.813126310603142,-0.011350518670396678
1762,11.815233546412568,-0.010769331672142057
1763,11.817283004790273,-0.01020418547140818
1764,11.819274667163919,-0.009655093345321802
1765,11.821208515490467,-0.0091220681930832
1766,11.823084532255946,-0.00860512253567853
1767,11.824902700475231,-0.008104268515600315
1768,11.826663003691845,-0.007619517896575783
1769,11.828365425977733,-0.007150882063304974
1770,11.830009951933068,-0.006698372021206579
1771,11.831596566686068,-0.006261998396172035
1772,11.833125255892798,-0.005841771434329201
1773,11.834596005736994,-0.005437701001813482
1774,11.8360088029299,-0.005049796584548088
1775,11.837363634710083,-0.00467806728803272
1776,11.838660488843292,-0.004322521837140718
1777,11.839899353622295,-0.003983168575925041
1778,11.841080217866743,-0.0036600154674321294
1779,11.842203070923008,-0.0033530700935258274
1780,11.843267902664074,-0.0030623396547175743
1781,11.84427470348941,-0.002787830970006999
1782,11.845223464324823,-0.0025295504767309735
1783,11.846114176622383,-0.002287504230419853
1784,11.846946832360281,-0.002061697904664138
1785,11.847721424042758,-0.0018521367909879374
1786,11.848437944699986,-0.0016588257987327963
1787,11.849096387888018,-0.001481769454947614
1788,11.849696747688633,-0.001320971904291571
1789,11.850239018709361,-0.0011764369089389533
1790,11.850723196083342,-0.0010481678484994701
1791,11.851149275469291,-0.0009361677199427952
1792,11.851517253051423,-0.0008404391375335537
1793,11.851827125539446,-0.0007609843327732204
1794,11.85207889016849,-0.0006978051543521079
1795,11.852272544699058,-0.0006509030681110435
1796,11.852408087417025,-0.0006202791570079526
1797,11.852485517133607,-0.0006059341210962305
1798,11.85250483318533,-0.0006078682775111569
1799,11.852466035434041,-0.0006260815604632805
1800,11.852369124266895,-0.0006605735212423997
1801,11.852214100596347,-0.000711343328229168
1802,11.852000965860187,-0.0007783897669150074
1803,11.851729722021522,-0.0008617112399317831
1804,11.851400371568829,-0.0009613057670881939
1805,11.85101291751597,-0.0010771709854168268
1806,11.850567363402215,-0.0012093041492284707
1807,11.850063713292313,-0.0013577021301751243
1808,11.84950197177652,-0.0015223614173218488
1809,11.848882143970638,-0.0017032781172283257
1810,11.848204235516114,-0.001900447954035942
1811,11.84746825258007,-0.002113866269567176
1812,11.846674201855409,-0.002343528023430226
1813,11.845822090560864,-0.0025894277931351665
1814,11.844911926441105,-0.0028515597742161227
1815,11.843943717766837,-0.0031299177803636906
1816,11.84291747333487,-0.003424495243565723
1817,11.841833202468255,-0.0037352852142555322
1818,11.840690915016381,-0.004062280361470321
1819,11.839490621355106,-0.004405472973016524
1820,11.838232332386857,-0.004764854955645389
1821,11.836916059540798,-0.005140417835235623
1822,11.835541814772938,-0.005532152756985371
1823,11.834109610566305,-0.00594005048561231
1824,11.832619459931056,-0.006364101405563632
1825,11.831071376404688,-0.006804295521231768
1826,11.829465374052166,-0.007260622457181872
1827,11.827801467466093,-0.007733071458385989
1828,11.826079671766925,-0.00822163139046532
1829,11.824300002603117,-0.008726290739942697
1830,11.822462476151347,-0.009247037614501782
1831,11.820567109116674,-0.009783859743257312
1832,11.818613918732781,-0.010336744477030443
1833,11.816602922762174,-0.010905678788635364
1834,11.814534139496407,-0.011490649273172605
1835,11.812407587756303,-0.012091642148332341
1836,11.810223286892167,-0.012708643254705993
1837,11.807981256784082,-0.013341638056103704
1838,11.805681517842087,-0.013990611639884997
1839,11.803324091006488,-0.01465554871729338
1840,11.800908997748078,-0.01533643362380232
1841,11.798436260068435,-0.016033250319468242
1842,11.795905900500172,-0.016745982389292816
1843,11.793317942107238,-0.017474613043592886
1844,11.790672408485202,-0.018219125118379306
1845,11.787969323761542,-0.018979501075744396
1846,11.78520871259596,-0.019755723004257368
1847,11.782390600180685,-0.02054777261936821
1848,11.779515012240797,-0.021355631263820483
1849,11.776581975034542,-0.02217927990807216
1850,11.773591515353687,-0.02301869915072441
1851,11.770543660523824,-0.023873869218959853
1852,11.767438438404758,-0.02474476996898808
1853,11.764275877390823,-0.02563138088650075
1854,11.761056006411305,-0.02653368108713225
1855,11.757778854930724,-0.02745164931693415
1856,11.7544444529493,-0.028385263952851437
1857,11.75105283100327,-0.02933450300321262
1858,11.74760402016533,-0.030299344108224192
1859,11.744098052045011,-0.03127976454047589
1860,11.740534958789082,-0.03227574120545358
1861,11.736914773081999,-0.03328725064205913
1862,11.733237528146288,-0.03431426902314142
1863,11.729503257743026,-0.03535677215603181
1864,11.725711996172226,-0.036414735483092035
1865,11.721863778273335,-0.03748813408226695
1866,11.71795863942566,-0.03857694266764775
1867,11.713996615548831,-0.03968113559004241
1868,11.70997774310331,-0.0408006868375534
1869,11.70590205909084,-0.041935570036166124
1870,11.701769601054938,-0.04308575845034361
1871,11.697580407081404,-0.04425122498362979
1872,11.693334515798817,-0.045431942179261595
1873,11.689031966379059,-0.04662788222078836
1874,11.684672798537829,-0.04783901693270002
1875,11.680257052535195,-0.049065317781062524
1876,11.67578476917612,-0.0503067558741629
1877,11.671255989811003,-0.05156330196316155
1878,11.66667075633626,-0.052834926442752395
1879,11.662029111194872,-0.05412159935183146
1880,11.657331097376971,-0.05542329037417412
1881,11.652576758420436,-0.056739968839118776
1882,11.64776613841146,-0.05807160372226095
1883,11.642899281985189,-0.05941816364615295
1884,11.6379762343263,-0.060779616881013854
1885,11.632997041169652,-0.06215593134544545
1886,11.627961748800901,-0.06354707460715804
1887,11.622870404057164,-0.06495301388370239
1888,11.61772305432763,-0.0663737160432119
1889,11.61251974755426,-0.0678091476051506
1890,11.60726053223243,-0.06925927474107038
1891,11.601945457411647,-0.07072406327537507
1892,11.596574572696188,-0.07220347868609461
1893,11.591147928245844,-0.07369748610566428
1894,11.585665574776607,-0.07520605032171415
1895,11.580127563561406,-0.07672913577786483
1896,11.574533946430812,-0.0782667065745326
1897,11.568884775773826,-0.07981872646973993
1898,11.563180104538581,-0.08138515887993762
1899,11.55741998623312,-0.08296596688083134
1900,11.551604474926181,-0.0845611132082174
1901,11.545733625247967,-0.08617056025882634
1902,11.539807492390949,-0.08779427009117398
1903,11.533826132110661,-0.0894322044264206
1904,11.527789600726523,-0.09108432464923727
1905,11.52169795512267,-0.09275059180868064
1906,11.515551252748784,-0.09443096661907502
1907,11.509349551620945,-0.0961254094609018
1908,11.503092910322488,-0.09783388038169791
1909,11.496781388004884,-0.09955633909696028
1910,11.490415044388614,-0.10129274499105874
1911,11.483993939764078,-0.10304305711815669
1912,11.4775181349925,-0.10480723420313838
1913,11.470987691506823,-0.10658523464254645
1914,11.46440267131267,-0.10837701650552328
1915,11.457763136989259,-0.11018253753476329
1916,11.451069151690415,-0.112001755147469
1917,11.444320779145464,-0.11383462643631984
1918,11.437518083660262,-0.1156811081704436
1919,11.430661130118173,-0.11754115679639761
1920,11.423749983981084,-0.11941472843915735
1921,11.416784711290402,-0.12130177890311251
1922,11.40976537866812,-0.12320226367306918
1923,11.402692053317827,-0.12511613791526152
1924,11.395564803025788,-0.12704335647836942
1925,11.388383696162,-0.12898387389454374
1926,11.381148801681302,-0.13093764438043895
1927,11.373860189124452,-0.13290462183825336
1928,11.366517928619238,-0.13488475985677684
1929,11.359122090881622,-0.13687801171244487
1930,11.351672747216863,-0.13888433037040082
1931,11.344169969520685,-0.14090366848556524
1932,11.336613830280422,-0.1429359784037123
1933,11.329004402576244,-0.14498121216255283
1934,11.321341760082314,-0.14703932149282606
1935,11.313625977068023,-0.14911025781939688
1936,11.305857128399198,-0.15119397226236186
1937,11.298035289539381,-0.15329041563815995
1938,11.290160536551033,-0.15539953846069435
1939,11.282232946096856,-0.1575212909424565
1940,11.274252595441073,-0.1596556229956606
1941,11.266219562450695,-0.16180248423338497
1942,11.25813392559689,-0.16396182397071832
1943,11.249995763956292,-0.1661335912259151
1944,11.241805157212356,-0.16831773472155712
1945,11.23356218565673,-0.17051420288572167
1946,11.225266930190642,-0.1727229438531573
1947,11.216919472326294,-0.17494390546646632
1948,11.208519894188292,-0.17717703527729334
1949,11.200068278515083,-0.17942228054752163
1950,11.191564708660382,-0.1816795882504771
1951,11.183009268594667,-0.18394890507213676
1952,11.17440204290667,-0.1862301774123454
1953,11.165743116804865,-0.18852335138603993
1954,11.157032576118992,-0.1908283728244784
1955,11.14827050730163,-0.1931451872764766
1956,11.1394569974297,-0.19547374000965306
1957,11.130592134206095,-0.19781397601167766
1958,11.121676005961252,-0.2001658399915289
1959,11.112708701654775,-0.2025292763807574
1960,11.10369031087706,-0.20490422933475624
1961,11.094620923850954,-0.20729064273403705
1962,11.085500631433453,-0.2096884601855127
1963,11.076329525117343,-0.21209762502378846
1964,11.067107697032961,-0.21451808031245656
1965,11.057835239949906,-0.21694976884539968
1966,11.0485122472788,-0.21939263314809954
1967,11.039138813073036,-0.22184661547895357
1968,11.029715032030632,-0.22431165783059442
1969,11.020240999495984,-0.22678770193122036
1970,11.010716811461727,-0.22927468924592959
1971,11.0011425645706,-0.23177256097806012
1972,10.991518356117316,-0.2342812580705377
1973,10.981844284050474,-0.23680072120722906
1974,10.972120446974483,-0.23933089081430126
1975,10.962346944151466,-0.24187170706158886
1976,10.952523875503305,-0.24442310986396423
1977,10.942651341613566,-0.2469850388827168
1978,10.932729443729544,-0.2495574335269375
1979,10.922758283764297,-0.2521402329549086
1980,10.91273796429871,-0.2547333760755003
1981,10.902668588583577,-0.25733680154957367
1982,10.892550260541682,-0.2599504477913898
1983,10.882383084769998,-0.2625742529700223
1984,10.872167166541777,-0.26520815501077993
1985,10.861902611808782,-0.2678520915966318
1986,10.85158952720346,-0.27050600016964044
1987,10.841228020041196,-0.27316981793239953
1988,10.830818198322572,-0.2758434818494776
1989,10.820360170735634,-0.2785269286488691
1990,10.809854046658229,-0.2812200948234487
1991,10.799299936160326,-0.2839229166324332
1992,10.788697950006382,-0.2866353301028491
1993,10.778048199657736,-0.28935727103100456
1994,10.767350797275027,-0.29208867498396884
1995,10.756605855720641,-0.2948294773010552
1996,10.74581348856119,-0.29757961309531167
1997,10.734973810070002,-0.3003390172550158
1998,10.72408693522968,-0.30310762444517525
1999,10.713152979734613,-0.30588536910903524
2000,10.702172059993625,-0.3086721854695886
2001,10.691144293132554,-0.31146800753109455
2002,10.680069796996905,-0.31427276908060087
2003,10.668948690154545,-0.3170864036894716
2004,10.657781091898393,-0.3199088447149212
2005,10.646567122249184,-0.3227400253015523
2006,10.635306901958222,-0.3255798783829006
2007,10.624000552510184,-0.3284283366829839
2008,10.612648196125964,-0.3312853327178562
2009,10.601249955765534,-0.33415079879716847
2010,10.58980595513084,-0.3370246670257323
2011,10.578316318668742,-0.3399068693050906
2012,10.566781171573975,-0.34279733733509293
2013,10.555200639792151,-0.34569600261547484
2014,10.543574850022788,-0.3486027964474441
2015,10.531903929722386,-0.35151764993526957
2016,10.52018800710752,-0.35444049398787825
2017,10.508427211157965,-0.3573712593204541
2018,10.496621671619911,-0.3603098764560426
2019,10.484771519009136,-0.36325627572716207
2020,10.472876884614248,-0.3662103872774175
2021,10.460937900499987,-0.36917214106312013
2022,10.448954699510539,-0.37214146685491173
2023,10.43692741527288,-0.37511829423939397
2024,10.424856182200184,-0.37810255262076153
2025,10.41274113549524,-0.38109417122244116
2026,10.400582411153934,-0.38409307908873414
2027,10.38838014596876,-0.38709920508646406
2028,10.376134477532357,-0.390112477906629
2029,10.363845544241117,-0.3931328260660578
2030,10.351513485298788,-0.39616017790907243
2031,10.33913844072016,-0.39919446160915234
2032,10.326720551334793,-0.4022356051706043
2033,10.31425995879074,-0.4052835364302381
2034,10.30175680555835,-0.40833818305904473
2035,10.28921123493413,-0.4113994725638786
2036,10.27662339104458,-0.41446733228914673
2037,10.263993418850175,-0.4175416894184977
2038,10.251321464149267,-0.4206224709765207
2039,10.23860767358217,-0.4237096038304422
2040,10.225852194635152,-0.4268030146918325
2041,10.213055175644577,-0.42990263011831287
2042,10.200216765801045,-0.43300837651526725
2043,10.18733711515358,-0.43612018013756004
2044,10.174416374613882,-0.43923796709125473
2045,10.161454695960616,-0.4423616633353387
2046,10.14845223184373,-0.445491194683452
2047,10.135409135788878,-0.4486264868056178
2048,10.12232556220181,-0.45176746522997974
2049,10.109201666372899,-0.45491405534454016
2050,10.096037604481635,-0.4580661823989047
2051,10.082833533601248,-0.46122377150602795
2052,10.069589611703302,-0.46438674764396576
2053,10.056305997662422,-0.4675550356576282
2054,10.04298285126101,-0.4707285602605382
2055,10.029620333194034,-0.47390724603659345
2056,10.016218605073893,-0.47709101744183047
2057,10.002777829435292,-0.48027979880619415
2058,9.989298169740206,-0.4834735143353093
2059,9.975779790382887,-0.48667208811225626
2060,9.962222856694934,-0.4898754440993491
2061,9.948627534950388,-0.49308350613991914
2062,9.934993992370938,-0.49629619796009866
2063,9.921322397131137,-0.4995134431706109
2064,9.907612918363688,-0.5027351652685613
2065,9.893865726164805,-0.5059612876392329
2066,9.880080991599613,-0.509191733557884
2067,9.86625888670763,-0.5124264261915501
2068,9.852399584508271,-0.5156652886008478
2069,9.838503259006446,-0.5189082437417828
2070,9.824570085198225,-0.5221552144675594
2071,9.810600239076523,-0.5254061235303942
2072,9.796593897636894,-0.5286608935833326
2073,9.78255123888337,-0.5319194471820671
2074,9.76847244183434,-0.5351817067867599
2075,9.754357686528554,-0.538447594763867
2076,9.740207154031117,-0.5417170333879656
2077,9.72602102643961,-0.5449899448435843
2078,9.711799486890243,-0.5482662512270361
2079,9.697542719564085,-0.551545874548253
2080,9.683250909693383,-0.5548287367326242
2081,9.668924243567913,-0.5581147596228361
2082,9.654562908541402,-0.5614038649807166
2083,9.640167093038077,-0.5646959744890783
2084,9.625736986559197,-0.5679910097535679
2085,9.61127277968974,-0.5712888923045152
2086,9.596774664105098,-0.5745895435987867
2087,9.582242832577881,-0.5778928850216383
2088,9.56767747898479,-0.5811988378885743
2089,9.55307879831353,-0.5845073234472057
2090,9.53844698666988,-0.5878182628791104
2091,9.523782241284733,-0.5911315773016979
2092,9.509084760521278,-0.5944471877700744
2093,9.494354743882255,-0.5977650152789101
2094,9.479592392017278,-0.601084980764308
2095,9.46479790673023,-0.604407005105676
2096,9.44997149098674,-0.6077310091276
2097,9.435113348921734,-0.6110569136017189
2098,9.420223685847098,-0.6143846392486011
2099,9.405302708259404,-0.6177141067396236
2100,9.390350623847686,-0.6210452366988518
2101,9.37536764150133,-0.6243779497049228
2102,9.360353971318082,-0.627712166292927
2103,9.345309824612052,-0.6310478069562955
2104,9.330235413921898,-0.6343847921486853
2105,9.315130953019013,-0.6377230422858682
2106,9.299996656915885,-0.6410624777476204
2107,9.284832741874455,-0.6444030188796136
2108,9.269639425414622,-0.647744585995308
2109,9.254416926322813,-0.6510870993778458
2110,9.239165464660672,-0.6544304792819455
2111,9.223885261773788,-0.6577746459357999
2112,9.208576540300557,-0.6611195195429723
2113,9.193239524181116,-0.664465020284296
2114,9.177874438666395,-0.6678110683197738
2115,9.162481510327225,-0.671157583790478
2116,9.147060967063577,-0.6745044868204535
2117,9.13161303811385,-0.6778516975186203
2118,9.11613795406431,-0.6811991359806768
2119,9.100635946858576,-0.6845467222910053
2120,9.085107249807251,-0.6878943765245761
2121,9.069552097597606,-0.6912420187488547
2122,9.053970726303389,-0.6945895690257088
2123,9.038363373394738,-0.6979369474133154
2124,9.022730277748147,-0.7012840739680699
2125,9.007071679656624,-0.7046308687464942
2126,8.99138782083984,-0.7079772518071471
2127,8.975678944454497,-0.7113231432125329
2128,8.959945295104673,-0.7146684630310137
2129,8.944187118852401,-0.7180131313387188
2130,8.928404663228235,-0.7213570682214566
2131,8.912598177242014,-0.7247001937766264
2132,8.896767911393676,-0.7280424281151295
2133,8.880914117684185,-0.7313836913632825
2134,8.865037049626613,-0.7347239036647286
2135,8.849136962257257,-0.7380629851823501
2136,8.833214112146916,-0.7414008561001825
2137,8.817268757412265,-0.7447374366253244
2138,8.801301157727348,-0.7480726469898525
2139,8.785311574335154,-0.7514064074527333
2140,8.769300270059306,-0.754738638301736
2141,8.753267509315936,-0.7580692598553438
2142,8.737213558125543,-0.7613981924646677
2143,8.721138684125094,-0.7647253565153571
2144,8.705043156580148,-0.7680506724295125
2145,8.688927246397148,-0.7713740606675961
2146,8.672791226135779,-0.7746954417303433
2147,8.656635370021496,-0.7780147361606737
2148,8.640459953958135,-0.7813318645456006
2149,8.624265255540653,-0.7846467475181401
2150,8.608051554067949,-0.7879593057592224
2151,8.591819130555876,-0.7912694599995977
2152,8.575568267750292,-0.7945771310217464
2153,8.559299250140281,-0.7978822396617846
2154,8.543012363971489,-0.8011847068113713
2155,8.526707897259529,-0.8044844534196144
2156,8.51038613980359,-0.8077814004949745
2157,8.494047383200074,-0.8110754691071695
2158,8.477691920856449,-0.8143665803890779
2159,8.461320048005113,-0.8176546555386405
2160,8.444932061717484,-0.8209396158207614
2161,8.428528260918126,-0.8242213825692083
2162,8.41210894639907,-0.8274998771885108
2163,8.395674420834187,-0.830775021155859
2164,8.379224988793737,-0.8340467360229992
2165,8.362760956759,-0.8373149434181296
2166,8.34628263313706,-0.8405795650477936
2167,8.329790328275681,-0.8438405226987732
2168,8.313284354478322,-0.84709773823998
2169,8.296765026019271,-0.8503511336243448
2170,8.280232659158893,-0.8536006308907056
2171,8.263687572159025,-0.8568461521656944
2172,8.247130085298437,-0.8600876196656229
2173,8.230560520888472,-0.8633249556983658
2174,8.213979203288739,-0.8665580826652421
2175,8.197386458923035,-0.869786923062896
2176,8.180782616295255,-0.8730113994851737
2177,8.164168006005518,-0.876231434625002
2178,8.147542960766351,-0.8794469512762615
2179,8.130907815419048,-0.8826578723356593
2180,8.114262906950069,-0.8858641208046012
2181,8.09760857450764,-0.8890656197910582
2182,8.080945159418402,-0.8922622925114345
2183,8.064273005204203,-0.8954540622924324
2184,8.047592457599013,-0.8986408525729137
2185,8.030903864565918,-0.9018225869057602
2186,8.014207576314242,-0.9049991889597322
2187,7.99750394531681,-0.9081705825213241
2188,7.980793326327271,-0.9113366914966162
2189,7.964076076397543,-0.9144974399131275
2190,7.94735255489538,-0.917652751921664
2191,7.930623123522034,-0.9208025517981627
2192,7.913888146330013,-0.9239467639455379
2193,7.897147989740947,-0.9270853128955198
2194,7.880403022563549,-0.930218123310494
2195,7.863653616011689,-0.9333451199853368
2196,7.846900143722532,-0.9364662278492469
2197,7.830142981774801,-0.9395813719675778
2198,7.813382508707124,-0.9426904775436634
2199,7.796619105536443,-0.9457934699206421
2200,7.779853155776546,-0.9488902745832795
2201,7.763085045456663,-0.9519808171597859
2202,7.746315163140152,-0.9550650234236325
2203,7.72954389994324,-0.958142819295364
2204,7.712771649553882,-0.9612141308444069
2205,7.695998808250641,-0.9642788842908762
2206,7.679225774921691,-0.9673370060073797
2207,7.662452951083826,-0.9703884225208154
2208,7.6456807409015894,-0.9734330605141702
2209,7.628909551206431,-0.9764708468283112
2210,7.612139791515905,-0.9795017084637772
2211,7.595371874052942,-0.9825255725825638
2212,7.578606213765188,-0.9855423665099065
2213,7.56184322834431,-0.9885520177360606
2214,7.545083338245439,-0.9915544539180763
2215,7.528326966706557,-0.9945496028815709
2216,7.51157453976797,-0.9975373926224984
2217,7.494826486291779,-1.0005177513089123
2218,7.4780832379813615,-1.0034906072827288
2219,7.461345229400894,-1.006455889061482
2220,7.444612897994873,-1.0094135253400793
2221,7.427886684107605,-1.0123634449925487
2222,7.41116703100274,-1.0153055770737862
2223,7.394454384882733,-1.018239850821297
2224,7.377749194908378,-1.0211661956569322
2225,7.361051913218225,-1.0240845411886224
2226,7.344362994948022,-1.026994817212108
2227,7.327682898250088,-1.0298969537126634
2228,7.311012084312675,-1.032790880866818
2229,7.294351017379233,-1.0356765290440741
2230,7.277700164767657,-1.0385538288086174
2231,7.2610599968894345,-1.0414227109210261
2232,7.244430987268724,-1.044283106339975
2233,7.227813612561353,-1.047134946223933
2234,7.211208352573725,-1.0499781619328594
2235,7.19461569028157,-1.052812685029894
2236,7.178036111848701,-1.0556384472830411
2237,7.161470106645503,-1.0584553806668515
2238,7.144918167267379,-1.0612634173640998
2239,7.128380789553032,-1.0640624897674544
2240,7.111858472602583,-1.0668525304811443
2241,7.0953517187955235,-1.0696334723226224
2242,7.078861033808507,-1.072405248324221
2243,7.062386926632932,-1.0751677917348061
2244,7.0459299095923225,-1.0779210360214224
2245,7.029490498359526,-1.0806649148709377
2246,7.013069211973652,-1.0833993621916782
2247,6.996666572856774,-1.086124312115063
2248,6.980283106830413,-1.0888396989972289
2249,6.963919343131709,-1.091545457420654
2250,6.947575814429342,-1.094241522195774
2251,6.9312530568391555,-1.0969278283625932
2252,6.91495160993945,-1.0996043111922917
2253,6.898672016785981,-1.1022709061888252
2254,6.882414823926601,-1.1049275490905217
2255,6.866180581415533,-1.10757417587167
2256,6.849969842827311,-1.1102107227441056
2257,6.833783165270277,-1.1128371261587897
2258,6.817621109399713,-1.1154533228073822
2259,6.801484239430541,-1.1180592496238095
2260,6.785373123149546,-1.1206548437858281
2261,6.769288331927198,-1.1232400427165798
2262,6.753230440728933,-1.1258147840861434
2263,6.737200028125991,-1.1283790058130792
2264,6.721197676305666,-1.1309326460659692
2265,6.70522397108109,-1.1334756432649509
2266,6.6892795019004225,-1.1360079360832425
2267,6.673364861855428,-1.1385294634486682
2268,6.657480647689523,-1.1410401645451704
2269,6.641627459805127,-1.143539978814322
2270,6.625805902270396,-1.1460288459568282
2271,6.61001658282531,-1.1485067059340257
2272,6.594260112887004,-1.1509734989693727
2273,6.578537107554463,-1.1534291655499338
2274,6.562848185612386,-1.1558736464278616
2275,6.5471939695343515,-1.1583068826218659
2276,6.531575085485171,-1.160728815418683
2277,6.515992163322397,-1.1631393863745336
2278,6.50044583659705,-1.165538537316578
2279,6.48493674255339,-1.1679262103443624
2280,6.469465522127862,-1.1703023478312604
2281,6.454032819947096,-1.1726668924259065
2282,6.438639284324906,-1.175019787053625
2283,6.4232855672583975,-1.17736097491785
2284,6.407972324422991,-1.1796903995015398
2285,6.39270021516643,-1.1820080045685861
2286,6.37746990250172,-1.1843137341652141
2287,6.362282053098974,-1.1866075326213765
2288,6.347137337276089,-1.1888893445521436
2289,6.3320364289883635,-1.1911591148590797
2290,6.316980005816763,-1.1934167887316216
2291,6.30196874895511,-1.195662311648443
2292,6.287003343195939,-1.1978956293788152
2293,6.272084476915075,-1.2001166879839607
2294,6.257212842054903,-1.2023254338183982
2295,6.242389134106274,-1.2045218135312832
2296,6.2276140520890095,-1.2067057740677392
2297,6.212888298531026,-1.2088772626701816
2298,6.198212579445941,-1.2110362268796373
2299,6.183587604309238,-1.2131826145370546
2300,6.169014086032921,-1.215316373784605
2301,6.154492740938519,-1.2174374530669814
2302,6.140024288728595,-1.2195458011326847
2303,6.125609452456565,-1.2216413670353075
2304,6.111248958494902,-1.2237241001348056
2305,6.096943536501575,-1.225793950098766
2306,6.082693919384799,-1.2278508669036665
2307,6.068500843265998,-1.2298948008361248
2308,6.054365047440971,-1.2319257024941452
2309,6.040287274339182,-1.2339435227883548
2310,6.02626826948121,-1.2359482129432309
2311,6.012308781434266,-1.2379397244983232
2312,5.998409561765773,-1.2399180093094677
2313,5.984571364994929,-1.2418830195499924
2314,5.970794948542267,-1.2438347077119152
2315,5.9570810726771874,-1.2457730266071347
2316,5.943430500463362,-1.2476979293686126
2317,5.929843997702021,-1.2496093694515487
2318,5.916322332873091,-1.2515073006345478
2319,5.902866277074138,-1.2533916770207782
2320,5.889476603957066,-1.2552624530391243
2321,5.8761540896626,-1.2571195834453275
2322,5.862899512752432,-1.2589630233231233
2323,5.849713654139059,-1.260792728085367
2324,5.836597297013286,-1.2626086534751544
2325,5.823551226769332,-1.2644107555669304
2326,5.810576230927503,-1.266198990767594
2327,5.797673099054465,-1.2679733158175919
2328,5.784842622681007,-1.269733687792005
2329,5.772085595217331,-1.2714800641016264
2330,5.759402811865815,-1.2732124024940328
2331,5.7467950695312195,-1.2749306610546443
2332,5.73426316672833,-1.2766347982077786
2333,5.721807903487015,-1.2783247727176972
2334,5.7094300812546575,-1.2800005436896393
2335,5.697130502795937,-1.281662070570853
2336,5.684909972089997,-1.283309313151614
2337,5.672769294224902,-1.2849422315662358
2338,5.660709275289448,-1.2865607862940749
2339,5.648730722262247,-1.2881649381605231
2340,5.6368344428981,-1.2897546483379945
2341,5.625021245611656,-1.2913298783469025
2342,5.6132919393583425,-1.2928905900566279
2343,5.601647333512579,-1.2944367456864794
2344,5.590088237743189,-1.2959683078066453
2345,5.578615461886144,-1.2974852393391354
2346,5.567229815814487,-1.298987503558715
2347,5.555932109305591,-1.3004750640938314
2348,5.544723151905636,-1.3019478849275279
2349,5.533603752791349,-1.3034059303983534
2350,5.522574720629039,-1.3048491652012608
2351,5.5116368634309225,-1.3062775543884964
2352,5.500790988408752,-1.3076910633704815
2353,5.490037901824745,-1.3090896579166842
2354,5.479378408839881,-1.310473304156483
2355,5.46881331335955,-1.3118419685800218
2356,5.458343417876591,-1.3131956180390523
2357,5.447969523311714,-1.3145342197477747
2358,5.4376924288514425,-1.315857741283661
2359,5.4275129317834665,-1.3171661505882764
2360,5.4174318273295405,-1.3184594159680856
2361,5.407449908475947,-1.3197375060952554
2362,5.3975679658015405,-1.3210003900084448
2363,5.3877867873034875,-1.322248037113586
2364,5.378107158220647,-1.3234804171846575
2365,5.368529860854737,-1.324697500364449
2366,5.359055674389319,-1.325899257165313
2367,5.349685374706634,-1.3270856584699122
2368,5.340419734202358,-1.3282566755319545
2369,5.33125952159843,-1.3294122799769188
2370,5.322205501753853,-1.330552443802773
2371,5.313258435473711,-1.3316771393806819
2372,5.30441907931641,-1.3327863394557053
2373,5.2956881853991575,-1.3338800171474883
2374,5.287066501201942,-1.3349581459509383
2375,5.278554769369871,-1.3360206997368997
2376,5.270153727514178,-1.3370676527528111
2377,5.261864108011827,-1.3380989796233589
2378,5.253686637803927,-1.3391146553511188
2379,5.245622038192983,-1.340114655317189
2380,5.237671024639134,-1.3410989552818113
2381,5.2298343065554675,-1.3420675313849884
2382,5.222112587102503,-1.343020360147084
2383,5.214506562982033,-1.3439574184694212
2384,5.207016924230327,-1.3448786836348634
2385,5.199644354010951,-1.3457841333083933
2386,5.192389528407181,-1.3466737455376765
2387,5.185253116214296,-1.3475474987536187
2388,5.178235778731694,-1.3484053717709124
2389,5.171338169555192,-1.3492473437885721
2390,5.164560934369409,-1.3500733943904644
2391,5.1579047107405716,-1.3508835035458229
2392,5.15137012790971,-1.3516776516097575
2393,5.144957806586543,-1.3524558193237517
2394,5.138668358744058,-1.3532179878161525
2395,5.132502387414037,-1.3539641386026473
2396,5.12646048648362,-1.3546942535867337
2397,5.120543240493057,-1.3554083150601792
2398,5.114751224434845,-1.3561063057034692
2399,5.109085003554326,-1.3567882085862482
2400,5.1035451331519734,-1.3574540071677481
2401,5.09813215838748,-1.3581036852972093
2402,5.09284661408577,-1.35873722721429
2403,5.087689024545223,-1.359354617549467
2404,5.082659903348067,-1.3599558413244264
2405,5.077759753173278,-1.3605408839524429
2406,5.072989065612004,-1.3611097312387521
2407,5.068348320985792,-1.3616623693809096
2408,5.063837988167622,-1.3621987849691441
2409,5.0594585244060974,-1.362718964986696
2410,5.0552103751527175,-1.3632228968101499
2411,5.051093973892589,-1.3637105682097554
2412,5.04710974197859,-1.3641819673497382
2413,5.043258088469185,-1.364637082788601
2414,5.0395394099700415,-1.3650759034794153
2415,5.03595409047958,-1.3654984187701031
2416,5.032502501238593,-1.365904618403707
2417,5.02918500058409,-1.3662944925186522
2418,5.026001933807485,-1.366668031648998
2419,5.022953633017276,-1.367025226724679
2420,5.020040417006324,-1.3673660690717357
2421,5.017262591123895,-1.367690550412538
2422,5.0146204471525415,-1.3679986628659935
2423,5.012114263189957,-1.3682903989477513
2424,5.009744303535988,-1.368565751570391
2425,5.007510818584742,-1.368824714043607
2426,5.005414044722093,-1.3690672800743755
2427,5.003454204228594,-1.36929344376712
2428,5.00163150518783,-1.3695031996238585
2429,4.999946141400428,-1.3696965425443468
2430,4.998398292303743,-1.3698734678262094
2431,4.996988122897273,-1.3700339711650587
2432,4.995715783673945,-1.3701780486546078
2433,4.994581410557314,-1.3703056967867695
2434,4.99358512484469,-1.3704169124517478
2435,4.992727033156335,-1.3705116929381183
2436,4.992007227390726,-1.3705900359328989
2437,4.9914257846859185,-1.3706519395216097
2438,4.990982767387142,-1.3706974021883234
2439,4.990678223020484,-1.3707264228157061
2440,4.99051218427294,-1.370739000685046
2441,4.990484668978557,-1.370735135476275
2442,4.990595680110961,-1.3707148272679777
2443,4.9908452057820805,-1.3706780765373914
2444,4.991233219247152,-1.370624884160396
2445,4.991759678916013,-1.3705552514114934
2446,4.992424528370618,-1.370469179963777
2447,4.993227696388774,-1.3703666718888916
2448,4.994169096974148,-1.370247729656982
2449,4.995248629392402,-1.370112356136633
2450,4.996466178213457,-1.3699605545947984
2451,4.9978216133599025,-1.3697923286967195
2452,4.999314790161427,-1.3696076825058354
2453,5.000945549415255,-1.3694066204836801
2454,5.002713717452507,-1.3691891474897724
2455,5.004619106210403,-1.3689552687814959
2456,5.006661513310324,-1.3687049900139643
2457,5.008840722141535,-1.3684383172398846
2458,5.011156501950545,-1.3681552569094013
2459,5.013608607936043,-1.3678558158699372
2460,5.016196781349253,-1.3675400013660222
2461,5.018920749599635,-1.3672078210391099
2462,5.021780226365875,-1.3668592829273878
2463,5.024774911711964,-1.3664943954655737
2464,5.027904492208324,-1.3661131674847065
2465,5.031168641057842,-1.3657156082119217
2466,5.03456701822674,-1.3653017272702215
2467,5.038099270579966,-1.3648715346782327
2468,5.04176503202134,-1.3644250408499539
2469,5.045563923637884,-1.3639622565944944
2470,5.049495553848578,-1.3634831931158033
2471,5.05355951855719,-1.3629878620123859
2472,5.057755401309077,-1.362476275277013
2473,5.062082773451868,-1.3619484452964197
2474,5.066541194299862,-1.3614043848509911
2475,5.071130211301945,-1.360844107114445
2476,5.075849360212934,-1.3602676256534965
2477,5.080698165268204,-1.3596749544275175
2478,5.085676139361369,-1.3590661077881867
2479,5.090782784224986,-1.358441100479126
2480,5.09601759061398,-1.3577999476355302
2481,5.101380038491784,-1.3571426647837876
2482,5.1068695972189175,-1.356469267841086
2483,5.112485725743942,-1.3557797731150125
2484,5.118227872796586,-1.355074197303145
2485,5.124095477082864,-1.354352557492629
2486,5.130087967482115,-1.3536148711597484
2487,5.136204763245728,-1.352861156169484
2488,5.142445274197437,-1.3520914307750656
2489,5.148808900935034,-1.35130571361751
2490,5.15529503503334,-1.3505040237251518
2491,5.161903059248291,-1.3496863805131656
2492,5.1686323477219505,-1.3488528037830745
2493,5.175482266188414,-1.348003313722253
2494,5.182452172180319,-1.3471379309034164
2495,5.189541415235906,-1.3462566762841053
2496,5.196749337106468,-1.345359571206154
2497,5.204075271964062,-1.3444466373951554
2498,5.211518546609293,-1.343517896959913
2499,5.219078480679121,-1.3425733723918836
2500,5.226754386854519,-1.34161308656461
2501,5.234545571067812,-1.340637062733146
2502,5.242451332709629,-1.3396453245334692
2503,5.250470964835363,-1.3386378959818859
2504,5.258603754370922,-1.3376148014744271
2505,5.266848982317784,-1.3365760657862322
2506,5.275205923957104,-1.335521714070926
2507,5.2836738490529145,-1.3344517718599844
2508,5.292252022054173,-1.3333662650620917
2509,5.300939702295634,-1.3322652199624874
2510,5.30973614419742,-1.3311486632223053
2511,5.3186405974632365,-1.3300166218779
2512,5.327652307277027,-1.328869123340168
2513,5.336770514498142,-1.3277061953938558
2514,5.345994455854771,-1.3265278661968611
2515,5.355323364135673,-1.325334164279524
2516,5.3647564683800795,-1.3241251185439062
2517,5.3742929940657005,-1.3229007582630667
2518,5.383932163294724,-1.3216611130803224
2519,5.393673194977835,-1.3204062130085028
2520,5.403515305016089,-1.3191360884291934
2521,5.413457706480639,-1.3178507700919722
2522,5.42349960979022,-1.3165502891136345
2523,5.433640222886379,-1.3152346769774108
2524,5.443878751406351,-1.3139039655321736
2525,5.454214398853563,-1.3125581869916358
2526,5.464646366765732,-1.311197373933541
2527,5.475173854880469,-1.3098215592988425
2528,5.485796061298395,-1.3084307763908758
2529,5.496512182643725,-1.3070250588745194
2530,5.507321414222251,-1.3056044407753489
2531,5.518222950176748,-1.3041689564787808
2532,5.529215983639755,-1.3027186407292084
2533,5.540299706883693,-1.3012535286291262
2534,5.551473311468316,-1.2997736556382486
2535,5.562735988385461,-1.2982790575726177
2536,5.574086928201106,-1.2967697706037038
2537,5.5855253211947185,-1.2952458312574942
2538,5.597050357495858,-1.2937072764135764
2539,5.608661227218042,-1.2921541433042112
2540,5.620357120589897,-1.2905864695133957
2541,5.632137228083532,-1.2890042929759205
2542,5.644000740540194,-1.2874076519764146
2543,5.655946849293176,-1.2857965851483855
2544,5.6679747462879675,-1.2841711314732474
2545,5.680083624199714,-1.2825313302793417
2546,5.692272676547898,-1.2808772212409505
2547,5.704541097808357,-1.2792088443772993
2548,5.716888083522538,-1.2775262400515524
2549,5.7293128304041465,-1.2758294489697986
2550,5.741814536443007,-1.2741185121800311
2551,5.7543924010063785,-1.2723934710711153
2552,5.767045624937541,-1.2706543673717514
2553,5.779773410651798,-1.2689012431494255
2554,5.792574962229874,-1.267134140809356
2555,5.805449485508735,-1.265353103093428
2556,5.8183961881698405,-1.2635581730791219
2557,5.831414279824853,-1.2617493941784328
2558,5.844502972098874,-1.2599268101367813
2559,5.857661478711191,-1.2580904650319176
2560,5.870889015553521,-1.256240403272814
2561,5.884184800765908,-1.254376669598555
2562,5.897548054810181,-1.2524993090772116
2563,5.910978000541033,-1.2506083671047166
2564,5.9244738632747875,-1.2487038894037221
2565,5.938034870855881,-1.2467859220224573
2566,5.951660253721007,-1.2448545113335738
2567,5.9653492449611125,-1.2429097040329835
2568,5.979101080381108,-1.2409515471386894
2569,5.992914998557451,-1.2389800879896085
2570,6.006790240893567,-1.236995374244386
2571,6.020726051673192,-1.2349974538802024
2572,6.034721678111624,-1.2329863751915726
2573,6.04877637040493,-1.2309621867891372
2574,6.062889381777207,-1.2289249375984461
2575,6.077059968525798,-1.2268746768587337
2576,6.091287390064661,-1.2248114541216888
2577,6.105570908965771,-1.222735319250213
2578,6.1199097909987366,-1.220646322417176
2579,6.134303305168521,-1.218544514104159
2580,6.148750723751452,-1.216429945100194
2581,6.163251322329393,-1.214302666500494
2582,6.177804379822307,-1.212162729705175
2583,6.192409178519037,-1.2100101864179735
2584,6.2070650041065125,-1.2078450886449532
2585,6.22177114569731,-1.2056674886932057
2586,6.236526895855649,-1.2034774391695466
2587,6.251331550621874,-1.2012749929791977
2588,6.266184409535388,-1.1990602033244697
2589,6.281084775656144,-1.1968331237034324
2590,6.2960319555847,-1.19459380790858
2591,6.311025259480872,-1.192342310025488
2592,6.326064001080989,-1.1900786844314644
2593,6.341147497713866,-1.1878029857941939
2594,6.356275070315419,-1.185515269070372
2595,6.371446043442079,-1.1832155895043377
2596,6.386659745282872,-1.180904002626694
2597,6.401915507670399,-1.1785805642529235
2598,6.417212666090574,-1.1762453304819982
2599,6.432550559691234,-1.1738983576949817
2600,6.447928531289642,-1.1715397025536236
2601,6.463345927378899,-1.1691694219989495
2602,6.4788020981333485,-1.1667875732498403
2603,6.494296397412873,-1.1643942138016101
2604,6.509828182766285,-1.1619894014245733
2605,6.5253968154336945,-1.1595731941626075
2606,6.541001660347982,-1.1571456503317075
2607,6.556642086135316,-1.154706828518536
2608,6.572317465114825,-1.1522567875789658
2609,6.588027173297408,-1.1497955866366145
2610,6.6037705903837205,-1.147323285081376
2611,6.619547099761332,-1.1448399425679432
2612,6.635356088501143,-1.1423456190143244
2613,6.651196947353018,-1.1398403746003558
2614,6.6670690707407125,-1.1373242697662047
2615,6.682971856756084,-1.1347973652108696
2616,6.698904707152643,-1.1322597218906694
2617,6.7148670273384194,-1.1297114010177338
2618,6.730858226368197,-1.1271524640584811
2619,6.746877716935189,-1.1245829727320922
2620,6.762924915362033,-1.12200298900898
2621,6.778999241591301,-1.1194125751092514
2622,6.7951001191754035,-1.1168117935011637
2623,6.811226975266015,-1.1142007068995747
2624,6.8273792406029346,-1.1115793782643897
2625,6.843556349502529,-1.1089478707989968
2626,6.859757739845627,-1.1063062479487045
2627,6.875982853065035,-1.103654573399166
2628,6.892231134132592,-1.1009929110748042
2629,6.908502031545794,-1.0983213251372257
2630,6.924794997314047,-1.0956398799836335
2631,6.941109486944518,-1.0929486402452322
2632,6.957444959427663,-1.0902476707856272
2633,6.973800877222358,-1.087537036699221
2634,6.990176706240726,-1.0848168033096008
2635,7.006571915832663,-1.0820870361679236
2636,7.022985978770009,-1.0793478010512947
2637,7.03941837123052,-1.0765991639611414
2638,7.05586857278146,-1.0738411911215802
2639,7.072336066363037,-1.071073948977782
2640,7.088820338271534,-1.0682975041943281
2641,7.105320878142221,-1.0655119236535655
2642,7.121837178932069,-1.0627172744539513
2643,7.1383687369022235,-1.0599136239084008
2644,7.154915051600307,-1.0571010395426212
2645,7.171475625842561,-1.0542795890934473
2646,7.188049965695752,-1.0514493405071694
2647,7.204637580458978,-1.048610361937857
2648,7.221237982645319,-1.0457627217456775
2649,7.237850687963321,-1.0429064884952102
2650,7.254475215298375,-1.0400417309537573
2651,7.271111086693948,-1.037168518089648
2652,7.287757827332784,-1.0342869190705375
2653,7.304414965517901,-1.031397003261706
2654,7.321082032653564,-1.028498840224348
2655,7.3377585632261715,-1.02559249971386
2656,7.354444094785045,-1.0226780516781233
2657,7.371138167923183,-1.019755566255782
2658,7.387840326257931,-1.0168251137745177
2659,7.404550116411627,-1.0138867647493188
2660,7.421267087992175,-1.0109405898807464
2661,7.43799079357363,-1.0079866600531964
2662,7.454720788676716,-1.0050250463331554
2663,7.471456631749325,-1.0020558199674563
2664,7.488197884147059,-0.9990790523815256
2665,7.504944110113667,-0.9960948151776305
2666,7.521694876761569,-0.9931031801331188
2667,7.538449754052354,-0.9901042191986577
2668,7.555208314777241,-0.9870980044964679
2669,7.571970134537653,-0.984084608318553
2670,7.588734791725719,-0.9810641031249255
2671,7.605501867504866,-0.9780365615418312
2672,7.622270945790399,-0.9750020563599661
2673,7.639041613230145,-0.9719606605326935
2674,7.655813459185129,-0.9689124471742547
2675,7.672586075710299,-0.9658574895579787
2676,7.689359057535263,-0.9627958611144861
2677,7.706132002045151,-0.9597276354298918
2678,7.722904509261454,-0.9566528862440027
2679,7.739676181822996,-0.9535716874485123
2680,7.756446624966923,-0.9504841130851928
2681,7.773215446509762,-0.947390237344084
2682,7.789982256828569,-0.9442901345616787
2683,7.8067466688421465,-0.941183879219104
2684,7.823508297992355,-0.9380715459403007
2685,7.840266762225425,-0.9349532094902013
2686,7.857021681973491,-0.9318289447729001
2687,7.8737726801360575,-0.9286988268298267
2688,7.89051938206167,-0.925562930837911
2689,7.907261415529626,-0.9224213321077488
2690,7.92399841073175,-0.9192741060817647
2691,7.9407300002543675,-0.9161213283323683
2692,7.957455819060231,-0.9129630745601136
2693,7.974175504470659,-0.9097994205918516
2694,7.990888696147739,-0.9066304423788802
2695,8.00759503607661,-0.9034562159950956
2696,8.024294168547868,-0.9002768176351363
2697,8.040985740140108,-0.8970923236125277
2698,8.057669399702487,-0.8939028103578228
2699,8.074344798337506,-0.8907083544167425
2700,8.091011589383807,-0.8875090324483103
2701,8.107669428399126,-0.8843049212229893
2702,8.124317973143377,-0.8810960976208113
2703,8.140956883561778,-0.8778826386295102
2704,8.157585821768166,-0.8746646213426469
2705,8.174204452028393,-0.8714421229577379
2706,8.19081244074383,-0.868215220774377
2707,8.207409456435009,-0.864983992192358
2708,8.223995169725361,-0.8617485147097961
2709,8.240569253325077,-0.8585088659212433
2710,8.257131382015112,-0.8552651235158081
2711,8.273681232631278,-0.852017365275266
2712,8.290218484048463,-0.8487656690721759
2713,8.306742817164956,-0.8455101128679895
2714,8.323253914886944,-0.8422507747111613
2715,8.33975146211307,-0.838987732735257
2716,8.35623514571914,-0.8357210651570577
2717,8.372704654542956,-0.8324508502746678
2718,8.389159679369236,-0.8291771664656168
2719,8.405599912914703,-0.8259000921849616
2720,8.422025049813278,-0.8226197059633871
2721,8.438434786601341,-0.8193360864053065
2722,8.454828821703213,-0.8160493121869588
2723,8.471206855416673,-0.8127594620545052
2724,8.48756858989864,-0.8094666148221269
2725,8.50391372915098,-0.8061708493701172
2726,8.52024197900639,-0.8028722446429775
2727,8.536553047114442,-0.7995708796475086
2728,8.552846642927745,-0.7962668334509035
2729,8.569122477688202,-0.7929601851788372
2730,8.585380264413413,-0.7896510140135572
2731,8.601619717883198,-0.786339399191972
2732,8.617840554626214,-0.7830254200037406
2733,8.634042492906723,-0.7797091557893584
2734,8.650225252711413,-0.7763906859382467
2735,8.666388555736454,-0.7730700898868361
2736,8.682532125374548,-0.7697474471166547
2737,8.698655686702198,-0.7664228371524112
2738,8.71475896646699,-0.7630963395600815
2739,8.730841693075103,-0.7597680339449918
2740,8.746903596578848,-0.7564379999499028
2741,8.762944408664355,-0.7531063172530933
2742,8.778963862639394,-0.7497730655664433
2743,8.794961693421271,-0.746438324633517
2744,8.81093763752486,-0.7431021742276456
2745,8.82689143305074,-0.7397646941500103
2746,8.842822819673462,-0.7364259642277243
2747,8.858731538629899,-0.733086064311915
2748,8.874617332707725,-0.7297450742758074
2749,8.890479946234006,-0.7264030740128061
2750,8.906319125063908,-0.723060143434577
2751,8.922134616569478,-0.7197163624691312
2752,8.937926169628573,-0.7163718110589068
2753,8.953693534613869,-0.7130265691588533
2754,8.969436463382008,-0.7096807167345134
2755,8.985154709262815,-0.7063343337601076
2756,9.000848027048658,-0.7029875002166173
2757,9.016516172983874,-0.6996402960898701
2758,9.032158904754333,-0.6962928013686244
2759,9.047775981477079,-0.6929450960426539
2760,9.0633671636901,-0.6895972601008346
2761,9.078932213342176,-0.6862493735292302
2762,9.094470893782846,-0.6829015163091801
2763,9.109982969752474,-0.6795537684153858
2764,9.125468207372382,-0.6762062098140015
2765,9.14092637413514,-0.6728589204607209
2766,9.156357238894904,-0.6695119802988693
2767,9.171760571857877,-0.6661654692574929
2768,9.187136144572863,-0.662819467249452
2769,9.202483729921934,-0.6594740541695121
2770,9.217803102111123,-0.6561293098924398
2771,9.233094036661306,-0.6527853142710955
2772,9.248356310399128,-0.6494421471345307
2773,9.263589701448009,-0.6460998882860843
2774,9.27879398921927,-0.6427586175014812
2775,9.293968954403361,-0.6394184145269314
2776,9.309114378961123,-0.6360793590772308
2777,9.324230046115211,-0.6327415308338632
2778,9.339315740341554,-0.6294050094431034
2779,9.354371247360918,-0.6260698745141231
2780,9.369396354130581,-0.6227362056170952
2781,9.384390848836057,-0.6194040822813028
2782,9.399354520882929,-0.6160735839932483
2783,9.414287160888772,-0.6127447901947636
2784,9.42918856067512,-0.6094177802811233
2785,9.444058513259593,-0.6060926335991579
2786,9.45889681284802,-0.6027694294453706
2787,9.4737032548267,-0.599448247064054
2788,9.488477635754755,-0.59612916564541
2789,9.503219753356499,-0.5928122643236705
2790,9.517929406513964,-0.5894976221752207
2791,9.532606395259444,-0.5861853182167243
2792,9.54725052076814,-0.5828754314032509
2793,9.561861585350925,-0.5795680406264033
2794,9.576439392447108,-0.5762632247124501
2795,9.590983746617322,-0.5729610624204586
2796,9.605494453536494,-0.5696616324404297
2797,9.619971319986858,-0.5663650133914354
2798,9.634414153851068,-0.5630712838197596
2799,9.648822764105388,-0.5597805221970379
2800,9.663196960812911,-0.5564928069184041
2801,9.67753655511693,-0.5532082163006354
2802,9.691841359234289,-0.549926828580303
2803,9.706111186448878,-0.546648721911921
2804,9.720345851105145,-0.5433739743661041
2805,9.734545168601745,-0.5401026639277199
2806,9.748708955385165,-0.5368348684940515
2807,9.76283702894349,-0.5335706658729578
2808,9.776929207800224,-0.5303101337810371
2809,9.790985311508143,-0.5270533498417957
2810,9.805005160643256,-0.5238003915838169
2811,9.818988576798818,-0.5205513364389328
2812,9.832935382579384,-0.5173062617404014
2813,9.846845401594962,-0.5140652447210835
2814,9.860718458455212,-0.5108283625116242
2815,9.874554378763701,-0.5075956921386374
2816,9.888352989112247,-0.5043673105228923
2817,9.902114117075307,-0.5011432944775029
2818,9.915837591204399,-0.49792372070612345
2819,9.929523241022638,-0.49470866580114237
2820,9.943170897019302,-0.49149820624188234
2821,9.956780390644443,-0.4882924183928037
2822,9.970351554303615,-0.48509137850170864
2823,9.983884221352561,-0.4818951626979526
2824,9.997378226092069,-0.47870384699065405
2825,10.010833403762808,-0.47551750726691216
2826,10.02424959054023,-0.4723362192900252
2827,10.037626623529576,-0.4691600586977129
2828,10.050964340760874,-0.46598910100034263
2829,10.064262581184034,-0.4628234215791592
2830,10.077521184663965,-0.45966309568451763
2831,10.090739991975795,-0.4565081984341194
2832,10.103918844800079,-0.4533588048112537
2833,10.117057585718113,-0.45021498966304024
2834,10.130156058207286,-0.44707682769867696
2835,10.14321410663643,-0.443944393487693
2836,10.15623157626133,-0.4408177614582013
2837,10.169208313220171,-0.4376970058951596
2838,10.182144164529115,-0.4345822009386318
2839,10.19503897807789,-0.43147342058205557
2840,10.20789260262541,-0.42837073867051223
2841,10.220704887795508,-0.4252742288990019
2842,10.233475684072646,-0.4221839648107215
2843,10.246204842797702,-0.419100019795348
2844,10.258892216163828,-0.4160224670873242
2845,10.271537657212301,-0.4129513797641504
2846,10.284141019828459,-0.40988683074467874
2847,10.296702158737679,-0.4068288927874124
2848,10.30922092950139,-0.40377763848880865
2849,10.321697188513097,-0.40073314028158796
2850,10.334130792994538,-0.3976954704330437
2851,10.346521600991798,-0.3946647010433595
2852,10.358869471371504,-0.3916409040439299
2853,10.371174263817041,-0.3886241511956853
2854,10.38343583882485,-0.3856145140874209
2855,10.39565405770073,-0.3826120641341314
2856,10.407828782556189,-0.3796168725753482
2857,10.419959876304832,-0.37662901047348424
2858,10.432047202658813,-0.3736485487121797
2859,10.4440906261253,-0.3706755579946554
2860,10.456090012002992,-0.3677101088420689
2861,10.468045226378676,-0.3647522715918762
2862,10.4799561361238,-0.36180211639619825
2863,10.491822608891127,-0.35885971322019183
2864,10.503644513111388,-0.35592513184042485
2865,10.51542171798999,-0.3529984418432573
2866,10.527154093503754,-0.35007971262322707
2867,10.538841510397683,-0.34716901338144
2868,10.550483840181789,-0.3442664131239652
2869,10.562080955127941,-0.34137198066023494
2870,10.573632728266745,-0.3384857846014504
2871,10.585139033384452,-0.335607893358992
2872,10.596599745019923,-0.3327383751428344
2873,10.608014738461632,-0.32987729795996656
2874,10.619383889744647,-0.3270247296128185
2875,10.630707075647708,-0.32418073769769096
2876,10.641984173690323,-0.32134538960319176
2877,10.653215062129876,-0.31851875250867645
2878,10.664399619958777,-0.3157008933826954
2879,10.675537726901634,-0.3128918789814458
2880,10.686629263412506,-0.3100917758472272
2881,10.697674110672118,-0.30730065030690495
2882,10.708672150585144,-0.30451856847037806
2883,10.719623265777525,-0.30174559622905206
2884,10.730527339593802,-0.2989817992543173
2885,10.741384256094488,-0.29622724299603354
2886,10.752193900053458,-0.29348199268101943
2887,10.762956156955376,-0.29074611331154826
2888,10.77367091299316,-0.28801966966384746
2889,10.784338055065476,-0.2853027262866058
2890,10.794957470774225,-0.28259534749948517
2891,10.805529048422107,-0.27989759739163844
2892,10.816052677010184,-0.2772095398202323
2893,10.826528246235467,-0.2745312384089768
2894,10.836955646488548,-0.2718627565466604
2895,10.847334768851258,-0.26920415738568987
2896,10.857665505094342,-0.2665555038406367
2897,10.867947747675139,-0.26391685858679065
2898,10.878181389735355,-0.26128828405871607
2899,10.888366325098776,-0.2586698424488177
2900,10.898502448269085,-0.256061595705909
2901,10.90858965442762,-0.25346360553379016
2902,10.918627839431267,-0.2508759333898279
2903,10.928616899810274,-0.24829864048354458
2904,10.938556732766138,-0.24573178777521212
2905,10.94844723616952,-0.24317543597445201
2906,10.958288308558153,-0.24062964553884167
2907,10.96807984913482,-0.23809447667252634
2908,10.977821757765314,-0.23556998932483794
2909,10.987513934976436,-0.23305624318891968
2910,10.997156281954009,-0.23055329770035715
2911,11.006748700540955,-0.22806121203581464
2912,11.01629109323531,-0.22558004511168
2913,11.025783363188358,-0.22310985558271296
2914,11.035225414202719,-0.22065070184070168
2915,11.04461715073048,-0.21820264201312553
2916,11.05395847787136,-0.2157657339618231
2917,11.06324930137088,-0.21334003528166787
2918,11.07248952761855,-0.2109256032992498
2919,11.081679063646096,-0.2085224950715632
2920,11.090817817125691,-0.2061307673847014
2921,11.099905696368223,-0.20375047675255747
2922,11.108942610321561,-0.2013816794155322
2923,11.117928468568847,-0.19902443133924827
2924,11.126863181326835,-0.19667878821327056
2925,11.13574665944421,-0.1943448054498338
2926,11.144578814399956,-0.19202253818257614
2927,11.153359558301714,-0.1897120412652806
2928,11.162088803884199,-0.18741336927062108
2929,11.17076646450758,-0.18512657648891834
2930,11.179392454155957,-0.18285171692689833
2931,11.187966687435768,-0.18058884430646183
2932,11.196489079574285,-0.17833801206345712
2933,11.20495954641808,-0.17609927334646244
2934,11.213378004431553,-0.17387268101557243
2935,11.221744370695415,-0.17165828764119478
2936,11.230058562905269,-0.16945614550285
2937,11.23832049937014,-0.1672663065879811
2938,11.246530099011062,-0.1650888225907685
2939,11.254687281359642,-0.1629237449109534
2940,11.262791966556689,-0.16077112465266605
2941,11.270844075350848,-0.15863101262326226
2942,11.278843529097216,-0.15650345933216733
2943,11.286790249755999,-0.15438851498972614
2944,11.294684159891188,-0.15228622950606116
2945,11.30252518266926,-0.1501966524899359
2946,11.310313241857854,-0.14811983324762787
2947,11.318048261824517,-0.14605582078180604
2948,11.325730167535424,-0.144004663790418
2949,11.33335888455413,-0.14196641066558202
2950,11.340934339040325,-0.13994110949248836
2951,11.348456457748634,-0.13792880804830554
2952,11.355925168027383,-0.13592955380109661
2953,11.363340397817446,-0.1339433939087393
2954,11.370702075651021,-0.1319703752178569
2955,11.378010130650505,-0.13001054426275374
2956,11.385264492527348,-0.12806394726435916
2957,11.392465091580869,-0.12613063012917952
2958,11.399611858697204,-0.12421063844825526
2959,11.406704725348165,-0.12230401749612758
2960,11.413743623590124,-0.12041081222981274
2961,11.420728486062973,-0.11853106728778089
2962,11.427659245989048,-0.11666482698894522
2963,11.434535837172078,-0.11481213533165682
2964,11.441358193996122,-0.11297303599270912
2965,11.44812625142458,-0.11114757232634656
2966,11.454839944999138,-0.10933578736328445
2967,11.461499210838822,-0.10753772380973235
2968,11.468103985638948,-0.10575342404642951
2969,11.47465420667018,-0.10398293012768388
2970,11.481149811777588,-0.10222628378042055
2971,11.487590739379645,-0.10048352640323817
2972,11.493976928467319,-0.09875469906547203
2973,11.50030831860316,-0.09703984250626463
2974,11.506584849920355,-0.09533899713364509
2975,11.512806463121835,-0.0936522030236154
2976,11.518973099479402,-0.09197949991924384
2977,11.525084700832826,-0.09032092722976723
2978,11.531141209588972,-0.088676524029701
2979,11.53714256872099,-0.08704632905795459
2980,11.543088721767408,-0.08543038071695815
2981,11.548979612831344,-0.08382871707179426
2982,11.554815186579658,-0.08224137584933867
2983,11.560595388242156,-0.08066839443740842
2984,11.56632016361077,-0.07910980988391855
2985,11.571989459038791,-0.07756565889604504
2986,11.577603221440075,-0.07603597783939683
2987,11.583161398288262,-0.07452080273719631
2988,11.588663937616065,-0.07302016926946507
2989,11.594110788014456,-0.07153411277222124
2990,11.599501898631976,-0.07006266823668143
2991,11.604837219173994,-0.06860587030847193
2992,11.610116699901996,-0.0671637532868484
2993,11.615340291632862,-0.06573635112392259
2994,11.620507945738176,-0.06432369742389768
2995,11.625619614143547,-0.06292582544231089
2996,11.630675249327933,-0.061542768085284034
2997,11.635674804322948,-0.06017455790878411
2998,11.640618232712233,-0.05882122711788843
2999,11.645505488630796,-0.0574828075660607
