turn,time_sigma_ns,Q1
0,10.524928683761843,-0.0034817499412896223
1,10.524934808971175,-0.0034812192083279432
2,10.5249413109482,-0.003480653140467514
3,10.524948189643728,-0.0034800517425205213
4,10.524955445006016,-0.003479415019532489
5,10.524963076980773,-0.0034787429767822397
6,10.524971085511185,-0.003478035619781152
7,10.5249794705379,-0.0034772929542732085
8,10.524988231999025,-0.0034765149862352332
9,10.524997369830134,-0.003475701721876781
10,10.525006883964272,-0.003474853167639566
11,10.525016774331952,-0.0034739692929158963
12,10.525027025756275,-0.003473051499250935
13,10.525037623057898,-0.00347210119025592
14,10.525048551055093,-0.003471119771600545
15,10.52505979456388,-0.0034701086510036433
16,10.525071338398122,-0.0034690692382241465
17,10.525083167369601,-0.0034680029450534834
18,10.525095266288155,-0.003466911185305141
19,10.525107619961767,-0.0034657953748059613
20,10.525120213196663,-0.0034646569313879646
21,10.525133030797408,-0.003463497274878766
22,10.52514605756702,-0.0034623178270921273
23,10.525159278307084,-0.003461120011818724
24,10.525172677817812,-0.0034599052548184395
25,10.52518624089819,-0.003458674983808784
26,10.525199952346064,-0.0034574306284569857
27,10.525213796958237,-0.0034561736203705864
28,10.525227759530575,-0.003454905393087489
29,10.525241824858117,-0.0034536273820666196
30,10.525255977735167,-0.00345234102467895
31,10.5252702029554,-0.003451047760197281
32,10.525284485311985,-0.0034497490297863485
33,10.525298809597652,-0.003448446276494225
34,10.525313160604822,-0.0034471409452418718
35,10.525327523125696,-0.003445834482813384
36,10.525341881952372,-0.0034445283378463486
37,10.525356221876942,-0.0034432239608215612
38,10.525370527691589,-0.0034419228040539593
39,10.525384784188695,-0.003440626321681911
40,10.525398976160963,-0.0034393359696569085
41,10.525413088401491,-0.0034380532057342785
42,10.52542710570388,-0.0034367794894636034
43,10.52544101286236,-0.0034355162821764693
44,10.5254547946719,-0.0034342650469774676
45,10.525468435928262,-0.0034330272487345893
46,10.525481921428145,-0.003431804354068491
47,10.525495235969293,-0.0034305978313407814
48,10.525508364350577,-0.0034294091506456193
49,10.52552129137212,-0.003428239783797635
50,10.52553400183538,-0.0034270912043225733
51,10.52554648054328,-0.0034259648874457207
52,10.525558712300287,-0.0034248623100823147
53,10.52557068191254,-0.0034237849508257584
54,10.525582374187943,-0.003422734289937771
55,10.52559377393626,-0.0034217118093373385
56,10.525604865969237,-0.0034207189925901486
57,10.525615635100708,-0.0034197573248966775
58,10.525626066146692,-0.003418828293082304
59,10.525636143925494,-0.003417933385586346
60,10.525645853257815,-0.0034170740924506986
61,10.525655178966861,-0.0034162519053087146
62,10.525664105878446,-0.0034154683173740607
63,10.52567261882111,-0.003414724823429254
64,10.525680702626191,-0.003414022919815855
65,10.525688342127967,-0.0034133641044212766
66,10.52569552216373,-0.003412749876669227
67,10.525702227573927,-0.0034121817375066493
68,10.525708443202229,-0.0034116611893938668
69,10.525714153895677,-0.0034111897362916863
70,10.525719344504742,-0.0034107688836511785
71,10.525723999883475,-0.003410400138401019
72,10.525728104889579,-0.0034100850089367613
73,10.525731644384543,-0.0034098250051084003
74,10.525734603233715,-0.0034096216382094482
75,10.52573696630645,-0.003409476420964262
76,10.525738718476177,-0.003409390867517166
77,10.525739844620526,-0.0034093664934199703
78,10.525740329621437,-0.003409404815620116
79,10.52574015836526,-0.003409507352448775
80,10.525739315742856,-0.0034096756236089115
81,10.525737786649712,-0.003409911150163374
82,10.525735555986046,-0.0034102154545224885
83,10.525732608656911,-0.003410590060431825
84,10.525728929572315,-0.003411036492960149
85,10.525724503647305,-0.0034115562784872194
86,10.525719315802082,-0.0034121509446918266
87,10.525713350962123,-0.003412822020538569
88,10.525706594058274,-0.003413571036265713
89,10.525699030026857,-0.0034143995233734885
90,10.525690643809787,-0.0034153090146105086
91,10.52568142035466,-0.0034163010439620793
92,10.525671344614874,-0.0034173771466374076
93,10.525660401549743,-0.003418538859056425
94,10.525648576124595,-0.0034197877188372728
95,10.525635853310874,-0.003421125264784195
96,10.525622218086257,-0.003422553036873964
97,10.525607655434763,-0.0034240725762433853
98,10.525592150346847,-0.0034256854251763598
99,10.525575687819522,-0.0034273931270907844
100,10.52555825285645,-0.003429197226526528
101,10.525539830468073,-0.003431099269130533
102,10.525520405671712,-0.0034331008016449667
103,10.525499963491654,-0.0034352033718940108
104,10.5254784889593,-0.003437408528770382
105,10.525455967113219,-0.003439717822222673
106,10.525432382999316,-0.0034421328032410215
107,10.525407721670886,-0.003444655023845066
108,10.525381968188762,-0.003447286037069362
109,10.525355107621403,-0.003450027396950645
110,10.525327125045008,-0.0034528806585139363
111,10.525298005543629,-0.003455847377759122
112,10.525267734209253,-0.0034589291116484673
113,10.525236296141943,-0.003462127418091135
114,10.525203676449928,-0.003465443855930778
115,10.525169860249727,-0.0034688799849312206
116,10.525134832666232,-0.0034724373657632752
117,10.525098578832845,-0.003476117559990018
118,10.525061083891558,-0.003479922130054044
119,10.525022332993093,-0.0034838526392624845
120,10.524982311296968,-0.0034879106517742477
121,10.52494100397165,-0.0034920977325849974
122,10.52489839619464,-0.0034964154475129986
123,10.524854473152583,-0.0035008653631861293
124,10.524809220041389,-0.0035054490470262435
125,10.524762622066307,-0.003510168067236885
126,10.52471466444208,-0.0035150239927872243
127,10.524665332393031,-0.0035200183933982707
128,10.52461461115316,-0.003525152839529546
129,10.524562485966282,-0.0035304289023630453
130,10.524508942086102,-0.0035358481537902378
131,10.52445396477635,-0.003541412166396959
132,10.524397539310888,-0.003547122513448464
133,10.524339650973804,-0.003552980768875675
134,10.524280285059515,-0.003558988507260915
135,10.524219426872913,-0.003565147303821366
136,10.524157061729444,-0.0035714587343959464
137,10.524093174955212,-0.003577924375430506
138,10.524027751887116,-0.0035845458039621358
139,10.523960777872924,-0.003591324597605555
140,10.523892238271417,-0.0035982623345368497
141,10.523822118452472,-0.0036053605934795057
142,10.52375040379718,-0.00361262095368902
143,10.523677079697974,-0.0036200449949375566
144,10.523602131558695,-0.0036276342975000765
145,10.523525544794733,-0.003635390442137897
146,10.523447304833144,-0.003643315010084018
147,10.523367397112729,-0.0036514095830278864
148,10.523285807084175,-0.0036596757430998935
149,10.52320252021012,-0.0036681150728572576
150,10.52311752196532,-0.0036767291552667076
151,10.523030797836718,-0.0036855195736903708
152,10.522942333323565,-0.0036944879118702353
153,10.52285211393753,-0.003703635753912153
154,10.522760125202804,-0.0037129646842711905
155,10.522666352656218,-0.0037224762877350456
156,10.52257078184734,-0.003732172149409059
157,10.522473398338613,-0.003742053854699893
158,10.522374187705415,-0.003752122989301187
159,10.522273135536224,-0.0037623811391759823
160,10.522170227432687,-0.003772829890542279
161,10.522065449009746,-0.0037834708298565916
162,10.521958785895748,-0.0037943055437982486
163,10.521850223732551,-0.0038053356192534857
164,10.521739748175632,-0.003816562643299074
165,10.521627344894204,-0.0038279882031868723
166,10.521512999571325,-0.0038396138863270963
167,10.521396697903988,-0.00385144128027327
168,10.521278425603247,-0.0038634719727052916
169,10.521158168394352,-0.0038757075514124053
170,10.521035912016812,-0.0038881496042787247
171,10.520911642224522,-0.003900799719266152
172,10.520785344785883,-0.003913659484397721
173,10.520657005483907,-0.0039267304877416255
174,10.52052661011633,-0.003940014317394202
175,10.520394144495707,-0.003953512561464269
176,10.520259594449524,-0.003967226808057104
177,10.520122945820336,-0.003981158645255934
178,10.519984184465839,-0.003995309661107142
179,10.519843296259006,-0.004009681443602942
180,10.519700267088195,-0.004024275580663968
181,10.519555082857234,-0.00403909366012455
182,10.519407729485556,-0.004054137269714484
183,10.519258192908305,-0.0040694079970421525
184,10.51910645907645,-0.004084907429577725
185,10.51895251395686,-0.004100637154638123
186,10.518796343532467,-0.00411659875936697
187,10.518637933802353,-0.004132793830719583
188,10.518477270781839,-0.004149223955446098
189,10.518314340502624,-0.004165890720073734
190,10.518149129012885,-0.004182795710889742
191,10.517981622377375,-0.00419994051392476
192,10.517811806677564,-0.004217326714934953
193,10.51763966801172,-0.004234955899385244
194,10.517465192495022,-0.004252829652432035
195,10.517288366259683,-0.0042709495589061544
196,10.517109175455055,-0.004289317203294864
197,10.516927606247734,-0.004307934169724873
198,10.51674364482168,-0.004326802041945017
199,10.516557277378327,-0.004345922403308228
200,10.516368490136657,-0.00436529683675559
201,10.516177269333367,-0.004384926924796942
202,10.515983601222946,-0.004404814249494138
203,10.515787472077795,-0.004424960392443188
204,10.515588868188328,-0.004445366934757179
205,10.51538777586309,-0.00446603545704788
206,10.515184181428866,-0.004486967539408505
207,10.514978071230779,-0.0045081647613961036
208,10.514769431632429,-0.004529628702012786
209,10.514558249015971,-0.004551360939688746
210,10.514344509782251,-0.004573363052264127
211,10.514128200350894,-0.004595636616971201
212,10.513909307160425,-0.004618183210416413
213,10.513687816668392,-0.0046410044085619
214,10.513463715351456,-0.004664101786707803
215,10.513236989705497,-0.0046874769194749965
216,10.513007626245745,-0.004711131380785524
217,10.512775611506889,-0.004735066743845057
218,10.51254093204317,-0.004759284581124957
219,10.512303574428483,-0.0047837864643445515
220,10.512063525256542,-0.0048085739644508066
221,10.511820771140933,-0.004833648651602023
222,10.511575298715236,-0.0048590120951493305
223,10.511327094633149,-0.004884665863617514
224,10.511076145568602,-0.004910611524686593
225,10.510822438215838,-0.004936850645174669
226,10.510565959289561,-0.0049633847910176545
227,10.510306695525019,-0.004990215527251974
228,10.510044633678117,-0.005017344417995893
229,10.509779760525555,-0.005044773026429705
230,10.509512062864887,-0.005072502914779584
231,10.509241527514686,-0.005100535644296329
232,10.508968141314615,-0.005128872775238067
233,10.508691891125556,-0.005157515866851431
234,10.508412763829714,-0.0051864664773525046
235,10.508130746330728,-0.005215726163907995
236,10.507845825553787,-0.005245296482616531
237,10.507557988445717,-0.00527517898849047
238,10.507267221975129,-0.005305375235435527
239,10.506973513132502,-0.0053358867762329735
240,10.50667684893031,-0.005366715162519904
241,10.506377216403116,-0.005397861944770795
242,10.50607460260767,-0.005429328672279534
243,10.505768994623084,-0.005461116893136928
244,10.505460379550847,-0.005493228154215956
245,10.505148744515012,-0.005525664001149477
246,10.504834076662265,-0.005558425978312597
247,10.50451636316207,-0.005591515628802125
248,10.504195591206743,-0.005624934494418879
249,10.503871748011578,-0.005658684115647618
250,10.503544820814959,-0.00569276603163788
251,10.503214796878467,-0.005727181780184588
252,10.502881663486995,-0.005761932897708525
253,10.502545407948851,-0.005797020919237525
254,10.502206017595872,-0.005832447378386494
255,10.501863479783536,-0.005868213807338019
256,10.50151778189106,-0.005904321736823554
257,10.501168911321528,-0.00594077269610297
258,10.500816855501997,-0.005977568212945208
259,10.500461601883595,-0.006014709813609293
260,10.500103137941649,-0.006052199022824047
261,10.499741451175767,-0.006090037363769524
262,10.499376529109995,-0.006128226358055064
263,10.499008359292871,-0.0061667675257026655
264,10.498636929297573,-0.006205662385125213
265,10.498262226722032,-0.006244912453106577
266,10.497884239189016,-0.0062845192447830555
267,10.497502954346245,-0.00632448427362346
268,10.497118359866528,-0.00636480905140791
269,10.496730443447843,-0.006405495088209336
270,10.496339192813467,-0.0064465438923730104
271,10.49594459571206,-0.006487956970496941
272,10.495546639917816,-0.006529735827411495
273,10.495145313230537,-0.006571881966159465
274,10.494740603475755,-0.0066143968879767145
275,10.494332498504841,-0.006657282092271643
276,10.493920986195137,-0.006700539076604238
277,10.493506054450007,-0.006744169336668729
278,10.493087691199026,-0.006788174366269832
279,10.49266588439803,-0.006832555657305431
280,10.492240622029238,-0.0068773146997454645
281,10.491811892101389,-0.006922452981611319
282,10.491379682649827,-0.006967971988956066
283,10.490943981736605,-0.007013873205844617
284,10.490504777450628,-0.007060158114332063
285,10.490062057907723,-0.0071068281944453755
286,10.489615811250774,-0.007153884924161551
287,10.489166025649833,-0.007201329779387548
288,10.488712689302204,-0.007249164233940816
289,10.488255790432596,-0.0072973897595275585
290,10.487795317293186,-0.007346007825723494
291,10.487331258163763,-0.007395019899952798
292,10.486863601351825,-0.007444427447467622
293,10.486392335192688,-0.007494231931327899
294,10.485917448049598,-0.007544434812380925
295,10.485438928313846,-0.007595037549240095
296,10.484956764404863,-0.007646041598265367
297,10.484470944770349,-0.007697448413541918
298,10.483981457886363,-0.007749259446860323
299,10.483488292257459,-0.007801476147694801
300,10.482991436416757,-0.007854099963183855
301,10.482490878926098,-0.007907132338108582
302,10.481986608376115,-0.007960574714872732
303,10.481478613386368,-0.00801442853348143
304,10.48096688260544,-0.008068695231520933
305,10.480451404711054,-0.008123376244137805
306,10.47993216841018,-0.008178473004017755
307,10.47940916243914,-0.008233986941365472
308,10.478882375563728,-0.008289919483883273
309,10.478351796579322,-0.008346272056750065
310,10.477817414310968,-0.008403046082602072
311,10.477279217613523,-0.00846024298150975
312,10.476737195371735,-0.00851786417095899
313,10.47619133650038,-0.00857591106582856
314,10.47564162994435,-0.008634385078370244
315,10.475088064678776,-0.008693287618187377
316,10.474530629709124,-0.008752620092214503
317,10.473969314071324,-0.008812383904695499
318,10.47340410683186,-0.008872580457163624
319,10.472834997087896,-0.008933211148419232
320,10.472261973967369,-0.008994277374510475
321,10.471685026629109,-0.009055780528710648
322,10.471104144262954,-0.009117722001498057
323,10.470519316089836,-0.009180103180534967
324,10.46993053136193,-0.009242925450645591
325,10.469337779362714,-0.009306190193796478
326,10.46874104940712,-0.00936989878907434
327,10.468140330841626,-0.009434052612664764
328,10.467535613044362,-0.00949865303783218
329,10.466926885425227,-0.009563701434897716
330,10.466314137425998,-0.009629199171218215
331,10.46569735852043,-0.009695147611165723
332,10.465076538214376,-0.009761548116105393
333,10.4644516660459,-0.009828402044374332
334,10.463822731585367,-0.009895710751261324
335,10.463189724435567,-0.009963475588984905
336,10.46255263423182,-0.010031697906672127
337,10.461911450642086,-0.010100379050337407
338,10.461266163367084,-0.010169520362860894
339,10.460616762140383,-0.010239123183967833
340,10.459963236728518,-0.010309188850207098
341,10.459305576931113,-0.010379718694929173
342,10.458643772580963,-0.010450714048266118
343,10.457977813544161,-0.010522176237109358
344,10.457307689720215,-0.010594106585088204
345,10.45663339104213,-0.010666506412549482
346,10.455954907476547,-0.01073937703653485
347,10.455272229023834,-0.010812719770760627
348,10.45458534571819,-0.010886535925595863
349,10.453894247627781,-0.010960826808040515
350,10.45319892485481,-0.011035593721705518
351,10.452499367535664,-0.011110837966789683
352,10.451795565841007,-0.011186560840058864
353,10.451087509975867,-0.011262763634825684
354,10.45037519017978,-0.011339447640926452
355,10.449658596726884,-0.011416614144700648
356,10.44893771992603,-0.01149426442896895
357,10.448212550120891,-0.011572399773012318
358,10.447483077690048,-0.011651021452550925
359,10.446749293047148,-0.011730130739720995
360,10.446011186640959,-0.011809728903055771
361,10.44526874895553,-0.011889817207461193
362,10.444521970510253,-0.011970396914197209
363,10.443770841859985,-0.012051469280855449
364,10.443015353595193,-0.012133035561335697
365,10.442255496342005,-0.012215097005827527
366,10.441491260762376,-0.012297654860786272
367,10.44072263755413,-0.012380710368913916
368,10.43994961745113,-0.012464264769135475
369,10.439172191223362,-0.012548319296578382
370,10.438390349677036,-0.012632875182551146
371,10.437604083654701,-0.012717933654521615
372,10.436813384035363,-0.012803495936095416
373,10.436018241734581,-0.012889563246994366
374,10.435218647704577,-0.012976136803035485
375,10.43441459293434,-0.013063217816109201
376,10.433606068449757,-0.013150807494157323
377,10.432793065313698,-0.013238907041152081
378,10.431975574626128,-0.013327517657074548
379,10.431153587524213,-0.013416640537893517
380,10.43032709518245,-0.013506276875542728
381,10.429496088812744,-0.013596427857900995
382,10.428660559664534,-0.013687094668769516
383,10.427820499024904,-0.013778278487850676
384,10.42697589821868,-0.013869980490726505
385,10.426126748608551,-0.013962201848837197
386,10.425273041595158,-0.014054943729460067
387,10.424414768617211,-0.01414820729568763
388,10.423551921151608,-0.01424199370640605
389,10.42268449071354,-0.014336304116272942
390,10.421812468856581,-0.014431139675697497
391,10.420935847172801,-0.014526501530818234
392,10.4200546172929,-0.014622390823480953
393,10.41916877088628,-0.014718808691217859
394,10.418278299661182,-0.014815756267225817
395,10.417383195364765,-0.014913234680345477
396,10.416483449783245,-0.015011245055038876
397,10.415579054741972,-0.015109788511368726
398,10.414670002105565,-0.015208866164976456
399,10.413756283778001,-0.015308479127061009
400,10.412837891702736,-0.015408628504357301
401,10.411914817862796,-0.01550931539911523
402,10.410987054280884,-0.0156105409090779
403,10.410054593019531,-0.015712306127459334
404,10.409117426181137,-0.01581461214292471
405,10.408175545908124,-0.01591746003956783
406,10.407228944383034,-0.016020850896890197
407,10.406277613828621,-0.01612478578977926
408,10.405321546507976,-0.016229265788487636
409,10.404360734724635,-0.016334291958610584
410,10.403395170822671,-0.016439865361066123
411,10.402424847186799,-0.01654598705207328
412,10.401449756242517,-0.016652658083129268
413,10.400469890456172,-0.016759879500990286
414,10.399485242335087,-0.016867652347648986
415,10.39849580442768,-0.016975977660312936
416,10.397501569323538,-0.017084856471384708
417,10.396502529653548,-0.01719428980843918
418,10.39549867809,-0.01730427869420283
419,10.3944900073467,-0.01741482414653237
420,10.393476510179052,-0.017525927178393897
421,10.392458179384201,-0.017637588797840713
422,10.391435007801103,-0.01774981000799363
423,10.390406988310652,-0.01786259180701848
424,10.38937411383579,-0.017975935188105162
425,10.388336377341615,-0.018089841139446446
426,10.38729377183547,-0.018204310644217105
427,10.386246290367053,-0.018319344680553327
428,10.385193926028542,-0.018434944221530032
429,10.384136671954684,-0.01855111023514135
430,10.3830745213229,-0.018667843684278554
431,10.382007467353414,-0.018785145526709054
432,10.380935503309331,-0.018903016715056082
433,10.37985862249675,-0.01902145819677686
434,10.378776818264893,-0.01914047091414174
435,10.37769008400618,-0.019260055804213364
436,10.376598413156357,-0.019380213798825555
437,10.375501799194597,-0.019500945824562257
438,10.3744002356436,-0.019622252802736797
439,10.373293716069684,-0.019744135649371664
440,10.372182234082931,-0.019866595275175876
441,10.37106578333726,-0.019989632585525843
442,10.369944357530564,-0.020113248480442145
443,10.36881795040477,-0.02023744385457201
444,10.367686555745962,-0.02036221959716661
445,10.366550167384531,-0.020487576592059215
446,10.365408779195215,-0.02061351571764648
447,10.364262385097254,-0.02074003784686606
448,10.36311097905445,-0.020867143847177663
449,10.361954555075325,-0.02099483458054028
450,10.360793107213185,-0.021123110903392778
451,10.359626629566247,-0.021251973666632947
452,10.358455116277712,-0.021381423715597647
453,10.357278561535933,-0.02151146189003991
454,10.356096959574463,-0.021642089024110855
455,10.35491030467217,-0.021773305946338133
456,10.353718591153369,-0.021905113479604978
457,10.352521813387911,-0.022037512441129788
458,10.351319965791268,-0.022170503642446833
459,10.35011304282467,-0.022304087889384264
460,10.348901038995185,-0.022438265982044948
461,10.347683948855858,-0.02257303871478434
462,10.34646176700577,-0.022708406876192085
463,10.345234488090172,-0.02284437124907051
464,10.344002106800591,-0.022980932610414544
465,10.342764617874916,-0.02311809173139155
466,10.341522016097516,-0.023255849377321135
467,10.34027429629934,-0.023394206307654555
468,10.339021453358026,-0.02353316327595473
469,10.33776348219801,-0.023672721029875814
470,10.336500377790612,-0.023812880311143637
471,10.33523213515415,-0.02395364185553522
472,10.333958749354048,-0.02409500639285891
473,10.332680215502943,-0.024236974646933446
474,10.331396528760774,-0.024379547335569574
475,10.330107684334896,-0.024522725170548643
476,10.328813677480182,-0.024666508857603475
477,10.327514503499142,-0.024810899096397443
478,10.326210157741983,-0.02495589658050651
479,10.324900635606769,-0.025101501997397278
480,10.323585932539483,-0.025247716028408227
481,10.322266044034153,-0.02539453934872987
482,10.320940965632944,-0.025541972627384824
483,10.319610692926263,-0.025690016527208457
484,10.318275221552865,-0.02583867170482887
485,10.31693454719996,-0.02598793881064704
486,10.315588665603306,-0.026137818488818187
487,10.314237572547315,-0.02628831137723124
488,10.312881263865162,-0.026439418107489773
489,10.31151973543889,-0.026591139304892215
490,10.310152983199501,-0.02674347558841283
491,10.308781003127065,-0.026896427570682006
492,10.307403791250826,-0.027049995857967014
493,10.306021343649293,-0.02720418105015284
494,10.304633656450365,-0.02735898374072227
495,10.303240725831406,-0.02751440451673767
496,10.30184254801938,-0.027670443958820335
497,10.30043911929091,-0.027827102641133195
498,10.29903043597243,-0.02798438113135951
499,10.297616494440232,-0.028142279990686525
500,10.296197291120622,-0.028300799773783587
501,10.294772822489987,-0.02845994102878501
502,10.29334308507491,-0.028619704297270322
503,10.291908075452282,-0.02878009011424538
504,10.290467790249362,-0.028941099008124638
505,10.28902222614394,-0.029102731500710115
506,10.287571379864382,-0.029264988107175077
507,10.286115248189768,-0.029427869336043296
508,10.28465382794999,-0.029591375689171376
509,10.283187116025815,-0.029755507661730705
510,10.281715109349044,-0.02992026574218725
511,10.280237804902578,-0.030085650412283765
512,10.278755199720527,-0.030251662147021744
513,10.277267290888298,-0.03041830141464312
514,10.275774075542726,-0.030585568676610216
515,10.274275550872147,-0.030753464387589247
516,10.2727717141165,-0.030921988995431485
517,10.271262562567454,-0.031091142941154122
518,10.269748093568477,-0.03126092665892329
519,10.268228304514963,-0.03143134057603478
520,10.266703192854306,-0.031602385112896994
521,10.265172756086013,-0.03177406068301246
522,10.26363699176182,-0.031946367692959145
523,10.262095897485754,-0.03211930654237384
524,10.260549470914265,-0.032292877623933396
525,10.25899770975633,-0.0324670813233362
526,10.257440611773518,-0.03264191801928593
527,10.255878174780124,-0.032817388083472815
528,10.254310396643255,-0.03299349188055585
529,10.252737275282913,-0.03317022976814627
530,10.251158808672125,-0.03334760209678858
531,10.249574994837026,-0.03352560920994344
532,10.247985831856957,-0.03370425144397065
533,10.246391317864568,-0.033883529128111343
534,10.244791451045915,-0.03406344258447059
535,10.243186229640555,-0.03424399212800048
536,10.241575651941654,-0.034425178066482445
537,10.239959716296076,-0.03460700070050992
538,10.23833842110449,-0.03478946032347171
539,10.236711764821464,-0.03497255722153447
540,10.235079745955563,-0.03515629167362605
541,10.233442363069447,-0.035340663951417974
542,10.23179961477995,-0.035525674319309926
543,10.230151499758229,-0.03571132303441054
544,10.22849801672981,-0.035897610346522765
545,10.22683916447471,-0.036084536498125895
546,10.225174941827532,-0.03627210172435933
547,10.223505347677557,-0.03646030625300613
548,10.221830380968836,-0.036649150304476484
549,10.220150040700313,-0.036838634091790175
550,10.218464325925884,-0.037028757820562024
551,10.216773235754527,-0.03721952168898399
552,10.21507676935037,-0.03741092588780959
553,10.213374925932829,-0.03760297060033675
554,10.211667704776659,-0.03779565600239305
555,10.20995510521207,-0.03798898226231873
556,10.208237126624837,-0.03818294954095024
557,10.206513768456361,-0.03837755799160578
558,10.204785030203803,-0.038572807760067655
559,10.203050911420158,-0.038768698984567376
560,10.201311411714343,-0.03896523179576996
561,10.199566530751326,-0.03916240631675734
562,10.197816268252184,-0.039360222663013845
563,10.196060623994216,-0.039558680942409996
564,10.194299597811034,-0.03975778125518704
565,10.192533189592671,-0.039957523693941135
566,10.190761399285662,-0.04015790834360863
567,10.188984226893131,-0.040358935281450625
568,10.187201672474908,-0.04056060457703725
569,10.185413736147607,-0.04076291629223283
570,10.18362041808472,-0.040965870481181145
571,10.18182171851672,-0.04116946719028973
572,10.180017637731135,-0.0413737064582156
573,10.178208176072694,-0.04157858831584883
574,10.176393333943341,-0.041784112786300245
575,10.174573111802399,-0.04199027988488433
576,10.172747510166623,-0.04219708961910591
577,10.170916529610315,-0.04240454198864476
578,10.169080170765397,-0.042612636985341706
579,10.167238434321515,-0.04282137459318412
580,10.16539132102613,-0.04303075478829116
581,10.163538831684617,-0.0432407775388994
582,10.161680967160347,-0.04345144280534895
583,10.15981772837479,-0.04366275054006896
584,10.157949116307584,-0.04387470068756435
585,10.156075131996662,-0.04408729318440035
586,10.154195776538312,-0.04430052795919008
587,10.152311051087286,-0.044514404932579466
588,10.150420956856886,-0.04472892401723441
589,10.148525495119047,-0.04494408511782672
590,10.146624667204454,-0.04515988813101974
591,10.144718474502604,-0.045376332945456246
592,10.142806918461902,-0.04559341944174403
593,10.140890000589769,-0.045811147492442424
594,10.138967722452712,-0.04602951696204977
595,10.137040085676423,-0.04624852770698935
596,10.13510709194587,-0.04646817957559673
597,10.133168743005374,-0.04668847240810679
598,10.131225040658729,-0.04690940603663996
599,10.129275986769258,-0.04713098028518994
600,10.127321583259919,-0.047353194969610886
601,10.125361832113377,-0.047576049897605166
602,10.123396735372129,-0.04779954486870908
603,10.121426295138548,-0.048023679674282
604,10.119450513575007,-0.04824845409749265
605,10.117469392903933,-0.0484738679133081
606,10.115482935407941,-0.04869992088847936
607,10.113491143429872,-0.04892661278153141
608,10.11149401937292,-0.04915394334274907
609,10.109491565700694,-0.04938191231416627
610,10.10748378493731,-0.04961051942955383
611,10.105470679667484,-0.049839764414407225
612,10.103452252536616,-0.0500696469859347
613,10.101428506250885,-0.050300166853045676
614,10.099399443577314,-0.05053132371633957
615,10.097365067343874,-0.05076311726809347
616,10.095325380439569,-0.050995547192251106
617,10.093280385814506,-0.05122861316441169
618,10.09123008647999,-0.05146231485181843
619,10.089174485508623,-0.05169665191334682
620,10.087113586034379,-0.05193162399949376
621,10.085047391252658,-0.05216723075236782
622,10.082975904420431,-0.052403471805676005
623,10.080899128856261,-0.052640346784715415
624,10.078817067940438,-0.05287785530636025
625,10.07672972511504,-0.05311599697905225
626,10.074637103884001,-0.05335477140279083
627,10.072539207813236,-0.053594178169120724
628,10.070436040530677,-0.05383421686112365
629,10.068327605726394,-0.0540748870534063
630,10.06621390715265,-0.05431618831209162
631,10.064094948623998,-0.05455812019480762
632,10.061970734017367,-0.054800682250677815
633,10.059841267272127,-0.05504387402031118
634,10.057706552390185,-0.055287695035792714
635,10.055566593436057,-0.055532144820673146
636,10.05342139453695,-0.05577722288996017
637,10.051270959882856,-0.05602292875010764
638,10.049115293726622,-0.056269261899007106
639,10.046954400384015,-0.05651622182597846
640,10.04478828423383,-0.05676380801176041
641,10.042616949717953,-0.05701201992850131
642,10.040440401341442,-0.05726085703975039
643,10.038258643672618,-0.057510318800448226
644,10.036071681343122,-0.057760404656918965
645,10.03387951904801,-0.058011114046860504
646,10.031682161545826,-0.058262446399336566
647,10.029479613658689,-0.058514401134767455
648,10.02727188027235,-0.05876697766492242
649,10.025058966336285,-0.05902017539291103
650,10.022840876863777,-0.05927399371317459
651,10.02061761693198,-0.059528432011477936
652,10.018389191682,-0.05978348966490249
653,10.016155606318964,-0.06003916604183709
654,10.013916866112119,-0.06029546050197064
655,10.01167297639488,-0.06055237239628452
656,10.009423942564922,-0.06080990106704464
657,10.007169770084253,-0.06106804584779411
658,10.004910464479286,-0.06132680606334577
659,10.002646031340902,-0.06158618102977522
660,10.000376476324558,-0.06184617005441262
661,9.998101805150315,-0.06210677243583713
662,9.995822023602953,-0.062367987463868284
663,9.993537137532018,-0.0626298144195603
664,9.99124715285191,-0.06289225257519437
665,9.988952075541947,-0.06315530119427279
666,9.986651911646426,-0.06341895953151254
667,9.984346667274716,-0.06368322683283777
668,9.982036348601333,-0.06394810233537378
669,9.979720961865988,-0.06421358526744136
670,9.977400513373675,-0.06447967484855016
671,9.975075009494722,-0.06474637028939337
672,9.972744456664888,-0.06501367079184064
673,9.970408861385424,-0.06528157554893259
674,9.96806823022313,-0.06555008374487581
675,9.96572256981043,-0.06581919455503706
676,9.96337188684546,-0.06608890714593663
677,9.9610161880921,-0.06635922067524488
678,9.958655480380072,-0.0666301342917756
679,9.956289770604997,-0.06690164713548112
680,9.953919065728462,-0.06717375833744757
681,9.951543372778085,-0.06744646701988989
682,9.949162698847594,-0.06771977229614659
683,9.946777051096877,-0.06799367327067561
684,9.944386436752056,-0.06826816903904949
685,9.941990863105548,-0.06854325868795118
686,9.93959033751615,-0.06881894129516847
687,9.937184867409059,-0.06909521592959213
688,9.934774460275987,-0.0693720816512092
689,9.932359123675196,-0.06964953751110067
690,9.929938865231572,-0.06992758255143693
691,9.927513692636678,-0.07020621580547383
692,9.92508361364882,-0.07048543629755008
693,9.922648636093122,-0.07076524304308211
694,9.920208767861574,-0.0710456350485619
695,9.917764016913111,-0.07132661131155242
696,9.915314391273643,-0.07160817082068621
697,9.912859899036135,-0.07189031255566115
698,9.910400548360679,-0.07217303548723729
699,9.907936347474534,-0.07245633857723442
700,9.905467304672197,-0.0727402207785295
701,9.90299342831545,-0.07302468103505394
702,9.900514726833428,-0.07330971828179088
703,9.89803120872269,-0.07359533144477291
704,9.895542882547247,-0.07388151944108015
705,9.893049756938645,-0.07416828117883757
706,9.890551840596,-0.07445561555721367
707,9.888049142286079,-0.07474352146641802
708,9.885541670843333,-0.07503199778769991
709,9.883029435169968,-0.07532104339334633
710,9.880512444236007,-0.07561065714668026
711,9.877990707079316,-0.07590083790206027
712,9.875464232805681,-0.0761915845048785
713,9.872933030588854,-0.07648289579155958
714,9.870397109670606,-0.07677477058955982
715,9.867856479360801,-0.07706720771736532
716,9.865311149037394,-0.07736020598449368
717,9.862761128146563,-0.0776537641914898
718,9.860206426202673,-0.07794788112992883
719,9.857647052788387,-0.0782425555824138
720,9.855083017554703,-0.07853778632257521
721,9.852514330220995,-0.07883357211507198
722,9.849941000575072,-0.07912991171559036
723,9.847363038473208,-0.07942680387084526
724,9.84478045384023,-0.07972424731857877
725,9.842193256669516,-0.08002224078756233
726,9.839601457023077,-0.0803207829975961
727,9.837005065031597,-0.08061987265950978
728,9.83440409089447,-0.0809195084751635
729,9.831798544879845,-0.08121968913744902
730,9.829188437324703,-0.08152041333028928
731,9.826573778634852,-0.08182167972864147
732,9.823954579285008,-0.08212348699849714
733,9.821330849818827,-0.08242583379688369
734,9.818702600848946,-0.0827287187718659
735,9.81606984305703,-0.08303214056254807
736,9.813432587193805,-0.08333609779907519
737,9.810790844079113,-0.08364058910263512
738,9.808144624601956,-0.08394561308546016
739,9.805493939720513,-0.08425116835083003
740,9.802838800462194,-0.08455725349307382
741,9.800179217923695,-0.08486386709757171
742,9.797515203271002,-0.08517100774075897
743,9.79484676773947,-0.08547867399012696
744,9.792173922633808,-0.0857868644042281
745,9.78949667932818,-0.08609557753267609
746,9.786815049266192,-0.08640481191615128
747,9.784129043960949,-0.08671456608640292
748,9.781438674995076,-0.08702483856625301
749,9.778743954020774,-0.08733562786959898
750,9.776044892759844,-0.08764693250141777
751,9.773341503003701,-0.08795875095777024
752,9.770633796613444,-0.08827108172580383
753,9.767921785519869,-0.08858392328375694
754,9.76520548172348,-0.08889727410096446
755,9.762484897294572,-0.08921113263785956
756,9.759760044373193,-0.08952549734598086
757,9.757030935169237,-0.08984036666797489
758,9.75429758196245,-0.09015573903760125
759,9.751559997102431,-0.0904716128797387
760,9.748818193008711,-0.09078798661038831
761,9.746072182170728,-0.09110485863668052
762,9.743321977147907,-0.09142222735687804
763,9.74056759056964,-0.09174009116038317
764,9.73780903513532,-0.0920584484277435
765,9.735046323614394,-0.09237729753065563
766,9.73227946884636,-0.09269663683197256
767,9.729508483740798,-0.0930164646857092
768,9.726733381277384,-0.09333677943704881
769,9.723954174505934,-0.09365757942234831
770,9.721170876546404,-0.09397886296914536
771,9.71838350058891,-0.09430062839616517
772,9.71559205989377,-0.09462287401332611
773,9.712796567791505,-0.09494559812174705
774,9.709997037682836,-0.09526879901375546
775,9.707193483038768,-0.09559247497289139
776,9.704385917400534,-0.09591662427391809
777,9.70157435437965,-0.0962412451828275
778,9.69875880765792,-0.09656633595684794
779,9.695939290987472,-0.09689189484445168
780,9.693115818190726,-0.09721792008536334
781,9.690288403160459,-0.097544409910567
782,9.68745705985977,-0.09787136254231503
783,9.684621802322136,-0.09819877619413567
784,9.681782644651397,-0.09852664907084116
785,9.678939601021764,-0.09885497936853727
786,9.676092685677833,-0.0991837652746312
787,9.673241912934607,-0.09951300496784031
788,9.67038729717749,-0.09984269661820097
789,9.667528852862292,-0.1001728383870781
790,9.664666594515248,-0.10050342842717389
791,9.661800536733018,-0.10083446488253704
792,9.65893069418268,-0.10116594588857312
793,9.656057081601748,-0.10149786957205331
794,9.653179713798181,-0.10183023405112415
795,9.650298605650363,-0.10216303743531821
796,9.647413772107123,-0.10249627782556335
797,9.64452522818773,-0.10282995331419356
798,9.641632988981893,-0.10316406198495881
799,9.638737069649753,-0.10349860191303614
800,9.635837485421904,-0.10383357116503926
801,9.632934251599357,-0.10416896779903068
802,9.630027383553568,-0.10450478986453154
803,9.627116896726406,-0.10484103540253355
804,9.624202806630176,-0.10517770244550934
805,9.621285128847587,-0.10551478901742464
806,9.618363879031765,-0.10585229313374923
807,9.615439072906227,-0.10619021280146919
808,9.612510726264901,-0.10652854601909761
809,9.609578854972076,-0.10686729077668806
810,9.606643474962427,-0.10720644505584578
811,9.603704602240981,-0.10754600682973987
812,9.600762252883118,-0.10788597406311623
813,9.597816443034558,-0.10822634471230953
814,9.594867188911339,-0.1085671167252562
815,9.591914506799796,-0.10890828804150776
816,9.588958413056577,-0.10924985659224251
817,9.585998924108585,-0.10959182030028014
818,9.583036056452976,-0.10993417708009454
819,9.580069826657164,-0.11027692483782635
820,9.577100251358765,-0.11062006147129777
821,9.57412734726559,-0.11096358487002603
822,9.571151131155636,-0.1113074929152368
823,9.568171619877047,-0.11165178347987835
824,9.565188830348099,-0.1119964544286363
825,9.56220277955717,-0.11234150361794741
826,9.559213484562722,-0.11268692889601407
827,9.556220962493267,-0.11303272810281939
828,9.553225230547339,-0.11337889907014155
829,9.550226305993478,-0.11372543962156903
830,9.547224206170178,-0.11407234757251554
831,9.544218948485888,-0.11441962073023512
832,9.541210550418954,-0.11476725689383784
833,9.538199029517598,-0.115115253854305
834,9.535184403399878,-0.11546360939450537
835,9.532166689753655,-0.11581232128921065
836,9.529145906336574,-0.1161613873051112
837,9.526122070975996,-0.11651080520083297
838,9.523095201568978,-0.11686057272695334
839,9.520065316082244,-0.11721068762601722
840,9.517032432552133,-0.11756114763255403
841,9.513996569084549,-0.11791195047309498
842,9.51095774385495,-0.1182630938661885
843,9.507915975108274,-0.1186145755224187
844,9.504871281158893,-0.11896639314442252
845,9.501823680390606,-0.1193185444269059
846,9.498773191256543,-0.11967102705666269
847,9.495719832279143,-0.12002383871259192
848,9.492663622050127,-0.12037697706571439
849,9.489604579230406,-0.12073043977919241
850,9.486542722550052,-0.12108422450834709
851,9.48347807080825,-0.12143832890067635
852,9.480410642873236,-0.12179275059587383
853,9.477340457682235,-0.12214748722584769
854,9.474267534241427,-0.12250253641473874
855,9.471191891625873,-0.12285789577893941
856,9.468113548979467,-0.12321356292711319
857,9.465032525514872,-0.12356953546021346
858,9.46194884051346,-0.12392581097150306
859,9.45886251332525,-0.12428238704657356
860,9.455773563368862,-0.1246392612633648
861,9.452682010131419,-0.12499643119218563
862,9.449587873168506,-0.12535389439573277
863,9.446491172104107,-0.1257116484291114
864,9.443391926630525,-0.12606969083985523
865,9.440290156508325,-0.12642801916794702
866,9.437185881566245,-0.1267866309458396
867,9.43407912170116,-0.1271455236984755
868,9.430969896877965,-0.127504694943309
869,9.427858227129539,-0.12786414219032635
870,9.424744132556636,-0.12822386294206808
871,9.42162763332785,-0.12858385469364852
872,9.418508749679514,-0.12894411493277838
873,9.415387501915612,-0.12930464113978696
874,9.412263910407715,-0.12966543078764287
875,9.409137995594891,-0.13002648134197678
876,9.406009777983645,-0.13038779026110248
877,9.402879278147791,-0.13074935499604043
878,9.39974651672841,-0.13111117299053962
879,9.396611514433733,-0.13147324168110008
880,9.393474292039086,-0.13183555849699505
881,9.390334870386754,-0.13219812086029542
882,9.387193270385941,-0.13256092618589094
883,9.384049513012656,-0.13292397188151425
884,9.380903619309597,-0.13328725534776487
885,9.377755610386098,-0.13365077397813152
886,9.374605507418007,-0.13401452515901632
887,9.371453331647592,-0.13437850626975884
888,9.36829910438344,-0.13474271468265975
889,9.365142847000383,-0.1351071477630042
890,9.361984580939364,-0.1354718028690876
891,9.358824327707332,-0.13583667735223925
892,9.355662108877182,-0.1362017685568462
893,9.352497946087588,-0.13656707382037953
894,9.349331861042945,-0.1369325904734181
895,9.346163875513245,-0.1372983158396733
896,9.34299401133395,-0.13766424723601559
897,9.339822290405895,-0.13803038197249895
898,9.336648734695187,-0.13839671735238612
899,9.33347336623309,-0.13876325067217396
900,9.33029620711586,-0.13912997922162143
901,9.327117279504685,-0.13949690028377298
902,9.323936605625567,-0.13986401113498537
903,9.320754207769143,-0.14023130904495515
904,9.317570108290628,-0.1405987912767432
905,9.314384329609656,-0.140966455086803
906,9.31119689421016,-0.141334297725006
907,9.308007824640269,-0.14170231643466896
908,9.30481714351213,-0.14207050845258182
909,9.301624873501844,-0.14243887100903307
910,9.298431037349266,-0.1428074013278392
911,9.295235657857933,-0.14317609662637026
912,9.292038757894902,-0.1435449541155785
913,9.288840360390594,-0.1439139710000266
914,9.285640488338705,-0.14428314447791413
915,9.282439164796026,-0.1446524717411071
916,9.279236412882328,-0.14502194997516513
917,9.276032255780207,-0.14539157635937064
918,9.272826716734933,-0.14576134806675728
919,9.269619819054327,-0.14613126226413792
920,9.2664115861086,-0.14650131611213438
921,9.263202041330212,-0.1468715067652055
922,9.259991208213712,-0.14724183137167732
923,9.256779110315582,-0.14761228707377208
924,9.253565771254115,-0.1479828710076369
925,9.25035121470921,-0.14835358030337475
926,9.247135464422271,-0.14872441208507262
927,9.24391854419601,-0.1490953634708326
928,9.24070047789429,-0.14946643157280193
929,9.23748128944199,-0.14983761349720207
930,9.234261002824805,-0.15020890634436074
931,9.231039642089108,-0.15058030720874116
932,9.227817231341774,-0.15095181317897297
933,9.224593794750009,-0.15132342133788365
934,9.221369356541189,-0.15169512876252833
935,9.218143941002674,-0.15206693252422215
936,9.214917572481657,-0.1524388296885706
937,9.211690275384948,-0.1528108173155017
938,9.208462074178856,-0.15318289245929648
939,9.205232993388943,-0.15355505216862236
940,9.202003057599914,-0.15392729348656276
941,9.198772291455366,-0.1542996134506513
942,9.195540719657645,-0.15467200909290307
943,9.192308366967662,-0.15504447743984623
944,9.189075258204687,-0.15541701551255538
945,9.185841418246163,-0.15578962032668406
946,9.182606872027524,-0.1561622888924973
947,9.179371644541996,-0.15653501821490434
948,9.176135760840399,-0.15690780529349213
949,9.17289924603096,-0.15728064712255813
950,9.169662125279093,-0.15765354069114426
951,9.16642442380723,-0.1580264829830692
952,9.1631861668946,-0.15839947097696327
953,9.15994737987701,-0.15877250164630197
954,9.15670808814669,-0.15914557195943851
955,9.153468317152019,-0.15951867887964016
956,9.150228092397354,-0.15989181936512115
957,9.146987439442817,-0.16026499036907715
958,9.143746383904086,-0.16063818883971934
959,9.140504951452147,-0.16101141172031036
960,9.13726316781312,-0.1613846559491979
961,9.134021058768012,-0.16175791845985005
962,9.130778650152497,-0.16213119618089086
963,9.127535967856705,-0.16250448603613482
964,9.124293037824993,-0.16287778494462257
965,9.12104988605571,-0.16325108982065667
966,9.117806538600984,-0.1636243975738367
967,9.114563021566477,-0.16399770510909548
968,9.111319361111153,-0.16437100932673512
969,9.108075583447047,-0.16474430712246307
970,9.104831714839024,-0.16511759538742848
971,9.101587781604557,-0.1654908710082576
972,9.09834381011347,-0.16586413086709154
973,9.095099826787692,-0.16623737184162238
974,9.091855858101026,-0.16661059080513033
975,9.088611930578882,-0.1669837846265205
976,9.08536807079807,-0.16735695017035915
977,9.082124305386493,-0.16773008429691263
978,9.078880661022948,-0.16810318386218306
979,9.075637164436824,-0.16847624571794736
980,9.072393842407884,-0.1688492667117934
981,9.069150721765967,-0.16922224368715968
982,9.065907829390772,-0.16959517348337116
983,9.06266519221156,-0.1699680529356789
984,9.059422837206908,-0.1703408788752973
985,9.056180791404437,-0.17071364812944317
986,9.052939081880528,-0.17108635752137383
987,9.049697735760077,-0.17145900387042606
988,9.046456780216209,-0.17183158399205425
989,9.043216242469994,-0.17220409469787
990,9.039976149790183,-0.17257653279568075
991,9.036736529492915,-0.17294889508952957
992,9.033497408941457,-0.1733211783797332
993,9.030258815545904,-0.17369337946292254
994,9.02702077676289,-0.17406549513208228
995,9.023783320095298,-0.1744375221765906
996,9.020546473091999,-0.17480945738225784
997,9.017310263347529,-0.17518129753136782
998,9.01407471850179,-0.1755530394027182
999,9.010839866239783,-0.1759246797716595
1000,9.007605734291287,-0.1762962154101362
1001,9.004372350430579,-0.17666764308672694
1002,9.001139742476083,-0.17703895956668633
1003,8.997907938290126,-0.17741016161198397
1004,8.994676965778586,-0.177781245981347
1005,8.991446852890618,-0.17815220943029939
1006,8.988217627618301,-0.1785230487112054
1007,8.984989317996368,-0.17889376057330836
1008,8.981761952101847,-0.17926434176277461
1009,8.97853555805377,-0.17963478902273347
1010,8.975310164012848,-0.18000509909331935
1011,8.97208579818114,-0.18037526871171375
1012,8.968862488801747,-0.18074529461218694
1013,8.96564026415846,-0.1811151735261403
1014,8.962419152575439,-0.18148490218214863
1015,8.959199182416896,-0.18185447730600232
1016,8.955980382086727,-0.18222389562075028
1017,8.952762780028221,-0.18259315384674155
1018,8.949546404723687,-0.18296224870166908
1019,8.94633128469413,-0.1833311769006119
1020,8.943117448498894,-0.1836999351560788
1021,8.93990492473533,-0.18406852017805075
1022,8.936693742038436,-0.18443692867402486
1023,8.933483929080529,-0.1848051573490569
1024,8.930275514570864,-0.1851732029058054
1025,8.927068527255305,-0.18554106204457535
1026,8.92386299591595,-0.1859087314633613
1027,8.92065894937079,-0.18627620785789176
1028,8.917456416473321,-0.18664348792167346
1029,8.914255426112216,-0.18701056834603436
1030,8.911056007210918,-0.18737744582016946
1031,8.907858188727317,-0.18774411703118354
1032,8.904661999653344,-0.18811057866413666
1033,8.901467469014609,-0.1884768274020886
1034,8.898274625870028,-0.1888428599261434
1035,8.895083499311465,-0.1892086729154938
1036,8.891894118463307,-0.18957426304746722
1037,8.888706512482125,-0.18993962699756997
1038,8.885520710556257,-0.19030476143953287
1039,8.882336741905453,-0.19066966304535646
1040,8.879154635780468,-0.19103432848535584
1041,8.87597442146266,-0.19139875442820764
1042,8.872796128263623,-0.19176293754099397
1043,8.86961978552477,-0.1921268744892496
1044,8.866445422616952,-0.19249056193700662
1045,8.863273068940035,-0.19285399654684163
1046,8.860102753922517,-0.19321717497992136
1047,8.856934507021105,-0.19358009389604855
1048,8.853768357720323,-0.193942749953709
1049,8.850604335532116,-0.19430513981011668
1050,8.847442469995393,-0.19466726012126223
1051,8.844282790675647,-0.1950291075419582
1052,8.841125327164523,-0.19539067872588659
1053,8.837970109079407,-0.19575197032564534
1054,8.834817166063019,-0.19611297899279484
1055,8.831666527782938,-0.19647370137790685
1056,8.828518223931235,-0.19683413413060957
1057,8.82537228422401,-0.19719427389963634
1058,8.822228738400971,-0.19755411733287256
1059,8.819087616224989,-0.19791366107740363
1060,8.81594894748168,-0.19827290177956242
1061,8.812812761978954,-0.19863183608497667
1062,8.809679089546584,-0.19899046063861733
1063,8.806547960035754,-0.19934877208484622
1064,8.803419403318617,-0.19970676706746457
1065,8.800293449287844,-0.2000644422297609
1066,8.797170127856184,-0.20042179421455905
1067,8.79404946895599,-0.2007788196642674
1068,8.7909315025388,-0.20113551522092613
1069,8.787816258574857,-0.2014918775262565
1070,8.784703767052626,-0.2018479032217104
1071,8.781594057978383,-0.2022035889485175
1072,8.778487161375713,-0.2025589313477353
1073,8.775383107285053,-0.2029139270602978
1074,8.772281925763243,-0.20326857272706403
1075,8.769183646883011,-0.2036228649888687
1076,8.76608830073255,-0.20397680048656963
1077,8.762995917414996,-0.20433037586109884
1078,8.75990652704798,-0.20468358775351092
1079,8.756820159763144,-0.20503643280503278
1080,8.753736845705644,-0.20538890765711393
1081,8.750656615033668,-0.2057410089514759
1082,8.747579497917961,-0.20609273333016145
1083,8.74450552454132,-0.20644407743558568
1084,8.741434725098115,-0.20679503791058518
1085,8.738367129793781,-0.20714561139846865
1086,8.735302768844333,-0.2074957945430667
1087,8.732241672475844,-0.20784558398878317
1088,8.729183870923974,-0.20819497638064421
1089,8.726129394433448,-0.20854396836434952
1090,8.723078273257551,-0.2088925565863231
1091,8.720030537657621,-0.2092407376937632
1092,8.716986217902543,-0.2095885083346937
1093,8.713945344268208,-0.20993586515801535
1094,8.710907947037038,-0.21028280481355577
1095,8.70787405649745,-0.21062932395212064
1096,8.704843702943325,-0.21097541922554539
1097,8.701816916673504,-0.21132108728674576
1098,8.698793727991252,-0.21166632478976943
1099,8.695774167203705,-0.21201112838984823
1100,8.692758264621412,-0.21235549474344734
1101,8.689746050557732,-0.2126994205083187
1102,8.686737555328326,-0.2130429023435524
1103,8.68373280925063,-0.21338593690962762
1104,8.680731842643306,-0.21372852086846478
1105,8.67773468582569,-0.214070650883478
1106,8.674741369117298,-0.21441232361962503
1107,8.671751922837183,-0.21475353574346265
1108,8.6687663773035,-0.21509428392319524
1109,8.665784762832878,-0.21543456482872908
1110,8.662807109739907,-0.21577437513172354
1111,8.659833448336558,-0.21611371150564423
1112,8.656863808931648,-0.21645257062581458
1113,8.653898221830268,-0.21679094916946878
1114,8.65093671733322,-0.2171288438158041
1115,8.647979325736468,-0.21746625124603355
1116,8.645026077330563,-0.21780316814343847
1117,8.642077002400065,-0.21813959119342152
1118,8.639132131222999,-0.21847551708355895
1119,8.636191494070255,-0.21881094250365413
1120,8.633255121205048,-0.21914586414578952
1121,8.630323042882283,-0.2194802787043815
1122,8.627395289348058,-0.21981418287623086
1123,8.62447189083901,-0.22014757336057827
1124,8.621552877581768,-0.2204804468591563
1125,8.618638279792368,-0.22081280007624274
1126,8.615728127675663,-0.22114462971871418
1127,8.612822451424716,-0.22147593249609937
1128,8.609921281220245,-0.22180670512063252
1129,8.607024647229984,-0.22213694430730738
1130,8.604132579608125,-0.2224666467739301
1131,8.601245108494716,-0.22279580924117262
1132,8.598362264015044,-0.22312442843262753
1133,8.59548407627904,-0.22345250107486103
1134,8.592610575380686,-0.2237800238974667
1135,8.589741791397396,-0.2241069936331197
1136,8.586877754389416,-0.2244334070176304
1137,8.584018494399226,-0.22475926078999828
1138,8.581164041450895,-0.22508455169246663
1139,8.578314425549507,-0.22540927647057546
1140,8.575469676680513,-0.22573343187321712
1141,8.57262982480912,-0.22605701465268954
1142,8.569794899879703,-0.22638002156475012
1143,8.566964931815138,-0.22670244936867112
1144,8.564139950516223,-0.2270242948272925
1145,8.561319985861001,-0.22734555470707837
1146,8.558505067704187,-0.2276662257781694
1147,8.555695225876507,-0.22798630481443824
1148,8.552890490184073,-0.2283057885935442
1149,8.550090890407748,-0.22862467389698748
1150,8.54729645630252,-0.22894295751016402
1151,8.544507217596871,-0.22926063622241954
1152,8.541723203992111,-0.22957770682710515
1153,8.53894444516178,-0.22989416612163113
1154,8.536170970750952,-0.23021001090752308
1155,8.533402810375659,-0.23052523799047475
1156,8.530639993622184,-0.2308398441804049
1157,8.527882550046446,-0.231153826291511
1158,8.525130509173358,-0.23146718114232417
1159,8.522383900496125,-0.23177990555576589
1160,8.519642753475692,-0.23209199635919928
1161,8.516907097539974,-0.2324034503844884
1162,8.514176962083287,-0.2327142644680505
1163,8.511452376465659,-0.23302443545091173
1164,8.508733370012157,-0.2333339601787634
1165,8.506019972012261,-0.23364283550201545
1166,8.503312211719159,-0.23395105827585344
1167,8.500610118349137,-0.2342586253602917
1168,8.49791372108087,-0.23456553362023064
1169,8.49522304905477,-0.23487177992551084
1170,8.492538131372322,-0.23517736115096874
1171,8.489858997095412,-0.23548227417649165
1172,8.48718567524566,-0.23578651588707358
1173,8.484518194803735,-0.23609008317287045
1174,8.48185658470869,-0.2363929729292554
1175,8.479200873857295,-0.2366951820568743
1176,8.476551091103344,-0.236996707461701
1177,8.473907265256988,-0.23729754605509334
1178,8.47126942508405,-0.2375976947538482
1179,8.468637599305348,-0.23789715048025684
1180,8.466011816596009,-0.23819591016216118
1181,8.463392105584786,-0.23849397073300885
1182,8.46077849485338,-0.23879132913190837
1183,8.458171012935743,-0.23908798230368566
1184,8.455569688317393,-0.2393839271989392
1185,8.452974549434746,-0.23967916077409476
1186,8.450385624674395,-0.23997367999146263
1187,8.447802942372444,-0.2402674818192919
1188,8.445226530813786,-0.24056056323182748
1189,8.442656418231438,-0.24085292120936455
1190,8.440092632805847,-0.24114455273830418
1191,8.437535202664177,-0.24143545481120995
1192,8.43498415587962,-0.2417256244268629
1193,8.432439520470703,-0.2420150585903174
1194,8.42990132440058,-0.24230375431295698
1195,8.427369595576346,-0.2425917086125496
1196,8.424844361848315,-0.24287891851330423
1197,8.422325651009352,-0.24316538104592497
1198,8.419813490794121,-0.2434510932476689
1199,8.417307908878431,-0.2437360521623998
1200,8.414808932878511,-0.2440202548406448
1201,8.412316590350303,-0.2443036983396498
1202,8.409830908788745,-0.24458637972343558
1203,8.407351915627086,-0.24486829606285318
1204,8.404879638236174,-0.24514944443563919
1205,8.40241410392374,-0.24542982192647206
1206,8.399955339933681,-0.2457094256270275
1207,8.397503373445376,-0.24598825263603402
1208,8.395058231572955,-0.24626630005932876
1209,8.392619941364568,-0.24654356500991376
1210,8.390188529801737,-0.24682004460800971
1211,8.387764023798573,-0.2470957359811137
1212,8.385346450201112,-0.24737063626405326
1213,8.382935835786572,-0.24764474259904304
1214,8.380532207262656,-0.2479180521357397
1215,8.37813559126682,-0.24819056203129786
1216,8.375746014365584,-0.24846226945042527
1217,8.37336350305378,-0.2487331715654389
1218,8.370988083753883,-0.24900326555631927
1219,8.368619782815236,-0.24927254861076809
1220,8.36625862651338,-0.24954101792426145
1221,8.363904641049329,-0.24980867070010618
1222,8.361557852548822,-0.25007550414949603
1223,8.359218287061656,-0.2503415154915654
1224,8.35688597056091,-0.2506067019534465
1225,8.354560928942275,-0.25087106077032306
1226,8.352243188023305,-0.25113458918548726
1227,8.349932773542719,-0.2513972844503934
1228,8.347629711159652,-0.2516591438247147
1229,8.345334026452981,-0.2519201645763971
1230,8.343045744920564,-0.2521803439817157
1231,8.340764891978539,-0.2524396793253289
1232,8.338491492960602,-0.25269816790033467
1233,8.33622557311728,-0.25295580700832443
1234,8.333967157615236,-0.2532125939594391
1235,8.33171627153653,-0.253468526072423
1236,8.329472939877887,-0.2537236006746805
1237,8.327237187550004,-0.2539778151023294
1238,8.325009039376829,-0.2542311667002567
1239,8.322788520094814,-0.2544836528221733
1240,8.320575654352233,-0.25473527083066855
1241,8.318370466708439,-0.25498601809726545
1242,8.316172981633159,-0.2552358920024751
1243,8.313983223505755,-0.25548488993585206
1244,8.311801216614537,-0.25573300929604775
1245,8.309626985156036,-0.25598024749086573
1246,8.307460553234266,-0.2562266019373171
1247,8.30530194486004,-0.2564720700616734
1248,8.303151183950217,-0.2567166492995225
1249,8.301008294327023,-0.25696033709582217
1250,8.298873299717322,-0.2572031309049545
1251,8.296746223751889,-0.2574450281907808
1252,8.294627089964715,-0.257686026426695
1253,8.292515921792285,-0.2579261230956787
1254,8.290412742572872,-0.25816531569035434
1255,8.28831757554581,-0.25840360171304044
1256,8.286230443850803,-0.2586409786758045
1257,8.284151370527189,-0.25887744410051816
1258,8.282080378513271,-0.25911299551890954
1259,8.280017490645566,-0.2593476304726184
1260,8.27796272965812,-0.2595813465132496
1261,8.275916118181788,-0.2598141412024268
1262,8.273877678743549,-0.2600460121118456
1263,8.271847433765773,-0.2602769568233278
1264,8.269825405565538,-0.26050697292887487
1265,8.267811616353924,-0.26073605803072053
1266,8.265806088235303,-0.26096420974138546
1267,8.263808843206633,-0.2611914256837299
1268,8.261819903156782,-0.26141770349100624
1269,8.259839289865809,-0.26164304080691353
1270,8.257867025004268,-0.2618674352856498
1271,8.25590313013252,-0.2620908845919649
1272,8.25394762670003,-0.26231338640121393
1273,8.252000536044685,-0.2625349383994097
1274,8.25006187939208,-0.26275553828327614
1275,8.248131677854852,-0.2629751837603
1276,8.246209952431972,-0.2631938725487844
1277,8.244296724008061,-0.2634116023779011
1278,8.242392013352717,-0.26362837098774244
1279,8.240495841119808,-0.26384417612937466
1280,8.2386082278468,-0.26405901556488937
1281,8.236729193954071,-0.26427288706745644
1282,8.23485875974424,-0.2644857884213752
1283,8.232996945401476,-0.2646977174221276
1284,8.231143770990823,-0.26490867187642914
1285,8.229299256457534,-0.2651186496022814
1286,8.227463421626387,-0.26532764842902323
1287,8.225636286201018,-0.2655356661973833
1288,8.223817869763238,-0.2657427007595309
1289,8.222008191772384,-0.2659487499791276
1290,8.220207271564645,-0.26615381173137864
1291,8.218415128352406,-0.2663578839030839
1292,8.216631781223553,-0.26656096439269034
1293,8.21485724914086,-0.2667630511103414
1294,8.213091550941284,-0.266964141977929
1295,8.211334705335346,-0.2671642349291444
1296,8.209586730906459,-0.2673633279095285
1297,8.207847646110276,-0.26756141887652274
1298,8.206117469274037,-0.2677585057995202
1299,8.204396218595932,-0.2679545866599153
1300,8.20268391214445,-0.26814965945115443
1301,8.200980567857718,-0.26834372217878677
1302,8.199286203542918,-0.2685367728605127
1303,8.197600836875568,-0.26872880952623623
1304,8.195924485398935,-0.2689198302181134
1305,8.1942571665234,-0.26910983299060237
1306,8.192598897525817,-0.26929881591051286
1307,8.190949695548875,-0.2694867770570567
1308,8.18930957760049,-0.2696737145218961
1309,8.187678560553172,-0.26985962640919364
1310,8.186056661143402,-0.2700445108356617
1311,8.184443895971018,-0.27022836593061095
1312,8.1828402814986,-0.27041118983599965
1313,8.181245834050841,-0.2705929807064829
1314,8.179660569813974,-0.27077373670946026
1315,8.178084504835121,-0.27095345602512577
1316,8.17651765502171,-0.27113213684651566
1317,8.174960036140872,-0.2713097773795566
1318,8.173411663818838,-0.2714863758431145
1319,8.171872553540348,-0.2716619304690422
1320,8.17034272064806,-0.271836439502227
1321,8.168822180341934,-0.27200990120064034
1322,8.167310947678693,-0.27218231383538277
1323,8.165809037571188,-0.27235367569073404
1324,8.164316464787847,-0.2725239850641992
1325,8.1628332439521,-0.27269324026655606
1326,8.161359389541767,-0.272861439621903
1327,8.159894915888545,-0.2730285814677051
1328,8.15843983717738,-0.27319466415484195
1329,8.156994167445935,-0.27335968604765404
1330,8.155557920584052,-0.27352364552398833
1331,8.15413111033313,-0.2736865409752464
1332,8.152713750285608,-0.27384837080643076
1333,8.151305853884436,-0.27400913343618877
1334,8.149907434422461,-0.27416882729686193
1335,8.14851850504195,-0.27432745083452914
1336,8.14713907873399,-0.2744850025090545
1337,8.145769168338013,-0.2746414807941304
1338,8.144408786541224,-0.2747968841773251
1339,8.143057945878045,-0.27495121116012794
1340,8.141716658729647,-0.27510446025799307
1341,8.14038493732339,-0.2752566300003855
1342,8.13906279373229,-0.2754077189308266
1343,8.137750239874551,-0.27555772560693675
1344,8.136447287513,-0.2757066486004819
1345,8.135153948254628,-0.27585448649741645
1346,8.133870233550041,-0.2760012378979284
1347,8.132596154692989,-0.27614690141648324
1348,8.131331722819855,-0.2762914756818673
1349,8.130076948909167,-0.2764349593372321
1350,8.128831843781105,-0.27657735104013775
1351,8.127596418097017,-0.27671864946259633
1352,8.126370682358953,-0.27685885329111454
1353,8.125154646909149,-0.2769979612267382
1354,8.123948321929605,-0.27713597198509327
1355,8.12275171744158,-0.27727288429643004
1356,8.121564843305128,-0.2774086969056655
1357,8.12038770921866,-0.2775434085724248
1358,8.119220324718466,-0.2776770180710846
1359,8.118062699178278,-0.2778095241908141
1360,8.116914841808816,-0.2779409257356176
1361,8.115776761657331,-0.27807122152437624
1362,8.11464846760719,-0.27820041039088894
1363,8.113529968377417,-0.27832849118391423
1364,8.112421272522294,-0.2784554627672109
1365,8.111322388430894,-0.27858132401957947
1366,8.110233324326696,-0.27870607383490276
1367,8.109154088267132,-0.27882971112218685
1368,8.108084688143204,-0.27895223480560094
1369,8.107025131679077,-0.2790736438245173
1370,8.105975426431636,-0.27919393713355295
1371,8.104935579790132,-0.2793131137026075
1372,8.10390559897576,-0.279431172516904
1373,8.102885491041285,-0.2795481125770284
1374,8.10187526287064,-0.27966393289896835
1375,8.100874921178553,-0.27977863251415275
1376,8.099884472510173,-0.2798922104694904
1377,8.098903923240696,-0.28000466582740885
1378,8.097933279574999,-0.2801159976658929
1379,8.096972547547272,-0.28022620507852275
1380,8.096021733020667,-0.28033528717451256
1381,8.095080841686944,-0.280443243078748
1382,8.094149879066125,-0.2805500719318238
1383,8.09322885050615,-0.2806557728900818
1384,8.092317761182535,-0.2807603451256481
1385,8.091416616098035,-0.2808637878264701
1386,8.09052542008234,-0.280966100196353
1387,8.089644177791715,-0.2810672814549978
1388,8.0887728937087,-0.2811673308380368
1389,8.087911572141817,-0.28126624759706914
1390,8.087060217225224,-0.281364030999699
1391,8.086218832918439,-0.28146068032956956
1392,8.085387423006022,-0.2815561948863999
1393,8.084565991097298,-0.28165057398601995
1394,8.083754540626071,-0.2817438169604052
1395,8.082953074850304,-0.2818359231577134
1396,8.082161596851904,-0.28192689194231724
1397,8.081380109536395,-0.28201672269484074
1398,8.080608615632666,-0.2821054148121928
1399,8.079847117692719,-0.28219296770760166
1400,8.079095618091408,-0.28227938081064813
1401,8.07835411902618,-0.28236465356730034
1402,8.077622622516833,-0.28244878543994684
1403,8.07690113040527,-0.28253177590742956
1404,8.076189644355273,-0.2826136244650775
1405,8.075488165852258,-0.282694330624739
1406,8.074796696203052,-0.2827738939148151
1407,8.074115236535699,-0.28285231388029053
1408,8.073443787799189,-0.2829295900827678
1409,8.072782350763292,-0.28300572210049796
1410,8.072130926018362,-0.2830807095284119
1411,8.07148951397512,-0.2831545519781522
1412,8.070858114864418,-0.28322724907810587
1413,8.070236728737134,-0.2832988004734329
1414,8.069625355463938,-0.28336920582609854
1415,8.069023994735108,-0.2834384648149037
1416,8.068432646060394,-0.28350657713551475
1417,8.067851308768827,-0.28357354250049377
1418,8.067279982008557,-0.283639360639329
1419,8.066718664746697,-0.2837040312984637
1420,8.066167355769188,-0.2837675542413259
1421,8.065626053680646,-0.283829929248357
1422,8.065094756904223,-0.2838911561170411
1423,8.064573463681468,-0.28395123466193384
1424,8.064062172072203,-0.2840101647146899
1425,8.06356087995441,-0.28406794612409214
1426,8.063069585024094,-0.284124578756079
1427,8.062588284795181,-0.2841800624937722
1428,8.06211697659943,-0.28423439723750404
1429,8.061655657586304,-0.2842875829048445
1430,8.061204324722889,-0.2843396194306287
1431,8.060762974793814,-0.2843905067669824
1432,8.060331604401144,-0.28444024488335007
1433,8.059910209964322,-0.28448883376651946
1434,8.059498787720102,-0.2845362734206477
1435,8.059097333722452,-0.28458256386728825
1436,8.058705843842523,-0.28462770514541486
1437,8.058324313768582,-0.2846716973114472
1438,8.057952739005959,-0.28471454043927585
1439,8.057591114877026,-0.28475623462028604
1440,8.057239436521106,-0.28479677996338393
1441,8.056897698894502,-0.2848361765950184
1442,8.056565896770428,-0.28487442465920665
1443,8.056244024739007,-0.28491152431755645
1444,8.055932077207247,-0.2849474757492904
1445,8.05563004839903,-0.28498227915126856
1446,8.055337932355124,-0.2850159347380106
1447,8.055055722933156,-0.28504844274171975
1448,8.054783413807643,-0.2850798034123036
1449,8.05452099846999,-0.285110017017397
1450,8.05426847022852,-0.28513908384238296
1451,8.054025822208475,-0.2851670041904151
1452,8.053793047352087,-0.28519377838243737
1453,8.053570138418566,-0.28521940675720653
1454,8.05335708798417,-0.2852438896713115
1455,8.053153888442258,-0.2852672274991939
1456,8.052960532003299,-0.285289420633169
1457,8.05277701069499,-0.2853104694834441
1458,8.05260331636226,-0.28533037447813947
1459,8.052439440667392,-0.2853491360633062
1460,8.052285375090058,-0.28536675470294615
1461,8.052141110927415,-0.2853832308790303
1462,8.052006639294197,-0.2853985650915166
1463,8.0518819511228,-0.285412757858369
1464,8.05176703716337,-0.28542580971557463
1465,8.051661887983922,-0.28543772121716166
1466,8.05156649397045,-0.2854484929352157
1467,8.051480845327013,-0.28545812545989846
1468,8.051404932075892,-0.2854666193994628
1469,8.051338744057686,-0.28547397538026964
1470,8.051282270931464,-0.2854801940468044
1471,8.051235502174888,-0.2854852760616924
1472,8.05119842708436,-0.2854892221057145
1473,8.05117103477516,-0.28549203287782254
1474,8.051153314181622,-0.28549370909515426
1475,8.051145254057277,-0.28549425149304697
1476,8.051146842975001,-0.2854936608250537
1477,8.051158069327235,-0.28549193786295535
1478,8.051178921326095,-0.2854890833967763
1479,8.051209387003599,-0.2854850982347965
1480,8.051249454211861,-0.28547998320356444
1481,8.051299110623232,-0.28547373914791185
1482,8.051358343730532,-0.2854663669309645
1483,8.05142714084727,-0.28545786743415513
1484,8.05150548910779,-0.2854482415572358
1485,8.05159337546757,-0.2854374902182885
1486,8.05169078670337,-0.28542561435373753
1487,8.051797709413494,-0.28541261491835995
1488,8.051914130018003,-0.28539849288529684
1489,8.05204003475895,-0.28538324924606395
1490,8.05217540970064,-0.2853668850105607
1491,8.052320240729863,-0.28534940120708085
1492,8.052474513556126,-0.28533079888232277
1493,8.052638213711951,-0.2853110791013971
1494,8.052811326553108,-0.28529024294783667
1495,8.052993837258878,-0.2852682915236055
1496,8.053185730832345,-0.28524522594910595
1497,8.053386992100675,-0.2852210473631876
1498,8.053597605715378,-0.28519575692315446
1499,8.053817556152612,-0.2851693558047729
1500,8.054046827713476,-0.2851418452022782
1501,8.054285404524299,-0.2851132263283817
1502,8.05453327053696,-0.28508350041427677
1503,8.054790409529176,-0.2850526687096456
1504,8.05505680510484,-0.28502073248266435
1505,8.055332440694322,-0.28498769302000904
1506,8.0556172995548,-0.28495355162686087
1507,8.0559113647706,-0.2849183096269104
1508,8.056214619253508,-0.2848819683623627
1509,8.056527045743135,-0.28484452919394154
1510,8.056848626807223,-0.28480599350089353
1511,8.057179344842055,-0.2847663626809908
1512,8.057519182072758,-0.2847256381505348
1513,8.05786812055368,-0.28468382134435977
1514,8.058226142168758,-0.28464091371583444
1515,8.058593228631882,-0.2845969167368651
1516,8.058969361487279,-0.28455183189789696
1517,8.059354522109876,-0.2845056607079162
1518,8.059748691705702,-0.2844584046944511
1519,8.060151851312268,-0.28441006540357316
1520,8.060563981798955,-0.2843606443998977
1521,8.060985063867427,-0.2843101432665843
1522,8.061415078052024,-0.2842585636053367
1523,8.061854004720168,-0.2842059070364026
1524,8.062301824072797,-0.28415217519857267
1525,8.062758516144745,-0.2840973697491802
1526,8.063224060805197,-0.28404149236409965
1527,8.063698437758115,-0.2839845447377441
1528,8.064181626542641,-0.28392652858306455
1529,8.06467360653356,-0.28386744563154725
1530,8.06517435694173,-0.2838072976332108
1531,8.065683856814536,-0.2837460863566028
1532,8.066202085036329,-0.28368381358879763
1533,8.066729020328873,-0.28362048113539245
1534,8.067264641251835,-0.2835560908205024
1535,8.067808926203215,-0.2834906444867576
1536,8.068361853419828,-0.28342414399529736
1537,8.06892340097778,-0.2833565912257659
1538,8.069493546792936,-0.283287988076307
1539,8.070072268621393,-0.2832183364635584
1540,8.070659544059993,-0.2831476383226449
1541,8.071255350546789,-0.2830758956071732
1542,8.07185966536154,-0.28300311028922487
1543,8.07247246562621,-0.2829292843593493
1544,8.073093728305484,-0.28285441982655596
1545,8.073723430207249,-0.28277851871830745
1546,8.074361547983132,-0.2827015830805108
1547,8.075008058128983,-0.2826236149775099
1548,8.075662936985431,-0.2825446164920753
1549,8.076326160738358,-0.28246458972539756
1550,8.076997705419483,-0.2823835367970749
1551,8.077677546906841,-0.2823014598451062
1552,8.078365660925344,-0.282218361025879
1553,8.079062023047321,-0.28213424251415997
1554,8.079766608693046,-0.28204910650308396
1555,8.080479393131293,-0.28196295520414244
1556,8.081200351479884,-0.281875790847173
1557,8.081929458706234,-0.2817876156803468
1558,8.082666689627935,-0.28169843197015615
1559,8.083412018913283,-0.2816082420014029
1560,8.084165421081861,-0.2815170480771848
1561,8.084926870505118,-0.2814248525188825
1562,8.085696341406912,-0.2813316576661462
1563,8.086473807864117,-0.2812374658768813
1564,8.087259243807178,-0.28114227952723475
1565,8.088052623020706,-0.28104610101158023
1566,8.088853919144066,-0.2809489327425026
1567,8.089663105671967,-0.280850777150783
1568,8.090480155955037,-0.2807516366853839
1569,8.091305043200448,-0.280651513813432
1570,8.0921377404725,-0.2805504110202021
1571,8.092978220693226,-0.28044833080910087
1572,8.093826456643,-0.28034527570164947
1573,8.094682420961151,-0.2802412482374659
1574,8.095546086146577,-0.28013625097424727
1575,8.09641742455835,-0.2800302864877524
1576,8.09729640841635,-0.2799233573717822
1577,8.09818300980188,-0.27981546623816156
1578,8.099077200658291,-0.2797066157167205
1579,8.099978952791632,-0.279596808455273
1580,8.10088823787125,-0.2794860471195988
1581,8.101805027430446,-0.27937433439342235
1582,8.102729292867117,-0.2792616729783923
1583,8.103661005444371,-0.27914806559406097
1584,8.10460013629121,-0.2790335149778619
1585,8.10554665640314,-0.2789180238850894
1586,8.106500536642855,-0.27880159508887564
1587,8.107461747740869,-0.2786842313801684
1588,8.108430260296165,-0.2785659355677091
1589,8.109406044776879,-0.27844671047800823
1590,8.110389071520954,-0.2783265589553227
1591,8.111379310736776,-0.2782054838616326
1592,8.112376732503874,-0.278083488076616
1593,8.113381306773586,-0.2779605744976243
1594,8.114393003369718,-0.2778367460396583
1595,8.115411791989212,-0.2777120056353423
1596,8.116437642202865,-0.27758635623489786
1597,8.117470523455944,-0.27745980080611937
1598,8.118510405068934,-0.27733234233434595
1599,8.119557256238178,-0.27720398382243594
1600,8.120611046036574,-0.2770747282907394
1601,8.121671743414266,-0.276944578777071
1602,8.122739317199352,-0.2768135383366814
1603,8.123813736098562,-0.2766816100422295
1604,8.124894968697955,-0.27654879698375423
1605,8.125982983463611,-0.2764151022686457
1606,8.127077748742357,-0.276280529021615
1607,8.128179232762426,-0.27614508038466634
1608,8.12928740363421,-0.2760087595170652
1609,8.13040222935095,-0.27587156959530873
1610,8.131523677789446,-0.2757335138130952
1611,8.132651716710734,-0.2755945953812934
1612,8.133786313760865,-0.2754548175279101
1613,8.134927436471564,-0.27531418349805903
1614,8.136075052260969,-0.27517269655392895
1615,8.137229128434367,-0.27503035997475
1616,8.138389632184875,-0.2748871770567624
1617,8.139556530594211,-0.27474315111318165
1618,8.140729790633378,-0.2745982854741659
1619,8.141909379163403,-0.27445258348678225
1620,8.14309526293608,-0.27430604851497153
1621,8.14428740859468,-0.27415868393951404
1622,8.145485782674697,-0.2740104931579949
1623,8.146690351604576,-0.27386147958476753
1624,8.147901081706447,-0.27371164665091924
1625,8.149117939196852,-0.2735609978042344
1626,8.150340890187518,-0.27340953650915745
1627,8.151569900686043,-0.2732572662467576
1628,8.152804936596699,-0.27310419051468937
1629,8.154045963721108,-0.2729503128271572
1630,8.155292947759039,-0.2727956367148765
1631,8.15654585430914,-0.2726401657250346
1632,8.157804648869663,-0.2724839034212538
1633,8.15906929683924,-0.27232685338355067
1634,8.160339763517616,-0.27216901920829806
1635,8.161616014106404,-0.27201040450818426
1636,8.16289801370984,-0.27185101291217323
1637,8.164185727335543,-0.2716908480654643
1638,8.165479119895245,-0.2715299136294511
1639,8.16677815620557,-0.2713682132816806
1640,8.168082800988769,-0.2712057507158116
1641,8.169393018873516,-0.27104252964157205
1642,8.170708774395615,-0.2708785537847179
1643,8.172030031998805,-0.27071382688698936
1644,8.17335675603549,-0.27054835270606875
1645,8.174688910767522,-0.27038213501553654
1646,8.176026460366945,-0.27021517760482794
1647,8.177369368916773,-0.27004748427918873
1648,8.178717600411751,-0.26987905885963065
1649,8.18007111875911,-0.26970990518288684
1650,8.181429887779357,-0.2695400271013664
1651,8.182793871207002,-0.2693694284831092
1652,8.184163032691375,-0.2691981132117395
1653,8.18553733579735,-0.26902608518642
1654,8.18691674400615,-0.26885334832180524
1655,8.188301220716069,-0.2686799065479951
1656,8.18969072924332,-0.2685057638104856
1657,8.191085232822713,-0.2683309240701241
1658,8.192484694608499,-0.26815539130305854
1659,8.193889077675102,-0.26797916950069095
1660,8.195298345017914,-0.2678022626696271
1661,8.196712459554059,-0.26762467483162883
1662,8.198131384123158,-0.2674464100235637
1663,8.199555081488114,-0.26726747229735537
1664,8.20098351433587,-0.267087865719934
1665,8.202416645278229,-0.266907594373184
1666,8.203854436852565,-0.26672666235389525
1667,8.205296851522645,-0.26654507377371023
1668,8.20674385167938,-0.26636283275907346
1669,8.208195399641632,-0.26617994345117846
1670,8.209651457656946,-0.2659964100059163
1671,8.211111987902358,-0.2658122365938229
1672,8.212576952485163,-0.26562742740002543
1673,8.21404631344369,-0.26544198662418933
1674,8.215520032748078,-0.2652559184804644
1675,8.216998072301065,-0.2650692271974308
1676,8.218480393938746,-0.2648819170180443
1677,8.219966959431357,-0.26469399219958234
1678,8.22145773048406,-0.2645054570135877
1679,8.22295266873771,-0.2643163157458141
1680,8.224451735769653,-0.26412657269616885
1681,8.225954893094459,-0.26393623217865886
1682,8.227462102164738,-0.2637452985213323
1683,8.228973324371923,-0.2635537760662217
1684,8.23048852104701,-0.26336166916928777
1685,8.232007653461359,-0.26316898220036117
1686,8.233530682827459,-0.26297571954308485
1687,8.235057570299727,-0.262781885594855
1688,8.236588276975251,-0.2625874847667634
1689,8.238122763894593,-0.26239252148353776
1690,8.239660992042555,-0.26219700018348246
1691,8.241202922348945,-0.26200092531841945
1692,8.242748515689364,-0.26180430135362737
1693,8.244297732885974,-0.2616071327677818
1694,8.24585053470829,-0.26140942405289386
1695,8.24740688187393,-0.2612111797142502
1696,8.248966735049388,-0.26101240427035055
1697,8.250530054850833,-0.2608131022528467
1698,8.25209680184485,-0.26061327820648006
1699,8.25366693654924,-0.26041293668901927
1700,8.255240419433784,-0.26021208227119713
1701,8.25681721092099,-0.2600107195366485
1702,8.258397271386901,-0.2598088530818456
1703,8.259980561161841,-0.2596064875160348
1704,8.261567040531192,-0.2594036274611728
1705,8.263156669736153,-0.2592002775518618
1706,8.26474940897454,-0.2589964424352843
1707,8.266345218401508,-0.2587921267711387
1708,8.267944058130345,-0.25858733523157396
1709,8.269545888233246,-0.25838207250112255
1710,8.271150668742058,-0.25817634327663547
1711,8.272758359649048,-0.2579701522672157
1712,8.274368920907683,-0.2577635041941508
1713,8.27598231243339,-0.2575564037908458
1714,8.2775984941043,-0.2573488558027563
1715,8.279217425762024,-0.2571408649873205
1716,8.280839067212414,-0.2569324361138907
1717,8.282463378226325,-0.25672357396366496
1718,8.284090318540363,-0.256514283329619
1719,8.285719847857665,-0.25630456901643545
1720,8.287351925848624,-0.25609443584043645
1721,8.288986512151686,-0.25588388862951217
1722,8.290623566374068,-0.2556729322230518
1723,8.292263048092536,-0.2554615714718726
1724,8.293904916854164,-0.25524981123814894
1725,8.295549132177053,-0.25503765639534215
1726,8.297195653551125,-0.25482511182812795
1727,8.298844440438847,-0.25461218243232575
1728,8.30049545227599,-0.25439887311482595
1729,8.302148648472379,-0.25418518879351776
1730,8.303803988412625,-0.2539711343972169
1731,8.305461431456905,-0.25375671486559204
1732,8.30712093694168,-0.25354193514909146
1733,8.308782464180451,-0.2533268002088697
1734,8.31044597246449,-0.2531113150167143
1735,8.312111421063605,-0.25289548455496985
1736,8.313778769226847,-0.2526793138164653
1737,8.315447976183302,-0.2524628078044373
1738,8.317119001142785,-0.25224597153245604
1739,8.318791803296579,-0.2520288100243501
1740,8.320466341818204,-0.2518113283141295
1741,8.322142575864119,-0.2515935314459105
1742,8.323820464574476,-0.2513754244738385
1743,8.325499967073844,-0.251157012462012
1744,8.327181042471953,-0.2509383004844044
1745,8.32886364986441,-0.25071929362478795
1746,8.33054774833342,-0.2504999969766554
1747,8.332233296948539,-0.2502804156431424
1748,8.333920254767392,-0.2500605547369482
1749,8.335608580836386,-0.24984041938025833
1750,8.337298234191445,-0.24962001470466516
1751,8.338989173858725,-0.24939934585108886
1752,8.340681358855337,-0.24917841796969786
1753,8.342374748190082,-0.24895723621982888
1754,8.344069300864161,-0.24873580576990653
1755,8.34576497587186,-0.24851413179736465
1756,8.347461732201314,-0.24829221948856348
1757,8.349159528835191,-0.2480700740387103
1758,8.350858324751423,-0.247847700651777
1759,8.352558078923897,-0.24762510454041936
1760,8.354258750323183,-0.24740229092589508
1761,8.355960297917239,-0.24717926503798116
1762,8.357662680672108,-0.24695603211489187
1763,8.359365857552623,-0.24673259740319672
1764,8.361069787523128,-0.246508966157736
1765,8.362774429548166,-0.24628514364153867
1766,8.364479742593186,-0.24606113512573838
1767,8.366185685625235,-0.2458369458894897
1768,8.367892217613667,-0.245612581219884
1769,8.369599297530833,-0.24538804641186499
1770,8.371306884352771,-0.24516334676814402
1771,8.373014937059901,-0.244938487599116
1772,8.374723414637733,-0.24471347422277212
1773,8.376432276077534,-0.24448831196461657
1774,8.378141480377021,-0.24426300615757965
1775,8.379850986541065,-0.24403756214193154
1776,8.38156075358237,-0.2438119852651962
1777,8.383270740522129,-0.24358628088206552
1778,8.384980906390755,-0.2433604543543109
1779,8.386691210228511,-0.24313451105069786
1780,8.388401611086229,-0.24290845634689723
1781,8.39011206802597,-0.242682295625398
1782,8.391822540121693,-0.2424560342754198
1783,8.39353298645994,-0.24222967769282408
1784,8.395243366140503,-0.24200323128002596
1785,8.396953638277102,-0.2417767004459052
1786,8.398663761998053,-0.24155009060571755
1787,8.400373696446914,-0.24132340718100553
1788,8.402083400783184,-0.24109665559950869
1789,8.403792834182939,-0.24086984129507383
1790,8.405501955839517,-0.24064296970756513
1791,8.407210724964147,-0.24041604628277463
1792,8.40891910078666,-0.24018907647232962
1793,8.410627042556092,-0.23996206573360382
1794,8.412334509541365,-0.23973501952962606
1795,8.414041461031935,-0.2395079433289886
1796,8.415747856338456,-0.2392808426057554
1797,8.417453654793414,-0.2390537228393709
1798,8.419158815751784,-0.2388265895145677
1799,8.420863298591675,-0.2385994481212745
1800,8.422567062714974,-0.23837230415452376
1801,8.424270067547994,-0.23814516311435818
1802,8.425972272542104,-0.23791803050573904
1803,8.427673637174388,-0.23769091183845167
1804,8.429374120948268,-0.23746381262701288
1805,8.431073683394132,-0.23723673839057732
1806,8.432772284070003,-0.2370096946528426
1807,8.434469882562125,-0.23678268694195675
1808,8.436166438485648,-0.23655572079042186
1809,8.437861911485204,-0.23632880173500134
1810,8.439556261235564,-0.23610193531662435
1811,8.441249447442262,-0.2358751270802905
1812,8.442941429842215,-0.23564838257497478
1813,8.444632168204338,-0.23542170735353246
1814,8.446321622330185,-0.23519510697260276
1815,8.44800975205453,-0.23496858699251347
1816,8.449696517246037,-0.2347421529771841
1817,8.45138187780782,-0.23451581049403059
1818,8.453065793678107,-0.23428956511386728
1819,8.454748224830801,-0.23406342241081166
1820,8.456429131276128,-0.2338373879621865
1821,8.458108473061227,-0.23361146734842259
1822,8.459786210270765,-0.23338566615296155
1823,8.461462303027533,-0.23315998996215823
1824,8.463136711493053,-0.23293444436518257
1825,8.464809395868182,-0.2327090349539221
1826,8.466480316393692,-0.23248376732288328
1827,8.468149433350893,-0.23225864706909324
1828,8.469816707062218,-0.2320336797920008
1829,8.471482097891807,-0.23180887109337808
1830,8.473145566246103,-0.2315842265772215
1831,8.474807072574459,-0.23135975184965182
1832,8.476466577369704,-0.23113545251881532
1833,8.47812404116873,-0.23091133419478455
1834,8.479779424553097,-0.2306874024894574
1835,8.481432688149582,-0.23046366301645863
1836,8.483083792630795,-0.23024012139103797
1837,8.484732698715737,-0.23001678322997104
1838,8.486379367170391,-0.22979365415145794
1839,8.488023758808266,-0.22957073977502382
1840,8.489665834491007,-0.2293480457214165
1841,8.491305555128948,-0.22912557761250626
1842,8.492942881681687,-0.22890334107118407
1843,8.494577775158653,-0.22868134172126056
1844,8.496210196619682,-0.22845958518736398
1845,8.497840107175548,-0.22823807709483923
1846,8.499467467988563,-0.22801682306964513
1847,8.501092240273117,-0.22779582873825266
1848,8.502714385296255,-0.22757509972754214
1849,8.504333864378207,-0.22735464166470173
1850,8.505950638892962,-0.2271344601771244
1851,8.507564670268831,-0.22691456089230433
1852,8.50917591998897,-0.22669494943773544
1853,8.51078434959195,-0.2264756314408074
1854,8.512389920672302,-0.22625661252870233
1855,8.513992594881069,-0.22603789832829188
1856,8.515592333926323,-0.22581949446603372
1857,8.517189099573748,-0.22560140656786692
1858,8.518782853647158,-0.22538364025910929
1859,8.520373558029025,-0.22516620116435293
1860,8.521961174661051,-0.22494909490735937
1861,8.523545665544663,-0.22473232711095678
1862,8.525126992741578,-0.2245159033969344
1863,8.526705118374327,-0.22429982938593804
1864,8.528280004626765,-0.22408411069736622
1865,8.529851613744638,-0.2238687529492641
1866,8.531419908036076,-0.22365376175821974
1867,8.532984849872125,-0.2234391427392583
1868,8.53454640168729,-0.22322490150573684
1869,8.536104525980024,-0.22301104366923932
1870,8.537659185313279,-0.22279757483947074
1871,8.539210342315007,-0.2225845006241515
1872,8.540757959678666,-0.22237182662891256
1873,8.542302000163774,-0.2221595584571879
1874,8.543842426596353,-0.22194770171011077
1875,8.545379201869524,-0.2217362619864053
1876,8.54691228894396,-0.22152524488228173
1877,8.548441650848387,-0.22131465599133027
1878,8.549967250680131,-0.2211045009044137
1879,8.5514890516056,-0.22089478520956118
1880,8.55300701686077,-0.22068551449186244
1881,8.554521109751722,-0.2204766943333595
1882,8.556031293655101,-0.2202683303129415
1883,8.557537532018655,-0.2200604280062361
1884,8.559039788361682,-0.21985299298550418
1885,8.560538026275568,-0.2196460308195311
1886,8.56203220942425,-0.2194395470735204
1887,8.563522301544731,-0.21923354730898628
1888,8.565008266447524,-0.21902803708364618
1889,8.566490068017199,-0.21882302195131287
1890,8.567967670212822,-0.21861850746178763
1891,8.569441037068447,-0.21841449916075206
1892,8.57091013269362,-0.2182110025896601
1893,8.572374921273836,-0.21800802328563054
1894,8.573835367071032,-0.2178055667813388
1895,8.57529143442403,-0.21760363860491017
1896,8.576743087749058,-0.21740224427980975
1897,8.578190291540205,-0.21720138932473543
1898,8.57963301036988,-0.21700107925350948
1899,8.5810712088893,-0.2168013195749705
1900,8.582504851828945,-0.21660211579286479
1901,8.58393390399904,-0.21640347340573735
1902,8.585358330289989,-0.21620539790682514
1903,8.586778095672877,-0.21600789478394644
1904,8.58819316519992,-0.21581096951939327
1905,8.589603504004902,-0.21561462758982297
1906,8.59100907730365,-0.21541887446614955
1907,8.592409850394501,-0.2152237156134337
1908,8.593805788658743,-0.2150291564907753
1909,8.595196857561074,-0.21483520255120392
1910,8.596583022650059,-0.21464185924156978
1911,8.597964249558556,-0.21444913200243546
1912,8.599340504004202,-0.21425702626796625
1913,8.60071175178984,-0.21406554746582093
1914,8.602077958803939,-0.2138747010170442
1915,8.6034390910211,-0.2136844923359552
1916,8.604795114502442,-0.2134949268300401
1917,8.606145995396066,-0.21330600989984277
1918,8.607491699937492,-0.21311774693885496
1919,8.608832194450105,-0.2129301433334067
1920,8.610167445345576,-0.21274320446255837
1921,8.611497419124294,-0.21255693569799083
1922,8.612822082375823,-0.21237134240389527
1923,8.614141401779309,-0.21218642993686526
1924,8.61545534410392,-0.21200220364578617
1925,8.616763876209271,-0.21181866887172718
1926,8.618066965045855,-0.21163583094783026
1927,8.619364577655473,-0.21145369519920196
1928,8.620656681171646,-0.2112722669428037
1929,8.621943242820041,-0.2110915514873423
1930,8.623224229918899,-0.21091155413316054
1931,8.62449960987944,-0.21073228017212833
1932,8.625769350206289,-0.21055373488753243
1933,8.627033418497886,-0.21037592355396806
1934,8.62829178244694,-0.21019885143722777
1935,8.629544409840772,-0.21002252379419428
1936,8.630791268561778,-0.2098469458727297
1937,8.63203232658782,-0.20967212291156648
1938,8.633267551992647,-0.20949806014019828
1939,8.634496912946291,-0.20932476277877018
1940,8.635720377715478,-0.20915223603796976
1941,8.636937914664031,-0.20898048511891776
1942,8.638149492253264,-0.20880951521305907
1943,8.639355079042401,-0.20863933150205266
1944,8.640554643688976,-0.20846993915766285
1945,8.641748154949209,-0.2083013433416505
1946,8.64293558167842,-0.20813354920566343
1947,8.644116892831429,-0.20796656189112733
1948,8.645292057462926,-0.207800386529137
1949,8.646461044727909,-0.2076350282403463
1950,8.647623823882022,-0.2074704921348608
1951,8.648780364281983,-0.2073067833121273
1952,8.649930635385958,-0.2071439068608258
1953,8.651074606753946,-0.2069818678587605
1954,8.652212248048187,-0.20682067137275018
1955,8.6533435290335,-0.20666032245852103
1956,8.654468419577716,-0.20650082616059662
1957,8.655586889652033,-0.2063421875121894
1958,8.656698909331398,-0.20618441153509293
1959,8.657804448794904,-0.20602750323957217
1960,8.658903478326135,-0.20587146762425623
1961,8.659995968313579,-0.20571630967602872
1962,8.661081889250967,-0.20556203436992082
1963,8.662161211737672,-0.20540864666900188
1964,8.66323390647908,-0.20525615152427157
1965,8.66429994428695,-0.2051045538745519
1966,8.665359296079789,-0.2049538586463792
1967,8.666411932883207,-0.20480407075389626
1968,8.667457825830324,-0.20465519509874358
1969,8.668496946162076,-0.20450723656995343
1970,8.669529265227625,-0.2043602000438403
1971,8.67055475448473,-0.20421409038389357
1972,8.671573385500052,-0.20406891244067124
1973,8.672585129949564,-0.20392467105169165
1974,8.6735899596189,-0.20378137104132565
1975,8.674587846403702,-0.20363901722069042
1976,8.67557876230999,-0.20349761438754144
1977,8.676562679454493,-0.20335716732616654
1978,8.677539570065044,-0.20321768080727742
1979,8.67850940648089,-0.20307915958790454
1980,8.679472161153086,-0.20294160841128864
1981,8.680427806644786,-0.2028050320067765
1982,8.681376315631654,-0.20266943508971202
1983,8.682317660902186,-0.2025348223613312
1984,8.683251815358044,-0.20240119850865546
1985,8.684178752014416,-0.20226856820438657
1986,8.685098444000365,-0.20213693610679875
1987,8.686010864559154,-0.20200630685963444
1988,8.686915987048607,-0.20187668509199783
1989,8.687813784941437,-0.20174807541824943
1990,8.688704231825582,-0.20162048243790076
1991,8.689587301404558,-0.20149391073550862
1992,8.690462967497783,-0.20136836488057017
1993,8.691331204040916,-0.20124384942741813
1994,8.692191985086204,-0.20112036891511503
1995,8.693045284802775,-0.20099792786734985
1996,8.693891077477042,-0.2008765307923312
1997,8.694729337512946,-0.2007561821826858
1998,8.69556003943236,-0.2006368865153515
1999,8.696383157875376,-0.20051864825147453
2000,8.697198667600642,-0.2004014718363054
2001,8.698006543485695,-0.20028536169909453
2002,8.698806760527276,-0.20017032225298928
2003,8.699599293841667,-0.20005635789492968
2004,8.700384118665003,-0.19994347300554546
2005,8.701161210353597,-0.19983167194905302
2006,8.701930544384256,-0.19972095907315238
2007,8.702692096354609,-0.199611338708924
2008,8.703445841983413,-0.199502815170727
2009,8.70419175711089,-0.19939539275609527
2010,8.704929817699016,-0.19928907574563673
2011,8.705659999831873,-0.1991838684029296
2012,8.706382279715916,-0.19907977497442234
2013,8.70709663368033,-0.19897679968933013
2014,8.707803038177309,-0.19887494675953474
2015,8.70850146978238,-0.1987742203794825
2016,8.709191905194722,-0.19867462472608294
2017,8.709874321237454,-0.19857616395860833
2018,8.710548694857968,-0.1984788422185924
2019,8.711215003128196,-0.19838266362973078
2020,8.711873223244957,-0.19828763229777943
2021,8.712523332530232,-0.19819375231045563
2022,8.713165308431481,-0.19810102773733698
2023,8.713799128521954,-0.19800946262976232
2024,8.714424770500957,-0.1979190610207325
2025,8.715042212194192,-0.1978298269248101
2026,8.715651431554035,-0.19774176433802135
2027,8.716252406659825,-0.19765487723775718
2028,8.716845115718195,-0.19756916958267365
2029,8.717429537063323,-0.19748464531259485
2030,8.718005649157263,-0.19740130834841396
2031,8.718573430590208,-0.19731916259199594
2032,8.719132860080823,-0.1972382119260785
2033,8.719683916476495,-0.1971584602141763
2034,8.720226578753648,-0.19707991130048266
2035,8.720760826018026,-0.19700256900977298
2036,8.721286637504972,-0.19692643714730815
2037,8.721803992579742,-0.19685151949873747
2038,8.722312870737753,-0.1967778198300033
2039,8.722813251604903,-0.19670534188724417
2040,8.723305114937844,-0.19663408939669935
2041,8.723788440624258,-0.19656406606461377
2042,8.72426320868314,-0.19649527557714272
2043,8.724729399265097,-0.19642772160025593
2044,8.725186992652613,-0.196361407779644
2045,8.725635969260322,-0.19629633774062388
2046,8.72607630963531,-0.19623251508804374
2047,8.726507994457368,-0.19616994340619037
2048,8.726931004539294,-0.19610862625869427
2049,8.727345320827137,-0.1960485671884375
2050,8.727750924400505,-0.19598976971745957
2051,8.728147796472816,-0.19593223734686543
2052,8.728535918391575,-0.19587597355673275
2053,8.728915271638657,-0.19582098180601926
2054,8.729285837830563,-0.19576726553247129
2055,8.729647598718698,-0.1957148281525321
2056,8.730000536189646,-0.19566367306125002
2057,8.73034463226542,-0.19561380363218828
2058,8.730679869103751,-0.1955652232173331
2059,8.731006228998341,-0.1955179351470041
2060,8.731323694379123,-0.19547194272976412
2061,8.731632247812543,-0.19542724925232852
2062,8.731931872001809,-0.19538385797947658
2063,8.732222549787164,-0.19534177215396156
2064,8.732504264146138,-0.19530099499642198
2065,8.732776998193806,-0.19526152970529356
2066,8.733040735183073,-0.19522337945671944
2067,8.733295458504898,-0.1951865474044638
2068,8.733541151688577,-0.1951510366798232
2069,8.733777798401984,-0.19511685039153973
2070,8.734005382451835,-0.19508399162571358
2071,8.734223887783962,-0.195052463445716
2072,8.734433298483532,-0.19502226889210375
2073,8.734633598775316,-0.19499341098253295
2074,8.734824773023943,-0.19496589271167278
2075,8.735006805734164,-0.19493971705112026
2076,8.73517968155107,-0.19491488694931586
2077,8.735343385260391,-0.19489140533145724
2078,8.735497901788689,-0.194869275099417
2079,8.735643216203645,-0.194848499131657
2080,8.735779313714296,-0.19482908028314525
2081,8.735906179671279,-0.19481102138527281
2082,8.736023799567075,-0.19479432524577045
2083,8.736132159036256,-0.19477899464862644
2084,8.73623124385574,-0.1947650323540034
2085,8.736321039945008,-0.1947524410981576
2086,8.736401533366369,-0.1947412235933567
2087,8.736472710325199,-0.19473138252779848
2088,8.736534557170165,-0.1947229205655306
2089,8.736587060393486,-0.19471584034636927
2090,8.736630206631148,-0.19471014448582047
2091,8.736663982663167,-0.1947058355749987
2092,8.7366883754138,-0.1947029161805493
2093,8.736703371951817,-0.19470138884456745
2094,8.736708959490691,-0.19470125608452182
2095,8.736705125388863,-0.19470252039317498
2096,8.736691857149973,-0.1947051842385058
2097,8.73666914242308,-0.19470925006363227
2098,8.736636969002907,-0.1947147202867342
2099,8.736595324830065,-0.19472159730097696
2100,8.736544197991279,-0.19472988347443493
2101,8.73648357671962,-0.19473958115001577
2102,8.736413449394753,-0.1947506926453846
2103,8.736333804543118,-0.19476322025288986
2104,8.736244630838211,-0.19477716623948751
2105,8.736145917100778,-0.19479253284666714
2106,8.736037652299052,-0.19480932229037837
2107,8.735919825548955,-0.19482753676095776
2108,8.735792426114358,-0.19484717842305468
2109,8.735655443407255,-0.19486824941556033
2110,8.735508866988052,-0.19489075185153307
2111,8.735352686565724,-0.1949146878181291
2112,8.735186891998062,-0.19494005937652994
2113,8.735011473291895,-0.19496686856187148
2114,8.734826420603307,-0.19499511738317343
2115,8.73463172423784,-0.19502480782326975
2116,8.734427374650734,-0.1950559418387384
2117,8.734213362447118,-0.19508852135983235
2118,8.73398967838225,-0.19512254829041054
2119,8.733756313361704,-0.19515802450787004
2120,8.733513258441622,-0.19519495186307717
2121,8.73326050482887,-0.19523333218030145
2122,8.732998043881304,-0.1952731672571469
2123,8.732725867107963,-0.19531445886448623
2124,8.732443966169253,-0.1953572087463951
2125,8.732152332877186,-0.19540141862008586
2126,8.731850959195597,-0.19544709017584164
2127,8.731539837240318,-0.19549422507695266
2128,8.731218959279401,-0.19554282495965158
2129,8.730888317733323,-0.19559289143304934
2130,8.730547905175207,-0.1956444260790712
2131,8.73019771433099,-0.19569743045239513
2132,8.729837738079668,-0.19575190608038748
2133,8.729467969453456,-0.19580785446304272
2134,8.729088401638027,-0.19586527707292062
2135,8.728699027972688,-0.1959241753550855
2136,8.728299841950596,-0.19598455072704504
2137,8.727890837218943,-0.1960464045786912
2138,8.727472007579172,-0.19610973827223935
2139,8.727043346987157,-0.19617455314216944
2140,8.726604849553395,-0.19624085049516798
2141,8.726156509543229,-0.1963086316100682
2142,8.725698321377024,-0.19637789773779338
2143,8.725230279630356,-0.19644865010129928
2144,8.724752379034227,-0.19652088989551686
2145,8.724264614475224,-0.19659461828729693
2146,8.723766980995743,-0.19666983641535316
2147,8.72325947379416,-0.1967465453902073
2148,8.722742088225031,-0.19682474629413413
2149,8.722214819799284,-0.19690444018110698
2150,8.721677664184378,-0.1969856280767445
2151,8.721130617204533,-0.19706831097825628
2152,8.720573674840892,-0.19715248985439038
2153,8.720006833231695,-0.1972381656453816
2154,8.7194300886725,-0.1973253392628982
2155,8.718843437616327,-0.19741401158999214
2156,8.718246876673879,-0.19750418348104654
2157,8.717640402613684,-0.1975958557617269
2158,8.717024012362314,-0.19768902922893028
2159,8.716397703004539,-0.1977837046507361
2160,8.715761471783507,-0.19787988276635815
2161,8.715115316100944,-0.197977564286095
2162,8.714459233517314,-0.19807674989128315
2163,8.713793221751999,-0.1981774402342494
2164,8.71311727868348,-0.19827963593826434
2165,8.712431402349509,-0.19838333759749593
2166,8.711735590947267,-0.19848854577696445
2167,8.711029842833577,-0.19859526101249608
2168,8.710314156525033,-0.19870348381067973
2169,8.709588530698188,-0.19881321464882282
2170,8.708852964189735,-0.19892445397490624
2171,8.70810745599668,-0.19903720220754265
2172,8.707352005276476,-0.19915145973593418
2173,8.70658661134723,-0.19926722691982976
2174,8.705811273687846,-0.19938450408948438
2175,8.705025991938196,-0.19950329154561774
2176,8.704230765899313,-0.19962358955937376
2177,8.703425595533492,-0.19974539837228217
2178,8.702610480964521,-0.1998687181962178
2179,8.701785422477798,-0.1999935492133629
2180,8.700950420520522,-0.20011989157616814
2181,8.700105475701818,-0.20024774540731669
2182,8.699250588792937,-0.20037711079968534
2183,8.698385760727401,-0.20050798781630907
2184,8.697510992601128,-0.2006403764903458
2185,8.696626285672636,-0.2007742768250397
2186,8.695731641363182,-0.20090968879368729
2187,8.694827061256902,-0.20104661233960325
2188,8.69391254710099,-0.20118504737608656
2189,8.692988100805819,-0.20132499378638793
2190,8.692053724445127,-0.20146645142367675
2191,8.69110942025614,-0.20160942011100993
2192,8.69015519063975,-0.20175389964129936
2193,8.689191038160637,-0.20189988977728254
2194,8.68821696554742,-0.2020473902514921
2195,8.687232975692831,-0.20219640076622522
2196,8.686239071653828,-0.20234692099351592
2197,8.685235256651767,-0.20249895057510545
2198,8.684221534072519,-0.20265248912241565
2199,8.683197907466635,-0.20280753621652087
2200,8.682164380549482,-0.20296409140812147
2201,8.681120957201376,-0.20312215421751795
2202,8.680067641467735,-0.2032817241345849
2203,8.679004437559202,-0.20344280061874712
2204,8.677931349851798,-0.2036053830989542
2205,8.676848382887059,-0.20376947097365722
2206,8.675755541372157,-0.20393506361078556
2207,8.67465283018003,-0.20410216034772555
2208,8.673540254349554,-0.2042707604912962
2209,8.672417819085636,-0.20444086331772957
2210,8.671285529759368,-0.20461246807264946
2211,8.670143391908146,-0.20478557397105163
2212,8.668991411235803,-0.20496018019728382
2213,8.667829593612739,-0.20513628590502714
2214,8.666657945076043,-0.20531389021727772
2215,8.665476471829624,-0.20549299222632914
2216,8.664285180244345,-0.20567359099375435
2217,8.663084076858114,-0.20585568555039105
2218,8.661873168376053,-0.20603927489632384
2219,8.660652461670587,-0.20622435800087013
2220,8.659421963781575,-0.20641093380256526
2221,8.658181681916425,-0.20659900120914845
2222,8.656931623450212,-0.2067885590975492
2223,8.655671795925821,-0.20697960631387446
2224,8.654402207054021,-0.2071721416733967
2225,8.653122864713602,-0.20736616396054242
2226,8.651833776951493,-0.2075616719288807
2227,8.650534951982854,-0.207758664301114
2228,8.649226398191226,-0.20795713976906655
2229,8.647908124128593,-0.2081570969936775
2230,8.64658013851553,-0.20835853460499043
2231,8.645242450241286,-0.20856145120214742
2232,8.6438950683639,-0.20876584535338055
2233,8.642538002110319,-0.2089717155960056
2234,8.64117126087647,-0.2091790604364168
2235,8.639794854227405,-0.20938787835008044
2236,8.63840879189736,-0.20959816778153123
2237,8.637013083789881,-0.20980992714436797
2238,8.635607739977916,-0.21002315482125022
2239,8.634192770703919,-0.21023784916389496
2240,8.632768186379947,-0.21045400849307497
2241,8.63133399758774,-0.21067163109861767
2242,8.629890215078827,-0.21089071523940406
2243,8.628436849774621,-0.21111125914336826
2244,8.626973912766497,-0.21133326100749847
2245,8.625501415315899,-0.21155671899783765
2246,8.624019368854427,-0.21178163124948518
2247,8.622527784983909,-0.21200799586659988
2248,8.621026675476484,-0.212235810922403
2249,8.619516052274733,-0.21246507445918086
2250,8.617995927491698,-0.2126957844882906
2251,8.616466313411017,-0.21292793899016388
2252,8.614927222486967,-0.21316153591431394
2253,8.613378667344557,-0.21339657317934096
2254,8.611820660779626,-0.2136330486729387
2255,8.610253215758895,-0.21387096025190266
2256,8.608676345420031,-0.21411030574213916
2257,8.60709006307176,-0.21435108293867247
2258,8.605494382193898,-0.214593289605656
2259,8.60388931643745,-0.21483692347638153
2260,8.602274879624675,-0.2150819822532902
2261,8.600651085749144,-0.2153284636079845
2262,8.59901794897581,-0.21557636518124038
2263,8.597375483641068,-0.2158256845830202
2264,8.595723704252844,-0.2160764193924852
2265,8.594062625490613,-0.21632856715801171
2266,8.592392262205495,-0.21658212539720448
2267,8.59071262942031,-0.21683709159691206
2268,8.589023742329609,-0.21709346321324455
2269,8.587325616299754,-0.21735123767158898
2270,8.585618266868986,-0.21761041236662687
2271,8.583901709747437,-0.2178709846623533
2272,8.582175960817208,-0.2181329518920954
2273,8.580441036132417,-0.2183963113585318
2274,8.578696951919222,-0.21866106033371308
2275,8.57694372457592,-0.21892719605908165
2276,8.575181370672935,-0.21919471574549476
2277,8.573409906952895,-0.2194636165732457
2278,8.571629350330657,-0.21973389569208715
2279,8.56983971789336,-0.22000555022125431
2280,8.56804102690045,-0.2202785772494897
2281,8.56623329478372,-0.2205529738350678
2282,8.56441653914735,-0.2208287370058204
2283,8.562590777767937,-0.2211058637591631
2284,8.560756028594518,-0.2213843510621223
2285,8.558912309748624,-0.22166419585136227
2286,8.557059639524276,-0.2219453950332143
2287,8.555198036388024,-0.22222794548370506
2288,8.553327518978973,-0.22251184404858676
2289,8.551448106108817,-0.22279708754336638
2290,8.549559816761823,-0.22308367275333818
2291,8.547662670094903,-0.22337159643361373
2292,8.545756685437574,-0.2236608553091561
2293,8.543841882292016,-0.22395144607481107
2294,8.54191828033306,-0.22424336539534234
2295,8.539985899408226,-0.22453660990546453
2296,8.538044759537692,-0.2248311762098797
2297,8.53609488091434,-0.2251270608833121
2298,8.534136283903745,-0.22542426047054478
2299,8.532168989044166,-0.22572277148645736
2300,8.530193017046573,-0.22602259041606304
2301,8.528208388794633,-0.2263237137145471
2302,8.52621512534471,-0.2266261378073069
2303,8.52421324792586,-0.2269298590899906
2304,8.522202777939826,-0.22723487392853886
2305,8.520183736961023,-0.22754117865922516
2306,8.518156146736542,-0.2278487695886981
2307,8.516120029186128,-0.22815764299402372
2308,8.514075406402167,-0.22846779512272933
2309,8.512022300649663,-0.22877922219284696
2310,8.509960734366228,-0.2290919203929586
2311,8.507890730162066,-0.22940588588224037
2312,8.505812310819934,-0.2297211147905099
2313,8.503725499295141,-0.23003760321827185
2314,8.501630318715494,-0.23035534723676657
2315,8.49952679238128,-0.23067434288801697
2316,8.497414943765254,-0.2309945861848777
2317,8.49529479651256,-0.23131607311108524
2318,8.493166374440749,-0.23163879962130696
2319,8.491029701539691,-0.2319627616411929
2320,8.488884801971578,-0.2322879550674264
2321,8.486731700070854,-0.2326143757677768
2322,8.48457042034418,-0.23294201958115227
2323,8.48240098747038,-0.23327088231765375
2324,8.480223426300396,-0.23360095975862832
2325,8.47803776185724,-0.23393224765672513
2326,8.475844019335947,-0.23426474173594944
2327,8.47364222410348,-0.23459843769172148
2328,8.471432401698713,-0.23493333119093127
2329,8.469214577832375,-0.23526941787199668
2330,8.466988778386932,-0.23560669334492262
2331,8.464755029416581,-0.23594515319135945
2332,8.462513357147156,-0.23628479296466254
2333,8.460263787976036,-0.23662560818995362
2334,8.458006348472113,-0.23696759436418088
2335,8.455741065375689,-0.23731074695618126
2336,8.453467965598398,-0.23765506140674297
2337,8.451187076223137,-0.23800053312866845
2338,8.448898424503973,-0.23834715750683827
2339,8.44660203786607,-0.23869492989827532
2340,8.44429794390557,-0.2390438456322111
2341,8.441986170389526,-0.23939390001015082
2342,8.439666745255812,-0.2397450883059397
2343,8.437339696613012,-0.24009740576583066
2344,8.435005052740335,-0.24045084760855215
2345,8.432662842087487,-0.2408054090253772
2346,8.43031309327459,-0.24116108518019205
2347,8.427955835092066,-0.2415178712095666
2348,8.425591096500531,-0.24187576222282492
2349,8.423218906630666,-0.24223475330211694
2350,8.420839294783121,-0.24259483950248986
2351,8.418452290428393,-0.24295601585196108
2352,8.416057923206688,-0.24331827735159203
2353,8.413656222927818,-0.24368161897556173
2354,8.41124721957106,-0.24404603567124156
2355,8.408830943285023,-0.24441152235927116
2356,8.40640742438753,-0.24477807393363415
2357,8.403976693365468,-0.24514568526173489
2358,8.401538780874649,-0.24551435118447626
2359,8.399093717739683,-0.24588406651633704
2360,8.396641534953817,-0.24625482604545187
2361,8.394182263678779,-0.2466266245336901
2362,8.391715935244662,-0.24699945671673532
2363,8.389242581149743,-0.24737331730416723
2364,8.386762233060322,-0.2477482009795427
2365,8.384274922810564,-0.24812410240047839
2366,8.381780682402358,-0.2485010161987325
2367,8.379279544005124,-0.2488789369802893
2368,8.37677153995564,-0.2492578593254433
2369,8.374256702757906,-0.24963777778888344
2370,8.371735065082934,-0.2500186868997787
2371,8.369206659768572,-0.2504005811618648
2372,8.366671519819327,-0.2507834550535311
2373,8.364129678406176,-0.25116730302790785
2374,8.36158116886638,-0.251552119512954
2375,8.359026024703303,-0.2519378989115462
2376,8.356464279586177,-0.25232463560156937
2377,8.353895967349954,-0.25271232393600523
2378,8.351321121995065,-0.2531009582430241
2379,8.348739777687227,-0.2534905328260763
2380,8.346151968757228,-0.25388104196398464
2381,8.343557729700716,-0.2542724799110364
2382,8.340957095177998,-0.25466484089707725
2383,8.338350100013791,-0.25505811912760545
2384,8.335736779197019,-0.25545230878386666
2385,8.333117167880575,-0.2558474040229492
2386,8.330491301381095,-0.2562433989778803
2387,8.32785921517873,-0.2566402877577225
2388,8.325220944916884,-0.2570380644476718
2389,8.322576526401992,-0.2574367231091553
2390,8.319925995603283,-0.257836257779929
2391,8.317269388652518,-0.2582366624741785
2392,8.314606741843722,-0.2586379311826186
2393,8.311938091632943,-0.2590400578725939
2394,8.309263474638003,-0.25944303648817957
2395,8.306582927638205,-0.2598468609502843
2396,8.303896487574091,-0.26025152515675193
2397,8.301204191547164,-0.2606570229824648
2398,8.298506076819589,-0.26106334827944844
2399,8.295802180813947,-0.261470494876975
2400,8.293092541112925,-0.2618784565816691
2401,8.290377195459046,-0.2622872271776131
2402,8.287656181754361,-0.262696800426454
2403,8.284929538060169,-0.26310717006751
2404,8.282197302596705,-0.26351832981787865
2405,8.279459513742834,-0.26393027337254465
2406,8.276716210035767,-0.2643429944044891
2407,8.273967430170721,-0.2647564865647987
2408,8.271213213000605,-0.26517074348277675
2409,8.268453597535716,-0.2655857587660531
2410,8.265688622943403,-0.26600152600069615
2411,8.26291832854774,-0.26641803875132425
2412,8.260142753829188,-0.26683529056121924
2413,8.257361938424268,-0.2672532749524393
2414,8.254575922125213,-0.2676719854259326
2415,8.25178474487963,-0.268091415461652
2416,8.248988446790129,-0.26851155851867065
2417,8.24618706811398,-0.26893240803529767
2418,8.24338064926277,-0.26935395742919344
2419,8.240569230802008,-0.2697762000974884
2420,8.237752853450782,-0.2701991294168989
2421,8.234931558081374,-0.2706227387438466
2422,8.232105385718897,-0.2710470214145764
2423,8.229274377540886,-0.27147197074527674
2424,8.226438574876926,-0.27189758003219944
2425,8.223598019208278,-0.2723238425517795
2426,8.220752752167458,-0.272750751560757
2427,8.217902815537856,-0.27317830029629875
2428,8.215048251253311,-0.27360648197612125
2429,8.212189101397724,-0.27403528979861236
2430,8.209325408204625,-0.2744647169429562
2431,8.20645721405677,-0.27489475656925677
2432,8.203584561485705,-0.2753254018186627
2433,8.200707493171333,-0.2757566458134929
2434,8.197826051941496,-0.2761884816573624
2435,8.194940280771522,-0.2766209024353084
2436,8.192050222783806,-0.277053901213918
2437,8.189155921247327,-0.27748747104145566
2438,8.186257419577222,-0.27792160494799156
2439,8.183354761334314,-0.27835629594553013
2440,8.180447990224659,-0.2787915370281398
2441,8.177537150099065,-0.2792273211720829
2442,8.174622284952624,-0.2796636413359462
2443,8.171703438924252,-0.28010049046077184
2444,8.168780656296175,-0.2805378614701894
2445,8.16585398149345,-0.2809757472705479
2446,8.162923459083485,-0.2814141407510488
2447,8.15998913377554,-0.28185303478387874
2448,8.157051050420199,-0.2822924222243443
2449,8.154109254008876,-0.28273229591100646
2450,8.151163789673298,-0.28317264866581515
2451,8.148214702684996,-0.28361347329424486
2452,8.145262038454755,-0.2840547625854313
2453,8.14230584253212,-0.2844965093123069
2454,8.139346160604832,-0.28493870623173967
2455,8.136383038498279,-0.2853813460846701
2456,8.13341652217497,-0.28582442159624927
2457,8.13044665773398,-0.28626792547597835
2458,8.127473491410376,-0.28671185041784736
2459,8.124497069574682,-0.2871561891004754
2460,8.121517438732283,-0.2876009341872508
2461,8.118534645522864,-0.2880460783264728
2462,8.115548736719816,-0.28849161415149244
2463,8.112559759229661,-0.2889375342808552
2464,8.109567760091474,-0.28938383131844214
2465,8.106572786476248,-0.2898304978536152
2466,8.103574885686339,-0.2902775264613585
2467,8.100574105154818,-0.2907249097024239
2468,8.097570492444879,-0.29117264012347516
2469,8.094564095249199,-0.29162071025723346
2470,8.091554961389333,-0.29206911262262225
2471,8.08854313881506,-0.2925178397249144
2472,8.085528675603772,-0.2929668840558778
2473,8.082511619959812,-0.29341623809392314
2474,8.07949202021382,-0.2938658943042516
2475,8.076469924822094,-0.2943158451390026
2476,8.07344538236592,-0.2947660830374026
2477,8.0704184415509,-0.2952166004259144
2478,8.067389151206285,-0.29566738971838635
2479,8.064357560284293,-0.2961184433162031
2480,8.06132371785942,-0.29656975360843535
2481,8.05828767312775,-0.2970213129719917
2482,8.05524947540626,-0.29747311377176977
2483,8.052209174132114,-0.29792514836080775
2484,8.049166818861945,-0.2983774090804382
2485,8.046122459271158,-0.29882988826043944
2486,8.043076145153181,-0.2992825782191901
2487,8.040027926418759,-0.2997354712638224
2488,8.036977853095207,-0.3001885596903767
2489,8.033925975325664,-0.3006418357839565
2490,8.030872343368353,-0.30109529181888317
2491,8.02781700759582,-0.30154892005885225
2492,8.024760018494193,-0.30200271275708895
2493,8.021701426662387,-0.30245666215650535
2494,8.018641282811338,-0.3029107604898572
2495,8.015579637763228,-0.3033649999799016
2496,8.012516542450706,-0.3038193728395544
2497,8.009452047916083,-0.3042738712720489
2498,8.006386205310532,-0.304728487471095
2499,8.003319065893287,-0.30518321362103756
2500,8.00025068103082,-0.3056380418970173
2501,7.997181102196039,-0.3060929644651295
2502,7.994110380967455,-0.3065479734825853
2503,7.991038569028333,-0.3070030610978727
2504,7.987965718165879,-0.3074582194509173
2505,7.984891880270385,-0.3079134406732442
2506,7.981817107334357,-0.308368716888141
2507,7.978741451451684,-0.30882404021081905
2508,7.9756649648167475,-0.3092794027485776
2509,7.972587699723569,-0.3097347966009662
2510,7.969509708564918,-0.31019021385994877
2511,7.9664310438314265,-0.31064564661006827
2512,7.9633517581107,-0.31110108692861066
2513,7.9602719040864125,-0.31155652688576957
2514,7.9571915345374,-0.31201195854481273
2515,7.954110702336758,-0.31246737396224605
2516,7.951029460450894,-0.3129227651879815
2517,7.947947861938633,-0.31337812426550193
2518,7.944865959950247,-0.3138334432320293
2519,7.94178380772655,-0.3142887141186904
2520,7.938701458597925,-0.3147439289506856
2521,7.935618965983366,-0.31519907974745637
2522,7.932536383389537,-0.31565415852285345
2523,7.929453764409781,-0.31610915728530536
2524,7.9263711627231475,-0.316564068037988
2525,7.923288632093416,-0.3170188827789932
2526,7.9202062263681166,-0.31747359350149834
2527,7.917123999477491,-0.31792819219393775
2528,7.914042005433534,-0.3183826708401711
2529,7.9109602983289395,-0.318837021419656
2530,7.907878932336119,-0.3192912359076171
2531,7.904797961706153,-0.3197453062752192
2532,7.901717440767765,-0.3201992244897376
2533,7.898637423926268,-0.3206529825147311
2534,7.895557965662543,-0.3211065723102136
2535,7.89247912053195,-0.32155998583282697
2536,7.889400943163294,-0.3220132150360142
2537,7.886323488257743,-0.3224662518701923
2538,7.883246810587742,-0.3229190882829263
2539,7.880170964995951,-0.3233717162191026
2540,7.877096006394143,-0.3238241276211032
2541,7.8740219897621,-0.32427631442898036
2542,7.87094897014651,-0.32472826858063164
2543,7.867877002659854,-0.32517998201197434
2544,7.864806142479281,-0.32563144665712135
2545,7.861736444845508,-0.3260826544485556
2546,7.858667965061645,-0.32653359731730736
2547,7.8556007584920735,-0.32698426719312995
2548,7.852534880561301,-0.32743465600467525
2549,7.8494703867527855,-0.3278847556796719
2550,7.846407332607795,-0.3283345581451008
2551,7.843345773724217,-0.3287840553273733
2552,7.840285765755393,-0.32923323915250796
2553,7.837227364408918,-0.32968210154630867
2554,7.834170625445456,-0.33013063443454277
2555,7.8311156046775485,-0.33057882974311814
2556,7.828062357968386,-0.33102667939826325
2557,7.825010941230596,-0.3314741753267048
2558,7.821961410425042,-0.33192130945584647
2559,7.8189138215595735,-0.33236807371394844
2560,7.815868230687786,-0.33281446003030696
2561,7.812824693907788,-0.3332604603354333
2562,7.809783267360947,-0.3337060665612338
2563,7.806744007230606,-0.3341512706411909
2564,7.803706969740867,-0.33459606451054064
2565,7.800672211155267,-0.3350404401064563
2566,7.797639787775514,-0.33548438936822683
2567,7.79460975594022,-0.3359279042374383
2568,7.791582172023566,-0.3363709766581551
2569,7.788557092434027,-0.33681359857710097
2570,7.78553457361304,-0.33725576194384027
2571,7.782514672033722,-0.3376974587109597
2572,7.7794974441994915,-0.3381386808342501
2573,7.776482946642792,-0.3385794202728876
2574,7.7734712359237115,-0.3390196689896171
2575,7.770462368628639,-0.3394594189509337
2576,7.767456401368942,-0.3398986621272644
2577,7.764453390779563,-0.34033739049315237
2578,7.761453393517682,-0.3407755960274381
2579,7.758456466261331,-0.34121327071344315
2580,7.755462665708,-0.34165040653915274
2581,7.752472048573251,-0.34208699549739957
2582,7.749484671589352,-0.34252302958604564
2583,7.746500591503801,-0.34295850080816803
2584,7.743519865077995,-0.34339340117224
2585,7.740542549085761,-0.3438277226923161
2586,7.737568700311935,-0.34426145738821606
2587,7.734598375550946,-0.34469459728570784
2588,7.731631631605376,-0.34512713441669196
2589,7.7286685252844824,-0.3455590608193863
2590,7.725709113402767,-0.34599036853851023
2591,7.722753452778534,-0.34642104962546744
2592,7.719801600232369,-0.34685109613853266
2593,7.716853612585723,-0.3472805001430345
2594,7.713909546659385,-0.3477092537115409
2595,7.71096945927201,-0.34813734892404385
2596,7.708033407238624,-0.34856477786814377
2597,7.705101447369124,-0.34899153263923455
2598,7.702173636466763,-0.3494176053406886
2599,7.699250031326635,-0.34984298808404185
2600,7.696330688734142,-0.3502676729891788
2601,7.693415665463488,-0.35069165218451753
2602,7.6905050182761165,-0.3511149178071952
2603,7.687598803919184,-0.351537462003253
2604,7.684697079124008,-0.35195927692782125
2605,7.681799900604504,-0.35238035474530516
2606,7.678907325055622,-0.3528006876295702
2607,7.676019409151775,-0.3532202677641275
2608,7.673136209545281,-0.35363908734231875
2609,7.670257782864763,-0.354057138567502
2610,7.667384185713562,-0.3544744136532373
2611,7.664515474668143,-0.35489090482347213
2612,7.6616517062764915,-0.35530660431272676
2613,7.658792937056528,-0.35572150436627936
2614,7.655939223494431,-0.356135597240353
2615,7.653090622043098,-0.3565488752022991
2616,7.650247189120456,-0.35696133053078477
2617,7.647408981107869,-0.3573729555159767
2618,7.644576054348477,-0.3577837424597277
2619,7.641748465145534,-0.3581936836757626
2620,7.638926269760813,-0.35860277148986186
2621,7.636109524412886,-0.35901099824004906
2622,7.6332982852755,-0.35941835627677476
2623,7.630492608475904,-0.3598248379631024
2624,7.627692550093154,-0.36023043567489405
2625,7.624898166156447,-0.3606351418009948
2626,7.622109512643459,-0.3610389487434183
2627,7.619326645478583,-0.3614418489175329
2628,7.616549620531314,-0.3618438347522446
2629,7.613778493614496,-0.36224489869018406
2630,7.611013320482621,-0.36264503318789076
2631,7.6082541568301325,-0.36304423071599756
2632,7.605501058289683,-0.36344248375941635
2633,7.602754080430427,-0.363839784817522
2634,7.600013278756283,-0.36423612640433756
2635,7.5972787087041995,-0.3646315010487185
2636,7.594550425642414,-0.36502590129453727
2637,7.59182848486872,-0.3654193197008673
2638,7.5891129416086995,-0.3658117488421679
2639,7.586403851013968,-0.3662031813084682
2640,7.583701268160426,-0.3665936097055511
2641,7.581005248046486,-0.36698302665513727
2642,7.578315845591322,-0.3673714247950681
2643,7.5756331156330745,-0.3677587967794905
2644,7.572957112927054,-0.3681451352790408
2645,7.570287892144006,-0.36853043298102633
2646,7.5676255078683,-0.36891468258961024
2647,7.564970014596117,-0.3692978768259939
2648,7.562321466733682,-0.3696800084286005
2649,7.5596799185954575,-0.3700610701532568
2650,7.5570454244023235,-0.37044105477337697
2651,7.554418038279786,-0.3708199550801443
2652,7.5517978142561555,-0.3711977638826939
2653,7.549184806260733,-0.37157447400829435
2654,7.546579068121985,-0.3719500783025304
2655,7.5439806535657326,-0.3723245696294839
2656,7.541389616213302,-0.3726979408719165
2657,7.538806009579708,-0.37307018493144994
2658,7.5362298870718165,-0.3734412947287479
2659,7.533661301986505,-0.3738112632036969
2660,7.531100307508813,-0.3741800833155871
2661,7.528546956710112,-0.37454774804329294
2662,7.526001302546257,-0.37491425038545295
2663,7.523463397855714,-0.37527958336065087
2664,7.520933295357716,-0.3756437400075953
2665,7.518411047650424,-0.37600671338529873
2666,7.5158967072090315,-0.3763684965732582
2667,7.51339032638394,-0.3767290826716333
2668,7.510891957398877,-0.37708846480142566
2669,7.508401652349001,-0.3774466361046586
2670,7.505919463199088,-0.3778035897445539
2671,7.50344544178161,-0.37815931890571153
2672,7.500979639794881,-0.3785138167942868
2673,7.4985221088011675,-0.3788670766381688
2674,7.496072900224837,-0.3792190916871567
2675,7.493632065350441,-0.3795698552131382
2676,7.49119965532087,-0.37991936051026515
2677,7.488775721135431,-0.38026760089513145
2678,7.486360313647984,-0.38061456970694846
2679,7.48395348356504,-0.3809602603077219
2680,7.481555281443908,-0.38130466608242586
2681,7.479165757690757,-0.38164778043918
2682,7.4767849625587415,-0.38198959680942446
2683,7.4744129461461215,-0.3823301086480935
2684,7.472049758394368,-0.3826693094337907
2685,7.469695449086237,-0.3830071926689636
2686,7.467350067843916,-0.3833437518800768
2687,7.465013664127109,-0.3836789806177855
2688,7.462686287231125,-0.3840128724571093
2689,7.460367986285017,-0.3843454209976041
2690,7.45805881024965,-0.3846766198635355
2691,7.455758807915825,-0.3850064627040501
2692,7.453468027902372,-0.3853349431933479
2693,7.451186518654248,-0.38566205503085366
2694,7.448914328440655,-0.3859877919413875
2695,7.446651505353132,-0.3863121476753357
2696,7.444398097303663,-0.38663511600882156
2697,7.4421541520227725,-0.3869566907438746
2698,7.439919717057634,-0.38727686570860076
2699,7.43769483977018,-0.3875956347573509
2700,7.43547956733521,-0.38791299177089
2701,7.433273946738479,-0.3882289306565655
2702,7.431078024774835,-0.38854344534847485
2703,7.4288918480463,-0.3888565298076337
2704,7.426715462960201,-0.38916817802214243
2705,7.424548915727266,-0.38947838400735363
2706,7.422392252359746,-0.3897871418060376
2707,7.420245518669536,-0.39009444548854855
2708,7.418108760266287,-0.39040028915299013
2709,7.41598202255551,-0.39070466692538086
2710,7.41386535073674,-0.39100757295981736
2711,7.41175878980161,-0.39130900143863984
2712,7.409662384532001,-0.3916089465725955
2713,7.407576179498178,-0.3919074026010012
2714,7.40550021905691,-0.3922043637919067
2715,7.403434547349592,-0.39249982444225723
2716,7.401379208300418,-0.3927937788780544
2717,7.39933424561449,-0.39308622145451816
2718,7.397299702775962,-0.3933771465562481
2719,7.395275623046201,-0.3936665485973832
2720,7.393262049461933,-0.39395442202176184
2721,7.391259024833391,-0.39424076130308133
2722,7.38926659174247,-0.39452556094505714
2723,7.387284792540907,-0.39480881548158075
2724,7.385313669348423,-0.39509051947687795
2725,7.383353264050885,-0.39537066752566685
2726,7.38140361829852,-0.3956492542533131
2727,7.379464773504061,-0.39592627431598787
2728,7.377536770840937,-0.39620172240082274
2729,7.3756196512414425,-0.3964755932260664
2730,7.373713455394957,-0.3967478815412378
2731,7.371818223746137,-0.3970185821272811
2732,7.369933996493097,-0.3972876897967195
2733,7.368060813585639,-0.3975551993938085
2734,7.3661987147234536,-0.3978211057946881
2735,7.364347739354335,-0.3980854039075355
2736,7.362507926672412,-0.39834808867271576
2737,7.360679315616378,-0.39860915506293343
2738,7.358861944867709,-0.39886859808338304
2739,7.357055852848929,-0.39912641277189803
2740,7.35526107772185,-0.39938259419910077
2741,7.353477657385795,-0.39963713746855134
2742,7.351705629475912,-0.3998900377168945
2743,7.349945031361406,-0.400141290114008
2744,7.348195900143818,-0.40039088986314947
2745,7.3464582726552905,-0.40063883220110263
2746,7.344732185456884,-0.40088511239832286
2747,7.34301767483686,-0.4011297257590818
2748,7.341314776808974,-0.40137266762161233
2749,7.339623527110794,-0.4016139333582524
2750,7.337943961202013,-0.4018535183755879
2751,7.336276114262774,-0.40209141811459537
2752,7.3346200211919985,-0.40232762805078426
2753,7.332975716605742,-0.4025621436943374
2754,7.331343234835522,-0.40279496059025244
2755,7.329722609926692,-0.4030260743184813
2756,7.328113875636783,-0.4032554804940704
2757,7.326517065433924,-0.4034831747672978
2758,7.324932212495158,-0.4037091528238131
2759,7.323359349704889,-0.4039334103847734
2760,7.321798509653266,-0.4041559432069804
2761,7.320249724634577,-0.4043767470830169
2762,7.3187130266456855,-0.40459581784138143
2763,7.317188447384449,-0.40481315134662377
2764,7.315676018248165,-0.40502874349947793
2765,7.31417577033201,-0.40524259023699605
2766,7.312687734427502,-0.4054546875326815
2767,7.311211941020959,-0.4056650313966196
2768,7.309748420291983,-0.4058736178756098
2769,7.308297202111966,-0.40608044305329566
2770,7.30685831604254,-0.4062855030502949
2771,7.305431791334144,-0.40648879402432797
2772,7.304017656924483,-0.4066903121703476
2773,7.302615941437107,-0.40689005372066495
2774,7.301226673179928,-0.4070880149450773
2775,7.29984988014376,-0.40728419215099476
2776,7.298485590000916,-0.40747858168356416
2777,7.2971338301037605,-0.4076711799257949
2778,7.2957946274832866,-0.40786198329868273
2779,7.29446800884773,-0.40805098826133285
2780,7.293154000581166,-0.4082381913110824
2781,7.291852628742139,-0.4084235889836215
2782,7.290563919062287,-0.4086071778531156
2783,7.289287896945001,-0.4087889545323237
2784,7.288024587464056,-0.4089689156727195
2785,7.286774015362295,-0.4091470579646092
2786,7.285536205050307,-0.40932337813724945
2787,7.284311180605135,-0.40949787295896395
2788,7.283098965768964,-0.4096705392372603
2789,7.281899583947836,-0.4098413738189457
2790,7.280713058210407,-0.4100103735902405
2791,7.279539411286668,-0.41017753547689356
2792,7.278378665566727,-0.4103428564442931
2793,7.277230843099559,-0.4105063334975821
2794,7.276095965591796,-0.41066796368176656
2795,7.274974054406524,-0.41082774408182904
2796,7.273865130562121,-0.4109856718228355
2797,7.272769214731045,-0.41114174407004667
2798,7.271686327238694,-0.4112959580290255
2799,7.270616488062262,-0.4114483109457439
2800,7.269559716829602,-0.41159880010668964
2801,7.268516032818106,-0.4117474228389724
2802,7.2674854549536,-0.41189417651042803
2803,7.266468001809265,-0.4120390585297228
2804,7.265463691604562,-0.4121820663464561
2805,7.264472542204136,-0.41232319745126395
2806,7.263494571116842,-0.41246244937591836
2807,7.262529795494655,-0.4125998196934295
2808,7.261578232131672,-0.41273530601814484
2809,7.260639897463111,-0.41286890600584814
2810,7.259714807564332,-0.41300061735385696
2811,7.258802978149859,-0.4131304378011203
2812,7.2579044245724385,-0.41325836512831404
2813,7.257019161822081,-0.41338439715793684
2814,7.256147204525146,-0.41350853175440444
2815,7.25528856694344,-0.4136307668241431
2816,7.254443262973313,-0.4137511003156822
2817,7.25361130614479,-0.4138695302197457
2818,7.252792709620712,-0.4139860545693433
2819,7.251987486195887,-0.4141006714398602
2820,7.251195648296258,-0.41421337894914606
2821,7.250417207978092,-0.4143241752576032
2822,7.249652176927191,-0.41443305856827384
2823,7.248900566458107,-0.4145400271269259
2824,7.248162387513371,-0.4146450792221389
2825,7.2474376506627625,-0.4147482131853876
2826,7.2467263661025605,-0.4148494273911263
2827,7.246028543654838,-0.4149487202568711
2828,7.245344192766772,-0.41504609024328093
2829,7.24467332250995,-0.41514153585423863
2830,7.244015941579714,-0.4152350556369311
2831,7.243372058294519,-0.4153266481819266
2832,7.242741680595275,-0.41541631212325475
2833,7.2421248160447735,-0.41550404613848113
2834,7.2415214718270775,-0.4155898489487844
2835,7.240931654746921,-0.4156737193190311
2836,7.240355371229181,-0.41575565605784925
2837,7.239792627318305,-0.41583565801770167
2838,7.239243428677817,-0.41591372409495764
2839,7.238707780589762,-0.41598985322996423
2840,7.238185687954258,-0.4160640444071166
2841,7.2376771552890045,-0.4161362966549262
2842,7.237182186728818,-0.4162066090460896
2843,7.23670078602521,-0.4162749806975551
2844,7.236232956545941,-0.4163414107705898
2845,7.235778701274656,-0.41640589847084286
2846,7.235338022810452,-0.41646844304841163
2847,7.234910923367542,-0.4165290437979036
2848,7.234497404774877,-0.41658770005849927
2849,7.234097468475858,-0.41664441121401197
2850,7.2337111155279645,-0.41669917669294954
2851,7.233338346602508,-0.4167519959685718
2852,7.232979161984328,-0.41680286855895
2853,7.23263356157153,-0.41685179402702316
2854,7.232301544875257,-0.4168987719806539
2855,7.231983111019434,-0.41694380207268433
2856,7.231678258740607,-0.4169868840009889
2857,7.23138698638772,-0.41702801750852814
2858,7.231109291921958,-0.41706720238340006
2859,7.230845172916576,-0.41710443845889184
2860,7.230594626556797,-0.4171397256135282
2861,7.23035764963967,-0.417173063771122
2862,7.230134238573979,-0.41720445290082014
2863,7.229924389380181,-0.4172338930171516
2864,7.229728097690306,-0.41726138418007247
2865,7.229545358747957,-0.4172869264950108
2866,7.229376167408242,-0.41731052011291014
2867,7.2292205181378115,-0.4173321652302715
2868,7.229078405014832,-0.4173518620891955
2869,7.228949821729047,-0.41736961097742215
2870,7.228834761581793,-0.4173854122283705
2871,7.228733217486097,-0.41739926622117657
2872,7.22864518196674,-0.41741117338073075
2873,7.228570647160354,-0.417421134177714
2874,7.228509604815577,-0.41742914912863177
2875,7.2284620462931475,-0.41743521879585016
2876,7.228427962566105,-0.41743934378762576
2877,7.228407344219932,-0.4174415247581399
2878,7.228400181452757,-0.41744176240752834
2879,7.228406464075576,-0.4174400574819105
2880,7.22842618151247,-0.4174364107734189
2881,7.22845932280087,-0.4174308231202252
2882,7.228505876591793,-0.4174232954065682
2883,7.228565831150155,-0.4174138285627776
2884,7.2286391743550675,-0.41740242356529844
2885,7.228725893700136,-0.417389081436715
2886,7.2288259762938365,-0.417373803245771
2887,7.228939408859834,-0.4173565901073922
2888,7.229066177737375,-0.41733744318270494
2889,7.229206268881677,-0.41731636367905495
2890,7.229359667864343,-0.4172933528500249
2891,7.229526359873786,-0.41726841199545034
2892,7.229706329715657,-0.4172415424614361
2893,7.229899561813336,-0.4172127456403689
2894,7.230106040208402,-0.4171820229709312
2895,7.2303257485611185,-0.41714937593811263
2896,7.230558670150968,-0.4171148060732215
2897,7.230804787877174,-0.41707831495389336
2898,7.23106408425926,-0.4170399042041001
2899,7.231336541437602,-0.4169995754941574
2900,7.231622141174044,-0.4169573305407304
2901,7.231920864852466,-0.41691317110683923
2902,7.232232693479426,-0.41686709900186286
2903,7.23255760768479,-0.4168191160815422
2904,7.2328955877223935,-0.41676922424798085
2905,7.233246613470702,-0.41671742544964674
2906,7.233610664433516,-0.4166637216813706
2907,7.2339877197406555,-0.41660811498434486
2908,7.234377758148705,-0.4165506074461205
2909,7.234780758041738,-0.4164912012006025
2910,7.235196697432063,-0.41642989842804634
2911,7.235625553961038,-0.41636670135504894
2912,7.236067304899806,-0.41630161225454376
2913,7.236521927150143,-0.4162346334457903
2914,7.2369893972452575,-0.4161657672943655
2915,7.237469691350629,-0.4160950162121525
2916,7.237962785264893,-0.4160223826573274
2917,7.238468654420664,-0.4159478691343477
2918,7.238987273885462,-0.41587147819393666
2919,7.239518618362604,-0.4157932124330682
2920,7.240062662192108,-0.4157130744949501
2921,7.240619379351648,-0.4156310670690058
2922,7.241188743457516,-0.41554719289085496
2923,7.241770727765546,-0.41546145474229434
2924,7.242365305172127,-0.4153738554512761
2925,7.242972448215208,-0.4152843978918836
2926,7.243592129075287,-0.41519308498430973
2927,7.2442243195764595,-0.4150999196948306
2928,7.244868991187442,-0.41500490503578014
2929,7.245526115022653,-0.4149080440655226
2930,7.246195661843263,-0.41480933988842406
2931,7.2468776020583245,-0.414708795654822
2932,7.247571905725825,-0.4146064145609962
2933,7.2482785425538365,-0.4145021998491353
2934,7.2489974819016405,-0.4143961548073039
2935,7.249728692780879,-0.4142882827694089
2936,7.2504721438566895,-0.41417858711516364
2937,7.251227803448945,-0.41406707127005027
2938,7.251995639533377,-0.4139537387052832
2939,7.2527756197428275,-0.41383859293776876
2940,7.2535677113684205,-0.41372163753006663
2941,7.254371881360843,-0.41360287609034657
2942,7.255188096331564,-0.413482312272347
2943,7.2560163225541,-0.41335994977533075
2944,7.256856525965284,-0.4132357923440401
2945,7.257708672166566,-0.4131098437686506
2946,7.258572726425301,-0.4129821078847237
2947,7.259448653676065,-0.4128525885731581
2948,7.26033641852198,-0.4127212897601404
2949,7.261235985236055,-0.4125882154170938
2950,7.262147317762538,-0.41245336956062595
2951,7.263070379718282,-0.41231675625247627
2952,7.2640051343941305,-0.4121783795994601
2953,7.264951544756289,-0.41203824375341463
2954,7.265909573447732,-0.41189635291114135
2955,7.2668791827896335,-0.41175271131434726
2956,7.267860334782771,-0.41160732324958726
2957,7.268852991108991,-0.41146019304820186
2958,7.2698571131326215,-0.41131132508625723
2959,7.27087266190198,-0.411160723784481
2960,7.2718995981508145,-0.4110083936081991
2961,7.272937882299802,-0.41085433906727015
2962,7.27398747445803,-0.4106985647160198
2963,7.275048334424518,-0.4105410751531722
2964,7.276120421689752,-0.41038187502178153
2965,7.277203695437175,-0.4102209690091626
2966,7.278298114544756,-0.4100583618468188
2967,7.2794036375865305,-0.4098940583103711
2968,7.280520222834183,-0.40972806321948235
2969,7.281647828258587,-0.4095603814377848
2970,7.282786411531414,-0.40939101787280296
2971,7.283935930026698,-0.40921997747587724
2972,7.285096340822471,-0.40904726524208507
2973,7.286267600702362,-0.40887288621016143
2974,7.287449666157209,-0.40869684546241875
2975,7.288642493386707,-0.4085191481246645
2976,7.289846038301042,-0.4083397993661187
2977,7.2910602565225515,-0.4081588043993289
2978,7.2922851033873615,-0.40797616848008594
2979,7.293520533947092,-0.4077918969073361
2980,7.294766502970503,-0.4076059950230943
2981,7.296022964945186,-0.4074184682123551
2982,7.297289874079284,-0.4072293219030019
2983,7.298567184303172,-0.4070385615657159
2984,7.299854849271183,-0.4068461927138841
2985,7.30115282236332,-0.4066522209035048
2986,7.30246105668699,-0.4064566517330938
2987,7.303779505078746,-0.4062594908435871
2988,7.305108120106019,-0.40606074391824476
2989,7.306446854068885,-0.4058604166825522
2990,7.307795659001816,-0.40565851490412014
2991,7.309154486675464,-0.4054550443925844
2992,7.310523288598423,-0.4052500109995035
2993,7.311902016019001,-0.4050434206182564
2994,7.313290619927034,-0.4048352791839374
2995,7.314689051055671,-0.4046255926732513
2996,7.316097259883188,-0.40441436710440565
2997,7.31751519663477,-0.4042016085370049
2998,7.318942811284351,-0.40398732307193985
2999,7.320380053556446,-0.40377151685127805
