turn,time_sigma_ns,Q1
0,19.01871413361404,-0.0034822578598932394
1,19.018713980638342,-0.0034822645994955037
2,19.018713940173342,-0.003482265553671541
3,19.018714012218226,-0.003482260722516086
4,19.01871419677206,-0.0034822501061283406
5,19.01871449383388,-0.0034822337046103383
6,19.01871490340262,-0.0034822115180678493
7,19.018715425477186,-0.0034821835466095708
8,19.01871606005638,-0.003482149790348174
9,19.018716807138944,-0.0034821102493996863
10,19.018717666723546,-0.0034820649238834064
11,19.018718638808792,-0.0034820138139221627
12,19.01871972339322,-0.003481956919642105
13,19.018720920475282,-0.003481894241173056
14,19.01872223005338,-0.003481825778648069
15,19.018723652125843,-0.0034817515322033863
16,19.01872518669091,-0.003481671501979398
17,19.01872683374678,-0.0034815856881192445
18,19.01872859329156,-0.003481494090769803
19,19.018730465323298,-0.0034813967100813335
20,19.01873244983997,-0.003481293546207471
21,19.018734546839486,-0.003481184599305252
22,19.018736756319683,-0.0034810698695353017
23,19.018739078278312,-0.003480949357061779
24,19.018741512713085,-0.003480823062051936
25,19.018744059621618,-0.0034806909846766994
26,19.01874671900148,-0.0034805531251101366
27,19.018749490850155,-0.003480409483530046
28,19.018752375165057,-0.003480260060117616
29,19.01875537194354,-0.003480104855057207
30,19.018758481182882,-0.003479943868536945
31,19.018761702880287,-0.003479777100748245
32,19.0187650370329,-0.003479604551885847
33,19.018768483637793,-0.003479426222148016
34,19.018772042691957,-0.0034792421117365124
35,19.018775714192323,-0.003479052220856549
36,19.01877949813577,-0.003478856549716255
37,19.018783394519073,-0.003478655098527891
38,19.018787403338955,-0.0034784478675069026
39,19.01879152459207,-0.0034782348568718957
40,19.018795758275004,-0.0034780160668450967
41,19.018800104384276,-0.0034777914976521556
42,19.018804562916312,-0.0034775611495223126
43,19.018809133867503,-0.0034773250226878675
44,19.018813817234147,-0.003477083117384764
45,19.018818613012474,-0.0034768354338525244
46,19.018823521198648,-0.003476581972333816
47,19.018828541788775,-0.003476322733074712
48,19.018833674778882,-0.003476057716324732
49,19.018838920164914,-0.0034757869223371904
50,19.018844277942762,-0.0034755103513684246
51,19.01884974810825,-0.0034752280036781293
52,19.018855330657118,-0.003474939879529654
53,19.018861025585046,-0.003474645979189826
54,19.018866832887653,-0.0034743463029285222
55,19.018872752560465,-0.003474040851019416
56,19.01887878459896,-0.003473729623739497
57,19.018884928998524,-0.0034734126213692507
58,19.018891185754505,-0.003473089844192123
59,19.018897554862164,-0.003472761292495405
60,19.018904036316684,-0.0034724269665698357
61,19.01891063011319,-0.0034720868667093775
62,19.018917336246734,-0.003471740993211492
63,19.0189241547123,-0.003471389346377066
64,19.0189310855048,-0.0034710319265103
65,19.018938128619084,-0.003470668733918869
66,19.018945284049916,-0.003470299768914115
67,19.01895255179202,-0.00346992503180999
68,19.01895993184002,-0.0034695445229248824
69,19.01896742418847,-0.003469158242580247
70,19.018975028831896,-0.0034687661911002943
71,19.018982745764703,-0.0034683683688136206
72,19.018990574981252,-0.003467964776051813
73,19.018998516475836,-0.003467555413149625
74,19.019006570242677,-0.0034671402804454386
75,19.019014736275924,-0.003466719378281172
76,19.01902301456965,-0.0034662927070020265
77,19.01903140511788,-0.0034658602669565006
78,19.01903990791454,-0.0034654220584967683
79,19.01904852295352,-0.0034649780819779735
80,19.019057250228606,-0.003464528337759316
81,19.01906608973355,-0.003464072826202591
82,19.019075041461992,-0.0034636115476740278
83,19.01908410540754,-0.0034631445025424205
84,19.01909328156372,-0.003462671691180181
85,19.01910256992399,-0.0034621931139631277
86,19.01911197048173,-0.003461708771270608
87,19.01912148323027,-0.0034612186634852536
88,19.019131108162846,-0.0034607227909930964
89,19.019140845272652,-0.003460221154183514
90,19.01915069455277,-0.0034597137534499106
91,19.019160655996263,-0.0034592005891880846
92,19.019170729596095,-0.0034586816617978044
93,19.019180915345167,-0.003458156971682175
94,19.01919121323631,-0.0034576265192477755
95,19.019201623262294,-0.0034570903049044375
96,19.01921214541581,-0.0034565483290652926
97,19.01922277968948,-0.003456000592147376
98,19.01923352607585,-0.003455447094570513
99,19.019244384567433,-0.003454887836757966
100,19.019255355156623,-0.003454322819136978
101,19.01926643783578,-0.0034537520421376263
102,19.019277632597174,-0.003453175506193661
103,19.019288939433004,-0.0034525932117424234
104,19.01930035833543,-0.00345200515922398
105,19.019311889296514,-0.003451411349082326
106,19.019323532308256,-0.0034508117817648033
107,19.01933528736259,-0.0034502064577219137
108,19.01934715445138,-0.0034495953774076964
109,19.019359133566425,-0.003448978541279667
110,19.019371224699434,-0.003448355949798781
111,19.01938342784208,-0.003447727603429026
112,19.019395742985942,-0.0034470935026380224
113,19.01940817012254,-0.0034464536478968507
114,19.019420709243313,-0.0034458080396799103
115,19.01943336033965,-0.003445156678465058
116,19.019446123402858,-0.003444499564733267
117,19.01945899842418,-0.003443836698969244
118,19.01947198539478,-0.003443168081661019
119,19.019485084305767,-0.0034424937132997895
120,19.019498295148175,-0.0034418135943802518
121,19.019511617912965,-0.0034411277254006384
122,19.01952505259103,-0.0034404361068624653
123,19.019538599173202,-0.003439738739270506
124,19.019552257650236,-0.003439035623133131
125,19.019566028012825,-0.003438326758961861
126,19.01957991025158,-0.0034376121472718935
127,19.01959390435706,-0.003436891788581462
128,19.019608010319736,-0.003436165683412532
129,19.019622228130025,-0.0034354338322902505
130,19.019636557778277,-0.003434696235743134
131,19.019650999254758,-0.003433952894303136
132,19.01966555254967,-0.003433203808505816
133,19.019680217653153,-0.0034324489788897542
134,19.019694994555273,-0.0034316884059970264
135,19.01970988324603,-0.003430922090373032
136,19.01972488371536,-0.0034301500325666545
137,19.019739995953113,-0.0034293722331301
138,19.01975521994908,-0.0034285886926192027
139,19.01977055569299,-0.0034277994115927655
140,19.019786003174488,-0.0034270043906132436
141,19.019801562383165,-0.003426203630246418
142,19.019817233308537,-0.0034253971310612046
143,19.01983301594004,-0.003424584893630415
144,19.01984891026707,-0.0034237669185295935
145,19.01986491627893,-0.0034229432063379514
146,19.019881033964854,-0.0034221137576383705
147,19.019897263314018,-0.0034212785730167498
148,19.01991360431552,-0.0034204376530624406
149,19.019930056958394,-0.003419590998368185
150,19.019946621231608,-0.003418738609530147
151,19.019963297124058,-0.0034178804871477014
152,19.019980084624574,-0.003417016631823557
153,19.019996983721907,-0.0034161470441642808
154,19.020013994404753,-0.003415271724779142
155,19.020031116661723,-0.0034143906742813484
156,19.02004835048138,-0.0034135038932869913
157,19.020065695852207,-0.0034126113824158566
158,19.02008315276261,-0.0034117131422910867
159,19.020100721200944,-0.0034108091735389153
160,19.020118401155482,-0.003409899476789171
161,19.020136192614437,-0.0034089840526749624
162,19.020154095565935,-0.0034080629018330404
163,19.02017210999806,-0.0034071360249031345
164,19.020190235898813,-0.003406203422528379
165,19.020208473256123,-0.0034052650953554364
166,19.020226822057854,-0.0034043210440344446
167,19.020245282291807,-0.003403371269218546
168,19.02026385394571,-0.0034024157715644324
169,19.020282537007223,-0.0034014545517321495
170,19.02030133146393,-0.0034004876103851034
171,19.020320237303356,-0.0033995149481901533
172,19.020339254512958,-0.003398536565817188
173,19.02035838308011,-0.0033975524639400824
174,19.020377622992136,-0.003396562643235432
175,19.020396974236277,-0.003395567104383554
176,19.020416436799717,-0.0033945658480678135
177,19.020436010669574,-0.003393558874975045
178,19.020455695832876,-0.003392546185795818
179,19.020475492276596,-0.003391527781223752
180,19.02049539998765,-0.0033905036619554033
181,19.020515418952865,-0.0033894738286914376
182,19.020535549159018,-0.0033884382821353014
183,19.0205557905928,-0.0033873970229941577
184,19.020576143240852,-0.0033863500519782505
185,19.020596607089715,-0.003385297369801587
186,19.020617182125903,-0.0033842389771810196
187,19.020637868335836,-0.003383174874836804
188,19.02065866570587,-0.0033821050634930032
189,19.02067957422228,-0.003381029543876805
190,19.02070059387131,-0.003379948316718392
191,19.020721724639095,-0.0033788613827517764
192,19.020742966511722,-0.0033777687427139946
193,19.020764319475212,-0.003376670397345465
194,19.02078578351551,-0.00337556634739011
195,19.02080735861848,-0.0033744565935954185
196,19.020829044769947,-0.003373341136711527
197,19.020850841955646,-0.0033722199774923953
198,19.020872750161256,-0.003371093116695286
199,19.020894769372383,-0.0033699605550806594
200,19.02091689957455,-0.003368822293412637
201,19.02093914075324,-0.0033676783324581927
202,19.020961492893846,-0.0033665286729880135
203,19.020983955981702,-0.0033653733157760998
204,19.02100653000207,-0.003364212261599569
205,19.021029214940143,-0.0033630455112390704
206,19.021052010781055,-0.003361873065478463
207,19.021074917509853,-0.003360694925105146
208,19.021097935111545,-0.0033595110909095515
209,19.021121063571034,-0.003358321563685813
210,19.02114430287319,-0.0033571263442309794
211,19.021167653002788,-0.003355925433345847
212,19.021191113944553,-0.003354718831834131
213,19.021214685683134,-0.0033535065405031687
214,19.02123836820311,-0.0033522885601635862
215,19.021262161488995,-0.0033510648916293567
216,19.02128606552523,-0.0033498355357177317
217,19.021310080296203,-0.0033486004932491375
218,19.021334205786218,-0.003347359765047655
219,19.02135844197951,-0.003346113351940484
220,19.02138278886026,-0.0033448612547581106
221,19.02140724641257,-0.003343603474334542
222,19.021431814620477,-0.003342340011506842
223,19.021456493467948,-0.003341070867115639
224,19.021481282938897,-0.003339796042004683
225,19.021506183017145,-0.0033385155370212367
226,19.021531193686457,-0.0033372293530158814
227,19.021556314930525,-0.0033359374908425053
228,19.021581546732996,-0.003334639951358006
229,19.021606889077415,-0.0033333367354231045
230,19.02163234194728,-0.003332027843901443
231,19.021657905326016,-0.0033307132776602814
232,19.021683579196985,-0.003329393037569864
233,19.021709363543476,-0.003328067124503893
234,19.021735258348706,-0.003326735539339707
235,19.021761263595828,-0.003325398282957548
236,19.021787379267934,-0.003324055356241015
237,19.021813605348036,-0.0033227067600772827
238,19.021839941819092,-0.003321352495356627
239,19.02186638866397,-0.0033199925629727547
240,19.021892945865496,-0.00331862696382255
241,19.021919613406418,-0.003317255698806229
242,19.02194639126941,-0.0033158787688273507
243,19.02197327943709,-0.0033144961747928305
244,19.022000277891994,-0.003313107917612933
245,19.022027386616596,-0.0033117139982013193
246,19.022054605593315,-0.00331031441747445
247,19.02208193480448,-0.0033089091763527536
248,19.02210937423237,-0.003307498275759373
249,19.02213692385919,-0.0033060817166212586
250,19.02216458366708,-0.003304659499868344
251,19.022192353638104,-0.0033032316264340325
252,19.022220233754275,-0.0033017980972547163
253,19.02224822399752,-0.0033003589132706325
254,19.022276324349694,-0.003298914075425168
255,19.022304534792617,-0.0032974635846644376
256,19.02233285530801,-0.003296007441938686
257,19.02236128587754,-0.0032945456482008965
258,19.0223898264828,-0.0032930782044075435
259,19.022418477105326,-0.003291605111518359
260,19.02244723772657,-0.0032901263704965046
261,19.022476108327936,-0.0032886419823081495
262,19.022505088890746,-0.0032871519479229783
263,19.022534179396263,-0.0032856562683139827
264,19.02256337982567,-0.0032841549444575712
265,19.0225926901601,-0.0032826479773329395
266,19.0226221103806,-0.0032811353679232835
267,19.022651640468172,-0.003279617117214339
268,19.022681280403734,-0.0032780932261955286
269,19.02271103016813,-0.003276563695860031
270,19.022740889742153,-0.0032750285272035045
271,19.022770859106526,-0.0032734877212252387
272,19.022800938241904,-0.0032719412789277533
273,19.022831127128864,-0.0032703892013169807
274,19.022861425747934,-0.003268831489401944
275,19.02289183407956,-0.003267268144195124
276,19.02292235210412,-0.00326569916671233
277,19.022952979801936,-0.0032641245579724354
278,19.022983717153263,-0.003262544318997691
279,19.02301456413826,-0.003260958450813949
280,19.02304552073706,-0.0032593669544499163
281,19.02307658692971,-0.0032577698309374666
282,19.023107762696185,-0.0032561670813122034
283,19.023139048016397,-0.0032545587066129572
284,19.023170442870196,-0.0032529447078813185
285,19.02320194723735,-0.003251325086162945
286,19.02323356109758,-0.0032496998425062145
287,19.023265284430526,-0.003248068977962923
288,19.023297117215773,-0.0032464324935879887
289,19.023329059432818,-0.003244790390439917
290,19.023361111061106,-0.0032431426695804697
291,19.02339327208002,-0.0032414893320742936
292,19.023425542468868,-0.003239830378989703
293,19.023457922206884,-0.003238165811398136
294,19.02349041127325,-0.003236495630374241
295,19.02352300964707,-0.0032348198369960245
296,19.023555717307385,-0.0032331384323448197
297,19.023588534233173,-0.0032314514175049405
298,19.023621460403337,-0.003229758793564372
299,19.023654495796716,-0.0032280605616141736
300,19.02368764039208,-0.0032263567227486575
301,19.023720894168136,-0.0032246472780654736
302,19.023754257103526,-0.003222932228665419
303,19.023787729176824,-0.0032212115756525364
304,19.023821310366532,-0.0032194853201342375
305,19.023855000651093,-0.0032177534632212117
306,19.023888800008873,-0.0032160160060272533
307,19.023922708418176,-0.0032142729496697983
308,19.023956725857246,-0.00321252429526894
309,19.023990852304248,-0.003210770043948653
310,19.024025087737297,-0.003209010196835567
311,19.024059432134425,-0.0032072447550600806
312,19.024093885473597,-0.0032054737197555858
313,19.02412844773272,-0.003203697092058954
314,19.024163118889643,-0.0032019148731098758
315,19.02419789892212,-0.003200127064051829
316,19.02423278780786,-0.003198333666031199
317,19.02426778552451,-0.0031965346801976786
318,19.024302892049636,-0.003194730107704214
319,19.024338107360737,-0.0031929199497071274
320,19.02437343143526,-0.0031911042073657627
321,19.024408864250578,-0.0031892828818427645
322,19.024444405783985,-0.0031874559743042836
323,19.024480056012724,-0.003185623485919499
324,19.024515814913965,-0.0031837854178609483
325,19.02455168246481,-0.003181941771304384
326,19.024587658642307,-0.0031800925474284873
327,19.024623743423422,-0.003178237747415623
328,19.02465993678506,-0.0031763773724513516
329,19.024696238704063,-0.0031745114237240833
330,19.024732649157208,-0.0031726399024258854
331,19.02476916812119,-0.0031707628097519852
332,19.02480579557266,-0.003168880146900552
333,19.024842531488183,-0.0031669919150735543
334,19.02487937584427,-0.0031650981154755986
335,19.024916328617365,-0.003163198749314917
336,19.02495338978384,-0.00316129381780279
337,19.02499055932001,-0.003159383322153705
338,19.02502783720211,-0.003157467263585584
339,19.02506522340631,-0.0031555456433197244
340,19.025102717908727,-0.003153618462580104
341,19.025140320685406,-0.0031516857225941833
342,19.02517803171232,-0.0031497474245930027
343,19.025215850965385,-0.0031478035698101997
344,19.02525377842044,-0.003145854159483285
345,19.025291814053258,-0.003143899194852519
346,19.02532995783956,-0.003141938677161679
347,19.025368209754994,-0.003139972607657428
348,19.025406569775143,-0.0031380009875898174
349,19.02544503787551,-0.00313602381821244
350,19.025483614031547,-0.0031340411007818813
351,19.025522298218636,-0.0031320528365577013
352,19.0255610904121,-0.0031300590268028778
353,19.02559999058718,-0.003128059672783807
354,19.02563899871906,-0.0031260547757698907
355,19.025678114782867,-0.0031240443370335134
356,19.02571733875364,-0.003122028357850959
357,19.025756670606377,-0.003120006839501007
358,19.025796110315994,-0.003117979783266038
359,19.02583565785734,-0.0031159471904316587
360,19.025875313205212,-0.0031139090622864644
361,19.02591507633433,-0.003111865400122406
362,19.025954947219343,-0.00310981620523473
363,19.025994925834844,-0.0031077614789219348
364,19.026035012155358,-0.0031057012224854426
365,19.026075206155348,-0.00310363543722998
366,19.02611550780921,-0.0031015641244636115
367,19.026155917091266,-0.003099487285497395
368,19.02619643397578,-0.003097404921645978
369,19.026237058436944,-0.00309531703422695
370,19.026277790448894,-0.003093223624560903
371,19.026318629985692,-0.0030911246939720563
372,19.02635957702133,-0.0030890202437877175
373,19.026400631529754,-0.003086910275338164
374,19.026441793484825,-0.0030847947899569775
375,19.026483062860343,-0.003082673788981125
376,19.02652443963005,-0.0030805472737505
377,19.026565923767613,-0.0030784152456084565
378,19.026607515246642,-0.0030762777059013162
379,19.026649214040663,-0.0030741346559788785
380,19.026691020123167,-0.003071986097193694
381,19.026732933467557,-0.0030698320309019045
382,19.026774954047177,-0.0030676724584626867
383,19.0268170818353,-0.003065507381238483
384,19.026859316805137,-0.0030633368005950038
385,19.026901658929848,-0.0030611607179006784
386,19.026944108182512,-0.003058979134527483
387,19.02698666453614,-0.0030567920518508396
388,19.02702932796367,-0.0030545994712491177
389,19.027072098438005,-0.0030524013941037372
390,19.02711497593196,-0.0030501978217993544
391,19.02715796041829,-0.003047988755723923
392,19.02720105186969,-0.0030457741972684644
393,19.027244250258764,-0.003043554147827563
394,19.027287555558086,-0.003041328608798351
395,19.02733096774016,-0.0030390975815814164
396,19.027374486777394,-0.0030368610675807917
397,19.027418112642163,-0.0030346190682033368
398,19.027461845306767,-0.0030323715848591046
399,19.02750568474343,-0.003030118618961657
400,19.027549630924327,-0.003027860171927376
401,19.027593683821557,-0.003025596245176083
402,19.02763784340717,-0.0030233268401303644
403,19.027682109653117,-0.0030210519582166387
404,19.027726482531317,-0.003018771600863905
405,19.02777096201362,-0.0030164857695044916
406,19.027815548071793,-0.0030141944655740303
407,19.027860240677555,-0.0030118976905112245
408,19.027905039802548,-0.0030095954457579313
409,19.02794994541836,-0.003007287732759342
410,19.027994957496507,-0.0030049745529634607
411,19.028040076008438,-0.0030026559078218684
412,19.028085300925543,-0.0030003317987891426
413,19.028130632219145,-0.0029980022273229027
414,19.028176069860503,-0.0029956671948840915
415,19.02822161382081,-0.0029933267029365815
416,19.028267264071197,-0.002990980752947836
417,19.028313020582726,-0.002988629346387926
418,19.0283588833264,-0.002986272484730429
419,19.028404852273145,-0.002983910169452248
420,19.028450927393845,-0.002981542402032861
421,19.028497108659288,-0.002979169183955505
422,19.02854339604022,-0.0029767905167063253
423,19.02858978950732,-0.002974406401774599
424,19.02863628903119,-0.002972016840652765
425,19.028682894582392,-0.0029696218348361394
426,19.028729606131396,-0.002967221385823845
427,19.02877642364862,-0.002964815495117615
428,19.028823347104424,-0.002962404164222442
429,19.028870376469087,-0.002959987394646635
430,19.028917511712827,-0.0029575651879016206
431,19.028964752805823,-0.0029551375455015233
432,19.02901209971816,-0.0029527044689641926
433,19.029059552419863,-0.002950265959810417
434,19.029107110880894,-0.0029478220195642466
435,19.02915477507117,-0.002945372649752327
436,19.029202544960523,-0.0029429178519049613
437,19.029250420518718,-0.0029404576275556564
438,19.029298401715465,-0.002937991978240861
439,19.02934648852041,-0.002935520905500104
440,19.029394680903142,-0.0029330444108759826
441,19.02944297883316,-0.0029305624959146174
442,19.029491382279925,-0.0029280751621648584
443,19.029539891212817,-0.0029255824111790313
444,19.02958850560117,-0.0029230842445120155
445,19.02963722541422,-0.0029205806637227815
446,19.029686050621184,-0.002918071670372412
447,19.029734981191183,-0.0029155572660256803
448,19.02978401709328,-0.0029130374522504626
449,19.029833158296476,-0.0029105122306176726
450,19.029882404769722,-0.002907981602701159
451,19.02993175648189,-0.0029054455700779245
452,19.029981213401776,-0.0029029041343286957
453,19.03003077549813,-0.0029003572970367694
454,19.030080442739635,-0.002897805059788535
455,19.030130215094914,-0.00289524742417364
456,19.030180092532518,-0.0028926843917847526
457,19.030230075020942,-0.0028901159642178726
458,19.03028016252859,-0.0028875421430722215
459,19.030330355023846,-0.0028849629299496906
460,19.030380652475,-0.002882378326455501
461,19.030431054850283,-0.002879788334198138
462,19.030481562117874,-0.0028771929547888033
463,19.030532174245874,-0.0028745921898421854
464,19.030582891202332,-0.002871986040975922
465,19.030633712955225,-0.002869374509810707
466,19.03068463947247,-0.002866757597970566
467,19.030735670721914,-0.0028641353070824435
468,19.030786806671337,-0.0028615076387766792
469,19.030838047288476,-0.0028588745946862516
470,19.030889392540985,-0.0028562361764475895
471,19.03094084239646,-0.0028535923857000425
472,19.030992396822445,-0.0028509432240861826
473,19.0310440557864,-0.002848288693251518
474,19.031095819255736,-0.0028456287948447206
475,19.031147687197794,-0.0028429635305177643
476,19.031199659579855,-0.0028402929019255246
477,19.031251736369132,-0.0028376169107259693
478,19.031303917532775,-0.002834935558580365
479,19.03135620303788,-0.002832248847152648
480,19.031408592851474,-0.002829556778110181
481,19.031461086940514,-0.002826859353123318
482,19.0315136852719,-0.002824156573865699
483,19.031566387812465,-0.002821448442013846
484,19.031619194528982,-0.0028187349592473116
485,19.03167210538816,-0.0028160161272488657
486,19.031725120356654,-0.002813291947704319
487,19.031778239401035,-0.0028105624223025852
488,19.031831462487826,-0.0028078275527355996
489,19.03188478958348,-0.0028050873406986502
490,19.031938220654396,-0.0028023417878896453
491,19.031991755666898,-0.002799590896009995
492,19.032045394587247,-0.002796834666764071
493,19.032099137381664,-0.0027940731018590006
494,19.03215298401627,-0.002791306203005515
495,19.03220693445716,-0.002788533971916889
496,19.032260988670334,-0.0027857564103101313
497,19.032315146621748,-0.002782973519904637
498,19.032369408277294,-0.0027801853024232385
499,19.032423773602787,-0.002777391759591945
500,19.032478242564,-0.0027745928931394827
501,19.03253281512663,-0.0027717882868401587
502,19.032587490349428,-0.0027689771521562756
503,19.03264226548136,-0.0027661587925491638
504,19.03269713596764,-0.0027633326037607344
505,19.032752095455756,-0.0027604980743736883
506,19.03280713580153,-0.0027576547866469516
507,19.03286224707514,-0.002754802417624325
508,19.032917417567194,-0.0027519407405117613
509,19.032972633794763,-0.002749069626320301
510,19.03302788050739,-0.002746189045772991
511,19.03308314069319,-0.0027432990714691507
512,19.033138395584874,-0.00274039988030584
513,19.033193624665802,-0.0027374917561524327
514,19.033248805676042,-0.002734575092773452
515,19.033303914618404,-0.0027316503969996996
516,19.033358925764514,-0.002728718292140713
517,19.03341381166084,-0.0027257795216388187
518,19.033468543134784,-0.0027228349529584183
519,19.033523089300722,-0.0027198855817100885
520,19.03357741756605,-0.002716932536004382
521,19.03363149363729,-0.002713977081032908
522,19.03368528152608,-0.002711020623875061
523,19.033738743555308,-0.0027080647185225974
524,19.033791840365136,-0.0027051110711252733
525,19.033844530919072,-0.002702161545449434
526,19.033896772510065,-0.00269921816854825
527,19.033948520766536,-0.002696283136641506
528,19.033999729658476,-0.002693358821199444
529,19.034050351503517,-0.002690447775230134
530,19.034100336972994,-0.00268755273976528
531,19.03414963509804,-0.0026846766505426146
532,19.034198193275643,-0.0026818226448814693
533,19.034245957274752,-0.002678994068747927
534,19.034292871242364,-0.0026761944840071445
535,19.03433887770957,-0.002673427675861153
536,19.03438391759769,-0.0026706976604646926
537,19.03442793022433,-0.0026680086927220654
538,19.034470853309486,-0.002665365274257281
539,19.034512622981648,-0.0026627721615558792
540,19.03455317378389,-0.0026602343742774003
541,19.034592438679958,-0.0026577572037322183
542,19.034630349060393,-0.0026553462215223077
543,19.034666834748617,-0.002653007288341837
544,19.034701824007072,-0.0026507465629346466
545,19.03473524354328,-0.0026485705112067296
546,19.034767018516014,-0.0026464859154887326
547,19.034797072541366,-0.0026444998839479012
548,19.03482532769891,-0.0026426198601445638
549,19.03485170453778,-0.0026408536327319505
550,19.034876122082828,-0.0026392093452946787
551,19.034898497840743,-0.002637695506324219
552,19.034918747806188,-0.002636320999328695
553,19.034936786467938,-0.0026350950930726065
554,19.034952526815005,-0.002634027451945178
555,19.034965880342785,-0.0026331281464542023
556,19.03497675705923,-0.0026324076638406277
557,19.034985065490964,-0.0026318769188146576
558,19.034990712689467,-0.0026315472644064873
559,19.034993604237208,-0.002631430502932142
560,19.034993644253827,-0.002631538897069502
561,19.034990735402296,-0.002631885181042246
562,19.034984778895087,-0.0026324825719097216
563,19.03497567450036,-0.0026333447809582344
564,19.034963320548115,-0.0026344860251931025
565,19.03494761393641,-0.0026359210389264452
566,19.034928450137524,-0.002637665085459443
567,19.034905723204176,-0.0026397339688553276
568,19.034879325775698,-0.002642144045801853
569,19.034849149084256,-0.0026449122375581916
570,19.034815082961046,-0.002648056041984976
571,19.03477701584253,-0.0026515935456548037
572,19.03473483477662,-0.0026555434360397276
573,19.034688425428936,-0.0026599250137735154
574,19.034637672089023,-0.0026647582049847875
575,19.034582457676578,-0.002670063573700623
576,19.034522663747698,-0.0026758623343154362
577,19.034458170501143,-0.002682176364123394
578,19.034388856784542,-0.002689028215912597
579,19.03431460010072,-0.0026964411306153804
580,19.034235276613895,-0.0027044390500167424
581,19.034150761155995,-0.0027130466295126727
582,19.034060927232897,-0.0027222892509202305
583,19.033965647030758,-0.0027321930353335533
584,19.033864791422257,-0.002742784856025669
585,19.033758229972925,-0.0027540923513908766
586,19.033645830947435,-0.0027661439379268768
587,19.03352746131589,-0.002778968823253406
588,19.033402986760187,-0.002792597019163848
589,19.033272271680307,-0.0028070593547083697
590,19.033135179200645,-0.0028223874893060948
591,19.03299157117636,-0.00283861392588132
592,19.03284130819972,-0.0028557720240240335
593,19.032684249606447,-0.0028738960131702344
594,19.032520253482087,-0.0028930210058000553
595,19.03234917666836,-0.002913183010650812
596,19.03217087476956,-0.0029344189459425602
597,19.03198520215891,-0.0029567666526129914
598,19.031792011984972,-0.00298026490756003
599,19.031591156178056,-0.003004953436887698
600,19.031382485456596,-0.0030308729291549106
601,19.03116584933361,-0.003058065048622491
602,19.030941096123055,-0.0030865724484984932
603,19.030708072946343,-0.0031164387841737373
604,19.03046662573873,-0.0031477087264527148
605,19.030216599255755,-0.003180427974770612
606,19.029957837079753,-0.0032146432703966696
607,19.029690181626282,-0.0032504024096213515
608,19.02941347415059,-0.0032877542569248546
609,19.029127554754144,-0.0033267487581219095
610,19.02883226239109,-0.003367436953484189
611,19.02852743487477,-0.0034098709908345227
612,19.028212908884235,-0.003454104138611827
613,19.02788851997076,-0.0035001907989036874
614,19.027554102564384,-0.0035481865204445365
615,19.02720948998047,-0.0035981480115756413
616,19.026854514426216,-0.003650133153166132
617,19.02648900700727,-0.0037042010114900995
618,19.02611279773426,-0.0037604118510606577
619,19.025725715529397,-0.0038188271474140847
620,19.025327588233058,-0.0038795095998454153
621,19.024918242610394,-0.003942523144090059
622,19.024497504357957,-0.0040079329649507205
623,19.024065198110318,-0.004075805508865782
624,19.023621147446683,-0.004146208496418738
625,19.023165174897567,-0.004219210934782476
626,19.022697101951426,-0.004294883130099467
627,19.022216749061354,-0.004373296699793445
628,19.021723935651732,-0.004454524584810343
629,19.02121848012495,-0.004538641061786324
630,19.020700199868084,-0.004625721755140044
631,19.020168911259596,-0.004715843649087002
632,19.019624429676128,-0.004809085099571859
633,19.019066569499152,-0.004905525846119822
634,19.01849514412176,-0.005005247023600612
635,19.01790996595545,-0.005108331173904045
636,19.017310846436843,-0.005214862257526327
637,19.016697596034497,-0.00532492566506229
638,19.016070024255693,-0.005438608228601531
639,19.015427939653254,-0.005555998233027187
640,19.014771149832374,-0.005677185427213222
641,19.01409946145742,-0.005802261035119497
642,19.013412680258785,-0.005931317766781184
643,19.012710611039775,-0.006064449829188638
644,19.011993057683448,-0.0062017529370589535
645,19.011259823159506,-0.006343324323493018
646,19.010510709531196,-0.006489262750517898
647,19.00974551796221,-0.006639668519511185
648,19.00896404872362,-0.0067946434815045545
649,19.008166101200786,-0.006954291047366362
650,19.007351473900332,-0.007118716197856629
651,19.006519964457098,-0.007288025493556589
652,19.005671369641117,-0.007462327084667024
653,19.004805485364574,-0.00764173072067588
654,19.003922106688872,-0.007826347759888077
655,19.00302102783156,-0.008016291178822747
656,19.002102042173444,-0.0082116755814666
657,19.001164942265564,-0.008412617208388023
658,19.000209519836293,-0.008619233945706333
659,18.999235565798394,-0.008831645333913734
660,18.998242870256096,-0.009049972576549926
661,18.997231222512184,-0.00927433854872423
662,18.996200411075137,-0.00950486780548411
663,18.99515022366624,-0.009741686590028213
664,18.994080447226704,-0.009984922841761598
665,18.992990867924863,-0.010234706204188803
666,18.99188127116329,-0.010491168032646566
667,18.99075144158603,-0.010754441401868512
668,18.989601163085773,-0.011024661113384963
669,18.98843021881106,-0.011301963702751444
670,18.987238391173513,-0.011586487446606205
671,18.986025461855082,-0.011878372369552968
672,18.984791211815306,-0.012177760250867161
673,18.983535421298573,-0.012484794631023975
674,18.982257869841394,-0.01279962081804528
675,18.98095833627974,-0.013122385893663017
676,18.979636598756315,-0.013453238719298282
677,18.978292434727905,-0.01379232994185171
678,18.976925620972725,-0.014139811999304926
679,18.97553593359779,-0.014495839126129735
680,18.97412314804626,-0.014860567358503718
681,18.97268703910486,-0.015234154539329385
682,18.97122738091124,-0.015616760323055348
683,18.969743946961472,-0.01600854618029612
684,18.968236510117407,-0.016409675402250655
685,18.966704842614185,-0.01682031310491539
686,18.96514871606767,-0.01724062623309068
687,18.963567901481944,-0.01767078356417921
688,18.961962169256786,-0.018110955711772635
689,18.96033128919522,-0.018561315129025494
690,18.958675030511007,-0.019022036111815042
691,18.956993161836213,-0.019493294801682687
692,18.955285451228775,-0.019975269188557545
693,18.95355166618004,-0.020468139113259495
694,18.9517915736224,-0.02097208626977782
695,18.950004939936864,-0.021487294207326504
696,18.948191530960695,-0.022013948332171886
697,18.946351111995053,-0.02255223590923162
698,18.94448344781265,-0.023102346063443215
699,18.942588302665396,-0.023664469780900668
700,18.940665440292122,-0.024238799909755134
701,18.938714623926238,-0.02482553116088094
702,18.936735616303498,-0.02542486010830247
703,18.934728179669683,-0.026036985189381655
704,18.93269207578841,-0.02666210670476318
705,18.930627065948816,-0.02730042681807727
706,18.928532910973413,-0.027952149555395444
707,18.926409371225855,-0.028617480804440595
708,18.924256206618736,-0.029296628313548092
709,18.92207317662144,-0.029989801690375725
710,18.919860040267984,-0.030697212400361617
711,18.91761655616486,-0.031419073764929084
712,18.915342482498918,-0.03215560095943481
713,18.913037577045277,-0.032907011010860424
714,18.9107015971752,-0.033673522795245193
715,18.908334299864045,-0.03445535703485797
716,18.905935441699185,-0.035252736295107764
717,18.90350477888799,-0.03606588498119021
718,18.901042067265735,-0.03689502933446971
719,18.898547062303674,-0.03774039742859368
720,18.896019519116976,-0.038602219165339895
721,18.893459192472772,-0.039480726270194076
722,18.890865836798174,-0.04037615228765615
723,18.888239206188338,-0.041288732576274
724,18.885579054414542,-0.04221870430340362
725,18.88288513493221,-0.04316630643969519
726,18.88015720088908,-0.044131779753300036
727,18.877395005133263,-0.045115366803802376
728,18.87459830022141,-0.04611731193586998
729,18.871766838426833,-0.04713786127262581
730,18.868900371747646,-0.04817726270873728
731,18.865998651914992,-0.04923576590322225
732,18.863061430401185,-0.050313622271971635
733,18.860088458427942,-0.051411084979986546
734,18.85707948697458,-0.05252840893332884
735,18.854034266786282,-0.05366585077078392
736,18.850952548382327,-0.05482366885523559
737,18.847834082064367,-0.05600212326475028
738,18.844678617924693,-0.057201475783371515
739,18.841485905854558,-0.05842198989162182
740,18.83825569555247,-0.05966393075671238
741,18.83498773653251,-0.06092756522245898
742,18.831681778132698,-0.06221316179890311
743,18.828337569523345,-0.06352099065163752
744,18.824954859715408,-0.06485132359083587
745,18.821533397568892,-0.06620443405998522
746,18.81807293180124,-0.06758059712431948
747,18.81457321099577,-0.0689800894589555
748,18.811033983610084,-0.07040318933672897
749,18.80745499798452,-0.07185017661572982
750,18.803836002350604,-0.07332133272653774
751,18.80017674483954,-0.0748169406591551
752,18.79647697349068,-0.0763372849496381
753,18.79273643626006,-0.07788265166642538
754,18.788954881028857,-0.0794533283963637
755,18.78513205561199,-0.0810496042304284
756,18.781267707766602,-0.08267176974914173
757,18.77736158520065,-0.08432011700768487
758,18.773413435581485,-0.08599493952070489
759,18.769423006544415,-0.08769653224681721
760,18.765390045701317,-0.08942519157280154
761,18.761314300649257,-0.09118121529749137
762,18.75719551897908,-0.09296490261535843
763,18.75303344828411,-0.0947765540997882
764,18.74882783616875,-0.09661647168605084
765,18.744578430257175,-0.0984849586539641
766,18.740284978201988,-0.10038231961024889
767,18.735947227692947,-0.10230886047057777
768,18.731564926465627,-0.10426488844131677
769,18.72713782231018,-0.10625071200095881
770,18.722665663080036,-0.10826664088125039
771,18.71814819670065,-0.110312986048012
772,18.71358517117826,-0.1123900596816494
773,18.70897633460867,-0.11449817515735947
774,18.70432143518599,-0.11663764702502903
775,18.69962022121145,-0.1188087909888266
776,18.69487244110222,-0.12101192388648803
777,18.690077843400196,-0.12324736366829565
778,18.68523617678084,-0.1255154293757532
779,18.680347190061998,-0.1278164411199538
780,18.67541063221277,-0.13015072005964343
781,18.670426252362375,-0.1325185883789804
782,18.665393799809003,-0.13492036926499026
783,18.660313024028696,-0.13735638688471793
784,18.65518367468426,-0.1398269663620764
785,18.650005501634148,-0.14233243375439336
786,18.644778254941375,-0.1448731160286569
787,18.639501684882458,-0.14744934103745885
788,18.634175541956342,-0.1500614374946396
789,18.62879957689334,-0.1527097349506327
790,18.623373540664076,-0.1553945637675114
791,18.617897184488474,-0.15811625509373736
792,18.61237025984472,-0.1608751408386122
793,18.606792518478223,-0.163671553646435
794,18.60116371241064,-0.16650582687036275
795,18.595483593948867,-0.16937829454597864
796,18.589751915694027,-0.172289291364568
797,18.583968430550513,-0.1752391526461017
798,18.57813289173501,-0.17822821431192992
799,18.57224505278551,-0.18125681285718737
800,18.5663046675704,-0.18432528532290934
801,18.560311490297455,-0.18743396926786335
802,18.55426527552294,-0.1905832027400941
803,18.54816577816066,-0.19377332424818552
804,18.542012753491026,-0.19700467273224045
805,18.535805957170165,-0.20027758753457955
806,18.52954514523899,-0.20359240837016138
807,18.52323007413228,-0.20694947529672503
808,18.5168605006878,-0.21034912868465636
809,18.510436182155445,-0.21379170918657964
810,18.503956876206257,-0.21727755770667928
811,18.497422340941643,-0.22080701536974712
812,18.49083233490248,-0.22438042348996332
813,18.48418661707819,-0.22799812353941046
814,18.477484946915947,-0.2316604571163209
815,18.4707270843298,-0.23536776591306208
816,18.463912789709795,-0.2391203916838614
817,18.457041823931174,-0.24291867621227048
818,18.4501139483635,-0.2467629612783734
819,18.443128924879836,-0.2506535886257413
820,18.436086515865888,-0.25459089992813233
821,18.4289864842292,-0.25857523675594296
822,18.42182859340833,-0.2626069405424101
823,18.414612607382015,-0.2666863525495692
824,18.407338290678354,-0.27081381383396713
825,18.400005408384,-0.27498966521213664
826,18.39261372615336,-0.2792142472258297
827,18.385163010217752,-0.2834879001070182
828,18.377653027394636,-0.2878109637426589
829,18.370083545096765,-0.2921837776392299
830,18.362454331341425,-0.2966066808870377
831,18.354765154759622,-0.3010800121243
832,18.34701578460528,-0.3056041095010066
833,18.33920599076442,-0.31017931064255944
834,18.331335543764407,-0.3148059526131979
835,18.323404214783118,-0.3194843718792091
836,18.315411775658188,-0.3242149042719271
837,18.307357998896148,-0.32899788495052734
838,18.299242657681702,-0.3338336483646124
839,18.291065525886882,-0.3387225282165995
840,18.282826378080276,-0.3436648574239082
841,18.27452498953623,-0.3486609680809534
842,18.266161136244047,-0.3537111914209466
843,18.25773459491719,-0.35881585777750863
844,18.249245143002472,-0.3639752965460972
845,18.24069255868928,-0.36918983614525286
846,18.232076620918747,-0.3744598039776659
847,18.223397109392963,-0.3797855263910697
848,18.21465380458416,-0.3851673286389627
849,18.205846487743894,-0.390605534841161
850,18.196974940912252,-0.39610046794418957
851,18.18803894692703,-0.40165244968151054
852,18.179038289432878,-0.40726180053359795
853,18.169972752890533,-0.41292883968785643
854,18.16084212258595,-0.418653884998393
855,18.151646184639482,-0.4244372529456437
856,18.142384726015045,-0.43027925859585775
857,18.13305753452928,-0.4361802155604459
858,18.123664398860686,-0.44214043595519514
859,18.114205108558803,-0.4481602303593539
860,18.104679454053322,-0.4542399077745923
861,18.09508722666323,-0.4603797755838422
862,18.085428218605948,-0.46658013951001975
863,18.075702223006438,-0.4728413035746357
864,18.06590903390634,-0.4791635700562977
865,18.056048446273067,-0.48554723944910855
866,18.04612025600891,-0.49199261042096476
867,18.036124259960136,-0.49849997977176064
868,18.026060255926065,-0.5050696423915013
869,18.015928042668143,-0.5117018912183293
870,18.005727419919044,-0.5183970171964702
871,17.995458188391687,-0.5251553092341006
872,17.985120149788315,-0.5319770541611438
873,17.974713106809535,-0.5388625366869987
874,17.964236863163336,-0.5458120393582038
875,17.953691223574126,-0.5528258425160442
876,17.943075993791716,-0.559904224254106
877,17.93239098060037,-0.5670474603757785
878,17.921635991827753,-0.5742558243517166
879,17.910810836353907,-0.5815295872772623
880,17.89991532412026,-0.5888690178298316
881,17.888949266138535,-0.5962743822262739
882,17.877912474499727,-0.6037459441802066
883,17.866804762383,-0.6112839648593299
884,17.855625944064645,-0.6188887028427306
885,17.844375834926943,-0.626560414078173
886,17.8330542514671,-0.6342993518393898
887,17.821661011306077,-0.6421057666833732
888,17.810195933197495,-0.6499799064076722
889,17.798658837036463,-0.6579220160077037
890,17.78704954386841,-0.6659323376340791
891,17.775367875897917,-0.6740111105499561
892,17.76361365649752,-0.6821585710884152
893,17.75178671021647,-0.690374952609874
894,17.73988686278957,-0.698660485459536
895,17.727913941145864,-0.7070153969248879
896,17.7158677734174,-0.715439911193244
897,17.703748188947984,-0.7239342493093471
898,17.69155501830184,-0.732498629133031
899,17.67928809327233,-0.741133265296948
900,17.66694724689061,-0.7498383691643705
901,17.654532313434284,-0.7586141487870692
902,17.642043128436054,-0.7674608088632756
903,17.629479528692315,-0.7763785506957323
904,17.61684135227176,-0.7853675721498403
905,17.604128438523965,-0.7944280676119059
906,17.591340628087934,-0.8035602279474938
907,17.578477762900647,-0.8127642404598932
908,17.56553968620556,-0.8220402888487013
909,17.552526242561143,-0.8313885531685316
910,17.5394372778493,-0.8408092097878511
911,17.526272639283874,-0.8503024313479537
912,17.513032175419045,-0.8598683867220756
913,17.49971573615775,-0.869507240974657
914,17.4863231727601,-0.8792191553207588
915,17.472854337851686,-0.8890042870856382
916,17.459309085431986,-0.8988627896644883
917,17.44568727088266,-0.908794812482352
918,17.43198875097584,-0.9188005009542106
919,17.418213383882406,-0.9288799964452581
920,17.40436102918025,-0.9390334362313635
921,17.390431547862473,-0.9492609534597299
922,17.376424802345614,-0.9595626771097538
923,17.362340656477812,-0.9699387319540943
924,17.348178975546954,-0.9803892385199539
925,17.333939626288817,-0.9909143130505811
926,17.319622476895113,-1.0015140674669987
927,17.305227397021632,-1.0121886093299644
928,17.290754257796248,-1.0229380418021679
929,17.27620293182694,-1.0337624636106764
930,17.261573293209775,-1.0446619690096282
931,17.2468652175369,-1.0556366477431829
932,17.232078581904457,-1.0666865850087361
933,17.21721326492048,-1.0778118614204029
934,17.202269146712812,-1.089012552972776
935,17.18724610893691,-1.1002887310049674
936,17.172144034783706,-1.1116404621649347
937,17.156962808987366,-1.123067808374106
938,17.14170231783307,-1.1345708267922985
939,17.126362449164755,-1.1461495697829505
940,17.110943092392784,-1.1578040848786608
941,17.09544413850166,-1.1695344147470488
942,17.079865480057627,-1.1813405971569402
943,17.06420701121631,-1.1932226649448803
944,17.04846862773027,-1.205180645981991
945,17.03265022695657,-1.2172145631411626
946,17.016751707864277,-1.2293244342646032
947,17.00077297104196,-1.2415102721317384
948,16.98471391870511,-1.2537720844274753
949,16.96857445470358,-1.2661098737108336
950,16.952354484528986,-1.27852363738395
951,16.936053915322002,-1.2910133676614655
952,16.919672655879744,-1.3035790515402947
953,16.90321061666298,-1.3162206707697914
954,16.88666770980346,-1.3289382018223104
955,16.870043849111063,-1.3417316158641732
956,16.85333895008101,-1.3546008787270454
957,16.836552929901,-1.367545950879731
958,16.819685707458316,-1.380566787400387
959,16.802737203346897,-1.3936633379491685
960,16.785707339874385,-1.4068355467413054
961,16.768596041069117,-1.4200833525206233
962,16.75140323268711,-1.4334066885335066
963,16.734128842218965,-1.4468054825033159
964,16.71677279889676,-1.460279656605262
965,16.699335033700926,-1.4738291274417457
966,16.681815479367046,-1.4874538060181632
967,16.66421407039265,-1.501153597719191
968,16.646530743043936,-1.5149284022855485
969,16.628765435362496,-1.5287781137912495
970,16.61091808717197,-1.542702620621344
971,16.592988640084688,-1.55670180545016
972,16.574977037508226,-1.570775545220048
973,16.556883224651994,-1.5849237111206338
974,16.538707148533724,-1.5991461685685875
975,16.520448757985957,-1.6134427771879107
976,16.502108003662467,-1.6278133907907533
977,16.48368483804464,-1.642257857358756
978,16.465179215447854,-1.6567760190249348
979,16.446591092027766,-1.6713677120560995
980,16.42792042578661,-1.686032766835831
981,16.409167176579416,-1.7007710078479992
982,16.39033130612018,-1.7155822536608458
983,16.371412777988063,-1.730466316911627
984,16.35241155763345,-1.7454230042918244
985,16.333327612384046,-1.76045211653293
986,16.3141609114509,-1.7755534483928066
987,16.294911425934398,-1.790726788642634
988,16.27557912883017,-1.8059719200544424
989,16.25616399503505,-1.8212886193892361
990,16.236666001352877,-1.8366766573857178
991,16.21708512650035,-1.852135798749613
992,16.197421351112812,-1.8676658021436032
993,16.177674657749943,-1.8832664201778702
994,16.157845030901488,-1.8989373994012555
995,16.13793245699288,-1.9146784802930414
996,16.117936924390868,-1.9304893972553574
997,16.097858423409086,-1.9463698786062167
998,16.07769694631352,-1.9623196465731865
999,16.05745248732805,-1.9783384172876948
1000,16.037125042639857,-1.9944259007799825
1001,16.01671461040482,-2.010581800974703
1002,15.996221190752843,-2.0268058156871662
1003,15.975644785793188,-2.043097636620246
1004,15.954985399619726,-2.0594569493619397
1005,15.934243038316163,-2.0758834333835967
1006,15.913417709961193,-2.092376762038806
1007,15.892509424633658,-2.10893660256296
1008,15.871518194417627,-2.1255626160734904
1009,15.85044403340742,-2.142254457570781
1010,15.829286957712643,-2.1590117759397645
1011,15.808046985463127,-2.1758342139521987
1012,15.786724136813856,-2.1927214082696342
1013,15.765318433949819,-2.209672989447078
1014,15.743829901090848,-2.226688581937339
1015,15.722258564496403,-2.243767804096086
1016,15.700604452470325,-2.260910268187594
1017,15.678867595365515,-2.2781155803912037
1018,15.657048025588603,-2.295383340808482
1019,15.635145777604544,-2.3127131434710946
1020,15.61316088794121,-2.33010457634939
1021,15.591093395193893,-2.347557221361697
1022,15.56894334002981,-2.3650706543843456
1023,15.546710765192515,-2.3826444452623985
1024,15.524395715506328,-2.400278157821117
1025,15.501998237880677,-2.417971349878137
1026,15.479518381314394,-2.435723573256389
1027,15.456956196900022,-2.4535343737977304
1028,15.434311737827999,-2.471403291377323
1029,15.411585059390898,-2.4893298599187363
1030,15.388776218987514,-2.507313607409784
1031,15.365885276127026,-2.525354055919106
1032,15.342912292432995,-2.5434507216134814
1033,15.319857331647453,-2.5616031147758824
1034,15.29672045963483,-2.579810739824276
1035,15.273501744385921,-2.598073095331159
1036,15.250201256021775,-2.616389674043846
1037,15.226819066797557,-2.6347599629054996
1038,15.203355251106386,-2.6531834430769057
1039,15.179809885483076,-2.671659589959
1040,15.156183048607913,-2.6901878732161384
1041,15.13247482131033,-2.7087677568001243
1042,15.10868528657259,-2.727398698974978
1043,15.084814529533405,-2.7460801523424605
1044,15.060862637491526,-2.764811563868351
1045,15.036829699909296,-2.783592374909471
1046,15.012715808416132,-2.802422021241466
1047,14.98852105681205,-2.8212999330873325
1048,14.964245541071081,-2.840225535146704
1049,14.939889359344678,-2.859198246625888
1050,14.915452611965074,-2.87821748126865
1051,14.890935401448642,-2.897282647387756
1052,14.866337832499164,-2.9163931478972644
1053,14.841660012011129,-2.9355483803455678
1054,14.816902049072953,-2.954747736949185
1055,14.792064054970163,-2.973990604627308
1056,14.767146143188594,-2.9932763650370924
1057,14.742148429417519,-3.0126043946097
1058,14.717071031552738,-3.0319740645870854
1059,14.691914069699653,-3.051384741059536
1060,14.666677666176358,-3.0708357850039465
1061,14.641361945516605,-3.0903265523228485
1062,14.615967034472819,-3.109856393884174
1063,14.590493062019037,-3.129424655561765
1064,14.56494015935389,-3.14903067827662
1065,14.53930845990345,-3.1686737980388804
1066,14.513598099324147,-3.1883533459905484
1067,14.487809215505628,-3.2080686484489442
1068,14.461941948573589,-3.2278190269508906
1069,14.43599644089258,-3.247603798297629
1070,14.40997283706881,-3.2674222746004626
1071,14.383871283952898,-3.287273763327123
1072,14.357691930642611,-3.307157567348861
1073,14.331434928485631,-3.3270729849882583
1074,14.305100431082236,-3.347019310067749
1075,14.278688594288012,-3.366995831958865
1076,14.252199576216514,-3.387001835632182
1077,14.225633537241931,-3.4070366017079863
1078,14.198990640001751,-3.4270994065076303
1079,14.172271049399367,-3.4471895221056053
1080,14.145474932606724,-3.4673062163822994
1081,14.118602459066935,-3.487448753077457
1082,14.091653800496848,-3.50761639184433
1083,14.064629130889672,-3.527808388304508
1084,14.037528626517567,-3.5480239941034393
1085,14.010352465934213,-3.5682624569666297
1086,13.983100829977367,-3.58852302075651
1087,13.955773901771487,-3.6088049255299857
1088,13.928371866730242,-3.629107407596639
1089,13.900894912559155,-3.6494296995776034
1090,13.873343229258108,-3.6697710304650943
1091,13.84571700912396,-3.690130625682586
1092,13.818016446753116,-3.71050770714564
1093,13.790241739044106,-3.7309014933233806
1094,13.76239308520019,-3.7513111993006008
1095,13.734470686731939,-3.771736036840509
1096,13.706474747459858,-3.792175214448091
1097,13.678405473517033,-3.8126279374341085
1098,13.650263073351743,-3.8330934079797063
1099,13.622047757730117,-3.8535708252016323
1100,13.593759739738818,-3.874059385218058
1101,13.565399234787735,-3.894558443674094
1102,13.536966459957346,-3.915067517315391
1103,13.508461633348595,-3.93558612254483
1104,13.479884974089424,-3.9561137754337525
1105,13.451236702341399,-3.9766499917332228
1106,13.422517039306483,-3.9971942868853017
1107,13.393726207233945,-4.017746176034331
1108,13.364864429427335,-4.038305174038252
1109,13.33593193025165,-4.05887079547992
1110,13.30692893514057,-4.079442554678458
1111,13.277855670603897,-4.100019965700601
1112,13.248712364235038,-4.120602542372078
1113,13.219499244718708,-4.141189798289
1114,13.190216541838726,-4.1617812468292685
1115,13.160864486485961,-4.182376401163988
1116,13.131443310666429,-4.202974774268907
1117,13.101953247509524,-4.2235758789358675
1118,13.072394531276434,-4.244179227784269
1119,13.042767397368678,-4.264784333272548
1120,13.013072082336803,-4.28539070770967
1121,12.983308823889242,-4.305997863266637
1122,12.953477860901351,-4.326605311988008
1123,12.923579433424608,-4.347212565803426
1124,12.893613782695944,-4.367819136539179
1125,12.863581151147322,-4.388424535929739
1126,12.833481782415411,-4.409028275629352
1127,12.803315921351496,-4.429629867223608
1128,12.773083814031544,-4.45022882224104
1129,12.742785707766492,-4.470824652164733
1130,12.712421851112667,-4.491416868443942
1131,12.681992493882447,-4.512004982505714
1132,12.651497887155145,-4.532588505766538
1133,12.620938283287996,-4.553166949643989
1134,12.590313935927464,-4.573739825568387
1135,12.559625100020703,-4.594306644994472
1136,12.528872031827248,-4.614866919413079
1137,12.498054988930896,-4.635420160362831
1138,12.467174230251898,-4.655965879441837
1139,12.436230016059255,-4.676503588319393
1140,12.405222607983358,-4.697032798747705
1141,12.374152269028801,-4.71755302257361
1142,12.3430192635875,-4.738063771750308
1143,12.31182385745197,-4.758564558349096
1144,12.280566317828963,-4.7790548945711215
1145,12.249246913353273,-4.799534292759132
1146,12.21786591410187,-4.820002265409237
1147,12.18642359160827,-4.8404583251826745
1148,12.15492021887722,-4.86090198491758
1149,12.12335607039961,-4.881332757640771
1150,12.09173142216772,-4.901750156579527
1151,12.060046551690741,-4.922153695173378
1152,12.028301738010612,-4.9425428870859065
1153,11.996497261718135,-4.962917246216535
1154,11.964633404969447,-4.98327628671234
1155,11.932710451502775,-5.003619522979849
1156,11.900728686655537,-5.023946469696861
1157,11.868688397381792,-5.044256641824257
1158,11.836589872269977,-5.064549554617816
1159,11.804433401561083,-5.08482472364004
1160,11.772219277167098,-5.105081664771968
1161,11.739947792689858,-5.125319894225015
1162,11.707619243440282,-5.145538928552785
1163,11.67523392645799,-5.16573828466291
1164,11.642792140531236,-5.1859174798288725
1165,11.610294186217358,-5.2060760317018415
1166,11.577740365863546,-5.226213458322502
1167,11.545130983628038,-5.246329278132886
1168,11.512466345501789,-5.2664230099882055
1169,11.479746759330528,-5.2864941731686805
1170,11.446972534837254,-5.306542287391378
1171,11.414143983645248,-5.326566872822034
1172,11.381261419301467,-5.346567450086882
1173,11.348325157300454,-5.366543540284488
1174,11.315335515108764,-5.386494664997567
1175,11.282292812189795,-5.406420346304808
1176,11.24919737002925,-5.4263201067927
1177,11.216049512161003,-5.446193469567339
1178,11.182849564193543,-5.466039958266252
1179,11.149597853836992,-5.485859097070203
1180,11.116294710930612,-5.505650410715001
1181,11.082940467470944,-5.525413424503299
1182,11.049535457640475,-5.5451476643163975
1183,11.016080017836929,-5.5648526566260355
1184,10.98257448670314,-5.584527928506178
1185,10.949019205157574,-5.604173007644799
1186,10.915414516425491,-5.623787422355656
1187,10.881760766070707,-5.643370701590069
1188,10.848058302028083,-5.662922374948669
1189,10.814307474636644,-5.682441972693171
1190,10.780508636673428,-5.701929025758116
1191,10.746662143388043,-5.721383065762615
1192,10.712768352537916,-5.740803625022082
1193,10.678827624424356,-5.760190236559962
1194,10.644840321929326,-5.779542434119452
1195,10.610806810552994,-5.798859752175205
1196,10.576727458452138,-5.81814172594503
1197,10.542602636479321,-5.8373878914015895
1198,10.508432718222924,-5.856597785284069
1199,10.474218080048022,-5.875770945109858
1200,10.439959101138156,-5.894906909186202
1201,10.405656163538007,-5.914005216621855
1202,10.371309652196965,-5.933065407338718
1203,10.33691995501369,-5.952087022083461
1204,10.302487462881563,-5.971069602439144
1205,10.268012569735212,-5.990012690836806
1206,10.233495672598004,-6.008915830567072
1207,10.198937171630561,-6.027778565791715
1208,10.164337470180367,-6.046600441555226
1209,10.129696974832475,-6.065381003796359
1210,10.095016095461292,-6.084119799359672
1211,10.060295245283521,-6.102816376007044
1212,10.025534840912291,-6.12147028242918
1213,9.990735302412455,-6.140081068257107
1214,9.955897053357134,-6.1586482840736485
1215,9.921020520885548,-6.177171481424882
1216,9.88610613576206,-6.195650212831585
1217,9.851154332436602,-6.214084031800666
1218,9.816165549106461,-6.2324724928365685
1219,9.781140227779423,-6.250815151452674
1220,9.746078814338318,-6.269111564182667
1221,9.71098175860709,-6.287361288591909
1222,9.675849514418314,-6.3055638832887615
1223,9.64068253968223,-6.323718907935921
1224,9.6054812964574,-6.3418259232617205
1225,9.57024625102293,-6.359884491071403
1226,9.53497787395235,-6.377894174258404
1227,9.499676640189202,-6.395854536815579
1228,9.464343029124343,-6.413765143846435
1229,9.42897752467502,-6.431625561576339
1230,9.393580615365808,-6.449435357363689
1231,9.358152794411366,-6.467194099711087
1232,9.322694559801132,-6.4849013582764705
1233,9.28720641438601,-6.502556703884235
1234,9.251688865966994,-6.520159708536328
1235,9.216142427385977,-6.537709945423321
1236,9.180567616618553,-6.555206988935459
1237,9.144964956869098,-6.57265041467369
1238,9.10933497666802,-6.590039799460662
1239,9.073678209971316,-6.607374721351706
1240,9.037995196262473,-6.624654759645785
1241,9.00228648065678,-6.641879494896433
1242,8.966552614008094,-6.659048508922642
1243,8.930794153018196,-6.67616138481976
1244,8.895011660348647,-6.693217706970329
1245,8.85920570473542,-6.710217061054918
1246,8.823376861106176,-6.727159034062919
1247,8.787525710700415,-6.744043214303325
1248,8.751652841192465,-6.760869191415468
1249,8.715758846817478,-6.777636556379747
1250,8.67984432850037,-6.794344901528311
1251,8.643909893987981,-6.8109938205557174
1252,8.607956157984363,-6.827582908529578
1253,8.571983742289344,-6.8441117619011465
1254,8.535993275940509,-6.860579978515909
1255,8.499985395358586,-6.876987157624116
1256,8.463960744496385,-6.8933328998913055
1257,8.427919974991415,-6.909616807408785
1258,8.391863746322157,-6.925838483704085
1259,8.355792725968245,-6.941997533751381
1260,8.319707589574543,-6.958093563981887
1261,8.283609021119275,-6.974126182294212
1262,8.247497713086267,-6.990094998064691
1263,8.21137436664149,-7.005999622157676
1264,8.175239691813946,-7.021839666935804
1265,8.13909440768101,-7.037614746270215
1266,8.102939242558435,-7.0533244755507605
1267,8.066774934195017,-7.068968471696158
1268,8.030602229972136,-7.084546353164114
1269,7.994421887108284,-7.1000577399614295
1270,7.958234672868665,-7.115502253654045
1271,7.922041364780066,-7.13087951737707
1272,7.885842750851099,-7.146189155844773
1273,7.849639629797954,-7.161430795360525
1274,7.8134328112758515,-7.176604063826721
1275,7.777223116116282,-7.19170859075465
1276,7.741011376570228,-7.206744007274351
1277,7.704798436557511,-7.2217099461444025
1278,7.668585151922419,-7.2366060417617035
1279,7.632372390695811,-7.251431930171183
1280,7.596161033363829,-7.266187249075516
1281,7.559951973143423,-7.280871637844754
1282,7.523746116264778,-7.295484737525947
1283,7.487544382261012,-7.310026190852719
1284,7.451347704265124,-7.324495642254798
1285,7.415157029314502,-7.338892737867516
1286,7.378973318663161,-7.3532171255412555
1287,7.342797548101887,-7.367468454850871
1288,7.3066307082865185,-7.381646377105059
1289,7.270473805074558,-7.395750545355684
1290,7.23432785987036,-7.409780614407079
1291,7.198193909979,-7.423736240825287
1292,7.162073008969222,-7.437617082947267
1293,7.125966227045548,-7.451422800890059
1294,7.089874651429784,-7.465153056559907
1295,7.053799386752306,-7.478807513661329
1296,7.017741555453147,-7.492385837706163
1297,6.981702298193308,-7.505887696022546
1298,6.945682774276434,-7.519312757763863
1299,6.909684162081151,-7.532660693917657
1300,6.8737076595043165,-7.545931177314473
1301,6.837754484415421,-7.559123882636678
1302,6.801825875122419,-7.572238486427229
1303,6.76592309084926,-7.585274667098388
1304,6.73004741222539,-7.5982321049404
1305,6.694200141787434,-7.611110482130124
1306,6.658382604493464,-7.623909482739607
1307,6.622596148250007,-7.636628792744635
1308,6.586842144452099,-7.649268100033199
1309,6.5511219885367264,-7.6618270944139555
1310,6.515437100549865,-7.674305467624607
1311,6.479788925727448,-7.686702913340254
1312,6.444178935090511,-7.699019127181685
1313,6.408608626054797,-7.711253806723622
1314,6.3730795230551545,-7.723406651502932
1315,6.337593178184955,-7.73547736302676
1316,6.302151171850789,-7.74746564478064
1317,6.266755113442802,-7.759371202236539
1318,6.231406642020835,-7.771193742860854
1319,6.196107427016727,-7.782932976122372
1320,6.160859168952946,-7.794588613500154
1321,6.125663600177889,-7.8061603684913905
1322,6.090522485617999,-7.817647956619196
1323,6.055437623547048,-7.8290510954403505
1324,6.0204108463726165,-7.840369504552995
1325,5.9854440214402445,-7.851602905604272
1326,5.9505390518551415,-7.862751022297907
1327,5.915697877321857,-7.873813580401748
1328,5.880922475001977,-7.88479030775525
1329,5.84621486038993,-7.895680934276896
1330,5.811577088207122,-7.906485191971579
1331,5.777011253314394,-7.917202814937916
1332,5.742519491642842,-7.927833539375524
1333,5.708103981143081,-7.938377103592223
1334,5.673766942752917,-7.948833248011201
1335,5.639510641383328,-7.9592017151781125
1336,5.605337386922695,-7.969482249768131
1337,5.571249535259113,-7.979674598592933
1338,5.537249489320604,-7.989778510607646
1339,5.503339700132969,-7.999793736917724
1340,5.469522667894936,-8.009720030785765
1341,5.4358009430703085,-8.01955714763829
1342,5.402177127496567,-8.029304845072454
1343,5.368653875509453,-8.038962882862688
1344,5.335233895082905,-8.04853102296731
1345,5.301919948983708,-8.058009029535064
1346,5.268714855939959,-8.067396668911588
1347,5.235621491822581,-8.07669370964585
1348,5.20264279083876,-8.08589992249652
1349,5.169781746736283,-8.09501508043826
1350,5.137041414017484,-8.104038958667985
1351,5.104424909161401,-8.112971334611053
1352,5.071935411852712,-8.121811987927392
1353,5.039576166215628,-8.130560700517568
1354,5.007350482051044,-8.13921725652881
1355,4.975261736074852,-8.147781442360944
1356,4.943313373155291,-8.156253046672303
1357,4.911508907546843,-8.164631860385546
1358,4.879851924118208,-8.172917676693437
1359,4.848346079571471,-8.18111029106455
1360,4.816995103649433,-8.189209501248927
1361,4.785802800327858,-8.197215107283652
1362,4.7547730489891045,-8.205126911498397
1363,4.723909805573333,-8.212944718520873
1364,4.693217103703192,-8.220668335282237
1365,4.662699055777712,-8.22829757102245
1366,4.63235985403068,-8.235832237295524
1367,4.602203771548531,-8.243272147974773
1368,4.572235163242503,-8.25061711925795
1369,4.54245846676935,-8.257866969672342
1370,4.51287820339473,-8.265021520079804
1371,4.483498978792862,-8.272080593681714
1372,4.454325483775767,-8.279044016023894
1373,4.425362494945086,-8.285911615001433
1374,4.39661487525894,-8.292683220863468
1375,4.368087574506043,-8.2993586662179
1376,4.3397856296788815,-8.305937786036033
1377,4.3117141652373085,-8.312420417657165
1378,4.283878393253584,-8.318806400793108
1379,4.256283613429487,-8.325095577532633
1380,4.228935212975802,-8.331287792345863
1381,4.201838666344014,-8.337382892088609
1382,4.174999534799768,-8.343380726006615
1383,4.148423465827396,-8.349281145739761
1384,4.122116192354288,-8.355084005326184
1385,4.096083531783916,-8.360789161206348
1386,4.07033138482572,-8.366396472227047
1387,4.044865734110178,-8.371905799645319
1388,4.019692642577063,-8.377317007132325
1389,3.994818251624773,-8.38262996077715
1390,3.970248779008596,-8.38784452909053
1391,3.945990516475883,-8.39296058300852
1392,3.922049827126001,-8.397977995896092
1393,3.898433142483274,-8.40289664355067
1394,3.875146959271282,-8.407716404205601
1395,3.8521978358773,-8.412437158533548
1396,3.829592388496071,-8.417058789649824
1397,3.80733728694268,-8.421581183115656
1398,3.785439250125025,-8.426004226941386
1399,3.7639050411671313,-8.430327811589592
1400,3.742741462175581,-8.434551829978165
1401,3.7219553486423016,-8.438676177483288
1402,3.7015535634783197,-8.44270075194237
1403,3.6815429906743486,-8.446625453656903
1404,3.6619305285856574,-8.450450185395255
1405,3.642723082840392,-8.454174852395385
1406,3.6239275588721913,-8.457799362367506
1407,3.605550854080157,-8.46132362549666
1408,3.5875998496211796,-8.464747554445246
1409,3.570081401841924,-8.468071064355458
1410,3.553002333360312,-8.471294072851666
1411,3.5363694238086536,-8.47441650004273
1412,3.520189400253417,-8.477438268524242
1413,3.5044689273092238,-8.480359303380695
1414,3.4892145969674573,-8.483179532187583
1415,3.474432918162868,-8.485898885013446
1416,3.460130306104234,-8.488517294421822
1417,3.446313071398218,-8.491034695473155
1418,3.4329874089982306,-8.493451025726609
1419,3.42015938701311,-8.495766225241832
1420,3.407834935412951,-8.497980236580641
1421,3.396019834672117,-8.50009300480864
1422,3.384719704391856,-8.502104477496768
1423,3.3739399919471253,-8.504014604722773
1424,3.363685961204275,-8.505823339072624
1425,3.353962681357878,-8.507530635641848
1426,3.344775015936531,-8.509136452036795
1427,3.336127612028367,-8.510640748375847
1428,3.328024889777812,-8.512043487290528
1429,3.320471032205427,-8.513344633926584
1430,3.313469975402528,-8.51454415594495
1431,3.307025399151743,-8.515642023522684
1432,3.301140718023711,-8.516638209353802
1433,3.2958190729985164,-8.517532688650066
1434,3.2910633236588245,-8.518325439141687
1435,3.2868760409989894,-8.51901644107796
1436,3.2832595008918233,-8.519605677227833
1437,3.280215678251354,-8.5200931328804
1438,3.2777462419263976,-8.520478795845326
1439,3.2758525503556615,-8.520762656453217
1440,3.274535648010735,-8.520944707555882
1441,3.273796262648842,-8.521024944526571
1442,3.273634803392271,-8.521003365260094
1443,3.2740513596464287,-8.520879970172919
1444,3.2750457008631426,-8.52065476220316
1445,3.2766172771507773,-8.520327746810517
1446,3.2787652207273394,-8.519898931976135
1447,3.281488348207542,-8.519368328202399
1448,3.284785163709673,-8.518735948512655
1449,3.288653862763217,-8.518001808450855
1450,3.293092336993243,-8.517165926081152
1451,3.298098179553303,-8.516228321987395
1452,3.303668691274245,-8.515189019272581
1453,3.309800887492513,-8.514048043558219
1454,3.3164915055181265,-8.512805422983627
1455,3.3237370126994086,-8.511461188205173
1456,3.331533615038907,-8.510015372395417
1457,3.3398772663128877,-8.508468011242213
1458,3.3487636776449436,-8.506819142947721
1459,3.358188327483048,-8.505068808227362
1460,3.3681464719286396,-8.503217050308685
1461,3.378633155365901,-8.501263914930188
1462,3.3896432213394814,-8.49920945034005
1463,3.401171323629446,-8.497053707294793
1464,3.413211937473045,-8.494796739057888
1465,3.4257593708841045,-8.492438601398286
1466,3.43880777602254,-8.489979352588874
1467,3.4523511605680635,-8.487419053404853
1468,3.4663833990545383,-8.484757767122073
1469,3.4808982441235314,-8.48199555951527
1470,3.495889337658211,-8.47913249885626
1471,3.511350221761346,-8.47616865591203
1472,3.5272743495439696,-8.473104103942795
1473,3.5436550956939956,-8.469938918699961
1474,3.560485766797053,-8.466673178424037
1475,3.5777596113846326,-8.463306963842449
1476,3.5954698296875076,-8.459840358167325
1477,3.6136095830752852,-8.456273447093178
1478,3.632172003165637,-8.452606318794535
1479,3.651150200589552,-8.448839063923488
1480,3.670537273401327,-8.444971775607199
1481,3.6903263151248518,-8.441004549445296
1482,3.710510422429671,-8.436937483507247
1483,3.73108270243281,-8.432770678329621
1484,3.752036279624329,-8.428504236913327
1485,3.7733643024164567,-8.424138264720733
1486,3.795059949317919,-8.419672869672759
1487,3.8171164347367688,-8.415108162145891
1488,3.8395270144163915,-8.410444254969116
1489,3.862284990510718,-8.405681263420787
1490,3.88538371630582,-8.400819305225445
1491,3.9088166005961056,-8.395858500550553
1492,3.93257711172424,-8.39079897200316
1493,3.9566587812945793,-8.385640844626518
1494,3.981055207570658,-8.380384245896604
1495,4.005760058567698,-8.375029305718598
1496,4.030767074851584,-8.36957615642329
1497,4.056070072056,-8.364024932763408
1498,4.081662943129706,-8.358375771909886
1499,4.107539660325974,-8.352628813448076
1500,4.133694276946353,-8.346784199373884
1501,4.160120928850871,-8.340842074089823
1502,4.186813835746695,-8.33480258440104
1503,4.213767302267172,-8.328665879511242
1504,4.240975718852986,-8.32243211101857
1505,4.26843356244691,-8.31610143291141
1506,4.296135397013387,-8.309674001564126
1507,4.324075873893947,-8.303149975732751
1508,4.352249732009035,-8.296529516550578
1509,4.38065179791661,-8.289812787523724
1510,4.409276985737387,-8.282999954526602
1511,4.438120296956357,-8.276091185797341
1512,4.4671768201097874,-8.26908665193314
1513,4.496441730366467,-8.261986525885552
1514,4.525910289011667,-8.25479098295571
1515,4.555577842841882,-8.247500200789485
1516,4.585439823477964,-8.240114359372583
1517,4.615491746603951,-8.232633641025592
1518,4.6457292111385025,-8.225058230398922
1519,4.676147898345486,-8.21738831446774
1520,4.706743570889821,-8.2096240825268
1521,4.737512071844498,-8.201765726185217
1522,4.768449323654211,-8.193813439361204
1523,4.799551327060702,-8.185767418276715
1524,4.830814159994743,-8.177627861452038
1525,4.862233976439226,-8.169394969700333
1526,4.893807005267605,-8.161068946122091
1527,4.92552954906158,-8.152649996099562
1528,4.9573979829118215,-8.144138327291083
1529,4.989408753204995,-8.135534149625363
1530,5.021558376400382,-8.126837675295732
1531,5.053843437798959,-8.118049118754275
1532,5.0862605903076625,-8.109168696705956
1533,5.118806553201367,-8.100196628102651
1534,5.15147811088482,-8.091133134137138
1535,5.184272111656703,-8.08197843823702
1536,5.217185466477707,-8.07273276605858
1537,5.250215147744418,-8.063396345480603
1538,5.283358188070583,-8.0539694065981
1539,5.316611679077282,-8.044452181716013
1540,5.34997277019324,-8.034844905342833
1541,5.383438667466533,-8.025147814184178
1542,5.417006632388719,-8.015361147136291
1543,5.450673980732377,-8.005485145279506
1544,5.484438081402872,-7.9955200518716385
1545,5.518296355305116,-7.985466112341324
1546,5.552246274225955,-7.975323574281299
1547,5.5862853597328055,-7.96509268744163
1548,5.62041118208894,-7.954773703722871
1549,5.654621359185951,-7.944366877169187
1550,5.688913555493648,-7.933872463961392
1551,5.7232854810277285,-7.923290722409969
1552,5.757734890335415,-7.912621912947996
1553,5.792259581499278,-7.901866298124037
1554,5.826857395159343,-7.891024142594988
1555,5.861526213553523,-7.880095713118833
1556,5.896263959576533,-7.869081278547386
1557,5.9310685958571305,-7.857981109818947
1558,5.9659381238537925,-7.846795479950923
1559,6.000870582968702,-7.8355246640323895
1560,6.03586404967992,-7.824168939216592
1561,6.070916636691693,-7.812728584713405
1562,6.10602649210271,-7.801203881781731
1563,6.1411917985921916,-7.789595113721853
1564,6.176410772623564,-7.777902565867715
1565,6.211681663665588,-7.766126525579189
1566,6.247002753430693,-7.754267282234249
1567,6.282372355130329,-7.742325127221117
1568,6.317788812747027,-7.73030035393035
1569,6.353250500323052,-7.718193257746882
1570,6.388755821265225,-7.706004136042006
1571,6.424303207665848,-7.69373328816531
1572,6.459891119639264,-7.681381015436571
1573,6.495518044673972,-7.6689476211375815
1574,6.531182496999856,-7.656433410503943
1575,6.566883016970374,-7.643838690716805
1576,6.602618170459376,-7.631163770894544
1577,6.6383865482722415,-7.618408962084411
1578,6.6741867655711085,-7.60557457725413
1579,6.710017461313854,-7.592660931283421
1580,6.7458772977066745,-7.579668340955518
1581,6.781764959669721,-7.5665971249486
1582,6.817679154315847,-7.553447603827203
1583,6.853618610441876,-7.540220100033571
1584,6.889582078032371,-7.526914937878962
1585,6.925568327775422,-7.513532443534906
1586,6.961576150590368,-7.500072945024434
1587,6.997604357166982,-7.48653677221323
1588,7.033651777516087,-7.472924256800767
1589,7.069717260531123,-7.4592357323113845
1590,7.105799673560571,-7.44547153408532
1591,7.141897901990889,-7.431631999269704
1592,7.178010848839729,-7.4177174668095045
1593,7.214137434359233,-7.403728277438423
1594,7.2502765956490896,-7.389664773669769
1595,7.286427286279215,-7.375527299787258
1596,7.322588475921711,-7.361316201835801
1597,7.358759149991972,-7.347031827612223
1598,7.394938309298673,-7.3326745266559605
1599,7.431124969702375,-7.318244650239701
1600,7.467318161782666,-7.303742551359998
1601,7.5035169305134914,-7.2891685847278245
1602,7.539720334946508,-7.274523106759106
1603,7.575927447902295,-7.259806475565194
1604,7.612137355669241,-7.24501905094332
1605,7.648349157709763,-7.230161194366991
1606,7.684561966373936,-7.215233268976351
1607,7.720774906620051,-7.200235639568517
1608,7.756987115742185,-7.185168672587848
1609,7.793197743104402,-7.170032736116208
1610,7.829405949881559,-7.154828199863164
1611,7.865610908806446,-7.139555435156164
1612,7.901811803923198,-7.124214814930665
1613,7.938007830346707,-7.108806713720232
1614,7.974198194027991,-7.093331507646598
1615,8.010382111525278,-7.07778957440969
1616,8.046558809780691,-7.062181293277606
1617,8.082727525902413,-7.046507045076581
1618,8.118887506952175,-7.030767212180886
1619,8.155038009737895,-7.014962178502731
1620,8.191178300611385,-6.999092329482083
1621,8.227307655270995,-6.983158052076496
1622,8.263425358568995,-6.967159734750893
1623,8.2995307043237,-6.9510977674672905
1624,8.335622995136063,-6.934972541674523
1625,8.371701542210761,-6.918784450297919
1626,8.407765665181557,-6.902533887728938
1627,8.443814691940894,-6.8862212498147946
1628,8.479847958473577,-6.869846933848021
1629,8.51586480869442,-6.853411338556035
1630,8.551864594289842,-6.83691486409065
1631,8.587846674563192,-6.820357912017551
1632,8.623810416283792,-6.803740885305762
1633,8.659755193539576,-6.787064188317076
1634,8.69568038759323,-6.770328226795429
1635,8.731585386741738,-6.753533407856291
1636,8.767469586179262,-6.736680139975982
1637,8.803332387863286,-6.719768832980995
1638,8.839173200383875,-6.702799898037264
1639,8.874991438836043,-6.6857737476394234
1640,8.910786524695103,-6.668690795600026
1641,8.94655788569496,-6.65155145703874
1642,8.982304955709242,-6.63435614837152
1643,9.018027174635193,-6.6171052872997445
1644,9.053723988280293,-6.599799292799336
1645,9.08939484825151,-6.582438585109844
1646,9.125039211847108,-6.565023585723521
1647,9.16065654195099,-6.547554717374344
1648,9.196246306929451,-6.530032404027041
1649,9.231807980530329,-6.512457070866077
1650,9.267341041784476,-6.494829144284609
1651,9.30284497490949,-6.477149051873443
1652,9.33831926921563,-6.459417222409939
1653,9.373763419013935,-6.441634085846902
1654,9.40917692352639,-6.423800073301468
1655,9.444559286798144,-6.4059156170439335
1656,9.479910017611747,-6.3879811504866
1657,9.51522862940331,-6.3699971081725595
1658,9.55051464018054,-6.351963925764492
1659,9.58576757244269,-6.333882040033421
1660,9.620986953102229,-6.315751888847454
1661,9.656172313408339,-6.297573911160503
1662,9.691323188872076,-6.279348547000991
1663,9.726439119193238,-6.26107623746052
1664,9.761519648188845,-6.242757424682546
1665,9.796564323723214,-6.224392551851014
1666,9.8315726976396,-6.20598206317898
1667,9.866544325693338,-6.187526403897223
1668,9.901478767486442,-6.1690260202428275
1669,9.936375586403724,-6.150481359447754
1670,9.971234349550196,-6.131892869727394
1671,10.00605462768996,-6.1132610002691
1672,10.040835995186386,-6.094586201220714
1673,10.075578029943582,-6.075868923679061
1674,10.110280313349183,-6.057109619678443
1675,10.144942430218336,-6.038308742179107
1676,10.179563968738954,-6.0194667450557
1677,10.214144520418103,-6.0005840830857196
1678,10.248683680029584,-5.9816612119379275
1679,10.283181045562634,-5.962698588160774
1680,10.317636218171701,-5.943696669170794
1681,10.352048802127396,-5.924655913240993
1682,10.386418404768312,-5.905576779489215
1683,10.420744636454097,-5.886459727866516
1684,10.455027110519337,-5.867305219145495
1685,10.489265443228534,-5.848113714908643
1686,10.523459253731975,-5.828885677536663
1687,10.55760816402259,-5.809621570196781
1688,10.59171179889366,-5.790321856831052
1689,10.625769785897472,-5.770987002144648
1690,10.659781755304824,-5.751617471594137
1691,10.69374734006535,-5.7322137313757615
1692,10.72766617576872,-5.712776248413697
1693,10.761537900606625,-5.693305490348299
1694,10.795362155335566,-5.6738019255243515
1695,10.82913858324039,-5.654266022979305
1696,10.862866830098637,-5.634698252431493
1697,10.89654654414556,-5.61509908426836
1698,10.930177376039921,-5.5954689895346705
1699,10.96375897883046,-5.5758084399207055
1700,10.99729100792304,-5.556117907750473
1701,11.030773121048542,-5.536397865969887
1702,11.064204978231315,-5.516648788134956
1703,11.097586241758341,-5.49687114839996
1704,11.130916576149012,-5.477065421505629
1705,11.164195648125506,-5.4572320827673
1706,11.197423126583768,-5.437371608063091
1707,11.230598682565118,-5.417484473822051
1708,11.263721989228367,-5.397571157012317
1709,11.29679272182254,-5.377632135129269
1710,11.329810557660148,-5.357667886183664
1711,11.362775176090963,-5.337678888689793
1712,11.395686258476374,-5.317665621653615
1713,11.428543488164182,-5.297628564560892
1714,11.461346550463976,-5.277568197365334
1715,11.494095132622942,-5.257485000476723
1716,11.526788923802172,-5.237379454749048
1717,11.559427615053457,-5.217252041468643
1718,11.592010899296508,-5.197103242342305
1719,11.624538471296667,-5.176933539485433
1720,11.65701002764302,-5.156743415410156
1721,11.689425266726941,-5.136533353013454
1722,11.721783888721104,-5.116303835565297
1723,11.754085595558848,-5.096055346696773
1724,11.786330090913998,-5.075788370388215
1725,11.81851708018101,-5.055503390957337
1726,11.85064627045559,-5.035200893047367
1727,11.882717370515612,-5.014881361615184
1728,11.914730090802463,-4.9945452819194545
1729,11.946684143402694,-4.974193139508777
1730,11.978579242030104,-4.953825420209818
1731,12.010415102008066,-4.93344261011547
1732,12.042191440252283,-4.913045195572991
1733,12.07390797525385,-4.892633663172164
1734,12.105564427062596,-4.872208499733459
1735,12.137160517270805,-4.851770192296187
1736,12.168695968997216,-4.831319228106673
1737,12.200170506871336,-4.810856094606427
1738,12.231583857018052,-4.790381279420324
1739,12.262935747042533,-4.769895270344786
1740,12.294225906015399,-4.749398555335967
1741,12.325454064458231,-4.7288916224979545
1742,12.356619954329288,-4.708374960070974
1743,12.387723309009502,-4.687849056419586
1744,12.418763863288786,-4.667314400020915
1745,12.449741353352561,-4.646771479452869
1746,12.48065551676851,-4.626220783382363
1747,12.51150609247365,-4.605662800553572
1748,12.542292820761588,-4.585098019776168
1749,12.573015443270018,-4.564526929913579
1750,12.603673702968502,-4.543950019871258
1751,12.634267344146409,-4.523367778584949
1752,12.664796112401122,-4.5027806950089815
1753,12.695259754626443,-4.482189258104552
1754,12.72565801900124,-4.46159395682804
1755,12.755990654978271,-4.440995280119308
1756,12.786257413273216,-4.420393716890042
1757,12.816458045853945,-4.399789756012071
1758,12.846592305929946,-4.379183886305723
1759,12.876659947941954,-4.3585765965281835
1760,12.906660727551792,-4.337968375361858
1761,12.936594401632375,-4.317359711402758
1762,12.966460728257887,-4.296751093148899
1763,12.996259466694177,-4.2761430089887
1764,13.025990377389297,-4.255535947189403
1765,13.055653221964207,-4.234930395885516
1766,13.085247763203677,-4.21432684306724
1767,13.114773765047337,-4.193725776568947
1768,13.144230992580878,-4.173127684057642
1769,13.173619212027434,-4.152533053021455
1770,13.202938190739099,-4.13194237075814
1771,13.23218769718861,-4.111356124363597
1772,13.261367500961185,-4.090774800720396
1773,13.29047737274646,-4.070198886486331
1774,13.319517084330677,-4.049628868082975
1775,13.348486408588869,-4.029065231684263
1776,13.37738511947729,-4.008508463205088
1777,13.406212992025965,-3.987959048289901
1778,13.434969802331313,-3.967417472301353
1779,13.46365532754897,-3.9468842203089256
1780,13.492269345886715,-3.9263597770775958
1781,13.52081163659751,-3.905844627056516
1782,13.54928197997267,-3.8853392543677066
1783,13.57768015733515,-3.8648441427947686
1784,13.60600595103297,-3.8443597757716175
1785,13.634259144432727,-3.823886636371231
1786,13.662439521913255,-3.8034252072944144
1787,13.690546868859352,-3.782975970858592
1788,13.71858097165565,-3.76253940898661
1789,13.746541617680602,-3.7421160031955587
1790,13.774428595300533,-3.7217062345856218
1791,13.802241693863827,-3.7013105838289366
1792,13.82998070369521,-3.6809295311584793
1793,13.857645416090119,-3.6605635563569683
1794,13.885235623309182,-3.6402131387457883
1795,13.912751118572814,-3.6198787571739377
1796,13.940191696055852,-3.599560890006992
1797,13.967557150882323,-3.5792600151160885
1798,13.9948472791203,-3.558976609866941
1799,14.022061877776855,-3.5387111511088647
1800,14.049200744793053,-3.5184641151638294
1801,14.07626367903908,-3.4982359778155327
1802,14.103250480309468,-3.478027214298493
1803,14.13016094931832,-3.457838299287176
1804,14.156994887694715,-3.437669706885125
1805,14.183752097978141,-3.417521910614132
1806,14.210432383613966,-3.397395383403422
1807,14.23703554894911,-3.3772905975788627
1808,14.263561399227669,-3.3572080248521976
1809,14.290009740586655,-3.337148136310307
1810,14.316380380051827,-3.3171114024044845
1811,14.342673125533596,-3.2970982929397463
1812,14.36888778582294,-3.277109277064156
1813,14.395024170587474,-3.2571448232581846
1814,14.421082090367523,-3.2372053993240884
1815,14.447061356572291,-3.2172914723753077
1816,14.472961781476073,-3.1974035088259036
1817,14.498783178214563,-3.1775419743800075
1818,14.524525360781189,-3.157707334021303
1819,14.550188144023547,-3.137900052002532
1820,14.575771343639865,-3.1181205918350265
1821,14.601274776175527,-3.098369416278265
1822,14.626698259019694,-3.0786469873294604
1823,14.65204161040193,-3.0589537662131683
1824,14.67730464938891,-3.039290213370924
1825,14.702487195881186,-3.01965678845091
1826,14.727589070610028,-3.0000539502976453
1827,14.752610095134248,-2.980482156941707
1828,14.777550091837155,-2.960941865589473
1829,14.802408883923507,-2.9414335326128995
1830,14.827186295416562,-2.9219576135393233
1831,14.85188215115513,-2.902514563041288
1832,14.876496276790709,-2.883104834926407
1833,14.901028498784624,-2.8637288821272477
1834,14.925478644405299,-2.8443871566912478
1835,14.949846541725481,-2.8250801097706577
1836,14.97413201961957,-2.805808191612517
1837,14.99833490776094,-2.7865718515486506
1838,15.02245503661939,-2.7673715379857073
1839,15.046492237458553,-2.7482076983952157
1840,15.070446342333375,-2.7290807793036755
1841,15.094317184087656,-2.709991226282679
1842,15.118104596351605,-2.69093948393906
1843,15.141808413539467,-2.671925995905075
1844,15.165428470847148,-2.6529512048286126
1845,15.188964604249916,-2.6340155523634348
1846,15.2124166505001,-2.61511947915945
1847,15.235784447124878,-2.5962634248530123
1848,15.259067832424066,-2.577447828057259
1849,15.282266645467963,-2.558673126352471
1850,15.3053807260952,-2.5399397562764685
1851,15.328409914910639,-2.521248153315043
1852,15.35135405328334,-2.502598751892409
1853,15.374212983344538,-2.4839919853616985
1854,15.396986547985614,-2.465428285995481
1855,15.419674590856166,-2.446908084976317
1856,15.442276956362058,-2.4284318123873496
1857,15.464793489663546,-2.409999897202914
1858,15.487224036673386,-2.3916127672791956
1859,15.509568444055015,-2.3732708493449093
1860,15.531826559220754,-2.3549745689920174
1861,15.553998230330008,-2.3367243506664797
1862,15.57608330628754,-2.318520617659032
1863,15.598081636741734,-2.3003637920960043
1864,15.619993072082929,-2.2822542949301683
1865,15.641817463441738,-2.264192545931619
1866,15.663554662687398,-2.24617896367869
1867,15.685204522426202,-2.2282139655489033
1868,15.70676689599988,-2.2102979677099492
1869,15.728241637484073,-2.1924313851107087
1870,15.749628601686762,-2.174614631472299
1871,15.770927644146798,-2.15684811927916
1872,15.792138621132384,-2.1391322597701765
1873,15.813261389639655,-2.121467462929829
1874,15.834295807391218,-2.1038541374793827
1875,15.855241732834742,-2.086292690868111
1876,15.876099025141581,-2.068783529264553
1877,15.8968675442054,-2.051327057547808
1878,15.917547150640829,-2.0339236792988618
1879,15.938137705782149,-2.01657379679195
1880,15.958639071681983,-1.9992778109859577
1881,15.97905111111001,-1.9820361215158522
1882,15.99937368755173,-1.964849126684153
1883,16.019606665207203,-1.947717223452437
1884,16.039749908989847,-1.930640807432879
1885,16.05980328452521,-1.9136202728798282
1886,16.07976665814982,-1.8966560126814227
1887,16.099639896910023,-1.8797484183512359
1888,16.119422868560815,-1.8628978800199627
1889,16.139115441564748,-1.8461047864271427
1890,16.1587174850908,-1.8293695249129138
1891,16.17822886901332,-1.81269248140981
1892,16.197649463910903,-1.7960740404345916
1893,16.21697914106541,-1.7795145850801128
1894,16.236217772460865,-1.7630144970072248
1895,16.25536523078248,-1.7465741564367192
1896,16.274421389415618,-1.7301939421413073
1897,16.293386122444847,-1.7138742314376307
1898,16.312259304652937,-1.6976154001783217
1899,16.3310408115199,-1.6814178227440868
1900,16.34973051922209,-1.665281872035838
1901,16.368328304631234,-1.6492079194668574
1902,16.386834045313538,-1.6331963349549994
1903,16.405247619528808,-1.6172474869149303
1904,16.423568906229555,-1.6013617422504094
1905,16.441797785060114,-1.5855394663466018
1906,16.459934136355805,-1.5697810230624352
1907,16.477977841142117,-1.5540867747229903
1908,16.495928781133838,-1.5384570821119317
1909,16.51378683873427,-1.522892304463977
1910,16.531551897034426,-1.507392799457403
1911,16.54922383981224,-1.491958923206591
1912,16.566802551531783,-1.4765910302546115
1913,16.584287917342532,-1.4612894735658446
1914,16.60167982307858,-1.4460546045186433
1915,16.61897815525793,-1.4308867728980317
1916,16.636182801081766,-1.4157863268884436
1917,16.653293648433714,-1.4007536130665004
1918,16.67031058587917,-1.385788976393828
1919,16.687233502664593,-1.3708927602099101
1920,16.704062288716827,-1.3560653062249854
1921,16.720796834642428,-1.3413069545129788
1922,16.73743703172702,-1.326618043504476
1923,16.753982771934627,-1.3119989099797364
1924,16.770433947907048,-1.2974498890617419
1925,16.786790452963228,-1.2829713142092907
1926,16.80305218109864,-1.2685635172101273
1927,16.819219026984676,-1.2542268281741127
1928,16.83529088596805,-1.2399615755264335
1929,16.85126765407022,-1.2257680860008537
1930,16.867149227986776,-1.2116466846330023
1931,16.882935505086916,-1.1975976947537035
1932,16.89862638341286,-1.1836214379823462
1933,16.91422176167929,-1.169718234220293
1934,16.929721539272833,-1.15588840164433
1935,16.94512561625151,-1.142132256700156
1936,16.96043389334421,-1.1284501140959127
1937,16.97564627195019,-1.1148422867957533
1938,16.99076265413856,-1.1013090860134547
1939,17.005782942647745,-1.0878508212060676
1940,17.020707040885057,-1.0744678000676067
1941,17.035534852926155,-1.0611603285227833
1942,17.050266283514624,-1.0479287107207758
1943,17.06490123806143,-1.0347732490290453
1944,17.07943962264455,-1.0216942440271854
1945,17.09388134400844,-1.0086919945008188
1946,17.108226309563634,-0.9957667974355311
1947,17.12247442738628,-0.9829189480108455
1948,17.136625606217716,-0.9701487395942415
1949,17.150679755464058,-0.9574564637352103
1950,17.164636785195757,-0.9448424101593533
1951,17.178496606147206,-0.9323068667625215
1952,17.192259129716327,-0.9198501196049969
1953,17.205924267964175,-0.9074724529057115
1954,17.219491933614535,-0.8951741490365129
1955,17.232962040053565,-0.8829554885164652
1956,17.246334501329372,-0.8708167500061956
1957,17.259609232151682,-0.8587582103022804
1958,17.272786147891452,-0.8467801443316711
1959,17.285865164580485,-0.8348828251461673
1960,17.29884619891114,-0.8230665239169215
1961,17.311729168235914,-0.8113315099289945
1962,17.32451399056714,-0.7996780505759487
1963,17.337200584576614,-0.7881064113544811
1964,17.349788869595304,-0.7766168558591009
1965,17.362278765612974,-0.7652096457768471
1966,17.374670193277915,-0.7538850408820481
1967,17.386963073896588,-0.7426432990311228
1968,17.39915732943331,-0.7314846761574243
1969,17.41125288250999,-0.7204094262661238
1970,17.423249656405776,-0.7094178014291377
1971,17.435147575056792,-0.6985100517800957
1972,17.44694656305582,-0.6876864255093517
1973,17.45864654565205,-0.6769471688590347
1974,17.470247448750754,-0.6662925261181443
1975,17.48174919891304,-0.6557227396176853
1976,17.493151723355563,-0.6452380497258475
1977,17.504454949950258,-0.6348386948432241
1978,17.51565880722408,-0.6245249113980743
1979,17.526763224358742,-0.6142969338416285
1980,17.53776813119047,-0.604154994643433
1981,17.54867345820972,-0.5940993242867398
1982,17.55947913656096,-0.5841301512639366
1983,17.570185098042415,-0.57424770207202
1984,17.580791275105852,-0.5644522012081099
1985,17.59129760085629,-0.554743871165008
1986,17.601704009051822,-0.5451229324267967
1987,17.612010434103375,-0.5355896034644804
1988,17.622216811074455,-0.5261441007316718
1989,17.63232307568097,-0.5167866386603167
1990,17.64232916429098,-0.5075174296564637
1991,17.652235013924525,-0.4983366840960756
1992,17.662040562253367,-0.48924461032088346
1993,17.671745747600813,-0.48024141463428294
1994,17.681350508941524,-0.47132730129727296
1995,17.690854785901276,-0.4625024725244373
1996,17.700258518756808,-0.4537671284799684
1997,17.709561648435606,-0.44512146727373364
1998,17.718764116515725,-0.43656568495738457
1999,17.72786586522559,-0.42809997552050844
2000,17.73686683744383,-0.41972453088682216
2001,17.74576697669911,-0.4114395409104093
2002,17.7545662271699,-0.4032451933720005
2003,17.76326453368437,-0.39514167397529393
2004,17.771861841720174,-0.3871291663433214
2005,17.780358097404317,-0.37920785201485546
2006,17.78875324751296,-0.3713779104408597
2007,17.797047239471272,-0.36363951898098223
2008,17.805240021353285,-0.3559928529000904
2009,17.813331541881716,-0.3484380853648507
2010,17.821321750427824,-0.3409753874403493
2011,17.82921059701128,-0.333604928086756
2012,17.836998032299988,-0.3263268741560317
2013,17.844684007609953,-0.31914139038867845
2014,17.852268474905145,-0.31204863941053146
2015,17.859751386797353,-0.30504878172959504
2016,17.867132696546054,-0.2981419757329208
2017,17.874412358058272,-0.29132837768352937
2018,17.88159032588845,-0.284608141717374
2019,17.88866655523833,-0.277981419840348
2020,17.895641001956815,-0.27144836192533495
2021,17.90251362253984,-0.2650091157093013
2022,17.909284374130255,-0.2586638267904332
2023,17.91595321451772,-0.2524126386253142
2024,17.922520102138567,-0.24625569252614815
2025,17.928984996075698,-0.2401931276580235
2026,17.93534785605847,-0.23422508103622122
2027,17.94160864246258,-0.22835168752356635
2028,17.947767316309946,-0.22257307982782126
2029,17.953823839268637,-0.21688938849912284
2030,17.95977817365272,-0.21130074192746245
2031,17.965630282422204,-0.20580726634020907
2032,17.97138012918291,-0.2004090857996751
2033,17.977027678186392,-0.1951063222007257
2034,17.982572894329813,-0.18989909526843143
2035,17.98801574315588,-0.18478752255576283
2036,17.993356190852747,-0.17977171944132925
2037,17.998594204253923,-0.17485179912716012
2038,18.00372975083817,-0.1700278726365298
2039,18.008762798729453,-0.1653000488118248
2040,18.013693316696795,-0.1606684343124557
2041,18.018521274154256,-0.15613313361281
2042,18.02324664116082,-0.1516942490002493
2043,18.027869388420342,-0.14735188057314996
2044,18.032389487281435,-0.14310612623898625
2045,18.036806909737418,-0.13895708171245683
2046,18.041121628426247,-0.13490484051365442
2047,18.045333616630426,-0.1309494939662786
2048,18.049442848276964,-0.1270911311958917
2049,18.053449297937277,-0.12332983912821778
2050,18.05735294082714,-0.11966570248748554
2051,18.061153752806607,-0.11609880379481324
2052,18.064851710379987,-0.1126292233666371
2053,18.068446790695738,-0.10925703931318362
2054,18.071938971546434,-0.10598232753698444
2055,18.075328231368697,-0.10280516173143439
2056,18.078614549243145,-0.09972561337939316
2057,18.081797904894337,-0.09674375175182938
2058,18.084878278690706,-0.09385964390650908
2059,18.08785565164454,-0.09107335468672591
2060,18.090730005411906,-0.08838494672007553
2061,18.093501322292614,-0.08579448041727326
2062,18.09616958523016,-0.08330201397101417
2063,18.098734777811693,-0.08090760335487729
2064,18.101196884267964,-0.07861130232227215
2065,18.103555889473288,-0.07641316240542921
2066,18.105811778945508,-0.07431323291443287
2067,18.107964538845955,-0.07231156093629842
2068,18.110014155979385,-0.07040819133409196
2069,18.111960617793983,-0.06860316674609303
2070,18.1138039123813,-0.06689652758500071
2071,18.115544028476243,-0.0652883120371832
2072,18.117180955457037,-0.06377855606197043
2073,18.118714683345175,-0.062367293390989884
2074,18.120145202805407,-0.06105455552754586
2075,18.12147250514572,-0.059840371746041045
2076,18.122696582317296,-0.058724769091442565
2077,18.12381742691451,-0.0577077723787902
2078,18.12483503217487,-0.05678940419274847
2079,18.125749391979042,-0.05596968488720181
2080,18.126560500850793,-0.05524863258489219
2081,18.12726835395701,-0.05462626317710087
2082,18.127872947107637,-0.054102590323373397
2083,18.128374276755697,-0.053677625451287056
2084,18.128772339997262,-0.05335137775626173
2085,18.12906713457145,-0.053123854201414134
2086,18.129258658860405,-0.05299505951745571
2087,18.12934691188928,-0.052964996202632675
2088,18.12933189332626,-0.05303366452270951
2089,18.12921360348251,-0.05320106251099696
2090,18.12899204331223,-0.053467185968420344
2091,18.128667214412587,-0.05383202846363495
2092,18.12823911902375,-0.0542955813331806
2093,18.12770776002889,-0.05485783368168225
2094,18.127073140954153,-0.05551877238209265
2095,18.12633526596869,-0.05627838207597791
2096,18.125494139884662,-0.057136645173846715
2097,18.124549768157205,-0.058093541855522554
2098,18.12350215688449,-0.05914905007055893
2099,18.1223513128077,-0.060303145538697756
2100,18.12109724331105,-0.061555801750371265
2101,18.119739956421768,-0.06290698996724647
2102,18.118279460810157,-0.06435667922281324
2103,18.11671576578957,-0.06590483632301494
2104,18.115048881316458,-0.06755142584692243
2105,18.113278817990327,-0.06929641014745198
2106,18.111405587053827,-0.07113974935212486
2107,18.10942920039273,-0.0730814013638707
2108,18.107349670535964,-0.07512132186187397
2109,18.10516701065562,-0.07725946430246418
2110,18.102881234567008,-0.07949577992004728
2111,18.100492356728644,-0.08183021772808252
2112,18.098000392242305,-0.08426272452010036
2113,18.095405356853046,-0.0867932448707645
2114,18.092707266949226,-0.08942172113697677
2115,18.08990613956257,-0.09214809345902462
2116,18.08700199236814,-0.09497229976177286
2117,18.08399484368443,-0.09789427575589672
2118,18.08088471247337,-0.10091395493915914
2119,18.077671618340393,-0.10403126859773038
2120,18.074355581534434,-0.10724614580755124
2121,18.070936622948008,-0.11055851343573903
2122,18.067414764117224,-0.11396829614203616
2123,18.06379002722185,-0.11747541638030243
2124,18.060062435085353,-0.12107979440004926
2125,18.056232011174945,-0.12478134824801787
2126,18.052298779601628,-0.1285799937698002
2127,18.04826276512026,-0.13247564461150163
2128,18.04412399312958,-0.13646821222144892
2129,18.039882489672312,-0.14055760585193836
2130,18.035538281435162,-0.14474373256102896
2131,18.03109139574891,-0.14902649721437775
2132,18.026541860588473,-0.1534058024871173
2133,18.021889704572956,-0.15788154886577743
2134,18.017134956965723,-0.16245363465024842
2135,18.012277647674438,-0.16712195595578883
2136,18.00731780725117,-0.17188640671507363
2137,18.002255466892425,-0.17674687868028816
2138,17.99709065843926,-0.18170326142526186
2139,17.991823414377322,-0.186755442347647
2140,17.98645376783692,-0.19190330667113975
2141,17.98098175259313,-0.19714673744774328
2142,17.975407403065844,-0.20248561556007436
2143,17.969730754319876,-0.20791981972371212
2144,17.96395184206503,-0.21344922648959014
2145,17.9580707026562,-0.21907371024643063
2146,17.952087373093427,-0.22479314322322233
2147,17.946001891022014,-0.23060739549174014
2148,17.93981429473261,-0.23651633496910754
2149,17.9335246231613,-0.24251982742040204
2150,17.927132915889715,-0.24861773646130286
2151,17.92063921314511,-0.25480992356078186
2152,17.914043555800482,-0.2610962480438366
2153,17.90734598537464,-0.2674765670942662
2154,17.900546544032355,-0.2739507357574896
2155,17.893645274584436,-0.2805186069434064
2156,17.886642220487854,-0.2871800314293004
2157,17.87953742584583,-0.293934857862786
2158,17.872330935407977,-0.3007829327647965
2159,17.865022794570407,-0.30772410053261484
2160,17.857613049375846,-0.31475820344294764
2161,17.85010174651375,-0.3218850816550408
2162,17.84248893332045,-0.3291045732138386
2163,17.834774657779253,-0.33641651405318374
2164,17.826958968520586,-0.3438207379990612
2165,17.81904191482212,-0.3513170767728839
2166,17.811023546608915,-0.35890535999482037
2167,17.80290391445355,-0.3665854151871655
2168,17.794683069576266,-0.3743570677777534
2169,17.786361063845096,-0.3822201411034121
2170,17.777937949776028,-0.3901744564134611
2171,17.769413780533146,-0.3982198328732509
2172,17.760788609928778,-0.40635608756774494
2173,17.752062492423644,-0.41458303550514375
2174,17.743235483127044,-0.4229004896205508
2175,17.734307637796977,-0.43130826077968165
2176,17.72527901284033,-0.439806157782614
2177,17.716149665313036,-0.4483939873675804
2178,17.706919652920252,-0.45707155421480383
2179,17.69758903401651,-0.4658386609503739
2180,17.688157867605916,-0.47469510815016636
2181,17.678626213342323,-0.48364069434380347
2182,17.668994131529516,-0.4926752160186577
2183,17.659261683121372,-0.5017984676238968
2184,17.649428929722088,-0.5110102415745701
2185,17.639495933586357,-0.5203103282557381
2186,17.629462757619564,-0.5296985160266428
2187,17.619329465377962,-0.5391745912249211
2188,17.60909612106893,-0.5487383381708585
2189,17.59876278955114,-0.5583895391716859
2190,17.588329536334776,-0.5681279745259179
2191,17.577796427581735,-0.5779534225277324
2192,17.567163530105894,-0.5878656594713921
2193,17.556430911373273,-0.5978644596557089
2194,17.5455986395023,-0.6079495953885474
2195,17.534666783264026,-0.6181208369913725
2196,17.52363541208237,-0.6283779528038378
2197,17.512504596034354,-0.6387207091884145
2198,17.50127440585032,-0.6491488705350644
2199,17.489944912914243,-0.6596621992659506
2200,17.478516189263914,-0.6702604558401936
2201,17.466988307591233,-0.6809433987586669
2202,17.45536134124245,-0.6917107845688337
2203,17.443635364218466,-0.7025623678696252
2204,17.431810451175053,-0.713497901316362
2205,17.419886677423175,-0.7245171356257136
2206,17.40786411892922,-0.7356198195807023
2207,17.39574285231534,-0.7468057000357458
2208,17.383522954859696,-0.7580745219217425
2209,17.371204504496774,-0.7694260282511984
2210,17.358787579817665,-0.7808599601233931
2211,17.3462722600704,-0.7923760567295887
2212,17.333658625160226,-0.8039740553582787
2213,17.32094675564995,-0.8156536914004788
2214,17.308136732760243,-0.8274146983550572
2215,17.295228638369974,-0.8392568078341084
2216,17.282222555016514,-0.8511797495683643
2217,17.269118565896125,-0.8631832514126494
2218,17.255916754864263,-0.8752670393513743
2219,17.242617206435934,-0.8874308375040726
2220,17.229220005786058,-0.8996743681309752
2221,17.215725238749823,-0.9119973516386283
2222,17.20213299182305,-0.9243995065855497
2223,17.188443352162565,-0.9368805496879279
2224,17.174656407586586,-0.9494401958253591
2225,17.160772246575107,-0.9620781580466266
2226,17.146790958270298,-0.9747941475755201
2227,17.132712632476863,-0.9875878738166952
2228,17.11853735966251,-1.0004590443615733
2229,17.104265230958305,-1.0134073649942819
2230,17.08989633815912,-1.0264325396976344
2231,17.075430773724076,-1.0395342706591515
2232,17.060868630776916,-1.0527122582771207
2233,17.046210003106513,-1.0659662011666984
2234,17.031454985167297,-1.0792957961660492
2235,17.016603672079672,-1.092700738342527
2236,17.001656159630528,-1.1061807209988959
2237,16.9866125442737,-1.1197354356795903
2238,16.971472923130435,-1.1333645721770143
2239,16.956237393989863,-1.1470678185378835
2240,16.940906055309554,-1.1608448610696012
2241,16.925479006215948,-1.1746953843466807
2242,16.909956346504913,-1.1886190712172024
2243,16.894338176642243,-1.202615602809312
2244,16.878624597764194,-1.2166846585377582
2245,16.862815711678017,-1.2308259161104687
2246,16.846911620862514,-1.2450390515351684
2247,16.83091242846859,-1.2593237391260326
2248,16.814818238319788,-1.2736796515103825
2249,16.798629154912923,-1.2881064596354195
2250,16.782345283418636,-1.3026038327749956
2251,16.765966729681935,-1.317171438536428
2252,16.749493600222877,-1.3318089428673476
2253,16.732926002237146,-1.3465160100625893
2254,16.71626404359667,-1.361292302771119
2255,16.699507832850262,-1.3761374820030017
2256,16.68265747922426,-1.3910512071364072
2257,16.665713092623196,-1.406033135924651
2258,16.648674783630437,-1.4210829245032806
2259,16.631542663508878,-1.436200227397194
2260,16.61431684420161,-1.4513846975278004
2261,16.596997438332657,-1.4666359862202156
2262,16.579584559207643,-1.481953743210499
2263,16.562078320814507,-1.4973376166529269
2264,16.544478837824308,-1.512787253127304
2265,16.526786225591888,-1.528302297646314
2266,16.509000600156675,-1.543882393662905
2267,16.491122078243443,-1.5595271830777162
2268,16.473150777263076,-1.5752363062465407
2269,16.455086815313408,-1.5910094019878258
2270,16.436930311179985,-1.6068461075902116
2271,16.41868138433691,-1.6227460588201055
2272,16.400340154947674,-1.6387088899292948
2273,16.38190674386602,-1.6547342336625988
2274,16.36338127263676,-1.670821721265554
2275,16.344763863496723,-1.6869709824921395
2276,16.32605463937558,-1.7031816456125386
2277,16.307253723896793,-1.7194533374209353
2278,16.288361241378514,-1.735785683243352
2279,16.26937731683453,-1.7521783069455203
2280,16.250302075975227,-1.7686308309407877
2281,16.23113564520854,-1.785142876198064
2282,16.211878151640935,-1.8017140622498053
2283,16.19252972307841,-1.8183440072000274
2284,16.173090488027526,-1.835032327732362
2285,16.15356057569643,-1.8517786391181463
2286,16.133940115995898,-1.8685825552245512
2287,16.11422923954042,-1.8854436885227388
2288,16.094428077649273,-1.9023616500960663
2289,16.0745367623476,-1.919336049648316
2290,16.054555426367575,-1.9363664955119646
2291,16.034484203149514,-1.9534525946564907
2292,16.014323226843057,-1.9705939526967116
2293,15.994072632308301,-1.9877901739011634
2294,15.97373255511704,-2.005040861200507
2295,15.95330313155396,-2.022345616195978
2296,15.932784498617876,-2.039704039167866
2297,15.912176794022983,-2.0571157290840305
2298,15.89148015620016,-2.074580283608451
2299,15.870694724298225,-2.092097299109814
2300,15.849820638185308,-2.1096663706701313
2301,15.828858038450132,-2.1272870920933946
2302,15.807807066403427,-2.1449590559142644
2303,15.786667864079288,-2.162681853406793
2304,15.765440574236578,-2.180455074593178
2305,15.7441253403604,-2.19827830825256
2306,15.722722306663503,-2.2161511419298403
2307,15.701231618087796,-2.2340731619445418
2308,15.679653420305831,-2.2520439533997023
2309,15.657987859722358,-2.270063100190797
2310,15.636235083475842,-2.288130185014699
2311,15.614395239440078,-2.3062447893786704
2312,15.592468476225772,-2.324406493609387
2313,15.570454943182195,-2.342614876861998
2314,15.548354790398824,-2.360869517129214
2315,15.526168168707049,-2.37916999125043
2316,15.503895229681858,-2.397515874920885
2317,15.481536125643622,-2.415906742700847
2318,15.459091009659836,-2.434342168024834
2319,15.436560035546925,-2.4528217232108678
2320,15.413943357872096,-2.471344979469756
2321,15.391241131955175,-2.4899115069144124
2322,15.368453513870524,-2.5085208745692023
2323,15.345580660448952,-2.527172650379323
2324,15.322622729279665,-2.5458664012202163
2325,15.299579878712278,-2.5646016929070075
2326,15.27645226785883,-2.5833780902039827
2327,15.253240056595827,-2.602195156834092
2328,15.229943405566349,-2.621052455488485
2329,15.206562476182182,-2.639949547836076
2330,15.183097430625953,-2.6588859945331422
2331,15.159548431853352,-2.677861355232951
2332,15.13591564359537,-2.6968751885954143
2333,15.11219923036054,-2.7159270522967804
2334,15.088399357437266,-2.7350165030393474
2335,15.064516190896201,-2.754143096561211
2336,15.040549897592578,-2.7733063876460435
2337,15.016500645168694,-2.792505930132899
2338,14.992368602056345,-2.8117412769260444
2339,14.96815393747934,-2.831011980004832
2340,14.943856821456075,-2.850317590433586
2341,14.919477424802105,-2.869657658371528
2342,14.895015919132792,-2.8890317330827284
2343,14.870472476866013,-2.908439362946083
2344,14.845847271224848,-2.927880095465323
2345,14.821140476240394,-2.94735347727905
2346,14.796352266754552,-2.966859054170801
2347,14.771482818422948,-2.9863963710791372
2348,14.746532307717795,-3.0059649721077664
2349,14.721500911930901,-3.025564400535685
2350,14.696388809176687,-3.045194198827357
2351,14.671196178395242,-3.0648539086429127
2352,14.645923199355456,-3.0845430708483734
2353,14.620570052658202,-3.104261225525911
2354,14.595136919739533,-3.124007911984127
2355,14.569623982874026,-3.143782668768357
2356,14.544031425178062,-3.1635850336710085
2357,14.51835943061328,-3.183414543741919
2358,14.49260818399,-3.2032707352987373
2359,14.466777870970734,-3.2231531439373433
2360,14.4408686780738,-3.2430613045422727
2361,14.414880792676906,-3.262994751297189
2362,14.388814403020913,-3.282953017695363
2363,14.362669698213544,-3.302935636550188
2364,14.336446868233242,-3.3229421400057144
2365,14.310146103933056,-3.3429720595472086
2366,14.283767597044605,-3.3630249260117386
2367,14.257311540182107,-3.383100269598786
2368,14.230778126846484,-3.403197619880873
2369,14.204167551429526,-3.4233165058142214
2370,14.17748000921813,-3.4434564557494354
2371,14.150715696398628,-3.463616997442195
2372,14.123874810061176,-3.48379765806399
2373,14.096957548204221,-3.5039979642128687
2374,14.069964109739038,-3.524217441924206
2375,14.042894694494368,-3.544455616681493
2376,14.015749503221109,-3.564712013427162
2377,13.988528737597116,-3.5849861565734216
2378,13.961232600232075,-3.6052775700131074
2379,13.93386129467245,-3.625585777130576
2380,13.906415025406515,-3.6459103008125995
2381,13.878893997869516,-3.6662506634592895
2382,13.851298418448877,-3.6866063869950447
2383,13.823628494489505,-3.706976992879514
2384,13.795884434299214,-3.727362002118578
2385,13.768066447154206,-3.747760935275363
2386,13.7401747433047,-3.7681733124812613
2387,13.712209533980607,-3.788598653446976
2388,13.684171031397343,-3.8090364774735876
2389,13.65605944876174,-3.829486303463638
2390,13.62787500027802,-3.849947649932235
2391,13.599617901153936,-3.8704200350181726
2392,13.571288367606996,-3.890902976495071
2393,13.54288661687077,-3.9113959917825407
2394,13.514412867201386,-3.9318985979573515
2395,13.485867337884049,-3.9524103117646345
2396,13.457250249239731,-3.972930649629094
2397,13.428561822631982,-3.9934591276662337
2398,13.399802280473834,-4.013995261693611
2399,13.370971846234863,-4.034538567242092
2400,13.342070744448348,-4.0550885595671415
2401,13.313099200718593,-4.075644753660117
2402,13.284057441728335,-4.096206664259579
2403,13.254945695246315,-4.116773805862628
2404,13.225764190135017,-4.137345692736241
2405,13.196513156358467,-4.157921838928642
2406,13.167192824990261,-4.178501758280669
2407,13.137803428221659,-4.199084964437172
2408,13.10834519936989,-4.219670970858411
2409,13.078818372886577,-4.240259290831488
2410,13.049223184366328,-4.260849437481768
2411,13.019559870555476,-4.2814409237843325
2412,12.989828669360971,-4.302033262575449
2413,12.960029819859464,-4.322625966564032
2414,12.930163562306541,-4.343218548343143
2415,12.9002301381461,-4.363810520401486
2416,12.870229790019966,-4.384401395134923
2417,12.840162761777606,-4.404990684857999
2418,12.810029298486091,-4.425577901815485
2419,12.77982964644022,-4.446162558193921
2420,12.74956405317279,-4.466744166133183
2421,12.719232767465137,-4.487322237738053
2422,12.688836039357799,-4.5078962850898066
2423,12.65837412016143,-4.528465820257804
2424,12.627847262467874,-4.549030355311095
2425,12.597255720161504,-4.569589402330038
2426,12.566599748430711,-4.590142473417922
2427,12.535879603779641,-4.610689080712603
2428,12.505095544040167,-4.631228736398147
2429,12.47424782838406,-4.651760952716484
2430,12.443336717335377,-4.672285241979071
2431,12.412362472783158,-4.692801116578558
2432,12.381325357994244,-4.713308089000476
2433,12.350225637626489,-4.733805671834912
2434,12.319063577742051,-4.754293377788212
2435,12.287839445821088,-4.774770719694682
2436,12.256553510775648,-4.795237210528289
2437,12.2252060429638,-4.815692363414388
2438,12.193797314204092,-4.8361356916414335
2439,12.16232759779026,-4.856566708672714
2440,12.13079716850621,-4.876984928158088
2441,12.09920630264131,-4.897389863945714
2442,12.067555278005974,-4.917781030093807
2443,12.03584437394753,-4.938157940882378
2444,12.0040738713664,-4.958520110825
2445,11.972244052732629,-4.978867054680556
2446,11.940355202102674,-4.999198287465012
2447,11.908407605136599,-5.0195133244631736
2448,11.876401549115515,-5.039811681240471
2449,11.84433732295945,-5.06009287365472
2450,11.8122152172455,-5.0803564178679
2451,11.780035524226374,-5.100601830357944
2452,11.747798537849306,-5.120828627930509
2453,11.715504553775316,-5.141036327730764
2454,11.683153869398888,-5.161224447255175
2455,11.650746783867989,-5.181392504363293
2456,11.618283598104531,-5.20154001728954
2457,11.585764614825221,-5.2216665046549995
2458,11.553190138562826,-5.241771485479205
2459,11.52056047568785,-5.261854479191926
2460,11.487875934430711,-5.28191500564496
2461,11.45513682490424,-5.3019525851239235
2462,11.422343459126779,-5.321966738360035
2463,11.389496151045611,-5.341956986541902
2464,11.356595216560953,-5.361922851327312
2465,11.323640973550413,-5.381863854855006
2466,11.2906337418939,-5.401779519756471
2467,11.257573843499122,-5.421669369167708
2468,11.22446160232752,-5.441532926741015
2469,11.191297344420775,-5.461369716656763
2470,11.158081397927866,-5.481179263635155
2471,11.124814093132656,-5.500961092948001
2472,11.091495762482044,-5.520714730430479
2473,11.058126740614735,-5.540439702492889
2474,11.024707364390569,-5.560135536132411
2475,10.991237972920448,-5.579801758944849
2476,10.957718907596911,-5.599437899136376
2477,10.924150512125355,-5.619043485535269
2478,10.890533132555849,-5.6386180476036465
2479,10.856867117315666,-5.658161115449182
2480,10.823152817242482,-5.677672219836834
2481,10.789390585618252,-5.697150892200552
2482,10.75558077820382,-5.716596664654979
2483,10.721723753274262,-5.73600907000715
2484,10.687819871654922,-5.755387641768182
2485,10.653869496758295,-5.774731914164951
2486,10.619872994621613,-5.794041422151767
2487,10.585830733945299,-5.813315701422031
2488,10.551743086132161,-5.832554288419896
2489,10.517610425327495,-5.851756720351905
2490,10.483433128460012,-5.870922535198626
2491,10.449211575283641,-5.890051271726275
2492,10.414946148420237,-5.909142469498332
2493,10.380637233403228,-5.928195668887137
2494,10.346285218722144,-5.947210411085489
2495,10.311890495868191,-5.9661862381182145
2496,10.277453459380732,-5.985122692853744
2497,10.24297450689486,-6.004019319015655
2498,10.208454039189949,-6.022875661194232
2499,10.173892460239262,-6.041691264857975
2500,10.139290177260698,-6.060465676365126
2501,10.104647600768601,-6.079198442975172
2502,10.069965144626739,-6.0978891128603285
2503,10.035243226102411,-6.116537235117011
2504,10.0004822659218,-6.135142359777301
2505,9.965682688326545,-6.1537040378203836
2506,9.930844921131508,-6.172221821183976
2507,9.895969395783913,-6.190695262775742
2508,9.861056547423722,-6.209123916484689
2509,9.82610681494544,-6.2275073371925425
2510,9.791120641061234,-6.245845080785115
2511,9.7560984723655,-6.264136704163648
2512,9.721040759400887,-6.282381765256146
2513,9.685947956725839,-6.300579823028678
2514,9.650820522983567,-6.318730437496681
2515,9.615658920972706,-6.33683316973622
2516,9.580463617719477,-6.354887581895257
2517,9.545235084551557,-6.372893237204878
2518,9.509973797173604,-6.390849699990512
2519,9.47468023574452,-6.408756535683126
2520,9.439354884956481,-6.426613310830403
2521,9.40399823411577,-6.444419593107897
2522,9.368610777225507,-6.462174951330165
2523,9.333193013070257,-6.479878955461884
2524,9.297745445302601,-6.497531176628939
2525,9.262268582531723,-6.515131187129493
2526,9.22676293841404,-6.532678560445037
2527,9.191229031745975,-6.5501728712514105
2528,9.155667386558848,-6.567613695429807
2529,9.12007853221604,-6.5850006100777465
2530,9.08446300351238,-6.602333193520037
2531,9.048821340775916,-6.619611025319696
2532,9.013154089972055,-6.636833686288865
2533,8.977461802810149,-6.654000758499685
2534,8.941745036852662,-6.67111182529515
2535,8.906004355626843,-6.688166471299948
2536,8.870240328739106,-6.70516428243125
2537,8.834453531992127,-6.722104845909504
2538,8.79864454750469,-6.738987750269173
2539,8.762813963834502,-6.755812585369472
2540,8.726962376103794,-6.772578942405053
2541,8.691090386128085,-6.789286413916686
2542,8.655198602547959,-6.805934593801902
2543,8.619287640964028,-6.822523077325592
2544,8.583358124075206,-6.839051461130604
2545,8.547410681820224,-6.855519343248306
2546,8.51144595152271,-6.8719263231091
2547,8.475464578039658,-6.8882720015529175
2548,8.439467213913618,-6.904555980839702
2549,8.403454519528529,-6.9207778646598355
2550,8.367427163269396,-6.936937258144543
2551,8.331385821685856,-6.953033767876277
2552,8.295331179659723,-6.96906700189905
2553,8.259263930576742,-6.98503656972876
2554,8.223184776502457,-7.000942082363458
2555,8.187094428362483,-7.016783152293605
2556,8.150993606127194,-7.03255939351228
2557,8.114883039000986,-7.048270421525371
2558,8.078763465616255,-7.06391585336171
2559,8.042635634232122,-7.079495307583203
2560,8.00650030293813,-7.095008404294901
2561,7.970358239863015,-7.110454765155047
2562,7.9342102233886775,-7.125834013385094
2563,7.89805704236944,-7.14114577377967
2564,7.861899496356836,-7.156389672716532
2565,7.825738395829994,-7.1715653381664595
2566,7.789574562431793,-7.186672399703133
2567,7.753408829210925,-7.2017104885129575
2568,7.717242040870034,-7.216679237404865
2569,7.681075054020091,-7.23157828082007
2570,7.6449087374411535,-7.246407254841793
2571,7.608743972349693,-7.26116579720494
2572,7.572581652672628,-7.275853547305752
2573,7.5364226853283,-7.290470146211406
2574,7.500267990514492,-7.30501523666959
2575,7.464118502003737,-7.319488463118024
2576,7.427975167446057,-7.333889471693954
2577,7.391838948679352,-7.348217910243606
2578,7.355710822047648,-7.362473428331583
2579,7.319591778727353,-7.376655677250245
2580,7.283482825061736,-7.39076431002903
2581,7.247384982903914,-7.404798981443746
2582,7.211299289968441,-7.418759348025818
2583,7.175226800191808,-7.432645068071482
2584,7.139168584102022,-7.446455801650957
2585,7.10312572919753,-7.460191210617563
2586,7.067099340335663,-7.473850958616792
2587,7.031090540130879,-7.487434711095347
2588,6.995100469363058,-7.50094213531013
2589,6.959130287395988,-7.514372900337193
2590,6.923181172606462,-7.527726677080632
2591,6.887254322824034,-7.5410031382814555
2592,6.851350955781851,-7.55420195852639
2593,6.815472309578714,-7.5673228142566575
2594,6.779619643152698,-7.580365383776685
2595,6.743794236766531,-7.593329347262802
2596,6.707997392505031,-7.6062143867718595
2597,6.67223043478488,-7.619020186249817
2598,6.636494710876971,-7.631746431540288
2599,6.6007915914416335,-7.644392810393029
2600,6.565122471076952,-7.656959012472382
2601,6.529488768880539,-7.669444729365686
2602,6.49389192902497,-7.681849654591612
2603,6.458333421347166,-7.694173483608474
2604,6.422814741951996,-7.706415913822484
2605,6.387337413830423,-7.718576644595954
2606,6.3519029874923625,-7.730655377255462
2607,6.316513041614623,-7.742651815099946
2608,6.281169183704103,-7.754565663408774
2609,6.245873050776586,-7.7663966294497495
2610,6.210626310051333,-7.77814442248707
2611,6.175430659661708,-7.7898087537892335
2612,6.140287829382132,-7.8013893366368965
2613,6.105199581371551,-7.8128858863306885
2614,6.0701677109336325,-7.824298120198957
2615,6.035194047293909,-7.835625757605477
2616,6.0002804543941,-7.846868519957107
2617,5.965428831703702,-7.8580261307113775
2618,5.930641115049063,-7.869098315384052
2619,5.895919277460109,-7.880084801556621
2620,5.861265330034754,-7.890985318883735
2621,5.826681322821156,-7.9017995991006025
2622,5.79216934571789,-7.912527376030328
2623,5.757731529391999,-7.923168385591183
2624,5.723370046215016,-7.933722365803851
2625,5.6890871112168515,-7.944189056798586
2626,5.65488498305758,-7.95456820082234
2627,5.620765965016872,-7.964859542245833
2628,5.586732406001002,-7.9750628275705475
2629,5.5527867015672605,-7.985177805435704
2630,5.518931294965358,-7.99520422662514
2631,5.485168678195679,-8.00514184407417
2632,5.451501393083844,-8.01499041287636
2633,5.417932032371222,-8.02474969029027
2634,5.384463240820809,-8.034419435746118
2635,5.351097716337847,-8.043999410852402
2636,5.317838211104557,-8.053489379402471
2637,5.284687532728108,-8.062889107381007
2638,5.251648545400949,-8.072198362970491
2639,5.218724171072538,-8.081416916557579
2640,5.185917390631278,-8.090544540739437
2641,5.153231245095501,-8.099581010330013
2642,5.120668836812045,-8.108526102366248
2643,5.088233330660971,-8.117379596114235
2644,5.055927955264713,-8.126141273075305
2645,5.023756004199873,-8.134810916992082
2646,4.991720837209634,-8.143388313854434
2647,4.959825881414646,-8.151873251905418
2648,4.928074632519985,-8.160265521647112
2649,4.896470656015728,-8.168564915846433
2650,4.86501758836819,-8.17677122954087
2651,4.833719138199061,-8.184884260044143
2652,4.802579087448958,-8.192903806951843
2653,4.7716012925221865,-8.200829672146973
2654,4.740789685408734,-8.208661659805445
2655,4.710148274779653,-8.21639957640151
2656,4.679681147051512,-8.224043230713141
2657,4.649392467415343,-8.231592433827323
2658,4.619286480825144,-8.239046999145309
2659,4.589367512940884,-8.246406742387808
2660,4.559639971020328,-8.25367148160011
2661,4.530108344753967,-8.260841037157126
2662,4.500777207036774,-8.267915231768411
2663,4.471651214670279,-8.274893890483082
2664,4.44273510898802,-8.281776840694693
2665,4.414033716397099,-8.288563912146044
2666,4.385551948828262,-8.295254936933922
2667,4.357294804086372,-8.301849749513778
2668,4.329267366092977,-8.308348186704356
2669,4.301474805012187,-8.314750087692232
2670,4.273922377250697,-8.32105529403631
2671,4.246615425322543,-8.327263649672235
2672,4.219559377568665,-8.333375000916767
2673,4.192759747721214,-8.339389196472064
2674,4.166222134302031,-8.345306087429918
2675,4.139952219844579,-8.351125527275904
2676,4.1139557699282845,-8.356847371893501
2677,4.088238632013972,-8.362471479568113
2678,4.062806734069022,-8.367997710991032
2679,4.037666082970555,-8.373425929263353
2680,4.012822762674918,-8.378755999899795
2681,3.9882829321418356,-8.383987790832487
2682,3.9640528230013343,-8.389121172414654
2683,3.9401387369519267,-8.394156017424276
2684,3.9165470428784785,-8.399092201067635
2685,3.8932841736785684,-8.40392960098284
2686,3.8703566227865034,-8.408668097243252
2687,3.8477709403844984,-8.413307572360853
2688,3.8255337292911062,-8.417847911289567
2689,3.8036516405177916,-8.422289001428469
2690,3.782131368485121,-8.426630732624986
2691,3.7609796458911022,-8.43087299717797
2692,3.740203238225172,-8.435015689840744
2693,3.719808937922615,-8.43905870782408
2694,3.699803558155371,-8.443001950799072
2695,3.680193926256838,-8.446845320899993
2696,3.660986876779789,-8.450588722727035
2697,3.6421892441882524,-8.454232063349021
2698,3.623807855186249,-8.457775252306028
2699,3.6058495206882113,-8.461218201611933
2700,3.5883210274381634,-8.464560825756918
2701,3.571229129286974,-8.467803041709884
2702,3.5545805381395668,-8.470944768920802
2703,3.5383819145863606,-8.473985929323
2704,3.522639858235895,-8.476926447335378
2705,3.507360897768377,-8.479766249864552
2706,3.492551480732456,-8.48250526630693
2707,3.4782179631104944,-8.485143428550728
2708,3.464366598680296,-8.487680670977891
2709,3.4510035282039753,-8.490116930465986
2710,3.4381347684774357,-8.492452146389985
2711,3.425766201276523,-8.494686260623999
2712,3.4139035622383855,-8.496819217542946
2713,3.402552429718934,-8.498850964024133
2714,3.3917182136694906,-8.500781449448791
2715,3.3814061445776487,-8.502610625703513
2716,3.3716212625189117,-8.504338447181647
2717,3.362368406367339,-8.505964870784604
2718,3.35365220321425,-8.507489855923104
2719,3.3454770580448754,-8.508913364518353
2720,3.337847143723193,-8.510235361003131
2721,3.3307663913350356,-8.511455812322847
2722,3.3242384809392798,-8.512574687936489
2723,3.318266832775769,-8.513591959817514
2724,3.312854598977511,-8.514507602454687
2725,3.3080046558327862,-8.515321592852814
2726,3.3037195966406045,-8.516033910533446
2727,3.300001725200379,-8.516644537535473
2728,3.2968530499734765,-8.51715345841568
2729,3.2942752789510727,-8.517560660249208
2730,3.2922698152587877,-8.517866132629962
2731,3.2908377535244844,-8.518069867670953
2732,3.2899798770312723,-8.518171860004534
2733,3.289696655673076,-8.518172106782616
2734,3.2899882447252473,-8.518070607676773
2735,3.290854484437841,-8.5178673648783
2736,3.292294900454035,-8.51756238309819
2737,3.294308705051084,-8.517155669567048
2738,3.2968947991962403,-8.516647234034918
2739,3.300051775404981,-8.51603708877107
2740,3.3037779213841896,-8.515325248563682
2741,3.308071224438135,-8.514511730719477
2742,3.3129293766108323,-8.513596555063286
2743,3.3183497805342217,-8.512579743937513
2744,3.3243295559477715,-8.511461322201587
2745,3.3308655468516584,-8.510241317231275
2746,3.3379543292527614,-8.508919758917981
2747,3.345592219459874,-8.507496679667943
2748,3.353775282882575,-8.505972114401368
2749,3.362499343286141,-8.504346100551512
2750,3.3717599924537947,-8.502618678063655
2751,3.3815526002065512,-8.500789889394037
2752,3.391872324730541,-8.498859779508724
2753,3.4027141231615454,-8.496828395882368
2754,3.414072762376893,-8.494695788496958
2755,3.425942829945659,-8.492462009840427
2756,3.438318745188988,-8.49012711490526
2757,3.4511947703039803,-8.487691161186982
2758,3.4645650215061172,-8.485154208682596
2759,3.478423480147185,-8.482516319888964
2760,3.4927640037679013,-8.479777559801077
2761,3.507580337046598,-8.476937995910312
2762,3.5228661226080824,-8.473997698202567
2763,3.5386149116591614,-8.470956739156358
2764,3.554820174420239,-8.467815193740844
2765,3.571475310324965,-8.46457313941376
2766,3.5885736579628533,-8.461230656119318
2767,3.6061085047424597,-8.457787826285998
2768,3.6240730962555365,-8.454244734824302
2769,3.642460645325156,-8.450601469124425
2770,3.661264340723657,-8.446858119053863
2771,3.6804773555484642,-8.443014776954929
2772,3.7000928552465684,-8.439071537642242
2773,3.7201040052806533,-8.435028498400118
2774,3.740503978431952,-8.430885758979898
2775,3.761285961737089,-8.426643421597197
2776,3.782443163058063,-8.422301590929116
2777,3.80396881728617,-8.41786037411136
2778,3.825856192182445,-8.41331988073528
2779,3.848098593858554,-8.408680222844884
2780,3.870689371903453,-8.403941514933734
2781,3.893621924162269,-8.39910387394182
2782,3.916889701174952,-8.394167419252327
2783,3.940486210283143,-8.389132272688355
2784,3.964405019414455,-8.383998558509584
2785,3.988639760554122,-8.378766403408829
2786,4.013184132914378,-8.373435936508582
2787,4.038031905812487,-8.368007289357443
2788,4.063176921268709,-8.362480595926506
2789,4.088613096335586,-8.356855992605674
2790,4.114334425170247,-8.351133618199905
2791,4.140334980861504,-8.34531361392539
2792,4.166608917023417,-8.339396123405677
2793,4.193150469167081,-8.333381292667715
2794,4.219953955862307,-8.327269270137823
2795,4.247013779700497,-8.321060206637629
2796,4.27432442807018,-8.314754255379908
2797,4.301880473756055,-8.308351571964367
2798,4.329676575372465,-8.301852314373365
2799,4.357707477641676,-8.295256642967571
2800,4.385968011527152,-8.288564720481551
2801,4.4144530942316855,-8.281776712019287
2802,4.443157729069808,-8.27489278504965
2803,4.472077005223673,-8.267913109401771
2804,4.501206097391051,-8.260837857260405
2805,4.530540265333988,-8.253667203161163
2806,4.560074853335984,-8.246401323985737
2807,4.589805289575414,-8.239040398957021
2808,4.619727085422437,-8.2315846096342
2809,4.649835834666325,-8.22403413990776
2810,4.6801272126797135,-8.216389175994415
2811,4.7105969755259505,-8.208649906432017
2812,4.741240959015533,-8.20081652207436
2813,4.77205507771693,-8.192889216085945
2814,4.8030353239271575,-8.184868183936675
2815,4.834177766606877,-8.176753623396493
2816,4.865478550284603,-8.168545734529935
2817,4.896933893934382,-8.160244719690661
2818,4.92854008983081,-8.151850783515888
2819,4.960293502385147,-8.14336413292078
2820,4.992190566966129,-8.134784977092783
2821,5.024227788708514,-8.126113527485861
2822,5.056401741312455,-8.117349997814724
2823,5.088709065836495,-8.108494604048959
2824,5.12114646948664,-8.099547564407107
2825,5.153710724403959,-8.090509099350696
2826,5.18639866645287,-8.081379431578185
2827,5.219207194012021,-8.072158786018877
2828,5.252133266769716,-8.062847389826754
2829,5.285173904525406,-8.053445472374262
2830,5.31832618599889,-8.04395326524603
2831,5.3515872476484985,-8.034371002232534
2832,5.384954282499571,-8.024698919323704
2833,5.418424538984303,-8.014937254702465
2834,5.451995319793977,-8.005086248738234
2835,5.485663980744447,-7.995146143980339
2836,5.51942792965577,-7.985117185151398
2837,5.553284625246511,-7.974999619140632
2838,5.587231576043537,-7.964793694997122
2839,5.621266339307645,-7.954499663923008
2840,5.655386519975617,-7.944117779266639
2841,5.689589769619045,-7.933648296515653
2842,5.723873785420187,-7.923091473290004
2843,5.758236309165259,-7.912447569334952
2844,5.7926751262552285,-7.901716846513967
2845,5.827188064734342,-7.890899568801599
2846,5.86177299433648,-7.879996002276289
2847,5.896427825549447,-7.869006415113114
2848,5.931150508697165,-7.857931077576495
2849,5.965939033039773,-7.846770262012836
2850,6.000791425891686,-7.835524242843111
2851,6.035705751757405,-7.824193296555408
2852,6.070680111485101,-7.812777701697408
2853,6.105712641437802,-7.801277738868812
2854,6.140801512682067,-7.789693690713718
2855,6.175944930193915,-7.778025841912946
2856,6.211141132081974,-7.76627447917631
2857,6.246388388827524,-7.754439891234832
2858,6.2816850025412805,-7.74252236883291
2859,6.317029306236723,-7.730522204720441
2860,6.352419663119672,-7.718439693644864
2861,6.387854465893993,-7.706275132343201
2862,6.423332136083021,-7.694028819533992
2863,6.458851123366599,-7.681701055909223
2864,6.494409904933382,-7.669292144126182
2865,6.530006984848193,-7.656802388799263
2866,6.565640893434141,-7.644232096491744
2867,6.601310186669205,-7.631581575707477
2868,6.637013445597103,-7.618851136882571
2869,6.672749275752023,-7.60604109237699
2870,6.708516306597144,-7.593151756466134
2871,6.744313190976459,-7.580183445332342
2872,6.780138604579747,-7.5671364770563665
2873,6.815991245420489,-7.554011171608805
2874,6.85186983332623,-7.54080785084146
2875,6.8877731094413805,-7.527526838478676
2876,6.923699835742004,-7.514168460108618
2877,6.959648794562362,-7.500733043174508
2878,6.995618788133081,-7.487220916965811
2879,7.031608638130468,-7.47363241260938
2880,7.067617185236924,-7.459967863060557
2881,7.103643288712047,-7.4462276030942185
2882,7.139685825974281,-7.43241196929579
2883,7.175743692192816,-7.4185213000522054
2884,7.2118157998894725,-7.404555935542831
2885,7.247901078550435,-7.390516217730337
2886,7.283998474247483,-7.37640249035153
2887,7.320106949268541,-7.362215098908142
2888,7.356225481757365,-7.347954390657585
2889,7.392353065362046,-7.3336207146036365
2890,7.42848870889223,-7.3192144214871195
2891,7.464631435984715,-7.304735863776513
2892,7.50078028477736,-7.290185395658531
2893,7.536934307590957,-7.27556337302866
2894,7.573092570618992,-7.260870153481653
2895,7.6092541536250105,-7.246106096301987
2896,7.645418149647458,-7.2312715624542845
2897,7.681583664711739,-7.216366914573673
2898,7.7177498175494135,-7.201392516956135
2899,7.753915739324256,-7.186348735548803
2900,7.790080573365023,-7.171235937940204
2901,7.826243474904838,-7.156054493350501
2902,7.862403610826906,-7.14080477262165
2903,7.898560159416495,-7.125487148207563
2904,7.934712310118958,-7.110101994164201
2905,7.970859263303705,-7.094649686139646
2906,8.0070002300339,-7.079130601364131
2907,8.043134431841793,-7.063545118640041
2908,8.079261100509516,-7.047893618331866
2909,8.11537947785524,-7.032176482356121
2910,8.151488815524507,-7.0163940941712415
2911,8.18758837478661,-7.000546838767428
2912,8.22367742633593,-6.984635102656472
2913,8.259755250098076,-6.968659273861529
2914,8.29582113504071,-6.952619741906875
2915,8.331874378988921,-6.936516897807617
2916,8.367914288445077,-6.920351134059374
2917,8.403940178412954,-6.904122844627935
2918,8.439951372226162,-6.887832424938856
2919,8.4759472013806,-6.871480271867066
2920,8.511927005371023,-6.8550667837264
2921,8.547890131531398,-6.838592360259125
2922,8.583835934879128,-6.822057402625435
2923,8.619763777963025,-6.805462313392892
2924,8.6556730307148,-6.788807496525872
2925,8.691563070304133,-6.772093357374947
2926,8.727433280997168,-6.755320302666255
2927,8.763283054018357,-6.73848874049084
2928,8.799111787415521,-6.721599080293954
2929,8.834918885928145,-6.704651732864347
2930,8.87070376085873,-6.687647110323496
2931,8.906465829947164,-6.67058562611485
2932,8.942204517248037,-6.653467694993007
2933,8.977919253010823,-6.63629373301289
2934,9.013609473562848,-6.619064157518884
2935,9.049274621194993,-6.6017793871339485
2936,9.084914144050014,-6.584439841748697
2937,9.120527496013514,-6.567045942510469
2938,9.156114136607346,-6.549598111812357
2939,9.191673530885549,-6.532096773282217
2940,9.227205149332645,-6.514542351771651
2941,9.262708467764282,-6.4969352733449695
2942,9.298182967230145,-6.479275965268124
2943,9.333628133919072,-6.461564855997617
2944,9.369043459066388,-6.443802375169395
2945,9.404428438863283,-6.425988953587704
2946,9.439782574368287,-6.408125023213942
2947,9.475105371420758,-6.390211017155465
2948,9.510396340556298,-6.372247369654395
2949,9.545654996924076,-6.354234516076387
2950,9.580880860206056,-6.3361728928993895
2951,9.616073454537998,-6.318062937702365
2952,9.65123230843223,-6.299905089154017
2953,9.686356954702191,-6.281699787001472
2954,9.721446930388593,-6.263447472058945
2955,9.756501776687278,-6.2451485861964064
2956,9.791521038878662,-6.226803572328199
2957,9.826504266258732,-6.208412874401662
2958,9.86145101207159,-6.189976937385714
2959,9.896360833443461,-6.171496207259444
2960,9.931233291318163,-6.152971131000653
2961,9.96606795039401,-6.134402156574411
2962,10.000864379062087,-6.115789732921566
2963,10.035622149345878,-6.09713430994726
2964,10.070340836842172,-6.078436338509418
2965,10.105020020663332,-6.059696270407213
2966,10.139659283380754,-6.040914558369538
2967,10.174258210969578,-6.0220916560434405
2968,10.208816392754569,-6.003228017982547
2969,10.243333421357235,-5.984324099635484
2970,10.277808892643998,-5.965380357334271
2971,10.312242405675498,-5.946397248282708
2972,10.346633562657043,-5.927375230544741
2973,10.380981968890042,-5.908314763032828
2974,10.415287232724516,-5.88921630549627
2975,10.449548965512621,-5.870080318509559
2976,10.483766781563128,-5.850907263460684
2977,10.517940298096889,-5.831697602539446
2978,10.552069135203258,-5.812451798725751
2979,10.5861529157974,-5.793170315777892
2980,10.620191265578521,-5.773853618220828
2981,10.654183812988949,-5.754502171334448
2982,10.68813018917412,-5.735116441141814
2983,10.722030027943354,-5.715696894397415
2984,10.755882965731457,-5.696243998575392
2985,10.789688641561161,-5.676758221857773
2986,10.823446697006272,-5.657240033122673
2987,10.857156776155646,-5.637689901932516
2988,10.890818525577911,-5.618108298522226
2989,10.924431594286846,-5.59849569378742
2990,10.957995633707561,-5.578852559272589
2991,10.991510297643307,-5.559179367159277
2992,11.024975242242984,-5.53947659025425
2993,11.058390125969346,-5.519744701977662
2994,11.0917546095678,-5.499984176351206
2995,11.12506835603589,-5.4801954879862675
2996,11.158331030593354,-5.460379112072075
2997,11.191542300652834,-5.440535524363833
2998,11.22470183579116,-5.420665201170866
2999,11.257809307721187,-5.400768619344742
