turn,time_sigma_ns,Q1
0,9.331981981278812,-0.003481326295302766
1,9.331991720137626,-0.0034803541782617233
2,9.332001960294503,-0.003479328995845315
3,9.332012701629683,-0.0034782507608180596
4,9.332023944017935,-0.003477119486512214
5,9.33203568732856,-0.003475935186828459
6,9.332047931425388,-0.0034746978762348535
7,9.332060676166783,-0.0034734075697672446
8,9.332073921405634,-0.003472064283029222
9,9.332087666989377,-0.003470668032191168
10,9.332101912759972,-0.0034692188339907914
11,9.332116658553932,-0.003467716705731897
12,9.332131904202317,-0.0034661616652845693
13,9.332147649530713,-0.003464553731085629
14,9.332163894359264,-0.0034628929221373907
15,9.33218063850267,-0.003461179258007371
16,9.33219788177018,-0.003459412758828677
17,9.33221562396558,-0.003457593445299962
18,9.332233864887243,-0.003455721338682935
19,9.332252604328076,-0.003453796460805328
20,9.332271842075565,-0.003451818834058164
21,9.332291577911745,-0.0034497884813966743
22,9.332311811613236,-0.003447705426338821
23,9.332332542951226,-0.003445569692965853
24,9.332353771691462,-0.0034433813059224377
25,9.33237549759429,-0.0034411402904147522
26,9.332397720414622,-0.003438846672211472
27,9.332420439901956,-0.0034365004776432473
28,9.33244365580037,-0.0034341017336019363
29,9.332467367848547,-0.0034316504675401737
30,9.332491575779752,-0.003429146707471324
31,9.33251627932185,-0.003426590481969162
32,9.332541478197301,-0.003423981820167362
33,9.332567172123175,-0.0034213207517591855
34,9.332593360811146,-0.003418607306996617
35,9.3326200439675,-0.00341584151669055
36,9.332647221293133,-0.003413023412210559
37,9.332674892483569,-0.0034101530254834456
38,9.33270305722894,-0.0034072303889941713
39,9.332731715214004,-0.0034042555357849716
40,9.332760866118162,-0.003401228499453801
41,9.33279050961543,-0.0033981493141559526
42,9.332820645374488,-0.003395018014601134
43,9.332851273058631,-0.003391834636055684
44,9.332882392325816,-0.0033885992143402816
45,9.332914002828641,-0.003385311785830271
46,9.332946104214361,-0.003381972387454696
47,9.33297869612489,-0.0033785810566966247
48,9.33301177819681,-0.003375137831591502
49,9.33304535006136,-0.0033716427507279505
50,9.333079411344455,-0.003368095853246784
51,9.333113961666697,-0.003364497178839592
52,9.33314900064336,-0.0033608467677497087
53,9.333184527884399,-0.0033571446607712887
54,9.333220542994464,-0.0033533908992484244
55,9.333257045572905,-0.0033495855250745537
56,9.333294035213767,-0.003345728580692626
57,9.333331511505799,-0.0033418201090940555
58,9.333369474032471,-0.0033378601538178983
59,9.333407922371954,-0.003333848758951423
60,9.333446856097144,-0.0033297859691286524
61,9.333486274775662,-0.0033256718295300233
62,9.333526177969862,-0.003321506385881992
63,9.33356656523684,-0.0033172896844558862
64,9.333607436128423,-0.0033130217720681704
65,9.333648790191187,-0.003308702696079746
66,9.333690626966469,-0.003304332504394631
67,9.33373294599035,-0.0032999112454605538
68,9.333775746793677,-0.003295438968267727
69,9.333819028902072,-0.0032909157223477664
70,9.333862791835934,-0.0032863415577737668
71,9.33390703511043,-0.0032817165251599464
72,9.333951758235527,-0.003277040675660065
73,9.333996960715968,-0.003272314060968084
74,9.33404264205131,-0.0032675367333163947
75,9.334088801735914,-0.0032627087454751413
76,9.334135439258935,-0.0032578301507536294
77,9.334182554104347,-0.003252901002997261
78,9.334230145750958,-0.003247921356587691
79,9.334278213672398,-0.003242891266442737
80,9.334326757337124,-0.0032378107880155654
81,9.33437577620845,-0.0032326799772928764
82,9.334425269744518,-0.0032274988907963426
83,9.334475237398346,-0.0032222675855795636
84,9.33452567861779,-0.0032169861192298255
85,9.334576592845591,-0.003211654549865122
86,9.334627979519347,-0.003206272936135683
87,9.33467983807154,-0.0032008413372216346
88,9.33473216792955,-0.0031953598128326506
89,9.334784968515633,-0.0031898284232080754
90,9.334838239246961,-0.0031842472291148598
91,9.334891979535612,-0.003178616291847911
92,9.334946188788555,-0.0031729356732299488
93,9.335000866407709,-0.0031672054356086717
94,9.335056011789906,-0.003161425641858067
95,9.335111624326919,-0.003155596355376525
96,9.335167703405457,-0.00314971764008672
97,9.335224248407176,-0.0031437895604350887
98,9.335281258708697,-0.003137812181390062
99,9.335338733681603,-0.0031317855684420246
100,9.335396672692447,-0.003125709787602533
101,9.335455075102752,-0.0031195849054039427
102,9.335513940269047,-0.0031134109888973304
103,9.335573267542838,-0.0031071881056533327
104,9.33563305627063,-0.0031009163237604863
105,9.335693305793964,-0.0030945957118238667
106,9.335754015449368,-0.0030882263389659954
107,9.335815184568393,-0.0030818082748252868
108,9.335876812477641,-0.0030753415895542944
109,9.335938898498751,-0.0030688263538197207
110,9.3360014419484,-0.003062262638802338
111,9.336064442138325,-0.003055650516194603
112,9.336127898375342,-0.0030489900582004862
113,9.336191809961301,-0.0030422813375366024
114,9.336256176193169,-0.003035524427427885
115,9.336320996362982,-0.003028719401609253
116,9.336386269757892,-0.003021866334323145
117,9.336451995660136,-0.00301496530032056
118,9.336518173347066,-0.003008016374859143
119,9.336584802091151,-0.003001019633702746
120,9.336651881160018,-0.0029939751531186404
121,9.336719409816395,-0.002986883009880238
122,9.336787387318187,-0.002979743281262937
123,9.336855812918435,-0.002972556045045313
124,9.336924685865355,-0.002965321379507008
125,9.336994005402332,-0.0029580393634287007
126,9.337063770767926,-0.0029507100760911426
127,9.337133981195903,-0.002943333597273213
128,9.337204635915223,-0.0029359100072520556
129,9.337275734150035,-0.002928439386803155
130,9.337347275119729,-0.00292092181719675
131,9.337419258038908,-0.002913357380199313
132,9.337491682117417,-0.0029057461580712855
133,9.33756454656034,-0.0028980882335668946
134,9.337637850568019,-0.0028903836899327913
135,9.337711593336055,-0.0028826326109075424
136,9.337785774055323,-0.002874835080720144
137,9.337860391911983,-0.0028669911840893546
138,9.337935446087487,-0.0028591010062228852
139,9.338010935758563,-0.0028511646328172467
140,9.338086860097283,-0.0028431821500543722
141,9.338163218271012,-0.0028351536446037024
142,9.33824000944245,-0.002827079203619135
143,9.338317232769644,-0.0028189589147382507
144,9.33839488740598,-0.002810792866082453
145,9.338472972500204,-0.0028025811462551167
146,9.338551487196437,-0.0027943238443401304
147,9.338630430634156,-0.0027860210499030262
148,9.338709801948246,-0.002777672852987293
149,9.33878960026898,-0.002769279344115221
150,9.338869824722043,-0.0027608406142859065
151,9.338950474428525,-0.0027523567549754433
152,9.339031548504945,-0.0027438278581350135
153,9.339113046063279,-0.002735254016189046
154,9.339194966210922,-0.002726635322036487
155,9.339277308050741,-0.0027179718690478125
156,9.33936007068107,-0.002709263751064661
157,9.339443253195725,-0.0027005110623988665
158,9.339526854683996,-0.0026917138978315935
159,9.339610874230678,-0.0026828723526121714
160,9.339695310916088,-0.002673986522456104
161,9.339780163816037,-0.002665056503546283
162,9.339865432001888,-0.0026560823925294236
163,9.33995111454054,-0.002647064286516317
164,9.340037210494428,-0.002638002283081401
165,9.340123718921568,-0.002628896480259889
166,9.34021063887554,-0.002619746976548028
167,9.340297969405508,-0.002610553870901723
168,9.34038570955623,-0.0026013172627357803
169,9.340473858368066,-0.002592037251922007
170,9.340562414876993,-0.0025827139387889454
171,9.340651378114622,-0.0025733474241200426
172,9.340740747108185,-0.0025639378091536877
173,9.340830520880589,-0.0025544851955802295
174,9.340920698450377,-0.0025449896855430014
175,9.341011278831772,-0.0025354513816358893
176,9.34110226103468,-0.002525870386902677
177,9.341193644064695,-0.002516246804835793
178,9.341285426923127,-0.00250658073937494
179,9.341377608606983,-0.0024968722949069515
180,9.341470188109014,-0.0024871215762634186
181,9.341563164417707,-0.0024773286887199717
182,9.341656536517291,-0.002467493737995652
183,9.34175030338777,-0.002457616830251281
184,9.341844464004907,-0.0024476980720881344
185,9.341939017340266,-0.0024377375705472537
186,9.342033962361182,-0.002427735433108993
187,9.342129298030825,-0.002417691767689425
188,9.342225023308169,-0.0024076066826418307
189,9.342321137148026,-0.0023974802867540953
190,9.342417638501045,-0.002387312689248121
191,9.342514526313733,-0.0023771039997782547
192,9.34261179952847,-0.0023668543284302125
193,9.3427094570835,-0.002356563785720381
194,9.342807497912974,-0.002346232482593412
195,9.342905920946933,-0.002335860530422922
196,9.343004725111347,-0.002325448041008014
197,9.343103909328104,-0.002314995126573947
198,9.343203472515022,-0.002304501899770775
199,9.343303413585884,-0.0022939684736704613
200,9.343403731450437,-0.0022833949617677356
201,9.343504425014396,-0.0022727814779772387
202,9.343605493179465,-0.0022621281366340456
203,9.343706934843352,-0.002251435052490463
204,9.34380874889979,-0.002240702340715383
205,9.343910934238501,-0.0022299301168956323
206,9.344013489745272,-0.0022191184970306544
207,9.344116414301942,-0.0022082675975334657
208,9.344219706786399,-0.002197377535229453
209,9.344323366072619,-0.00218644842735429
210,9.344427391030655,-0.0021754803915539148
211,9.34453178052667,-0.002164473545881895
212,9.34463653342293,-0.002153428008799283
213,9.344741648577827,-0.002142343899172966
214,9.344847124845904,-0.0021312213362737926
215,9.344952961077846,-0.0021200604397760706
216,9.345059156120502,-0.0021088613297563013
217,9.345165708816909,-0.002097624126691075
218,9.345272618006277,-0.002086348951457057
219,9.345379882524028,-0.0020750359253287757
220,9.345487501201811,-0.0020636851699771543
221,9.345595472867483,-0.002052296807469307
222,9.345703796345163,-0.0020408709602659928
223,9.345812470455208,-0.002029407751221547
224,9.345921494014249,-0.002017907303581726
225,9.346030865835212,-0.0020063697409818926
226,9.346140584727305,-0.001994795187447115
227,9.34625064949604,-0.0019831837673904046
228,9.346361058943257,-0.0019715356056109238
229,9.346471811867133,-0.001959850827292547
230,9.346582907062198,-0.0019481295580026248
231,9.346694343319335,-0.0019363719236917337
232,9.3468061194258,-0.0019245780506912489
233,9.34691823416525,-0.001912748065711861
234,9.34703068631773,-0.0019008820958432246
235,9.347143474659722,-0.0018889802685510264
236,9.347256597964108,-0.0018770427116782784
237,9.347370055000237,-0.0018650695534409036
238,9.347483844533905,-0.0018530609224284866
239,9.347597965327369,-0.0018410169476025962
240,9.347712416139395,-0.0018289377582940225
241,9.347827195725225,-0.001816823484203357
242,9.347942302836623,-0.0018046742553984104
243,9.348057736221875,-0.0017924902023130293
244,9.348173494625808,-0.001780271455746248
245,9.348289576789805,-0.0017680181468601383
246,9.348405981451807,-0.0017557304071791017
247,9.348522707346351,-0.0017434083685878563
248,9.348639753204553,-0.0017310521633308238
249,9.34875711775416,-0.0017186619240096167
250,9.34887479971952,-0.0017062377835831584
251,9.348992797821628,-0.0016937798753648297
252,9.349111110778138,-0.0016812883330218618
253,9.349229737303359,-0.0016687632905737684
254,9.349348676108292,-0.0016562048823907478
255,9.34946792590061,-0.0016436132431932105
256,9.349587485384724,-0.0016309885080485543
257,9.349707353261751,-0.0016183308123712456
258,9.349827528229545,-0.0016056402919211606
259,9.34994800898272,-0.0015929170828015416
260,9.350068794212651,-0.0015801613214580744
261,9.350189882607497,-0.0015673731446775871
262,9.350311272852199,-0.0015545526895864384
263,9.35043296362853,-0.0015417000936484694
264,9.350554953615074,-0.001528815494664461
265,9.350677241487254,-0.0015158990307703594
266,9.350799825917349,-0.001502950840435855
267,9.350922705574506,-0.0014899710624626515
268,9.351045879124754,-0.0014769598359834976
269,9.351169345231018,-0.0014639173004605368
270,9.35129310255314,-0.0014508435956833033
271,9.351417149747885,-0.0014377388617680968
272,9.351541485468962,-0.001424603239156239
273,9.35166610836704,-0.001411436868612159
274,9.351791017089742,-0.0013982398912230974
275,9.351916210281699,-0.001385012448395894
276,9.352041686584524,-0.0013717546818573468
277,9.35216744463687,-0.001358466733650701
278,9.352293483074396,-0.0013451487461363667
279,9.352419800529825,-0.001331800861988601
280,9.352546395632931,-0.0013184232241952103
281,9.352673267010566,-0.001305015976055645
282,9.352800413286687,-0.0012915792611786585
283,9.352927833082331,-0.0012781132234828568
284,9.353055525015678,-0.0012646180071930573
285,9.353183487702033,-0.0012510937568404653
286,9.35331171975386,-0.0012375406172596148
287,9.353440219780785,-0.0012239587335878778
288,9.35356898638962,-0.0012103482512640547
289,9.35369801818437,-0.0011967093160262312
290,9.35382731376626,-0.0011830420739102597
291,9.353956871733741,-0.001169346671248869
292,9.354086690682497,-0.0011556232546701313
293,9.354216769205483,-0.0011418719710948847
294,9.354347105892925,-0.001128092967736367
295,9.354477699332334,-0.0011142863920983316
296,9.354608548108535,-0.0011004523919726662
297,9.354739650803664,-0.001086591115439689
298,9.354871005997198,-0.0010727027108646612
299,9.35500261226596,-0.0010587873268978352
300,9.355134468184158,-0.0010448451124710054
301,9.355266572323371,-0.0010308762167976738
302,9.35539892325257,-0.0010168807893715718
303,9.355531519538154,-0.0010028589799635122
304,9.355664359743919,-0.00098881093862262
305,9.355797442431154,-0.0009747368156703317
306,9.355930766158577,-0.0009606367617032734
307,9.356064329482395,-0.000946510927589237
308,9.3561981309563,-0.000932359464466451
309,9.356332169131505,-0.0009181825237414
310,9.356466442556721,-0.0009039802570889627
311,9.35660094977823,-0.0008897528164478528
312,9.356735689339851,-0.0008755003540215231
313,9.356870659782984,-0.0008612230222757839
314,9.35700585964661,-0.0008469209739372456
315,9.35714128746732,-0.0008325943619913963
316,9.3572769417793,-0.0008182433396824336
317,9.35741282111441,-0.000803868060508991
318,9.357548924002135,-0.0007894686782252471
319,9.357685248969636,-0.0007750453468375125
320,9.35782179454176,-0.0007605982206037062
321,9.35795855924104,-0.0007461274540317124
322,9.35809554158773,-0.0007316332018771675
323,9.358232740099822,-0.0007171156191420423
324,9.358370153293057,-0.0007025748610728691
325,9.358507779680934,-0.0006880110831596384
326,9.358645617774734,-0.0006734244411340832
327,9.358783666083522,-0.0006588150909681978
328,9.358921923114199,-0.0006441831888713603
329,9.35906038737147,-0.0006295288912909349
330,9.359199057357893,-0.0006148523549089067
331,9.359337931573899,-0.0006001537366403801
332,9.359477008517782,-0.000585433193632692
333,9.359616286685728,-0.0005706908832637878
334,9.359755764571839,-0.0005559269631399948
335,9.359895440668149,-0.0005411415910939652
336,9.36003531346461,-0.0005263349251852022
337,9.360175381449165,-0.0005115071236955154
338,9.360315643107711,-0.0004966583451294884
339,9.360456096924146,-0.00048178874821185145
340,9.360596741380364,-0.00046689849188680645
341,9.360737574956294,-0.0004519877353150578
342,9.360878596129908,-0.000437056637872757
343,9.361019803377227,-0.00042210535915052674
344,9.361161195172341,-0.0004071340589510592
345,9.361302769987441,-0.00039214289728755036
346,9.361444526292827,-0.0003771320343815473
347,9.361586462556907,-0.0003621016306629695
348,9.36172857724625,-0.00034705184676619505
349,9.361870868825553,-0.0003319828435307356
350,9.36201333575771,-0.0003168947819975571
351,9.362155976503793,-0.00030178782340849804
352,9.362298789523077,-0.00028666212920470073
353,9.362441773273085,-0.0002715178610233016
354,9.362584926209545,-0.0002563551806987382
355,9.362728246786459,-0.00024117425025840813
356,9.36287173345609,-0.0002259752319226088
357,9.363015384669014,-0.00021075828810135616
358,9.363159198874088,-0.000195523581394297
359,9.363303174518503,-0.0001802712745881781
360,9.363447310047786,-0.0001650015306553488
361,9.363591603905826,-0.00014971451275163367
362,9.363736054534877,-0.00013441038421576224
363,9.36388066037559,-0.00011908930856621716
364,9.364025419867021,-0.00010375144950070397
365,9.364170331446642,-8.83969708942729e-05
366,9.36431539355036,-7.302603679761948e-05
367,9.364460604612566,-5.7638811434086535e-05
368,9.36460596306611,-4.223545919937983e-05
369,9.36475146734232,-2.6816144660645945e-05
370,9.364897115871045,-1.1381032552649195e-05
371,9.36504290708066,4.069712222573862e-06
372,9.365188839398073,1.9535924597634134e-05
373,9.365334911248752,3.501743934168431e-05
374,9.365481121056748,5.051409106227176e-05
375,9.36562746724469,6.602571420619583e-05
376,9.365773948233834,8.15521430623443e-05
377,9.36592056244404,9.70932117625539e-05
378,9.36606730829383,0.00011264875428391221
379,9.366214184200379,0.00012821860445026142
380,9.366361188579537,0.00014380259593354375
381,9.366508319845849,0.00015940056225590186
382,9.36665557641257,0.00017501233679149522
383,9.366802956691675,0.0001906377527673837
384,9.366950459093907,0.00020627664326711335
385,9.367098082028749,0.00022192884123026335
386,9.367245823904469,0.00023759417945548423
387,9.367393683128125,0.0002532724906014856
388,9.367541658105612,0.00026896360719012586
389,9.367689747241622,0.0002846673616059337
390,9.367837948939716,0.00030038358609978626
391,9.367986261602306,0.00031611211278964087
392,9.3681346836307,0.00033185277366289394
393,9.368283213425096,0.0003476054005774731
394,9.36843184938461,0.0003633698252641973
395,9.368580589907292,0.00037914587932788384
396,9.36872943339013,0.0003949333942488437
397,9.368878378229091,0.0004107322013862993
398,9.369027422819126,0.0004265421319782377
399,9.369176565554174,0.0004423630171435014
400,9.36932580482721,0.0004581946878849216
401,9.369475139030234,0.00047403697508944484
402,9.369624566554306,0.0004898897095307248
403,9.36977408578954,0.0005057527218700314
404,9.36992369512516,0.0005216258426596116
405,9.370073392949479,0.0005375089023426299
406,9.37022317764994,0.0005534017312562073
407,9.370373047613114,0.0005693041596321466
408,9.370523001224731,0.0005852160175992966
409,9.370673036869697,0.0006011371351852517
410,9.370823152932116,0.0006170673423187871
411,9.370973347795283,0.0006330064688296245
412,9.37112361984173,0.000648954344452312
413,9.371273967453229,0.0006649107988270773
414,9.371424389010805,0.0006808756615010577
415,9.37157488289477,0.000696848761931298
416,9.371725447484717,0.0007128299294853036
417,9.371876081159558,0.0007288189934433818
418,9.372026782297537,0.0007448157830009105
419,9.372177549276229,0.0007608201272686282
420,9.372328380472593,0.0007768318552764025
421,9.372479274262945,0.0007928507959725216
422,9.372630229023022,0.0008088767782285351
423,9.372781243127957,0.0008249096308378332
424,9.372932314952317,0.0008409491825193907
425,9.373083442870133,0.000856995261919411
426,9.373234625254883,0.0008730476976121192
427,9.373385860479539,0.0008891063181024201
428,9.373537146916572,0.0009051709518272414
429,9.373688482937983,0.0009212414271580982
430,9.373839866915281,0.0009373175724009509
431,9.373991297219558,0.0009533992158005256
432,9.374142772221452,0.0009694861855395905
433,9.374294290291207,0.0009855783097428628
434,9.374445849798658,0.0010016754164774411
435,9.374597449113272,0.0010177773337548825
436,9.374749086604156,0.0010338838895337036
437,9.374900760640067,0.0010499949117197698
438,9.375052469589432,0.0010661102281689506
439,9.375204211820384,0.0010822296666891866
440,9.375355985700757,0.0010983530550417303
441,9.375507789598108,0.0011144802209428096
442,9.375659621879738,0.0011306109920655547
443,9.375811480912711,0.0011467451960421684
444,9.375963365063868,0.0011628826604651637
445,9.376115272699844,0.0011790232128896982
446,9.3762672021871,0.0011951666808352448
447,9.376419151891902,0.0012113128917862598
448,9.37657112018038,0.0012274616731955384
449,9.376723105418526,0.001243612852485261
450,9.376875105972212,0.0012597662570487226
451,9.37702712020721,0.0012759217142523321
452,9.377179146489201,0.0012920790514370018
453,9.377331183183813,0.0013082380959206531
454,9.377483228656613,0.0013243986749993158
455,9.377635281273156,0.0013405606159497374
456,9.377787339398942,0.0013567237460291104
457,9.377939401399516,0.00137288789247982
458,9.37809146564042,0.0013890528825292224
459,9.378243530487248,0.001405218543392264
460,9.37839559430563,0.001421384702272212
461,9.378547655461285,0.0014375511863641464
462,9.378699712320016,0.0014537178228552364
463,9.378851763247727,0.0014698844389270597
464,9.379003806610442,0.0014860508617571505
465,9.379155840774347,0.001502216918522052
466,9.379307864105767,0.0015183824363973913
467,9.379459874971209,0.0015345472425602206
468,9.37961187173737,0.001550711164191401
469,9.379763852771163,0.0015668740284767047
470,9.379915816439716,0.0015830356626085756
471,9.380067761110412,0.0015991958937888017
472,9.380219685150896,0.001615354549229247
473,9.380371586929082,0.0016315114561539744
474,9.380523464813198,0.0016476664418020423
475,9.380675317171772,0.0016638193334274681
476,9.380827142373649,0.0016799699583015222
477,9.380978938788047,0.0016961181437160234
478,9.381130704784537,0.001712263716983536
479,9.381282438733077,0.0017284065054398114
480,9.381434139004018,0.001744546336445228
481,9.381585803968138,0.0017606830373871898
482,9.381737431996635,0.0017768164356809209
483,9.38188902146116,0.0017929463587717776
484,9.382040570733839,0.0018090726341377277
485,9.38219207818728,0.0018251950892899686
486,9.382343542194597,0.0018413135517757358
487,9.382494961129408,0.0018574278491787176
488,9.382646333365887,0.001873537809122584
489,9.382797657278749,0.001889643259271627
490,9.382948931243282,0.0019057440273325995
491,9.38310015363537,0.001921839941057233
492,9.38325132283149,0.0019379308282430464
493,9.38340243720875,0.001954016516735907
494,9.383553495144888,0.0019700968344313003
495,9.383704495018305,0.001986171609276479
496,9.383855435208071,0.002002240669271898
497,9.384006314093947,0.0020183038424732734
498,9.38415713005641,0.002034360956993842
499,9.384307881476648,0.0020504118410048376
500,9.38445856673659,0.0020664563227380628
501,9.384609184218931,0.0020824945248717626
502,9.38475973128402,0.00209852675196107
503,9.384910203255803,0.002114553085931491
504,9.385060593435462,0.002130573387314557
505,9.385210893115064,0.002146587296402192
506,9.38536109159123,0.002162594234323816
507,9.385511176178825,0.002178593404046341
508,9.385661132224687,0.0021945837913013456
509,9.38581094312136,0.0022105641654393085
510,9.385960590320835,0.0022265330802121574
511,9.386110053348366,0.0022424888744915707
512,9.386259309816273,0.0022584296729173444
513,9.386408335437734,0.002274353386481891
514,9.386557104040666,0.0022902577130538672
515,9.386705587581593,0.0023061401378407366
516,9.386853756159526,0.002321997933791084
517,9.38700157802987,0.0023378281619421005
518,9.387149019618388,0.0023536276717118837
519,9.38729604553513,0.002369393101138298
520,9.387442618588414,0.002385120877066119
521,9.387588699798846,0.0024008072152869424
522,9.387734248413295,0.0024164481206287725
523,9.387879221918991,0.002432039387003365
524,9.388023576057542,0.0024475765974070213
525,9.388167264839037,0.002463055123880578
526,9.388310240556146,0.0024784701274297477
527,9.388452453798253,0.002493816557906088
528,9.388593853465572,0.002509089153850785
529,9.38873438678335,0.002524282442306501
530,9.388873999316031,0.002539390738592951
531,9.389012634981487,0.0025544081460532977
532,9.389150236065216,0.0025693285557691816
533,9.38928674323461,0.002584145646249182
534,9.389422095553233,0.00259885288309157
535,9.389556230495074,0.0026134435186197643
536,9.389689083958919,0.002627910591499666
537,9.389820590282639,0.0026422469263318767
538,9.389950682257545,0.0026564451332250875
539,9.390079291142774,0.002670497607353777
540,9.390206346679681,0.002684396528498395
541,9.39033177710626,0.0026981338605706977
542,9.390455509171565,0.00271170135112705
543,9.39057746815017,0.0027250905308694065
544,9.390697577856653,0.0027382927131381347
545,9.390815760660086,0.0027512989933952577
546,9.390931937498545,0.002764100248701427
547,9.391046027893674,0.0027766871371899
548,9.391157949965217,0.002789050097533754
549,9.391267620445609,0.0028011793484139175
550,9.391374954694564,0.0028130648879852007
551,9.391479866713723,0.002824696493345393
552,9.391582269161258,0.002836063720004187
553,9.391682073366567,0.0028471559013595006
554,9.391779189344941,0.002857962148176877
555,9.391873525812235,0.002868471348075551
556,9.391964990199659,0.0028786721650274814
557,9.392053488668463,0.0028885530388603697
558,9.392138926124726,0.0028981021847764034
559,9.392221206234124,0.002907307592880745
560,9.392300231436757,0.002916157027727891
561,9.392375902961955,0.00292463802787936
562,9.392448120843133,0.002932737905481859
563,9.392516783932656,0.002940443745861457
564,9.392581789916713,0.0029477424071384043
565,9.392643035330247,0.002954620519862919
566,9.392700415571854,0.002961064486672786
567,9.392753824918751,0.002967060481975068
568,9.392803156541742,0.0029725944516526123
569,9.392848302520196,0.002977652112796352
570,9.392889153857064,0.002982218953465584
571,9.392925600493891,0.002986280232475565
572,9.392957531325893,0.0029898209792176044
573,9.392984834217007,0.002992825993508109
574,9.39300739601498,0.0029952798454698907
575,9.393025102566492,0.002997166875449023
576,9.393037838732264,0.0029984711939636194
577,9.393045488402217,0.002999176681690829
578,9.39304793451066,0.002999266989490087
579,9.393045059051445,0.00299872553846353
580,9.393036743093216,0.002997535520057848
581,9.393022866794608,0.0029956798962039654
582,9.393003309419507,0.002993141399500109
583,9.392977949352312,0.0029899025334356754
584,9.392946664113243,0.002985945572661231
585,9.392909330373636,0.0029812525633008064
586,9.392865823971265,0.0029758053233104034
587,9.392816019925716,0.002969585442884273
588,9.39275979245372,0.0029625742849071104
589,9.392697014984565,0.0029547529854562966
590,9.392627560175496,0.0029461024543533227
591,9.39255129992714,0.0029366033757658163
592,9.392468105398962,0.002926236208861036
593,9.392377847024688,0.0029149811885101936
594,9.392280394527864,0.0029028183260507326
595,9.392175616937276,0.0028897274100963687
596,9.392063382602533,0.002875688007407405
597,9.391943559209572,0.0028606794638146656
598,9.391816013796236,0.0028446809051999524
599,9.391680612767832,0.0028276712385348663
600,9.391537221912758,0.0028096291529785254
601,9.391385706418083,0.0027905331210319215
602,9.391225930885208,0.0027703613997557787
603,9.391057759345497,0.0027490920320450305
604,9.390881055275957,0.0027267028479684816
605,9.390695681614924,0.002703171466167648
606,9.390501500777754,0.0026784752953192175
607,9.390298374672577,0.002652591535662912
608,9.390086164716005,0.0026254971805895378
609,9.38986473184891,0.002597169018297462
610,9.389633936552176,0.0025675836335114894
611,9.389393638862519,0.0025367174092699287
612,9.389143698388278,0.0025045465287774774
613,9.388883974325248,0.0024710469773240895
614,9.388614325472506,0.002436194544272378
615,9.38833461024829,0.002399964825113586
616,9.38804468670588,0.002362333223592249
617,9.387744412549452,0.0023232749538973103
618,9.387433645150027,0.0022827650429272307
619,9.387112241561356,0.002240778332620405
620,9.386780058535894,0.00219728948236091
621,9.386436952540732,0.0021522729714506064
622,9.386082779773574,0.0021057031016556535
623,9.385717396178709,0.002057553999822011
624,9.385340657463022,0.0020077996205654265
625,9.384952419111995,0.0019564137490314876
626,9.384552536405753,0.001903370003730405
627,9.384140864435091,0.0018486418394424312
628,9.383717258117526,0.0017922025501973537
629,9.383281572213393,0.0017340252723285574
630,9.382833661341879,0.0016740829875967968
631,9.382373379997158,0.0016123485263929876
632,9.38190058256449,0.0015487945710103573
633,9.381415123336332,0.0014833936589931135
634,9.38091685652849,0.0014161181865592176
635,9.380405636296247,0.0013469404120959904
636,9.379881316750524,0.0012758324597309085
637,9.379343751974053,0.0012027663229775534
638,9.378792796037558,0.0011277138684551375
639,9.378228303015948,0.001050646839682929
640,9.377650127004497,0.000971536860947937
641,9.377058122135091,0.0008903554412502785
642,9.376452142592438,0.0008070739783192529
643,9.375832042630275,0.000721663762705149
644,9.37519767658764,0.0006340959819464196
645,9.374548898905127,0.0005443417248104936
646,9.373885564141123,0.00045237198560688226
647,9.373207526988075,0.0003581576685756687
648,9.372514642288797,0.0002616695923503894
649,9.371806765052732,0.0001628784944927901
650,9.371083750472236,6.175503610073606e-05
651,9.370345453938898,-4.173019350960132e-05
652,9.369591731059838,-0.00014760667204932574
653,9.368822437674016,-0.0002559039394310261
654,9.368037429868567,-0.00036665159286912257
655,9.367236563995101,-0.00047987928191110216
656,9.366419696686046,-0.0005956167033951811
657,9.365586684870989,-0.0007138935963371029
658,9.364737385793001,-0.0008347397367486657
659,9.363871657024996,-0.0009581849323833751
660,9.362989356486064,-0.0010842590174148536
661,9.362090342457845,-0.0012129918470438256
662,9.361174473600862,-0.0013444132920389358
663,9.360241608970876,-0.0014785532332087321
664,9.35929160803527,-0.0016154415558045315
665,9.358324330689383,-0.001755108143859291
666,9.357339637272888,-0.0018975828744576444
667,9.356337388586146,-0.002042895611942412
668,9.355317445906591,-0.002191076202053493
669,9.354279671005063,-0.002342154466006049
670,9.353223926162192,-0.002496160194502381
671,9.352150074184754,-0.002653123141681592
672,9.351057978422041,-0.0028130730190076914
673,9.349947502782213,-0.0029760394890959267
674,9.348818511748647,-0.0031420521594797703
675,9.347670870396318,-0.003311140576316003
676,9.34650444440813,-0.003483334218032914
677,9.345319100091269,-0.003658662488920366
678,9.344114704393556,-0.003837154712662062
679,9.34289112491976,-0.004018840125813256
680,9.341648229947976,-0.004203747871220041
681,9.34038588844591,-0.004391906991389411
682,9.339103970087224,-0.004583346421801938
683,9.337802345267864,-0.004778094984173336
684,9.336480885122347,-0.004976181379666802
685,9.335139461540068,-0.005177634182053486
686,9.333777947181595,-0.005382481830824611
687,9.332396215494965,-0.005590752624255014
688,9.330994140731935,-0.0058024747124221935
689,9.329571597964286,-0.006017676090176349
690,9.328128463100025,-0.006236384590070717
691,9.326664612899695,-0.006458627875243029
692,9.325179924992547,-0.006684433432261358
693,9.323674277892792,-0.006913828563924724
694,9.322147551015831,-0.007146840382024866
695,9.320599624694383,-0.007383495800074178
696,9.319030380194752,-0.0076238215259898335
697,9.317439699732933,-0.007867844054748862
698,9.31582746649078,-0.008115589661006728
699,9.314193564632166,-0.008367084391681963
700,9.312537879319082,-0.008622354058511564
701,9.310860296727743,-0.008881424230576477
702,9.309160704064698,-0.009144320226796916
703,9.307438989582877,-0.009411067108403214
704,9.30569504259765,-0.009681689671379988
705,9.30392875350287,-0.009956212438885788
706,9.302140013786879,-0.01023465965365207
707,9.300328716048487,-0.010517055270360943
708,9.29849475401299,-0.0108034229480013
709,9.296638022548073,-0.011093786042211878
710,9.294758417679763,-0.011388167597604474
711,9.292855836608334,-0.011686590340074188
712,9.290930177724187,-0.011989076669097461
713,9.28898134062372,-0.012295648650017758
714,9.287009226125146,-0.012606328006323782
715,9.285013736284336,-0.012921136111917286
716,9.282994774410554,-0.013240093983378921
717,9.280952245082254,-0.01356322227222602
718,9.2788860541628,-0.01389054125717027
719,9.276796108816171,-0.014222070836373377
720,9.274682317522643,-0.014557830519705026
721,9.272544590094407,-0.014897839421004607
722,9.27038283769122,-0.015242116250344648
723,9.268196972835968,-0.0155906793063041
724,9.265986909430238,-0.015943546468248134
725,9.263752562769822,-0.01630073518862004
726,9.261493849560216,-0.016662262485243936
727,9.259210687932093,-0.01702814493364143
728,9.2569029974567,-0.017398398659366425
729,9.254570699161272,-0.01777303933035581
730,9.252213715544372,-0.018152082149301543
731,9.24983197059122,-0.018535541846043266
732,9.247425389788955,-0.018923432669987635
733,9.2449939001419,-0.019315768382549725
734,9.242537430186776,-0.01971256224962457
735,9.240055910007852,-0.020113827034089083
736,9.237549271252087,-0.020519574988334472
737,9.235017447144209,-0.020929817846833974
738,9.23246037250177,-0.02134456681874555
739,9.229877983750166,-0.02176383258055233
740,9.227270218937585,-0.022187625268744994
741,9.224637017749936,-0.02261595447254466
742,9.221978321525741,-0.023048829226670096
743,9.219294073270957,-0.023486258004152626
744,9.216584217673772,-0.023928248709198154
745,9.213848701119355,-0.024374808670100005
746,9.211087471704545,-0.024825944632205568
747,9.208300479252525,-0.025281662750935283
748,9.2054876753274,-0.025741968584861642
749,9.202649013248772,-0.026206867088844808
750,9.199784448106243,-0.026676362607229952
751,9.196893936773893,-0.02715045886710825
752,9.193977437924646,-0.02762915897164405
753,9.191034912044664,-0.028112465393467914
754,9.188066321447634,-0.0286003799681407
755,9.185071630289027,-0.029092903887689227
756,9.182050804580296,-0.02959003769421537
757,9.17900381220304,-0.03009178127358172
758,9.175930622923055,-0.030598133849177204
759,9.172831208404409,-0.031109093975760033
760,9.169705542223387,-0.03162465953338668
761,9.16655359988244,-0.032144827721423117
762,9.163375358824052,-0.03266959505264376
763,9.160170798444534,-0.033198957347420205
764,9.15693990010778,-0.033732909728001505
765,9.153682647158933,-0.03427144661288714
766,9.150399024938057,-0.034814561711294524
767,9.147089020793656,-0.035362248017727846
768,9.143752624096237,-0.035914497806641285
769,9.140389826251706,-0.036471302627210225
770,9.137000620714762,-0.037032653298203044
771,9.13358500300222,-0.037598539902959645
772,9.130142970706268,-0.038168951784479106
773,9.126674523507646,-0.038743877540617214
774,9.12317966318876,-0.03932330501939793
775,9.11965839364675,-0.039907221314438024
776,9.116110720906484,-0.040495612760488936
777,9.112536653133471,-0.04108846492909787
778,9.108936200646692,-0.04168576262439135
779,9.105309375931418,-0.04228748987897852
780,9.101656193651902,-0.042893629949982304
781,9.097976670664027,-0.04350416531519669
782,9.094270826027877,-0.04411907766937356
783,9.090538681020229,-0.04473834792064069
784,9.086780259146982,-0.04536195618705298
785,9.082995586155526,-0.04598988179327835
786,9.079184690047006,-0.04662210326742165
787,9.07534760108852,-0.047258598337988074
788,9.071484351825275,-0.047899343930986216
789,9.067594977092604,-0.048544316167176575
790,9.063679514027983,-0.04919349035946197
791,9.059738002082895,-0.04984684101042859
792,9.055770483034678,-0.05050434181003231
793,9.051777000998264,-0.051165965633438
794,9.04775760243784,-0.05183168453901066
795,9.043712336178437,-0.052501469766461605
796,9.039641253417413,-0.05317529173515028
797,9.035544407735925,-0.053853120042543126
798,9.031421855110231,-0.0545349234628346
799,9.02727365392296,-0.05522066994572861
800,9.023099864974306,-0.05591032661538202
801,9.018900551493093,-0.05660386855698698
802,9.014675778159743,-0.057301279251520364
803,9.01042561012217,-0.058002542087484926
804,9.006150112996337,-0.05870764036129922
805,9.001849352866799,-0.059416557277689575
806,8.997523396287233,-0.060129275950085534
807,8.993172310280992,-0.060845779401016785
808,8.988796162341664,-0.061566050562511215
809,8.984395020433604,-0.06229007227649765
810,8.97996895299251,-0.06301782729520829
811,8.975518028925963,-0.06374929828158456
812,8.971042317614025,-0.06448446780968388
813,8.966541888909761,-0.06522331836509113
814,8.962016813139831,-0.06596583234532925
815,8.95746716110505,-0.0667119920602742
816,8.952893004080973,-0.06746177973256999
817,8.948294413818475,-0.06821517749804756
818,8.943671462544303,-0.06897216740614547
819,8.939024222961692,-0.06973273142033112
820,8.934352768250935,-0.07049685141852591
821,8.929657172069982,-0.07126450919353122
822,8.924937508554997,-0.07203568645345808
823,8.920193852321006,-0.07281036482215568
824,8.915426278462443,-0.07358852583964601
825,8.910634862553776,-0.07437015096255706
826,8.905819680650103,-0.07515522156455988
827,8.90098080928776,-0.07594371893680658
828,8.896118325484917,-0.07673562428837186
829,8.891232306742198,-0.07753091874669447
830,8.886322831043278,-0.07832958335802297
831,8.881389976855507,-0.07913159908786097
832,8.876433823130544,-0.07993694682141518
833,8.871454449304949,-0.0807456073640468
834,8.866451935300807,-0.08155756144172341
835,8.861426361526362,-0.08237278970147309
836,8.856377808876633,-0.08319127271184032
837,8.851306358734057,-0.08401299096334344
838,8.846212092969088,-0.08483792486893592
839,8.84109509394087,-0.085666054764466
840,8.835955444497838,-0.08649736090914188
841,8.830793227978381,-0.08733182348599548
842,8.825608528211434,-0.08816942260235237
843,8.820401429517176,-0.08901013829029765
844,8.815172016707624,-0.08985395050714931
845,8.80992037508731,-0.09070083913592876
846,8.8046465904539,-0.09155078398583723
847,8.799350749098862,-0.09240376479273066
848,8.794032937808092,-0.09325976121959877
849,8.788693243862578,-0.09411875285704407
850,8.783331755039061,-0.09498071922376343
851,8.777948559610653,-0.09584563976703234
852,8.77254374634753,-0.09671349386318842
853,8.767117404517561,-0.09758426081811976
854,8.761669623886975,-0.09845791986775188
855,8.756200494721018,-0.09933445017853924
856,8.750710107784604,-0.10021383084795596
857,8.74519855434299,-0.10109604090499014
858,8.739665926162418,-0.1019810593106385
859,8.734112315510787,-0.1028688649584038
860,8.728537815158315,-0.10375943667479273
861,8.72294251837821,-0.10465275321981612
862,8.717326518947296,-0.10554879328749166
863,8.711689911146737,-0.1064475355063454
864,8.706032789762647,-0.1073489584399186
865,8.700355250086794,-0.10825304058727242
866,8.694657387917234,-0.10915976038349817
867,8.688939299559001,-0.11006909620022493
868,8.68320108182476,-0.11098102634613193
869,8.677442832035482,-0.11189552906746103
870,8.671664648021084,-0.1128125825485313
871,8.665866628121137,-0.11373216491225421
872,8.6600488711855,-0.11465425422065109
873,8.654211476574991,-0.11557882847537276
874,8.648354544162057,-0.11650586561821864
875,8.642478174331433,-0.11743534353165935
876,8.636582467980814,-0.11836724003935942
877,8.630667526521506,-0.11930153290670233
878,8.624733451879102,-0.12023819984131615
879,8.618780346494132,-0.12117721849360139
880,8.61280831332273,-0.12211856645725994
881,8.606817455837275,-0.12306222126982566
882,8.600807878027085,-0.12400816041319511
883,8.594779684399041,-0.12495636131416163
884,8.58873297997825,-0.12590680134494958
885,8.582667870308725,-0.12685945782374874
886,8.576584461453978,-0.12781430801525479
887,8.570482859997723,-0.12877132913120415
888,8.564363173044518,-0.1297304983309152
889,8.558225508220385,-0.1306917927218298
890,8.552069973673479,-0.1316551893600547
891,8.545896678074705,-0.13262066525090652
892,8.539705730618383,-0.13358819734945493
893,8.533497241022861,-0.13455776256107022
894,8.527271319531176,-0.13552933774196935
895,8.521028076911648,-0.13650289969976617
896,8.514767624458553,-0.13747842519401937
897,8.508490073992705,-0.13845589093678487
898,8.502195537862084,-0.1394352735931683
899,8.495884128942501,-0.1404165497818762
900,8.489555960638144,-0.14139969607577305
901,8.483211146882242,-0.1423846890024352
902,8.476849802137641,-0.14337150504470847
903,8.470472041397402,-0.14436012064126685
904,8.464077980185442,-0.14535051218716938
905,8.457667734557074,-0.14634265603442226
906,8.451241421099636,-0.14733652849253914
907,8.444799156933046,-0.14833210582910425
908,8.438341059710414,-0.14932936427033386
909,8.431867247618579,-0.15032828000164328
910,8.42537783937872,-0.1513288291682098
911,8.418872954246883,-0.152330987875541
912,8.41235271201455,-0.15333473219004146
913,8.405817233009207,-0.1543400381395808
914,8.399266638094868,-0.155346881714064
915,8.392701048672638,-0.15635523886600075
916,8.386120586681223,-0.15736508551107778
917,8.379525374597469,-0.15837639752873037
918,8.372915535436897,-0.1593891507627157
919,8.366291192754183,-0.16040332102168772
920,8.359652470643693,-0.16141888407977073
921,8.352999493739965,-0.16243581567713694
922,8.346332387218215,-0.16345409152058152
923,8.339651276794799,-0.16447368728410205
924,8.332956288727706,-0.1654945786094753
925,8.326247549817019,-0.16651674110683776
926,8.319525187405384,-0.16754015035526473
927,8.31278932937843,-0.16856478190335228
928,8.30604010416525,-0.16959061126979805
929,8.299277640738794,-0.17061761394398453
930,8.292502068616315,-0.17164576538656193
931,8.285713517859776,-0.1726750410300318
932,8.278912119076242,-0.17370541627933295
933,8.272098003418296,-0.17473686651242523
934,8.2652713025844,-0.1757693670808769
935,8.258432148819258,-0.17680289331045182
936,8.251580674914194,-0.17783742050169607
937,8.244717014207508,-0.17887292393052615
938,8.237841300584794,-0.17990937884881827
939,8.230953668479259,-0.18094676048499858
940,8.22405425287206,-0.18198504404463184
941,8.21714318929259,-0.1830242047110131
942,8.21022061381878,-0.1840642176457584
943,8.203286663077348,-0.1851050579893978
944,8.196341474244091,-0.18614670086196647
945,8.189385185044102,-0.1871891213635995
946,8.182417933752031,-0.1882322945751239
947,8.175439859192299,-0.1892761955586534
948,8.168451100739302,-0.19032079935818277
949,8.161451798317596,-0.19136608100018374
950,8.154442092402078,-0.1924120154942
951,8.147422124018156,-0.19345857783344328
952,8.140392034741883,-0.19450574299539003
953,8.133351966700078,-0.19555348594237906
954,8.126302062570463,-0.19660178162220782
955,8.119242465581738,-0.19765060496873124
956,8.112173319513676,-0.1986999309024592
957,8.105094768697175,-0.19974973433115562
958,8.098006958014285,-0.20079999015043828
959,8.090910032898273,-0.2018506732443764
960,8.083804139333603,-0.20290175848609165
961,8.076689423855926,-0.20395322073835795
962,8.069566033552064,-0.20500503485420155
963,8.062434116059935,-0.20605717567750234
964,8.055293819568503,-0.2071096180435944
965,8.048145292817678,-0.208162336779867
966,8.040988685098215,-0.20921530670636668
967,8.03382414625158,-0.21026850263639763
968,8.026651826669765,-0.21132189937712648
969,8.019471877295162,-0.21237547173018112
970,8.012284449620335,-0.21342919449225556
971,8.005089695687781,-0.21448304245571198
972,7.997887768089741,-0.21553699040918228
973,7.990678819967888,-0.21659101313817192
974,7.983463005013042,-0.21764508542566374
975,7.97624047746487,-0.2186991820527196
976,7.969011392111533,-0.21975327779908457
977,7.961775904289324,-0.22080734744378996
978,7.954534169882258,-0.22186136576575805
979,7.947286345321693,-0.22291530754440356
980,7.940032587585854,-0.2239691475602387
981,7.932773054199363,-0.22502286059547688
982,7.925507903232766,-0.2260764214346352
983,7.918237293301963,-0.2271298048651402
984,7.910961383567694,-0.2281829856779293
985,7.9036803337349415,-0.2292359386680558
986,7.896394304052296,-0.23028863863529278
987,7.88910345531134,-0.23134106038473592
988,7.88180794884596,-0.2323931787274073
989,7.874507946531648,-0.23344496848085927
990,7.867203610784744,-0.234496404469778
991,7.859895104561717,-0.23554746152658518
992,7.852582591358307,-0.2365981144920434
993,7.845266235208724,-0.23764833821585826
994,7.83794620068478,-0.23869810755728063
995,7.830622652894982,-0.23974739738571052
996,7.823295757483588,-0.24079618258129912
997,7.815965680629654,-0.24184443803555128
998,7.8086325890460175,-0.24289213865192774
999,7.801296649978258,-0.24393925934644703
1000,7.793958031203622,-0.24498577504828722
1001,7.786616901029904,-0.24603166070038743
1002,7.779273428294292,-0.24707689126004906
1003,7.771927782362183,-0.24812144169953682
1004,7.764580133125933,-0.2491652870066796
1005,7.757230651003625,-0.2502084021854702
1006,7.749879506937717,-0.25125076225666587
1007,7.742526872393712,-0.25229234225838837
1008,7.735172919358787,-0.2533331172467219
1009,7.727817820340309,-0.25437306229631435
1010,7.720461748364412,-0.2554121525009736
1011,7.7131048769744375,-0.2564503629742677
1012,7.705747380229414,-0.25748766885012087
1013,7.69838943270241,-0.2585240452834126
1014,7.6910312094789175,-0.25955946745057334
1015,7.683672886155123,-0.2605939105501824
1016,7.6763146388362005,-0.26162734980356206
1017,7.6689566441345045,-0.26265976045537487
1018,7.661599079167728,-0.2636911177742181
1019,7.654242121557027,-0.264721397053219
1020,7.646885949425117,-0.2657505736106262
1021,7.639530741394238,-0.26677862279040715
1022,7.632176676584169,-0.26780551996283825
1023,7.624823934610128,-0.2688312405250982
1024,7.617472695580648,-0.2698557599018597
1025,7.610123140095387,-0.270879053545881
1026,7.602775449242901,-0.2719010969385958
1027,7.595429804598341,-0.2729218655907045
1028,7.58808638822114,-0.2739413350427616
1029,7.580745382652598,-0.27495948086576605
1030,7.573406970913419,-0.27597627866174906
1031,7.5660713365012455,-0.27699170406436036
1032,7.558738663388047,-0.2780057327394563
1033,7.551409136017548,-0.2790183403856845
1034,7.544082939302501,-0.28002950273507077
1035,7.536760258622015,-0.2810391955536011
1036,7.529441279818705,-0.2820473946418077
1037,7.5221261891958715,-0.28305407583535064
1038,7.5148151735145685,-0.28405921500560105
1039,7.507508419990658,-0.28506278806022084
1040,7.500206116291735,-0.28606477094374533
1041,7.492908450534073,-0.28706513963816105
1042,7.485615611279427,-0.28806387016348634
1043,7.47832778753184,-0.28906093857834775
1044,7.471045168734325,-0.29005632098055895
1045,7.463767944765533,-0.2910499935076957
1046,7.456496305936327,-0.292041932337672
1047,7.449230442986305,-0.2930321136893139
1048,7.441970547080235,-0.29402051382293376
1049,7.434716809804431,-0.295007109040903
1050,7.4274694231631,-0.2959918756882225
1051,7.420228579574546,-0.29697479015309475
1052,7.412994471867362,-0.2979558288674928
1053,7.405767293276525,-0.2989349683077296
1054,7.398547237439444,-0.2999121849950245
1055,7.39133449839191,-0.300887455496071
1056,7.3841292705639505,-0.30186075642360355
1057,7.376931748775708,-0.30283206443695926
1058,7.36974212823314,-0.3038013562426436
1059,7.362560604523699,-0.3047686085948918
1060,7.355387373611907,-0.30573379829623143
1061,7.3482226318348935,-0.3066969021980414
1062,7.341066575897818,-0.307657897201112
1063,7.333919402869232,-0.3086167602562025
1064,7.326781310176394,-0.3095734683645975
1065,7.319652495600423,-0.310527998578664
1066,7.312533157271466,-0.3114803280024047
1067,7.305423493663722,-0.31243043379201224
1068,7.2983237035904445,-0.3133782931564197
1069,7.291233986198779,-0.3143238833578536
1070,7.28415454096459,-0.3152671817123826
1071,7.277085567687183,-0.3162081655904661
1072,7.270027266483957,-0.31714681241750053
1073,7.262979837784928,-0.31808309967436704
1074,7.255943482327235,-0.3190170048979741
1075,7.2489184011495,-0.31994850568180244
1076,7.241904795586145,-0.3208775796764462
1077,7.234902867261594,-0.32180420459015435
1078,7.2279128180844205,-0.32272835818936885
1079,7.220934850241378,-0.3236500182992636
1080,7.213969166191354,-0.3245691628042807
1081,7.207015968659248,-0.32548576964866577
1082,7.200075460629731,-0.32639981683700175
1083,7.193147845340947,-0.32731128243474156
1084,7.186233326278108,-0.3282201445687387
1085,7.179332107167003,-0.32912638142777734
1086,7.172444391967419,-0.33002997126309985
1087,7.165570384866467,-0.3309308923889337
1088,7.158710290271805,-0.33182912318301744
1089,7.151864312804794,-0.33272464208712316
1090,7.145032657293561,-0.3336174276075789
1091,7.138215528765921,-0.3345074583157904
1092,7.131413132442258,-0.3353947128487595
1093,7.124625673728302,-0.33627916990960177
1094,7.117853358207795,-0.33716080826806244
1095,7.1110963916350745,-0.33803960676103156
1096,7.10435497992755,-0.3389155442930563
1097,7.0976293291581065,-0.3397885998368527
1098,7.090919645547391,-0.3406587524338147
1099,7.084226135455997,-0.3415259811945239
1100,7.077549005376586,-0.3423902652992541
1101,7.070888461925878,-0.3432515839984774
1102,7.064244711836563,-0.3441099166133669
1103,7.0576179619491,-0.34496524253629895
1104,7.0510084192034554,-0.3458175412313513
1105,7.04441629063069,-0.34666679223480296
1106,7.037841783344468,-0.3475129751556306
1107,7.031285104532492,-0.3483560696760025
1108,7.024746461447833,-0.3491960555517712
1109,7.018226061400116,-0.350032912612966
1110,7.011724111746664,-0.35086662076428154
1111,7.005240819883518,-0.35169715998556605
1112,6.99877639323634,-0.35252451033230725
1113,6.992331039251257,-0.35334865193611625
1114,6.985904965385583,-0.3541695650052099
1115,6.97949837909843,-0.3549872298248919
1116,6.973111487841262,-0.3558016267580301
1117,6.966744499048271,-0.3566127362455359
1118,6.960397620126761,-0.3574205388068365
1119,6.954071058447334,-0.3582250150403497
1120,6.947765021334032,-0.3590261456239553
1121,6.941479716054384,-0.35982391131546276
1122,6.935215349809303,-0.36061829295308107
1123,6.928972129722938,-0.3614092714558827
1124,6.922750262832403,-0.3621968278242678
1125,6.916549956077416,-0.3629809431404257
1126,6.910371416289834,-0.36376159856879486
1127,6.904214850183082,-0.36453877535652074
1128,6.8980804643414935,-0.3653124548339118
1129,6.891968465209598,-0.3660826184148919
1130,6.885879059081201,-0.3668492475974545
1131,6.879812452088475,-0.3676123239641109
1132,6.8737688501908965,-0.36837182918233885
1133,6.8677484591641225,-0.36912774500502754
1134,6.861751484588749,-0.36988005327092194
1135,6.8557781318389655,-0.3706287359050645
1136,6.8498286060711395,-0.3713737749192346
1137,6.843903112212297,-0.3721151524123866
1138,6.838001854948507,-0.37285285057108447
1139,6.832125038713175,-0.3735868516699361
1140,6.826272867675264,-0.37431713807202366
1141,6.820445545727379,-0.37504369222933354
1142,6.814643276473811,-0.3757664966831829
1143,6.80886626321844,-0.3764855340646454
1144,6.803114708952619,-0.3772007870949727
1145,6.797388816342894,-0.3779122385860158
1146,6.791688787718695,-0.37861987144064324
1147,6.786014825059895,-0.3793236686531578
1148,6.780367129984332,-0.3800236133097093
1149,6.774745903735187,-0.3807196885887084
1150,6.769151347168353,-0.3814118777612341
1151,6.763583660739641,-0.3821001641914426
1152,6.75804304449198,-0.38278453133697143
1153,6.7525296980424665,-0.38346496274934344
1154,6.7470438205694006,-0.38414144207436624
1155,6.7415856107991825,-0.3848139530525319
1156,6.736155266993188,-0.38548247951941184
1157,6.730752986934524,-0.3861470054060515
1158,6.725378967914739,-0.3868075147393614
1159,6.720033406720456,-0.3874639916425062
1160,6.714716499619913,-0.3881164203352923
1161,6.709428442349455,-0.3887647851345516
1162,6.704169430099961,-0.3894090704545239
1163,6.6989396575031765,-0.39004926080723745
1164,6.693739318618006,-0.39068534080288575
1165,6.6885686069167365,-0.3913172951502025
1166,6.683427715271173,-0.3919451086568358
1167,6.678316835938768,-0.39256876622971665
1168,6.67323616054862,-0.3931882528754286
1169,6.668185880087497,-0.3938035537005717
1170,6.663166184885719,-0.39441465391212716
1171,6.658177264603046,-0.39502153881781726
1172,6.65321930821449,-0.39562419382646397
1173,6.648292503996082,-0.3962226044483449
1174,6.643397039510586,-0.3968167562955464
1175,6.638533101593175,-0.3974066350823149
1176,6.633700876337058,-0.39799222662540473
1177,6.628900549079048,-0.39857351684442527
1178,6.624132304385127,-0.39915049176218326
1179,6.619396326035929,-0.3997231375050249
1180,6.614692797012216,-0.40029144030317365
1181,6.6100218994803095,-0.40085538649106656
1182,6.605383814777498,-0.40141496250768743
1183,6.600778723397404,-0.401970154896898
1184,6.596206804975314,-0.40252095030776663
1185,6.591668238273502,-0.4030673354948942
1186,6.587163201166535,-0.40360929731873674
1187,6.5826918706265465,-0.40414682274592617
1188,6.5782544227084605,-0.40467989884959
1189,6.573851032535273,-0.4052085128096648
1190,6.569481874283244,-0.40573265191321073
1191,6.565147121167137,-0.4062523035547212
1192,6.560846945425391,-0.4067674552364313
1193,6.556581518305365,-0.40727809456862213
1194,6.552351010048487,-0.4077842092699243
1195,6.548155589875491,-0.4082857871676169
1196,6.543995425971585,-0.4087828161979256
1197,6.539870685471654,-0.4092752844063173
1198,6.535781534445493,-0.4097631799477911
1199,6.531728137883,-0.41024649108716915
1200,6.527710659679417,-0.410725206199382
1201,6.523729262620576,-0.41119931376975344
1202,6.5197841083681585,-0.41166880239428155
1203,6.51587535744499,-0.4121336607799173
1204,6.512003169220343,-0.4125938777448404
1205,6.50816770189527,-0.41304944221873274
1206,6.504369112487989,-0.4135003432430485
1207,6.500607556819251,-0.4139465699712826
1208,6.49688318949779,-0.4143881116692352
1209,6.493196163905801,-0.41482495771527456
1210,6.4895466321844495,-0.4152570976005958
1211,6.485934745219411,-0.41568452092947883
1212,6.482360652626518,-0.4161072174195412
1213,6.478824502737355,-0.4165251769019912
1214,6.475326442585036,-0.4169383893218744
1215,6.471866617889917,-0.4173468447383207
1216,6.468445173045432,-0.41775053332478784
1217,6.46506225110401,-0.41814944536929977
1218,6.461717993762986,-0.4185435712746865
1219,6.458412541350661,-0.41893290155881624
1220,6.455146032812371,-0.4193174268548293
1221,6.451918605696657,-0.41969713791136626
1222,6.448730396141531,-0.42007202559279433
1223,6.445581538860789,-0.42044208087943025
1224,6.442472167130413,-0.42080729486776247
1225,6.439402412775099,-0.4211676587706668
1226,6.4363724061548435,-0.42152316391762207
1227,6.433382276151597,-0.42187380175492356
1228,6.430432150156084,-0.42221956384588993
1229,6.427522154054645,-0.422560441871072
1230,6.424652412216279,-0.4228964276284538
1231,6.421823047479661,-0.4232275130336553
1232,6.419034181140403,-0.4235536901201287
1233,6.416285932938343,-0.42387495103935424
1234,6.4135784210449565,-0.42419128806103207
1235,6.41091176205094,-0.4245026935732708
1236,6.408286070953856,-0.4248091600827742
1237,6.405701461145916,-0.42511068021502485
1238,6.403158044401934,-0.42540724671446367
1239,6.400655930867347,-0.42569885244466876
1240,6.398195229046414,-0.42598549038852873
1241,6.395776045790541,-0.426267153648415
1242,6.393398486286748,-0.42654383544635066
1243,6.391062654046264,-0.42681552912417564
1244,6.388768650893259,-0.42708222814371166
1245,6.386516576953795,-0.4273439260869194
1246,6.3843065306448326,-0.4276006166560574
1247,6.382138608663444,-0.42785229367383637
1248,6.38001290597619,-0.42809895108356916
1249,6.377929515808625,-0.4283405829493202
1250,6.375888529635001,-0.4285771834560497
1251,6.37389003716811,-0.4288087469097566
1252,6.371934126349288,-0.4290352677376184
1253,6.370020883338636,-0.42925674048812634
1254,6.368150392505349,-0.4294731598312201
1255,6.366322736418281,-0.42968452055841755
1256,6.364537995836641,-0.4298908175829426
1257,6.36279624970093,-0.4300920459398491
1258,6.3610975751239645,-0.4302882007861437
1259,6.359442047382214,-0.4304792774009029
1260,6.357829739907204,-0.43066527118538933
1261,6.356260724277187,-0.4308461776631647
1262,6.354735070208992,-0.4310219924801988
1263,6.3532528455500366,-0.43119271140497656
1264,6.351814116270598,-0.43135833032860094
1265,6.350418946456199,-0.43151884526489465
1266,6.349067398300303,-0.43167425235049667
1267,6.347759532097107,-0.43182454784495733
1268,6.346495406234607,-0.43196972813083023
1269,6.345275077187865,-0.43210978971375963
1270,6.344098599512441,-0.4322447292225679
1271,6.342966025838108,-0.43237454340933634
1272,6.341877406862705,-0.43249922914948574
1273,6.340832791346283,-0.43261878344185206
1274,6.339832226105394,-0.4327332034087607
1275,6.338875756007634,-0.4328424862960969
1276,6.33796342396643,-0.43294662947337276
1277,6.337095270936011,-0.4330456304337913
1278,6.336271335906593,-0.4331394867943095
1279,6.33549165589984,-0.43322819629569465
1280,6.3347562659645025,-0.4333117568025811
1281,6.33406519917232,-0.4333901663035216
1282,6.333418486614112,-0.4334634229110372
1283,6.332816157396113,-0.4335315248616638
1284,6.332258238636593,-0.43359447051599365
1285,6.331744755462596,-0.4336522583587178
1286,6.331275731007029,-0.4337048869986613
1287,6.330851186405901,-0.43375235516881855
1288,6.330471140795844,-0.4337946617263834
1289,6.33013561131183,-0.43383180565277796
1290,6.329844613085164,-0.433863786053677
1291,6.329598159241702,-0.4338906021590295
1292,6.329396260900269,-0.4339122533230786
1293,6.329238927171348,-0.43392873902437695
1294,6.329126165156038,-0.4339400588657985
1295,6.329057979945162,-0.43394621257455
1296,6.329034374618701,-0.43394720000217585
1297,6.3290553502454046,-0.4339430211245636
1298,6.329120905882674,-0.4339336760419429
1299,6.329231038576702,-0.43391916497888344
1300,6.329385743362747,-0.43389948828429087
1301,6.329585013265823,-0.43387464643139556
1302,6.329828839301429,-0.43384464001774387
1303,6.330117210476689,-0.43380946976518137
1304,6.330450113791609,-0.4337691365198358
1305,6.33082753424062,-0.4337236412520975
1306,6.331249454814372,-0.433672985056594
1307,6.331715856501728,-0.43361716915216403
1308,6.332226718292033,-0.43355619488182673
1309,6.332782017177561,-0.43349006371275084
1310,6.333381728156257,-0.43341877723621675
1311,6.3340258242346925,-0.43334233716757764
1312,6.334714276431221,-0.43326074534621895
1313,6.335447053779403,-0.4331740037355123
1314,6.336224123331665,-0.43308211442276695
1315,6.337045450163157,-0.43298507961917965
1316,6.33791099737585,-0.43288290165978005
1317,6.338820726102883,-0.4327755830033733
1318,6.339774595513101,-0.4326631262324803
1319,6.340772562815838,-0.4325455340532746
1320,6.34181458326593,-0.43242280929551496
1321,6.342900610168937,-0.4322949549124771
1322,6.344030594886575,-0.4321619739808815
1323,6.345204486842404,-0.4320238697008168
1324,6.346422233527678,-0.431880645395663
1325,6.34768378050747,-0.43173230451200917
1326,6.348989071426957,-0.4315788506195693
1327,6.35033804801796,-0.4314202874110949
1328,6.351730650105674,-0.4312566187022843
1329,6.353166815615608,-0.43108784843168907
1330,6.354646480580717,-0.4309139806606188
1331,6.356169579148772,-0.4307350195730402
1332,6.3577360435899015,-0.43055096947547533
1333,6.359345804304352,-0.4303618347968958
1334,6.360998789830428,-0.43016762008861487
1335,6.362694926852648,-0.4299683300241756
1336,6.364434140210066,-0.42976396939923706
1337,6.366216352904838,-0.42955454313145547
1338,6.368041486110899,-0.4293400562603656
1339,6.369909459182902,-0.42912051394725587
1340,6.371820189665292,-0.4288959214750428
1341,6.373773593301564,-0.42866628424814207
1342,6.375769584043739,-0.42843160779233513
1343,6.377808074061974,-0.42819189775463473
1344,6.379888973754379,-0.4279471599031458
1345,6.382012191756948,-0.4276974001269258
1346,6.38417763495374,-0.4274426244358394
1347,6.38638520848717,-0.4271828389604111
1348,6.388634815768458,-0.4269180499516765
1349,6.390926358488286,-0.4266482637810279
1350,6.393259736627561,-0.4263734869400592
1351,6.3956348484683705,-0.4260937260404069
1352,6.3980515906050535,-0.4258089878135883
1353,6.4005098579554645,-0.42551927911083604
1354,6.403009543772341,-0.42522460690293173
1355,6.405550539654841,-0.42492497828003445
1356,6.408132735560209,-0.4246204004515072
1357,6.41075601981559,-0.4243108807457411
1358,6.413420279129953,-0.42399642660997544
1359,6.416125398606168,-0.4236770456101163
1360,6.4188712617532175,-0.4233527454305502
1361,6.421657750498507,-0.4230235338739574
1362,6.424484745200312,-0.4226894188611199
1363,6.427352124660346,-0.42235040843072846
1364,6.430259766136434,-0.4220065107391857
1365,6.433207545355321,-0.4216577340604061
1366,6.436195336525565,-0.4213040867856141
1367,6.43922301235053,-0.4209455774231392
1368,6.442290444041526,-0.4205822145982069
1369,6.445397501331011,-0.4202140070527281
1370,6.448544052485885,-0.41984096364508605
1371,6.451729964320911,-0.41946309334991894
1372,6.454955102212206,-0.41908040525790013
1373,6.458219330110832,-0.41869290857551605
1374,6.461522510556433,-0.41830061262484197
1375,6.464864504691012,-0.41790352684331294
1376,6.46824517227275,-0.4175016607834931
1377,6.471664371689895,-0.417095024112843
1378,6.475121959974746,-0.41668362661348257
1379,6.478617792817691,-0.4162674781819518
1380,6.482151724581341,-0.4158465888289686
1381,6.485723608314649,-0.4154209686791854
1382,6.489333295767182,-0.4149906279709401
1383,6.492980637403402,-0.4145555770560066
1384,6.496665482416988,-0.41411582639934197
1385,6.500387678745264,-0.41367138657882935
1386,6.504147073083584,-0.41322226828502145
1387,6.507943510899876,-0.41276848232087743
1388,6.511776836449121,-0.4123100396015001
1389,6.515646892787943,-0.4118469511538684
1390,6.519553521789201,-0.41137922811656835
1391,6.5234965641566145,-0.41090688173952084
1392,6.527475859439449,-0.41042992338370615
1393,6.531491246047162,-0.40994836452088795
1394,6.535542561264156,-0.4094622167333312
1395,6.539629641264499,-0.40897149171352015
1396,6.543752321126672,-0.40847620126387285
1397,6.547910434848344,-0.4079763572964519
1398,6.552103815361148,-0.4074719718326748
1399,6.556332294545486,-0.40696305700301894
1400,6.560595703245289,-0.40644962504672677
1401,6.564893871282877,-0.4059316883115054
1402,6.569226627473701,-0.40540925925322663
1403,6.5735937996412135,-0.4048823504356211
1404,6.5779952146316,-0.40435097452997304
1405,6.582430698328633,-0.4038151443148099
1406,6.58690007566843,-0.4032748726755904
1407,6.5914031706542255,-0.40273017260439065
1408,6.59593980637114,-0.40218105719958647
1409,6.600509805000932,-0.40162753966553344
1410,6.605112987836732,-0.4010696333122447
1411,6.609749175297717,-0.4005073515550666
1412,6.614418186943825,-0.3999407079143509
1413,6.6191198414904076,-0.39936971601512467
1414,6.623853956822862,-0.39879438958675767
1415,6.628620350011226,-0.39821474246262767
1416,6.6334188373247365,-0.39763078857978357
1417,6.638249234246416,-0.3970425419786029
1418,6.643111355487497,-0.39645001680245234
1419,6.648005015001945,-0.3958532272973405
1420,6.652930026000816,-0.3952521878115723
1421,6.657886200966713,-0.39464691279539627
1422,6.662873351668048,-0.3940374168006548
1423,6.667891289173363,-0.3934237144804274
1424,6.6729398238655575,-0.39280582058867447
1425,6.678018765456072,-0.39218374997987693
1426,6.683127922999043,-0.3915575176086735
1427,6.688267104905351,-0.3909271385294975
1428,6.693436118956665,-0.3902926278962085
1429,6.698634772319416,-0.38965400096172326
1430,6.703862871558683,-0.38901127307764416
1431,6.709120222652054,-0.38836445969388467
1432,6.714406631003418,-0.38771357635829296
1433,6.7197219014566745,-0.38705863871627216
1434,6.725065838309385,-0.3863996625104004
1435,6.730438245326367,-0.3857366635800464
1436,6.735838925753197,-0.3850696578609838
1437,6.741267682329706,-0.38439866138500167
1438,6.7467243173032845,-0.3837236902795161
1439,6.752208632442259,-0.3830447607671751
1440,6.757720429049066,-0.38236188916546504
1441,6.763259507973446,-0.3816750918863119
1442,6.768825669625497,-0.3809843854356824
1443,6.774418713988685,-0.38028978641318173
1444,6.780038440632769,-0.3795913115116489
1445,6.785684648726624,-0.37888897751675105
1446,6.791357137051019,-0.37818280130657395
1447,6.797055704011299,-0.37747279985121085
1448,6.802780147649949,-0.3767589902123508
1449,6.808530265659129,-0.37604138954286165
1450,6.814305855393097,-0.37532001508637286
1451,6.820106713880531,-0.37459488417685677
1452,6.825932637836788,-0.3738660142382056
1453,6.831783423676082,-0.3731334227838074
1454,6.837658867523528,-0.3723971274161209
1455,6.84355876522715,-0.371657145826246
1456,6.849482912369761,-0.370913495793494
1457,6.85543110428077,-0.37016619518495497
1458,6.861403136047892,-0.36941526195506313
1459,6.86739880252877,-0.36866071414515944
1460,6.873417898362494,-0.3679025698830539
1461,6.879460217981034,-0.3671408473825837
1462,6.885525555620594,-0.3663755649431703
1463,6.891613705332819,-0.36560674094937556
1464,6.897724460995963,-0.3648343938704535
1465,6.903857616325959,-0.36405854225990136
1466,6.910012964887342,-0.36327920475500924
1467,6.916190300104127,-0.3624964000764062
1468,6.922389415270564,-0.361710147027606
1469,6.9286101035618,-0.36092046449454984
1470,6.934852158044473,-0.3601273714451463
1471,6.941115371687123,-0.35933088692881265
1472,6.947399537370634,-0.35853103007600956
1473,6.953704447898457,-0.35772782009777804
1474,6.960029896006801,-0.35692127628527154
1475,6.966375674374708,-0.35611141800928836
1476,6.97274157563403,-0.35529826471980025
1477,6.979127392379308,-0.3544818359454804
1478,6.985532917177557,-0.3536621512932286
1479,6.991957942577919,-0.35283923044769644
1480,6.99840226112127,-0.3520130931708081
1481,7.0048656653496995,-0.3511837593012807
1482,7.011347947815869,-0.3503512487541432
1483,7.0178489010923295,-0.34951558152025225
1484,7.024368317780672,-0.34867677766580757
1485,7.030905990520617,-0.34783485733186476
1486,7.037461711999023,-0.34698984073384614
1487,7.044035274958744,-0.3461417481610506
1488,7.050626472207439,-0.34529059997616085
1489,7.0572350966262345,-0.34443641661475005
1490,7.063860941178335,-0.34357921858478546
1491,7.070503798917504,-0.3427190264661312
1492,7.077163462996466,-0.34185586091004905
1493,7.08383972667519,-0.34098974263869736
1494,7.09053238332909,-0.340120692444629
1495,7.097241226457134,-0.3392487311902866
1496,7.103966049689837,-0.338373879807497
1497,7.110706646797153,-0.33749615929696436
1498,7.117462811696314,-0.3366155907277601
1499,7.124234338459529,-0.3357321952368122
1500,7.131021021321596,-0.33484599402839355
1501,7.137822654687414,-0.33395700837360826
1502,7.1446390331394465,-0.3330652596098749
1503,7.151469951445007,-0.3321707691404109
1504,7.158315204563521,-0.33127355843371326
1505,7.165174587653668,-0.33037364902303845
1506,7.17204789608042,-0.3294710625058815
1507,7.178934925422003,-0.3285658205434518
1508,7.185835471476776,-0.32765794486014893
1509,7.1927493302699546,-0.32674745724303783
1510,7.199676298060346,-0.32583437954131894
1511,7.206616171346911,-0.32491873366580093
1512,7.213568746875256,-0.3240005415883695
1513,7.2205338216440484,-0.32307982534145596
1514,7.227511192911322,-0.3221566070175039
1515,7.23450065820072,-0.32123090876843446
1516,7.241502015307633,-0.3203027528051096
1517,7.248515062305239,-0.3193721613967956
1518,7.2555395975504675,-0.3184391568706242
1519,7.262575419689883,-0.31750376161105176
1520,7.269622327665479,-0.3165659980593184
1521,7.27668012072036,-0.3156258887129051
1522,7.283748598404387,-0.3146834561249894
1523,7.290827560579691,-0.31373872290390037
1524,7.297916807426132,-0.31279171171257153
1525,7.30501613944666,-0.31184244526799354
1526,7.312125357472618,-0.3108909463406636
1527,7.3192442626688985,-0.3099372377540376
1528,7.326372656539109,-0.3089813423839759
1529,7.333510340930584,-0.30802328315819216
1530,7.34065711803935,-0.30706308305569835
1531,7.347812790415004,-0.30610076510625017
1532,7.35497716096553,-0.3051363523897896
1533,7.362150032961978,-0.3041698680358891
1534,7.369331210043145,-0.3032013352231915
1535,7.376520496220127,-0.3022307771788503
1536,7.3837176958808035,-0.30125821717796986
1537,7.3909226137942525,-0.3002836785430422
1538,7.398135055115093,-0.2993071846433846
1539,7.405354825387752,-0.29832875889457483
1540,7.412581730550654,-0.29734842475788603
1541,7.419815576940311,-0.29636620573972156
1542,7.427056171295417,-0.2953821253910458
1543,7.4343033207607725,-0.29439620730681765
1544,7.441556832891232,-0.29340847512541907
1545,7.448816515655472,-0.2924189525280877
1546,7.456082177439813,-0.29142766323834324
1547,7.4633536270518865,-0.29043463102141576
1548,7.470630673724244,-0.2894398796836735
1549,7.47791312711796,-0.28844343307204673
1550,7.4852007973260575,-0.28744531507345517
1551,7.492493494876994,-0.2864455496142299
1552,7.499791030737956,-0.28544416065953854
1553,7.507093216318212,-0.28444117221280574
1554,7.514399863472297,-0.28343660831513556
1555,7.52171078450319,-0.28243049304473244
1556,7.529025792165422,-0.28142285051632004
1557,7.536344699668116,-0.28041370488056055
1558,7.543667320677939,-0.27940308032347366
1559,7.550993469322056,-0.27839100106585246
1560,7.558322960190958,-0.2773774913626814
1561,7.565655608341278,-0.2763625755025511
1562,7.572991229298519,-0.2753462778070739
1563,7.580329639059712,-0.2743286226302992
1564,7.5876706540960885,-0.27330963435812516
1565,7.5950140913556154,-0.2722893374077126
1566,7.6023597682654955,-0.27126775622689786
1567,7.6097075027346435,-0.2702449152936031
1568,7.6170571131560685,-0.26922083911524897
1569,7.624408418409222,-0.26819555222816327
1570,7.6317612378623,-0.2671690791969912
1571,7.639115391374474,-0.26614144461410416
1572,7.646470699298065,-0.2651126730990094
1573,7.653826982480695,-0.264082789297756
1574,7.661184062267366,-0.2630518178823436
1575,7.668541760502487,-0.2620197835501287
1576,7.675899899531867,-0.26098671102323023
1577,7.683258302204632,-0.25995262504793654
1578,7.69061679187514,-0.25891755039410896
1579,7.697975192404788,-0.25788151185458763
1580,7.70533332816383,-0.25684453424459514
1581,7.712691024033096,-0.25580664240114054
1582,7.7200481054057075,-0.2547678611824223
1583,7.727404398188723,-0.25372821546723107
1584,7.7347597288047645,-0.252687730154352
1585,7.74211392419354,-0.2516464301619675
1586,7.749466811813414,-0.25060434042705754
1587,7.756818219642855,-0.24956148590480162
1588,7.7641679761818745,-0.2485178915679795
1589,7.771515910453443,-0.24747358240637068
1590,7.778861852004794,-0.24642858342615714
1591,7.786205630908796,-0.2453829196493194
1592,7.793547077765186,-0.24433661611303906
1593,7.8008860237018025,-0.24328969786909674
1594,7.808222300375805,-0.24224218998327068
1595,7.8155557399748,-0.24119411753473638
1596,7.822886175217978,-0.24014550561546394
1597,7.8302134393571965,-0.2390963793296165
1598,7.837537366177998,-0.23804676379294892
1599,7.844857790000646,-0.2369966841322047
1600,7.8521745456811,-0.23594616548451278
1601,7.859487468611913,-0.23489523299678722
1602,7.866796394723185,-0.23384391182512185
1603,7.874101160483405,-0.23279222713418848
1604,7.881401602900283,-0.23174020409663382
1605,7.888697559521567,-0.23068786789247614
1606,7.895988868435798,-0.229635243708502
1607,7.903275368273064,-0.2285823567376621
1608,7.910556898205703,-0.22752923217846874
1609,7.917833297948957,-0.22647589523439204
1610,7.925104407761661,-0.22542237111325558
1611,7.932370068446816,-0.22436868502663365
1612,7.9396301213522,-0.223314862189247
1613,7.9468844083709085,-0.22226092781835968
1614,7.954132771941913,-0.22120690713317445
1615,7.961375055050528,-0.22015282535422995
1616,7.9686111012289045,-0.2190987077027967
1617,7.975840754556466,-0.21804457940027383
1618,7.98306385966033,-0.21699046566758554
1619,7.990280261715703,-0.21593639172457757
1620,7.997489806446246,-0.21488238278941366
1621,8.004692340124437,-0.21382846407797232
1622,8.011887709571852,-0.2127746608032444
1623,8.019075762159483,-0.21172099817472959
1624,8.026256345808,-0.2106675013978338
1625,8.033429308988003,-0.20961419567326603
1626,8.040594500720234,-0.20856110619643686
1627,8.047751770575783,-0.20750825815685567
1628,8.054900968676264,-0.20645567673752827
1629,8.062041945693972,-0.20540338711435588
1630,8.069174552852006,-0.20435141445553312
1631,8.076298641924389,-0.20329978392094716
1632,8.083414065236182,-0.20224852066157514
1633,8.090520675663516,-0.20119764981888527
1634,8.09761832663367,-0.2001471965242354
1635,8.104706872125101,-0.19909718589827285
1636,8.111786166667441,-0.198047643050335
1637,8.118856065341514,-0.19699859307784937
1638,8.125916423779282,-0.19595006106573534
1639,8.13296709816384,-0.1949020720858035
1640,8.140007945229318,-0.1938546511961597
1641,8.147038822260829,-0.1928078234406049
1642,8.154059587094364,-0.191761613848039
1643,8.161070098116683,-0.1907160474318631
1644,8.168070214265176,-0.189671149189383
1645,8.175059795027739,-0.18862694410121256
1646,8.182038700442597,-0.18758345713067828
1647,8.189006791098155,-0.18654071322322321
1648,8.195963928132748,-0.18549873730581412
1649,8.202909973234505,-0.18445755428634492
1650,8.209844788641107,-0.18341718905304316
1651,8.21676823713953,-0.18237766647387826
1652,8.223680182065806,-0.1813390113959682
1653,8.230580487304794,-0.18030124864498606
1654,8.237469017289863,-0.17926440302457014
1655,8.24434563700263,-0.1782284993157322
1656,8.25121021197265,-0.1771935622762674
1657,8.258062608277113,-0.176159616640164
1658,8.264902692540506,-0.175126687117015
1659,8.271730331934286,-0.17409479839142927
1660,8.278545394176533,-0.1730639751224436
1661,8.285347747531585,-0.17203424194293607
1662,8.292137260809673,-0.17100562345903905
1663,8.298913803366537,-0.16997814424955396
1664,8.305677245103041,-0.16895182886536578
1665,8.312427456464754,-0.1679267018288595
1666,8.319164308441566,-0.1669027876333357
1667,8.325887672567243,-0.16588011074242828
1668,8.332597420918999,-0.16485869558952262
1669,8.339293426117077,-0.16383856657717386
1670,8.345975561324277,-0.16281974807652663
1671,8.352643700245503,-0.1618022644267358
1672,8.359297717127296,-0.16078613993438762
1673,8.365937486757378,-0.159771398872921
1674,8.372562884464145,-0.15875806548205126
1675,8.379173786116194,-0.15774616396719335
1676,8.385770068121799,-0.1567357184988877
1677,8.392351607428443,-0.155726753212224
1678,8.398918281522263,-0.15471929220626926
1679,8.40546996842758,-0.15371335954349355
1680,8.41200654670632,-0.15270897924920013
1681,8.418527895457517,-0.15170617531095304
1682,8.425033894316764,-0.15070497167800864
1683,8.431524423455654,-0.14970539226074592
1684,8.437999363581245,-0.14870746093009918
1685,8.444458595935497,-0.14771120151699074
1686,8.450902002294715,-0.14671663781176536
1687,8.457329464968954,-0.1457237935636258
1688,8.46374086680148,-0.1447326924800683
1689,8.470136091168163,-0.14374335822632098
1690,8.47651502197691,-0.14275581442478114
1691,8.482877543667072,-0.14177008465445506
1692,8.48922354120885,-0.14078619245039853
1693,8.495552900102677,-0.13980416130315934
1694,8.501865506378659,-0.13882401465821848
1695,8.508161246595924,-0.13784577591543515
1696,8.514440007842055,-0.1368694684284912
1697,8.520701677732434,-0.13589511550433758
1698,8.526946144409647,-0.1349227404026423
1699,8.533173296542873,-0.1339523663352372
1700,8.539383023327225,-0.13298401646556998
1701,8.545575214483161,-0.13201771390815342
1702,8.551749760255829,-0.13105348172801803
1703,8.557906551414431,-0.13009134294016608
1704,8.564045479251627,-0.12913132050902434
1705,8.570166435582827,-0.12817343734790296
1706,8.576269312745607,-0.12721771631845014
1707,8.58235400359906,-0.12626418023011082
1708,8.588420401523116,-0.1253128518395877
1709,8.594468400417927,-0.12436375385030125
1710,8.60049789470321,-0.12341690891185209
1711,8.606508779317569,-0.12247233961948568
1712,8.612500949717894,-0.12153006851355554
1713,8.618474301878646,-0.12059011807899185
1714,8.62442873229125,-0.11965251074476721
1715,8.630364137963415,-0.1187172688833667
1716,8.63628041641847,-0.1177844148102587
1717,8.642177465694726,-0.11685397078336564
1718,8.648055184344788,-0.11592595900253883
1719,8.653913471434903,-0.11500040160903259
1720,8.659752226544303,-0.1140773206849803
1721,8.665571349764551,-0.11315673825287138
1722,8.67137074169884,-0.1122386762750325
1723,8.677150303461378,-0.11132315665310577
1724,8.682909936676669,-0.11041020122753314
1725,8.688649543478897,-0.1094998317770377
1726,8.694369026511234,-0.10859207001811044
1727,8.70006828892518,-0.10768693760449623
1728,8.705747234379892,-0.10678445612668214
1729,8.71140576704152,-0.1058846471113875
1730,8.717043791582565,-0.10498753202105354
1731,8.722661213181173,-0.10409313225333885
1732,8.728257937520487,-0.10320146914061215
1733,8.733833870788004,-0.10231256394944808
1734,8.739388919674887,-0.10142643788012519
1735,8.744922991375297,-0.10054311206612612
1736,8.750435993585759,-0.09966260757363667
1737,8.75592783450445,-0.0987849454010506
1738,8.761398422830611,-0.0979101464784706
1739,8.766847667763804,-0.0970382316672178
1740,8.772275479003316,-0.09616922175933627
1741,8.777681766747472,-0.09530313747710364
1742,8.783066441692982,-0.09443999947254166
1743,8.788429415034287,-0.09357982832692852
1744,8.793770598462897,-0.09272264455031369
1745,8.799089904166754,-0.09186846858103324
1746,8.804387244829554,-0.09101732078522831
1747,8.809662533630117,-0.09016922145636388
1748,8.814915684241727,-0.08932419081475085
1749,8.820146610831495,-0.08848224900706789
1750,8.825355228059701,-0.08764341610588725
1751,8.830541451079144,-0.08680771210920145
1752,8.835705195534521,-0.0859751569399509
1753,8.84084637756176,-0.08514577044555477
1754,8.845964913787409,-0.08431957239744209
1755,8.851060721327963,-0.08349658249058747
1756,8.856133717789247,-0.08267682034304523
1757,8.861183821265803,-0.08186030549548681
1758,8.866210950340227,-0.08104705741074116
1759,8.871215024082534,-0.08023709547333621
1760,8.87619596204957,-0.07943043898904116
1761,8.881153684284348,-0.0786271071844119
1762,8.886088111315434,-0.07782711920633888
1763,8.890999164156353,-0.07703049412159414
1764,8.895886764304926,-0.07623725091638404
1765,8.900750833742691,-0.07544740849590119
1766,8.905591294934252,-0.07466098568388002
1767,8.910408070826717,-0.07387800122215149
1768,8.915201084849043,-0.073098473770204
1769,8.919970260911445,-0.07232242190474306
1770,8.924715523404803,-0.07154986411925367
1771,8.929436797200047,-0.07078081882356549
1772,8.934134007647563,-0.07001530434341896
1773,8.93880708057659,-0.06925333892003473
1774,8.943455942294644,-0.06849494070968315
1775,8.948080519586902,-0.06774012778325832
1776,8.952680739715644,-0.06698891812585138
1777,8.957256530419615,-0.06624132963632988
1778,8.961807819913513,-0.06549738012691304
1779,8.966334536887363,-0.06475708732275548
1780,8.970836610505946,-0.06402046886152907
1781,8.975313970408228,-0.06328754229300895
1782,8.979766546706797,-0.06255832507865944
1783,8.98419426998728,-0.06183283459122461
1784,8.988597071307792,-0.061111088114319
1785,8.992974882198373,-0.06039310284202115
1786,8.997327634660405,-0.0596788958784706
1787,9.001655261166082,-0.05896848423746401
1788,9.00595769465785,-0.05826188484205643
1789,9.01023486854786,-0.05755911452416248
1790,9.014486716717418,-0.0568601900241614
1791,9.018713173516419,-0.056165127990504174
1792,9.022914173762857,-0.055473944979320754
1793,9.027089652742234,-0.05478665745403223
1794,9.031239546207056,-0.05410328178496375
1795,9.035363790376298,-0.053423834248959495
1796,9.039462321934874,-0.05274833102900063
1797,9.04353507803312,-0.05207678821382421
1798,9.04758199628624,-0.051409221797547616
1799,9.051603014773843,-0.05074564767928982
1800,9.05559807203937,-0.050086081662800694
1801,9.059567107089633,-0.04943053945608754
1802,9.063510059394279,-0.04877903667104771
1803,9.067426868885285,-0.04813158882310184
1804,9.071317475956468,-0.047488211330829214
1805,9.07518182146298,-0.04684891951560572
1806,9.079019846720822,-0.04621372860124428
1807,9.082831493506339,-0.04558265371363781
1808,9.08661670405574,-0.04495570988040368
1809,9.09037542106463,-0.04433291203053064
1810,9.09410758768749,-0.043714274994030064
1811,9.097813147537249,-0.04309981350158581
1812,9.101492044684765,-0.04248954218421009
1813,9.10514422365838,-0.04188347557289954
1814,9.10876962944346,-0.041281628098293936
1815,9.112368207481897,-0.04068401409033911
1816,9.115939903671684,-0.04009064777794897
1817,9.119484664366459,-0.03950154328867223
1818,9.123002436375023,-0.038916714648361724
1819,9.126493166960914,-0.03833617578084478
1820,9.129956803841958,-0.037759940507596866
1821,9.13339329518983,-0.037188022547417224
1822,9.1368025896296,-0.03662043551610754
1823,9.140184636239313,-0.03605719292615247
1824,9.143539384549562,-0.035498308186402684
1825,9.146866784543043,-0.03494379460176059
1826,9.150166786654154,-0.03439366537286807
1827,9.153439341768545,-0.03384793359579794
1828,9.156684401222725,-0.03330661226174627
1829,9.15990191680365,-0.03276971425672732
1830,9.163091840748294,-0.03223725236127277
1831,9.166254125743263,-0.031709239250131215
1832,9.169388724924378,-0.031185687491971776
1833,9.172495591876295,-0.030666609549088543
1834,9.175574680632096,-0.030152017777109734
1835,9.178625945672879,-0.029641924424708043
1836,9.181649341927423,-0.02913634163331229
1837,9.184644824771762,-0.02863528143682439
1838,9.187612350028811,-0.028138755761337175
1839,9.190551873968005,-0.02764677642485441
1840,9.193463353304907,-0.027159355137014562
1841,9.196346745200854,-0.02667650349881608
1842,9.19920200726258,-0.02619823300234647
1843,9.202029097541873,-0.02572455503051172
1844,9.204827974535185,-0.025255480856771196
1845,9.20759859718332,-0.024791021644872235
1846,9.210340924871053,-0.024331188448589794
1847,9.213054917426788,-0.023875992211467037
1848,9.215740535122212,-0.023425443766560052
1849,9.21839773867197,-0.022979553836182717
1850,9.221026489233314,-0.022538333031656657
1851,9.223626748405787,-0.022101791853062443
1852,9.22619847823088,-0.02166994068899384
1853,9.22874164119172,-0.021242789816314563
1854,9.23125620021273,-0.020820349399918146
1855,9.233742118659338,-0.020402629492489145
1856,9.236199360337626,-0.01998964003426945
1857,9.238627889494062,-0.01958139085282376
1858,9.241027670815186,-0.01917789166280971
1859,9.243398669427277,-0.018779152065752393
1860,9.245740850896071,-0.018385181549818556
1861,9.2480541812265,-0.017995989489593085
1862,9.250338626862339,-0.01761158514586253
1863,9.252594154685974,-0.017231977665395762
1864,9.254820732018079,-0.016857176080731933
1865,9.257018326617372,-0.01648718930996746
1866,9.259186906680293,-0.016122026156549448
1867,9.261326440840776,-0.015761695309067587
1868,9.26343689816995,-0.01540620534105243
1869,9.265518248175892,-0.015055564710774055
1870,9.267570460803372,-0.0147097817610439
1871,9.269593506433552,-0.014368864719021065
1872,9.271587355883788,-0.014032821696018322
1873,9.273551980407346,-0.013701660687313452
1874,9.275487351693167,-0.013375389571961079
1875,9.27739344186563,-0.013054016112609276
1876,9.279270223484286,-0.012737547955318772
1877,9.281117669543653,-0.012425992629382463
1878,9.28293575347296,-0.012119357547150673
1879,9.284724449135952,-0.011817650003856905
1880,9.286483730830637,-0.011520877177447408
1881,9.288213573289067,-0.011229046128414232
1882,9.28991395167713,-0.010942163799629418
1883,9.29158484159435,-0.0106602370161821
1884,9.293226219073658,-0.01038327248521974
1885,9.294838060581174,-0.010111276795791926
1886,9.296420343016054,-0.009844256418694245
1887,9.297973043710227,-0.009582217706319953
1888,9.299496140428262,-0.009325166892508474
1889,9.300989611367134,-0.009073110092401698
1890,9.302453435156062,-0.008826053302300128
1891,9.303887590856307,-0.008584002399523363
1892,9.305292057961012,-0.008346963142271818
1893,9.306666816395008,-0.008114941169492903
1894,9.30801184651466,-0.007887942000748771
1895,9.309327129107665,-0.007665971036088366
1896,9.310612645392942,-0.0074490335559190286
1897,9.311868377020412,-0.007237134720885573
1898,9.313094306070887,-0.0070302795717475264
1899,9.314290415055893,-0.006828473029262948
1900,9.31545668691751,-0.006631719894073036
1901,9.316593105028259,-0.006440024846589084
1902,9.31769965319093,-0.006253392446883909
1903,9.318776315638456,-0.006071827134585491
1904,9.319823077033773,-0.005895333228772465
1905,9.320839922469688,-0.005723914927873905
1906,9.321826837468766,-0.005557576309570463
1907,9.322783807983182,-0.005396321330699807
1908,9.323710820394615,-0.0052401538271639354
1909,9.324607861514124,-0.00508907751383957
1910,9.325474918582046,-0.0049430959844913285
1911,9.326311979267881,-0.004802212711687203
1912,9.327119031670176,-0.004666431046718538
1913,9.327896064316441,-0.004535754219520807
1914,9.328643066163039,-0.004410185338598595
1915,9.329360026595081,-0.0042897273909533636
1916,9.330046935426369,-0.004174383242012144
1917,9.330703782899276,-0.0040641556355623665
1918,9.331330559684673,-0.003959047193686892
1919,9.331927256881858,-0.0038590604167023854
1920,9.332493866018451,-0.0037641976831028373
1921,9.333030379050363,-0.003674461249500837
1922,9.333536788361702,-0.003589853250577432
1923,9.334013086764697,-0.003510375699031564
1924,9.334459267499662,-0.0034360304855328492
1925,9.334875324234936,-0.0033668193786766352
1926,9.335261251066814,-0.0033027440249440644
1927,9.335617042519477,-0.0032438059486639757
1928,9.33594269354501,-0.003190006551974814
1929,9.336238199523287,-0.0031413471147946404
1930,9.336503556261981,-0.003097828794789374
1931,9.336738759996505,-0.003059452627346544
1932,9.336943807389986,-0.0030262195255511804
1933,9.337118695533224,-0.0029981302801644055
1934,9.337263421944703,-0.002975185559604213
1935,9.337377984570518,-0.0029573859099313584
1936,9.337462381784405,-0.0029447317548347003
1937,9.337516612387693,-0.002937223395623339
1938,9.337540675609324,-0.0029348610112175694
1939,9.33753457110581,-0.0029376446581468106
1940,9.33749829896126,-0.0029455742705463027
1941,9.337431859687372,-0.002958649660159889
1942,9.337335254223428,-0.002976870516344213
1943,9.337208483936315,-0.0030002364060757484
1944,9.337051550620544,-0.003028746773960078
1945,9.336864456498239,-0.0030624009422468308
1946,9.336647204219163,-0.003101198110844416
1947,9.336399796860771,-0.003145137357338065
1948,9.336122237928194,-0.0031942176370125972
1949,9.335814531354298,-0.0032484377828760572
1950,9.335476681499708,-0.003307796505687314
1951,9.335108693152844,-0.003372292393985801
1952,9.334710571529964,-0.0034419239141249827
1953,9.334282322275214,-0.003516689410307808
1954,9.33382395146065,-0.0035965871046262925
1955,9.333335465586341,-0.0036816150971010686
1956,9.332816871580388,-0.003771771365727103
1957,9.332268176798971,-0.003867053766521758
1958,9.331689389026451,-0.003967460033573396
1959,9.331080516475405,-0.004072987779095046
1960,9.330441567786723,-0.004183634493479362
1961,9.329772552029658,-0.004299397545358478
1962,9.329073478701927,-0.004420274181664147
1963,9.328344357729753,-0.004546261527694283
1964,9.327585199467995,-0.004677356587177361
1965,9.326796014700225,-0.00481355624234362
1966,9.325976814638798,-0.004954857253998816
1967,9.325127610924975,-0.005101256261598264
1968,9.324248415629013,-0.005252749783326319
1969,9.323339241250256,-0.0054093342161779506
1970,9.322400100717264,-0.0055710058360422055
1971,9.321431007387913,-0.005737760797789425
1972,9.320431975049507,-0.005909595135361398
1973,9.31940301791891,-0.006086504761863434
1974,9.318344150642647,-0.006268485469660541
1975,9.317255388297037,-0.006455532930475863
1976,9.316136746388334,-0.006647642695490926
1977,9.31498824085286,-0.006844810195449692
1978,9.31380988805712,-0.00704703074076646
1979,9.31260170479795,-0.007254299521634715
1980,9.311363708302686,-0.007466611608139011
1981,9.310095916229288,-0.007683961950370734
1982,9.308798346666496,-0.007906345378546032
1983,9.307471018133985,-0.008133756603126867
1984,9.306113949582517,-0.008366190214944768
1985,9.304727160394124,-0.008603640685326463
1986,9.303310670382256,-0.008846102366223503
1987,9.301864499791956,-0.009093569490344894
1988,9.300388669300032,-0.00934603617129097
1989,9.298883200015245,-0.009603496403691252
1990,9.297348113478483,-0.009865944063344845
1991,9.295783431662931,-0.010133372907364194
1992,9.294189176974285,-0.010405776574320095
1993,9.292565372250937,-0.010683148584390553
1994,9.290912040764157,-0.010965482339513073
1995,9.289229206218305,-0.011252771123537977
1996,9.28751689275104,-0.011545008102385745
1997,9.28577512493351,-0.011842186324207015
1998,9.284003927770561,-0.012144298719545648
1999,9.282203326700987,-0.012451338101501949
2000,9.280373347597713,-0.012763297165902703
2001,9.278514016768016,-0.013080168491472012
2002,9.276625360953778,-0.013401944540003144
2003,9.274707407331684,-0.013728617656536789
2004,9.272760183513498,-0.014060180069537746
2005,9.270783717546234,-0.014396623891079752
2006,9.268778037912456,-0.014737941117027463
2007,9.266743173530514,-0.01508412362722371
2008,9.264679153754765,-0.015435163185680808
2009,9.262586008375823,-0.01579105144077326
2010,9.260463767620855,-0.01615177992543133
2011,9.258312462153814,-0.01651734005734025
2012,9.256132123075684,-0.016887723139141473
2013,9.253922781924782,-0.01726292035863504
2014,9.25168447067701,-0.01764292278898636
2015,9.249417221746128,-0.01802772138893501
2016,9.247121067984036,-0.01841730700300616
2017,9.244796042681049,-0.018811670361725014
2018,9.242442179566202,-0.01921080208183288
2019,9.240059512807509,-0.01961469266650813
2020,9.237648077012276,-0.020023332505587438
2021,9.235207907227405,-0.020436711875790065
2022,9.232739038939663,-0.020854820940947445
2023,9.230241508076011,-0.021277649752231703
2024,9.227715351003912,-0.021705188248388525
2025,9.225160604531627,-0.022137426255973848
2026,9.222577305908532,-0.022574353489591213
2027,9.219965492825462,-0.023015959552131645
2028,9.217325203415003,-0.023462233935018863
2029,9.214656476251825,-0.023913166018453988
2030,9.211959350353029,-0.02436874507166442
2031,9.209233865178462,-0.024828960253155393
2032,9.206480060631055,-0.025293800610963656
2033,9.20369797705717,-0.025763255082914254
2034,9.200887655246945,-0.026237312496878655
2035,9.198049136434653,-0.02671596157103671
2036,9.195182462299018,-0.027199190914142024
2037,9.19228767496362,-0.027686989025786812
2038,9.18936481699722,-0.028179344296672296
2039,9.186413931414126,-0.028676245008881118
2040,9.183435061674581,-0.029177679336150588
2041,9.180428251685099,-0.029683635344151308
2042,9.177393545798877,-0.03019410099076476
2043,9.174330988816145,-0.030709064126367265
2044,9.171240625984566,-0.031228512494113295
2045,9.16812250299961,-0.03175243373022334
2046,9.164976666004936,-0.03228081536427417
2047,9.161803161592813,-0.03281364481948926
2048,9.158602036804485,-0.03335090941303528
2049,9.155373339130595,-0.033892596356318416
2050,9.152117116511565,-0.03443869275528445
2051,9.148833417338029,-0.03498918561072095
2052,9.145522290451224,-0.03554406181856152
2053,9.142183785143404,-0.03610330817019428
2054,9.138817951158277,-0.03666691135276967
2055,9.135424838691417,-0.03723485794951363
2056,9.132004498390684,-0.0378071344400422
2057,9.128556981356644,-0.03838372720067872
2058,9.125082339143033,-0.03896462250477243
2059,9.121580623757175,-0.039549806523020495
2060,9.1180518876604,-0.04013926532379409
2061,9.114496183768527,-0.04073298487346242
2062,9.11091356545229,-0.04133095103672374
2063,9.10730408653779,-0.041933149576936335
2064,9.103667801306944,-0.042539566156452685
2065,9.10000476449796,-0.0431501863369554
2066,9.096315031305787,-0.04376499557979599
2067,9.092598657382574,-0.04438397924633677
2068,9.088855698838138,-0.04500712259829376
2069,9.085086212240451,-0.04563441079808235
2070,9.081290254616114,-0.046265828909165474
2071,9.077467883450797,-0.04690136189640548
2072,9.073619156689782,-0.04754099462641495
2073,9.069744132738418,-0.04818471186791242
2074,9.065842870462582,-0.048832498292082194
2075,9.061915429189234,-0.04948433847293061
2076,9.057961868706863,-0.05014021688765095
2077,9.05398224926599,-0.05080011791698729
2078,9.049976631579703,-0.05146402584560017
2079,9.04594507682413,-0.05213192486243699
2080,9.041887646638967,-0.052803799061102476
2081,9.037804403127979,-0.053479632440232634
2082,9.033695408859533,-0.054159408903870186
2083,9.029560726867095,-0.05484311226184344
2084,9.02540042064977,-0.055530726230145606
2085,9.021214554172829,-0.05622223443131807
2086,9.01700319186821,-0.056917620394835645
2087,9.012766398635092,-0.05761686755749197
2088,9.008504239840404,-0.05831995926379022
2089,9.004216781319368,-0.05902687876633391
2090,8.999904089376043,-0.059737609226220664
2091,8.995566230783883,-0.06045213371343739
2092,8.991203272786255,-0.06117043520725952
2093,8.986815283097005,-0.06189249659665054
2094,8.982402329901042,-0.0626183006806629
2095,8.977964481854844,-0.06334783016884495
2096,8.973501808087056,-0.06408106768164545
2097,8.969014378199045,-0.0648179957508229
2098,8.964502262265457,-0.0655585968198568
2099,8.959965530834793,-0.06630285324436035
2100,8.955404254929983,-0.06705074729249494
2101,8.950818506048954,-0.06780226114538812
2102,8.946208356165222,-0.06855737689755229
2103,8.941573877728464,-0.06931607655730547
2104,8.93691514366511,-0.07007834204719521
2105,8.932232227378918,-0.07084415520442423
2106,8.927525202751548,-0.07161349778127847
2107,8.922794144143214,-0.07238635144555369
2108,8.918039126393207,-0.07316269778099059
2109,8.913260224820545,-0.07394251828770548
2110,8.908457515224553,-0.07472579438262758
2111,8.903631073885457,-0.07551250739993548
2112,8.898780977565007,-0.07630263859149732
2113,8.893907303507074,-0.07709616912731179
2114,8.889010129438262,-0.07789308009595212
2115,8.884089533568527,-0.0786933525050104
2116,8.87914559459178,-0.0794969672815465
2117,8.874178391686522,-0.08030390527253561
2118,8.869188004516456,-0.08111414724532028
2119,8.86417451323109,-0.08192767388806464
2120,8.85913799846639,-0.08274446581020732
2121,8.854078541345404,-0.08356450354291942
2122,8.848996223478863,-0.08438776753956384
2123,8.843891126965856,-0.08521423817615459
2124,8.83876333439441,-0.08604389575182109
2125,8.833612928842163,-0.08687672048927125
2126,8.828439993877003,-0.08771269253525768
2127,8.823244613557678,-0.0885517919610468
2128,8.818026872434459,-0.0893939987628879
2129,8.812786855549778,-0.09023929286248493
2130,8.807524648438868,-0.0910876541074703
2131,8.80224033713041,-0.09193906227188027
2132,8.796934008147183,-0.0927934970566315
2133,8.791605748506708,-0.09365093809000058
2134,8.786255645721903,-0.0945113649281042
2135,8.780883787801745,-0.09537475705538129
2136,8.77549026325189,-0.09624109388507823
2137,8.770075161075354,-0.09711035475973376
2138,8.764638570773187,-0.09798251895166596
2139,8.75918058234508,-0.09885756566346308
2140,8.753701286290056,-0.09973547402847366
2141,8.748200773607131,-0.10061622311129875
2142,8.742679135795976,-0.10149979190828617
2143,8.737136464857558,-0.10238615934802742
2144,8.7315728532948,-0.10327530429185519
2145,8.725988394113276,-0.10416720553434175
2146,8.720383180821845,-0.10506184180380045
2147,8.71475730743332,-0.10595919176278804
2148,8.709110868465158,-0.10685923400860825
2149,8.703443958940081,-0.1077619470738187
2150,8.697756674386769,-0.10866730942673734
2151,8.69204911084054,-0.10957529947195054
2152,8.686321364843982,-0.11048589555082494
2153,8.680573533447632,-0.11139907594201905
2154,8.67480571421065,-0.11231481886199583
2155,8.669018005201474,-0.11323310246553887
2156,8.663210504998498,-0.11415390484626785
2157,8.657383312690724,-0.11507720403715696
2158,8.651536527878443,-0.11600297801105446
2159,8.645670250673875,-0.11693120468120408
2160,8.639784581701864,-0.11786186190176617
2161,8.633879622100512,-0.11879492746834316
2162,8.627955473521867,-0.11973037911850347
2163,8.62201223813257,-0.12066819453230923
2164,8.61605001861452,-0.12160835133284374
2165,8.61006891816554,-0.12255082708674135
2166,8.604069040500015,-0.1234955993047192
2167,8.598050489849573,-0.12444264544210812
2168,8.592013370963729,-0.12539194289938724
2169,8.585957789110553,-0.12634346902271837
2170,8.57988385007731,-0.12729720110448292
2171,8.573791660171098,-0.1282531163838204
2172,8.567681326219526,-0.12921119204716577
2173,8.561552955571356,-0.13017140522879056
2174,8.555406656097132,-0.13113373301134484
2175,8.549242536189826,-0.1320981524264
2176,8.543060704765496,-0.1330646404549926
2177,8.536861271263906,-0.1340331740281702
2178,8.530644345649176,-0.13500373002753746
2179,8.524410038410391,-0.13597628528580513
2180,8.518158460562258,-0.1369508165873381
2181,8.511889723645721,-0.1379273006687064
2182,8.50560393972858,-0.13890571421923614
2183,8.499301221406121,-0.13988603388156298
2184,8.49298168180172,-0.14086823625218553
2185,8.486645434567459,-0.14185229788202058
2186,8.480292593884755,-0.14283819527695887
2187,8.473923274464928,-0.14382590489842328
2188,8.467537591549842,-0.14481540316392594
2189,8.461135660912465,-0.14580666644762905
2190,8.454717598857496,-0.1467996710809045
2191,8.44828352222191,-0.14779439335289693
2192,8.44183354837558,-0.1487908095110847
2193,8.435367795221838,-0.14978889576184487
2194,8.428886381198055,-0.1507886282710173
2195,8.42238942527619,-0.15178998316447168
2196,8.415877046963363,-0.1527929365286735
2197,8.40934936630243,-0.15379746441125153
2198,8.402806503872487,-0.15480354282156825
2199,8.396248580789466,-0.15581114773128762
2200,8.389675718706632,-0.15682025507494785
2201,8.383088039815139,-0.15783084075053178
2202,8.376485666844536,-0.15884288062004015
2203,8.369868723063298,-0.15985635051006522
2204,8.363237332279333,-0.16087122621236505
2205,8.356591618840481,-0.16188748348443896
2206,8.349931707635019,-0.1629050980501035
2207,8.343257724092139,-0.16392404560007034
2208,8.336569794182424,-0.1649443017925236
2209,8.329868044418344,-0.16596584225369865
2210,8.32315260185469,-0.16698864257846213
2211,8.316423594089034,-0.16801267833089314
2212,8.3096811492622,-0.16903792504486212
2213,8.302925396058674,-0.1700643582246153
2214,8.296156463707042,-0.17109195334535635
2215,8.2893744819804,-0.17212068585383053
2216,8.28257958119677,-0.1731505311689084
2217,8.2757718922195,-0.17418146468217144
2218,8.268951546457647,-0.17521346175849717
2219,8.26211867586635,-0.17624649773664613
2220,8.255273412947204,-0.17728054792984893
2221,8.24841589074861,-0.1783155876263941
2222,8.241546242866113,-0.17935159209021673
2223,8.234664603442754,-0.18038853656148668
2224,8.227771107169367,-0.18142639625719986
2225,8.220865889284921,-0.1824651463717664
2226,8.213949085576756,-0.18350476207760472
2227,8.207020832380914,-0.18454521852573097
2228,8.200081266582401,-0.1855864908463516
2229,8.193130525615443,-0.18662855414945542
2230,8.186168747463714,-0.18767138352540855
2231,8.17919607066057,-0.1887149540455472
2232,8.172212634289279,-0.18975924076277165
2233,8.165218577983202,-0.19080421871214182
2234,8.158214041925985,-0.19184986291147232
2235,8.151199166851733,-0.19289614836192834
2236,8.144174094045148,-0.1939430500486219
2237,8.137138965341697,-0.19499054294120832
2238,8.13009392312769,-0.19603860199448417
2239,8.123039110340446,-0.19708720214898334
2240,8.115974670468315,-0.19813631833157716
2241,8.108900747550798,-0.19918592545607083
2242,8.101817486178573,-0.20023599842380382
2243,8.094725031493553,-0.2012865121242476
2244,8.087623529188882,-0.20233744143560625
2245,8.08051312550896,-0.20338876122541527
2246,8.073393967249398,-0.20444044635114253
2247,8.066266201756974,-0.2054924716607894
2248,8.059129976929611,-0.20654481199348948
2249,8.051985441216269,-0.2075974421801111
2250,8.044832743616857,-0.20865033704385824
2251,8.037672033682078,-0.20970347140087325
2252,8.030503461513351,-0.21075682006083613
2253,8.023327177762587,-0.2118103578275694
2254,8.016143333632039,-0.21286405949963827
2255,8.00895208087409,-0.21391789987095353
2256,8.001753571791001,-0.21497185373137526
2257,7.994547959234678,-0.21602589586731438
2258,7.987335396606392,-0.21708000106233577
2259,7.98011603785646,-0.21813414409776205
2260,7.972890037483933,-0.21918829975327625
2261,7.965657550536247,-0.22024244280752495
2262,7.958418732608834,-0.2212965480387221
2263,7.951173739844726,-0.2223505902252523
2264,7.943922728934123,-0.22340454414627411
2265,7.936665857113934,-0.22445838458232464
2266,7.929403282167295,-0.22551208631592196
2267,7.922135162423059,-0.22656562413216944
2268,7.914861656755261,-0.2276189728193593
2269,7.907582924582547,-0.22867210716957576
2270,7.9002991258675594,-0.2297250019793
2271,7.893010421116335,-0.2307776320500125
2272,7.885716971377641,-0.23182997218879672
2273,7.8784189382422705,-0.23288199720894362
2274,7.871116483842362,-0.23393368193055322
2275,7.8638097708505885,-0.23498500118114057
2276,7.85649896247944,-0.23603592979623608
2277,7.849184222480369,-0.2370864426199905
2278,7.841865715142933,-0.23813651450577808
2279,7.834543605293955,-0.2391861203167976
2280,7.827218058296581,-0.24023523492667628
2281,7.819889240049319,-0.24128383322007238
2282,7.812557316985071,-0.24233189009327694
2283,7.805222456070109,-0.24337938045481583
2284,7.797884824803009,-0.2444262792260519
2285,7.790544591213566,-0.24547256134178616
2286,7.783201923861647,-0.24651820175085967
2287,7.77585699183604,-0.24756317541675407
2288,7.768509964753224,-0.24860745731819284
2289,7.76116101275614,-0.24965102244974133
2290,7.7538103065128885,-0.25069384582240717
2291,7.746458017215407,-0.2517359024642405
2292,7.7391043165781195,-0.25277716742093226
2293,7.731749376836498,-0.25381761575641437
2294,7.72439337074562,-0.2548572225534589
2295,7.7170364715786715,-0.25589596291427563
2296,7.709678853125419,-0.2569338119611104
2297,7.70232068969063,-0.2579707448368421
2298,7.694962156092428,-0.25900673670558116
2299,7.687603427660642,-0.26004176275326474
2300,7.680244680235089,-0.26107579818825366
2301,7.672886090163783,-0.2621088182419291
2302,7.665527834301165,-0.2631407981692863
2303,7.658170090006226,-0.26417171324953037
2304,7.650813035140606,-0.2652015387866699
2305,7.643456848066625,-0.26623025011011225
2306,7.636101707645314,-0.2672578225752546
2307,7.628747793234328,-0.26828423156407827
2308,7.621395284685866,-0.26930945248574006
2309,7.614044362344502,-0.27033346077716425
2310,7.606695207044996,-0.2713562319036323
2311,7.599348000110018,-0.2723777413593748
2312,7.592002923347838,-0.2733979646681601
2313,7.584660159049956,-0.2744168773838842
2314,7.5773198899887095,-0.27543445509115755
2315,7.569982299414769,-0.27645067340589385
2316,7.562647571054613,-0.2774655079758973
2317,7.555315889107954,-0.27847893448144767
2318,7.547987438245081,-0.2794909286358869
2319,7.54066240360414,-0.2805014661862046
2320,7.5333409707884185,-0.2815105229136198
2321,7.526023325863478,-0.2825180746341666
2322,7.518709655354307,-0.28352409719927557
2323,7.511400146242361,-0.28452856649635594
2324,7.504094985962574,-0.2855314584493763
2325,7.496794362400278,-0.28653274901944475
2326,7.489498463888113,-0.2875324142053883
2327,7.482207479202788,-0.28853043004433154
2328,7.47492159756186,-0.2895267726122743
2329,7.467641008620411,-0.29052141802466774
2330,7.460365902467663,-0.291514342436991
2331,7.4530964696235324,-0.2925055220453256
2332,7.445832901035093,-0.29349493308693037
2333,7.438575388073043,-0.29448255184081273
2334,7.431324122527997,-0.29546835462830284
2335,7.4240792966068,-0.29645231781362374
2336,7.416841102928735,-0.2974344178044618
2337,7.4096097345216485,-0.29841463105253624
2338,7.402385384818054,-0.2993929340541663
2339,7.395168247651095,-0.3003693033508398
2340,7.3879585172504845,-0.30134371552977907
2341,7.380756388238373,-0.3023161472245051
2342,7.373562055625109,-0.3032865751154031
2343,7.366375714804955,-0.30425497593028433
2344,7.359197561551721,-0.30522132644494865
2345,7.352027792014321,-0.30618560348374524
2346,7.344866602712253,-0.3071477839201321
2347,7.337714190531,-0.30810784467723495
2348,7.330570752717352,-0.30906576272840486
2349,7.323436486874666,-0.310021515097774
2350,7.316311590958036,-0.3109750788608107
2351,7.30919626326937,-0.3119264311448743
2352,7.302090702452403,-0.31287554912976706
2353,7.294995107487639,-0.3138224100482863
2354,7.287909677687194,-0.3147669911867738
2355,7.280834612689541,-0.31570926988566644
2356,7.27377011245423,-0.3166492235400424
2357,7.266716377256469,-0.3175868296001683
2358,7.259673607681635,-0.31852206557204527
2359,7.252642004619711,-0.31945490901795215
2360,7.245621769259655,-0.3203853375569878
2361,7.2386131030836225,-0.32131332886561353
2362,7.231616207861171,-0.32223886067819285
2363,7.224631285643342,-0.32316191078752954
2364,7.217658538756666,-0.32408245704540534
2365,7.210698169797078,-0.3250004773631158
2366,7.203750381623716,-0.32591594971200594
2367,7.196815377352701,-0.32682885212400153
2368,7.189893360350752,-0.3277391626921424
2369,7.182984534228763,-0.328646859571112
2370,7.176089102835243,-0.3295519209777669
2371,7.169207270249726,-0.33045432519166346
2372,7.162339240776029,-0.3313540505555844
2373,7.155485218935462,-0.33225107547606303
2374,7.148645409459911,-0.33314537842390657
2375,7.141820017284859,-0.33403693793471706
2376,7.135009247542297,-0.3349257326094119
2377,7.1282133055535235,-0.3358117411147424
2378,7.1214323968219,-0.33669494218381035
2379,7.1146667270254635,-0.3375753146165831
2380,7.10791650200947,-0.33845283728040815
2381,7.101181927778829,-0.3393274891105245
2382,7.094463210490449,-0.34019924911057414
2383,7.0877605564455015,-0.34106809635310975
2384,7.0810741720815535,-0.34193400998010326
2385,7.074404263964622,-0.3427969692034513
2386,7.067751038781139,-0.3436569533054795
2387,7.0611147033298245,-0.3445139416394439
2388,7.054495464513422,-0.345367913630033
2389,7.047893529330402,-0.3462188487738657
2390,7.041309104866488,-0.3470667266399898
2391,7.034742398286154,-0.34791152687037663
2392,7.0281936168239945,-0.3487532291804153
2393,7.02166296777597,-0.3495918133594057
2394,7.015150658490609,-0.3504272592710478
2395,7.008656896360076,-0.3512595468539308
2396,7.002181888811146,-0.3520886561220199
2397,6.995725843296057,-0.3529145671651423
2398,6.989288967283314,-0.3537372601494697
2399,6.982871468248378,-0.3545567153179992
2400,6.97647355366421,-0.3553729129910343
2401,6.970095430991761,-0.3561858335666625
2402,6.963737307670366,-0.35699545752123063
2403,6.957399391107998,-0.35780176540982
2404,6.951081888671476,-0.358604737866718
2405,6.944785007676531,-0.3594043556058885
2406,6.9385089553778005,-0.3602005994214405
2407,6.932253938958688,-0.36099345018809537
2408,6.926020165521187,-0.3617828888616501
2409,6.919807842075534,-0.3625688964794416
2410,6.913617175529806,-0.3633514541608069
2411,6.907448372679418,-0.36413054310754167
2412,6.901301640196503,-0.3649061446043581
2413,6.895177184619233,-0.36567824001933824
2414,6.889075212340991,-0.36644681080438857
2415,6.882995929599484,-0.36721183849568995
2416,6.876939542465735,-0.3679733047141472
2417,6.870906256833,-0.36873119116583586
2418,6.864896278405607,-0.3694854796424461
2419,6.8589098126876245,-0.37023615202172716
2420,6.852947064971517,-0.37098319026792714
2421,6.847008240326677,-0.3717265764322317
2422,6.841093543587851,-0.37246629265320086
2423,6.835203179343472,-0.37320232115720403
2424,6.829337351923941,-0.3739346442588515
2425,6.823496265389763,-0.3746632443614251
2426,6.817680123519613,-0.37538810395730754
2427,6.8118891297983355,-0.37610920562840644
2428,6.806123487404815,-0.3768265320465799
2429,6.8003833991997915,-0.3775400659740573
2430,6.794669067713556,-0.3782497902638599
2431,6.788980695133602,-0.37895568786021666
2432,6.78331848329213,-0.37965774179898165
2433,6.777682633653539,-0.38035593520804506
2434,6.772073347301773,-0.3810502513077452
2435,6.766490824927624,-0.38174067341127693
2436,6.760935266815924,-0.38242718492509786
2437,6.7554068728326895,-0.3831097693493322
2438,6.74990584241215,-0.38378841027817345
2439,6.744432374543719,-0.3844630914002832
2440,6.738986667758891,-0.38513379649918905
2441,6.733568920118047,-0.38580050945367955
2442,6.728179329197187,-0.38646321423819685
2443,6.722818092074619,-0.3871218949232271
2444,6.717485405317513,-0.38777653567568904
2445,6.7121814649684595,-0.3884271207593196
2446,6.70690646653189,-0.3890736345350576
2447,6.701660604960501,-0.38971606146142374
2448,6.696444074641521,-0.39035438609490175
2449,6.691257069383,-0.3909885930903126
2450,6.686099782399984,-0.39161866720118976
2451,6.680972406300638,-0.39224459328015093
2452,6.67587513307232,-0.3928663562792669
2453,6.670808154067581,-0.3934839412504287
2454,6.665771659990128,-0.39409733334571206
2455,6.660765840880707,-0.3947065178177395
2456,6.655790886102946,-0.3953114800200404
2457,6.6508469843291556,-0.39591220540740724
2458,6.645934323526058,-0.39650867953625163
2459,6.641053090940493,-0.3971008880649558
2460,6.63620347308506,-0.39768881675422213
2461,6.6313856557237045,-0.3982724514674223
2462,6.626599823857309,-0.3988517781709401
2463,6.621846161709199,-0.399426782934515
2464,6.617124852710629,-0.39999745193158176
2465,6.612436079486219,-0.40056377143960864
2466,6.607780023839402,-0.40112572784043043
2467,6.603156866737785,-0.40168330762058246
2468,6.598566788298493,-0.4022364973716302
2469,6.594009967773532,-0.4027852837904957
2470,6.589486583535049,-0.40332965367978374
2471,6.584996813060654,-0.40386959394810246
2472,6.580540832918659,-0.40440509161038407
2473,6.576118818753337,-0.40493613378820104
2474,6.571730945270129,-0.40546270771008175
2475,6.567377386220887,-0.40598480071182114
2476,6.563058314389061,-0.40650240023679046
2477,6.558773901574921,-0.407015493836244
2478,6.554524318580723,-0.40752406916962314
2479,6.550309735195923,-0.4080281140048577
2480,6.546130320182364,-0.40852761621866457
2481,6.5419862412594885,-0.40902256379684343
2482,6.537877665089506,-0.40951294483457124
2483,6.533804757262624,-0.40999874753669263
2484,6.5297676822822766,-0.4104799602180078
2485,6.525766603550345,-0.4109565713035581
2486,6.521801683352409,-0.4114285693289095
2487,6.517873082843037,-0.41189594294043136
2488,6.513980962031054,-0.41235868089557537
2489,6.510125479764885,-0.41281677206314926
2490,6.506306793717876,-0.41327020542358933
2491,6.502525060373699,-0.41371897006922953
2492,6.498780435011739,-0.41416305520456853
2493,6.49507307169256,-0.41460245014653263
2494,6.491403123243381,-0.415037144324738
2495,6.487770741243617,-0.4154671272817482
2496,6.484176076010456,-0.4158923886733305
2497,6.480619276584464,-0.41631291826870837
2498,6.477100490715291,-0.4167287059508116
2499,6.473619864847395,-0.4171397417165235
2500,6.470177544105818,-0.41754601567692606
2501,6.466773672282041,-0.41794751805754166
2502,6.463408391819911,-0.4183442391985716
2503,6.460081843801617,-0.4187361695551326
2504,6.456794167933742,-0.41912329969749035
2505,6.453545502533384,-0.4195056203112897
2506,6.450335984514358,-0.4198831221977833
2507,6.447165749373492,-0.4202557962740557
2508,6.444034931176973,-0.4206236335732461
2509,6.440943662546808,-0.4209866252447675
2510,6.437892074647363,-0.4213447625545228
2511,6.434880297171983,-0.4216980368851195
2512,6.4319084583297395,-0.42204643973607936
2513,6.4289766848322225,-0.4223899627240475
2514,6.426085101880506,-0.4227285975829962
2515,6.423233833152156,-0.42306233616442807
2516,6.420423000788364,-0.4233911704375756
2517,6.417652725381206,-0.423715092489597
2518,6.414923125961015,-0.4240340945257702
2519,6.412234319983837,-0.4243481688696833
2520,6.409586423319041,-0.4246573079634232
2521,6.406979550237063,-0.42496150436775953
2522,6.4044138133972215,-0.42526075076232756
2523,6.401889323835717,-0.42555503994580685
2524,6.399406190953745,-0.4258443648360977
2525,6.3969645225057254,-0.42612871847049466
2526,6.3945644245877045,-0.4264080940058564
2527,6.392206001625864,-0.4266824847187744
2528,6.389889356365217,-0.4269518840057357
2529,6.3876145898583845,-0.42721628538328693
2530,6.3853818014546055,-0.42747568248819046
2531,6.383191088788825,-0.42773006907758215
2532,6.381042547770972,-0.4279794390291241
2533,6.378936272575424,-0.42822378634115255
2534,6.376872355630558,-0.4284631051328277
2535,6.374850887608548,-0.42869738964427545
2536,6.372871957415257,-0.4289266342367295
2537,6.370935652180374,-0.42915083339266885
2538,6.369042057247641,-0.4293699817159537
2539,6.367191256165307,-0.4295840739319573
2540,6.365383330676764,-0.4297931048876946
2541,6.363618360711326,-0.429997069551949
2542,6.361896424375224,-0.4301959630153956
2543,6.360217597942771,-0.43038978049072085
2544,6.358581955847706,-0.43057851731274077
2545,6.356989570674747,-0.4307621689385145
2546,6.355440513151324,-0.430940730947456
2547,6.353934852139518,-0.4311141990414413
2548,6.352472654628173,-0.43128256904491535
2549,6.351053985725227,-0.43144583690499366
2550,6.349678908650236,-0.4316039986915611
2551,6.34834748472711,-0.43175705059736885
2552,6.347059773377054,-0.4319049889381271
2553,6.345815832111673,-0.43204781015259613
2554,6.344615716526367,-0.432185510802673
2555,6.343459480293867,-0.43231808757347573
2556,6.342347175158019,-0.43244553727342444
2557,6.341278850927754,-0.43256785683432053
2558,6.340254555471318,-0.43268504331142066
2559,6.339274334710679,-0.43279709388350956
2560,6.338338232616171,-0.43290400585296884
2561,6.33744629120136,-0.4330057766458436
2562,6.336598550518118,-0.43310240381190507
2563,6.335795048651933,-0.4331938850247114
2564,6.335035821717469,-0.43328021808166334
2565,6.334320903854296,-0.43336140090405917
2566,6.333650327222901,-0.43343743153714576
2567,6.333024122000865,-0.4335083081501667
2568,6.3324423163793675,-0.43357402903640596
2569,6.331904936559817,-0.43363459261323106
2570,6.331412006750798,-0.4336899974221311
2571,6.330963549165184,-0.433740242128753
2572,6.330559584017522,-0.4337853255229342
2573,6.330200129521652,-0.4338252465187323
2574,6.3298852018885565,-0.43386000415445114
2575,6.329614815324432,-0.43388959759266515
2576,6.329388982029007,-0.43391402612023994
2577,6.329207712194101,-0.43393328914834967
2578,6.3290710140024276,-0.4339473862124908
2579,6.328978893626609,-0.43395631697249465
2580,6.328931355228458,-0.4339600812125351
2581,6.3289284009584685,-0.43395867884113415
2582,6.328970030955572,-0.4339521098911647
2583,6.329056243347125,-0.43394037451984857
2584,6.329187034249129,-0.43392347300875383
2585,6.329362397766672,-0.43390140576378733
2586,6.329582325994652,-0.4338741733151855
2587,6.329846809018703,-0.43384177631750065
2588,6.3301558349163605,-0.4338042155495851
2589,6.330509389758487,-0.43376149191457314
2590,6.330907457610915,-0.4337136064398575
2591,6.33135002053633,-0.4336605602770653
2592,6.331837058596382,-0.4336023547020295
2593,6.332368549854059,-0.43353899111475813
2594,6.332944470376276,-0.4334704710393991
2595,6.333564794236691,-0.4333967961242037
2596,6.334229493518752,-0.4333179681414865
2597,6.334938538319017,-0.43323398898758103
2598,6.335691896750639,-0.43314486068279495
2599,6.336489534947155,-0.43305058537135827
2600,6.337331417066424,-0.4329511653213738
2601,6.338217505294865,-0.4328466029247593
2602,6.33914775985189,-0.4327369006971898
2603,6.340122138994546,-0.4326220612780364
2604,6.341140599022418,-0.43250208743030105
2605,6.342203094282718,-0.4323769820405496
2606,6.343309577175638,-0.4322467481188402
2607,6.344459998159858,-0.43211138879865085
2608,6.345654305758356,-0.431970907336802
2609,6.3468924465643575,-0.4318253071133767
2610,6.34817436524754,-0.43167459163163857
2611,6.349500004560446,-0.4315187645179456
2612,6.350869305345114,-0.4313578295216612
2613,6.352282206539886,-0.4311917905150628
2614,6.353738645186453,-0.4310206514932474
2615,6.355238556437114,-0.4308444165740328
2616,6.3567818735622,-0.4306630899978578
2617,6.358368527957721,-0.4304766761276779
2618,6.359998449153228,-0.43028517944885897
2619,6.361671564819839,-0.43008860456906733
2620,6.363387800778496,-0.42988695621815615
2621,6.365147081008386,-0.42968023924805054
2622,6.3669493276555285,-0.4294684586326299
2623,6.368794461041632,-0.4292516194676038
2624,6.370682399673075,-0.4290297269703886
2625,6.3726130602500515,-0.4288027864799804
2626,6.374586357675952,-0.42857080345682314
2627,6.376602205066899,-0.4283337834826756
2628,6.378660513761448,-0.42809173226047453
2629,6.3807611933304615,-0.4278446556141955
2630,6.382904151587171,-0.42759255948871033
2631,6.385089294597382,-0.42733544994964123
2632,6.38731652668987,-0.4270733331832129
2633,6.389585750466917,-0.42680621549610076
2634,6.391896866815019,-0.4265341033152769
2635,6.394249774915733,-0.42625700318785276
2636,6.396644372256697,-0.425974921780919
2637,6.399080554642805,-0.4256878658813819
2638,6.401558216207491,-0.42539584239579836
2639,6.404077249424207,-0.4250988583502058
2640,6.406637545118004,-0.4247969208899509
2641,6.4092389924772695,-0.4244900372795151
2642,6.411881479065607,-0.424178214902336
2643,6.414564890833823,-0.42386146126062757
2644,6.417289112132076,-0.42353978397519604
2645,6.420054025722131,-0.42321319078525377
2646,6.422859512789726,-0.42288168954823024
2647,6.425705452957106,-0.42254528823957926
2648,6.428591724295611,-0.4222039949525846
2649,6.431518203338438,-0.42185781789816135
2650,6.434484765093473,-0.4215067654046553
2651,6.437491283056243,-0.4211508459176399
2652,6.440537629223002,-0.42079006799970814
2653,6.443623674103839,-0.42042444033026566
2654,6.446749286735994,-0.42005397170531594
2655,6.4499143346971834,-0.41967867103724693
2656,6.453118684119052,-0.4192985473546122
2657,6.456362199700714,-0.41891360980191095
2658,6.459644744722367,-0.4185238676393637
2659,6.46296618105903,-0.41812933024268634
2660,6.4663263691942925,-0.41773000710286035
2661,6.4697251682341985,-0.4173259078259014
2662,6.473162435921165,-0.4169170421326251
2663,6.476638028648026,-0.4165034198584076
2664,6.48015180147208,-0.41608505095294607
2665,6.4837036081292325,-0.4156619454800161
2666,6.48729330104821,-0.415234113617225
2667,6.4909207313648,-0.4148015656557634
2668,6.494585748936194,-0.4143643120001531
2669,6.498288202355326,-0.4139223631679939
2670,6.502027938965304,-0.41347572978970565
2671,6.50580480487388,-0.4130244226082685
2672,6.509618644967939,-0.4125684524789609
2673,6.513469302928059,-0.41210783036909415
2674,6.51735662124309,-0.4116425673577439
2675,6.521280441224756,-0.4111726746354807
2676,6.52524060302233,-0.41069816350409544
2677,6.5292369456373,-0.41021904537632325
2678,6.533269306938066,-0.4097353317755658
2679,6.537337523674678,-0.40924703433560855
2680,6.54144143149357,-0.40875416480033716
2681,6.54558086495232,-0.4082567350234511
2682,6.549755657534449,-0.40775475696817276
2683,6.553965641664187,-0.4072482427069569
2684,6.558210648721272,-0.40673720442119476
2685,6.562490509055769,-0.4062216544009166
2686,6.566805052002855,-0.40570160504449254
2687,6.5711541058976515,-0.4051770688583283
2688,6.575537498089995,-0.40464805845656154
2689,6.579955054959273,-0.40411458656075255
2690,6.584406601929205,-0.4035766659995739
2691,6.58889196348262,-0.40303430970849785
2692,6.593410963176226,-0.40248753072948035
2693,6.59796342365539,-0.401936342210642
2694,6.602549166668848,-0.4013807574059484
2695,6.607168013083446,-0.40082078967488566
2696,6.61181978289884,-0.4002564524821343
2697,6.61650429526216,-0.3996877593972414
2698,6.621221368482672,-0.3991147240942887
2699,6.6259708200463825,-0.3985373603515595
2700,6.6307524666306366,-0.39795568205120246
2701,6.635566124118687,-0.397369703178892
2702,6.6404116076141735,-0.39677943782348857
2703,6.645288731455657,-0.3961849001766938
2704,6.6501973092310385,-0.39558610453270426
2705,6.655137153791949,-0.39498306528786403
2706,6.660108077268131,-0.3943757969403122
2707,6.665109891081741,-0.3937643140896299
2708,6.670142405961624,-0.393148631436484
2709,6.675205431957513,-0.3925287637822689
2710,6.680298778454218,-0.39190472602874504
2711,6.685422254185709,-0.3912765331776765
2712,6.690575667249195,-0.3906442003304644
2713,6.695758825119111,-0.3900077426877792
2714,6.70097153466107,-0.38936717554919
2715,6.70621360214575,-0.3887225143127908
2716,6.711484833262693,-0.3880737744748268
2717,6.716785033134084,-0.38742097162931516
2718,6.722114006328417,-0.38676412146766626
2719,6.727471556874164,-0.3861032397782998
2720,6.732857488273283,-0.3854383424462614
2721,6.738271603514729,-0.38476944545283537
2722,6.743713705087894,-0.38409656487515387
2723,6.749183594995916,-0.3834197168858072
2724,6.754681074768962,-0.38273891775244867
2725,6.760205945477441,-0.3820541838373985
2726,6.765758007745104,-0.38136553159724534
2727,6.7713370617620985,-0.3806729775824458
2728,6.7769429072979355,-0.37997653843692053
2729,6.782575343714369,-0.37927623089764984
2730,6.788234169978214,-0.37857207179426516
2731,6.7939191846740465,-0.37786407804864036
2732,6.799630186016876,-0.3771522666744783
2733,6.805366971864664,-0.3764366547768986
2734,6.8111293397308375,-0.37571725955201896
2735,6.816917086796627,-0.3749940982865388
2736,6.822730009923406,-0.3742671883573169
2737,6.8285679056648965,-0.3735365472309486
2738,6.834430570279263,-0.3728021924633421
2739,6.840317799741175,-0.37206414169928975
2740,6.846229389753755,-0.3713224126720388
2741,6.852165135760399,-0.37057702320286123
2742,6.8581248329565705,-0.3698279912006188
2743,6.864108276301456,-0.3690753346613278
2744,6.8701152605295395,-0.3683190716677219
2745,6.87614558016208,-0.3675592203888119
2746,6.882199029518532,-0.3667957990794431
2747,6.8882754027278015,-0.36602882607985254
2748,6.894374493739477,-0.3652583198152222
2749,6.900496096334899,-0.3644842987952322
2750,6.906640004138203,-0.3637067816136089
2751,6.91280601062723,-0.36292578694767397
2752,6.918993909144308,-0.36214133355789063
2753,6.925203492906999,-0.3613534402874074
2754,6.931434555018725,-0.3605621260615995
2755,6.93768688847927,-0.3597674098876094
2756,6.943960286195215,-0.3589693108538852
2757,6.950254540990255,-0.358167848129717
2758,6.956569445615458,-0.3573630409647698
2759,6.962904792759368,-0.3565549086886168
2760,6.969260375058043,-0.35574347071026985
2761,6.975635985104972,-0.35492874651770845
2762,6.982031415460932,-0.35411075567740546
2763,6.988446458663718,-0.3532895178338521
2764,6.994880907237764,-0.3524650527090813
2765,7.001334553703684,-0.35163738010218887
2766,7.007807190587716,-0.3508065198888519
2767,7.014298610431047,-0.3499724920208475
2768,7.020808605799058,-0.3491353165255673
2769,7.027336969290457,-0.34829501350553216
2770,7.03388349354631,-0.34745160313790413
2771,7.040447971259003,-0.34660510567399627
2772,7.04703019518107,-0.3457555414387815
2773,7.053629958133931,-0.3449029308303993
2774,7.060247053016538,-0.34404729431966125
2775,7.0668812728139265,-0.3431886524495539
2776,7.073532410605647,-0.3423270258347408
2777,7.0802002595741245,-0.3414624351610624
2778,7.086884613012914,-0.3405949011850338
2779,7.093585264334831,-0.3397244447333426
2780,7.100302007080031,-0.33885108670234265
2781,7.1070346349239655,-0.3379748480575475
2782,7.11378294168522,-0.3370957498331232
2783,7.1205467213333105,-0.3362138131313769
2784,7.127325767996325,-0.3353290591222466
2785,7.1341198759685165,-0.3344415090427873
2786,7.14092883971776,-0.33355118419665697
2787,7.147752453892961,-0.33265810595359907
2788,7.154590513331324,-0.33176229574892613
2789,7.161442813065551,-0.3308637750829997
2790,7.168309148330945,-0.32996256552070946
2791,7.1751893145724,-0.32905868869095134
2792,7.182083107451348,-0.3281521662861029
2793,7.18899032285255,-0.3272430200614983
2794,7.195910756890833,-0.32633127183490185
2795,7.202844205917719,-0.3254169434859795
2796,7.209790466528003,-0.3245000569557683
2797,7.216749335566179,-0.3235806342461459
2798,7.223720610132789,-0.32265869741929915
2799,7.230704087590747,-0.3217342685971877
2800,7.23769956557149,-0.3208073699610103
2801,7.244706841981096,-0.31987802375066704
2802,7.251725715006274,-0.3189462522642224
2803,7.25875598312031,-0.31801207785736435
2804,7.265797445088893,-0.3170755229428643
2805,7.272849899975856,-0.31613660999003507
2806,7.27991314714885,-0.31519536152418703
2807,7.286986986284927,-0.3142518001260836
2808,7.294071217376027,-0.31330594843139487
2809,7.301165640734397,-0.31235782913015026
2810,7.308270056997917,-0.31140746496619026
2811,7.315384267135335,-0.3104548787366163
2812,7.322508072451435,-0.30950009329124034
2813,7.329641274592132,-0.3085431315320315
2814,7.336783675549465,-0.3075840164125629
2815,7.343935077666506,-0.30662277093745777
2816,7.351095283642215,-0.30565941816183295
2817,7.358264096536203,-0.30469398119074165
2818,7.3654413197734145,-0.3037264831786157
2819,7.372626757148731,-0.30275694732870617
2820,7.379820212831502,-0.3017853968925227
2821,7.38702149137,-0.3008118551692727
2822,7.394230397695801,-0.29983634550529775
2823,7.401446737128103,-0.2988588912935102
2824,7.4086703153779165,-0.2978795159728288
2825,7.415900938552251,-0.29689824302761314
2826,7.423138413158192,-0.29591509598709564
2827,7.430382546106919,-0.2949300984248145
2828,7.437633144717641,-0.29394327395804404
2829,7.444890016721438,-0.2929546462472269
2830,7.452152970265103,-0.2919642389954005
2831,7.459421813914849,-0.29097207594762675
2832,7.4666963566599645,-0.2899781808904193
2833,7.473976407916419,-0.28898257765116914
2834,7.481261777530384,-0.28798529009757023
2835,7.488552275781679,-0.28698634213704444
2836,7.495847713387196,-0.2859857577161641
2837,7.503147901504185,-0.2849835608200756
2838,7.510452651733538,-0.28397977547192105
2839,7.517761776122994,-0.28297442573225884
2840,7.525075087170262,-0.2819675356984837
2841,7.532392397826092,-0.28095912950424695
2842,7.539713521497301,-0.2799492313188733
2843,7.547038272049703,-0.2789378653467803
2844,7.554366463811005,-0.27792505582689425
2845,7.561697911573633,-0.27691082703206676
2846,7.569032430597523,-0.27589520326848926
2847,7.576369836612795,-0.274878208875109
2848,7.583709945822433,-0.2738598682230419
2849,7.5910525749048725,-0.2728402057149865
2850,7.598397541016544,-0.2718192457846356
2851,7.605744661794338,-0.2707970128960894
2852,7.61309375535806,-0.2697735315432651
2853,7.620444640312788,-0.2687488262493089
2854,7.627797135751205,-0.26772292156600414
2855,7.6351510612558435,-0.26669584207318286
2856,7.6425062369013235,-0.2656676123781321
2857,7.649862483256487,-0.26463825711500394
2858,7.657219621386539,-0.2636078009442217
2859,7.664577472855085,-0.2625762685518872
2860,7.67193585972616,-0.26154368464918687
2861,7.679294604566158,-0.2605100739717989
2862,7.686653530445787,-0.2594754612792958
2863,7.69401246094189,-0.25843987135455243
2864,7.701371220139291,-0.25740332900314805
2865,7.708729632632549,-0.256365859052771
2866,7.716087523527685,-0.25532748635262176
2867,7.7234447184438615,-0.2542882357728161
2868,7.730801043515008,-0.25324813220378767
2869,7.738156325391421,-0.25220720055568946
2870,7.745510391241301,-0.25116546575779586
2871,7.752863068752251,-0.25012295275790397
2872,7.760214186132732,-0.24907968652173446
2873,7.767563572113482,-0.248035692032332
2874,7.774911055948904,-0.2469909942894654
2875,7.782256467418372,-0.24594561830902759
2876,7.789599636827547,-0.2448995891224351
2877,7.796940395009632,-0.24385293177602685
2878,7.804278573326565,-0.24280567133046393
2879,7.811614003670225,-0.24175783286012703
2880,7.818946518463533,-0.24070944145251638
2881,7.826275950661586,-0.23966052220764877
2882,7.833602133752705,-0.2386111002374555
2883,7.840924901759454,-0.23756120066518105
2884,7.848244089239656,-0.2365108486247791
2885,7.855559531287327,-0.2354600692603109
2886,7.862871063533606,-0.23440888772534227
2887,7.87017852214764,-0.23335732918234017
2888,7.877481743837434,-0.23230541880207006
2889,7.884780565850681,-0.23125318176299206
2890,7.892074825975542,-0.23020064325065787
2891,7.899364362541398,-0.22914782845710716
2892,7.906649014419576,-0.22809476258026443
2893,7.913928621024045,-0.22704147082333448
2894,7.921203022312083,-0.22598797839419896
2895,7.928472058784896,-0.22493431050481305
2896,7.935735571488214,-0.22388049237060176
2897,7.942993402012891,-0.22282654920985498
2898,7.950245392495425,-0.2217725062431247
2899,7.95749138561848,-0.22071838869262114
2900,7.964731224611385,-0.21966422178160816
2901,7.971964753250564,-0.21861003073380125
2902,7.979191815860007,-0.21755584077276194
2903,7.986412257311644,-0.21650167712129564
2904,7.99362592302576,-0.21544756500084694
2905,8.000832658971323,-0.21439352963089728
2906,8.008032311666307,-0.2133395962283619
2907,8.015224728178056,-0.21228579000698433
2908,8.022409756123492,-0.21123213617673642
2909,8.02958724366942,-0.21017865994321375
2910,8.036757039532734,-0.20912538650703383
2911,8.04391899298066,-0.20807234106323236
2912,8.051072953830912,-0.2070195488006627
2913,8.058218772451887,-0.20596703490139248
2914,8.065356299762788,-0.20491482454010207
2915,8.072485387233769,-0.20386294288348314
2916,8.079605886886009,-0.2028114150896378
2917,8.086717651291822,-0.20176026630747682
2918,8.093820533574718,-0.20070952167611866
2919,8.100914387409421,-0.19965920632429007
2920,8.107999067021911,-0.19860934536972527
2921,8.115074427189427,-0.19755996391856626
2922,8.122140323240437,-0.19651108706476375
2923,8.129196611054628,-0.19546273988947718
2924,8.136243147062837,-0.19441494746047694
2925,8.143279788246998,-0.19336773483154512
2926,8.150306392140033,-0.1923211270418788
2927,8.157322816825772,-0.1912751491154912
2928,8.164328920938818,-0.19022982606061564
2929,8.17132456366443,-0.18918518286910802
2930,8.178309604738331,-0.18814124451585204
2931,8.185283904446605,-0.18709803595816155
2932,8.192247323625448,-0.18605558213518703
2933,8.19919972366101,-0.18501390796732026
2934,8.206140966489176,-0.18397303835559994
2935,8.213070914595322,-0.18293299818111855
2936,8.219989431014113,-0.18189381230442808
2937,8.22689637932921,-0.18085550556494895
2938,8.233791623673017,-0.17981810278037716
2939,8.240675028726416,-0.17878162874609266
2940,8.247546459718432,-0.1777461082345699
2941,8.25440578242597,-0.176711565994786
2942,8.261252863173485,-0.1756780267516318
2943,8.268087568832643,-0.1746455152053231
2944,8.27490976682198,-0.17361405603081229
2945,8.28171932510655,-0.17258367387720114
2946,8.288516112197568,-0.1715543933671531
2947,8.295299997152023,-0.17052623909630787
2948,8.30207084957231,-0.16949923563269487
2949,8.308828539605807,-0.1684734075161498
2950,8.315572937944486,-0.16744877925772989
2951,8.322303915824506,-0.1664253753391299
2952,8.329021345025765,-0.1654032202121009
2953,8.335725097871475,-0.16438233829786783
2954,8.34241504722773,-0.163362753986548
2955,8.349091066503025,-0.16234449163657255
2956,8.35575302964781,-0.16132757557410585
2957,8.362400811154027,-0.1603120300924667
2958,8.369034286054623,-0.15929787945155174
2959,8.375653329923063,-0.15828514787725795
2960,8.382257818872828,-0.15727385956090717
2961,8.38884762955693,-0.15626403865867075
2962,8.395422639167396,-0.15525570929099514
2963,8.401982725434745,-0.15424889554202936
2964,8.40852776662746,-0.153243621459053
2965,8.415057641551492,-0.15223991105190263
2966,8.421572229549684,-0.1512377882924042
2967,8.428071410501236,-0.15023727711380233
2968,8.434555064821183,-0.14923840141019126
2969,8.441023073459805,-0.14824118503594874
2970,8.447475317902086,-0.14724565180516858
2971,8.45391168016714,-0.14625182549109592
2972,8.460332042807643,-0.1452597298255621
2973,8.466736288909278,-0.1442693884984208
2974,8.4731243020901,-0.143280825156988
2975,8.479495966499996,-0.14229406340547862
2976,8.485851166820076,-0.14130912680444735
2977,8.492189788262081,-0.14032603887022893
2978,8.498511716567792,-0.13934482307438037
2979,8.504816838008395,-0.13836550284312535
2980,8.511105039383898,-0.1373881015567972
2981,8.517376208022533,-0.1364126425492841
2982,8.523630231780094,-0.13543914910747712
2983,8.529866999039372,-0.13446764447071666
2984,8.536086398709488,-0.13349815183024238
2985,8.542288320225278,-0.13253069432864345
2986,8.548472653546689,-0.1315652950593088
2987,8.554639289158116,-0.13060197706588103
2988,8.560788118067777,-0.12964076334170987
2989,8.566919031807084,-0.12868167682930676
2990,8.573031922429994,-0.12772474041980195
2991,8.57912668251236,-0.12676997695240239
2992,8.58520320515131,-0.12581740921384932
2993,8.591261383964568,-0.12486705993788025
2994,8.597301113089848,-0.12391895180468851
2995,8.603322287184154,-0.12297310744038846
2996,8.609324801423156,-0.12202954941647784
2997,8.615308551500524,-0.12108830024930499
2998,8.62127343362729,-0.12014938239953399
2999,8.627219344531175,-0.11921281827161392
