turn,time_sigma_ns,Q1
0,8.86279309200864,-0.0034810625095368676
1,8.862804861190442,-0.003479816265220762
2,8.862817199036161,-0.0034785066204708593
3,8.86283010537071,-0.0034771335947695633
4,8.86284358001136,-0.003475697208435243
5,8.862857622767745,-0.0034741974826215964
6,8.862872233441873,-0.0034726344393174813
7,8.862887411828124,-0.003471008101346128
8,8.862903157713257,-0.00346931849236486
9,8.862919470876408,-0.0034675656368649585
10,8.862936351089092,-0.0034657495601710733
11,8.862953798115225,-0.0034638702884399962
12,8.862971811711105,-0.003461927848661483
13,8.86299039162542,-0.0034599222686575288
14,8.863009537599261,-0.003457853577081056
15,8.863029249366123,-0.003455721803415986
16,8.863049526651917,-0.003453526977976508
17,8.863070369174952,-0.003451269131906921
18,8.863091776645968,-0.0034489482971806354
19,8.8631137487681,-0.00344656450660095
20,8.86313628523694,-0.0034441177937979462
21,8.863159385740483,-0.0034416081932308637
22,8.863183049959183,-0.0034390357401847403
23,8.8632072775659,-0.0034364004707731453
24,8.863232068225996,-0.0034337024219328028
25,8.863257421597226,-0.0034309416314284606
26,8.863283337329833,-0.0034281181378484895
27,8.863309815066502,-0.0034252319806058443
28,8.863336854442398,-0.00342228319993697
29,8.86336445508516,-0.0034192718369006735
30,8.863392616614885,-0.0034161979333791424
31,8.863421338644173,-0.003413061532075324
32,8.863450620778105,-0.0034098626765134937
33,8.863480462614264,-0.00340660141103765
34,8.863510863742725,-0.00340327778081202
35,8.863541823746077,-0.0033998918318192298
36,8.863573342199425,-0.0033964436108602386
37,8.863605418670392,-0.003392933165553252
38,8.863638052719129,-0.0033893605443332327
39,8.863671243898313,-0.003385725796451358
40,8.863704991753169,-0.003382028971973918
41,8.863739295821475,-0.003378270121781006
42,8.863774155633552,-0.003374449297567101
43,8.863809570712277,-0.0033705665518396683
44,8.863845540573115,-0.003366621937917615
45,8.86388206472409,-0.0033626155099313122
46,8.863919142665818,-0.0033585473228216474
47,8.863956773891504,-0.0033544174323390605
48,8.863994957886943,-0.003350225895043028
49,8.86403369413054,-0.0033459727683009333
50,8.864072982093319,-0.0033416581102869315
51,8.864112821238917,-0.003337281979981531
52,8.86415321102361,-0.003332844437170502
53,8.864194150896298,-0.003328345542444398
54,8.864235640298531,-0.003323785357197115
55,8.864277678664513,-0.00331916394362551
56,8.86432026542111,-0.003314481364727633
57,8.864363399987871,-0.0033097376843020825
58,8.864407081777003,-0.003304932966948234
59,8.864451310193404,-0.0033000672780642403
60,8.86449608463468,-0.0032951406838455993
61,8.864541404491138,-0.003290153251285118
62,8.864587269145785,-0.003285105048172113
63,8.864633677974364,-0.0032799961430903662
64,8.864680630345354,-0.0032748266054176555
65,8.864728125619964,-0.0032695965053252457
66,8.864776163152156,-0.0032643059137762607
67,8.864824742288658,-0.0032589549025244706
68,8.864873862368965,-0.003253543544113991
69,8.86492352272535,-0.003248071911877507
70,8.864973722682874,-0.0032425400799361227
71,8.865024461559395,-0.003236948123197378
72,8.865075738665581,-0.0032312961173546627
73,8.865127553304928,-0.003225584138885653
74,8.865179904773743,-0.003219812265052013
75,8.865232792361187,-0.003213980573897728
76,8.865286215349268,-0.003208089144247637
77,8.865340173012841,-0.0032021380557077025
78,8.86539466461965,-0.003196127388662142
79,8.8654496894303,-0.0031900572242737567
80,8.865505246698302,-0.0031839276444815753
81,8.865561335670064,-0.003177738732000445
82,8.865617955584915,-0.0031714905703194127
83,8.865675105675091,-0.0031651832437014234
84,8.865732785165783,-0.0031588168371807254
85,8.865790993275112,-0.0031523914365629685
86,8.86584972921416,-0.0031459071284235833
87,8.86590899218698,-0.003139364000106161
88,8.865968781390619,-0.0031327621397211165
89,8.86602909601509,-0.003126101636145531
90,8.866089935243425,-0.003119382579021039
91,8.866151298251669,-0.0031126050587526794
92,8.866213184208895,-0.0031057691665075044
93,8.866275592277214,-0.003098874994213884
94,8.866338521611782,-0.0030919226345598114
95,8.866401971360824,-0.003084912180991464
96,8.866465940665638,-0.0030778437277122405
97,8.866530428660614,-0.003070717369681053
98,8.866595434473243,-0.0030635332026111442
99,8.866660957224118,-0.003056291322969359
100,8.866726996026971,-0.0030489918279737495
101,8.866793549988651,-0.003041634815593524
102,8.866860618209177,-0.0030342203845462345
103,8.866928199781725,-0.0030267486342973483
104,8.866996293792651,-0.003019219665058295
105,8.867064899321477,-0.003011633577786856
106,8.867134015440955,-0.0030039904741827263
107,8.86720364121705,-0.0029962904566879023
108,8.867273775708949,-0.0029885336284853543
109,8.867344417969063,-0.0029807200934985458
110,8.867415567043091,-0.002972849956386864
111,8.867487221969984,-0.0029649233225472553
112,8.867559381781973,-0.0029569402981114217
113,8.867632045504598,-0.002948900989944253
114,8.867705212156686,-0.0029408055056437447
115,8.86777888075041,-0.0029326539535374473
116,8.867853050291279,-0.0029244464426820193
117,8.867927719778145,-0.002916183082862275
118,8.868002888203225,-0.002907863984589063
119,8.86807855455213,-0.0028994892590974656
120,8.868154717803854,-0.002891059018345873
121,8.868231376930813,-0.0028825733750138046
122,8.868308530898828,-0.0028740324425016828
123,8.86838617866718,-0.0028654363349273305
124,8.868464319188586,-0.0028567851671265293
125,8.868542951409237,-0.002848079054649696
126,8.868622074268801,-0.0028393181137617986
127,8.868701686700454,-0.002830502461439283
128,8.868781787630887,-0.0028216322153688696
129,8.86886237598031,-0.002812707493947319
130,8.86894345066247,-0.0028037284162784728
131,8.869025010584688,-0.002794695102171835
132,8.869107054647849,-0.002785607672141048
133,8.869189581746427,-0.0027764662474025403
134,8.869272590768515,-0.002767270949873038
135,8.869356080595807,-0.0027580219021693508
136,8.869440050103648,-0.002748719227605215
137,8.869524498161015,-0.0027393630501913882
138,8.869609423630576,-0.0027299534946314957
139,8.869694825368668,-0.0027204906863228244
140,8.86978070222534,-0.0027109747513527414
141,8.869867053044338,-0.0027014058164988677
142,8.86995387666316,-0.0026917840092252217
143,8.870041171913043,-0.002682109457682189
144,8.870128937618984,-0.0026723822907043396
145,8.870217172599773,-0.0026626026378083066
146,8.870305875667993,-0.0026527706291912777
147,8.870395045630028,-0.002642886395729828
148,8.870484681286111,-0.0026329500689771207
149,8.870574781430317,-0.0026229617811616836
150,8.870665344850583,-0.002612921665185924
151,8.87075637032873,-0.0026028298546235283
152,8.870847856640477,-0.002592686483718665
153,8.87093980255546,-0.002582491687383566
154,8.871032206837244,-0.0025722456011969272
155,8.871125068243343,-0.0025619483614020594
156,8.871218385525244,-0.0025516001049047626
157,8.871312157428418,-0.002541200969272135
158,8.871406382692335,-0.0025307510927302123
159,8.871501060050479,-0.002520250614162622
160,8.871596188230383,-0.002509699673108065
161,8.871691765953639,-0.00249909840975836
162,8.87178779193588,-0.002488446964958821
163,8.871884264886873,-0.002477745480202291
164,8.871981183510462,-0.0024669940976313324
165,8.872078546504639,-0.0024561929600332676
166,8.872176352561523,-0.002445342210840508
167,8.872274600367412,-0.0024344419941270457
168,8.872373288602759,-0.0024234924546086994
169,8.87247241594225,-0.00241249373763757
170,8.87257198105475,-0.002401445989204517
171,8.872671982603398,-0.0023903493559330378
172,8.872772419245567,-0.002379203985080445
173,8.872873289632917,-0.0023680100245338
174,8.872974592411385,-0.002356767622809767
175,8.873076326221216,-0.0023454769290518064
176,8.873178489697004,-0.0023341380930274463
177,8.873281081467683,-0.002322751265127256
178,8.873384100156544,-0.002311316596363112
179,8.873487544381273,-0.002299834238365498
180,8.873591412753958,-0.0022883043433817715
181,8.873695703881129,-0.002276727064273352
182,8.873800416363729,-0.002265102554515938
183,8.873905548797184,-0.0022534309681949624
184,8.874011099771401,-0.0022417124600050634
185,8.874117067870788,-0.0022299471852471166
186,8.874223451674267,-0.0022181352998274584
187,8.87433024975531,-0.00220627696025457
188,8.874437460681955,-0.002194372323637165
189,8.874545083016802,-0.0021824215476834623
190,8.874653115317065,-0.0021704247906973685
191,8.87476155613458,-0.002158382211577015
192,8.874870404015818,-0.0021462939698133135
193,8.874979657501916,-0.002134160225486759
194,8.875089315128669,-0.0021219811392672754
195,8.875199375426597,-0.0021097568724093856
196,8.875309836920941,-0.0020974875867515856
197,8.87542069813167,-0.0020851734447145565
198,8.875531957573509,-0.0020728146092990948
199,8.875643613755985,-0.0020604112440823588
200,8.875755665183412,-0.00204796351321744
201,8.875868110354926,-0.002035471581430953
202,8.87598094776451,-0.002022935614019953
203,8.876094175901022,-0.002010355776850246
204,8.876207793248179,-0.001997732236355405
205,8.87632179828463,-0.0019850651595320346
206,8.876436189483934,-0.001972354713940334
207,8.876550965314594,-0.0019596010677004065
208,8.876666124240097,-0.0019468043894897197
209,8.876781664718905,-0.0019339648485422203
210,8.876897585204496,-0.0019210826146450703
211,8.877013884145375,-0.001908157858136881
212,8.877130559985103,-0.0018951907499057384
213,8.877247611162312,-0.0018821814613859747
214,8.877365036110742,-0.0018691301645564933
215,8.877482833259227,-0.0018560370319397877
216,8.877601001031753,-0.0018429022365974192
217,8.877719537847465,-0.0018297259521294186
218,8.877838442120686,-0.0018165083526712074
219,8.87795771226094,-0.001803249612891939
220,8.878077346672988,-0.0017899499079912114
221,8.878197343756815,-0.001776609413698725
222,8.878317701907687,-0.0017632283062699046
223,8.878438419516158,-0.0017498067624847132
224,8.878559494968103,-0.0017363449596445662
225,8.87868092664471,-0.0017228430755715251
226,8.878802712922548,-0.0017093012886041279
227,8.87892485217354,-0.0016957197775968964
228,8.879047342765029,-0.0016820987219159616
229,8.879170183059754,-0.0016684383014394803
230,8.879293371415937,-0.0016547386965519184
231,8.879416906187233,-0.0016410000881446792
232,8.879540785722801,-0.0016272226576123593
233,8.879665008367311,-0.0016134065868503035
234,8.879789572460963,-0.0015995520582531139
235,8.879914476339515,-0.0015856592547113142
236,8.880039718334306,-0.0015717283596094905
237,8.880165296772276,-0.0015577595568240453
238,8.880291209975983,-0.0015437530307206879
239,8.880417456263649,-0.0015297089661512708
240,8.880544033949153,-0.0015156275484528227
241,8.88067094134207,-0.0015015089634441829
242,8.880798176747687,-0.001487353397424154
243,8.880925738467036,-0.0014731610371683664
244,8.88105362479691,-0.0014589320699274527
245,8.881181834029888,-0.0014446666834244475
246,8.881310364454347,-0.0014303650658528653
247,8.881439214354515,-0.0014160274058726899
248,8.88156838201046,-0.0014016538926099385
249,8.881697865698131,-0.0013872447156530832
250,8.881827663689368,-0.0013728000650515416
251,8.881957774251946,-0.0013583201313116617
252,8.882088195649594,-0.0013438051053950943
253,8.882218926141999,-0.0013292551787170701
254,8.882349963984858,-0.0013146705431423484
255,8.882481307429865,-0.0013000513909848146
256,8.882612954724783,-0.0012853979150024913
257,8.882744904113409,-0.0012707103083978903
258,8.882877153835665,-0.001255988764812271
259,8.883009702127552,-0.0012412334783266175
260,8.883142547221226,-0.0012264446434566577
261,8.883275687345002,-0.0012116224551510567
262,8.883409120723384,-0.0011967671087888753
263,8.883542845577066,-0.0011818788001779254
264,8.883676860122995,-0.0011669577255508095
265,8.88381116257437,-0.0011520040815629574
266,8.88394575114066,-0.0011370180652908709
267,8.884080624027645,-0.0011219998742289174
268,8.884215779437438,-0.0011069497062860816
269,8.884351215568499,-0.0010918677597849032
270,8.884486930615669,-0.0010767542334577716
271,8.884622922770193,-0.0010616093264448029
272,8.884759190219729,-0.0010464332382918017
273,8.884895731148402,-0.001031226168946587
274,8.885032543736797,-0.0010159883187573385
275,8.885169626162009,-0.0010007198884695446
276,8.885306976597644,-0.000985421079223892
277,8.885444593213869,-0.0009700920925530289
278,8.885582474177417,-0.0009547331303793804
279,8.88572061765161,-0.0009393443950129776
280,8.885859021796419,-0.0009239260891473597
281,8.885997684768428,-0.0009084784158590408
282,8.886136604720917,-0.0008930015786033565
283,8.886275779803844,-0.0008774957812128252
284,8.886415208163891,-0.0008619612278939851
285,8.886554887944508,-0.0008463981232239204
286,8.886694817285878,-0.0008308066721503942
287,8.886834994325005,-0.0008151870799859445
288,8.88697541719571,-0.0007995395524071989
289,8.887116084028655,-0.0007838642954520724
290,8.887256992951366,-0.0007681615155167833
291,8.887398142088275,-0.0007524314193530692
292,8.88753952956073,-0.0007366742140655439
293,8.887681153487021,-0.0007208901071101004
294,8.887823011982414,-0.000705079306289562
295,8.887965103159175,-0.0006892420197520192
296,8.888107425126572,-0.0006733784559886484
297,8.888249975990936,-0.0006574888238297713
298,8.88839275385567,-0.0006415733324427166
299,8.88853575682126,-0.0006256321913301519
300,8.888678982985327,-0.0006096656103258614
301,8.88882243044264,-0.0005936737995922535
302,8.888966097285127,-0.0005776569696194613
303,8.889109981601923,-0.0005616153312204663
304,8.88925408147939,-0.0005455490955292109
305,8.889398395001134,-0.0005294584739983073
306,8.88954292024804,-0.0005133436783959066
307,8.889687655298292,-0.0004972049208027415
308,8.889832598227406,-0.00048104241360993194
309,8.889977747108222,-0.0004648563695171015
310,8.890123100010996,-0.00044864700152705977
311,8.890268655003364,-0.0004324145229454746
312,8.890414410150388,-0.0004161591473779275
313,8.89056036351459,-0.0003998810887260806
314,8.89070651315598,-0.00038358056118497486
315,8.890852857132067,-0.0003672577792412497
316,8.890999393497898,-0.0003509129576697292
317,8.89114612030606,-0.00033454631153198415
318,8.891293035606743,-0.00031815805617089554
319,8.891440137447733,-0.0003017484072111536
320,8.891587423874459,-0.00028531758055349654
321,8.891734892930009,-0.000268865792374322
322,8.89188254265515,-0.00025239325912175553
323,8.892030371088385,-0.00023590019751239488
324,8.892178376265932,-0.00021938682452989937
325,8.89232655622178,-0.00020285335742202372
326,8.892474908987719,-0.00018630001369625155
327,8.892623432593346,-0.00016972701111908286
328,8.892772125066095,-0.00015313456771253673
329,8.89292098443129,-0.00013652290175004698
330,8.893070008712142,-0.00011989223175551267
331,8.893219195929776,-0.00010324277650000333
332,8.893368544103275,-8.657475499820251e-05
333,8.893518051249698,-6.988838650649694e-05
334,8.89366771538408,-5.318389052065271e-05
335,8.893817534519513,-3.646148677107064e-05
336,8.893967506667137,-1.972139522130494e-05
337,8.894117629836161,-2.9638360655432905e-06
338,8.894267902033901,1.3810970274535706e-05
339,8.894418321265816,3.060280315307739e-05
340,8.894568885535502,4.7411441701873256e-05
341,8.894719592844758,6.423666483396993e-05
342,8.894870441193595,8.107825124685383e-05
343,8.895021428580248,9.793597942368955e-05
344,8.895172553001226,0.00011480962763767763
345,8.895323812451325,0.00013169897395432423
346,8.895475204923665,0.00014860379623424827
347,8.895626728409699,0.00016552387213590158
348,8.895778380899255,0.00018245897911852636
349,8.895930160380557,0.00019940889444501365
350,8.89608206484025,0.00021637339518459342
351,8.89623409226343,0.00023335225821599853
352,8.89638624063367,0.00025034526022990074
353,8.896538507933043,0.0002673521777322013
354,8.896690892142157,0.0002843727870466349
355,8.896843391240163,0.00030140686431692114
356,8.89699600320482,0.0003184541855116602
357,8.897148726012457,0.0003355145264240929
358,8.897301557638075,0.00035258766267802743
359,8.897454496055317,0.0003696733697288431
360,8.897607539236526,0.00038677142286710516
361,8.897760685152754,0.00040388159722091474
362,8.897913931773799,0.00042100366775929895
363,8.898067277068217,0.0004381374092942092
364,8.89822071900337,0.0004552825964844426
365,8.898374255545445,0.00047243900383807445
366,8.898527884659472,0.0004896064057155718
367,8.898681604309353,0.000506784576331458
368,8.898835412457906,0.0005239732897592945
369,8.898989307066866,0.000541172319932723
370,8.899143286096928,0.0005583814406489951
371,8.89929734750777,0.0005756004255720888
372,8.899451489258084,0.0005928290482355188
373,8.899605709305593,0.0006100670820448085
374,8.899760005607087,0.0006273143002807441
375,8.899914376118435,0.000644570476101881
376,8.900068818794631,0.0006618353825477902
377,8.900223331589823,0.000679108792542445
378,8.90037791245731,0.0006963904788956623
379,8.900532559349598,0.0007136802143074201
380,8.90068727021842,0.0007309777713701658
381,8.90084204301476,0.0007482829225717295
382,8.900996875688874,0.0007655954402981145
383,8.901151766190317,0.0007829150968361756
384,8.90130671246799,0.0008002416643774383
385,8.901461712470143,0.0008175749150201242
386,8.90161676414441,0.0008349146207723079
387,8.901771865437851,0.0008522605535551788
388,8.90192701429694,0.0008696124852049902
389,8.902082208667634,0.0008869701874770221
390,8.902237446495393,0.0009043334320486759
391,8.90239272572516,0.000921701990520114
392,8.902548044301469,0.0009390756344206416
393,8.902703400168395,0.0009564541352087691
394,8.902858791269615,0.000973837264275886
395,8.903014215548449,0.000991224792950206
396,8.903169670947863,0.001008616492498708
397,8.903325155410501,0.001026012134130257
398,8.903480666878712,0.0010434114889978185
399,8.903636203294592,0.0010608143282033748
400,8.90379176259998,0.0010782204227981378
401,8.903947342736515,0.0010956295437878532
402,8.904102941645656,0.001113041462134791
403,8.904258557268687,0.0011304559487596677
404,8.904414187546777,0.001147872774546577
405,8.904569830420973,0.0011652917103436933
406,8.904725483832266,0.0011827125269686643
407,8.904881145721575,0.0012001349952090708
408,8.905036814029806,0.0012175588858268761
409,8.905192486697864,0.001234983969561037
410,8.905348161666685,0.0012524100171302354
411,8.905503836877264,0.0012698367992361244
412,8.905659510270675,0.001287264086565746
413,8.905815179788108,0.0013046916497950535
414,8.905970843370882,0.0013221192595911893
415,8.906126498960477,0.0013395466866155659
416,8.90628214449857,0.0013569737015275386
417,8.906437777927062,0.0013744000749866953
418,8.906593397188084,0.0013918255776554694
419,8.906749000224044,0.001409249980202714
420,8.906904584977651,0.0014266730533062585
421,8.90706014939193,0.00144409456765614
422,8.907215691410263,0.001461514293957087
423,8.907371208976404,0.0014789320029315086
424,8.907526700034522,0.0014963474653234368
425,8.907682162529209,0.0015137604518997044
426,8.907837594405516,0.0015311707334543102
427,8.907992993608978,0.001548578080810716
428,8.908148358085638,0.0015659822648244482
429,8.908303685782082,0.0015833830563868143
430,8.908458974645463,0.0016007802264277277
431,8.908614222623514,0.0016181735459179745
432,8.908769427664595,0.001635562785872564
433,8.90892458771771,0.001652947717353863
434,8.90907970073253,0.001670328111473957
435,8.909234764659425,0.0016877037393982928
436,8.90938977744949,0.0017050743723479058
437,8.909544737054578,0.0017224397816030504
438,8.909699641427302,0.001739799738505284
439,8.909854488521097,0.0017571540144611045
440,8.910009276290207,0.0017745023809440682
441,8.910164002689763,0.0017918446094994096
442,8.910318665675756,0.0018091804717448635
443,8.910473263205086,0.0018265097393742615
444,8.910627793235605,0.0018438321841618389
445,8.910782253726111,0.0018611475779628233
446,8.910936642636408,0.001878455692718527
447,8.9110909579273,0.0018957563004577413
448,8.911245197560644,0.0019130491733005503
449,8.91139935949936,0.0019303340834604275
450,8.91155344170747,0.001947610803248438
451,8.911707442150103,0.0019648791050745997
452,8.911861358793548,0.0019821387614518157
453,8.912015189605263,0.001999389544998659
454,8.912168932553916,0.0020166312284425453
455,8.912322585609385,0.0020338635846212432
456,8.912476146742803,0.0020510863864873267
457,8.912629613926594,0.00206829940711066
458,8.912782985134477,0.0020855024196811006
459,8.912936258341503,0.002102695197511387
460,8.913089431524083,0.002119877514040343
461,8.913242502660012,0.002137049142835545
462,8.913395469728494,0.0021542098575963804
463,8.913548330710169,0.00217135943215686
464,8.913701083587142,0.0021884976404885938
465,8.913853726342998,0.0022056242567030206
466,8.914006256962839,0.002222739055055702
467,8.914158673433308,0.0022398418099476864
468,8.914310973742618,0.0022569322959299816
469,8.914463155880565,0.002274010287704877
470,8.914615217838579,0.0022910755601302803
471,8.914767157609715,0.0023081278882212237
472,8.914918973188712,0.0023251670471539404
473,8.915070662571987,0.0023421928122674507
474,8.915222223757702,0.0023592049590684086
475,8.91537365474575,0.002376203263232021
476,8.915524953537796,0.0023931875006056513
477,8.915676118137315,0.002410157447212403
478,8.915827146549605,0.002427112879253292
479,8.915978036781809,0.0024440535731098906
480,8.916128786842943,0.002460979305347586
481,8.916279394743936,0.002477889852718585
482,8.916429858497636,0.002494784992164627
483,8.916580176118853,0.0025116645008198793
484,8.916730345624352,0.0025285281560130293
485,8.916880365032931,0.002545375735271967
486,8.917030232365395,0.0025622070163245623
487,8.917179945644632,0.002579021777103992
488,8.917329502895578,0.0025958197957485943
489,8.917478902145298,0.0026126008506071677
490,8.91762814142297,0.002629364720240156
491,8.91777721875995,0.0026461111834245182
492,8.917926132189761,0.0026628400191543596
493,8.918074879748144,0.002679551006645256
494,8.918223459473056,0.002696243925336318
495,8.918371869404735,0.0027129185548938534
496,8.918520107585683,0.0027295746752130246
497,8.918668172060718,0.002746212066421792
498,8.918816060876992,0.002762830508883296
499,8.918963772084027,0.0027794297831993716
500,8.919111303733713,0.002796009670211768
501,8.919258653880345,0.0028125699687673333
502,8.919405820509551,0.0028291104875666617
503,8.919552801467418,0.0028456310193402563
504,8.919699594460734,0.0028621313408757816
505,8.919846197057371,0.002878611213050745
506,8.919992606686524,0.002895070380858769
507,8.92013882063908,0.002911508573441798
508,8.920284836067895,0.0029279255041172463
509,8.920430649988134,0.0029443208704085302
510,8.920576259277558,0.002960694354072371
511,8.920721660676868,0.0029770456211286964
512,8.920866850790011,0.0029933743218888637
513,8.921011826084506,0.0030096800909841454
514,8.921156582891786,0.0030259625473952993
515,8.921301117407488,0.0030422212944787867
516,8.921445425691816,0.003058455919996924
517,8.92158950366984,0.0030746659961443617
518,8.921733347131855,0.0030908510795773034
519,8.92187695173369,0.0031070107114405023
520,8.922020312997057,0.003123144417395434
521,8.922163426309893,0.0031392517076481398
522,8.92230628692668,0.0031553320769761176
523,8.922448889968807,0.003171385004756872
524,8.922591230424878,0.0031874099549933895
525,8.922733303151116,0.0032034063763442646
526,8.922875102871643,0.00321937370214829
527,8.923016624178864,0.0032353113504525687
528,8.923157861533813,0.0032512187240397433
529,8.923298809266496,0.003267095210454985
530,8.92343946157625,0.0032829401820320455
531,8.923579812532086,0.003298752995920724
532,8.92371985607308,0.0033145329941144225
533,8.923859586008673,0.0033302795034744434
534,8.923998996019096,0.003345991835759454
535,8.92413807965567,0.003361669287649201
536,8.924276830341212,0.003377311140772838
537,8.924415241370403,0.003392916661735871
538,8.924553305910113,0.003408485102143947
539,8.924691016999809,0.0034240156986317396
540,8.924828367551916,0.0034395076728878193
541,8.92496535035218,0.0034549602316815637
542,8.925101958060047,0.0034703725668885155
543,8.92523818320903,0.003485743855516472
544,8.925374018207103,0.0035010732597328385
545,8.925509455337082,0.003516359926890081
546,8.925644486756983,0.0035316029895512612
547,8.92577910450042,0.0035468015655161418
548,8.925913300476996,0.0035619547578479944
549,8.926047066472659,0.003577061654897907
550,8.92618039415012,0.003592121330331817
551,8.926313275049235,0.0036071328431570905
552,8.926445700587397,0.003622095237747196
553,8.926577662059913,0.0036370075438677384
554,8.92670915064041,0.0036518687767023855
555,8.926840157381239,0.003666677936879538
556,8.926970673213859,0.003681434010496885
557,8.927100688949231,0.0036961359691477336
558,8.927230195278254,0.0037107827699480182
559,8.927359182772117,0.003725373355559971
560,8.927487641882742,0.003739906654219918
561,8.927615562943174,0.0037543815797629974
562,8.927742936167999,0.003768797031649995
563,8.927869751653729,0.003783151894991937
564,8.927995999379245,0.0037974450405774676
565,8.928121669206185,0.00381167532489766
566,8.928246750879367,0.0038258415901724335
567,8.928371234027216,0.003839942664377149
568,8.92849510816215,0.0038539773612672563
569,8.928618362681032,0.003867944480405542
570,8.928740986865574,0.0038818428071876717
571,8.92886296988277,0.0038956711128690807
572,8.928984300785299,0.003909428154589735
573,8.929104968511977,0.003923112675402228
574,8.929224961888162,0.003936723404296091
575,8.929344269626187,0.003950259056225305
576,8.929462880325817,0.0039637183321354005
577,8.929580782474634,0.003977099918988003
578,8.929697964448511,0.003990402489788662
579,8.929814414512016,0.004003624703612997
580,8.92993012081888,0.0040167652056339416
581,8.93004507141241,0.004029822627147376
582,8.930159254225934,0.004042795585599725
583,8.93027265708325,0.004055682684614474
584,8.930385267699062,0.004068482514019467
585,8.93049707367944,0.004081193649874187
586,8.93060806252223,0.004093814654495186
587,8.93071822161755,0.004106344076485936
588,8.930827538248185,0.004118780450761193
589,8.930935999590094,0.004131122298577316
590,8.931043592712811,0.00414336812755699
591,8.931150304579933,0.0041555164317190006
592,8.93125612204957,0.004167565691504935
593,8.931361031874783,0.004179514373806807
594,8.931465020704062,0.004191360931995511
595,8.931568075081781,0.004203103805948494
596,8.931670181448652,0.0042147414220778945
597,8.931771326142195,0.004226272193359004
598,8.931871495397212,0.004237694519359073
599,8.931970675346227,0.004249006786264239
600,8.932068852019976,0.004260207366910052
601,8.932166011347858,0.004271294620808709
602,8.932262139158427,0.0042822668941788645
603,8.932357221179853,0.004293122519974947
604,8.932451243040378,0.004303859817914713
605,8.932544190268823,0.004314477094510248
606,8.932636048295056,0.004324972643097545
607,8.932726802450444,0.004335344743864339
608,8.932816437968361,0.00434559166388127
609,8.932904939984658,0.004355711657131355
610,8.932992293538138,0.004365702964540068
611,8.933078483571062,0.0043755638140062034
612,8.933163494929618,0.004385292420431667
613,8.933247312364397,0.004394886985751451
614,8.93332992053091,0.004404345698966179
615,8.933411303990056,0.004413666736170976
616,8.933491447208615,0.004422848260588059
617,8.933570334559747,0.004431888422597242
618,8.933647950323483,0.004440785359767419
619,8.933724278687217,0.004449537196888516
620,8.933799303746213,0.004458142046003508
621,8.933873009504094,0.00446659800643985
622,8.933945379873348,0.004474903164842198
623,8.934016398675823,0.0044830555952046726
624,8.934086049643218,0.004491053358902458
625,8.934154316417622,0.004498894504726726
626,8.93422118255199,0.004506577068916161
627,8.934286631510652,0.004514099075190089
628,8.934350646669841,0.004521458534783334
629,8.934413211318166,0.00452865344647751
630,8.934474308657167,0.004535681796637421
631,8.934533921801801,0.0045425415592441195
632,8.934592033780959,0.004549230695928586
633,8.934648627537973,0.0045557471560069545
634,8.934703685931156,0.004562088876515335
635,8.9347571917343,0.004568253782244765
636,8.934809127637207,0.0045742397857765505
637,8.934859476246201,0.004580044787517668
638,8.934908220084646,0.004585666675735772
639,8.934955341593486,0.004591103326596684
640,8.935000823131768,0.004596352604199711
641,8.93504464697714,0.004601412360613745
642,8.935086795326422,0.004606280435915447
643,8.93512725029608,0.004610954658223222
644,8.93516599392282,0.004615432843738779
645,8.935203008164075,0.004619712796781316
646,8.935238274898555,0.00462379230982678
647,8.935271775926763,0.004627669163544772
648,8.935303492971563,0.004631341126838555
649,8.935333407678687,0.004634805956881863
650,8.935361501617285,0.004638061399159096
651,8.935387756280466,0.004641105187503719
652,8.935412153085839,0.00464393504413818
653,8.935434673376053,0.004646548679713401
654,8.935455298419338,0.004648943793348614
655,8.935474009410052,0.004651118072671628
656,8.935490787469236,0.004653069193860274
657,8.935505613645141,0.004654794821681879
658,8.935518468913786,0.004656292609535155
659,8.935529334179531,0.0046575601994926965
660,8.93553819027559,0.0046585952223408035
661,8.935545017964607,0.004659395297622942
662,8.935549797939204,0.004659958033681681
663,8.935552510822534,0.00466028102770141
664,8.935553137168855,0.0046603618657524055
665,8.935551657464059,0.004660198122832119
666,8.935548052126242,0.0046597873629103444
667,8.935542301506278,0.00465912713897297
668,8.935534385888365,0.004658214993066344
669,8.935524285490596,0.004657048456341578
670,8.935511980465508,0.0046556250490995665
671,8.935497450900675,0.004653942280836759
672,8.935480676819253,0.004651997650290864
673,8.935461638180545,0.00464978864548538
674,8.935440314880582,0.004647312743778065
675,8.93541668675271,0.004644567411907023
676,8.935390733568122,0.004641550106036598
677,8.935362435036446,0.004638258271805355
678,8.93533177080633,0.00463468934437411
679,8.935298720466019,0.004630840748474191
680,8.935263263543908,0.0046267098984551745
681,8.935225379509149,0.004622294198334493
682,8.935185047772206,0.004617591041845971
683,8.93514224768545,0.004612597812489309
684,8.935096958543731,0.004607311883580512
685,8.935049159584974,0.004601730618302237
686,8.934998829990734,0.0045958513697528505
687,8.934945948886819,0.004589671480999994
688,8.934890495343852,0.0045831882851300335
689,8.934832448377866,0.0045763991053006
690,8.934771786950883,0.004569301254792565
691,8.934708489971523,0.004561892037062671
692,8.934642536295561,0.004554168745795586
693,8.934573904726571,0.004546128664959411
694,8.934502574016475,0.00453776906885738
695,8.934428522866156,0.004529087222182701
696,8.934351729926032,0.004520080380071944
697,8.934272173796684,0.004510745788161536
698,8.934189833029446,0.004501080682643059
699,8.934104686126995,0.0044910822903177
700,8.934016711543947,0.004480747828652803
701,8.933925887687469,0.00447007450583851
702,8.93383219291789,0.004459059520845561
703,8.933735605549275,0.004447700063480369
704,8.93363610385006,0.004435993314444953
705,8.933533666043633,0.004423936445393851
706,8.933428270308976,0.004411526618993774
707,8.933319894781233,0.004398760988981148
708,8.933208517552345,0.004385636700222561
709,8.933094116671644,0.004372150888774302
710,8.932976670146495,0.00435830068194316
711,8.932856155942863,0.004344083198345628
712,8.932732551985957,0.004329495547970355
713,8.932605836160857,0.0043145348322399584
714,8.932475986313097,0.004299198144072023
715,8.932342980249297,0.004283482567941519
716,8.932206795737788,0.004267385179944492
717,8.932067410509212,0.00425090304786013
718,8.931924802257171,0.004234033231216116
719,8.931778948638836,0.004216772781352054
720,8.931629827275534,0.004199118741482393
721,8.93147741575345,0.004181068146765465
722,8.931321691624174,0.0041626180243649015
723,8.931162632405366,0.0041437653935177355
724,8.931000215581383,0.00412450726560103
725,8.930834418603892,0.0041048406441973355
726,8.930665218892512,0.004084762525163349
727,8.930492593835439,0.0040642698966974755
728,8.930316520790074,0.004043359739407097
729,8.93013697708365,0.004022029026378098
730,8.929953940013892,0.004000274723244485
731,8.92976738684961,0.003978093788256547
732,8.92957729483139,0.003955483172353457
733,8.929383641172159,0.003932439819230499
734,8.92918640305789,0.003908960665413028
735,8.928985557648195,0.003885042640326195
736,8.928781082076993,0.003860682666368338
737,8.928572953453132,0.0038358776589820123
738,8.92836114886103,0.0038106245267274966
739,8.928145645361335,0.0037849201713563672
740,8.92792641999155,0.0037587614878854957
741,8.9277034497667,0.0037321453646714277
742,8.927476711679942,0.003705068683484253
743,8.927246182703243,0.003677528319583944
744,8.927011839788022,0.003649521141796099
745,8.92677365986579,0.0036210440125879757
746,8.926531619848797,0.0035920937881450963
747,8.926285696630707,0.0035626673184491055
748,8.926035867087197,0.003532761447354007
749,8.925782108076685,0.0035023730126670523
750,8.925524396440917,0.0034714988462249494
751,8.925262709005638,0.003440135773973634
752,8.92499702258129,0.0034082806160497256
753,8.924727313963608,0.00337593018685869
754,8.924453559934307,0.003343081295155784
755,8.924175737261736,0.0033097307441278196
756,8.92389382270156,0.003275875331476048
757,8.923607792997366,0.0032415118494951187
758,8.923317624881374,0.0032066370851587295
759,8.923023295075089,0.0031712478202018104
760,8.922724780289933,0.0031353408312032364
761,8.922422057227957,0.003098912889672048
762,8.922115102582472,0.003061960762130567
763,8.921803893038723,0.003024481210199611
764,8.92148840527455,0.002986470990684699
765,8.921168615961092,0.0029479268556631757
766,8.92084450176339,0.0029088455525682674
767,8.920516039341111,0.0028692238242785826
768,8.920183205349199,0.0028290584092052896
769,8.91984597643855,0.002788346041379986
770,8.919504329256675,0.0027470834505434177
771,8.919158240448388,0.002705267362235304
772,8.918807686656455,0.002662894497882421
773,8.91845264452231,0.002619961574891795
774,8.918093090686694,0.002576465306738774
775,8.917729001790336,0.002532402403058872
776,8.917360354474656,0.0024877695697407866
777,8.916987125382414,0.0024425635090170993
778,8.9166092911584,0.0023967809195580103
779,8.916226828450128,0.0023504184965645165
780,8.915839713908484,0.002303472931861541
781,8.915447924188452,0.002255940913993787
782,8.915051435949753,0.002207819128318566
783,8.914650225857566,0.0021591042571032525
784,8.914244270583175,0.002109792979619048
785,8.91383354680469,0.002059881972238974
786,8.913418031207701,0.0020093679085334956
787,8.912997700485999,0.0019582474593696185
788,8.912572531342242,0.0019065172930075626
789,8.912142500488633,0.0018541740751984663
790,8.911707584647637,0.0018012144692849774
791,8.911267760552654,0.0017476351363000455
792,8.910823004948714,0.0016934327350664894
793,8.910373294593171,0.0016386039222979298
794,8.909918606256385,0.0015831453526994436
795,8.909458916722421,0.0015270536790689547
796,8.90899420278976,0.0014703255524001172
797,8.908524441271968,0.0014129576219837495
798,8.908049608998411,0.0013549465355117817
799,8.907569682814932,0.001296288939179609
800,8.907084639584582,0.0012369814777920163
801,8.906594456188278,0.0011770207948657977
802,8.906099109525515,0.0011164035327350277
803,8.905598576515091,0.0010551263326584192
804,8.905092834095772,0.0009931858349233977
805,8.904581859227006,0.000930578678953377
806,8.904065628889626,0.0008673015034148428
807,8.903544120086575,0.0008033509463261624
808,8.903017309843577,0.0007387236451641379
809,8.902485175209833,0.0006734162369718483
810,8.901947693258764,0.0006074253584699803
811,8.901404841088691,0.0005407476461654568
812,8.900856595823562,0.00047337973646174235
813,8.900302934613624,0.0004053182657684928
814,8.899743834636158,0.00033655987061391955
815,8.899179273096193,0.0002671011877561149
816,8.89860922722717,0.00019693885429375796
817,8.898033674291733,0.00012606950778189726
818,8.89745259158235,5.448978634162032e-05
819,8.896865956422086,-1.78036712243113e-05
820,8.89627374616529,-9.081422531771323e-05
821,8.89567593819831,-0.000164545235430937
822,8.895072509940208,-0.00023900006003114312
823,8.894463438843484,-0.00031418205644470095
824,8.893848702394765,-0.00039009458074200083
825,8.893228278115545,-0.00046674098761982847
826,8.892602143562897,-0.0005441246302847418
827,8.891970276330163,-0.0006222488603362664
828,8.891332654047712,-0.0007011170276474047
829,8.890689254383645,-0.0007807324802466915
830,8.890040055044485,-0.0008610985642002007
831,8.88938503377593,-0.0009422186234909262
832,8.888724168363563,-0.001024095999899197
833,8.888057436633568,-0.0011067340328820847
834,8.887384816453451,-0.0011901360594530359
835,8.88670628573276,-0.0012743054140603072
836,8.88602182242382,-0.0013592454284647075
837,8.88533140452244,-0.001444959431617435
838,8.884635010068651,-0.0015314507495374947
839,8.883932617147416,-0.0016187227051886886
840,8.883224203889357,-0.0017067786183555895
841,8.882509748471492,-0.0017956218055190875
842,8.881789229117944,-0.001885255579732671
843,8.881062624100684,-0.0019756832504958517
844,8.880329911740247,-0.002066908123630248
845,8.879591070406466,-0.002158933501152233
846,8.878846078519182,-0.0022517626811480555
847,8.87809491454901,-0.002345398957644447
848,8.877337557018024,-0.0024398456204842048
849,8.876573984500524,-0.002535105955195874
850,8.875804175623735,-0.0026311832428675594
851,8.875028109068554,-0.0027280807600169083
852,8.874245763570283,-0.002825801778462588
853,8.873457117919365,-0.002924349565193671
854,8.872662150962102,-0.0030237273822411276
855,8.871860841601379,-0.00312393848654739
856,8.87105316879743,-0.003224986129833806
857,8.870239111568555,-0.0033268735584705985
858,8.86941864899185,-0.003429604013344985
859,8.86859176020394,-0.0035331807297294036
860,8.86775842440172,-0.003637606937148287
861,8.866918620843094,-0.0037428858592452323
862,8.866072328847705,-0.00384902071365033
863,8.865219527797676,-0.003956014711845319
864,8.864360197138339,-0.00406387105903005
865,8.86349431637897,-0.004172592953988526
866,8.86262186509355,-0.004282183588952234
867,8.861742822921489,-0.004392646149465538
868,8.860857169568341,-0.004503983814251082
869,8.859964884806597,-0.004616199755070909
870,8.85906594847636,-0.004729297136593653
871,8.858160340486146,-0.004843279116253401
872,8.85724804081358,-0.004958148844115401
873,8.85632902950616,-0.0050739094627373265
874,8.855403286681998,-0.0051905641070303385
875,8.85447079253054,-0.005308115904122345
876,8.853531527313333,-0.005426567973217914
877,8.852585471364753,-0.005545923425459378
878,8.851632605092744,-0.005666185363787645
879,8.850672908979593,-0.005787356882800889
880,8.849706363582625,-0.005909441068616399
881,8.84873294953498,-0.006032440998727863
882,8.847752647546365,-0.006156359741865167
883,8.846765438403748,-0.006281200357854322
884,8.845771302972153,-0.006406965897473948
885,8.844770222195399,-0.0065336594023136
886,8.843762177096808,-0.006661283904632749
887,8.842747148779997,-0.006789842427216172
888,8.841725118429602,-0.006919337983232265
889,8.840696067312019,-0.00704977357608913
890,8.839659976776163,-0.007181152199291276
891,8.838616828254208,-0.007313476836295369
892,8.837566603262331,-0.00744675046036632
893,8.836509283401467,-0.00758097603443229
894,8.835444850358062,-0.007716156510939422
895,8.834373285904794,-0.007852294831708078
896,8.83329457190135,-0.007989393927786092
897,8.832208690295156,-0.008127456719303547
898,8.83111562312214,-0.008266486115326165
899,8.830015352507472,-0.00840648501370955
900,8.82890786066631,-0.008547456300952331
901,8.827793129904553,-0.008689402852049659
902,8.826671142619594,-0.008832327530345241
903,8.825541881301064,-0.00897623318738439
904,8.824405328531594,-0.009121122662766146
905,8.82326146698753,-0.00926699878399643
906,8.82211027943973,-0.009413864366338181
907,8.820951748754279,-0.009561722212663855
908,8.819785857893253,-0.009710575113306705
909,8.818612589915475,-0.009860425845911703
910,8.817431927977253,-0.010011277175286246
911,8.81624385533313,-0.010163131853251557
912,8.815048355336657,-0.010315992618492108
913,8.813845411441116,-0.010469862196405994
914,8.812635007200287,-0.01062474329895558
915,8.811417126269198,-0.01078063862451663
916,8.810191752404862,-0.01093755085772863
917,8.808958869467045,-0.011095482669343246
918,8.80771846141901,-0.011254436716074062
919,8.806470512328282,-0.011414415640444923
920,8.805215006367366,-0.01157542207064013
921,8.803951927814547,-0.011737458620351035
922,8.80268126105458,-0.011900527888627147
923,8.801402990579502,-0.012064632459722014
924,8.800117100989352,-0.012229774902942163
925,8.798823576992916,-0.01239595777249631
926,8.797522403408497,-0.012563183607341257
927,8.796213565164653,-0.01273145493103115
928,8.794897047300976,-0.012900774251563212
929,8.793572834968796,-0.01307114406122773
930,8.792240913431975,-0.013242566836452772
931,8.790901268067639,-0.013415045037653017
932,8.789553884366923,-0.013588581109076762
933,8.788198747935736,-0.013763177478651951
934,8.786835844495508,-0.013938836557833659
935,8.785465159883945,-0.014115560741450437
936,8.784086680055777,-0.014293352407551004
937,8.782700391083488,-0.014472213917252097
938,8.781306279158098,-0.014652147614583106
939,8.779904330589904,-0.014833155826333303
940,8.778494531809221,-0.015015240861898189
941,8.777076869367141,-0.01519840501312585
942,8.775651329936276,-0.015382650554163059
943,8.77421790031152,-0.015567979741301141
944,8.772776567410785,-0.01575439481282252
945,8.771327318275764,-0.015941897988846654
946,8.769870140072667,-0.016130491471176067
947,8.76840502009297,-0.016320177443143
948,8.766931945754182,-0.016510958069453803
949,8.765450904600574,-0.01670283549603651
950,8.763961884303939,-0.016895811849886127
951,8.762464872664337,-0.017089889238910642
952,8.760959857610832,-0.017285069751777432
953,8.75944682720226,-0.017481355457758717
954,8.757925769627967,-0.017678748406577304
955,8.756396673208542,-0.01787725062825426
956,8.754859526396588,-0.018076864132952754
957,8.753314317777464,-0.018277590910825224
958,8.751761036070006,-0.01847943293186047
959,8.750199670127293,-0.01868239214572837
960,8.748630208937405,-0.018886470481626602
961,8.747052641624146,-0.019091669848126953
962,8.745466957447787,-0.019297992133022506
963,8.743873145805834,-0.019505439203172575
964,8.742271196233746,-0.019714012904350795
965,8.740661098405694,-0.019923715061090735
966,8.739042842135294,-0.020134547476533437
967,8.737416417376366,-0.020346511932273142
968,8.735781814223659,-0.02055961018820548
969,8.734139022913585,-0.020773843982374435
970,8.732488033825003,-0.020989215030817975
971,8.730828837479912,-0.02120572502741738
972,8.729161424544202,-0.021423375643744497
973,8.727485785828408,-0.021642168528908403
974,8.725801912288457,-0.021862105309402823
975,8.724109795026383,-0.022083187588955416
976,8.722409425291076,-0.02230541694837522
977,8.720700794479011,-0.022528794945401616
978,8.718983894134988,-0.022753323114552415
979,8.71725871595288,-0.022979002966971734
980,8.715525251776366,-0.02320583599027961
981,8.713783493599658,-0.023433823648421122
982,8.712033433568232,-0.023662967381515767
983,8.71027506397958,-0.02389326860570622
984,8.708508377283918,-0.02412472871300935
985,8.70673336608495,-0.024357349071164644
986,8.70495002314056,-0.02459113102348637
987,8.703158341363586,-0.024826075888711763
988,8.70135831382251,-0.02506218496085405
989,8.69954993374223,-0.025299459509051155
990,8.697733194504744,-0.02553790077741915
991,8.695908089649917,-0.025777509984902115
992,8.694074612876195,-0.026018288325124577
993,8.692232758041316,-0.026260236966244178
994,8.690382519163045,-0.026503357050803835
995,8.688523890419933,-0.026747649695583044
996,8.686656866151974,-0.02699311599145385
997,8.684781440861391,-0.027239757003231432
998,8.68289760921333,-0.027487573769529136
999,8.68100536603657,-0.027736567302613115
1000,8.67910470632428,-0.027986738588255275
1001,8.677195625234706,-0.02823808858558906
1002,8.675278118091908,-0.028490618226964345
1003,8.67335218038646,-0.028744328417803524
1004,8.6714178077762,-0.02899922003645592
1005,8.669474996086906,-0.02925529393405579
1006,8.667523741313047,-0.029512550934377817
1007,8.66556403961846,-0.029770991833695633
1008,8.663595887337106,-0.03003061740063705
1009,8.661619280973746,-0.030291428376044274
1010,8.659634217204676,-0.03055342547283094
1011,8.657640692878426,-0.030816609375841266
1012,8.65563870501646,-0.031080980741710028
1013,8.653628250813902,-0.03134654019872099
1014,8.651609327640239,-0.03161328834666773
1015,8.649581933040018,-0.03188122575671464
1016,8.647546064733563,-0.03215035297125696
1017,8.645501720617652,-0.03242067050378435
1018,8.64344889876627,-0.03269217883874012
1019,8.641387597431244,-0.03296487843138695
1020,8.639317815043004,-0.033238769707667495
1021,8.63723955021124,-0.03351385306406973
1022,8.635152801725607,-0.03379012886749069
1023,8.633057568556438,-0.034067597455100684
1024,8.630953849855443,-0.034346259134208114
1025,8.628841644956362,-0.03462611418212712
1026,8.626720953375697,-0.03490716284604222
1027,8.62459177481339,-0.03518940534287628
1028,8.622454109153503,-0.035472841859157396
1029,8.620307956464925,-0.03575747255088733
1030,8.618153317002037,-0.0360432975434105
1031,8.615990191205404,-0.03633031693128306
1032,8.61381857970248,-0.03661853077814202
1033,8.611638483308269,-0.03690793911657655
1034,8.609449903026011,-0.037198541947999444
1035,8.607252840047854,-0.03749033924251855
1036,8.605047295755545,-0.03778333093880899
1037,8.602833271721094,-0.038077516943987144
1038,8.600610769707465,-0.03837289713348292
1039,8.598379791669224,-0.038669471350916154
1040,8.596140339753243,-0.038967239407969735
1041,8.59389241629933,-0.039266201084267496
1042,8.59163602384095,-0.039566356127248056
1043,8.589371165105838,-0.03986770425204503
1044,8.587097843016702,-0.04017024514136252
1045,8.584816060691871,-0.04047397844535505
1046,8.582525821445941,-0.04077890378150728
1047,8.580227128790476,-0.041085020734512624
1048,8.577919986434633,-0.04139232885615513
1049,8.575604398285817,-0.04170082766519182
1050,8.573280368450353,-0.04201051664723363
1051,8.57094790123414,-0.04232139525462913
1052,8.56860700114329,-0.04263346290634836
1053,8.566257672884781,-0.042946718987867824
1054,8.563899921367089,-0.04326116285105683
1055,8.561533751700866,-0.0435767938140619
1056,8.559159169199564,-0.04389361116119513
1057,8.55677617938006,-0.04421161414282291
1058,8.554384787963345,-0.044530801975252075
1059,8.551985000875101,-0.04485117384062293
1060,8.549576824246378,-0.0451727288867975
1061,8.54716026441421,-0.0454954662272515
1062,8.544735327922252,-0.04581938494096678
1063,8.5423020215214,-0.04614448407232467
1064,8.53986035217044,-0.04647076263099849
1065,8.537410327036646,-0.04679821959185031
1066,8.534951953496424,-0.04712685389482569
1067,8.532485239135905,-0.04745666444485092
1068,8.530010191751606,-0.04778765011172971
1069,8.527526819351001,-0.048119809730042686
1070,8.525035130153165,-0.048453142099046616
1071,8.522535132589367,-0.048787645982574616
1072,8.52002683530371,-0.049123320108936754
1073,8.517510247153682,-0.04946016317082464
1074,8.51498537721082,-0.04979817382521216
1075,8.512452234761271,-0.050137350693261466
1076,8.509910829306413,-0.05047769236022717
1077,8.50736117056344,-0.050819197375363404
1078,8.50480326846597,-0.05116186425183023
1079,8.502237133164611,-0.0515056914666031
1080,8.499662775027586,-0.05185067746038067
1081,8.4970802046413,-0.05219682063749573
1082,8.494489432810918,-0.052544119365827056
1083,8.491890470560952,-0.052892571976711454
1084,8.48928332913586,-0.0532421767648563
1085,8.486668020000595,-0.053592931988255293
1086,8.484044554841187,-0.05394483586810336
1087,8.481412945565323,-0.054297886588713415
1088,8.478773204302907,-0.05465208229743382
1089,8.476125343406622,-0.055007421104567834
1090,8.4734693754525,-0.05536390108329303
1091,8.470805313240497,-0.055721520269581354
1092,8.468133169795005,-0.05608027666212357
1093,8.465452958365452,-0.05644016822225035
1094,8.46276469242683,-0.05680119287385769
1095,8.460068385680254,-0.05716334850333195
1096,8.457364052053487,-0.0575266329594774
1097,8.454651705701506,-0.05789104405344297
1098,8.451931361007034,-0.05825657955865147
1099,8.449203032581064,-0.05862323721073055
1100,8.446466735263403,-0.058991014707443196
1101,8.443722484123212,-0.059359909708619964
1102,8.44097029445951,-0.05972991983609368
1103,8.438210181801702,-0.06010104267363422
1104,8.435442161910116,-0.06047327576688391
1105,8.432666250776519,-0.06084661662329445
1106,8.429882464624598,-0.06122106271206772
1107,8.427090819910509,-0.06159661146409314
1108,8.424291333323358,-0.06197326027189047
1109,8.42148402178571,-0.06235100648955156
1110,8.418668902454113,-0.06272984743268235
1111,8.415845992719547,-0.06310978037835105
1112,8.41301531020796,-0.06349080256503092
1113,8.410176872780752,-0.06387291119254901
1114,8.407330698535237,-0.06425610342203501
1115,8.40447680580514,-0.0646403763758711
1116,8.401615213161083,-0.06502572713764289
1117,8.398745939411029,-0.06541215275209294
1118,8.395869003600806,-0.06579965022507259
1119,8.392984425014529,-0.06618821652349925
1120,8.390092223175072,-0.06657784857531228
1121,8.387192417844563,-0.06696854326942961
1122,8.384285029024792,-0.0673602974557087
1123,8.381370076957678,-0.06775310794490695
1124,8.378447582125732,-0.06814697150864271
1125,8.375517565252505,-0.06854188487935821
1126,8.372580047302995,-0.06893784475028593
1127,8.36963504948411,-0.06933484777541352
1128,8.366682593245107,-0.06973289056945076
1129,8.363722700277984,-0.07013196970780014
1130,8.360755392517955,-0.07053208172652467
1131,8.357780692143816,-0.07093322312232192
1132,8.354798621578407,-0.07133539035249507
1133,8.351809203488983,-0.07173857983492929
1134,8.348812460787666,-0.07214278794806513
1135,8.345808416631815,-0.07254801103087778
1136,8.342797094424412,-0.07295424538285643
1137,8.339778517814507,-0.07336148726398191
1138,8.336752710697546,-0.0737697328947109
1139,8.333719697215818,-0.07417897845595706
1140,8.330679501758771,-0.0745892200890777
1141,8.327632148963447,-0.07500045389585763
1142,8.324577663714823,-0.07541267593849771
1143,8.321516071146165,-0.07582588223960511
1144,8.318447396639433,-0.07624006878218076
1145,8.315371665825582,-0.07665523150961513
1146,8.312288904584967,-0.07707136632567851
1147,8.30919913904766,-0.07748846909451779
1148,8.306102395593797,-0.07790653564065242
1149,8.302998700853921,-0.07832556174897293
1150,8.299888081709316,-0.07874554316473953
1151,8.29677056529233,-0.07916647559358418
1152,8.293646178986693,-0.07958835470151342
1153,8.290514950427847,-0.08001117611491121
1154,8.287376907503262,-0.08043493542054554
1155,8.28423207835271,-0.0808596281655764
1156,8.281080491368622,-0.08128524985756283
1157,8.27792217519632,-0.08171179596447573
1158,8.27475715873438,-0.08213926191470702
1159,8.271585471134852,-0.08256764309708589
1160,8.268407141803577,-0.08299693486089244
1161,8.265222200400464,-0.08342713251587443
1162,8.262030676839746,-0.08385823133226589
1163,8.258832601290253,-0.08429022654080709
1164,8.255628004175668,-0.08472311333276585
1165,8.25241691617477,-0.08515688685996115
1166,8.249199368221703,-0.08559154223478727
1167,8.245975391506207,-0.08602707453023996
1168,8.24274501747385,-0.08646347877994501
1169,8.239508277826266,-0.08690074997818747
1170,8.236265204521358,-0.08733888307994389
1171,8.233015829773564,-0.08777787300091257
1172,8.22976018605402,-0.08821771461755055
1173,8.226498306090798,-0.08865840276710885
1174,8.223230222869084,-0.08909993224767035
1175,8.219955969631387,-0.08954229781818886
1176,8.216675579877736,-0.08998549419853011
1177,8.213389087365826,-0.09042951606951563
1178,8.210096526111235,-0.09087435807296586
1179,8.206797930387586,-0.09132001481174577
1180,8.203493334726675,-0.09176648084981476
1181,8.200182773918671,-0.092213750712274
1182,8.196866283012248,-0.09266181888541809
1183,8.19354389731472,-0.09311067981678849
1184,8.190215652392203,-0.09356032791522659
1185,8.18688158406972,-0.09401075755093104
1186,8.183541728431337,-0.09446196305551526
1187,8.180196121820291,-0.09491393872206604
1188,8.176844800839078,-0.09536667880520622
1189,8.173487802349563,-0.09582017752115696
1190,8.170125163473099,-0.09627442904780115
1191,8.166756921590594,-0.09672942752475142
1192,8.163383114342587,-0.097185167053418
1193,8.160003779629347,-0.09764164169707719
1194,8.156618955610936,-0.09809884548094391
1195,8.153228680707274,-0.09855677239224345
1196,8.149832993598164,-0.09901541638028873
1197,8.146431933223376,-0.09947477135655493
1198,8.143025538782663,-0.09993483119475864
1199,8.139613849735822,-0.1003955897309368
1200,8.13619690580269,-0.10085704076352993
1201,8.13277474696317,-0.10131917805346488
1202,8.129347413457257,-0.10178199532423983
1203,8.125914945785006,-0.1022454862620123
1204,8.12247738470657,-0.1027096445156862
1205,8.119034771242172,-0.10317446369700314
1206,8.115587146672055,-0.10363993738063532
1207,8.112134552536498,-0.1041060591042783
1208,8.108677030635748,-0.10457282236874725
1209,8.105214623030005,-0.1050402206380737
1210,8.101747372039348,-0.10550824733960516
1211,8.098275320243669,-0.10597689586410665
1212,8.094798510482635,-0.106446159565862
1213,8.091316985855581,-0.10691603176277906
1214,8.087830789721451,-0.10738650573649552
1215,8.084339965698684,-0.10785757473248717
1216,8.080844557665138,-0.10832923196017641
1217,8.077344609757938,-0.10880147059304576
1218,8.073840166373422,-0.10927428376874827
1219,8.070331272166952,-0.10974766458922472
1220,8.066817972052814,-0.11022160612081906
1221,8.06330031120407,-0.110696101394397
1222,8.0597783350524,-0.11117114340546627
1223,8.05625208928795,-0.11164672511429824
1224,8.052721619859145,-0.11212283944605192
1225,8.049186972972546,-0.11259947929089853
1226,8.045648195092609,-0.11307663750415035
1227,8.04210533294154,-0.11355430690638792
1228,8.038558433499064,-0.11403248028359096
1229,8.03500754400221,-0.11451115038727194
1230,8.031452711945104,-0.11499030993460845
1231,8.027893985078714,-0.11546995160858062
1232,8.024331411410627,-0.11595006805810794
1233,8.020765039204784,-0.11643065189818895
1234,8.017194916981232,-0.11691169571004194
1235,8.013621093515841,-0.11739319204124864
1236,8.01004361784002,-0.11787513340589877
1237,8.006462539240454,-0.11835751228473525
1238,8.002877907258787,-0.11884032112530309
1239,7.99928977169131,-0.11932355234209951
1240,7.995698182588654,-0.11980719831672496
1241,7.992103190255438,-0.12029125139803748
1242,7.988504845249962,-0.1207757039023064
1243,7.9849031983838366,-0.12126054811337014
1244,7.981298300721637,-0.12174577628279398
1245,7.977690203580527,-0.12223138063003111
1246,7.97407895852989,-0.12271735334258357
1247,7.970464617390935,-0.12320368657616682
1248,7.966847232236278,-0.12369037245487548
1249,7.963226855389568,-0.12417740307134946
1250,7.9596035394250455,-0.12466477048694323
1251,7.955977337167116,-0.1251524667318966
1252,7.952348301689908,-0.12564048380550702
1253,7.948716486316824,-0.1261288136763034
1254,7.945081944620081,-0.12661744828222166
1255,7.94144473042024,-0.12710637953078213
1256,7.937804897785696,-0.12759559929926972
1257,7.934162501032229,-0.1280850994349128
1258,7.930517594722458,-0.12857487175506763
1259,7.926870233665346,-0.12906490804740114
1260,7.923220472915673,-0.12955520007007734
1261,7.919568367773487,-0.130045739551945
1262,7.915913973783551,-0.130536518192727
1263,7.912257346734811,-0.1310275276632101
1264,7.9085985426597745,-0.13151875960543963
1265,7.904937617833989,-0.13201020563291097
1266,7.901274628775392,-0.13250185733076789
1267,7.897609632243719,-0.1329937062559994
1268,7.8939426852399155,-0.13348574393763782
1269,7.890273845005459,-0.13397796187696148
1270,7.886603169021759,-0.1344703515476956
1271,7.8829307150094925,-0.13496290439621672
1272,7.879256540927924,-0.13545561184175944
1273,7.8755807049742375,-0.13594846527662305
1274,7.87190326558286,-0.13644145606638036
1275,7.868224281424736,-0.13693457555008906
1276,7.864543811406639,-0.13742781504050325
1277,7.860861914670438,-0.1379211658242874
1278,7.857178650592356,-0.1384146191622321
1279,7.853494078782208,-0.13890816628947172
1280,7.849808259082692,-0.13940179841570047
1281,7.84612125156854,-0.13989550672539622
1282,7.8424331165457914,-0.1403892823780396
1283,7.838743914550959,-0.1408831165083387
1284,7.835053706350241,-0.1413770002264533
1285,7.831362552938691,-0.14187092461822118
1286,7.827670515539363,-0.14236488074538722
1287,7.8239776556024845,-0.14285885964583217
1288,7.820284034804585,-0.14335285233380377
1289,7.816589715047622,-0.14384684980014964
1290,7.81289475845809,-0.14434084301255162
1291,7.809199227386127,-0.14483482291576094
1292,7.805503184404585,-0.145328780431836
1293,7.801806692308123,-0.14582270646038065
1294,7.798109814112255,-0.14631659187878449
1295,7.794412613052406,-0.1468104275424645
1296,7.790715152582924,-0.1473042042851086
1297,7.787017496376128,-0.1477979129189198
1298,7.783319708321282,-0.1482915442348632
1299,7.779621852523626,-0.14878508900291207
1300,7.775923993303322,-0.14927853797229845
1301,7.772226195194445,-0.14977188187176235
1302,7.768528522943925,-0.15026511140980417
1303,7.764831041510473,-0.1507582172749388
1304,7.761133816063532,-0.15125119013594876
1305,7.75743691198218,-0.15174402064214126
1306,7.753740394854006,-0.15223669942360638
1307,7.750044330474017,-0.15272921709147505
1308,7.7463487848435095,-0.15322156423817931
1309,7.7426538241689125,-0.1537137314377146
1310,7.738959514860629,-0.15420570924590277
1311,7.735265923531874,-0.15469748820065635
1312,7.731573116997485,-0.15518905882224382
1313,7.727881162272713,-0.15568041161355775
1314,7.7241901265720205,-0.15617153706038242
1315,7.720500077307844,-0.15666242563166377
1316,7.716811082089352,-0.1571530677797806
1317,7.713123208721189,-0.1576434539408169
1318,7.709436525202201,-0.15813357453483545
1319,7.705751099724148,-0.15862341996615295
1320,7.702067000670408,-0.15911298062361565
1321,7.698384296614662,-0.15960224688087737
1322,7.69470305631955,-0.16009120909667807
1323,7.691023348735353,-0.1605798576151235
1324,7.687345242998605,-0.16106818276596663
1325,7.683668808430725,-0.1615561748648906
1326,7.679994114536649,-0.16204382421379102
1327,7.6763212310034,-0.16253112110106177
1328,7.672650227698682,-0.16301805580188078
1329,7.668981174669448,-0.16350461857849705
1330,7.665314142140442,-0.16399079968051888
1331,7.661649200512753,-0.16447658934520354
1332,7.657986420362304,-0.16496197779774815
1333,7.654325872438409,-0.16544695525158026
1334,7.650667627662215,-0.1659315119086522
1335,7.647011757125198,-0.16641563795973463
1336,7.643358332087641,-0.1668993235847104
1337,7.639707423977052,-0.16738255895287235
1338,7.636059104386616,-0.1678653342232194
1339,7.632413445073591,-0.16834763954475576
1340,7.628770517957737,-0.16882946505678892
1341,7.625130395119673,-0.1693108008892314
1342,7.6214931487992645,-0.16979163716290133
1343,7.61785885139397,-0.170271963989825
1344,7.614227575457174,-0.1707517714735409
1345,7.610599393696542,-0.1712310497094023
1346,7.606974378972297,-0.17170978878488444
1347,7.603352604295517,-0.17218797877989045
1348,7.59973414282643,-0.17266560976705783
1349,7.596119067872653,-0.17314267181206774
1350,7.592507452887472,-0.17361915497395264
1351,7.5888993714680275,-0.17409504930540842
1352,7.585294897353571,-0.17457034485310347
1353,7.581694104423667,-0.1750450316579905
1354,7.578097066696342,-0.17551909975562055
1355,7.574503858326285,-0.17599253917645571
1356,7.57091455360298,-0.1764653399461839
1357,7.567329226948866,-0.17693749208603332
1358,7.563747952917458,-0.17740898561308882
1359,7.5601708061914366,-0.1778798105406091
1360,7.556597861580745,-0.1783499568783444
1361,7.5530291940206915,-0.17881941463285358
1362,7.549464878569974,-0.1792881738078251
1363,7.545904990408737,-0.17975622440439598
1364,7.5423496048366205,-0.1802235564214722
1365,7.538798797270758,-0.18069015985605028
1366,7.5352526432437665,-0.18115602470353984
1367,7.531711218401757,-0.1816211409580852
1368,7.52817459850228,-0.18208549861289006
1369,7.524642859412279,-0.18254908766054076
1370,7.521116077106039,-0.1830118980933314
1371,7.5175943276631,-0.18347391990358897
1372,7.51407768726617,-0.18393514308399922
1373,7.510566232199001,-0.18439555762793394
1374,7.507060038844283,-0.18485515352977688
1375,7.503559183681489,-0.18531392078525294
1376,7.500063743284724,-0.1857718493917555
1377,7.496573794320559,-0.18622892934867527
1378,7.493089413545844,-0.18668515065773003
1379,7.4896106778055005,-0.18714050332329424
1380,7.486137664030314,-0.18759497735272937
1381,7.482670449234674,-0.188048562756716
1382,7.479209110514382,-0.1885012495495823
1383,7.475753725044328,-0.18895302774963912
1384,7.472304370076246,-0.1894038873795103
1385,7.468861122936444,-0.18985381846646446
1386,7.465424061023432,-0.19030281104275074
1387,7.461993261805663,-0.19075085514592974
1388,7.458568802819155,-0.1911979408192087
1389,7.45515076166516,-0.19164405811177493
1390,7.451739216007783,-0.19208919707913105
1391,7.448334243571622,-0.19253334778342843
1392,7.444935922139346,-0.19297650029380378
1393,7.44154432954928,-0.1934186446867146
1394,7.438159543693013,-0.19385977104627333
1395,7.434781642512928,-0.1942998694645846
1396,7.431410703999766,-0.19473893004208082
1397,7.428046806190131,-0.19517694288785925
1398,7.424690027164036,-0.19561389812001762
1399,7.421340445042378,-0.19604978586599234
1400,7.417998137984443,-0.19648459626289408
1401,7.414663184185378,-0.19691831945784605
1402,7.411335661873639,-0.19735094560832034
1403,7.4080156493084495,-0.1977824648824763
1404,7.404703224777219,-0.19821286745949762
1405,7.401398466592977,-0.19864214352992965
1406,7.398101453091757,-0.19907028329601786
1407,7.3948122626300075,-0.19949727697204497
1408,7.391530973581943,-0.1999231147846695
1409,7.388257664336931,-0.20034778697326308
1410,7.384992413296827,-0.20077128379024817
1411,7.381735298873331,-0.20119359550143587
1412,7.3784863994852685,-0.2016147123863651
1413,7.375245793555944,-0.20203462473863884
1414,7.372013559510419,-0.20245332286626222
1415,7.368789775772793,-0.20287079709198075
1416,7.365574520763486,-0.20328703775361717
1417,7.362367872896477,-0.2037020352044099
1418,7.359169910576573,-0.20411577981334944
1419,7.355980712196637,-0.20452826196551546
1420,7.3528003561348,-0.2049394720624147
1421,7.349628920751669,-0.2053494005223176
1422,7.3464664843875305,-0.20575803778059454
1423,7.343313125359542,-0.20616537429005252
1424,7.3401689219588855,-0.20657140052127143
1425,7.337033952447954,-0.20697610696293986
1426,7.33390829505747,-0.20737948412219148
1427,7.330792027983659,-0.20778152252493906
1428,7.327685229385349,-0.208182212716211
1429,7.32458797738109,-0.20858154526048575
1430,7.321500350046274,-0.20897951074202584
1431,7.318422425410218,-0.2093760997652124
1432,7.315354281453241,-0.20977130295487886
1433,7.312295996103751,-0.21016511095664422
1434,7.309247647235297,-0.21055751443724613
1435,7.30620931266363,-0.21094850408487303
1436,7.303181070143735,-0.2113380706094968
1437,7.300162997366864,-0.21172620474320417
1438,7.297155171957554,-0.21211289724052823
1439,7.294157671470656,-0.21249813887877836
1440,7.29117057338833,-0.21288192045837048
1441,7.288193955117036,-0.2132642328031572
1442,7.285227893984505,-0.21364506676075726
1443,7.282272467236746,-0.21402441320288254
1444,7.279327752034982,-0.21440226302566756
1445,7.276393825452638,-0.21477860714999555
1446,7.273470764472258,-0.21515343652182647
1447,7.2705586459824785,-0.21552674211252165
1448,7.267657546774935,-0.21589851491917061
1449,7.264767543541215,-0.21626874596491452
1450,7.261888712869743,-0.2166374262992718
1451,7.259021131242729,-0.21700454699845959
1452,7.2561648750330425,-0.21737009916571814
1453,7.253320020501137,-0.21773407393163108
1454,7.250486643791895,-0.2180964624544487
1455,7.247664820931573,-0.21845725592040552
1456,7.2448546278246235,-0.21881644554404242
1457,7.242056140250596,-0.2191740225685241
1458,7.239269433860995,-0.21952997826595694
1459,7.236494584176138,-0.21988430393770658
1460,7.233731666582005,-0.2202369909147139
1461,7.230980756327098,-0.2205880305578104
1462,7.228241928519274,-0.22093741425803237
1463,7.225515258122591,-0.22128513343693457
1464,7.222800819954133,-0.22163117954690323
1465,7.220098688680857,-0.22197554407146655
1466,7.2174089388163924,-0.2223182185256067
1467,7.214731644717883,-0.2226591944560687
1468,7.212066880582806,-0.22299846344166854
1469,7.209414720445771,-0.22333601709360218
1470,7.206775238175338,-0.22367184705575155
1471,7.204148507470829,-0.22400594500498952
1472,7.2015346018591355,-0.2243383026514849
1473,7.198933594691532,-0.22466891173900516
1474,7.19634555914044,-0.22499776404522018
1475,7.19377056819627,-0.2253248513820016
1476,7.1912086946642,-0.22565016559572376
1477,7.188660011160963,-0.2259736985675627
1478,7.186124590111663,-0.22629544221379302
1479,7.183602503746547,-0.22661538848608534
1480,7.181093824097831,-0.22693352937180006
1481,7.178598622996465,-0.22724985689428268
1482,7.176116972068931,-0.22756436311315612
1483,7.173648942734054,-0.22787704012461196
1484,7.17119460619977,-0.22818788006170126
1485,7.168754033459943,-0.2284968750946231
1486,7.166327295291163,-0.22880401743101147
1487,7.1639144622495206,-0.22910929931622295
1488,7.161515604667435,-0.2294127130336204
1489,7.1591307926504415,-0.22971425090485695
1490,7.15676009607399,-0.23001390529015853
1491,7.154403584580248,-0.23031166858860455
1492,7.152061327574929,-0.2306075332384069
1493,7.149733394224106,-0.2309014917171873
1494,7.147419853450998,-0.23119353654225538
1495,7.145120773932828,-0.23148366027088174
1496,7.142836224097595,-0.2317718555005741
1497,7.140566272120968,-0.23205811486934616
1498,7.13831098592306,-0.2323424310559908
1499,7.136070433165299,-0.2326247967803475
1500,7.133844681247267,-0.23290520480357021
1501,7.131633797303525,-0.2331836481686886
1502,7.129437848143459,-0.23346012020194204
1503,7.127256900191005,-0.23373461427680522
1504,7.125091019481397,-0.23400712381414815
1505,7.122940271657942,-0.23427764228239267
1506,7.120804721968759,-0.2345461631976719
1507,7.118684435263575,-0.2348126801239846
1508,7.116579475990498,-0.23507718667335084
1509,7.114489908192831,-0.2353396765059651
1510,7.112415795505867,-0.23560014333034895
1511,7.110357201153698,-0.23585858090350348
1512,7.108314187946076,-0.23611498303105746
1513,7.106286818275216,-0.23636934356741854
1514,7.104275154112685,-0.23662165641591928
1515,7.1022792570062325,-0.23687191552896575
1516,7.100299188076707,-0.23712011490818105
1517,7.0983350080149314,-0.2373662486045503
1518,7.096386777078594,-0.23761031071856495
1519,7.094454555089191,-0.23785229540036307
1520,7.092538401428936,-0.23809219684987146
1521,7.09063837503773,-0.2383300093169441
1522,7.088754534410111,-0.2385657271015011
1523,7.08688693759223,-0.23879934455366575
1524,7.085035642178842,-0.23903085607390084
1525,7.08320070531033,-0.23926025611314236
1526,7.081382183669708,-0.23948753917293392
1527,7.07958013347967,-0.23971269980555898
1528,7.077794610499637,-0.23993573261417214
1529,7.07602567002287,-0.2401566322529271
1530,7.074273366873506,-0.2403753934271082
1531,7.0725377554036895,-0.24059201089325616
1532,7.07081888949072,-0.24080647945929404
1533,7.069116822534164,-0.24101879398465306
1534,7.067431607453034,-0.2412289493803959
1535,7.065763296682976,-0.24143694060933849
1536,7.064111942173472,-0.24164276268617205
1537,7.062477595385032,-0.2418464106775834
1538,7.060860307286471,-0.2420478797023724
1539,7.05926012835216,-0.2422471649315702
1540,7.0576771085592975,-0.2424442615885553
1541,7.056111297385221,-0.24263916494916848
1542,7.054562743804736,-0.2428318703418263
1543,7.053031496287441,-0.24302237314763378
1544,7.051517602795114,-0.24321066880049558
1545,7.050021110779089,-0.24339675278722553
1546,7.048542067177679,-0.24358062064765554
1547,7.047080518413619,-0.24376226797474165
1548,7.045636510391492,-0.24394169041467234
1549,7.044210088495214,-0.24411888366697232
1550,7.042801297585578,-0.24429384348460467
1551,7.04141018199776,-0.244466565674074
1552,7.040036785538831,-0.2446370460955287
1553,7.038681151485408,-0.24480528066285798
1554,7.037343322581191,-0.24497126534379232
1555,7.036023341034632,-0.2451349961599991
1556,7.034721248516562,-0.2452964691871791
1557,7.0334370861578845,-0.24545568055516057
1558,7.032170894547275,-0.24561262644799217
1559,7.030922713728913,-0.24576730310403505
1560,7.0296925832002275,-0.24591970681605335
1561,7.028480541909698,-0.24606983393130322
1562,7.027286628254642,-0.2462176808516212
1563,7.026110880079095,-0.24636324403350945
1564,7.024953334671626,-0.2465065199882224
1565,7.023814028763267,-0.24664750528185017
1566,7.022692998525427,-0.2467861965354005
1567,7.02159027956783,-0.24692259042488118
1568,7.02050590693651,-0.24705668368137923
1569,7.019439915111797,-0.2471884730911403
1570,7.018392338006389,-0.24731795549564461
1571,7.017363208963398,-0.2474451277916837
1572,7.016352560754434,-0.24756998693143592
1573,7.015360425577771,-0.2476925299225376
1574,7.014386835056462,-0.24781275382815698
1575,7.013431820236543,-0.2479306557670645
1576,7.012495411585267,-0.24804623291370062
1577,7.011577638989331,-0.24815948249824546
1578,7.010678531753159,-0.24827040180668486
1579,7.009798118597234,-0.24837898818087487
1580,7.008936427656414,-0.24848523901860695
1581,7.0080934864783195,-0.2485891517736696
1582,7.0072693220217515,-0.24869072395590974
1583,7.006463960655114,-0.2487899531312927
1584,7.005677428154885,-0.2488868369219611
1585,7.004909749704136,-0.24898137300629122
1586,7.0041609498910775,-0.24907355911894866
1587,7.003431052707582,-0.2491633930509442
1588,7.002720081547842,-0.2492508726496857
1589,7.002028059206983,-0.24933599581902963
1590,7.001355007879731,-0.2494187605193324
1591,7.000700949159125,-0.24949916476749867
1592,7.000065904035259,-0.2495772066370289
1593,6.999449892894035,-0.24965288425806662
1594,6.998852935516005,-0.2497261958174415
1595,6.998275051075171,-0.24979713955871508
1596,6.997716258137902,-0.24986571378222097
1597,6.997176574661802,-0.24993191684510738
1598,6.996656017994705,-0.24999574716137496
1599,6.996154604873597,-0.2500572032019166
1600,6.995672351423706,-0.25011628349455184
1601,6.995209273157475,-0.2501729866240647
1602,6.994765384973701,-0.2502273112322361
1603,6.994340701156651,-0.2502792560178765
1604,6.9939352353751945,-0.2503288197368577
1605,6.993549000682029,-0.2503760012021424
1606,6.9931820095128865,-0.25042079928381245
1607,6.9928342736858085,-0.2504632129090964
1608,6.992505804400459,-0.25050324106239447
1609,6.9921966122374375,-0.25054088278530373
1610,6.9919067071576775,-0.25057613717664046
1611,6.9916360985018375,-0.2506090033924623
1612,6.991384794989773,-0.2506394806460872
1613,6.991152804720003,-0.2506675682081134
1614,6.990940135169225,-0.250693265406437
1615,6.9907467931918905,-0.25071657162626687
1616,6.990572785019785,-0.2507374863101405
1617,6.990418116261667,-0.2507560089579363
1618,6.990282791902935,-0.25077213912688623
1619,6.99016681630531,-0.2507858764315866
1620,6.990070193206636,-0.2507972205440051
1621,6.989992925720589,-0.2508061711934916
1622,6.989935016336534,-0.2508127281667823
1623,6.989896466919365,-0.25081689130800566
1624,6.989877278709395,-0.2508186605186862
1625,6.989877452322294,-0.25081803575774536
1626,6.989896987749026,-0.2508150170415046
1627,6.9899358843558765,-0.2508096044436829
1628,6.989994140884504,-0.2508017980953945
1629,6.99007175545196,-0.25079159818514846
1630,6.99016872555085,-0.2507790049588408
1631,6.990285048049462,-0.2507640187197505
1632,6.990420719191958,-0.250746639828531
1633,6.9905757345986,-0.2507268687032015
1634,6.9907500892660055,-0.2507047058191371
1635,6.990943777567453,-0.2506801517090568
1636,6.991156793253188,-0.2506532069630113
1637,6.991389129450842,-0.25062387222836735
1638,6.991640778665801,-0.2505921482097929
1639,6.9919117327816664,-0.25055803566923995
1640,6.992201983060729,-0.25052153542592587
1641,6.992511520144491,-0.2504826483563135
1642,6.99284033405423,-0.2504413753940898
1643,6.993188414191568,-0.2503977175301434
1644,6.993555749339121,-0.2503516758125402
1645,6.993942327661153,-0.25030325134649867
1646,6.994348136704262,-0.2502524452943626
1647,6.9947731633981345,-0.25019925887557326
1648,6.995217394056328,-0.2501436933666391
1649,6.995680814377046,-0.2500857501011056
1650,6.996163409444006,-0.2500254304695231
1651,6.996665163727307,-0.24996273591941248
1652,6.997186061084359,-0.24989766795523077
1653,6.997726084760813,-0.24983022813833441
1654,6.998285217391568,-0.2497604180869414
1655,6.998863441001778,-0.24968823947609245
1656,6.999460737007905,-0.24961369403761083
1657,7.00007708621882,-0.24953678356005968
1658,7.000712468836933,-0.24945750988869905
1659,7.001366864459338,-0.24937587492544153
1660,7.002040252079014,-0.2492918806288064
1661,7.002732610086067,-0.24920552901387147
1662,7.00344391626896,-0.24911682215222616
1663,7.0041741478158555,-0.249025762171919
1664,7.004923281315902,-0.24893235125740842
1665,7.005691292760631,-0.24883659164950886
1666,7.006478157545343,-0.24873848564533665
1667,7.007283850470535,-0.24863803559825493
1668,7.008108345743367,-0.24853524391781676
1669,7.00895161697916,-0.24843011306970683
1670,7.009813637202929,-0.24832264557568193
1671,7.010694378850948,-0.24821284401350954
1672,7.011593813772321,-0.2481007110169072
1673,7.012511913230648,-0.24798624927547663
1674,7.013448647905637,-0.24786946153464143
1675,7.014403987894836,-0.24775035059557826
1676,7.015377902715337,-0.24762891931515063
1677,7.016370361305516,-0.24750517060584012
1678,7.017381332026832,-0.24737910743567562
1679,7.018410782665649,-0.247250732828161
1680,7.019458680435057,-0.24712004986220373
1681,7.020524991976745,-0.24698706167204018
1682,7.021609683362955,-0.24685177144715825
1683,7.022712720098348,-0.2467141824322228
1684,7.023834067122011,-0.2465742979269961
1685,7.024973688809442,-0.24643212128625838
1686,7.026131548974568,-0.24628765591972696
1687,7.0273076108718024,-0.24614090529197383
1688,7.028501837198115,-0.24599187292234242
1689,7.029714190095134,-0.24584056238486302
1690,7.030944631151314,-0.24568697730816494
1691,7.032193121404055,-0.24553112137539146
1692,7.033459621341922,-0.245372998324109
1693,7.034744090906857,-0.24521261194621766
1694,7.036046489496423,-0.24504996608785987
1695,7.037366775966067,-0.24488506464932752
1696,7.038704908631427,-0.24471791158496817
1697,7.040060845270646,-0.2445485109030895
1698,7.041434543126735,-0.24437686666586209
1699,7.042825958909939,-0.24420298298922238
1700,7.04423504880013,-0.2440268640427731
1701,7.045661768449229,-0.243848514049683
1702,7.047106072983679,-0.2436679372865843
1703,7.048567917006903,-0.2434851380834698
1704,7.050047254601785,-0.24330012082358934
1705,7.051544039333212,-0.24311288994334337
1706,7.053058224250622,-0.2429234499321757
1707,7.0545897618905435,-0.24273180533246613
1708,7.0561386042792105,-0.24253796073942077
1709,7.057704702935166,-0.24234192080096037
1710,7.0592880088718815,-0.2421436902176101
1711,7.060888472600453,-0.24194327374238384
1712,7.062506044132224,-0.24174067618067202
1713,7.064140672981529,-0.24153590239012418
1714,7.065792308168393,-0.24132895728053258
1715,7.067460898221265,-0.2411198458137139
1716,7.069146391179797,-0.24090857300338922
1717,7.070848734597605,-0.24069514391506372
1718,7.072567875545079,-0.24047956366590448
1719,7.0743037606121995,-0.24026183742461685
1720,7.076056335911369,-0.24004197041132053
1721,7.077825547080286,-0.23981996789742288
1722,7.079611339284789,-0.239595835205493
1723,7.0814136572217725,-0.23936957770913278
1724,7.083232445122094,-0.2391412008328476
1725,7.0850676467535,-0.23891071005191505
1726,7.0869192054235475,-0.2386781108922551
1727,7.088787063982599,-0.2384434089302943
1728,7.090671164826789,-0.23820660979283276
1729,7.092571449900996,-0.23796771915690906
1730,7.094487860701875,-0.23772674274966257
1731,7.096420338280875,-0.23748368634819603
1732,7.098368823247273,-0.23723855577943603
1733,7.10033325577124,-0.23699135691999274
1734,7.102313575586879,-0.2367420956960191
1735,7.104309721995335,-0.2364907780830673
1736,7.106321633867885,-0.23623741010594496
1737,7.10834924964904,-0.23598199783857016
1738,7.110392507359667,-0.23572454740382545
1739,7.112451344600144,-0.23546506497340924
1740,7.114525698553459,-0.23520355676768923
1741,7.11661550598842,-0.23494002905555067
1742,7.118720703262799,-0.2346744881542465
1743,7.120841226326526,-0.2344069404292442
1744,7.122977010724854,-0.23413739229407465
1745,7.125127991601603,-0.233865850210175
1746,7.127294103702341,-0.23359232068673527
1747,7.129475281377638,-0.2333168102805399
1748,7.131671458586265,-0.23303932559581161
1749,7.1338825688984615,-0.23275987328405112
1750,7.136108545499183,-0.23247846004387765
1751,7.138349321191366,-0.23219509262086704
1752,7.1406048283991765,-0.2319097778073905
1753,7.142874999171321,-0.23162252244244974
1754,7.145159765184303,-0.23133333341151338
1755,7.147459057745741,-0.23104221764635044
1756,7.1497728077976355,-0.23074918212486464
1757,7.1521009459197105,-0.23045423387092515
1758,7.1544434023327135,-0.23015737995419813
1759,7.156800106901734,-0.22985862748997635
1760,7.159170989139526,-0.22955798363900873
1761,7.161555978209836,-0.22925545560732757
1762,7.163955002930777,-0.22895105064607388
1763,7.166367991778115,-0.22864477605132497
1764,7.168794872888657,-0.22833663916391753
1765,7.171235574063593,-0.228026647369271
1766,7.173690022771847,-0.22771480809721042
1767,7.176158146153412,-0.22740112882178837
1768,7.178639871022766,-0.22708561706110295
1769,7.1811351238722,-0.22676828037711863
1770,7.1836438308752,-0.2264491263754836
1771,7.18616591788981,-0.22612816270534758
1772,7.1887013104620126,-0.22580539705917682
1773,7.191249933829121,-0.22548083717256895
1774,7.193811712923122,-0.2251544908240683
1775,7.196386572374081,-0.22482636583497728
1776,7.198974436513524,-0.2244964700691689
1777,7.2015752293777995,-0.2241648114328978
1778,7.204188874711498,-0.22383139787460887
1779,7.206815295970787,-0.22349623738474805
1780,7.209454416326836,-0.22315933799556836
1781,7.212106158669173,-0.2228207077809377
1782,7.214770445609084,-0.22248035485614423
1783,7.217447199482985,-0.22213828737770155
1784,7.220136342355812,-0.22179451354315183
1785,7.222837796024388,-0.22144904159086973
1786,7.225551482020819,-0.22110187979986312
1787,7.228277321615865,-0.22075303648957478
1788,7.231015235822298,-0.22040252001968233
1789,7.233765145398309,-0.22005033878989647
1790,7.236526970850837,-0.21969650123976045
1791,7.239300632438979,-0.21934101584844512
1792,7.2420860501773205,-0.2189838911345472
1793,7.244883143839327,-0.21862513565588243
1794,7.247691832960671,-0.21826475800928166
1795,7.250512036842618,-0.21790276683038273
1796,7.253343674555351,-0.217539170793424
1797,7.256186664941337,-0.21717397861103474
1798,7.259040926618669,-0.21680719903402595
1799,7.261906377984383,-0.21643884085118106
1800,7.264782937217805,-0.21606891288904354
1801,7.267670522283904,-0.21569742401170416
1802,7.270569050936561,-0.21532438312059002
1803,7.273478440721929,-0.21494979915424892
1804,7.27639860898173,-0.21457368108813507
1805,7.279329472856565,-0.2141960379343931
1806,7.282270949289214,-0.2138168787416415
1807,7.28522295502793,-0.21343621259475534
1808,7.288185406629725,-0.21305404861464794
1809,7.291158220463645,-0.21267039595805173
1810,7.294141312714048,-0.21228526381729818
1811,7.297134599383882,-0.21189866142009642
1812,7.300137996297928,-0.2115105980293122
1813,7.3031514191060625,-0.21112108294274476
1814,7.3061747832864965,-0.2107301254929038
1815,7.309208004149013,-0.21033773504678535
1816,7.3122509968382,-0.20994392100564602
1817,7.315303676336675,-0.20954869280477748
1818,7.31836595746827,-0.20915205991328076
1819,7.3214377549012735,-0.20875403183383706
1820,7.324518983151607,-0.20835461810248043
1821,7.32760955658601,-0.2079538282883682
1822,7.330709389425201,-0.20755167199355273
1823,7.333818395747096,-0.20714815885274776
1824,7.33693648948991,-0.2067432985331
1825,7.340063584455333,-0.20633710073395514
1826,7.343199594311677,-0.2059295751866252
1827,7.346344432597004,-0.20552073165415463
1828,7.349498012722219,-0.20511057993108683
1829,7.352660247974204,-0.2046991298432282
1830,7.3558310515189165,-0.2042863912474118
1831,7.3590103364044746,-0.20387237403126116
1832,7.362198015564223,-0.20345708811295318
1833,7.365394001819844,-0.20304054344097805
1834,7.368598207884354,-0.20262274999390345
1835,7.371810546365187,-0.2022037177801325
1836,7.375030929767227,-0.20178345683766438
1837,7.378259270495825,-0.20136197723385316
1838,7.381495480859821,-0.20093928906516567
1839,7.384739473074542,-0.20051540245693963
1840,7.387991159264776,-0.20009032756314082
1841,7.391250451467767,-0.1996640745661188
1842,7.39451726163618,-0.19923665367636234
1843,7.397791501641066,-0.19880807513225418
1844,7.401073083274774,-0.1983783491998264
1845,7.404361918253905,-0.1979474861725129
1846,7.407657918222233,-0.19751549637090235
1847,7.410960994753599,-0.1970823901424908
1848,7.414271059354811,-0.19664817786143335
1849,7.417588023468523,-0.19621286992829517
1850,7.420911798476104,-0.1957764767698016
1851,7.424242295700498,-0.19533900883858799
1852,7.427579426409065,-0.19490047661294913
1853,7.430923101816423,-0.1944608905965869
1854,7.434273233087228,-0.19402026131836006
1855,7.437629731339038,-0.19357859933202912
1856,7.440992507645041,-0.19313591521600557
1857,7.444361473036899,-0.19269221957309568
1858,7.447736538507451,-0.19224752303024828
1859,7.451117615013511,-0.1918018362382981
1860,7.454504613478585,-0.19135516987171136
1861,7.45789744479561,-0.1909075346283285
1862,7.461296019829647,-0.19045894122910897
1863,7.464700249420596,-0.1900094004178729
1864,7.468110044385863,-0.18955892296104448
1865,7.47152531552308,-0.18910751964739125
1866,7.4749459736126935,-0.18865520128776844
1867,7.478371929420666,-0.18820197871485733
1868,7.481803093701055,-0.1877478627829074
1869,7.485239377198683,-0.18729286436747344
1870,7.488680690651706,-0.186836994365157
1871,7.4921269447942045,-0.18638026369334398
1872,7.495578050358776,-0.18592268328994255
1873,7.499033918079075,-0.18546426411312172
1874,7.502494458692367,-0.18500501714104797
1875,7.505959582942069,-0.18454495337162183
1876,7.509429201580268,-0.18408408382221408
1877,7.5129032253701915,-0.1836224195294031
1878,7.516381565088757,-0.18315997154870747
1879,7.5198641315289985,-0.1826967509543233
1880,7.523350835502546,-0.18223276883885756
1881,7.526841587842078,-0.18176803631306238
1882,7.530336299403743,-0.1813025645055686
1883,7.533834881069594,-0.18083636456261876
1884,7.5373372437499695,-0.18036944764780066
1885,7.540843298385918,-0.17990182494177837
1886,7.5443529559515365,-0.17943350764202567
1887,7.547866127456356,-0.17896450696255684
1888,7.551382723947687,-0.17849483413365752
1889,7.55490265651293,-0.17802450040161688
1890,7.558425836281929,-0.17755351702845631
1891,7.561952174429258,-0.17708189529166057
1892,7.56548158217651,-0.1766096464839068
1893,7.569013970794558,-0.17613678191279547
1894,7.572549251605842,-0.17566331290057724
1895,7.576087335986608,-0.1751892507838829
1896,7.57962813536913,-0.17471460691345128
1897,7.583171561243934,-0.17423939265385752
1898,7.586717525162007,-0.1737636193832403
1899,7.590265938736972,-0.17328729849302996
1900,7.593816713647288,-0.17281044138767385
1901,7.597369761638368,-0.17233305948436595
1902,7.600924994524765,-0.17185516421277053
1903,7.604482324192286,-0.17137676701474958
1904,7.6080416626001135,-0.17089787934408854
1905,7.6116029217828975,-0.1704185126662222
1906,7.615166013852873,-0.16993867845795868
1907,7.6187308510018905,-0.16945838820720663
1908,7.622297345503511,-0.1689776534126984
1909,7.625865409715039,-0.1684964855837152
1910,7.629434956079552,-0.16801489623981122
1911,7.633005897127928,-0.16753289691053788
1912,7.636578145480839,-0.16705049913516729
1913,7.640151613850745,-0.1665677144624163
1914,7.643726215043854,-0.16608455445017034
1915,7.6473018619621165,-0.165601030665205
1916,7.650878467605141,-0.16511715468291063
1917,7.654455945072125,-0.16463293808701496
1918,7.6580342075638015,-0.16414839246930474
1919,7.661613168384331,-0.16366352942934828
1920,7.66519274094318,-0.16317836057421914
1921,7.668772838757004,-0.1626928975182166
1922,7.672353375451527,-0.16220715188258802
1923,7.675934264763363,-0.16172113529525117
1924,7.679515420541874,-0.16123485939051502
1925,7.683096756750977,-0.16074833580880182
1926,7.686678187470969,-0.1602615761963678
1927,7.690259626900306,-0.15977459220502468
1928,7.693840989357374,-0.15928739549186138
1929,7.697422189282281,-0.158799997718964
1930,7.7010031412386155,-0.15831241055313616
1931,7.704583759915148,-0.15782464566562143
1932,7.708163960127581,-0.15733671473182326
1933,7.711743656820276,-0.15684862943102448
1934,7.715322765067917,-0.1563604014461096
1935,7.718901200077236,-0.1558720424632835
1936,7.72247887718866,-0.1553835641717925
1937,7.72605571187798,-0.15489497826364482
1938,7.729631619757982,-0.15440629643333115
1939,7.733206516580121,-0.1539175303775425
1940,7.736780318236093,-0.15342869179489346
1941,7.740352940759471,-0.15293979238564
1942,7.743924300327292,-0.15245084385140067
1943,7.747494313261642,-0.1519618578948757
1944,7.75106289603122,-0.15147284621956775
1945,7.754629965252886,-0.1509838205295018
1946,7.758195437693223,-0.1504947925289447
1947,7.76175923027006,-0.150005773922125
1948,7.765321260053973,-0.1495167764129541
1949,7.768881444269812,-0.14902781170474513
1950,7.772439700298187,-0.14853889149993305
1951,7.775995945676936,-0.14805002749979546
1952,7.779550098102611,-0.14756123140417185
1953,7.783102075431919,-0.1470725149111844
1954,7.786651795683169,-0.1465838897169577
1955,7.790199177037711,-0.1460953675153389
1956,7.793744137841337,-0.14560695999761883
1957,7.797286596605698,-0.14511867885225158
1958,7.800826472009701,-0.14463053576457505
1959,7.8043636829008864,-0.14414254241653165
1960,7.807898148296792,-0.14365471048638934
1961,7.811429787386319,-0.14316705164846147
1962,7.814958519531076,-0.1426795775728285
1963,7.818484264266719,-0.14219229992505786
1964,7.822006941304263,-0.1417052303659264
1965,7.825526470531401,-0.14121838055114028
1966,7.829042772013797,-0.1407317621310573
1967,7.832555765996386,-0.14024538675040735
1968,7.836065372904629,-0.13975926604801522
1969,7.839571513345813,-0.13927341165652068
1970,7.843074108110272,-0.1387878352021018
1971,7.846573078172634,-0.13830254830419697
1972,7.850068344693071,-0.13781756257522587
1973,7.8535598290185025,-0.13733288962031312
1974,7.85704745268381,-0.13684854103701047
1975,7.860531137413031,-0.13636452841501945
1976,7.864010805120541,-0.13588086333591504
1977,7.867486377912259,-0.13539755737286702
1978,7.8709577780867805,-0.13491462209036528
1979,7.874424928136536,-0.134432069043943
1980,7.877887750748949,-0.13394990977989973
1981,7.881346168807554,-0.13346815583502628
1982,7.884800105393143,-0.132986818736328
1983,7.888249483784852,-0.13250591000075032
1984,7.8916942274612625,-0.1320254411349035
1985,7.8951342601015115,-0.13154542363478694
1986,7.898569505586371,-0.13106586898551453
1987,7.9019998879993,-0.130586788661041
1988,7.905425331627515,-0.13010819412388733
1989,7.908845760963044,-0.12963009682486662
1990,7.912261100703769,-0.12915250820281066
1991,7.915671275754448,-0.1286754396842967
1992,7.9190762112277415,-0.1281989026833743
1993,7.922475832445205,-0.12772290860129382
1994,7.925870064938335,-0.12724746882623117
1995,7.929258834449508,-0.12677259473301897
1996,7.932642066932988,-0.12629829768287312
1997,7.936019688555905,-0.12582458902312138
1998,7.939391625699196,-0.1253514800869331
1999,7.942757804958574,-0.12487898219304798
2000,7.946118153145475,-0.12440710664550529
2001,7.94947259728797,-0.12393586473337513
2002,7.952821064631718,-0.1234652677304875
2003,7.956163482640867,-0.12299532689516333
2004,7.959499778998946,-0.12252605346994701
2005,7.9628298816097995,-0.12205745868133551
2006,7.96615371859844,-0.12158955373951226
2007,7.969471218311948,-0.12112234983807853
2008,7.9727823093203405,-0.12065585815378597
2009,7.9760869204174325,-0.12019008984627014
2010,7.979384980621681,-0.11972505605778407
2011,7.982676419177037,-0.11926076791293208
2012,7.985961165553791,-0.11879723651840382
2013,7.989239149449374,-0.11833447296270984
2014,7.992510300789214,-0.11787248831591578
2015,7.995774549727526,-0.11741129362937835
2016,7.999031826648084,-0.11695089993548352
2017,8.002282062165076,-0.11649131824737977
2018,8.005525187123858,-0.11603255955871675
2019,8.00876113260171,-0.11557463484338423
2020,8.01198982990866,-0.1151175550552472
2021,8.015211210588191,-0.11466133112788696
2022,8.018425206418025,-0.11420597397433874
2023,8.021631749410853,-0.11375149448683206
2024,8.024830771815106,-0.11329790353652924
2025,8.028022206115635,-0.11284521197326776
2026,8.031205985034465,-0.11239343062530065
2027,8.03438204153151,-0.11194257029903706
2028,8.037550308805272,-0.11149264177878544
2029,8.040710720293538,-0.11104365582649615
2030,8.043863209674072,-0.11059562318150425
2031,8.047007710865316,-0.11014855456027296
2032,8.050144158027045,-0.10970246065613849
2033,8.053272485561061,-0.1092573521390542
2034,8.056392628111823,-0.10881323965533708
2035,8.059504520567131,-0.10837013382741263
2036,8.062608098058762,-0.10792804525356191
2037,8.06570329596313,-0.10748698450766772
2038,8.068790049901883,-0.10704696213896427
2039,8.071868295742576,-0.10660798867178316
2040,8.074937969599244,-0.10617007460530428
2041,8.077999007833057,-0.10573323041330396
2042,8.08105134705291,-0.10529746654390544
2043,8.084094924116018,-0.1048627934193302
2044,8.087129676128512,-0.10442922143564853
2045,8.090155540446055,-0.10399676096253124
2046,8.09317245467437,-0.10356542234300366
2047,8.096180356669853,-0.1031352158931978
2048,8.099179184540136,-0.10270615190210644
2049,8.10216887664463,-0.10227824063133793
2050,8.105149371595106,-0.1018514923148711
2051,8.108120608256224,-0.10142591715881143
2052,8.111082525746093,-0.101001525341147
2053,8.114035063436768,-0.1005783270115077
2054,8.116978160954845,-0.10015633229092008
2055,8.119911758181937,-0.09973555127156808
2056,8.122835795255206,-0.09931599401655164
2057,8.12575021256787,-0.09889767055964745
2058,8.128654950769716,-0.09848059090506868
2059,8.13154995076762,-0.09806476502722616
2060,8.134435153726,-0.0976502028704922
2061,8.137310501067338,-0.09723691434896158
2062,8.140175934472643,-0.09682490934621665
2063,8.14303139588197,-0.09641419771508948
2064,8.145876827494831,-0.09600478927742981
2065,8.148712171770715,-0.09559669382386862
2066,8.15153737142952,-0.09518992111358546
2067,8.154352369452022,-0.09478448087407587
2068,8.157157109080325,-0.0943803828009191
2069,8.1599515338183,-0.09397763655754728
2070,8.162735587432037,-0.0935762517750146
2071,8.165509213950276,-0.0931762380517677
2072,8.168272357664813,-0.09277760495341826
2073,8.17102496313098,-0.09238036201251204
2074,8.173766975168014,-0.09198451872830432
2075,8.176498338859487,-0.09159008456653242
2076,8.17921899955373,-0.09119706895918969
2077,8.181928902864227,-0.09080548130430095
2078,8.184627994670006,-0.09041533096569908
2079,8.187316221116061,-0.09002662727280036
2080,8.18999352861372,-0.08963937952038363
2081,8.192659863841026,-0.08925359696836795
2082,8.195315173743156,-0.08886928884159155
2083,8.197959405532746,-0.08848646432959291
2084,8.200592506690306,-0.0881051325863908
2085,8.203214424964562,-0.08772530273026685
2086,8.205825108372844,-0.08734698384354699
2087,8.208424505201414,-0.0869701849723867
2088,8.211012564005841,-0.08659491512655414
2089,8.213589233611348,-0.08622118327921562
2090,8.216154463113156,-0.08584899836672215
2091,8.218708201876828,-0.08547836928839607
2092,8.221250399538597,-0.08510930490631895
2093,8.223781006005707,-0.0847418140451212
2094,8.226299971456749,-0.08437590549177036
2095,8.228807246341965,-0.08401158799536285
2096,8.23130278138359,-0.08364887026691521
2097,8.233786527576157,-0.08328776097915597
2098,8.236258436186823,-0.08292826876631929
2099,8.238718458755658,-0.08257040222393952
2100,8.241166547095967,-0.08221416990864629
2101,8.243602653294564,-0.08185958033796079
2102,8.246026729712122,-0.08150664199009168
2103,8.248438728983412,-0.08115536330373455
2104,8.25083860401762,-0.08080575267787006
2105,8.253226307998633,-0.08045781847156372
2106,8.255601794385313,-0.08011156900376719
2107,8.25796501691178,-0.07976701255311974
2108,8.260315929587698,-0.0794241573577511
2109,8.262654486698516,-0.07908301161508532
2110,8.264980642805769,-0.07874358348164519
2111,8.267294352747337,-0.07840588107285777
2112,8.269595571637678,-0.07806991246286225
2113,8.271884254868127,-0.07773568568431577
2114,8.274160358107125,-0.07740320872820312
2115,8.276423837300472,-0.07707248954364661
2116,8.278674648671583,-0.07674353603771598
2117,8.280912748721734,-0.07641635607524024
2118,8.283138094230289,-0.0760909574786207
2119,8.285350642254961,-0.07576734802764382
2120,8.28755035013202,-0.07544553545929705
2121,8.28973717547655,-0.07512552746758362
2122,8.29191107618267,-0.07480733170333888
2123,8.294072010423749,-0.07449095577404957
2124,8.296219936652635,-0.07417640724367154
2125,8.298354813601886,-0.07386369363244956
2126,8.300476600283984,-0.07355282241673786
2127,8.302585255991522,-0.0732438010288239
2128,8.304680740297472,-0.07293663685674813
2129,8.306763013055322,-0.07263133724413157
2130,8.30883203439934,-0.07232790948999843
2131,8.310887764744738,-0.07202636084860335
2132,8.312930164787916,-0.07172669852925746
2133,8.314959195506603,-0.07142892969615866
2134,8.316974818160096,-0.07113306146821918
2135,8.318976994289432,-0.0708391009188968
2136,8.320965685717583,-0.07054705507602622
2137,8.322940854549648,-0.07025693092165136
2138,8.324902463173016,-0.06996873539186017
2139,8.326850474257578,-0.06968247537661801
2140,8.328784850755868,-0.06939815771960496
2141,8.33070555590329,-0.06911578921805107
2142,8.332612553218247,-0.06883537662257604
2143,8.334505806502328,-0.06855692663702811
2144,8.336385279840485,-0.06828044591832372
2145,8.338250937601185,-0.06800594107629009
2146,8.340102744436594,-0.06773341867350634
2147,8.341940665282712,-0.06746288522514883
2148,8.343764665359563,-0.06719434719883469
2149,8.345574710171334,-0.06692781101446814
2150,8.347370765506525,-0.06666328304408839
2151,8.349152797438128,-0.0664007696117166
2152,8.350920772323738,-0.06614027699320658
2153,8.35267465680574,-0.06588181141609437
2154,8.354414417811451,-0.06562537905944955
2155,8.35614002255322,-0.06537098605373029
2156,8.357851438528627,-0.06511863848063476
2157,8.3595486335206,-0.06486834237295759
2158,8.361231575597541,-0.0646201037144462
2159,8.362900233113484,-0.06437392843965796
2160,8.364554574708208,-0.06412982243381939
2161,8.366194569307385,-0.06388779153268531
2162,8.367820186122705,-0.06364784152240026
2163,8.369431394652,-0.06340997813936076
2164,8.371028164679378,-0.06317420707007859
2165,8.372610466275338,-0.06294053395104532
2166,8.374178269796895,-0.06270896436859862
2167,8.37573154588771,-0.06247950385878791
2168,8.3772702654782,-0.06225215790724394
2169,8.378794399785653,-0.0620269319490475
2170,8.380303920314347,-0.061803831368600105
2171,8.381798798855655,-0.0615828614994962
2172,8.383279007488175,-0.061364027624394905
2173,8.38474451857783,-0.06114733497489519
2174,8.386195304777964,-0.06093278873141171
2175,8.387631339029449,-0.060720394023051086
2176,8.389052594560823,-0.06051015592748836
2177,8.390459044888358,-0.060302079470848015
2178,8.391850663816173,-0.06009616962758339
2179,8.393227425436327,-0.05989243132035878
2180,8.394589304128937,-0.059690869419930924
2181,8.395936274562239,-0.059491488745034835
2182,8.397268311692725,-0.05929429406226738
2183,8.398585390765213,-0.05909929008597444
2184,8.399887487312931,-0.05890648147813912
2185,8.401174577157622,-0.05871587284827021
2186,8.402446636409636,-0.05852746875329203
2187,8.403703641467981,-0.058341273697437586
2188,8.404945569020486,-0.058157292132138126
2189,8.406172396043795,-0.05797552845592069
2190,8.407384099803508,-0.057795987014301
2191,8.408580657854243,-0.05761867209968109
2192,8.409762048039724,-0.05744358795124624
2193,8.410928248492855,-0.05727073875486451
2194,8.412079237635785,-0.05710012864298756
2195,8.413214994180008,-0.056931761694551004
2196,8.41433549712641,-0.05676564193487873
2197,8.415440725765382,-0.05660177333558522
2198,8.416530659676846,-0.05644015981448269
2199,8.417605278730347,-0.05628080523548706
2200,8.418664563085136,-0.05612371340852542
2201,8.419708493190218,-0.05596888808944574
2202,8.420737049784417,-0.05581633297992798
2203,8.421750213896464,-0.05566605172739479
2204,8.422747966845021,-0.05551804792492617
2205,8.423730290238794,-0.055372325111171655
2206,8.42469716597657,-0.055228886770267493
2207,8.425648576247259,-0.05508773633175413
2208,8.426584503529968,-0.05494887717049398
2209,8.427504930594084,-0.05481231260658988
2210,8.428409840499308,-0.05467804590530698
2211,8.429299216595696,-0.054546080276995756
2212,8.430173042523737,-0.0544164188770143
2213,8.431031302214407,-0.05428906480565314
2214,8.431873979889204,-0.05416402110806224
2215,8.43270106006021,-0.05404129077417795
2216,8.433512527530139,-0.05392087673865185
2217,8.43430836739239,-0.053802781880780526
2218,8.435088565031101,-0.053687009024436586
2219,8.43585310612117,-0.053573560938003105
2220,8.43660197662832,-0.05346244033430599
2221,8.437335162809145,-0.053353649870549795
2222,8.438052651211157,-0.05324719214825416
2223,8.438754428672805,-0.05314306971319265
2224,8.439440482323553,-0.05304128505533072
2225,8.440110799583877,-0.0529418406087679
2226,8.440765368165351,-0.052844738751678326
2227,8.441404176070638,-0.05274998180625541
2228,8.442027211593574,-0.05265757203865508
2229,8.442634463319159,-0.0525675116589432
2230,8.443225920123643,-0.05247980282104106
2231,8.443801571174516,-0.05239444762267568
2232,8.444361405930556,-0.052311448105329394
2233,8.444905414141873,-0.05223080625419036
2234,8.44543358584993,-0.05215252399810604
2235,8.445945911387568,-0.052076603209537074
2236,8.446442381379047,-0.05200304570451229
2237,8.446922986740077,-0.051931853242585396
2238,8.447387718677826,-0.05186302752679348
2239,8.447836568690974,-0.05179657020361541
2240,8.448269528569721,-0.05173248286293357
2241,8.448686590395809,-0.05167076703799555
2242,8.44908774654256,-0.05161142420537726
2243,8.44947298967489,-0.05155445578494794
2244,8.449842312749341,-0.051499863139835796
2245,8.45019570901409,-0.05144764757639619
2246,8.450533172008974,-0.05139781034417985
2247,8.450854695565491,-0.05135035263590436
2248,8.45116027380688,-0.05130527558742237
2249,8.451449901148058,-0.05126258027769832
2250,8.451723572295693,-0.05122226772878014
2251,8.451981282248202,-0.0511843389057757
2252,8.45222302629577,-0.05114879471682901
2253,8.45244880002035,-0.051115636013099756
2254,8.452658599295692,-0.05108486358874214
2255,8.452852420287359,-0.05105647818088511
2256,8.453030259452715,-0.0510304804696164
2257,8.453192113540963,-0.05100687107796465
2258,8.453337979593142,-0.05098565057188517
2259,8.453467854942135,-0.05096681946024616
2260,8.453581737212673,-0.05095037819481704
2261,8.453679624321351,-0.05093632717025661
2262,8.453761514476657,-0.05092466672410319
2263,8.453827406178917,-0.05091539713676843
2264,8.453877298220368,-0.05090851863152795
2265,8.45391118968511,-0.050904031374518
2266,8.453929079949145,-0.05090193547473016
2267,8.453930968680334,-0.050902230984009846
2268,8.45391685583845,-0.05090491789705333
2269,8.453886741675166,-0.050909996151407746
2270,8.45384062673402,-0.05091746562747453
2271,8.45377851185046,-0.050927326148509554
2272,8.453700398151808,-0.05093957748062884
2273,8.453606287057276,-0.05095421933281331
2274,8.453496180277961,-0.05097125135691552
2275,8.45337007981683,-0.050990673147668024
2276,8.453227987968726,-0.05101248424269289
2277,8.453069907320343,-0.05103668412251267
2278,8.452895840750248,-0.05106327221056188
2279,8.452705791428855,-0.05109224787320115
2280,8.452499762818412,-0.05112361041973246
2281,8.452277758673004,-0.051157359102414535
2282,8.452039783038531,-0.05119349311648125
2283,8.451785840252715,-0.05123201160015975
2284,8.451515934945062,-0.05127291363469192
2285,8.451230072036868,-0.0513161982443552
2286,8.450928256741198,-0.05136186439648619
2287,8.45061049456287,-0.05140991100150465
2288,8.450276791298439,-0.05146033691293965
2289,8.449927153036194,-0.05151314092745585
2290,8.44956158615612,-0.051568321784883325
2291,8.449180097329883,-0.05162587816824641
2292,8.448782693520835,-0.05168580870379469
2293,8.44836938198396,-0.05174811196103639
2294,8.447940170265879,-0.051812786452771195
2295,8.447495066204798,-0.05187983063512719
2296,8.447034077930526,-0.0519492429075953
2297,8.446557213864423,-0.05202102161306809
2298,8.446064482719374,-0.05209516503788011
2299,8.445555893499783,-0.052171671411846456
2300,8.445031455501523,-0.0522505389083065
2301,8.44449117831193,-0.052331765644166195
2302,8.443935071809761,-0.052415349679942824
2303,8.44336314616516,-0.05250128901981166
2304,8.442775411839648,-0.05258958161165235
2305,8.44217187958607,-0.052680225347098236
2306,8.441552560448569,-0.052773218061586226
2307,8.440917465762574,-0.05286855753440741
2308,8.440266607154728,-0.05296624148876117
2309,8.439599996542874,-0.053066267591807784
2310,8.43891764613603,-0.05316863345472457
2311,8.438219568434327,-0.05327333663276208
2312,8.437505776228978,-0.05338037462530309
2313,8.436776282602262,-0.05348974487591995
2314,8.436031100927444,-0.053601444772437536
2315,8.435270244868754,-0.05371547164699443
2316,8.434493728381359,-0.053831822776105
2317,8.433701565711297,-0.05395049538072554
2318,8.432893771395435,-0.05407148662632
2319,8.432070360261443,-0.05419479362292639
2320,8.431231347427715,-0.054320413425226546
2321,8.430376748303347,-0.05444834303261561
2322,8.429506578588084,-0.0545785793892726
2323,8.428620854272276,-0.05471111938423312
2324,8.42771959163678,-0.05484595985146538
2325,8.426802807252983,-0.05498309756994186
2326,8.42587051798269,-0.05512252926371849
2327,8.424922740978097,-0.05526425160201084
2328,8.423959493681725,-0.055408261199274424
2329,8.422980793826367,-0.0555545546152843
2330,8.42198665943503,-0.05570312835521706
2331,8.420977108820866,-0.055853978869733874
2332,8.419952160587133,-0.05600710255506453
2333,8.41891183362711,-0.0561624957530934
2334,8.417856147124049,-0.056320154751445924
2335,8.416785120551099,-0.05648007578357746
2336,8.415698773671256,-0.05664225502886195
2337,8.414597126537272,-0.05680668861268357
2338,8.41348019949163,-0.056973372606527094
2339,8.412348013166417,-0.05714230302807389
2340,8.411200588483299,-0.0573134758412941
2341,8.41003794665344,-0.05748688695654331
2342,8.408860109177406,-0.057662532230660556
2343,8.407667097845117,-0.05784040746706571
2344,8.406458934735742,-0.058020508415860365
2345,8.40523564221766,-0.058202830773927225
2346,8.403997242948362,-0.058387370185033004
2347,8.40274375987435,-0.05857412223993315
2348,8.40147521623109,-0.05876308247647477
2349,8.400191635542907,-0.058954246379704034
2350,8.398893041622907,-0.059147609381973006
2351,8.397579458572903,-0.05934316686304762
2352,8.396250910783287,-0.05954091415021916
2353,8.394907422932995,-0.059740846518413514
2354,8.393549019989385,-0.05994295919030388
2355,8.392175727208143,-0.0601472473364256
2356,8.390787570133199,-0.06035370607528948
2357,8.38938457459663,-0.060562330473498675
2358,8.387966766718556,-0.06077311554586589
2359,8.386534172907066,-0.06098605625553097
2360,8.385086819858083,-0.06120114751408183
2361,8.383624734555282,-0.061418384181675244
2362,8.382147944269983,-0.06163776106715873
2363,8.380656476561049,-0.06185927292819377
2364,8.379150359274774,-0.06208291447138114
2365,8.377629620544768,-0.06230868035238666
2366,8.376094288791876,-0.06253656517606705
2367,8.374544392724033,-0.06276656349659963
2368,8.372979961336156,-0.06299866981761226
2369,8.371401023910035,-0.06323287859231257
2370,8.369807610014234,-0.06346918422361976
2371,8.368199749503937,-0.06370758106429963
2372,8.36657747252084,-0.06394806341709737
2373,8.364940809493033,-0.06419062553487342
2374,8.36328979113488,-0.06443526162074002
2375,8.361624448446877,-0.06468196582819954
2376,8.359944812715533,-0.06493073226128288
2377,8.358250915513233,-0.06518155497469057
2378,8.356542788698123,-0.06543442797393316
2379,8.354820464413939,-0.06568934521547516
2380,8.3530839750899,-0.06594630060687777
2381,8.351333353440566,-0.06620528800694397
2382,8.3495686324657,-0.06646630122586444
2383,8.347789845450105,-0.06672933402536549
2384,8.345997025963475,-0.06699438011885811
2385,8.344190207860294,-0.06726143317158494
2386,8.342369425279633,-0.06753048680077364
2387,8.34053471264504,-0.06780153457578733
2388,8.338686104664344,-0.06807457001827852
2389,8.336823636329527,-0.06834958660234293
2390,8.334947342916577,-0.06862657775467362
2391,8.333057259985285,-0.06890553685471956
2392,8.33115342337912,-0.06918645723484171
2393,8.329235869225041,-0.06946933218047231
2394,8.327304633933352,-0.06975415493027368
2395,8.325359754197493,-0.0700409186763012
2396,8.323401266993917,-0.07032961656416264
2397,8.321429209581872,-0.07062024169318384
2398,8.31944361950323,-0.0709127871165719
2399,8.31744453458235,-0.07120724584157927
2400,8.315431992925832,-0.07150361082967263
2401,8.313406032922366,-0.07180187499669903
2402,8.311366693242542,-0.07210203121305439
2403,8.309314012838662,-0.07240407230385361
2404,8.307248030944523,-0.07270799104910196
2405,8.30516878707525,-0.07301378018386585
2406,8.303076321027088,-0.07332143239844605
2407,8.300970672877193,-0.07363094033855248
2408,8.29885188298343,-0.07394229660547857
2409,8.296719991984155,-0.07425549375627848
2410,8.294575040798048,-0.0745705243039418
2411,8.29241707062385,-0.07488738071757484
2412,8.29024612294016,-0.07520605542257883
2413,8.288062239505242,-0.07552654080082889
2414,8.28586546235677,-0.07584882919085799
2415,8.283655833811613,-0.07617291288803749
2416,8.281433396465626,-0.0764987841447611
2417,8.279198193193395,-0.07682643517062991
2418,8.276950267148006,-0.07715585813263727
2419,8.274689661760817,-0.07748704515535627
2420,8.27241642074123,-0.07781998832112531
2421,8.270130588076405,-0.07815467967023958
2422,8.267832208031058,-0.07849111120113816
2423,8.265521325147178,-0.07882927487059634
2424,8.263197984243797,-0.07916916259391589
2425,8.260862230416732,-0.07951076624511805
2426,8.2585141090383,-0.0798540776571378
2427,8.256153665757074,-0.08019908862201808
2428,8.253780946497619,-0.08054579089110467
2429,8.251395997460211,-0.08089417617524335
2430,8.24899886512056,-0.08124423614497761
2431,8.246589596229555,-0.08159596243074627
2432,8.244168237812946,-0.08194934662308387
2433,8.2417348371711,-0.08230438027281996
2434,8.239289441878668,-0.08266105489128188
2435,8.236832099784348,-0.08301936195049489
2436,8.234362859010519,-0.0833792928833884
2437,8.231881767953004,-0.08374083908399699
2438,8.229388875280737,-0.08410399190766753
2439,8.226884229935456,-0.08446874267126446
2440,8.22436788113139,-0.08483508265337689
2441,8.221839878354956,-0.08520300309452637
2442,8.219300271364423,-0.085572495197376
2443,8.21674911018959,-0.08594355012693995
2444,8.214186445131485,-0.0863161590107933
2445,8.211612326762,-0.08669031293928434
2446,8.20902680592356,-0.08706600296574722
2447,8.20642993372881,-0.08744322010671388
2448,8.20382176156022,-0.08782195534213048
2449,8.201202341069791,-0.08820219961556991
2450,8.198571724178663,-0.08858394383444938
2451,8.195929963076777,-0.08896717887024636
2452,8.193277110222501,-0.08935189555871673
2453,8.19061321834228,-0.0897380847001126
2454,8.187938340430238,-0.0901257370594029
2455,8.185252529747839,-0.09051484336649174
2456,8.182555839823461,-0.0909053943164415
2457,8.179848324452058,-0.09129738056969297
2458,8.177130037694742,-0.09169079275228892
2459,8.174401033878375,-0.0920856214560983
2460,8.17166136759522,-0.09248185723903862
2461,8.168911093702482,-0.09287949062530348
2462,8.166150267321939,-0.09327851210558614
2463,8.163378943839508,-0.09367891213730853
2464,8.160597178904817,-0.09408068114484795
2465,8.157805028430813,-0.09448380951976453
2466,8.155002548593306,-0.09488828762103203
2467,8.15218979583055,-0.09529410577526637
2468,8.149366826842783,-0.09570125427695789
2469,8.146533698591806,-0.09610972338870147
2470,8.143690468300512,-0.09651950334142996
2471,8.140837193452455,-0.0969305843346458
2472,8.13797393179137,-0.09734295653665638
2473,8.135100741320713,-0.09775661008480747
2474,8.132217680303187,-0.09817153508571921
2475,8.129324807260275,-0.09858772161552151
2476,8.126422180971748,-0.0990051597200915
2477,8.12350986047516,-0.09942383941529118
2478,8.120587905065396,-0.09984375068720448
2479,8.117656374294143,-0.10026488349237697
2480,8.114715327969375,-0.10068722775805614
2481,8.111764826154868,-0.10111077338243099
2482,8.108804929169676,-0.10153551023487253
2483,8.105835697587585,-0.10196142815617716
2484,8.102857192236614,-0.10238851695880806
2485,8.099869474198464,-0.10281676642713812
2486,8.096872604807976,-0.1032461663176945
2487,8.0938666456526,-0.1036767063594021
2488,8.090851658571808,-0.10410837625383042
2489,8.087827705656562,-0.10454116567543766
2490,8.084794849248738,-0.10497506427181817
2491,8.081753151940548,-0.1054100616639495
2492,8.078702676573975,-0.10584614744643922
2493,8.075643486240175,-0.10628331118777469
2494,8.072575644278881,-0.10672154243057148
2495,8.069499214277817,-0.10716083069182261
2496,8.066414260072083,-0.10760116546314968
2497,8.063320845743553,-0.10804253621105256
2498,8.060219035620223,-0.10848493237716303
2499,8.057108894275633,-0.10892834337849437
2500,8.053990486528203,-0.10937275860769533
2501,8.050863877440587,-0.1098181674333043
2502,8.047729132319061,-0.11026455920000085
2503,8.044586316712813,-0.11071192322886277
2504,8.041435496413353,-0.11116024881761878
2505,8.038276737453767,-0.11160952524090621
2506,8.035110106108116,-0.11205974175052506
2507,8.031935668890675,-0.11251088757569723
2508,8.028753492555325,-0.11296295192332077
2509,8.025563644094783,-0.11341592397823042
2510,8.022366190739938,-0.11386979290345425
2511,8.019161199959123,-0.11432454784047309
2512,8.015948739457405,-0.11478017790947981
2513,8.01272887717583,-0.11523667220963989
2514,8.00950168129072,-0.11569401981935029
2515,8.006267220212907,-0.11615220979650202
2516,8.00302556258699,-0.11661123117874042
2517,7.99977677729056,-0.1170710729837281
2518,7.99652093343346,-0.11753172420940595
2519,7.99325810035697,-0.11799317383425796
2520,7.989988347633076,-0.11845541081757174
2521,7.986711745063629,-0.11891842409970504
2522,7.983428362679554,-0.11938220260234905
2523,7.980138270740063,-0.11984673522879256
2524,7.976841539731808,-0.1203120108641883
2525,7.973538240368076,-0.12077801837581738
2526,7.970228443587948,-0.12124474661335621
2527,7.966912220555461,-0.12171218440914218
2528,7.963589642658742,-0.12218032057844141
2529,7.9602607815091595,-0.12264914391971556
2530,7.956925708940453,-0.12311864321488977
2531,7.953584497007833,-0.12358880722962144
2532,7.950237217987134,-0.1240596247135673
2533,7.946883944373894,-0.12453108440065294
2534,7.943524748882444,-0.1250031750093432
2535,7.940159704445004,-0.12547588524291048
2536,7.936788884210776,-0.1259492037897047
2537,7.9334123615449625,-0.12642311932342554
2538,7.930030210027865,-0.12689762050339187
2539,7.926642503453943,-0.12737269597481185
2540,7.9232493158308,-0.12784833436905715
2541,7.9198507213782685,-0.12832452430393237
2542,7.916446794527397,-0.12880125438394846
2543,7.913037609919474,-0.12927851320059475
2544,7.909623242405023,-0.12975628933261166
2545,7.906203767042796,-0.13023457134626448
2546,7.9027792590987485,-0.13071334779561636
2547,7.899349794045023,-0.1311926072228018
2548,7.895915447558902,-0.13167233815830073
2549,7.892476295521756,-0.13215252912121378
2550,7.889032414017992,-0.13263316861953545
2551,7.885583879333977,-0.13311424515042994
2552,7.882130767956967,-0.13359574720050618
2553,7.878673156574021,-0.13407766324609233
2554,7.875211122070877,-0.13455998175351308
2555,7.87174474153087,-0.1350426911793641
2556,7.868274092233779,-0.13552577997078952
2557,7.864799251654747,-0.1360092365657562
2558,7.86132029746309,-0.13649304939333237
2559,7.857837307521145,-0.13697720687396459
2560,7.854350359883149,-0.1374616974197528
2561,7.850859532794017,-0.1379465094347297
2562,7.847364904688188,-0.13843163131513667
2563,7.843866554188433,-0.13891705144970146
2564,7.8403645601046055,-0.139402758219918
2565,7.836859001432458,-0.13988874000032253
2566,7.8333499573524215,-0.14037498515877178
2567,7.829837507228332,-0.14086148205672233
2568,7.826321730606202,-0.14134821904950856
2569,7.822802707212942,-0.141835184486622
2570,7.819280516955109,-0.1423223667119885
2571,7.815755239917589,-0.14280975406424953
2572,7.812226956362326,-0.14329733487703944
2573,7.808695746726991,-0.14378509747926602
2574,7.805161691623686,-0.14427303019538834
2575,7.801624871837585,-0.14476112134569802
2576,7.798085368325613,-0.14524935924659718
2577,7.79454326221507,-0.14573773221087946
2578,7.79099863480227,-0.14622622854800907
2579,7.787451567551177,-0.1467148365644005
2580,7.78390214209197,-0.1472035445636999
2581,7.780350440219688,-0.1476923408470631
2582,7.776796543892785,-0.14818121371343676
2583,7.773240535231719,-0.14867015145983853
2584,7.769682496517487,-0.1491591423816372
2585,7.766122510190185,-0.1496481747728334
2586,7.762560658847548,-0.15013723692633893
2587,7.758997025243464,-0.1506263171342581
2588,7.7554316922865,-0.15111540368816673
2589,7.751864743038355,-0.15160448487939496
2590,7.7482962607124035,-0.15209354899930497
2591,7.744726328672129,-0.15258258433957286
2592,7.741155030429588,-0.1530715791924691
2593,7.737582449643859,-0.1535605218511388
2594,7.734008670119476,-0.15404940060988198
2595,7.7304337758048565,-0.1545382037644337
2596,7.7268578507907,-0.15502691961224482
2597,7.723280979308381,-0.15551553645276237
2598,7.719703245728344,-0.1560040425877093
2599,7.716124734558442,-0.1564924263213661
2600,7.712545530442344,-0.15698067596084844
2601,7.708965718157821,-0.15746877981639015
2602,7.7053853826151055,-0.1579567262016216
2603,7.701804608855202,-0.15844450343385014
2604,7.698223482048183,-0.15893209983434026
2605,7.694642087491491,-0.15941950372859262
2606,7.691060510608211,-0.1599067034466244
2607,7.687478836945308,-0.16039368732324952
2608,7.683897152171914,-0.16088044369835675
2609,7.6803155420775315,-0.16136696091719044
2610,7.676734092570278,-0.16185322733062882
2611,7.673152889675071,-0.16233923129546415
2612,7.669572019531846,-0.1628249611746809
2613,7.665991568393712,-0.1633104053377354
2614,7.66241162262515,-0.16379555216083325
2615,7.65883226870014,-0.16428039002720954
2616,7.65525359320029,-0.16476490732740698
2617,7.651675682812995,-0.16524909245955346
2618,7.6480986243295295,-0.1657329338296401
2619,7.644522504643145,-0.16621641985180013
2620,7.640947410747155,-0.1666995389485857
2621,7.637373429732994,-0.16718227955124643
2622,7.633800648788303,-0.1676646301000053
2623,7.630229155194933,-0.16814657904433708
2624,7.626659036326985,-0.1686281148432453
2625,7.62309037964885,-0.16910922596553724
2626,7.619523272713167,-0.16958990089010245
2627,7.615957803158831,-0.17007012810618793
2628,7.612394058708954,-0.17054989611367463
2629,7.60883212716884,-0.17102919342335218
2630,7.605272096423895,-0.17150800855719586
2631,7.601714054437582,-0.17198633004864086
2632,7.5981580892493135,-0.17246414644285782
2633,7.594604288972383,-0.1729414462970265
2634,7.591052741791804,-0.17341821818061182
2635,7.587503535962223,-0.1738944506756365
2636,7.583956759805745,-0.17437013237695592
2637,7.5804125017098,-0.174845251892531
2638,7.576870850124957,-0.1753197978437014
2639,7.5733318935627185,-0.1757937588654599
2640,7.569795720593372,-0.17626712360672242
2641,7.566262419843712,-0.17673988073060284
2642,7.5627320799948565,-0.1772120189146833
2643,7.559204789779986,-0.17768352685128627
2644,7.555680637982068,-0.17815439324774646
2645,7.552159713431619,-0.1786246068266804
2646,7.548642105004388,-0.17909415632625827
2647,7.54512790161907,-0.1795630305004733
2648,7.541617192234965,-0.1800312181194125
2649,7.538110065849687,-0.1804987079695247
2650,7.534606611496788,-0.18096548885389063
2651,7.531106918243414,-0.181431549592491
2652,7.527611075187923,-0.18189687902247534
2653,7.524119171457484,-0.18236146599842995
2654,7.520631296205706,-0.18282529939264452
2655,7.517147538610193,-0.18328836809537977
2656,7.513667987870141,-0.1837506610151334
2657,7.510192733203856,-0.18421216707890756
2658,7.506721863846316,-0.1846728752324734
2659,7.503255469046706,-0.18513277444063653
2660,7.499793638065908,-0.18559185368750256
2661,7.496336460174013,-0.18605010197674066
2662,7.4928840246477915,-0.1865075083318482
2663,7.489436420768183,-0.1869640617964136
2664,7.485993737817738,-0.18741975143437936
2665,7.482556065078051,-0.18787456633030536
2666,7.479123491827204,-0.18832849558963002
2667,7.475696107337184,-0.18878152833893164
2668,7.472274000871245,-0.18923365372619072
2669,7.468857261681342,-0.18968486092104914
2670,7.465445979005481,-0.19013513911507035
2671,7.462040242065066,-0.19058447752199958
2672,7.458640140062251,-0.1910328653780225
2673,7.455245762177274,-0.19148029194202354
2674,7.451857197565787,-0.19192674649584285
2675,7.448474535356127,-0.1923722183445356
2676,7.44509786464664,-0.1928166968166267
2677,7.441727274502909,-0.19326017126436948
2678,7.438362853955087,-0.19370263106399813
2679,7.435004691995077,-0.194144065615986
2680,7.4316528775738115,-0.19458446434529814
2681,7.428307499598463,-0.19502381670164567
2682,7.424968646929653,-0.19546211215973935
2683,7.42163640837863,-0.195899340219543
2684,7.418310872704501,-0.19633549040652373
2685,7.414992128611352,-0.1967705522719055
2686,7.41168026474544,-0.19720451539291894
2687,7.408375369692311,-0.1976373693730523
2688,7.40507753197397,-0.19806910384230011
2689,7.401786840045948,-0.19849970845741433
2690,7.3985033822944635,-0.19892917290215015
2691,7.3952272470334925,-0.1993574868875154
2692,7.391958522501839,-0.19978464015201772
2693,7.388697296860228,-0.2002106224619106
2694,7.385443658188359,-0.20063542361143902
2695,7.382197694481947,-0.20105903342308507
2696,7.378959493649759,-0.20148144174781213
2697,7.375729143510641,-0.20190263846530915
2698,7.372506731790521,-0.20232261348423317
2699,7.369292346119422,-0.2027413567424519
2700,7.366086074028445,-0.20315885820728558
2701,7.362888002946738,-0.20357510787574815
2702,7.3596982201984655,-0.20399009577478774
2703,7.356516812999769,-0.20440381196152585
2704,7.353343868455724,-0.20481624652349537
2705,7.350179473557243,-0.205227389578881
2706,7.3470237151780085,-0.20563723127675512
2707,7.343876680071403,-0.20604576179731457
2708,7.340738454867388,-0.20645297135211707
2709,7.337609126069404,-0.2068588501843164
2710,7.3344887800512515,-0.2072633885688967
2711,7.3313775030539725,-0.20766657681290554
2712,7.3282753811827055,-0.2080684052556876
2713,7.325182500403511,-0.2084688642691176
2714,7.322098946540263,-0.20886794425782973
2715,7.319024805271444,-0.2092656356594497
2716,7.315960162126986,-0.2096619289448241
2717,7.312905102485077,-0.21005681461824957
2718,7.309859711568967,-0.210450283217701
2719,7.306824074443779,-0.2108423253150586
2720,7.303798276013271,-0.2112329315163351
2721,7.3007824010166535,-0.21162209246190072
2722,7.297776534025316,-0.21200979882670953
2723,7.294780759439637,-0.21239604132052153
2724,7.2917951614857,-0.21278081068812835
2725,7.288819824212085,-0.21316409770957304
2726,7.285854831486563,-0.21354589320037443
2727,7.2829002669928515,-0.2139261880117464
2728,7.279956214227352,-0.21430497303081783
2729,7.2770227564958585,-0.21468223918085172
2730,7.274099976910269,-0.21505797742146407
2731,7.271187958385287,-0.2154321787488403
2732,7.2682867836351495,-0.21580483419595192
2733,7.2653965351702805,-0.2161759348327731
2734,7.2625172952940105,-0.21654547176649386
2735,7.259649146099242,-0.2169134361417349
2736,7.256792169465144,-0.2172798191407599
2737,7.253946447053806,-0.2176446119836881
2738,7.251112060306918,-0.21800780592870475
2739,7.248289090442408,-0.21836939227227253
2740,7.245477618451144,-0.21872936234933896
2741,7.242677725093546,-0.21908770753354628
2742,7.239889490896256,-0.219444419237438
2743,7.237112996148777,-0.21979948891266596
2744,7.234348320900113,-0.22015290805019555
2745,7.231595544955417,-0.22050466818051032
2746,7.2288547478726075,-0.22085476087381595
2747,7.2261260089590165,-0.2212031777402427
2748,7.223409407268013,-0.22154991043004713
2749,7.220705021595631,-0.22189495063381293
2750,7.218012930477187,-0.22223829008265097
2751,7.215333212183919,-0.22257992054839773
2752,7.212665944719593,-0.2229198338438135
2753,7.21001120581712,-0.2232580218227793
2754,7.207369072935187,-0.2235944763804928
2755,7.204739623254861,-0.22392918945366297
2756,7.202122933676213,-0.22426215302070446
2757,7.199519080814942,-0.22459335910192976
2758,7.196928140998976,-0.2249227997597419
2759,7.194350190265087,-0.22525046709882512
2760,7.191785304355539,-0.22557635326633413
2761,7.189233558714648,-0.22590045045208468
2762,7.186695028485448,-0.22622275088873958
2763,7.1841697885063045,-0.22654324685199623
2764,7.181657913307517,-0.22686193066077226
2765,7.179159477107952,-0.22717879467739094
2766,7.1766745538116625,-0.2274938313077644
2767,7.174203217004525,-0.22780703300157584
2768,7.171745539950858,-0.22811839225246214
2769,7.169301595590073,-0.22842790159819315
2770,7.16687145653327,-0.22873555362085318
2771,7.164455195059925,-0.22904134094701722
2772,7.162052883114501,-0.22934525624792973
2773,7.1596645923031295,-0.2296472922396796
2774,7.1572903938902135,-0.22994744168337744
2775,7.154930358795107,-0.23024569738532838
2776,7.152584557588784,-0.23054205219720525
2777,7.150253060490516,-0.2308364990162199
2778,7.14793593736451,-0.23112903078529534
2779,7.145633257716611,-0.2314196404932348
2780,7.143345090690969,-0.23170832117489104
2781,7.141071505066755,-0.23199506591133273
2782,7.138812569254827,-0.2322798678300124
2783,7.1365683512944855,-0.23256272010492948
2784,7.134338918850111,-0.23284361595679803
2785,7.1321243392079525,-0.2331225486532062
2786,7.129924679272829,-0.23339951150878047
2787,7.1277400055648545,-0.23367449788534586
2788,7.125570384216201,-0.23394750119208588
2789,7.123415880967844,-0.23421851488570047
2790,7.121276561166343,-0.23448753247056364
2791,7.119152489760588,-0.2347545474988805
2792,7.117043731298596,-0.23501955357084167
2793,7.114950349924322,-0.23528254433477683
2794,7.1128724093744315,-0.23554351348730898
2795,7.110809972975145,-0.23580245477350445
2796,7.108763103639036,-0.23605936198702512
2797,7.1067318638618975,-0.23631422897027604
2798,7.104716315719582,-0.23656704961455466
2799,7.10271652086486,-0.23681781786019743
2800,7.100732540524298,-0.23706652769672582
2801,7.09876443549515,-0.23731317316299064
2802,7.096812266142257,-0.23755774834731563
2803,7.094876092394951,-0.23780024738764033
2804,7.092955973744011,-0.2380406644716597
2805,7.091051969238595,-0.23827899383696477
2806,7.089164137483177,-0.23851522977118175
2807,7.087292536634547,-0.23874936661210885
2808,7.0854372243987775,-0.23898139874785324
2809,7.08359825802826,-0.23921132061696457
2810,7.081775694318687,-0.2394391267085704
2811,7.0799695896061055,-0.2396648115625083
2812,7.078179999763983,-0.2398883697694564
2813,7.076406980200254,-0.24010979597106466
2814,7.074650585854416,-0.24032908486008345
2815,7.072910871194631,-0.24054623118049104
2816,7.071187890214852,-0.2407612297276204
2817,7.069481696431959,-0.2409740753482843
2818,7.067792342882927,-0.2411847629408987
2819,7.066119882121991,-0.2413932874556065
2820,7.0644643662178535,-0.24159964389439842
2821,7.062825846750885,-0.24180382731123373
2822,7.061204374810374,-0.24200583281215896
2823,7.05960000099179,-0.2422056555554251
2824,7.058012775394041,-0.24240329075160516
2825,7.056442747616781,-0.24259873366370885
2826,7.054889966757733,-0.24279197960729626
2827,7.053354481410008,-0.2429830239505916
2828,7.0518363396595065,-0.2431718621145932
2829,7.050335589082255,-0.24335848957318498
2830,7.0488522767418464,-0.24354290185324481
2831,7.047386449186854,-0.2437250945347517
2832,7.045938152448286,-0.2439050632508931
2833,7.0445074320370535,-0.24408280368816931
2834,7.043094332941487,-0.24425831158649738
2835,7.041698899624847,-0.24443158273931312
2836,7.040321176022861,-0.24460261299367375
2837,7.038961205541315,-0.24477139825035601
2838,7.037619031053626,-0.24493793446395642
2839,7.036294694898481,-0.24510221764298754
2840,7.034988238877483,-0.24526424384997375
2841,7.033699704252807,-0.2454240092015475
2842,7.0324291317449115,-0.24558150986854108
2843,7.031176561530269,-0.2457367420760793
2844,7.029942033239088,-0.24588970210367078
2845,7.028725585953119,-0.24604038628529712
2846,7.027527258203444,-0.24618879100950075
2847,7.026347087968308,-0.2463349127194725
2848,7.025185112671,-0.2464787479131359
2849,7.024041369177703,-0.24662029314323317
2850,7.022915893795419,-0.24675954501740757
2851,7.021808722269957,-0.24689650019828327
2852,7.02071988978383,-0.24703115540354853
2853,7.019649430954329,-0.24716350740603193
2854,7.018597379831509,-0.2472935530337817
2855,7.017563769896259,-0.24742128917014153
2856,7.016548634058389,-0.24754671275382567
2857,7.015552004654762,-0.24766982077899202
2858,7.014573913447436,-0.2477906102953147
2859,7.0136143916218305,-0.24790907840805593
2860,7.01267346978497,-0.24802522227813362
2861,7.01175117796369,-0.24813903912219148
2862,7.010847545602934,-0.24825052621266513
2863,7.0099626015640455,-0.24835968087784804
2864,7.009096374123105,-0.2484665005019552
2865,7.008248890969311,-0.24857098252518645
2866,7.007420179203358,-0.24867312444378795
2867,7.006610265335887,-0.2487729238101122
2868,7.005819175285932,-0.2488703782326773
2869,7.005046934379434,-0.24896548537622398
2870,7.004293567347754,-0.24905824296177215
2871,7.003559098326258,-0.2491486487666749
2872,7.002843550852883,-0.24923670062467304
2873,7.0021469478667875,-0.24932239642594642
2874,7.0014693117070195,-0.24940573411716424
2875,7.00081066411119,-0.24948671170153558
2876,7.000171026214213,-0.24956532723885658
2877,6.999550418547087,-0.24964157884555693
2878,6.998948861035669,-0.24971546469474548
2879,6.998366372999533,-0.24978698301625363
2880,6.997802973150799,-0.2498561320966791
2881,6.997258679593077,-0.24992291027942556
2882,6.996733509820385,-0.24998731596474308
2883,6.996227480716117,-0.25004934760976677
2884,6.995740608552069,-0.25010900372855316
2885,6.995272908987459,-0.2501662828921167
2886,6.994824397068021,-0.2502211837284632
2887,6.994395087225118,-0.2502737049226233
2888,6.993984993274874,-0.2503238452166844
2889,6.993594128417392,-0.2503716034098193
2890,6.993222505235947,-0.2504169783583167
2891,6.992870135696261,-0.2504599689756074
2892,6.992537031145769,-0.2505005742322919
2893,6.992223202312988,-0.2505387931561628
2894,6.991928659306869,-0.2505746248322293
2895,6.991653411616172,-0.25060806840273997
2896,6.9913974681089295,-0.2506391230672025
2897,6.991160837031935,-0.25066778808240153
2898,6.990943526010222,-0.2506940627624189
2899,6.990745542046632,-0.2507179464786484
2900,6.990566891521412,-0.25073943865981047
2901,6.990407580191795,-0.25075853879196774
2902,6.990267613191711,-0.2507752464185351
2903,6.990146995031439,-0.25078956114029205
2904,6.99004572959737,-0.25080148261539137
2905,6.989963820151759,-0.2508110105593675
2906,6.989901269332538,-0.2508181447451436
2907,6.9898580791531755,-0.25082288500303546
2908,6.989834251002517,-0.25082523122075806
2909,6.98982978564474,-0.25082518334342546
2910,6.989844683219296,-0.2508227413735537
2911,6.989878943240903,-0.2508179053710596
2912,6.9899325645995765,-0.25081067545326
2913,6.9900055455606935,-0.25080105179486806
2914,6.9900978837651,-0.25078903462798935
2915,6.990209576229249,-0.2507746242421157
2916,6.990340619345376,-0.2507578209841188
2917,6.990491008881713,-0.25073862525824114
2918,6.9906607399827525,-0.250717037526086
2919,6.990849807169509,-0.25069305830660704
2920,6.991058204339878,-0.25066668817609455
2921,6.991285924768965,-0.2506379277681625
2922,6.991532961109522,-0.2506067777737319
2923,6.99179930539234,-0.2505732389410156
2924,6.992084949026768,-0.25053731207549806
2925,6.992389882801183,-0.2504989980399178
2926,6.992714096883551,-0.2504582977542457
2927,6.993057580822024,-0.2504152121956621
2928,6.993420323545529,-0.25036974239853405
2929,6.993802313364443,-0.25032188945439
2930,6.994203537971291,-0.2502716545118925
2931,6.99462398444145,-0.25021903877681173
2932,6.9950636392339245,-0.25016404351199606
2933,6.99552248819216,-0.2501066700373399
2934,6.996000516544854,-0.25004691972975396
2935,6.996497708906842,-0.2499847940231307
2936,6.997014049279987,-0.24992029440831037
2937,6.997549521054157,-0.2498534224330436
2938,6.9981041070081655,-0.24978417970195538
2939,6.998677789310801,-0.249712567876506
2940,6.999270549521883,-0.24963858867494992
2941,6.999882368593325,-0.24956224387229559
2942,7.000513226870264,-0.24948353530026146
2943,7.001163104092203,-0.24940246484723297
2944,7.001831979394221,-0.2493190344582152
2945,7.0025198313081605,-0.24923324613478762
2946,7.003226637763913,-0.2491451019350543
2947,7.003952376090695,-0.24905460397359497
2948,7.004697023018362,-0.2489617544214143
2949,7.005460554678781,-0.2488665555058883
2950,7.006242946607228,-0.24876900951071113
2951,7.007044173743771,-0.2486691187758408
2952,7.007864210434769,-0.24856688569744145
2953,7.008703030434343,-0.24846231272782587
2954,7.0095606069059,-0.24835540237539658
2955,7.010436912423689,-0.24824615720458496
2956,7.011331918974395,-0.24813457983578918
2957,7.01224559795874,-0.24802067294531144
2958,7.013177920193153,-0.24790443926529307
2959,7.014128855911438,-0.24778588158364873
2960,7.0150983747664934,-0.24766500274399927
2961,7.016086445832053,-0.24754180564560294
2962,7.017093037604484,-0.24741629324328474
2963,7.018118118004569,-0.24728846854736594
2964,7.019161654379349,-0.24715833462359169
2965,7.0202236135039815,-0.2470258945930569
2966,7.021303961583676,-0.24689115163212955
2967,7.0224026642555835,-0.2467541089723759
2968,7.023519686590762,-0.2466147699004818
2969,7.02465499309617,-0.24647313775817337
2970,7.0258085477166805,-0.2463292159421364
2971,7.026980313837128,-0.24618300790393405
2972,7.028170254284368,-0.2460345171499246
2973,7.029378331329398,-0.24588374724117584
2974,7.03060450668947,-0.24573070179337955
2975,7.0318487415302435,-0.2455753844767651
2976,7.033110996468003,-0.24541779901600894
2977,7.034391231571826,-0.24525794919014693
2978,7.035689406365845,-0.24509583883248223
2979,7.037005479831505,-0.24493147183049283
2980,7.038339410409872,-0.24476485212573756
2981,7.039691156003923,-0.24459598371376187
2982,7.041060673980906,-0.24442487064400098
2983,7.0424479211747,-0.24425151701968217
2984,7.043852853888228,-0.24407592699772596
2985,7.045275427895845,-0.24389810478864588
2986,7.046715598445809,-0.24371805465644703
2987,7.048173320262734,-0.24353578091852315
2988,7.049648547550083,-0.24335128794555266
2989,7.051141233992682,-0.24316458016139367
2990,7.052651332759268,-0.2429756620429762
2991,7.054178796505025,-0.24278453812019615
2992,7.055723577374214,-0.24259121297580363
2993,7.05728562700274,-0.24239569124529467
2994,7.058864896520797,-0.2421979776167983
2995,7.060461336555512,-0.24199807683096414
2996,7.062074897233612,-0.24179599368084845
2997,7.063705528184149,-0.24159173301179718
2998,7.065353178541174,-0.24138529972133074
2999,7.067017796946502,-0.24117669875902512
