turn,time_sigma_ns,Q1
0,14.762234127298964,-0.0034821947940345097
1,14.762235259731598,-0.0034821321870929893
2,14.762236573305826,-0.003482057514321757
3,14.762238068017481,-0.0034819707761154575
4,14.76223974386211,-0.0034818719728881577
5,14.762241600834944,-0.0034817611050743003
6,14.76224363893089,-0.0034816381731287856
7,14.762245858144544,-0.003481503177526628
8,14.762248258470198,-0.003481356118762738
9,14.762250839901826,-0.003481196997352503
10,14.762253602433086,-0.0034810258138315837
11,14.762256546057333,-0.003480842568755294
12,14.762259670767595,-0.003480647262699894
13,14.762262976556606,-0.00348043989626109
14,14.762266463416767,-0.0034802204700552955
15,14.762270131340184,-0.003479988984718693
16,14.76227398031864,-0.003479745440908006
17,14.762278010343614,-0.003479489839299507
18,14.762282221406268,-0.003479222180590321
19,14.762286613497453,-0.0034789424654972662
20,14.7622911866077,-0.003478650694757687
21,14.762295940727231,-0.0034783468691288845
22,14.762300875845968,-0.0034780309893880554
23,14.762305991953514,-0.0034777030563326854
24,14.76231128903915,-0.003477363070780683
25,14.76231676709186,-0.003477011033569683
26,14.762322426100306,-0.0034766469455577535
27,14.76232826605284,-0.0034762708076228606
28,14.7623342869375,-0.003475882620663485
29,14.762340488742021,-0.0034754823855976022
30,14.762346871453813,-0.00347507010336385
31,14.762353435059987,-0.003474645774920731
32,14.762360179547324,-0.003474209401247093
33,14.762367104902316,-0.003473760983341606
34,14.76237421111113,-0.003473300522222989
35,14.762381498159623,-0.0034728280189303753
36,14.762388966033338,-0.0034723434745228816
37,14.762396614717508,-0.0034718468900797506
38,14.762404444197063,-0.003471338266699833
39,14.762412454456609,-0.003470817605502808
40,14.762420645480445,-0.003470284907628049
41,14.762429017252567,-0.003469740174234691
42,14.76243756975664,-0.0034691834065028403
43,14.762446302976032,-0.0034686146056318477
44,14.762455216893798,-0.0034680337728415197
45,14.762464311492678,-0.0034674409093715867
46,14.762473586755108,-0.0034668360164818667
47,14.762483042663204,-0.003466219095452256
48,14.762492679198782,-0.003465590147582414
49,14.762502496343325,-0.003464949174192773
50,14.762512494078031,-0.0034642961766230256
51,14.762522672383774,-0.003463631156233179
52,14.762533031241118,-0.0034629541144034597
53,14.762543570630323,-0.0034622650525337425
54,14.762554290531318,-0.0034615639720444093
55,14.762565190923743,-0.0034608508743756102
56,14.762576271786912,-0.0034601257609875383
57,14.762587533099842,-0.0034593886333602526
58,14.762598974841229,-0.0034586394929941237
59,14.762610596989457,-0.003457878341409305
60,14.762622399522622,-0.003457105180145678
61,14.76263438241847,-0.0034563200107639268
62,14.762646545654471,-0.0034555228348438598
63,14.762658889207772,-0.0034547136539857335
64,14.762671413055203,-0.00345389246980977
65,14.7626841171733,-0.0034530592839559773
66,14.762697001538264,-0.003452214098084746
67,14.762710066126012,-0.0034513569138759207
68,14.762723310912133,-0.003450487733029547
69,14.76273673587192,-0.0034496065572655376
70,14.762750340980338,-0.0034487133883241462
71,14.762764126212067,-0.003447808227964694
72,14.76277809154145,-0.003446891077967576
73,14.762792236942541,-0.003445961940132313
74,14.762806562389068,-0.0034450208162786888
75,14.762821067854462,-0.003444067708246206
76,14.76283575331184,-0.003443102617894658
77,14.762850618734008,-0.0034421255471034006
78,14.762865664093457,-0.003441136497771943
79,14.762880889362377,-0.003440135471819753
80,14.762896294512657,-0.0034391224711854784
81,14.762911879515864,-0.003438097497828595
82,14.762927644343243,-0.0034370605537283033
83,14.762943588965754,-0.003436011640883472
84,14.762959713354041,-0.0034349507613125182
85,14.762976017478433,-0.0034338779170545613
86,14.762992501308958,-0.003432793110167702
87,14.763009164815326,-0.0034316963427306795
88,14.76302600796695,-0.003430587616841541
89,14.763043030732915,-0.003429466934618708
90,14.76306023308201,-0.003428334298200174
91,14.763077614982718,-0.00342718970974376
92,14.763095176403212,-0.003426033171426917
93,14.763112917311352,-0.003424864685447406
94,14.763130837674698,-0.0034236842540223164
95,14.763148937460487,-0.003422491879389162
96,14.763167216635663,-0.003421287563804569
97,14.76318567516685,-0.003420071309545689
98,14.763204313020372,-0.0034188431189090623
99,14.763223130162231,-0.0034176029942113106
100,14.763242126558142,-0.003416350937788491
101,14.763261302173499,-0.0034150869519965978
102,14.763280656973393,-0.0034138110392115044
103,14.763300190922603,-0.0034125232018288316
104,14.763319903985598,-0.0034112234422640293
105,14.763339796126555,-0.0034099117629520473
106,14.763359867309317,-0.0034085881663481815
107,14.763380117497448,-0.0034072526549267187
108,14.763400546654175,-0.003405905231182561
109,14.763421154742446,-0.003404545897629582
110,14.763441941724889,-0.0034031746568016826
111,14.763462907563826,-0.0034017915112524947
112,14.763484052221264,-0.003400396463555689
113,14.763505375658914,-0.003398989516304206
114,14.763526877838183,-0.003397570672110821
115,14.76354855872016,-0.003396139933608151
116,14.763570418265632,-0.0033946973034483527
117,14.763592456435074,-0.0033932427843036046
118,14.76361467318867,-0.003391776378865285
119,14.763637068486283,-0.003390298089844928
120,14.763659642287463,-0.0033888079199736218
121,14.763682394551482,-0.003387305872001792
122,14.763705325237279,-0.003385791948700013
123,14.763728434303493,-0.0033842661528583106
124,14.763751721708461,-0.003382728487286512
125,14.763775187410218,-0.003381178954813646
126,14.763798831366485,-0.0033796175582888623
127,14.763822653534689,-0.003378044300580595
128,14.763846653871925,-0.00337645918457741
129,14.763870832335016,-0.0033748622131869153
130,14.763895188880452,-0.003373253389336831
131,14.763919723464433,-0.003371632715974223
132,14.763944436042856,-0.0033700001960655854
133,14.763969326571292,-0.0033683558325976193
134,14.763994395005039,-0.00336669962857578
135,14.764019641299065,-0.0033650315870257714
136,14.764045065408036,-0.0033633517109926884
137,14.764070667286324,-0.0033616600035410713
138,14.764096446887983,-0.0033599564677553382
139,14.764122404166773,-0.0033582411067390227
140,14.764148539076148,-0.003356513923615438
141,14.76417485156925,-0.0033547749215277122
142,14.764201341598923,-0.0033530241036379836
143,14.764228009117705,-0.0033512614731284083
144,14.76425485407783,-0.0033494870332002355
145,14.764281876431225,-0.003347700787074723
146,14.764309076129516,-0.0033459027379922914
147,14.764336453124026,-0.003344092889212965
148,14.764364007365783,-0.0033422712440156913
149,14.764391738805495,-0.003340437805699894
150,14.764419647393575,-0.0033385925775839057
151,14.764447733080127,-0.003336735563005776
152,14.764475995814957,-0.0033348667653228794
153,14.764504435547565,-0.0033329861879121047
154,14.764533052227144,-0.0033310938341698545
155,14.764561845802596,-0.0033291897075117434
156,14.76459081622251,-0.003327273811373017
157,14.764619963435168,-0.00332534614920862
158,14.764649287388563,-0.003323406724492289
159,14.764678788030384,-0.0033214555407174544
160,14.764708465308006,-0.0033194926013970813
161,14.764738319168503,-0.003317517910063669
162,14.764768349558654,-0.0033155314702688252
163,14.764798556424928,-0.0033135332855837732
164,14.7648289397135,-0.0033115233595989247
165,14.764859499370244,-0.003309501695923908
166,14.764890235340735,-0.00330746829818776
167,14.764921147570222,-0.0033054231700395476
168,14.764952236003687,-0.003303366315146689
169,14.76498350058577,-0.0033012977371971266
170,14.765014941260853,-0.003299217439896846
171,14.765046557972983,-0.003297125426972091
172,14.765078350665926,-0.0032950217021680563
173,14.765110319283131,-0.0032929062692493693
174,14.765142463767766,-0.003290779131999713
175,14.76517478406268,-0.0032886402942223234
176,14.765207280110435,-0.003286489759739565
177,14.765239951853275,-0.003284327532393444
178,14.765272799233157,-0.003282153616044782
179,14.765305822191733,-0.003279968014574038
180,14.765339020670362,-0.0032777707318805156
181,14.765372394610095,-0.0032755617718830963
182,14.765405943951686,-0.0032733411385197073
183,14.765439668635578,-0.0032711088357478815
184,14.765473568601932,-0.0032688648675439423
185,14.765507643790606,-0.0032666092379034927
186,14.76554189414115,-0.003264341950841416
187,14.765576319592814,-0.0032620630103920192
188,14.765610920084567,-0.0032597724206082433
189,14.76564569555505,-0.003257470185563065
190,14.765680645942622,-0.0032551563093479183
191,14.765715771185342,-0.003252830796073724
192,14.765751071220969,-0.0032504936498705794
193,14.765786545986968,-0.003248144874887331
194,14.765822195420505,-0.003245784475292156
195,14.765858019458426,-0.0032434124552731085
196,14.765894018037306,-0.0032410288190363864
197,14.765930191093405,-0.0032386335708079073
198,14.765966538562697,-0.003236226714832209
199,14.76600306038085,-0.0032338082553733075
200,14.766039756483236,-0.003231378196714283
201,14.76607662680494,-0.0032289365431568038
202,14.766113671280722,-0.0032264832990225984
203,14.766150889845077,-0.0032240184686514596
204,14.766188282432177,-0.0032215420564029374
205,14.766225848975912,-0.003219054066655113
206,14.766263589409867,-0.0032165545038057557
207,14.766301503667338,-0.003214043372270919
208,14.766339591681312,-0.003211520676486199
209,14.766377853384498,-0.0032089864209059356
210,14.766416288709284,-0.0032064406100038327
211,14.766454897587785,-0.0032038832482721327
212,14.766493679951806,-0.003201314340222308
213,14.766532635732856,-0.0031987338903848406
214,14.766571764862167,-0.003196141903308801
215,14.766611067270638,-0.0031935383835631262
216,14.766650542888911,-0.0031909233357347404
217,14.766690191647303,-0.0031882967644301075
218,14.766730013475852,-0.0031856586742743764
219,14.766770008304299,-0.003183009069911657
220,14.766810176062082,-0.003180347956005086
221,14.766850516678351,-0.003177675337236578
222,14.76689103008196,-0.0031749912183069925
223,14.766931716201475,-0.0031722956039358955
224,14.766972574965145,-0.003169588498862296
225,14.76701360630095,-0.0031668699078434264
226,14.767054810136566,-0.003164139835655677
227,14.76709618639936,-0.0031613982870944655
228,14.767137735016437,-0.003158645266973662
229,14.767179455914576,-0.0031558807801263574
230,14.767221349020284,-0.003153104831404137
231,14.767263414259773,-0.00315031742567726
232,14.767305651558935,-0.003147518567835833
233,14.767348060843398,-0.003144708262787646
234,14.767390642038485,-0.003141886515459726
235,14.767433395069236,-0.0031390533307975796
236,14.767476319860389,-0.003136208713765847
237,14.767519416336388,-0.003133352669347685
238,14.767562684421385,-0.003130485202545317
239,14.76760612403924,-0.0031276063183794654
240,14.767649735113526,-0.0031247160218895657
241,14.767693517567517,-0.0031218143181338926
242,14.767737471324198,-0.0031189012121893844
243,14.767781596306264,-0.003115976709151579
244,14.767825892436115,-0.0031130408141349167
245,14.767870359635873,-0.0031100935322720034
246,14.767914997827335,-0.0031071348687151555
247,14.76795980693204,-0.0031041648286343395
248,14.768004786871222,-0.0031011834172186225
249,14.768049937565833,-0.0030981906396755957
250,14.76809525893652,-0.003095186501231474
251,14.768140750903648,-0.0030921710071314203
252,14.76818641338728,-0.003089144162639028
253,14.768232246307214,-0.003086105973036155
254,14.768278249582934,-0.0030830564436235995
255,14.768324423133642,-0.003079995579720883
256,14.768370766878245,-0.003076923386665823
257,14.768417280735381,-0.0030738398698146505
258,14.768463964623367,-0.003070745034542777
259,14.76851081846026,-0.0030676388862433167
260,14.768557842163805,-0.003064521430328713
261,14.768605035651474,-0.00306139267222938
262,14.768652398840445,-0.0030582526173942933
263,14.768699931647598,-0.0030551012712913745
264,14.768747633989538,-0.003051938639406712
265,14.768795505782569,-0.0030487647272449438
266,14.768843546942726,-0.003045579540328841
267,14.76889175738572,-0.0030423830842007094
268,14.768940137027014,-0.003039175364420099
269,14.76898868578176,-0.003035956386565411
270,14.769037403564834,-0.003032726156233678
271,14.769086290290813,-0.0030294846790401503
272,14.769135345873995,-0.003026231960618602
273,14.769184570228395,-0.003022968006620913
274,14.769233963267725,-0.003019692822717994
275,14.769283524905426,-0.0030164064145984898
276,14.769333255054635,-0.0030131087879699025
277,14.769383153628226,-0.0030097999485577064
278,14.769433220538764,-0.003006479902105919
279,14.769483455698543,-0.0030031486543768884
280,14.769533859019568,-0.0029998062111512374
281,14.76958443041355,-0.002996452578227975
282,14.769635169791929,-0.0029930877614242446
283,14.769686077065845,-0.0029897117665756132
284,14.769737152146162,-0.002986324599536051
285,14.769788394943452,-0.0029829262661776584
286,14.769839805367997,-0.002979516772391077
287,14.76989138332982,-0.002976096124084433
288,14.769943128738628,-0.0029726643271851165
289,14.76999504150386,-0.00296922138763808
290,14.770047121534667,-0.0029657673114068255
291,14.770099368739928,-0.0029623021044724563
292,14.77015178302821,-0.0029588257728352003
293,14.770204364307826,-0.0029553383225126646
294,14.770257112486792,-0.0029518397595410402
295,14.770310027472838,-0.0029483300899745667
296,14.770363109173406,-0.002944809319886034
297,14.770416357495675,-0.0029412774553656176
298,14.770469772346518,-0.002937734502522306
299,14.770523353632543,-0.0029341804674828495
300,14.770577101260061,-0.0029306153563922834
301,14.77063101513512,-0.002927039175413366
302,14.770685095163463,-0.0029234519307274943
303,14.770739341250563,-0.0029198536285339493
304,14.770793753301616,-0.0029162442750497153
305,14.770848331221522,-0.002912623876510341
306,14.770903074914921,-0.002908992439169052
307,14.770957984286143,-0.0029053499692973934
308,14.771013059239262,-0.0029016964731847397
309,14.771068299678063,-0.0028980319571384238
310,14.771123705506032,-0.0028943564274842427
311,14.77117927662641,-0.0028906698905651405
312,14.771235012942135,-0.0028869723527427064
313,14.771290914355864,-0.002883263820396398
314,14.771346980769978,-0.0028795442999233287
315,14.771403212086572,-0.0028758137977392424
316,14.771459608207472,-0.002872072320276865
317,14.771516169034228,-0.002868319873987417
318,14.771572894468102,-0.002864556465339686
319,14.771629784410072,-0.0028607821008207503
320,14.771686838760836,-0.0028569967869357753
321,14.771744057420833,-0.002853200530206874
322,14.771801440290206,-0.002849393337174743
323,14.771858987268818,-0.002845575214397816
324,14.771916698256279,-0.002841746168451936
325,14.771974573151883,-0.0028379062059315265
326,14.77203261185467,-0.0028340553334482983
327,14.772090814263397,-0.002830193557631896
328,14.77214918027655,-0.0028263208851296165
329,14.772207709792324,-0.002822437322606813
330,14.772266402708656,-0.0028185428767461933
331,14.772325258923173,-0.002814637554249028
332,14.772384278333268,-0.002810721361833255
333,14.772443460836032,-0.0028067943062352577
334,14.772502806328271,-0.0028028563942091088
335,14.772562314706548,-0.0027989076325261103
336,14.772621985867124,-0.0027949480279754607
337,14.772681819705989,-0.002790977587364458
338,14.77274181611885,-0.002786996317517873
339,14.772801975001165,-0.0027830042252776225
340,14.772862296248094,-0.002779001317503728
341,14.77292277975453,-0.002774987601073762
342,14.772983425415083,-0.002770963082883112
343,14.773044233124098,-0.002766927769844419
344,14.773105202775648,-0.0027628816688880756
345,14.773166334263514,-0.0027588247869622592
346,14.77322762748122,-0.0027547571310325264
347,14.773289082322021,-0.0027506787080816475
348,14.773350698678883,-0.0027465895251105564
349,14.773412476444499,-0.002742489589137488
350,14.773474415511295,-0.0027383789071983053
351,14.773536515771431,-0.002734257486345882
352,14.773598777116783,-0.0027301253336512042
353,14.773661199438953,-0.002725982456202552
354,14.77372378262929,-0.0027218288611052877
355,14.77378652657884,-0.0027176645554829165
356,14.773849431178409,-0.002713489546475638
357,14.773912496318511,-0.0027093038412417687
358,14.77397572188939,-0.002705107446956716
359,14.774039107781029,-0.002700900370813124
360,14.774102653883128,-0.002696682620021565
361,14.774166360085125,-0.0026924542018094944
362,14.774230226276172,-0.002688215123422238
363,14.774294252345179,-0.002683965392121656
364,14.774358438180771,-0.0026797050151874105
365,14.774422783671282,-0.0026754339999173274
366,14.774487288704803,-0.0026711523536251123
367,14.774551953169157,-0.0026668600836425747
368,14.774616776951873,-0.002662557197318889
369,14.774681759940233,-0.002658243702020113
370,14.774746902021242,-0.0026539196051298796
371,14.774812203081641,-0.0026495849140487884
372,14.774877663007889,-0.002645239636195086
373,14.77494328168619,-0.0026408837790039504
374,14.77500905900248,-0.0026365173499277076
375,14.775074994842424,-0.002632140356436038
376,14.775141089091399,-0.0026277528060163233
377,14.775207341634548,-0.002623354706172095
378,14.775273752356737,-0.0026189460644245807
379,14.77534032114255,-0.002614526888312199
380,14.775407047876318,-0.0026100971853906074
381,14.775473932442093,-0.0026056569632324773
382,14.775540974723675,-0.0026012062294274102
383,14.775608174604594,-0.002596744991582112
384,14.775675531968105,-0.002592273257320789
385,14.7757430466972,-0.002587791034284484
386,14.775810718674622,-0.0025832983301308913
387,14.775878547782824,-0.002578795152535399
388,14.775946533904012,-0.0025742815091900086
389,14.776014676920116,-0.0025697574078040212
390,14.776082976712805,-0.0025652228561034575
391,14.776151433163486,-0.002560677861831654
392,14.776220046153297,-0.002556122432748651
393,14.776288815563113,-0.0025515565766316135
394,14.776357741273552,-0.0025469803012745118
395,14.776426823164956,-0.0025423936144884605
396,14.776496061117411,-0.0025377965241014473
397,14.776565455010736,-0.002533189037958349
398,14.7766350047245,-0.0025285711639205896
399,14.776704710137995,-0.0025239429098670046
400,14.776774571130254,-0.002519304283693143
401,14.776844587580042,-0.0025146552933113893
402,14.776914759365873,-0.002509995946650955
403,14.776985086365997,-0.002505326251657742
404,14.777055568458392,-0.00250064621629483
405,14.777126205520789,-0.0024959558485416655
406,14.777196997430652,-0.002491255156394597
407,14.777267944065176,-0.002486544147867191
408,14.777339045301307,-0.002481822830989233
409,14.777410301015724,-0.0024770912138074534
410,14.777481711084844,-0.002472349304385494
411,14.777553275384825,-0.002467597110803707
412,14.777624993791566,-0.00246283464115884
413,14.777696866180719,-0.0024580619035642075
414,14.777768892427657,-0.002453278906150305
415,14.777841072407503,-0.002448485657064198
416,14.777913405995118,-0.0024436821644693366
417,14.777985893065102,-0.0024388684365462604
418,14.778058533491814,-0.0024340444814913978
419,14.778131327149326,-0.0024292103075186007
420,14.778204273911465,-0.0024243659228580243
421,14.77827737365182,-0.002419511335755854
422,14.778350626243695,-0.002414646554475549
423,14.77842403156014,-0.0024097715872971053
424,14.77849758947397,-0.0024048864425164273
425,14.778571299857715,-0.0023999911284466025
426,14.778645162583661,-0.002395085653417096
427,14.778719177523845,-0.002390170025773487
428,14.778793344550039,-0.0023852442538781888
429,14.778867663533752,-0.0023803083461100927
430,14.77894213434625,-0.002375362310864579
431,14.779016756858539,-0.002370406156553188
432,14.779091530941372,-0.002365439891603957
433,14.779166456465239,-0.002360463524461708
434,14.779241533300382,-0.0023554770635872244
435,14.779316761316789,-0.0023504805174579093
436,14.779392140384186,-0.0023454738945675145
437,14.77946767037206,-0.002340457203425958
438,14.77954335114963,-0.002335430452559651
439,14.779619182585874,-0.0023303936505111593
440,14.779695164549496,-0.0023253468058398287
441,14.77977129690897,-0.00232028992712078
442,14.779847579532506,-0.0023152230229455477
443,14.779924012288058,-0.0023101461019222353
444,14.780000595043331,-0.0023050591726749316
445,14.780077327665788,-0.002299962243843772
446,14.780154210022621,-0.0022948553240856404
447,14.780231241980779,-0.002289738422073367
448,14.78030842340697,-0.0022846115464956974
449,14.780385754167638,-0.0022794747060579097
450,14.780463234128975,-0.002274327909481412
451,14.780540863156935,-0.0022691711655035674
452,14.780618641117211,-0.0022640044828779937
453,14.780696567875244,-0.002258827870374647
454,14.780774643296231,-0.0022536413367793017
455,14.780852867245118,-0.0022484448908939567
456,14.780931239586595,-0.0022432385415366483
457,14.78100976018512,-0.002238022297541284
458,14.781088428904889,-0.0022327961677579343
459,14.781167245609842,-0.0022275601610531916
460,14.781246210163683,-0.0022223142863090606
461,14.781325322429868,-0.0022170585524236047
462,14.781404582271602,-0.0022117929683110426
463,14.781483989551836,-0.002206517542901599
464,14.78156354413328,-0.0022012322851413524
465,14.781643245878403,-0.0021959372039921476
466,14.781723094649417,-0.002190632308432174
467,14.781803090308284,-0.0021853176074554045
468,14.781883232716726,-0.0021799931100715394
469,14.781963521736223,-0.002174658825306228
470,14.782043957228002,-0.002169314762200995
471,14.782124539053044,-0.0021639609298133755
472,14.782205267072083,-0.002158597337216583
473,14.782286141145619,-0.002153223993499651
474,14.782367161133898,-0.0021478409077672874
475,14.782448326896922,-0.0021424480891402424
476,14.782529638294442,-0.002137045546755185
477,14.78261109518599,-0.0021316332897637204
478,14.782692697430818,-0.002126211327334343
479,14.782774444887961,-0.0021207796686503622
480,14.782856337416197,-0.002115338322911508
481,14.782938374874067,-0.002109887299332586
482,14.78302055711987,-0.002104426607144417
483,14.78310288401166,-0.0020989562555934517
484,14.783185355407241,-0.0020934762539419074
485,14.78326797116419,-0.002087986611467362
486,14.783350731139828,-0.0020824873374631855
487,14.783433635191242,-0.0020769784412384184
488,14.783516683175286,-0.0020714599321173767
489,14.78359987494855,-0.002065931819440298
490,14.783683210367403,-0.0020603941125628715
491,14.783766689287964,-0.002054846820856355
492,14.783850311566116,-0.0020492899537074135
493,14.783934077057493,-0.0020437235205184546
494,14.784017985617496,-0.0020381475307073645
495,14.784102037101292,-0.002032561993707184
496,14.784186231363796,-0.002026966918966761
497,14.784270568259698,-0.0020213623159501177
498,14.784355047643436,-0.0020157481941370115
499,14.784439669369217,-0.0020101245630223074
500,14.784524433291015,-0.0020044914321164253
501,14.784609339262548,-0.0019954381350714874
502,14.78468592212448,-0.0019815810081975265
503,14.784733995802277,-0.0019734928915561573
504,14.784729467200794,-0.0019910645367681532
505,14.78465215039139,-0.0020484394203980796
506,14.784493580848995,-0.0021459942991656996
507,14.78425375970256,-0.0022837269094596836
508,14.783932688656463,-0.002461634058086786
509,14.783530369990498,-0.00267971162234029
510,14.783046806559877,-0.002937954550087423
511,14.782482001795293,-0.003236356859876538
512,14.78183595970288,-0.003574911641064226
513,14.781108684864293,-0.003953611053961362
514,14.780300182436696,-0.004372446329999814
515,14.779410458152825,-0.004831407771917332
516,14.778439518321004,-0.0053304847539636544
517,14.777387369825194,-0.0058696657221251405
518,14.776254020125046,-0.006448938194368913
519,14.775039477255913,-0.00706828876090816
520,14.773743749828935,-0.007727703084484947
521,14.772366847031101,-0.008427165900673259
522,14.770908778625252,-0.009166661018203919
523,14.769369554950208,-0.009946171319304904
524,14.7677491869208,-0.010765678760064722
525,14.766047686027939,-0.011625164370814066
526,14.764265064338701,-0.012524608256526907
527,14.762401334496397,-0.013463989597241774
528,14.760456509720651,-0.014443286648501894
529,14.758430603807483,-0.015462476741815761
530,14.756323631129426,-0.016521536285135748
531,14.754135606635579,-0.017620440763358135
532,14.751866545851717,-0.018759164738842145
533,14.749516464880402,-0.019937681851947206
534,14.747085380401069,-0.021155964821591565
535,14.74457330967015,-0.02241398544582927
536,14.741980270521177,-0.023711714602447052
537,14.739306281364883,-0.025049122249581234
538,14.736551361189372,-0.02642617742635218
539,14.733715529560182,-0.027842848253521322
540,14.730798806620436,-0.029299101934165555
541,14.727801213090993,-0.030794904754370748
542,14.724722770270564,-0.03233022208394641
543,14.721563500035844,-0.03390501837715898
544,14.718323424841667,-0.0355192571734845
545,14.71500256772116,-0.03717290109838037
546,14.711600952285902,-0.038865911864077216
547,14.708118602726037,-0.04059825027039037
548,14.704555543810482,-0.04236987620555005
549,14.70091180088706,-0.044180748647051335
550,14.697187399882699,-0.0460308256625228
551,14.693382367303595,-0.04792006441061583
552,14.689496730235364,-0.049848421141912964
553,14.685530516343254,-0.051815851199854344
554,14.681483753872314,-0.053822309021685645
555,14.677356471647599,-0.055867748139422996
556,14.673148699074366,-0.05795212118083892
557,14.668860466138245,-0.06007537987046742
558,14.664491803405483,-0.06223747503062727
559,14.660042742023144,-0.06443835658246541
560,14.655513313719283,-0.06667797354702089
561,14.650903550803204,-0.06895627404630511
562,14.646213486165689,-0.0712732053044033
563,14.641443153279194,-0.07362871364859536
564,14.636592586198104,-0.0760227445104951
565,14.63166181955896,-0.07845524242720894
566,14.626650888580707,-0.08092615104251409
567,14.62155982906494,-0.08343541310805537
568,14.616388677396145,-0.08598297048456212
569,14.611137470541976,-0.08856876414308258
570,14.60580624605349,-0.09119273416623995
571,14.600395042065456,-0.09385481974950424
572,14.594903897296579,-0.09655495920248668
573,14.589332851049805,-0.09929308995025089
574,14.583681943212602,-0.10206914853464356
575,14.57795121425724,-0.10488307061564484
576,14.572140705241095,-0.10773479097273714
577,14.566250457806921,-0.1106242435062934
578,14.560280514183196,-0.11355136123898382
579,14.554230917184402,-0.11651607631720151
580,14.548101710211332,-0.11951832001250855
581,14.541892937251458,-0.12255802272309815
582,14.53560464287919,-0.1256351139752794
583,14.529236872256268,-0.12874952242497725
584,14.522789671132063,-0.131901175859254
585,14.516263085843937,-0.13509000119784872
586,14.50965716331758,-0.1383159244947352
587,14.50297195106739,-0.14157887093969893
588,14.496207497196812,-0.14487876485993323
589,14.489363850398695,-0.14821552972165455
590,14.482441059955711,-0.15158908813173416
591,14.475439175740686,-0.1549993618393523
592,14.468358248217033,-0.15844627173766707
593,14.461198328439089,-0.16192973786550605
594,14.45395946805257,-0.16544967940907274
595,14.446641719294925,-0.16900601470367496
596,14.439245134995804,-0.17259866123546871
597,14.43176976857744,-0.1762275356432233
598,14.424215674055077,-0.17989255372010415
599,14.416582906037409,-0.18359363041547333
600,14.408871519727033,-0.1873306798367096
601,14.401081570920864,-0.19110361525104685
602,14.393213116010637,-0.19491234908743021
603,14.385266211983303,-0.19875679293839227
604,14.377240916421549,-0.20263685756194577
605,14.369137287504266,-0.20655245288349575
606,14.360955384007001,-0.21050348799777038
607,14.352695265302492,-0.21448987117076895
608,14.344356991361126,-0.21851150984172987
609,14.335940622751483,-0.2225683106251146
610,14.327446220640804,-0.22666017931261312
611,14.318873846795547,-0.2307870208751643
612,14.310223563581912,-0.23494873946499664
613,14.301495433966371,-0.2391452384176858
614,14.292689521516204,-0.24337642025423256
615,14.283805890400084,-0.24764218668315535
616,14.2748446053886,-0.2519424386026045
617,14.265805731854849,-0.25627707610249234
618,14.256689335775032,-0.26064599846664144
619,14.247495483729002,-0.26504910417495237
620,14.238224242900893,-0.2694862909055876
621,14.228875681079712,-0.27395745553717477
622,14.219449866659955,-0.27846249415102686
623,14.209946868642241,-0.2830013020333806
624,14.200366756633928,-0.28757377367765347
625,14.19070960084976,-0.29217980278671746
626,14.18097547211254,-0.2968192822751905
627,14.171164441853762,-0.30149210427174694
628,14.16127658211429,-0.3061981601214452
629,14.151311965545059,-0.31093734038807186
630,14.141270665407738,-0.31570953485650527
631,14.131152755575457,-0.3205146325350956
632,14.120958310533503,-0.32535252165806294
633,14.110687405380041,-0.3302230896879132
634,14.100340115826851,-0.3351262233178705
635,14.089916518200074,-0.3400618084743286
636,14.079416689440967,-0.34502973031931783
637,14.068840707106654,-0.35002987325299173
638,14.058188649370928,-0.35506212091612877
639,14.047460595025008,-0.3601263561926534
640,14.036656623478356,-0.365222461212173
641,14.025776814759487,-0.37035031735253254
642,14.014821249516782,-0.3755098052423872
643,14.00379000901932,-0.38070080476379087
644,13.992683175157756,-0.3859231950548021
645,13.981500830445126,-0.39117685451210876
646,13.970243058017747,-0.39646166079366785
647,13.958909941636119,-0.4017774908213623
648,13.94750156568577,-0.40712422078367716
649,13.93601801517822,-0.4125017261383892
650,13.924459375751852,-0.4179098816152771
651,13.912825733672882,-0.42334856121884534
652,13.901117175836289,-0.4288176382310672
653,13.889333789766779,-0.4343169852141433
654,13.877475663619768,-0.4398464740132771
655,13.865542886182359,-0.44540597575946794
656,13.853535546874348,-0.4509953608723193
657,13.84145373574925,-0.4566144990628648
658,13.82929754349532,-0.4622632593364107
659,13.81706706143661,-0.46794150999539436
660,13.804762381534017,-0.4736491186422594
661,13.792383596386362,-0.47938595218234825
662,13.7799307992315,-0.4851518768268088
663,13.767404083947412,-0.4909467580955201
664,13.754803545053305,-0.49677046082003345
665,13.742129277710799,-0.5026228491465281
666,13.72938137772505,-0.5085037865387859
667,13.716559941545931,-0.5144131357811799
668,13.703665066269211,-0.5203507589816803
669,13.690696849637778,-0.526316517574876
670,13.677655390042839,-0.5323102723250127
671,13.664540786525167,-0.5383318833290467
672,13.651353138776374,-0.5443812100197132
673,13.63809254714016,-0.5504581111686137
674,13.624759112613619,-0.556562444889316
675,13.611352936848563,-0.5626940686404726
676,13.597874122152806,-0.5688528392289519
677,13.584322771491571,-0.5750386128129887
678,13.570698988488811,-0.5812512449053476
679,13.557002877428634,-0.5874905903765018
680,13.543234543256661,-0.5937565034578304
681,13.529394091581505,-0.6000488377448281
682,13.515481628676177,-0.6063674462003313
683,13.501497261479578,-0.6127121811577608
684,13.487441097597967,-0.6190828943243779
685,13.473313245306487,-0.6254794367845566
686,13.4591138135507,-0.631901659003072
687,13.444842911948095,-0.6383494108284019
688,13.430500650789721,-0.6448225414960453
689,13.416087141041746,-0.651320899631855
690,13.401602494347078,-0.6578443332553855
691,13.38704682302702,-0.6643926897832555
692,13.372420240082928,-0.6709658160325258
693,13.357722859197896,-0.6775635582240919
694,13.342954794738487,-0.6841857619860905
695,13.328116161756425,-0.6908322723573233
696,13.313207075990407,-0.697502933790691
697,13.298227653867862,-0.7041975901566476
698,13.283178012506761,-0.7109160847466637
699,13.268058269717482,-0.7176582602767074
700,13.252868544004619,-0.7244239588907405
701,13.237608954568927,-0.7312130221642256
702,13.222279621309221,-0.73802529110765
703,13.206880664824302,-0.7448606061700646
704,13.191412206414952,-0.7517188072426341
705,13.175874368085905,-0.7585997336622038
706,13.160267272547921,-0.7655032242148795
707,13.144591043219792,-0.7724291171396211
708,13.128845804230469,-0.7793772501318511
709,13.113031680421146,-0.786347460347076
710,13.097148797347426,-0.7933395844045225
711,13.081197281281487,-0.800353458390786
712,13.065177259214305,-0.8073889178634941
713,13.04908885885786,-0.8144457978549838
714,13.03293220864745,-0.8215239328759911
715,13.016707437743968,-0.8286231569193544
716,13.000414676036238,-0.835743303463732
717,12.984054054143385,-0.842884205477334
718,12.96762570341726,-0.8500456954216632
719,12.95112975594485,-0.8572276052552741
720,12.934566344550769,-0.864429766437543
721,12.917935602799751,-0.8716520099324508
722,12.901237664999218,-0.8788941662123787
723,12.884472666201827,-0.8861560652619186
724,12.867640742208126,-0.8934375365816944
725,12.850742029569174,-0.9007384091921973
726,12.833776665589257,-0.9080585116376331
727,12.816744788328624,-0.9153976719897823
728,12.799646536606227,-0.9227557178518743
729,12.782482050002567,-0.9301324763624705
730,12.765251468862527,-0.9375277741993655
731,12.747954934298276,-0.9449414375834937
732,12.730592588192193,-0.9523732922828542
733,12.713164573199846,-0.9598231636164459
734,12.695671032753022,-0.9672908764582125
735,12.678112111062779,-0.9747762552410033
736,12.660487953122558,-0.9822791239605436
737,12.642798704711337,-0.9897993061794182
738,12.625044512396826,-0.9973366250310657
739,12.607225523538725,-1.0048909032237852
740,12.589341886291978,-1.0124619630447553
741,12.571393749610172,-1.0200496263640642
742,12.553381263248873,-1.0276537146387503
743,12.535304577769084,-1.0352740489168561
744,12.51716384454074,-1.042910449841493
745,12.498959215746224,-1.0505627376549163
746,12.480690844383975,-1.0582307322026125
747,12.462358884272128,-1.0659142529373984
748,12.443963490052194,-1.073613118923529
749,12.425504817192826,-1.0813271488408194
750,12.406983021993613,-1.089056160988775
751,12.388398261588952,-1.096799973290734
752,12.369750693951927,-1.1045584032980205
753,12.351040477898342,-1.1123312681941075
754,12.332267773090706,-1.1201183847987919
755,12.313432740042318,-1.127919569572379
756,12.294535540121457,-1.1357346386198772
757,12.275576335555558,-1.1435634076952046
758,12.256555289435498,-1.1514056922054035
759,12.237472565719939,-1.1592613072148679
760,12.21832832923972,-1.1671300674495775
761,12.19912274570231,-1.1750117873013468
762,12.179855981696354,-1.182906280832078
763,12.160528204696273,-1.1908133617780305
764,12.141139583066927,-1.1987328435540927
765,12.121690286068329,-1.2066645392580695
766,12.10218048386047,-1.2146082616749792
767,12.082610347508192,-1.2225638232813532
768,12.062980048986137,-1.2305310362495543
769,12.043289761183756,-1.2385097124520976
770,12.02353965791042,-1.2464996634659844
771,12.003729913900575,-1.2545007005770419
772,11.983860704819012,-1.2625126347842763
773,11.96393220726617,-1.2705352768042304
774,11.943944598783562,-1.2785684370753534
775,11.92389805785925,-1.286611925762378
776,11.903792763933412,-1.2946655527607063
777,11.883628897404014,-1.302729127700804
778,11.86340663963251,-1.310802459952605
779,11.8431261729497,-1.3188853586299218
780,11.822787680661616,-1.3269776325948652
781,11.802391347055545,-1.3350790904622742
782,11.78193735740609,-1.34318954060415
783,11.761425897981361,-1.351308791154103
784,11.740857156049257,-1.3594366500118023
785,11.72023131988383,-1.3675729248474386
786,11.699548578771733,-1.3757174231061904
787,11.678809123018796,-1.3838699520127005
788,11.658013143956694,-1.392030318575559
789,11.637160833949684,-1.4001983295917941
790,11.616252386401518,-1.4083737916513694
791,11.595287995762323,-1.4165565111416922
792,11.574267857535766,-1.4247462942521216
793,11.553192168286184,-1.4329429469784916
794,11.532061125645876,-1.4411462751276374
795,11.510874928322533,-1.4493560843219278
796,11.489633776106725,-1.4575721800038057
797,11.468337869879534,-1.465794367440337
798,11.44698741162031,-1.4740224517277616
799,11.42558260441451,-1.4822562377960562
800,11.404123652461733,-1.4904955304134984
801,11.38261076108375,-1.498740134191242
802,11.3610441367328,-1.5069898535878943
803,11.339423986999922,-1.5152444929141022
804,11.317750520623429,-1.523503856337143
805,11.296023947497536,-1.531767747885522
806,11.274244478681124,-1.540035971453574
807,11.25241232640658,-1.548308330806074
808,11.230527704088864,-1.5565846295828492
809,11.208590826334621,-1.5648646713034002
810,11.186601908951536,-1.5731482593715251
811,11.164561168957732,-1.58143519707995
812,11.14246882459138,-1.5897252876149646
813,11.120325095320464,-1.5980183340610616
814,11.098130201852618,-1.606314139405584
815,11.075884366145223,-1.6146125065433743
816,11.053587811415566,-1.6229132382814289
817,11.03124076215124,-1.6312161373435596
818,11.008843444120638,-1.6395210063750558
819,10.986396084383646,-1.6478276479473537
820,10.96389891130252,-1.6561358645627111
821,10.941352154552858,-1.6644454586588815
822,10.91875604513486,-1.6727562326137961
823,10.896110815384635,-1.6810679887502527
824,10.873416698985812,-1.6893805293405975
825,10.850673930981225,-1.6976936566114258
826,10.827882747784862,-1.7060071727482733
827,10.80504338719395,-1.7143208799003173
828,10.782156088401242,-1.7226345801850824
829,10.759221092007545,-1.7309480756931437
830,10.736238640034372,-1.7392611684928394
831,10.713208975936833,-1.7475736606349845
832,10.690132344616726,-1.7558853541575845
833,10.667008992435873,-1.7641960510905552
834,10.643839167229576,-1.7725055534604464
835,10.620623118320369,-1.7808136632951646
836,10.597361096531959,-1.7891201826286998
837,10.574053354203402,-1.7974249135058555
838,10.550700145203473,-1.805727657986981
839,10.527301724945307,-1.8140282181527043
840,10.503858350401234,-1.822326396108669
841,10.480370280117894,-1.8306219939902715
842,10.456837774231554,-1.8389148139674012
843,10.43326109448369,-1.8472046582491835
844,10.409640504236826,-1.8554913290887198
845,10.38597626849061,-1.8637746287878363
846,10.362268653898155,-1.872054359701826
847,10.338517928782656,-1.8803303242441995
848,10.314724363154248,-1.8886023248914328
849,10.290888228727171,-1.8968701641877153
850,10.267009798937183,-1.9051336447497023
851,10.243089348959257,-1.9133925692712654
852,10.219127155725582,-1.9216467405282456
853,10.19512349794385,-1.9298959613832039
854,10.171078656115812,-1.9381400347901767
855,10.146992912556184,-1.946378763799429
856,10.12286655141183,-1.9546119515622056
857,10.098699858681254,-1.9628394013354888
858,10.074493122234426,-1.9710609164867492
859,10.0502466318329,-1.9792763004987006
860,10.025960679150307,-1.9874853569740532
861,10.00163555779316,-1.9956878896402654
862,9.977271563321981,-2.0038837023542997
863,9.95286899327279,-2.0120725991073707
864,9.928428147178968,-2.0202543840297
865,9.903949326593438,-2.028428861395262
866,9.879432835111219,-2.036595835626538
867,9.854878978392394,-2.0447551112992626
868,9.830288064185396,-2.052906493147167
869,9.805660402350716,-2.0610497860667336
870,9.780996304884958,-2.069184795121931
871,9.756296085945376,-2.077311325548962
872,9.73156006187472,-2.0854291827610028
873,9.706788551226536,-2.093538172352943
874,9.681981874790905,-2.101638100106122
875,9.657140355620562,-2.1097287719930637
876,9.632264319057473,-2.117809994182212
877,9.607354092759875,-2.1258815730426583
878,9.58241000672971,-2.133943315148871
879,9.55743239334054,-2.1419950272854207
880,9.532421587365961,-2.150036516451705
881,9.507377926008427,-2.158067589866666
882,9.482301748928606,-2.1660880549735086
883,9.457193398275185,-2.1740977194444153
884,9.432053218715213,-2.1820963911852553
885,9.406881557464892,-2.1900838783402943
886,9.381678764320958,-2.198059989296897
887,9.356445191692494,-2.2060245326902295
888,9.331181194633388,-2.2139773174079536
889,9.305887130875204,-2.2219181525949234
890,9.280563360860723,-2.2298468476578703
891,9.255210247777958,-2.2377632122700923
892,9.229828157594797,-2.2456670563761336
893,9.204417459094168,-2.253558190196458
894,9.178978523909867,-2.261436424232128
895,9.153511726562916,-2.269301569269465
896,9.128017444498585,-2.277153436384717
897,9.102496058123991,-2.2849918369487177
898,9.076947950846373,-2.2928165826315343
899,9.051373509111967,-2.3006274854071207
900,9.02577312244557,-2.308424357557959
901,9.000147183490743,-2.3162070116796962
902,8.974496088050714,-2.3239752606857778
903,8.948820235129942,-2.3317289178120753
904,8.923120026976406,-2.339467796621503
905,8.897395869124582,-2.347191711008639
906,8.871648170439167,-2.3549004752043294
907,8.845877343159536,-2.3625939037802954
908,8.82008380294492,-2.3702718116537262
909,8.794267968920376,-2.377934014091874
910,8.768430263723523,-2.3855803267166364
911,8.742571113552048,-2.3932105655091305
912,8.716690948212037,-2.4008245468142713
913,8.690790201167111,-2.408422087345328
914,8.664869309588378,-2.416003004188487
915,8.63892871440524,-2.4235671148073976
916,8.612968860357059,-2.4311142370477197
917,8.586990196045663,-2.438644189141653
918,8.56099317398877,-2.4461567897124716
919,8.534978250674294,-2.4536518577790383
920,8.508945886615553,-2.4611292127603237
921,8.48289654640745,-2.468588674479904
922,8.456830698783516,-2.4760300631704646
923,8.430748816674,-2.4834531994782845
924,8.404651377264875,-2.4908579044677186
925,8.378538862057859,-2.4982439996256702
926,8.35241175693141,-2.5056113068660526
927,8.32627055220279,-2.512959648534248
928,8.300115742691126,-2.5202888474115506
929,8.273947827781532,-2.5275987267196047
930,8.24776731149034,-2.5348891101248356
931,8.221574702531345,-2.542159821742866
932,8.195370514383217,-2.549410686142928
933,8.169155265358006,-2.556641528352264
934,8.142929478670773,-2.5638521738605182
935,8.11669368251044,-2.571042448624116
936,8.090448410111712,-2.57821217907064
937,8.064194199828256,-2.585361192103188
938,8.037931595207082,-2.59248931510473
939,8.011661145064142,-2.5995963759424447
940,7.985383403561162,-2.6066822029720567
941,7.959098930283728,-2.613746625042153
942,7.9328082903206925,-2.6207894714984983
943,7.906512054344838,-2.627810572188332
944,7.88021079869488,-2.63480975746466
945,7.853905105458765,-2.6417868581905326
946,7.827595562558369,-2.648741705743312
947,7.801282763835551,-2.6556741320189294
948,7.774967309139576,-2.6625839694361284
949,7.7486498044159635,-2.6694710509407047
950,7.722330861796736,-2.67633521000972
951,7.696011099692149,-2.6831762806557213
952,7.66969114288386,-2.689994097430934
953,7.643371622619545,-2.696788495431454
954,7.617053176709098,-2.703559310301416
955,7.590736449622253,-2.7103063782371657
956,7.564422092587779,-2.7170295359914047
957,7.538110763694239,-2.72372862087733
958,7.511803127992264,-2.730403470772763
959,7.485499857598485,-2.7370539241242584
960,7.459201631801004,-2.743679819951208
961,7.432909137166495,-2.7502809978499294
962,7.4066230676489555,-2.7568572979977404
963,7.380344124700083,-2.7634085611570174
964,7.3540730173813476,-2.769934628679249
965,7.327810462477705,-2.7764353425090698
966,7.301557184613003,-2.78291054518828
967,7.275313916367136,-2.789360079859859
968,7.249081398394871,-2.795783790271952
969,7.222860379546446,-2.8021815207818603
970,7.196651616989856,-2.8085531163600006
971,7.170455876334931,-2.8148984225938607
972,7.144273931759199,-2.8212172856919406
973,7.118106566135457,-2.827509552487672
974,7.091954571161177,-2.8337750704433327
975,7.0658187474896845,-2.8400136876539386
976,7.039699904863111,-2.846225252851127
977,7.01359886224719,-2.8524096154070224
978,6.9875164479678045,-2.858566625338085
979,6.961453499849362,-2.8646961333089513
980,6.935410865354989,-2.870797990636251
981,6.909389401728517,-2.8768720492924147
982,6.883389976138236,-2.8829181619094655
983,6.857413465822545,-2.888936181782792
984,6.8314607582372915,-2.8949259628749084
985,6.805532751204931,-2.9008873598191984
986,6.7796303530654844,-2.906820227923643
987,6.753754482829264,-2.9127244231745326
988,6.7279060703312945,-2.918599802240162
989,6.702086056387513,-2.9244462224745127
990,6.67629539295269,-2.930263541920914
991,6.650535043280007,-2.9360516193156907
992,6.62480598208233,-2.9418103140917946
993,6.599109195695125,-2.9475394863824174
994,6.573445682240962,-2.9532389970245894
995,6.547816451795608,-2.9589087075627583
996,6.522222526555685,-2.964548480252354
997,6.496664941007768,-2.9701581780633357
998,6.471144742098991,-2.9757376646837193
999,6.445662989409037,-2.9812868045230907
1000,6.420220755323491,-2.986805462716101
1001,6.394819125208453,-2.9922935051259425
1002,6.369459197586445,-2.997750798347809
1003,6.344142084313435,-3.003177209712338
1004,6.3188689107569616,-3.008572607289034
1005,6.293640815975322,-3.013936859889676
1006,6.268458952897631,-3.0192698370717026
1007,6.243324488504778,-3.0245714091415863
1008,6.218238604011126,-3.0298414471581827
1009,6.193202495046854,-3.035079822936064
1010,6.168217371840834,-3.040286409048833
1011,6.143284459404006,-3.0454610788324237
1012,6.118404997712974,-3.050603706388374
1013,6.093580241893871,-3.0557141665870886
1014,6.068811462406221,-3.060792335071075
1015,6.044099945226721,-3.065838088258169
1016,6.019446992032782,-3.0708513033447344
1017,5.994853920385674,-3.075831858308846
1018,5.970322063913078,-3.0807796319134546
1019,5.945852772490877,-3.08569450370953
1020,5.921447412424058,-3.0905763540391837
1021,5.897107366626385,-3.0954250640387815
1022,5.872834034798818,-3.1002405156420183
1023,5.848628833606307,-3.1050225915829937
1024,5.8244931968528135,-3.1097711753992523
1025,5.800428575654299,-3.1144861514348117
1026,5.776436438609398,-3.119167404843167
1027,5.752518271967584,-3.123814821590278
1028,5.728675579794462,-3.128428288457534
1029,5.704909884133975,-3.133007693044698
1030,5.681222725167175,-3.137552923772834
1031,5.657615661367261,-3.1420638698872083
1032,5.634090269650555,-3.146540421460174
1033,5.610648145523057,-3.1509824693940347
1034,5.587290903222265,-3.1553899054238848
1035,5.564020175853839,-3.1597626221204314
1036,5.540837615522721,-3.164100512892795
1037,5.5177448934583575,-3.1684034719912875
1038,5.494743700133578,-3.17267139451017
1039,5.471835745376679,-3.1769041763903902
1040,5.449022758476283,-3.1811017144222964
1041,5.426306488278525,-3.1852639062483306
1042,5.403688703276027,-3.1893906503657052
1043,5.3811711916882325,-3.1934818461290466
1044,5.35875576153257,-3.19753739375303
1045,5.336444240685827,-3.201557194314982
1046,5.3142384769353095,-3.20554114975747
1047,5.292140338019178,-3.2094891628908613
1048,5.270151711655322,-3.213401137395868
1049,5.248274505558246,-3.2172769778260633
1050,5.226510647443338,-3.2211165896103804
1051,5.204862085017852,-3.2249198790555846
1052,5.1833307859579865,-3.2286867533487276
1053,5.161918737871408,-3.232417120559576
1054,5.140627948244495,-3.236110889643021
1055,5.119460444373685,-3.239767970441459
1056,5.098418273280107,-3.2433882736871573
1057,5.077503501606888,-3.2469717110045893
1058,5.056718215498332,-3.250518194912755
1059,5.036064520460259,-3.254027638827472
1060,5.015544541200714,-3.2574999570636463
1061,4.995160421450312,-3.2609350648375197
1062,4.974914323761408,-3.264332878268894
1063,4.954808429285359,-3.267693314383331
1064,4.934844937527008,-3.2710162911143343
1065,4.915026066075686,-3.274301727305496
1066,4.895354050311855,-3.277549542712636
1067,4.875831143088625,-3.280759658005905
1068,4.856459614387354,-3.2839319947718657
1069,4.837241750946539,-3.287066475515561
1070,4.818179855863123,-3.290163023662542
1071,4.799276248165549,-3.2932215635608855
1072,4.780533262357724,-3.2962420204831826
1073,4.761953247933111,-3.2992243206285043
1074,4.743538568858209,-3.3021683911243382
1075,4.725291603024723,-3.305074160028508
1076,4.707214741669656,-3.3079415563310715
1077,4.689310388762683,-3.3107705099561797
1078,4.6715809603600995,-3.3135609517639293
1079,4.654028883924754,-3.3163128135521793
1080,4.636656597611306,-3.3190260280583463
1081,4.619466549516328,-3.3217005289611783
1082,4.602461196892658,-3.324336250882501
1083,4.585643005327597,-3.326933129388938
1084,4.569014447884473,-3.3294911009936135
1085,4.552578004207192,-3.332010103157819
1086,4.53633615958755,-3.3344900742926686
1087,4.520291403994936,-3.3369309537607186
1088,4.504446231068371,-3.3393326818775684
1089,4.4888031370706445,-3.3416951999134326
1090,4.473364619804597,-3.3440184500946923
1091,4.458133177491554,-3.3463023756054215
1092,4.443111307612072,-3.3485469205888774
1093,4.4283015057091575,-3.3507520301489873
1094,4.413706264154316,-3.352917650351789
1095,4.399328070876799,-3.3550437282268577
1096,4.385169408056609,-3.3571302117687023
1097,4.3712327507817745,-3.3591770499381446
1098,4.357520565670718,-3.361184192663661
1099,4.344035309460491,-3.3631515908427083
1100,4.3307794275618035,-3.365079196343025
1101,4.317755352581955,-3.366966962003894
1102,4.304965502816808,-3.3688148416373993
1103,4.292412280713127,-3.3706227900296404
1104,4.280098071302693,-3.3723907629419294
1105,4.268025240609771,-3.374118717111964
1106,4.256196134033565,-3.375806610254968
1107,4.24461307470748,-3.3774544010648127
1108,4.23327836183715,-3.379062049215105
1109,4.222194269019245,-3.380629515360261
1110,4.211363042543208,-3.3821567611365433
1111,4.20078689967832,-3.38364374916308
1112,4.190468026948397,-3.3850904430428477
1113,4.180408578396697,-3.386496807363642
1114,4.170610673843734,-3.387862807699015
1115,4.161076397140627,-3.389188410609181
1116,4.151807794420977,-3.390473583641913
1117,4.142806872354108,-3.391718295333389
1118,4.134075596402823,-3.392922515209038
1119,4.125615889088609,-3.3940862137843446
1120,4.117429628267761,-3.3952093625656254
1121,4.109518645421437,-3.3962919340507907
1122,4.1018847239630745,-3.397333901730072
1123,4.094529597566539,-3.3983352400867255
1124,4.087454948518368,-3.399295924597706
1125,4.080662406097533,-3.400215931734324
1126,4.074153544986172,-3.401095238962867
1127,4.067929883714779,-3.4019338247451945
1128,4.06199288314516,-3.4027316685393174
1129,4.056343944994648,-3.403488750799939
1130,4.050984410404936,-3.4042050529789725
1131,4.045915558558833,-3.40488055752604
1132,4.041138605348203,-3.4055152478889346
1133,4.036654702096226,-3.4061091085140625
1134,4.032464934337153,-3.40666212484686
1135,4.028570320656474,-3.407174283332172
1136,4.024971811594404,-3.407645571414624
1137,4.021670288615422,-3.408075977538951
1138,4.018666563146483,-3.408465491150306
1139,4.015961375686343,-3.408814102694542
1140,4.01355539498829,-3.409121803618471
1141,4.011449217318444,-3.4093885863700875
1142,4.009643365791463,-3.4096144443987737
1143,4.008138289785557,-3.4097993721554767
1144,4.006934364438193,-3.409943365092855
1145,4.0060318902239445,-3.4100464196654037
1146,4.005431092615548,-3.410108533329551
1147,4.005132121829132,-3.4101297045437264
1148,4.005135052654251,-3.4101099327684055
1149,4.005439884369169,-3.410049218466127
1150,4.006046540741687,-3.409947563101482
1151,4.006954870115466,-3.4098049691410823
1152,4.008164645581627,-3.4096214400534905
1153,4.00967556523513,-3.409396980309135
1154,4.011487252515318,-3.4091315953801966
1155,4.0135992566296474,-3.4088252917404636
1156,4.016011053059509,-3.408478076865162
1157,4.018722044146791,-3.4080899592307627
1158,4.0217315597596,-3.407660948314762
1159,4.025038858035488,-3.407191054595428
1160,4.028643126200085,-3.40668028955153
1161,4.032543481459179,-3.4061286656620386
1162,4.036738971961825,-3.4055361964057926
1163,4.041228577832104,-3.4049028962611527
1164,4.046011212266854,-3.4042287807056155
1165,4.051085722696681,-3.4035138662154103
1166,4.056450892007337,-3.4027581702650624
1167,4.062105439818508,-3.40196171132694
1168,4.068048023816875,-3.4011245088707582
1169,4.074277241140322,-3.4002465833630797
1170,4.080791629809983,-3.399327956266764
1171,4.0875896702068175,-3.3983686500404104
1172,4.094669786589405,-3.3973686881377647
1173,4.102030348649459,-3.3963280950071
1174,4.1096696731017115,-3.3952468960905766
1175,4.1175860253047,-3.394125117823569
1176,4.1257776209090045,-3.392962787633971
1177,4.134242627529529,-3.391759933941472
1178,4.142979166438452,-3.3905165861568114
1179,4.151985314275426,-3.3892327746810023
1180,4.161259104771751,-3.3879085309045287
1181,4.170798530485277,-3.3865438872065208
1182,4.180601544542784,-3.3851388769539046
1183,4.19066606238679,-3.3836935345005186
1184,4.200989963523671,-3.382207895186209
1185,4.211571093270228,-3.380681995335901
1186,4.22240726449579,-3.3791158722586427
1187,4.23349625935712,-3.3775095642466186
1188,4.244835831023475,-3.375863110574142
1189,4.256423705389341,-3.374176551496626
1190,4.268257582772328,-3.3724499282495133
1191,4.280335139594034,-3.370683283047199
1192,4.29265403004162,-3.368876659081911
1193,4.305211887708142,-3.3670301005225816
1194,4.3180063272095905,-3.365143652513674
1195,4.331034945776938,-3.363217361174003
1196,4.344295324821524,-3.3612512735955096
1197,4.357785031472115,-3.3592454378420364
1198,4.371501620082365,-3.3571999029480444
1199,4.385442633707299,-3.3551147189173354
1200,4.399605605547607,-3.3529899367217295
1201,4.413988060360803,-3.3508256082997234
1202,4.428587515838183,-3.348621786555127
1203,4.443401483946849,-3.346378525355666
1204,4.458427472236042,-3.3440958795315683
1205,4.473662985107186,-3.341773904874117
1206,4.489105525047109,-3.3394126581341887
1207,4.504752593824128,-3.337012197020752
1208,4.520601693646568,-3.3345725801993575
1209,4.53665032828363,-3.332093867290589
1210,4.552896004148344,-3.329576118868497
1211,4.56933623134271,-3.327019396459007
1212,4.5859685246649695,-3.3244237625383017
1213,4.602790404579145,-3.3217892805311733
1214,4.619799398147044,-3.319116014809365
1215,4.636993039922955,-3.3164040306898706
1216,4.654368872811399,-3.3136533944332225
1217,4.671924448888251,-3.310864173241749
1218,4.689657330185668,-3.3080364352578093
1219,4.707565089441343,-3.3051702495619995
1220,4.725645310812542,-3.302265686171347
1221,4.743895590555533,-3.299322816037461
1222,4.762313537670982,-3.2963417110446738
1223,4.7808967745159725,-3.2933224440081568
1224,4.799642937383258,-3.2902650886720033
1225,4.8185496770485114,-3.287169719707294
1226,4.83761465928625,-3.284036412710143
1227,4.856835565355145,-3.2808652441997044
1228,4.876210092453518,-3.277656291616172
1229,4.895735954145738,-3.274409633318748
1230,4.915410880760355,-3.271125348583582
1231,4.93523261976072,-3.267803517601698
1232,4.9551989360888715,-3.2644442214768907
1233,4.975307612483534,-3.2610475422235967
1234,4.995556449772988,-3.257613562764748
1235,5.015943267143649,-3.2541423669295972
1236,5.03646590238509,-3.250634039451523
1237,5.057122212112391,-3.247088665965811
1238,5.0779100719665555,-3.243506333007406
1239,5.098827376793755,-3.2398871280086547
1240,5.119872040804248,-3.2362311392970082
1241,5.141041997711672,-3.232538456092716
1242,5.162335200853523,-3.2288091685064884
1243,5.183749623293507,-3.2250433675371406
1244,5.205283257906562,-3.2212411450692096
1245,5.2269341174472395,-3.2174025938705557
1246,5.2487002346021265,-3.213527807589932
1247,5.270579662027068,-3.20961688075454
1248,5.292570472369819,-3.2056699087675566
1249,5.314670758278777,-3.201686987905642
1250,5.336878632398488,-3.197668215316427
1251,5.359192227352527,-3.1936136890159696
1252,5.381609695714388,-3.189523507886203
1253,5.40412920996696,-3.1853977716723474
1254,5.426748962451162,-3.1812365809803125
1255,5.449467165304363,-3.177040037274065
1256,5.4722820503890395,-3.1728082428729905
1257,5.4951918692123165,-3.168541300949217
1258,5.5181948928367905,-3.1642393155249287
1259,5.541289411783203,-3.1599023914696525
1260,5.564473735925441,-3.155530634497526
1261,5.587746194378344,-3.1511241511645416
1262,5.611105135378672,-3.1466830488657704
1263,5.634548926159788,-3.1422074358325673
1264,5.658075952820425,-3.1376974211297513
1265,5.681684620187907,-3.1331531146527656
1266,5.705373351676279,-3.1285746271248196
1267,5.7291405891396385,-3.123962070094006
1268,5.752984792721066,-3.1193155559304033
1269,5.776904440697547,-3.114635197823148
1270,5.8008980293211145,-3.1099211097774964
1271,5.824964072656612,-3.1051734066118604
1272,5.8491011024163,-3.1003922039548226
1273,5.873307667791679,-3.0955776182421366
1274,5.89758233528276,-3.0907297667136993
1275,5.921923688525044,-3.085848767410508
1276,5.946330328114468,-3.0809347391715978
1277,5.970800871430538,-3.07598780163096
1278,5.995333952457979,-3.0710080752144333
1279,6.019928221606953,-3.0659956811365863
1280,6.044582345532198,-3.060950741397572
1281,6.069295006951153,-3.055873378779967
1282,6.094064904461482,-3.05076371684559
1283,6.118890752357865,-3.045621879932301
1284,6.143771280448484,-3.0404479931507833
1285,6.168705233871227,-3.0352421823813027
1286,6.19369137290982,-3.03000457427045
1287,6.218728472809991,-3.024735296227866
1288,6.243815323595847,-3.0194344764229455
1289,6.2689507298865506,-3.014102243781524
1290,6.2941335107134355,-3.0087387279825446
1291,6.319362499337671,-3.0033440594547067
1292,6.344636543068587,-2.997918369373099
1293,6.369954503082747,-2.99246178965581
1294,6.3953152542438705,-2.986974452960524
1295,6.420717684923726,-2.9814564926810974
1296,6.446160696823988,-2.9759080429441163
1297,6.47164320479925,-2.9703292386054403
1298,6.497164136681122,-2.964720215246721
1299,6.5227224331036835,-2.9590811091719145
1300,6.548317047330139,-2.953412057403762
1301,6.573946945080842,-2.9477131976802653
1302,6.599611104362766,-2.9419846684511417
1303,6.625308515300377,-2.9362266088742563
1304,6.6510381799680465,-2.9304391588120438
1305,6.676799112223995,-2.924622458827912
1306,6.702590337545797,-2.9187766501826258
1307,6.728410892867512,-2.912901874830677
1308,6.754259826418451,-2.906998275416637
1309,6.780136197563629,-2.9010659952714937
1310,6.806039076645859,-2.8951051784089703
1311,6.831967544829646,-2.889115969521827
1312,6.857920693946736,-2.883098513978154
1313,6.883897626343458,-2.8770529578176376
1314,6.909897454729809,-2.870979447747816
1315,6.935919302030342,-2.864878131140324
1316,6.9619623012368015,-2.8587491560271103
1317,6.988025595262584,-2.8525926710966525
1318,7.014108336798984,-2.8464088256901454
1319,7.040209688173256,-2.840197769797682
1320,7.066328821208454,-2.8339596540544147
1321,7.0924649170851,-2.8276946297367025
1322,7.118617166204663,-2.8214028487582445
1323,7.144784768054813,-2.815084463666198
1324,7.170966931076485,-2.808739627637281
1325,7.197162872532764,-2.80236849447386
1326,7.223371818379506,-2.795971218600026
1327,7.2495930031377895,-2.7895479550576514
1328,7.275825669768115,-2.783098859502438
1329,7.302069069546355,-2.776624088199947
1330,7.328322461941492,-2.770123798021616
1331,7.354585114495066,-2.763598146440763
1332,7.380856302702366,-2.757047291528576
1333,7.407135309895364,-2.750471391950088
1334,7.433421427127282,-2.743870606960141
1335,7.459713953058934,-2.737245096399334
1336,7.48601219384672,-2.730595020689959
1337,7.512315463032237,-2.7239205408319234
1338,7.538623081433592,-2.71722181839866
1339,7.564934377038341,-2.7104990155330224
1340,7.5912486848980105,-2.7037522949431723
1341,7.617565347024229,-2.696981819898445
1342,7.643883712286506,-2.690187754225214
1343,7.67020313631146,-2.6833702623027342
1344,7.696522981383701,-2.6765295090589736
1345,7.722842616348182,-2.669665659966441
1346,7.749161416514094,-2.6627788810379895
1347,7.775478763560247,-2.655869338822618
1348,7.801794045441933,-2.6489372004012566
1349,7.828106656299245,-2.64198263338254
1350,7.854415996366842,-2.6350058058985706
1351,7.880721471885132,-2.6280068866006694
1352,7.9070224950128765,-2.6209860446551168
1353,7.9333184837411705,-2.6139434497388803
1354,7.959608861808792,-2.6068792720353335
1355,7.985893058618896,-2.599793682229962
1356,8.012170509157059,-2.5926868515060604
1357,8.038440653910639,-2.585558951540415
1358,8.064702938789415,-2.5784101544989806
1359,8.090956815047505,-2.571240633032547
1360,8.117201739206562,-2.5640505602723866
1361,8.143437172980208,-2.556840109825906
1362,8.16966258319969,-2.549609455772273
1363,8.195877441740715,-2.542358772658045
1364,8.222081225451538,-2.535088235492781
1365,8.248273416082172,-2.5277980197446457
1366,8.274453500214754,-2.5204883013360058
1367,8.300620969195059,-2.5131592566390144
1368,8.326775319065156,-2.505811062471186
1369,8.352916050497143,-2.4984438960909667
1370,8.379042668727942,-2.4910579351932896
1371,8.40515468349523,-2.483653357905122
1372,8.431251608974366,-2.4762303427810095
1373,8.457332963716375,-2.4687890687986083
1374,8.483398270586969,-2.4613297153542
1375,8.509447056706538,-2.453852462258217
1376,8.535478853391162,-2.4463574897307407
1377,8.561493196094583,-2.4388449783970043
1378,8.587489624351118,-2.4313151092828797
1379,8.613467681719568,-2.4237680638103627
1380,8.639426915727952,-2.416204023793045
1381,8.6653668778193,-2.4086231714315818
1382,8.69128712329821,-2.401025689309152
1383,8.717187211278338,-2.3934117603869103
1384,8.743066704630806,-2.385781567999428
1385,8.768925169933379,-2.378135295850136
1386,8.794762177420525,-2.3704731280067515
1387,8.82057730093431,-2.362795248896703
1388,8.846370117876106,-2.3551018433025463
1389,8.872140209159069,-2.3473930963573775
1390,8.897887159161439,-2.339669193540232
1391,8.923610555680579,-2.331930320671486
1392,8.949309989887823,-2.3241766639082453
1393,8.974985056284007,-2.316408409739732
1394,9.000635352655818,-2.30862574498266
1395,9.026260480032779,-2.3008288567766146
1396,9.051860042645004,-2.293017932579413
1397,9.077433647881639,-2.2851931601624704
1398,9.102980906249988,-2.277354727606154
1399,9.1285014313353,-2.2695028232951358
1400,9.153994839761257,-2.261637635913737
1401,9.179460751151078,-2.25375935444127
1402,9.204898788089286,-2.245868168147372
1403,9.230308576084086,-2.237964266587336
1404,9.255689743530416,-2.230047839597441
1405,9.281041921673545,-2.2221190772902673
1406,9.306364744573294,-2.214178170050017
1407,9.33165784906888,-2.206225308527827
1408,9.356920874744272,-2.198260683637076
1409,9.3821534638942,-2.19028448654869
1410,9.407355261490641,-2.1822969086864394
1411,9.43252591514991,-2.1742981417222427
1412,9.457665075100278,-2.1662883775714508
1413,9.48277239415013,-2.158267808388142
1414,9.507847527656626,-2.150236626560406
1415,9.532890133494895,-2.142195024705625
1416,9.55789987202772,-2.1341431956657564
1417,9.582876406075728,-2.1260813325026042
1418,9.60781940088808,-2.1180096284930974
1419,9.632728524113602,-2.109928277124555
1420,9.65760344577245,-2.101837472089956
1421,9.68244383822816,-2.093737407283208
1422,9.707249376160233,-2.0856282767944023
1423,9.732019736537117,-2.0775102749050802
1424,9.756754598589641,-2.0693835960834877
1425,9.781453643784879,-2.0612484349798326
1426,9.806116555800452,-2.05310498642154
1427,9.830743020499247,-2.044953445408499
1428,9.855332725904525,-2.0367940071083197
1429,9.879885362175465,-2.028626866851577
1430,9.904400621583061,-2.0204522201270607
1431,9.928878198486483,-2.0122702625770192
1432,9.95331778930972,-2.004081189992405
1433,9.977719092518694,-1.9958851983081196
1434,10.002081808598684,-1.9876824835982538
1435,10.026405640032152,-1.97947324207133
1436,10.0506902912769,-1.971257670065543
1437,10.074935468744593,-1.963035964044002
1438,10.099140880779627,-1.9548083205899678
1439,10.123306237638316,-1.9465749364020937
1440,10.147431251468461,-1.9383360082896637
1441,10.171515636289207,-1.9300917331678324
1442,10.195559107971215,-1.9218423080528622
1443,10.219561384217197,-1.913587930057365
1444,10.24352218454272,-1.9053287963855394
1445,10.267441230257345,-1.8970651043284095
1446,10.291318244446044,-1.8887970512590668
1447,10.315152951950935,-1.8805248346279113
1448,10.338945079353282,-1.8722486519578896
1449,10.362694354955828,-1.8639687008397399
1450,10.386400508765352,-1.8556851789272333
1451,10.410063272475536,-1.8473982839324183
1452,10.433682379450115,-1.8391082136208665
1453,10.457257564706245,-1.8308151658069194
1454,10.480788564898212,-1.8225193383489329
1455,10.50427511830132,-1.814220929144531
1456,10.527716964796069,-1.805920136125855
1457,10.55111384585259,-1.7976171572548163
1458,10.574465504515336,-1.7893121905183489
1459,10.597771685387963,-1.7810054339236696
1460,10.621032134618504,-1.7726970854935353
1461,10.644246599884742,-1.7643873432615016
1462,10.667414830379839,-1.7560764052671887
1463,10.690536576798152,-1.7477644695515457
1464,10.713611591321325,-1.7394517341521198
1465,10.736639627604557,-1.7311383970983254
1466,10.759620440763092,-1.7228246564067187
1467,10.782553787358925,-1.7145107100762735
1468,10.805439425387725,-1.706196756083663
1469,10.828277114265951,-1.697882992378539
1470,10.851066614818176,-1.6895696168788186
1471,10.87380768926458,-1.6812568274659752
1472,10.896500101208693,-1.6729448219803285
1473,10.919143615625272,-1.6646337982163422
1474,10.941737998848389,-1.6563239539179244
1475,10.96428301855973,-1.6480154867737289
1476,10.986778443777023,-1.6397085944124639
1477,11.009224044842677,-1.631403474398204
1478,11.0316195934126,-1.6231003242257047
1479,11.05396486244517,-1.614799341315723
1480,11.076259626190401,-1.6065007230103403
1481,11.098503660179238,-1.5982046665682932
1482,11.120696741213054,-1.5899113691603037
1483,11.142838647353305,-1.581621027864419
1484,11.16492915791132,-1.573333839661353
1485,11.186968053438237,-1.565050001429834
1486,11.208955115715163,-1.5567697099419573
1487,11.230890127743407,-1.5484931618585422
1488,11.252772873734889,-1.5402205537244944
1489,11.274603139102739,-1.531952081964174
1490,11.296380710451944,-1.5236879428767691
1491,11.318105375570234,-1.5154283326316738
1492,11.339776923419064,-1.5071734472638738
1493,11.361395144124694,-1.4989234826693354
1494,11.382959828969502,-1.4906786346004017
1495,11.404470770383325,-1.4824390986611944
1496,11.425927761935013,-1.4742050703030218
1497,11.447330598324053,-1.4659767448197922
1498,11.468679075372355,-1.4577543173434349
1499,11.489972990016147,-1.449537982839326
1500,11.51121214029798,-1.4413279361017215
1501,11.532396325358892,-1.4331243717491968
1502,11.55352534543066,-1.4249274842200927
1503,11.574599001828167,-1.416737467767969
1504,11.595617096941902,-1.4085545164570612
1505,11.61657943423054,-1.400378824157752
1506,11.637485818213685,-1.39221058454204
1507,11.65833605446467,-1.3840499910790236
1508,11.679129949603505,-1.375897237030388
1509,11.6998673112899,-1.367752515445899
1510,11.720547948216392,-1.3596160191589082
1511,11.741171670101624,-1.3514879407818619
1512,11.761738287683656,-1.3433684727018185
1513,11.782247612713405,-1.3352578070759749
1514,11.802699457948215,-1.3271561358271988
1515,11.823093637145462,-1.3190636506395716
1516,11.843429965056291,-1.3109805429539358
1517,11.863708257419448,-1.3029070039634534
1518,11.883928330955184,-1.2948432246091715
1519,11.904090003359261,-1.2867893955755945
1520,11.924193093297047,-1.278745707286269
1521,11.944237420397704,-1.2707123498993715
1522,11.964222805248433,-1.2626895133033105
1523,11.984149069388838,-1.2546773871123318
1524,12.00401603530537,-1.2466761606621366
1525,12.02382352642583,-1.238686023005506
1526,12.043571367113945,-1.2307071629079367
1527,12.063259382664091,-1.2227397688432828
1528,12.082887399296016,-1.2147840289894087
1529,12.102455244149674,-1.2068401312238521
1530,12.121962745280134,-1.1989082631194934
1531,12.141409731652553,-1.190988611940236
1532,12.16079603313725,-1.1830813646366976
1533,12.180121480504805,-1.1751867078419087
1534,12.199385905421288,-1.1673048278670206
1535,12.218589140443502,-1.1594359106970262
1536,12.237731019014339,-1.1515801419864866
1537,12.256811375458167,-1.1437377070552712
1538,12.275830044976306,-1.1359087908843044
1539,12.294786863642571,-1.1280935781113264
1540,12.31368166839887,-1.120292253026659
1541,12.332514297050883,-1.1125049995689875
1542,12.351284588263761,-1.1047320013211475
1543,12.369992381557951,-1.0969734415059262
1544,12.388637517305021,-1.0892295029818715
1545,12.407219836723586,-1.0815003682391136
1546,12.425739181875267,-1.0737862193951957
1547,12.444195395660728,-1.0660872381909177
1548,12.462588321815772,-1.058403605986185
1549,12.480917804907468,-1.0507355037558783
1550,12.499183690330344,-1.043083112085724
1551,12.517385824302648,-1.0354466111681822
1552,12.535524053862677,-1.0278261807983424
1553,12.553598226865086,-1.0202220003698335
1554,12.571608191977353,-1.012634248870742
1555,12.589553798676206,-1.0050631048795435
1556,12.607434897244145,-0.9975087465610464
1557,12.625251338766011,-0.9899713516623431
1558,12.643002975125622,-0.9824510975087783
1559,12.660689659002378,-0.9749481609999253
1560,12.67831124386802,-0.967462718605575
1561,12.695867583983357,-0.9599949463617373
1562,12.713358534395113,-0.9525450198666534
1563,12.730783950932706,-0.9451131142768215
1564,12.748143690205199,-0.937699404303033
1565,12.765437609598198,-0.9303040642064225
1566,12.782665567270882,-0.9229272677945283
1567,12.799827422152964,-0.9155691884173662
1568,12.816923033941814,-0.9082299989635169
1569,12.833952263099542,-0.9009098718562214
1570,12.850914970850122,-0.893608979049496
1571,12.867811019176637,-0.8863274920242525
1572,12.884640270818455,-0.8790655817844374
1573,12.90140258926854,-0.8718234188531775
1574,12.91809783877073,-0.8646011732689444
1575,12.934725884317096,-0.8573990145817281
1576,12.951286591645323,-0.8502171118492253
1577,12.96777982723612,-0.8430556336330396
1578,12.984205458310678,-0.8359147479948947
1579,13.000563352828191,-0.8287946224928623
1580,13.016853379483342,-0.8216954241776014
1581,13.033075407703903,-0.8146173195886116
1582,13.049229307648288,-0.8075604747505013
1583,13.065314950203229,-0.800525055169266
1584,13.081332206981413,-0.7935112258285829
1585,13.09728095031919,-0.7865191511861178
1586,13.113161053274283,-0.7795489951698471
1587,13.128972389623597,-0.7726009211743898
1588,13.144714833860942,-0.7656750920573586
1589,13.160388261194923,-0.7587716701357201
1590,13.175992547546743,-0.7518908171821714
1591,13.191527569548123,-0.7450326944215305
1592,13.206993204539192,-0.7381974625271395
1593,13.222389330566463,-0.7313852816172821
1594,13.237715826380763,-0.7245963112516174
1595,13.252972571435254,-0.7178307104276254
1596,13.26815944588348,-0.7110886375770661
1597,13.283276330577381,-0.7043702505624572
1598,13.298323107065418,-0.6976757066735614
1599,13.313299657590656,-0.6910051626238908
1600,13.328205865088913,-0.6843587745472245
1601,13.34304161318692,-0.6777366979941424
1602,13.357806786200507,-0.6711390879285717
1603,13.372501269132833,-0.6645660987243488
1604,13.387124947672575,-0.6580178841617981
1605,13.401677708192265,-0.6514945974243205
1606,13.416159437746513,-0.6449963910950022
1607,13.430570024070365,-0.6385234171532347
1608,13.4449093555776,-0.6320758269713525
1609,13.459177321359123,-0.6256537713112823
1610,13.473373811181313,-0.6192574003212118
1611,13.487498715484442,-0.6128868635322701
1612,13.50155192538112,-0.6065423098552232
1613,13.515533332654705,-0.6002238875771884
1614,13.529442829757807,-0.5939317443583597
1615,13.543280309810754,-0.5876660272287513
1616,13.557045666600123,-0.5814268825849547
1617,13.57073879457724,-0.5752144561869142
1618,13.584359588856788,-0.5690288931547126
1619,13.597907945215336,-0.5628703379653788
1620,13.611383760089947,-0.5567389344497057
1621,13.624786930576779,-0.5506348257890877
1622,13.638117354429731,-0.5445581545123716
1623,13.651374930059097,-0.5385090624927228
1624,13.664559556530236,-0.5324876909445101
1625,13.677671133562233,-0.5264941804202035
1626,13.690709561526631,-0.5205286708072897
1627,13.703674741446163,-0.5145913013252024
1628,13.716566574993475,-0.5086822105222695
1629,13.72938496448989,-0.5028015362726759
1630,13.742129812904203,-0.496949415773442
1631,13.754801023851442,-0.4911259855414204
1632,13.767398501591718,-0.4853313814103054
1633,13.779922151029023,-0.4795657385276613
1634,13.792371877710089,-0.473829191351967
1635,13.804747587823242,-0.46812187364967534
1636,13.817049188197275,-0.46244391849229033
1637,13.829276586300352,-0.45679545825346013
1638,13.841429690238913,-0.4511766246060859
1639,13.853508408756584,-0.4455875485194489
1640,13.865512651233134,-0.4400283602563522
1641,13.877442327683406,-0.43449918937028126
1642,13.8892973487563,-0.42900016470257835
1643,13.901077625733748,-0.4235314143796357
1644,13.91278307052972,-0.41809306581010514
1645,13.92441359568922,-0.4126852456821242
1646,13.935969114387317,-0.40730807996055873
1647,13.947449540428174,-0.4019616938842631
1648,13.958854788244128,-0.39664621196335614
1649,13.970184772894713,-0.3913617579765159
1650,13.98143941006577,-0.3861084549682897
1651,13.992618616068523,-0.3808864252464219
1652,14.003722307838684,-0.3756957903791986
1653,14.01475040293557,-0.37053667119280964
1654,14.025702819541245,-0.3654091877687276
1655,14.036579476459629,-0.360313459441104
1656,14.047380293115683,-0.3552496047941826
1657,14.058105189554553,-0.35021774165973046
1658,14.068754086440757,-0.34521798711448565
1659,14.079326905057384,-0.340250457477622
1660,14.089823567305263,-0.33531526830823316
1661,14.100243995702217,-0.33041253440283147
1662,14.110588113382228,-0.3255423697928664
1663,14.120855844094732,-0.3207048877422588
1664,14.131047112203829,-0.31590020074495434
1665,14.141161842687545,-0.3111284205224926
1666,14.151199961137088,-0.306389658021596
1667,14.161161393756153,-0.3016840234117738
1668,14.171046067360184,-0.2970116260829462
1669,14.180853909375669,-0.2923725746430846
1670,14.19058484783946,-0.28776697691587005
1671,14.200238811398107,-0.28319493993836886
1672,14.209815729307131,-0.2786565699587277
1673,14.219315531430418,-0.27415197243388456
1674,14.228738148239534,-0.2696812520272984
1675,14.23808351081309,-0.2652445126066973
1676,14.247351550836097,-0.26084185724184317
1677,14.256542200599378,-0.25647338820231513
1678,14.26565539299889,-0.25213920695531206
1679,14.274691061535162,-0.2478394141634707
1680,14.283649140312697,-0.2435741096827033
1681,14.292529564039341,-0.23934339256005419
1682,14.301332268025753,-0.2351473610315722
1683,14.310057188184821,-0.2309861125202021
1684,14.318704261031058,-0.2268597436336963
1685,14.327273423680086,-0.2227683501625416
1686,14.335764613848086,-0.21871202707790552
1687,14.344177769851258,-0.21469086852960104
1688,14.352512830605264,-0.21070496784406997
1689,14.36076973562472,-0.2067544175223838
1690,14.368948425022712,-0.20283930923826218
1691,14.377048839510238,-0.19895973383611248
1692,14.385070920395739,-0.19511578132908472
1693,14.393014609584613,-0.19130754089714613
1694,14.400879849578683,-0.18753510088517572
1695,14.408666583475783,-0.18379854880107382
1696,14.416374754969238,-0.18009797131389355
1697,14.424004308347437,-0.1764334542519882
1698,14.43155518849336,-0.17280508260117902
1699,14.439027340884124,-0.1692129405029407
1700,14.446420711590536,-0.1656571112526057
1701,14.453735247276702,-0.16213767729758607
1702,14.460970895199544,-0.1586547202356162
1703,14.468127603208405,-0.15520832081301225
1704,14.475205319744635,-0.15179855892295074
1705,14.482203993841194,-0.1484255136037658
1706,14.489123575122218,-0.1450892630372663
1707,14.49596401380265,-0.14178988454706995
1708,14.502725260687843,-0.13852745459695703
1709,14.509407267173183,-0.13530204878924343
1710,14.516009985243704,-0.13211374186317085
1711,14.52253336747373,-0.12896260769331794
1712,14.528977367026505,-0.12584871928802854
1713,14.53534193765383,-0.12277214878785998
1714,14.541627033695725,-0.11973296746404945
1715,14.547832610080055,-0.11673124571699992
1716,14.55395862232223,-0.11376705307478419
1717,14.560005026524838,-0.11084045819166893
1718,14.565971779377348,-0.10795152884665613
1719,14.571858838155743,-0.10510033194204609
1720,14.577666160722254,-0.10228693350201627
1721,14.583393705524994,-0.09951139867122218
1722,14.58904143159771,-0.09677379171341415
1723,14.594609298559432,-0.09407417601007681
1724,14.6000972666142,-0.09141261405908431
1725,14.605505296550783,-0.0887891674733764
1726,14.610833349742382,-0.08620389697965315
1727,14.616081388146343,-0.08365686241708951
1728,14.621249374303897,-0.08114812273606752
1729,14.626337271339898,-0.07867773599692866
1730,14.631345042962524,-0.07624575936874596
1731,14.636272653463047,-0.07385224912811407
1732,14.641120067715587,-0.07149726065795874
1733,14.645887251176829,-0.06918084844636639
1734,14.650574169885811,-0.06690306608543166
1735,14.655180790463673,-0.06466396627012556
1736,14.659707080113412,-0.062463600797181926
1737,14.66415300661966,-0.06030202056400341
1738,14.66851853834847,-0.05817927556758627
1739,14.67280364424708,-0.05609541490346594
1740,14.67700829384369,-0.05405048676468043
1741,14.681132457247296,-0.05204453844075233
1742,14.685176105147423,-0.05007761631669355
1743,14.689139208813959,-0.048149765872025865
1744,14.693021740096947,-0.04626103167982223
1745,14.696823671426408,-0.04441145740576723
1746,14.700544975812123,-0.04260108580723782
1747,14.70418562684346,-0.040829958732402465
1748,14.707745598689225,-0.03909811711933877
1749,14.711224866097426,-0.03740560099517375
1750,14.714623404395162,-0.035752449475239576
1751,14.717941189488416,-0.034138700762251624
1752,14.721178197861901,-0.03256439214550474
1753,14.72433440657892,-0.031029560000088986
1754,14.72740979328119,-0.029534239786125533
1755,14.730404336188698,-0.028078466048020834
1756,14.733318014099558,-0.026662272413741892
1757,14.736150806389867,-0.02528569159410915
1758,14.738902693013566,-0.023948755382110658
1759,14.741573654502302,-0.02265149465223444
1760,14.744163671965326,-0.021393939359820535
1761,14.746672727089317,-0.020176118540433965
1762,14.749100802138313,-0.018998060309254872
1763,14.751447879953535,-0.017859791860491053
1764,14.753713943953333,-0.016761339466806566
1765,14.755898978133029,-0.015702728478773433
1766,14.75800296706485,-0.014683983324339712
1767,14.7600258958978,-0.013705127508319748
1768,14.761967750357565,-0.012766183611902397
1769,14.763828516746416,-0.011867173292179779
1770,14.765608181943133,-0.011008117281694494
1771,14.767306733402897,-0.010189035388007644
1772,14.768924159157233,-0.009409946493285084
1773,14.77046044781391,-0.00867086855390493
1774,14.771915588556867,-0.007971818600083114
1775,14.773289571146146,-0.007312812735519794
1776,14.774582385917835,-0.006693866137063733
1777,14.775794023783984,-0.0061149930543985135
1778,14.776924476232546,-0.005576206809746637
1779,14.777973735327338,-0.005077519797593586
1780,14.778941793707977,-0.004618943484431496
1781,14.779828644589815,-0.004200488408523701
1782,14.780634281763938,-0.0038221641796861248
1783,14.781358699597071,-0.003483979479091494
1784,14.782001893031572,-0.0031859420590911653
1785,14.782563857585377,-0.002928058743056866
1786,14.783044589352,-0.0027103354252424176
1787,14.783444085000472,-0.002532777070664988
1788,14.783762341775336,-0.0023953877150057344
1789,14.78399935749662,-0.0022981704645308816
1790,14.784155130559821,-0.0022411274960311496
1791,14.784229659935896,-0.002224260056781675
1792,14.784222945171257,-0.0022475684645212653
1793,14.784134986387746,-0.0023110521074519923
1794,14.78396578428266,-0.0024147094442568133
1795,14.78371534012873,-0.0025585380041389266
1796,14.783383655774134,-0.002742534386878645
1797,14.782970733642514,-0.0029666942629117243
1798,14.782476576732968,-0.003231012373426107
1799,14.781901188620102,-0.0035354825304781644
1800,14.781244573454025,-0.0038800976171297547
1801,14.780506735960351,-0.004264849587604586
1802,14.779687681440274,-0.00468972946746278
1803,14.77878741577057,-0.005154727353796766
1804,14.777805945403633,-0.005659832415445845
1805,14.776743277367528,-0.006205032893230766
1806,14.775599419266015,-0.0067903161002077096
1807,14.774374379278603,-0.007415668421942026
1808,14.773068166160602,-0.008081075316801328
1809,14.771680789243169,-0.00878652131626835
1810,14.770212258433375,-0.00953199002527343
1811,14.76866258421426,-0.010317464122546386
1812,14.767031777644892,-0.01114292536098836
1813,14.765319850360424,-0.012008354568063229
1814,14.763526814572216,-0.012913731646207106
1815,14.761652683067851,-0.013859035573259945
1816,14.759697469211245,-0.014844244402914828
1817,14.757661186942729,-0.015869335265187273
1818,14.755543850779135,-0.016934284366904247
1819,14.753345475813857,-0.018039066992213554
1820,14.75106607771701,-0.01918365750310989
1821,14.748705672735468,-0.020368029339984044
1822,14.74626427769299,-0.021592155022189537
1823,14.743741909990339,-0.022856006148628608
1824,14.741138587605368,-0.024159553398359065
1825,14.738454329093138,-0.025502766531219637
1826,14.735689153586064,-0.026885614388474505
1827,14.732843080794009,-0.02830806489347808
1828,14.729916131004403,-0.0297700850523597
1829,14.726908325082412,-0.03127164095472591
1830,14.72381968447104,-0.03281269777438429
1831,14.720650231191264,-0.03439321977008543
1832,14.717399987842212,-0.03601317028628423
1833,14.71406897760127,-0.03767251175392197
1834,14.710657224224255,-0.03937120569122652
1835,14.707164752045568,-0.04110921270453206
1836,14.703591585978343,-0.04288649248911901
1837,14.699937751514621,-0.04470300383007242
1838,14.69620327472552,-0.04655870460315995
1839,14.6923881822614,-0.04845355177572982
1840,14.688492501352034,-0.05038750140762753
1841,14.684516259806806,-0.0523605086521317
1842,14.680459486014891,-0.05437252775690981
1843,14.67632220894542,-0.05642351206499329
1844,14.672104458147707,-0.05851341401577113
1845,14.667806263751451,-0.0606421851460029
1846,14.663427656466894,-0.06280977609085303
1847,14.658968667585077,-0.06501613658494061
1848,14.654429328978042,-0.06726121546341161
1849,14.649809673099023,-0.0695449606630297
1850,14.645109732982698,-0.07186731922328472
1851,14.640329542245409,-0.07422823728752209
1852,14.635469135085376,-0.07662766010409085
1853,14.630528546282955,-0.07906553202751065
1854,14.625507811200874,-0.0815417965196576
1855,14.620406965784458,-0.08405639615097082
1856,14.615226046561913,-0.08660927260167564
1857,14.609965090644568,-0.08920036666302811
1858,14.604624135727121,-0.0918296182385775
1859,14.599203220087944,-0.09449696634544776
1860,14.593702382589305,-0.09720234911563932
1861,14.588121662677679,-0.099945703797348
1862,14.582461100384018,-0.10272696675630463
1863,14.576720736324042,-0.10554607347713259
1864,14.570900611698528,-0.10840295856472476
1865,14.565000768293617,-0.11129755574563951
1866,14.559021248481102,-0.11422979786951555
1867,14.552962095218744,-0.11719961691050594
1868,14.546823352050595,-0.12020694396873013
1869,14.540605063107304,-0.12325170927174604
1870,14.534307273106453,-0.12633384217604055
1871,14.527930027352886,-0.12945327116853833
1872,14.521473371739038,-0.13260992386813059
1873,14.514937352745298,-0.1358037270272214
1874,14.50832201744034,-0.13903460653329372
1875,14.50162741348147,-0.1423024874104946
1876,14.494853589115031,-0.14560729382123683
1877,14.488000593176718,-0.14894894906782244
1878,14.481068475091975,-0.15232737559408274
1879,14.474057284876393,-0.1557424949870374
1880,14.466967073136058,-0.15919422797857333
1881,14.459797891067979,-0.16268249444714053
1882,14.452549790460463,-0.16620721341946781
1883,14.445222823693525,-0.16976830307229698
1884,14.437817043739303,-0.17336568073413483
1885,14.430332504162497,-0.1769992628870238
1886,14.422769259120766,-0.1806689651683322
1887,14.415127363365162,-0.18437470237256234
1888,14.40740687224059,-0.18811638845317635
1889,14.399607841686242,-0.1918939365244415
1890,14.391730328236044,-0.19570725886329376
1891,14.383774389019134,-0.1995562669112191
1892,14.375740081760325,-0.20344087127615393
1893,14.367627464780565,-0.20736098173440368
1894,14.35943659699744,-0.2113165072325793
1895,14.351167537925665,-0.2153073558895524
1896,14.342820347677554,-0.21933343499842922
1897,14.334395086963553,-0.22339465102854156
1898,14.325891817092756,-0.2274909096274567
1899,14.31731059997341,-0.23162211562300541
1900,14.30865149811344,-0.2357881730253287
1901,14.299914574621036,-0.23998898502894062
1902,14.291099893205114,-0.24422445401481277
1903,14.282207518175952,-0.24849448155247278
1904,14.273237514445714,-0.2527989684021235
1905,14.264189947529017,-0.25713781451678014
1906,14.255064883543515,-0.2615109190444242
1907,14.24586238921051,-0.26591818033017534
1908,14.236582531855516,-0.2703594959184828
1909,14.227225379408894,-0.2748347625553327
1910,14.21779100040644,-0.2793438761904749
1911,14.208279463990046,-0.2838867319796659
1912,14.198690839908295,-0.2884632242869317
1913,14.189025198517127,-0.29307324668684664
1914,14.17928261078048,-0.29771669196683076
1915,14.169463148270973,-0.3023934521294642
1916,14.159566883170555,-0.3071034183948204
1917,14.149593888271191,-0.3118464812028164
1918,14.139544236975576,-0.31662253021557935
1919,14.12941800329781,-0.3214314543198333
1920,14.119215261864126,-0.3262731416293013
1921,14.108936087913593,-0.3311474794871264
1922,14.098580557298892,-0.3360543544683082
1923,14.088148746487025,-0.340993652382159
1924,14.077640732560075,-0.3459652582747764
1925,14.067056593215979,-0.35096905643153314
1926,14.0563964067693,-0.35600493037958414
1927,14.04566025215202,-0.36107276289039153
1928,14.034848208914342,-0.3661724359822657
1929,14.023960357225494,-0.37130383092292496
1930,14.012996777874562,-0.3764668282320712
1931,14.001957552271321,-0.38166130768398343
1932,13.990842762447075,-0.3868871483101282
1933,13.979652491055528,-0.3921442284017867
1934,13.968386821373645,-0.3974324255126994
1935,13.957045837302564,-0.40275161646172697
1936,13.945629623368426,-0.4081016773355301
1937,13.93413826472338,-0.41348248349126215
1938,13.922571847146425,-0.4188939095592836
1939,13.910930457044397,-0.42433582944588927
1940,13.899214181452885,-0.429808116336055
1941,13.887423108037213,-0.4353106426961993
1942,13.875557325093421,-0.4408432802769626
1943,13.863616921549234,-0.44640590011600345
1944,13.851601986965095,-0.4519983725408092
1945,13.83951261153517,-0.45762056717152666
1946,13.827348886088366,-0.4632723529238065
1947,13.815110902089419,-0.46895359801166486
1948,13.802798751639918,-0.4746641699503624
1949,13.790412527479411,-0.48040393555929767
1950,13.777952322986485,-0.48617276096491924
1951,13.76541823217987,-0.4919705116036523
1952,13.75281034971961,-0.49779705222484155
1953,13.740128770908134,-0.5036522468937126
1954,13.727373591691453,-0.5095359589943457
1955,13.714544908660347,-0.5154480512326692
1956,13.701642819051528,-0.5213883856394668
1957,13.688667420748848,-0.5273568235734017
1958,13.675618812284565,-0.5333532257240562
1959,13.662497092840528,-0.5393774521149882
1960,13.649302362249479,-0.5454293621068022
1961,13.636034720996308,-0.5515088144002375
1962,13.622694270219355,-0.5576156670392712
1963,13.609281111711734,-0.5637497774142373
1964,13.595795347922651,-0.5699110022649607
1965,13.582237081958764,-0.576099197683909
1966,13.56860641758556,-0.5823142191193568
1967,13.554903459228733,-0.5885559213785678
1968,13.541128311975589,-0.5948241586309921
1969,13.5272810815765,-0.6011187844114776
1970,13.513361874446339,-0.607439651623498
1971,13.499370797665943,-0.6137866125423959
1972,13.485307958983615,-0.6201595188186411
1973,13.471173466816644,-0.626558221481103
1974,13.456967430252838,-0.6329825709403399
1975,13.442689959052046,-0.6394324169919039
1976,13.428341163647785,-0.6459076088196564
1977,13.413921155148806,-0.6524079949991052
1978,13.399430045340731,-0.6589334235007506
1979,13.38486794668771,-0.6654837416934497
1980,13.370234972334066,-0.6720587963477951
1981,13.355531236106003,-0.6786584336395071
1982,13.340756852513309,-0.6852824991528427
1983,13.325911936751119,-0.6919308378840168
1984,13.31099660470168,-0.6986032942446385
1985,13.296010972936108,-0.7052997120651653
1986,13.280955158716253,-0.7120199345983663
1987,13.265829279996511,-0.7187638045228039
1988,13.250633455425694,-0.7255311639463282
1989,13.235367804348929,-0.7323218544095869
1990,13.22003244680959,-0.7391357168895467
1991,13.204627503551237,-0.7459725918030327
1992,13.189153096019583,-0.7528323190102789
1993,13.173609346364534,-0.7597147378184936
1994,13.157996377442181,-0.76661968698544
1995,13.14231431281689,-0.7735470047230291
1996,13.126563276763392,-0.7804965287009261
1997,13.110743394268884,-0.7874680960501741
1998,13.094854791035205,-0.7944615433668265
1999,13.078897593481003,-0.8014767067155975
2000,13.062871928743986,-0.8085134216335217
2001,13.046777924683099,-0.8155715231336335
2002,13.030615709880859,-0.8226508457086537
2003,13.014385413645641,-0.8297512233346928
2004,12.998087166014031,-0.8368724894749674
2005,12.981721097753205,-0.8440144770835286
2006,12.96528734036331,-0.851177018609006
2007,12.948786026079963,-0.8583599459983617
2008,12.932217287876675,-0.8655630907006605
2009,12.915581259467404,-0.8727862836708508
2010,12.898878075309092,-0.8800293553735588
2011,12.882107870604266,-0.8872921357868976
2012,12.865270781303634,-0.8945744544062869
2013,12.84836694410879,-0.9018761402482851
2014,12.831396496474886,-0.9091970218544367
2015,12.814359576613372,-0.9165369272951306
2016,12.797256323494791,-0.9238956841734692
2017,12.780086876851597,-0.931273119629154
2018,12.76285137718099,-0.9386690603423811
2019,12.74554996574786,-0.9460833325377469
2020,12.728182784587691,-0.9535157619881717
2021,12.710749976509577,-0.9609661740188304
2022,12.693251685099236,-0.9684343935110974
2023,12.675688054722068,-0.9759202449065031
2024,12.658059230526305,-0.9834235522107034
2025,12.640365358446159,-0.9909441389974587
2026,12.622606585205006,-0.9984818284126276
2027,12.604783058318677,-1.00603644317817
2028,12.586894926098754,-1.0136078055961628
2029,12.568942337655894,-1.0211957375528276
2030,12.550925442903244,-1.0288000605225691
2031,12.5328443925599,-1.0364205955720247
2032,12.514699338154381,-1.0440571633641273
2033,12.496490432028192,-1.0517095841621769
2034,12.478217827339416,-1.059377677833925
2035,12.459881678066383,-1.0670612638556696
2036,12.441482139011347,-1.0747601613163609
2037,12.423019365804283,-1.0824741889217189
2038,12.40449351490666,-1.090203164998361
2039,12.385904743615365,-1.0979469074979402
2040,12.36725321006657,-1.105705234001296
2041,12.348539073239747,-1.1134779617226123
2042,12.32976249296173,-1.1212649075135899
2043,12.310923629910782,-1.1290658878676256
2044,12.292022645620767,-1.1368807189240062
2045,12.27305970248539,-1.1447092164721075
2046,12.254034963762457,-1.1525511959556085
2047,12.234948593578261,-1.160406472476711
2048,12.215800756931957,-1.1682748608003741
2049,12.196591619700051,-1.176156175358555
2050,12.177321348640957,-1.1840502302544613
2051,12.157990111399595,-1.191956839266813
2052,12.138598076512059,-1.1998758158541136
2053,12.119145413410406,-1.20780697315893
2054,12.09963229242743,-1.215750124012186
2055,12.080058884801566,-1.2237050809374603
2056,12.060425362681878,-1.2316716561552956
2057,12.040731899133041,-1.239649661587519
2058,12.020978668140508,-1.2476389088615687
2059,12.001165844615658,-1.2556392093148314
2060,11.98129360440109,-1.2636503739989873
2061,11.961362124275931,-1.2716722136843672
2062,11.941371581961286,-1.2797045388643142
2063,11.921322156125727,-1.287747159759557
2064,11.90121402639088,-1.2957998863225915
2065,11.881047373337099,-1.3038625282420693
2066,11.860822378509212,-1.3119348949471972
2067,11.840539224422365,-1.3200167956121427
2068,11.82019809456794,-1.3281080391604496
2069,11.79979917341959,-1.3362084342694611
2070,11.779342646439325,-1.3443177893747495
2071,11.758828700083725,-1.352435912674557
2072,11.738257521810219,-1.3605626121342422
2073,11.71762930008348,-1.3686976954907344
2074,11.696944224381898,-1.3768409702569975
2075,11.67620248520417,-1.3849922437264983
2076,11.655404274075977,-1.3931513229776862
2077,11.63454978355676,-1.4013180148784772
2078,11.613639207246608,-1.4094921260907465
2079,11.592672739793255,-1.4176734630748284
2080,11.571650576899144,-1.4258618320940242
2081,11.550572915328663,-1.4340570392191136
2082,11.529439952915427,-1.4422588903328788
2083,11.508251888569719,-1.4504671911346305
2084,11.487008922286027,-1.4586817471447417
2085,11.465711255150673,-1.4669023637091911
2086,11.44435908934961,-1.4751288460041083
2087,11.422952628176263,-1.4833609990403311
2088,11.401492076039585,-1.491598627667962
2089,11.379977638472164,-1.4998415365809392
2090,11.358409522138462,-1.5080895303216069
2091,11.336787934843212,-1.5163424132852945
2092,11.315113085539926,-1.5245999897249036
2093,11.293385184339535,-1.5328620637554955
2094,11.27160444251915,-1.5411284393588918
2095,11.24977107253099,-1.5493989203882728
2096,11.2278852880114,-1.5576733105727878
2097,11.205947303790056,-1.5659514135221675
2098,11.183957335899285,-1.5742330327313427
2099,11.161915601583537,-1.5825179715850681
2100,11.139822319309003,-1.5908060333625509
2101,11.117677708773389,-1.599097021242085
2102,11.095481990915806,-1.6073907383056898
2103,11.073235387926875,-1.615686987543755
2104,11.050938123258966,-1.623985571859686
2105,11.02859042163654,-1.632286294074561
2106,11.006192509066722,-1.6405889569317857
2107,10.98374461285004,-1.6488933631017542
2108,10.961246961591293,-1.6571993151865196
2109,10.938699785210575,-1.66550661572446
2110,10.916103314954528,-1.6738150671949552
2111,10.893457783407758,-1.6821244720230635
2112,10.870763424504402,-1.6904346325842057
2113,10.84802047353987,-1.6987453512088502
2114,10.825229167182837,-1.7070564301872015
2115,10.802389743487328,-1.7153676717738966
2116,10.779502441905109,-1.7236788781926968
2117,10.75656750329814,-1.7319898516411922
2118,10.733585169951338,-1.7403003942955009
2119,10.710555685585502,-1.748610308314979
2120,10.687479295370416,-1.7569193958469256
2121,10.664356245938196,-1.7652274590312975
2122,10.641186785396828,-1.773534300005423
2123,10.617971163343942,-1.7818397209087193
2124,10.594709630880779,-1.7901435238874124
2125,10.571402440626397,-1.7984455110992597
2126,10.548049846732102,-1.8067454847182733
2127,10.524652104896104,-1.8150432469394486
2128,10.50120947237842,-1.8233385999834915
2129,10.477722208015978,-1.8316313461015497
2130,10.454190572238028,-1.8399212875799462
2131,10.43061482708172,-1.8482082267449125
2132,10.406995236208013,-1.8564919659673245
2133,10.383332064917779,-1.8647723076674407
2134,10.359625580168187,-1.8730490543196407
2135,10.335876050589361,-1.8813220084571658
2136,10.312083746501283,-1.8895909726768594
2137,10.288248939931,-1.897855749643909
2138,10.264371904630066,-1.9061161420965902
2139,10.240452916092313,-1.9143719528510121
2140,10.216492251571871,-1.922622984805859
2141,10.192490190101509,-1.9308690409471372
2142,10.168447012511251,-1.9391099243529213
2143,10.1443630014473,-1.9473454381980988
2144,10.120238441391276,-1.9555753857591178
2145,10.096073618679775,-1.9637995704187334
2146,10.071868821524212,-1.9720177956707514
2147,10.047624340031032,-1.9802298651247776
2148,10.023340466222212,-1.9884355825109632
2149,9.99901749405613,-1.9966347516847491
2150,9.974655719448736,-2.004827176631611
2151,9.9502554402951,-2.013012661471805
2152,9.925816956491339,-2.021191010465112
2153,9.901340569956819,-2.0293620280155777
2154,9.876826584656802,-2.0375255186762566
2155,9.852275306625423,-2.0456812871539527
2156,9.827687043989066,-2.053829138313957
2157,9.803062106990097,-2.06196887718479
2158,9.778400808011027,-2.0701003089629344
2159,9.753703461599038,-2.078223239017571
2160,9.728970384490932,-2.0863374728953143
2161,9.704201895638478,-2.0944428163249422
2162,9.679398316234206,-2.1025390752221256
2163,9.65455996973758,-2.110626055694157
2164,9.629687181901662,-2.1187035640446767
2165,9.604780280800169,-2.1267714067783925
2166,9.579839596854994,-2.1348293906058053
2167,9.554865462864202,-2.142877322447923
2168,9.529858214030476,-2.150915009440978
2169,9.504818187990002,-2.15894225894114
2170,9.479745724841925,-2.1669588785292238
2171,9.454641167178176,-2.174964676015399
2172,9.4295048601139,-2.1829594594438904
2173,9.404337151318341,-2.190943037097681
2174,9.379138391046224,-2.198915217503205
2175,9.353908932169729,-2.2068758094350467
2176,9.32864913021091,-2.2148246219206245
2177,9.303359343374737,-2.2227614642448796
2178,9.27803993258262,-2.230686145954957
2179,9.252691261506577,-2.238598476864882
2180,9.227313696603863,-2.2464982670602387
2181,9.201907607152291,-2.2543853269028324
2182,9.176473365286077,-2.2622594670353604
2183,9.151011346032304,-2.2701204983860674
2184,9.125521927347974,-2.2779682321734067
2185,9.10000549015775,-2.285802479910686
2186,9.074462418392255,-2.2936230534107165
2187,9.048893099027033,-2.301429764790453
2188,9.023297922122204,-2.3092224264756283
2189,8.997677280862764,-2.3170008512053855
2190,8.972031571599492,-2.3247648520369033
2191,8.946361193890695,-2.3325142423500136
2192,8.920666550544494,-2.340248835851817
2193,8.894948047661954,-2.34796844658129
2194,8.869206094680814,-2.3556728889138876
2195,8.8434411044201,-2.3633619775661385
2196,8.817653493125317,-2.371035527600235
2197,8.79184368051457,-2.3786933544286195
2198,8.76601208982533,-2.3863352738185575
2199,8.740159147862077,-2.3939611018967097
2200,8.714285285044674,-2.4015706551536975
2201,8.688390935457615,-2.409163750448658
2202,8.662476536900042,-2.4167402050137947
2203,8.63654253093668,-2.424299836458923
2204,8.610589362949531,-2.4318424627760002
2205,8.584617482190538,-2.439367902343662
2206,8.558627341835042,-2.446875973931738
2207,8.532619399036212,-2.4543664967057657
2208,8.506594114980357,-2.4618392902314996
2209,8.480551954943131,-2.469294174479407
2210,8.454493388346744,-2.4767309698291586
2211,8.428418888818113,-2.48414949707411
2212,8.402328934247953,-2.4915495774257757
2213,8.376224006850878,-2.4989310325182976
2214,8.350104593226545,-2.506293684412898
2215,8.323971184421755,-2.5136373556023295
2216,8.29782427599364,-2.5209618690153164
2217,8.271664368073882,-2.528267048020984
2218,8.245491965433981,-2.5355527164332816
2219,8.219307577551671,-2.5428186985153953
2220,8.193111718678391,-2.550064818984151
2221,8.16690490790788,-2.5572909030144104
2222,8.140687669245928,-2.564496776243455
2223,8.11446053168126,-2.5716822647753617
2224,8.088224029257626,-2.578847195185369
2225,8.06197870114704,-2.585991394524231
2226,8.035725091724245,-2.593114690322568
2227,8.009463750642416,-2.600216910595196
2228,7.983195232910076,-2.607297883845458
2229,7.956920098969323,-2.614357439069535
2230,7.930638914775229,-2.6213954057607554
2231,7.904352251876696,-2.6284116139138836
2232,7.8780606874984755,-2.6354058940294096
2233,7.85176480462461,-2.6423780771178174
2234,7.825465192083188,-2.649327994703849
2235,7.799162444632475,-2.6562554788307535
2236,7.7728571630484655,-2.663160362064529
2237,7.746549954213752,-2.670042477498148
2238,7.720241431207927,-2.6769016587557775
2239,7.693932213399347,-2.6837377399969795
2240,7.667622926538386,-2.6905505559209093
2241,7.641314202852161,-2.6973399417704944
2242,7.615006681140766,-2.704105733336606
2243,7.588701006874981,-2.7108477669622126
2244,7.562397832295552,-2.7175658795465316
2245,7.536097816514012,-2.7242599085491563
2246,7.509801625615024,-2.7309296919941835
2247,7.483509932760354,-2.737575068474314
2248,7.457223418294426,-2.744195877154953
2249,7.430942769851473,-2.750791957778292
2250,7.4046686824643455,-2.757363150667378
2251,7.378401858674931,-2.7639092967301697
2252,7.352143008646276,-2.7704302374635823
2253,7.325892850276323,-2.7769258149575173
2254,7.299652109313407,-2.783395871898878
2255,7.2734215194733896,-2.789840251575575
2256,7.247201822558525,-2.796258797880514
2257,7.220993768578079,-2.802651355315574
2258,7.194798115870649,-2.809017768995567
2259,7.168615631228257,-2.8153578846521863
2260,7.142447090022177,-2.821671548637943
2261,7.11629327633055,-2.8279586079300816
2262,7.09015498306778,-2.8342189101344877
2263,7.064033012115653,-2.84045230348958
2264,7.037928174456314,-2.846658636870183
2265,7.011841290307004,-2.852837759791392
2266,6.9857731892565855,-2.858989522412418
2267,6.959724710403869,-2.8651137755404177
2268,6.933696702497744,-2.8712103706343157
2269,6.907690024079088,-2.8772791598085994
2270,6.881705543624505,-2.883319995837109
2271,6.855744139691793,-2.8893327321568076
2272,6.829806701067252,-2.8953172228715367
2273,6.80389412691473,-2.9012733227557534
2274,6.778007326926461,-2.907200887258259
2275,6.752147221475627,-2.9130997725059
2276,6.72631474177065,-2.9189698353072684
2277,6.700510830011256,-2.9248109331563703
2278,6.674736439546195,-2.930622924236289
2279,6.64899253503264,-2.9364056674228283
2280,6.6232800925972475,-2.9421590222881386
2281,6.5976000999988464,-2.947882849104327
2282,6.571953556792753,-2.9535770088470508
2283,6.546341474496547,-2.9592413631990966
2284,6.520764876757491,-2.9648757745539362
2285,6.495224799521319,-2.9704801060192736
2286,6.469722291202561,-2.97605422142057
2287,6.444258412856153,-2.981597985304548
2288,6.418834238350481,-2.9871112629426904
2289,6.393450854541596,-2.9925939203347083
2290,6.368109361448721,-2.998045824211999
2291,6.34281087243085,-3.0034668420410857
2292,6.31755651436445,-3.0088568420270376
2293,6.292347427822135,-3.0142156931168733
2294,6.267184767252251,-3.019543265002945
2295,6.242069701159295,-3.0248394281263065
2296,6.217003412285054,-3.030104053680061
2297,6.191987097790362,-3.0353370136126925
2298,6.167021969437376,-3.040538180631379
2299,6.142109253772257,-3.045707428205281
2300,6.117250192308122,-3.0508446305688257
2301,6.092446041708182,-3.0559496627249527
2302,6.067698073968837,-3.0610224004483584
2303,6.043007576602672,-3.0660627202887136
2304,6.018375852821204,-3.0710704995738607
2305,5.993804221717086,-3.076045616412997
2306,5.969294018445828,-3.080987949699832
2307,5.944846594406597,-3.0858973791157345
2308,5.920463317422119,-3.0907737851328507
2309,5.896145571917361,-3.095617049017209
2310,5.87189475909684,-3.1004270528318028
2311,5.847712297120265,-3.1052036794396547
2312,5.8235996212764505,-3.10994681250686
2313,5.799558184154994,-3.1146563365056084
2314,5.775589455815747,-3.1193321367171936
2315,5.7516949239556325,-3.1239740992349896
2316,5.727876094072528,-3.1285821109674203
2317,5.704134489626073,-3.1331560596408985
2318,5.680471652194918,-3.137695833802753
2319,5.656889141630245,-3.1422013228241266
2320,5.633388536205126,-3.146672416902861
2321,5.609971432759411,-3.1511090070663554
2322,5.586639446839807,-3.15551098517441
2323,5.563394212834768,-3.1598782439220425
2324,5.540237384103766,-3.164210676842288
2325,5.517170633100594,-3.168508178308978
2326,5.494195651490253,-3.172770643539492
2327,5.471314150258992,-3.176997968597498
2328,5.448527859817056,-3.181190050395663
2329,5.425838530093686,-3.185346786698349
2330,5.403247930623844,-3.189468076124278
2331,5.380757850626217,-3.193553818149188
2332,5.358370099071984,-3.1976039131084564
2333,5.336086504743743,-3.2016182621997062
2334,5.313908916284117,-3.2055967674853942
2335,5.2918392022334855,-3.2095393318953676
2336,5.269879251056185,-3.213445859229409
2337,5.248030971154646,-3.2173162541597513
2338,5.226296290870827,-3.2211504222335763
2339,5.20467715847431,-3.224948269875487
2340,5.183175542136405,-3.2287097043899595
2341,5.161793429889651,-3.232434633963771
2342,5.140532829571952,-3.236122967668409
2343,5.119395768754722,-3.2397746154624527
2344,5.098384294654311,-3.2433894881939365
2345,5.077500474025994,-3.2469674976026863
2346,5.056746393039767,-3.2505085563226386
2347,5.0361241571372615,-3.2540125778841307
2348,5.0156358908689525,-3.2574794767161714
2349,4.99528373771096,-3.2609091681486895
2350,4.975069859860623,-3.2643015684147554
2351,4.954996438010066,-3.2676565946527854
2352,4.935065671097035,-3.270974164908715
2353,4.915279776032113,-3.274254198138157
2354,4.895640987401593,-3.2774966142085296
2355,4.876151557145157,-3.2807013339011646
2356,4.85681375420767,-3.2838682789133933
2357,4.8376298641641275,-3.2869973718606036
2358,4.818602188817137,-3.290088536278279
2359,4.799733045766026,-3.2931416966240104
2360,4.781024767946908,-3.296156778279485
2361,4.762479703142839,-3.2991337075524525
2362,4.744100213463448,-3.3020724116786666
2363,4.725888674793163,-3.304972818823802
2364,4.707847476207526,-3.3078348580853447
2365,4.689979019356659,-3.3106584594944675
2366,4.672285717815481,-3.313443554017869
2367,4.654769996399886,-3.316190073559599
2368,4.637434290448369,-3.3188979509628496
2369,4.620281045068516,-3.321567120011733
2370,4.603312714347886,-3.3241975154330254
2371,4.586531760528751,-3.326789072897893
2372,4.569940653146405,-3.3293417290235863
2373,4.553541868130528,-3.331855421375118
2374,4.537337886869445,-3.334330088466913
2375,4.521331195236973,-3.336765669764429
2376,4.50552428258167,-3.339162105685759
2377,4.489919640678456,-3.3415193376032084
2378,4.474519762642502,-3.343837307844838
2379,4.459327141805518,-3.3461159596960015
2380,4.444344270554518,-3.348355237400833
2381,4.4295736391333245,-3.35055508616373
2382,4.415017734407155,-3.352715452150801
2383,4.400679038590648,-3.354836282491294
2384,4.386560027939906,-3.3569175252789902
2385,4.372663171409133,-3.358959129573584
2386,4.358990929272665,-3.3609610454020307
2387,4.345545751713143,-3.362923223759872
2388,4.3323300773768585,-3.364845616612531
2389,4.319346331897311,-3.3667281768965913
2390,4.306596926388202,-3.368570858521039
2391,4.294084255907111,-3.3703736163684908
2392,4.281810697891385,-3.372136406296387
2393,4.269778610567725,-3.3738591851381643
2394,4.257990331337196,-3.3755419107044022
2395,4.246448175137462,-3.3771845417839423
2396,4.235154432784144,-3.378787038144983
2397,4.224111369293457,-3.380349360536148
2398,4.213321222188209,-3.3818714706875306
2399,4.202786199789473,-3.3833533313117106
2400,4.192508479496467,-3.3847949061047418
2401,4.182490206056997,-3.3861961597471235
2402,4.172733489831285,-3.387557057904739
2403,4.163240405051782,-3.3888775672297635
2404,4.154012988081951,-3.3901576553615596
2405,4.145053235676842,-3.391397290927534
2406,4.136363103248596,-3.392596443543977
2407,4.127944503139938,-3.393755083816867
2408,4.119799302908859,-3.394873183342659
2409,4.111929323627715,-3.395950714709041
2410,4.104336338200119,-3.3969876514956647
2411,4.09702206969886,-3.3979839682748483
2412,4.089988189728349,-3.3989396406122627
2413,4.08323631681493,-3.399854645067577
2414,4.076768014828476,-3.4007289591950887
2415,4.070584791438736,-3.4015625615443232
2416,4.064688096609747,-3.402355431660608
2417,4.059079321135819,-3.403107550085623
2418,4.053759795222287,-3.403818898357918
2419,4.048730787114468,-3.4044894590134094
2420,4.0439935017779165,-3.405119215585852
2421,4.0395490796332405,-3.4057081526072768
2422,4.035398595348442,-3.406256255608411
2423,4.031543056691811,-3.406763511119067
2424,4.027983403448191,-3.407229906668503
2425,4.024720506401275,-3.4076554307857636
2426,4.021755166384641,-3.40804007299999
2427,4.019088113403766,-3.408383823840701
2428,4.01672000583143,-3.4086866748380547
2429,4.014651429678534,-3.4089486185230764
2430,4.012882897942219,-3.4091696484278664
2431,4.01141485003302,-3.409349759085775
2432,4.010247651282578,-3.4094889460315563
2433,4.009381592533194,-3.409587205801495
2434,4.008816889810349,-3.4096445359335026
2435,4.008553684078995,-3.4096609349671896
2436,4.008592041084358,-3.409636402443915
2437,4.0089319512776544,-3.4095709389068
2438,4.009573329826828,-3.4094645459007267
2439,4.0105160167124625,-3.4093172259722997
2440,4.011759776908399,-3.4091289826697904
2441,4.013304300646776,-3.408899820543046
2442,4.015149203766602,-3.4086297451433785
2443,4.017294028145101,-3.408318763023427
2444,4.019738242210521,-3.407966881736988
2445,4.022481241535156,-3.407574109838823
2446,4.025522349507008,-3.4071404568844446
2447,4.028860818078262,-3.406665933429863
2448,4.032495828588695,-3.4061505510313217
2449,4.0364264926618505,-3.405594322244993
2450,4.0406518531716875,-3.4049972606266588
2451,4.0451708852772486,-3.4043593807313504
2452,4.049982497522716,-3.403680698112982
2453,4.055085533000152,-3.4029612293239375
2454,4.060478770571985,-3.402200991914647
2455,4.066160926150345,-3.401400004433123
2456,4.072130654030093,-3.4005582864244803
2457,4.0783865482723725,-3.3996758584304274
2458,4.084927144135542,-3.3987527419887287
2459,4.09175091955001,-3.3977889596326443
2460,4.098856296633795,-3.3967845348903394
2461,4.106241643245299,-3.3957394922842665
2462,4.113905274569949,-3.3946538573305327
2463,4.121845454737282,-3.3935276565382235
2464,4.130060398465017,-3.3923609174087135
2465,4.138548272726753,-3.3911536684349457
2466,4.147307198439943,-3.389905939100687
2467,4.156335252170678,-3.388617759879752
2468,4.165630467852202,-3.3872891622352093
2469,4.1751908385136955,-3.385920178618554
2470,4.185014318016293,-3.384510842468858
2471,4.195098822793262,-3.3830611882118937
2472,4.2054422335911825,-3.3815712512592313
2473,4.216042397209395,-3.3800410680073125
2474,4.226897128234742,-3.378470675836489
2475,4.238004210768944,-3.3768601131100526
2476,4.249361400145981,-3.375209419173218
2477,4.260966424636964,-3.3735186343521004
2478,4.272816987140119,-3.3717877999526507
2479,4.284910766853634,-3.3700169582595727
2480,4.297245420929143,-3.3682061525352167
2481,4.309818586103889,-3.3663554270184437
2482,4.322627880309641,-3.3644648269234603
2483,4.335670904256586,-3.3625343984386347
2484,4.348945242990522,-3.3605641887252866
2485,4.362448467421846,-3.358554245916447
2486,4.37617813582495,-3.3565046191155967
2487,4.390131795306672,-3.3544153583953737
2488,4.404306983242734,-3.352286514796264
2489,4.418701228681039,-3.350118140325258
2490,4.433312053710933,-3.347910287954488
2491,4.448136974797671,-3.345663011619837
2492,4.463173504081263,-3.343376366219524
2493,4.478419150639221,-3.3410504076126606
2494,4.493871421712648,-3.33868519261779
2495,4.509527823895276,-3.3362807790113918
2496,4.525385864285239,-3.3338372255263655
2497,4.541443051599223,-3.331354591850494
2498,4.557696897248997,-3.3288329386248727
2499,4.574144916380251,-3.3262723274423203
2500,4.590784628873795,-3.3236728208457658
2501,4.607613560309197,-3.3210344823266014
2502,4.624629242891091,-3.318357376323023
2503,4.6418292163383965,-3.315641568218338
2504,4.659211028736729,-3.312887124339249
2505,4.676772237354458,-3.3100941119541174
2506,4.694510409422745,-3.3072625992711955
2507,4.712423122880085,-3.3043926554368444
2508,4.730507967081869,-3.301484350533712
2509,4.748762543475503,-3.2985377555789075
2510,4.767184466241713,-3.2955529425221286
2511,4.785771362902652,-3.2925299842437816
2512,4.804520874897463,-3.2894689545530738
2513,4.823430658126003,-3.2863699281860725
2514,4.842498383461395,-3.2832329808037546
2515,4.861721737232232,-3.2800581889900173
2516,4.881098421675046,-3.276845630249678
2517,4.900626155357966,-3.2735953830064424
2518,4.920302673576181,-3.27030752660085
2519,4.9401257287200915,-3.2669821412881976
2520,4.960093090616902,-3.263619308236439
2521,4.980202546846474,-3.260219109524059
2522,5.000451903032207,-3.256781628137927
2523,5.0208389831077485,-3.253306947971125
2524,5.04136162956033,-3.2497951538207506
2525,5.062017703651562,-3.246246331385702
2526,5.082805085616373,-3.2426605672644353
2527,5.103721674840975,-3.2390379489526997
2528,5.124765390020616,-3.235378564841249
2529,5.1459341692977745,-3.231682504213534
2530,5.167225970381711,-3.227949857243366
2531,5.18863877064995,-3.22418071499256
2532,5.210170567232619,-3.220375169408558
2533,5.2318193770801225,-3.2165333133220257
2534,5.253583237015065,-3.2126552404444286
2535,5.275460203769018,-3.2087410453655827
2536,5.297448354004774,-3.204790823551188
2537,5.319545784324838,-3.2008046713403355
2538,5.341750611266696,-3.1967826859429906
2539,5.364060971285584,-3.1927249654374608
2540,5.386475020725299,-3.1886316087678335
2541,5.408990935777686,-3.1845027157413974
2542,5.431606912431345,-3.1803383870260387
2543,5.45432116641016,-3.1761387241476173
2544,5.477131933102156,-3.171903829487319
2545,5.500037467479257,-3.167633806278991
2546,5.523036044008381,-3.163328758606447
2547,5.546125956554481,-3.1589887914007604
2548,5.569305518275887,-3.154614010437529
2549,5.592573061512488,-3.1502045223341226
2550,5.6159269376672105,-3.145760434546905
2551,5.639365517081151,-3.14128185536844
2552,5.662887188902843,-3.1367688939246734
2553,5.686490360952038,-3.132221660172094
2554,5.71017345957837,-3.1276402648948713
2555,5.733934929515322,-3.1230248197019805
2556,5.757773233729775,-3.1183754370242953
2557,5.781686853267496,-3.1136922301116714
2558,5.805674287095012,-3.1089753130299997
2559,5.829734051937982,-3.104224800658247
2560,5.853864682116528,-3.09944080868547
2561,5.878064729377756,-3.094623453607813
2562,5.902332762725707,-3.089772852725484
2563,5.926667368249056,-3.084889124139712
2564,5.951067148946806,-3.079972386749681
2565,5.975530724552172,-3.075022760249449
2566,6.000056731354915,-3.0700403651248416
2567,6.024643822022346,-3.065025322650332
2568,6.049290665419178,-3.0599777548858973
2569,6.073995946426501,-3.054897784673853
2570,6.098758365759915,-3.0497855356356776
2571,6.1235766397871725,-3.0446411321688074
2572,6.14844950034537,-3.0394646994434167
2573,6.173375694557928,-3.0342563633991797
2574,6.1983539846514715,-3.029016250742014
2575,6.223383147772744,-3.0237444889407996
2576,6.248461975805703,-3.0184412062240855
2577,6.2735892751889475,-3.0131065315767773
2578,6.298763866733578,-3.0077405947367994
2579,6.32398458544159,-3.002343526191748
2580,6.34925028032491,-2.9969154571755188
2581,6.374559814225192,-2.9914565196649194
2582,6.399912063634477,-2.985966846376263
2583,6.425305918516737,-2.9804465707619463
2584,6.450740282130479,-2.9748958270070025
2585,6.476214070852401,-2.9693147500256454
2586,6.501726214002242,-2.963703475457793
2587,6.52727565366884,-2.9580621396655653
2588,6.552861344537488,-2.952390879729779
2589,6.5784822537186045,-2.9466898334464133
2590,6.604137360577857,-2.9409591393230627
2591,6.629825656567674,-2.9351989365753735
2592,6.655546145060305,-2.9294093651234614
2593,6.6812978411823485,-2.9235905655883117
2594,6.707079771650899,-2.917742679288167
2595,6.732890974611283,-2.911865848234891
2596,6.7587304994763935,-2.905960215130324
2597,6.784597406767757,-2.900025923362612
2598,6.810490767958199,-2.894063117002531
2599,6.836409665316283,-2.888071940799785
2600,6.862353191752429,-2.8820525401792927
2601,6.8883204506667965,-2.876005061237459
2602,6.914310555798943,-2.8699296507384258
2603,6.94032263107917,-2.8638264561103135
2604,6.966355810481747,-2.8576956254414405
2605,6.992409237879847,-2.8515373074765322
2606,7.018482066902298,-2.8453516516129107
2607,7.0445734607921375,-2.8391388078966715
2608,7.070682592266922,-2.8328989270188454
2609,7.096808643380927,-2.82663216031154
2610,7.122950805388976,-2.8203386597440767
2611,7.149108278612267,-2.8140185779191014
2612,7.175280272305832,-2.807672068068687
2613,7.2014660045278305,-2.8012992840504203
2614,7.227664702010664,-2.7949003803434738
2615,7.253875600033792,-2.7884755120446627
2616,7.280097942298387,-2.7820248348644876
2617,7.306330980803669,-2.7755485051231648
2618,7.3325739757250155,-2.7690466797466398
2619,7.358826195293849,-2.7625195162625893
2620,7.385086915679171,-2.755967172796408
2621,7.411355420870859,-2.749389808067183
2622,7.437631002564637,-2.742787581383652
2623,7.463912960048767,-2.736160652640152
2624,7.4902006000923365,-2.7295091823125497
2625,7.516493236835292,-2.7228333314541646
2626,7.54279019168003,-2.7161332616916742
2627,7.569090793184674,-2.7094091352210072
2628,7.595394376957941,-2.702661114803228
2629,7.6217002855555815,-2.6958893637604002
2630,7.648007868378421,-2.689094045971447
2631,7.674316481571944,-2.682275325867992
2632,7.700625487927443,-2.6754333684301903
2633,7.726934256784664,-2.668568339182549
2634,7.753242163935971,-2.661680404189734
2635,7.779548591532025,-2.6547697300523607
2636,7.8058529279888935,-2.647836483902782
2637,7.832154567896647,-2.6408808334008573
2638,7.8584529119293665,-2.633902946729712
2639,7.884747366756603,-2.6269029925914866
2640,7.911037344956199,-2.6198811402030717
2641,7.937322264928525,-2.6128375592918354
2642,7.96360155081206,-2.6057724200913377
2643,7.989874632400311,-2.598685893337032
2644,8.016140945060107,-2.5915781502619617
2645,8.042399929651141,-2.5844493625924367
2646,8.068651032446846,-2.5772997025437117
2647,8.094893705056514,-2.5701293428156387
2648,8.121127404348712,-2.5629384565883253
2649,8.147351592375903,-2.555727217517772
2650,8.173565736300288,-2.5484957997314996
2651,8.199769308320866,-2.5412443778241762
2652,8.225961785601676,-2.5339731268532204
2653,8.25214265020119,-2.526682222334407
2654,8.278311389002887,-2.5193718402374565
2655,8.30446749364693,-2.5120421569816167
2656,8.330610460462973,-2.504693349431236
2657,8.356739790404053,-2.497325594891326
2658,8.382854988981627,-2.4899390711031146
2659,8.408955566201561,-2.4825339562395943
2660,8.435041036501268,-2.4751104289010546
2661,8.46111091868785,-2.467668668110612
2662,8.48716473587723,-2.460208853309729
2663,8.513202015434308,-2.4527311643537257
2664,8.539222288914141,-2.44523578150728
2665,8.565225092003994,-2.437722885439923
2666,8.591209964466438,-2.4301926572215247
2667,8.617176450083349,-2.422645278317773
2668,8.643124096600861,-2.4150809305856447
2669,8.669052455675146,-2.4074997962688656
2670,8.694961082819209,-2.3999020579933674
2671,8.720849537350462,-2.3922878987627376
2672,8.746717382339218,-2.384657501953656
2673,8.772564184558027,-2.377011051311329
2674,8.798389514431827,-2.36934873094492
2675,8.824192945988957,-2.361670725322964
2676,8.849974056812972,-2.3539772192687813
2677,8.875732427995205,-2.346268397955885
2678,8.901467644088186,-2.3385444469033794
2679,8.927179293059798,-2.3308055519713538
2680,8.952866966248177,-2.3230518993562685
2681,8.9785302583174,-2.315283675586335
2682,9.00416876721386,-2.307501067516893
2683,9.029782094123386,-2.299704262325777
2684,9.055369843429082,-2.2918934475086794
2685,9.080931622669844,-2.2840688108745084
2686,9.106467042499556,-2.2762305405407415
2687,9.131975716647007,-2.26837882492877
2688,9.157457261876406,-2.2605138527592388
2689,9.182911297948602,-2.2526358130473874
2690,9.208337447582904,-2.2447448950983757
2691,9.233735336419572,-2.2368412885026143
2692,9.259104592982892,-2.2289251831310843
2693,9.284444848644874,-2.2209967691306542
2694,9.309755737589539,-2.213056236919392
2695,9.335036896777815,-2.2051037771818756
2696,9.360287965913011,-2.197139580864494
2697,9.385508587406818,-2.1891638391707473
2698,9.410698406345926,-2.1811767435565446
2699,9.435857070459136,-2.173178485725493
2700,9.460984230085058,-2.1651692576241897
2701,9.486079538140311,-2.157149251437503
2702,9.511142650088273,-2.1491186595838516
2703,9.536173223908293,-2.1410776747104907
2704,9.561170920065463,-2.1330264896887785
2705,9.586135401480849,-2.124965297609449
2706,9.611066333502219,-2.1168942917778857
2707,9.63596338387527,-2.108813665709379
2708,9.66082622271529,-2.1007236131243974
2709,9.685654522479316,-2.09262432794384
2710,9.710447957938706,-2.084516004284301
2711,9.735206206152208,-2.076398836453321
2712,9.75992894643942,-2.0682730189446414
2713,9.784615860354718,-2.0601387464334566
2714,9.809266631661599,-2.0519962137716616
2715,9.833880946307426,-2.043845615983099
2716,9.858458492398592,-2.035687148258807
2717,9.882998960176096,-2.02752100595226
2718,9.907502041991505,-2.019347384574615
2719,9.931967432283303,-2.0111664797899484
2720,9.956394827553643,-2.0029784874104988
2721,9.980783926345426,-1.9947836033919062
2722,10.005134429219828,-1.9865820238284457
2723,10.029446038734104,-1.9783739449482696
2724,10.053718459419814,-1.97015956310864
2725,10.077951397761375,-1.9619390747911654
2726,10.102144562174956,-1.9537126765970352
2727,10.126297662987703,-1.9454805652422564
2728,10.150410412417346,-1.9372429375528846
2729,10.174482524552062,-1.92899999046026
2730,10.198513715330705,-1.9207519209962423
2731,10.222503702523358,-1.912498926288443
2732,10.246452205712181,-1.9042412035554626
2733,10.270358946272543,-1.8959789501021216
2734,10.294223647354512,-1.8877123633146984
2735,10.318046033864574,-1.8794416406561665
2736,10.341825832447707,-1.8711669796614268
2737,10.365562771469689,-1.8628885779325484
2738,10.389256580999724,-1.8546066331340054
2739,10.412906992793294,-1.846321342987918
2740,10.43651374027538,-1.8380329052692894
2741,10.46007655852381,-1.8297415178012506
2742,10.48359518425301,-1.821447378450304
2743,10.507069355797912,-1.8131506851215644
2744,10.53049881309817,-1.8048516357540094
2745,10.553883297682596,-1.7965504283157265
2746,10.577222552653875,-1.78824726079916
2747,10.600516322673473,-1.7799423312163678
2748,10.623764353946827,-1.771635837594271
2749,10.646966394208745,-1.763327977969913
2750,10.670122192709039,-1.7550189503857174
2751,10.693231500198383,-1.7467089528847486
2752,10.716294068914383,-1.738398183505975
2753,10.739309652567924,-1.730086840279537
2754,10.76227800632962,-1.7217751212220145
2755,10.785198886816573,-1.7134632243316985
2756,10.8080720520793,-1.7051513475838678
2757,10.830897261588873,-1.696839688926065
2758,10.85367427622422,-1.6885284462733812
2759,10.8764028582597,-1.6802178175037363
2760,10.899082771352822,-1.6719080004531706
2761,10.92171378053213,-1.6635991929111345
2762,10.944295652185334,-1.6552915926157854
2763,10.966828154047592,-1.6469853972492856
2764,10.989311055189972,-1.638680804433107
2765,11.01174412600811,-1.6303780117233362
2766,11.03412713821103,-1.622077216605988
2767,11.056459864810122,-1.6137786164923194
2768,11.078742080108324,-1.60548240871415
2769,11.100973559689447,-1.597188790519186
2770,11.123154080407675,-1.5888979590663501
2771,11.145283420377217,-1.5806101114211135
2772,11.167361358962104,-1.572325444550836
2773,11.189387676766192,-1.5640441553201077
2774,11.21136215562327,-1.555766440486099
2775,11.23328457858733,-1.547492496693911
2776,11.255154729923003,-1.539222520471938
2777,11.276972395096111,-1.5309567082272288
2778,11.2987373607644,-1.5226952562408558
2779,11.32044941476838,-1.5144383606632914
2780,11.342108346122329,-1.5061862175097875
2781,11.363713945005417,-1.497939022655762
2782,11.385266002752982,-1.4896969718321906
2783,11.406764311847894,-1.4814602606210054
2784,11.428208665912146,-1.4732290844504976
2785,11.449598859698428,-1.4650036385907301
2786,11.470934689081991,-1.4567841181489511
2787,11.49221595105249,-1.4485707180650194
2788,11.513442443706053,-1.4403636331068315
2789,11.534613966237396,-1.4321630578657598
2790,11.555730318932113,-1.4239691867520932
2791,11.57679130315906,-1.4157822139904868
2792,11.59779672136283,-1.4076023336154193
2793,11.618746377056391,-1.3994297394666537
2794,11.639640074813782,-1.3912646251847094
2795,11.660477620262943,-1.38310718420634
2796,11.68125882007868,-1.3749576097600156
2797,11.701983481975674,-1.3668160948614159
2798,11.722651414701645,-1.3586828323089306
2799,11.743262428030588,-1.3505580146791654
2800,11.763816332756127,-1.342441834322456
2801,11.784312940684979,-1.3343344833583923
2802,11.804752064630465,-1.3262361536713465
2803,11.825133518406183,-1.3181470369060126
2804,11.845457116819727,-1.3100673244629524
2805,11.865722675666504,-1.3019972074941504
2806,11.885930011723689,-1.2939368768985744
2807,11.906078942744202,-1.2858865233177479
2808,11.926169287450813,-1.2778463371313304
2809,11.946200865530331,-1.269816508452703
2810,11.966173497627885,-1.2617972271245657
2811,11.986087005341249,-1.2537886827145437
2812,12.005941211215328,-1.245791064510799
2813,12.025735938736615,-1.2378045615176552
2814,12.045471012327853,-1.2298293624512284
2815,12.065146257342674,-1.2218656557350682
2816,12.084761500060376,-1.213913629495808
2817,12.104316567680767,-1.2059734715588226
2818,12.123811288319038,-1.1980453694438993
2819,12.143245491000782,-1.1901295103609144
2820,12.16261900565703,-1.1822260812055208
2821,12.18193166311941,-1.1743352685548452
2822,12.201183295115321,-1.1664572586631947
2823,12.220373734263221,-1.1585922374577742
2824,12.239502814067947,-1.1507403905344116
2825,12.258570368916152,-1.1429019031532952
2826,12.277576234071741,-1.1350769602347197
2827,12.296520245671458,-1.1272657463548432
2828,12.315402240720454,-1.119468445741453
2829,12.334222057087976,-1.111685242269743
2830,12.352979533503087,-1.1039163194581019
2831,12.371674509550456,-1.0961618604639112
2832,12.39030682566623,-1.088422048079352
2833,12.408876323133935,-1.080697064727225
2834,12.427382844080451,-1.0729870924567815
2835,12.445826231472045,-1.0652923129395622
2836,12.464206329110459,-1.057612907465249
2837,12.482522981629057,-1.0499490569375292
2838,12.500776034489004,-1.042300941869966
2839,12.51896533397557,-1.0346687423818863
2840,12.537090727194371,-1.0270526381942737
2841,12.555152062067805,-1.0194528086256773
2842,12.573149187331401,-1.0118694325881301
2843,12.591081952530311,-1.0043026885830777
2844,12.608950208015846,-0.9967527546973212
2845,12.626753804942,-0.9892198085989696
2846,12.644492595262102,-0.9817040275334037
2847,12.662166431725465,-0.9742055883192541
2848,12.679775167874086,-0.9667246673443879
2849,12.697318658039405,-0.959261440561911
2850,12.714796757339148,-0.9518160834861775
2851,12.73220932167412,-0.9443887711888168
2852,12.749556207725126,-0.9369796782947678
2853,12.766837272949934,-0.9295889789783283
2854,12.784052375580199,-0.9222168469592167
2855,12.801201374618545,-0.9148634554986437
2856,12.8182841298356,-0.9075289773953987
2857,12.835300501767119,-0.9002135849819489
2858,12.852250351711135,-0.8929174501205478
2859,12.869133541725125,-0.8856407441993611
2860,12.885949934623275,-0.8783836381286015
2861,12.902699393973716,-0.8711463023366776
2862,12.919381784095872,-0.8639289067663561
2863,12.935996970057763,-0.8567316208709362
2864,12.952544817673427,-0.8495546136104382
2865,12.969025193500308,-0.8423980534478028
2866,12.985437964836734,-0.8352621083451061
2867,13.0017829997194,-0.8281469457597869
2868,13.018060166920904,-0.8210527326408861
2869,13.034269335947302,-0.8139796354253027
2870,13.050410377035705,-0.8069278200340582
2871,13.066483161151929,-0.7998974518685791
2872,13.082487559988127,-0.7928886958069908
2873,13.09842344596051,-0.7859017162004255
2874,13.114290692207076,-0.7789366768693436
2875,13.13008917258536,-0.7719937410998694
2876,13.145818761670233,-0.7650730716401392
2877,13.161479334751736,-0.7581748306966658
2878,13.1770707678329,-0.7512991799307147
2879,13.192592937627692,-0.7444462804546944
2880,13.208045721558854,-0.7376162928285632
2881,13.223428997755907,-0.7308093770562462
2882,13.238742645053113,-0.7240256925820701
2883,13.253986542987429,-0.7172653982872108
2884,13.269160571796602,-0.7105286524861545
2885,13.284264612417171,-0.7038156129231751
2886,13.299298546482598,-0.6971264367688236
2887,13.314262256321333,-0.6904612806164349
2888,13.329155624954971,-0.6838203004786463
2889,13.343978536096419,-0.6772036517839329
2890,13.35873087414809,-0.6706114893731564
2891,13.37341252420009,-0.6640439674961284
2892,13.38802337202847,-0.6575012398081903
2893,13.402563304093514,-0.6509834593668052
2894,13.417032207537984,-0.6444907786281683
2895,13.431429970185452,-0.6380233494438288
2896,13.445756480538634,-0.6315813230573283
2897,13.460011627777769,-0.6251648501008552
2898,13.474195301758952,-0.6187740805919129
2899,13.488307393012565,-0.6124091639300038
2900,13.502347792741713,-0.6060702488933285
2901,13.516316392820649,-0.5997574836354995
2902,13.530213085793255,-0.593471015682272
2903,13.544037764871549,-0.5872109919282875
2904,13.557790323934146,-0.580977558633837
2905,13.57147065752485,-0.5747708614216342
2906,13.585078660851163,-0.5685910452736098
2907,13.598614229782868,-0.5624382545277172
2908,13.612077260850661,-0.5563126328747556
2909,13.625467651244687,-0.5502143233552098
2910,13.638785298813234,-0.5441434683561043
2911,13.652030102061365,-0.5381002096078727
2912,13.665201960149577,-0.5320846881812457
2913,13.678300772892506,-0.5260970444841514
2914,13.691326440757612,-0.5201374182586347
2915,13.704278864863921,-0.5142059485777916
2916,13.717157946980768,-0.5083027738427183
2917,13.729963589526529,-0.5024280317794785
2918,13.742695695567447,-0.4965818594360855
2919,13.755354168816366,-0.4907643931795017
2920,13.767938913631589,-0.48497576869265246
2921,13.780449835015686,-0.47921612097145844
2922,13.792886838614338,-0.47348558432188254
2923,13.80524983071519,-0.46778429235699515
2924,13.817538718246734,-0.4621123779940532
2925,13.82975340877722,-0.45646997345159807
2926,13.841893810513517,-0.4508572102465696
2927,13.853959832300072,-0.44527421919143517
2928,13.865951383617828,-0.43972113039133764
2929,13.87786837458318,-0.4341980732412583
2930,13.889710715946958,-0.4287051764231963
2931,13.901478319093375,-0.4232425679033675
2932,13.913171096039052,-0.4178103749294163
2933,13.924788959432021,-0.4124087240276473
2934,13.936331822550713,-0.40703774100027296
2935,13.947799599303055,-0.40169755092267695
2936,13.95919220422547,-0.3963882781406969
2937,13.970509552481959,-0.39111004626792184
2938,13.98175155986319,-0.3858629781830079
2939,13.992918142785564,-0.38064719602701086
2940,14.004009218290324,-0.3754628212007362
2941,14.01502470404269,-0.3703099743621051
2942,14.025964518330957,-0.36518877542353934
2943,14.036828580065643,-0.36009934354936224
2944,14.047616808778663,-0.35504179715321704
2945,14.058329124622462,-0.35001625389550306
2946,14.068965448369209,-0.34502283068082895
2947,14.07952570140998,-0.34006164365548314
2948,14.090009805753951,-0.33513280820492225
2949,14.100417684027626,-0.330236438951276
2950,14.110749259474018,-0.3253726497508718
2951,14.121004455951931,-0.32054155369177334
2952,14.13118319793518,-0.31574326309134004
2953,14.141285410511836,-0.3109778894938027
2954,14.151311019383503,-0.3062455436678565
2955,14.161259950864595,-0.3015463356042727
2956,14.171132131881617,-0.2968803745135269
2957,14.180927489972445,-0.29224776882344633
2958,14.190645953285669,-0.2876486261768734
2959,14.20028745057988,-0.2830830534293485
2960,14.209851911222994,-0.2785511566468099
2961,14.21933926519161,-0.27405304110331113
2962,14.22874944307033,-0.26958881127875794
2963,14.238082376051121,-0.2651585708566611
2964,14.247337995932709,-0.26076242272190814
2965,14.256516235119888,-0.25640046895855373
2966,14.265617026622962,-0.2520728108476273
2967,14.274640304057117,-0.2477795488649579
2968,14.283586001641805,-0.2435207826790198
2969,14.292454054200164,-0.23929661114879355
2970,14.30124439715845,-0.23510713232164604
2971,14.30995696654544,-0.2309524434312295
2972,14.318591698991877,-0.2268326408953979
2973,14.327148531729904,-0.22274782031414214
2974,14.335627402592545,-0.21869807646754189
2975,14.344028250013121,-0.21468350331373887
2976,14.352351013024753,-0.21070419398692525
2977,14.360595631259809,-0.20676024079535255
2978,14.368762044949413,-0.20285173521935745
2979,14.376850194922913,-0.19897876790940747
2980,14.384860022607404,-0.1951414286841633
2981,14.392791470027213,-0.19133980652856145
2982,14.400644479803411,-0.18757398959191454
2983,14.408418995153358,-0.18384406518602908
2984,14.416114959890205,-0.18015011978334391
2985,14.423732318422443,-0.17649223901508546
2986,14.43127101575345,-0.17287050766944212
2987,14.438730997481024,-0.16928500968975774
2988,14.446112209796963,-0.1657358281727427
2989,14.453414599486601,-0.16222304536670487
2990,14.460638113928404,-0.1587467426697981
2991,14.467782701093533,-0.15530700062828998
2992,14.474848309545433,-0.1519038989348488
2993,14.481834888439401,-0.14853751642684834
2994,14.48874238752223,-0.14520793108469124
2995,14.495570757131771,-0.1419152200301528
2996,14.50231994819658,-0.13865945952474096
2997,14.50898991223547,-0.13544072496807893
2998,14.515580601357216,-0.13225909089630186
2999,14.52209196826011,-0.12911463098047704
