turn,time_sigma_ns,Q1
0,9.519231278522216,-0.0034814128899355126
1,9.519240320318088,-0.003480530856631575
2,9.519249839920727,-0.0034795992452220327
3,9.519259837226695,-0.0034786180665589703
4,9.519270312127755,-0.0034775873319838773
5,9.519281264510836,-0.0034765070533290163
6,9.519292694258068,-0.0034753772429155583
7,9.519304601246768,-0.003474197913554547
8,9.519316985349422,-0.003472969078546749
9,9.519329846433727,-0.0034716907516817116
10,9.519343184362562,-0.003470362947238327
11,9.519356998994006,-0.003468985632182363
12,9.519371276914406,-0.003467560178246086
13,9.519386004705376,-0.0034660879588140603
14,9.519401168943967,-0.0034645703489083707
15,9.519416756202787,-0.0034630087251758747
16,9.519432753050117,-0.0034614044658776194
17,9.51944914605007,-0.0034597589508729982
18,9.519465921762734,-0.003458073561607407
19,9.519483066744261,-0.0034563496811009053
20,9.519500567547047,-0.00345458869393297
21,9.519518410719865,-0.003452791986229262
22,9.519536582807968,-0.0034509609456502533
23,9.51955507035325,-0.0034490969613762395
24,9.519573859894374,-0.003447201424094828
25,9.519592937966907,-0.003445275725987026
26,9.51961229110346,-0.00344332126071409
27,9.519631905833823,-0.0034413394234036
28,9.519651768685096,-0.003439331610636399
29,9.519671866181827,-0.0034372992204328027
30,9.519692184846141,-0.003435243652239724
31,9.5197127111979,-0.003433166306914632
32,9.519733431754814,-0.0034310685867143965
33,9.519754333032587,-0.0034289518952802483
34,9.519775401545047,-0.0034268176376241657
35,9.5197966238043,-0.003424667220114893
36,9.519817986320845,-0.003422502050463928
37,9.51983947560373,-0.0034203235377115704
38,9.51986107816066,-0.0034181330922135856
39,9.519882780498177,-0.0034159321256255737
40,9.519904569121758,-0.003413722050890226
41,9.51992643053598,-0.003411504282222103
42,9.519948351244624,-0.0034092802350947794
43,9.51997031775084,-0.0034070513262253214
44,9.519992316557303,-0.003404818973559192
45,9.520014334166287,-0.0034025845962587426
46,9.52003635707985,-0.003400349614686325
47,9.520058371799966,-0.003398115450390429
48,9.520080364828654,-0.0033958835260915017
49,9.520102322668127,-0.0033936552656664907
50,9.520124231820907,-0.003391432094135661
51,9.520146078789988,-0.0033892154376466356
52,9.520167850078957,-0.003387006723460466
53,9.52018953219215,-0.003384807379935983
54,9.520211111634758,-0.003382618836516551
55,9.520232574912992,-0.0033804425237138717
56,9.520253908534224,-0.003378279873092886
57,9.520275099007103,-0.00337613231725824
58,9.52029613284172,-0.003374001289837355
59,9.520316996549715,-0.0033718882254675066
60,9.520337676644433,-0.0033697945597797405
61,9.520358159641056,-0.003367721729383591
62,9.520378432056773,-0.0033656711718510557
63,9.520398480410867,-0.0033636443257035473
64,9.520418291224892,-0.0033616426303944734
65,9.520437851022786,-0.0033596675262955486
66,9.520457146331022,-0.0033577204546807998
67,9.520476163678754,-0.0033558028577106297
68,9.520494889597947,-0.0033539161784169346
69,9.52051331062351,-0.00335206186068772
70,9.520531413293448,-0.003350241349251159
71,9.52054918414898,-0.0033484560896606596
72,9.520566609734708,-0.00334670752827814
73,9.520583676598726,-0.0033449971122597225
74,9.520600371292785,-0.00334332628953837
75,9.520616680372402,-0.003341696508810177
76,9.520632590397028,-0.0033401092195166084
77,9.520648087930189,-0.0033385658718290217
78,9.52066315953958,-0.0033370679166344203
79,9.52067779179726,-0.0033356168055173837
80,9.520691971279746,-0.003334213990745794
81,9.520705684568195,-0.0033328609252529133
82,9.520718918248505,-0.0033315590626234156
83,9.520731658911464,-0.00333030985707628
84,9.520743893152918,-0.0033291147634476603
85,9.520755607573864,-0.003327975237176595
86,9.520766788780621,-0.0033268927342875237
87,9.52077742338496,-0.0033258687113744004
88,9.52078749800425,-0.0033249046255838673
89,9.52079699926157,-0.0033240019346001135
90,9.520805913785903,-0.0033231620966264887
91,9.520814228212211,-0.0033223865703711397
92,9.520821929181613,-0.0033216768150295976
93,9.520829003341522,-0.0033210342902676737
94,9.520835437345774,-0.0033204604562057545
95,9.52084121785477,-0.003319956773401855
96,9.520846331535626,-0.00331952470283467
97,9.520850765062294,-0.003319165705887458
98,9.520854505115713,-0.0033188812443310043
99,9.520857538383952,-0.0033186727803065415
100,9.520859851562328,-0.003318541776309864
101,9.520861431353572,-0.003318489695173483
102,9.520862264467956,-0.0033185180000497977
103,9.52086233762344,-0.0033186281543943776
104,9.520861637545794,-0.0033188216219494273
105,9.520860150968748,-0.003319099866726441
106,9.520857864634142,-0.0033194643529882223
107,9.520854765292038,-0.003319916545233839
108,9.520850839700898,-0.003320457908179
109,9.520846074627688,-0.003321089906740689
110,9.520840456848035,-0.00332181400601917
111,9.52083397314636,-0.0033226316712813043
112,9.520826610316009,-0.0033235443679429937
113,9.520818355159426,-0.00332455356155089
114,9.520809194488244,-0.003325660717766869
115,9.520799115123465,-0.0033268673023489795
116,9.520788103895592,-0.0033281747811340395
117,9.520776147644735,-0.003329584620022098
118,9.520763233220793,-0.0033310982849566826
119,9.52074934748357,-0.0033327172419078785
120,9.52073447730291,-0.0033344429568559326
121,9.520718609558868,-0.0033362768957713286
122,9.520701731141816,-0.003338220524598701
123,9.520683828952572,-0.0033402753092400986
124,9.520664889902594,-0.003342442715534239
125,9.520644900914062,-0.003344724209241346
126,9.520623848920053,-0.0033471212560239848
127,9.520601720864647,-0.003349635321430408
128,9.520578503703105,-0.0033522678708753266
129,9.52055418440199,-0.003355020369622025
130,9.52052874993929,-0.0033578942827658083
131,9.520502187304587,-0.003360891075214628
132,9.520474483499163,-0.003364012211671914
133,9.520445625536164,-0.00336725915661807
134,9.520415600440735,-0.0033706333742920492
135,9.520384395250156,-0.0033741363286737005
136,9.52035199701397,-0.0033777694834659015
137,9.520318392794147,-0.0033815343020749252
138,9.520283569665187,-0.0033854322475942956
139,9.520247514714288,-0.003389464782785235
140,9.52021021504148,-0.0033936333700579253
141,9.520171657759747,-0.003397939471454523
142,9.520131829995192,-0.003402384548629278
143,9.52009071888714,-0.0034069700628317156
144,9.520048311588308,-0.0034116974748872137
145,9.52000459526494,-0.0034165682451779075
146,9.519959557096916,-0.0034215838336262394
147,9.519913184277936,-0.0034267456996738355
148,9.519865464015616,-0.0034320553022653163
149,9.51981638353165,-0.0034375140998281267
150,9.519765930061936,-0.0034431235502547126
151,9.519714090856725,-0.003448885110883421
152,9.51966085318076,-0.0034548002384795985
153,9.519606204313392,-0.0034608703892180423
154,9.519550131548755,-0.0034670970186622624
155,9.519492622195857,-0.0034734815817482017
156,9.519433663578758,-0.0034800255327633346
157,9.51937324303669,-0.0034867303253286394
158,9.519311347924202,-0.0034935974123795183
159,9.519247965611294,-0.003500628246146778
160,9.519183083483536,-0.0035078242781390757
161,9.519116688942239,-0.0035151869591221116
162,9.519048769404572,-0.0035227177390998853
163,9.518979312303705,-0.0035304180672969176
164,9.518908305088944,-0.003538289392138021
165,9.518835735225867,-0.0035463331612297475
166,9.518761590196464,-0.0035545508213412737
167,9.518685857499277,-0.003562943818384734
168,9.518608524649528,-0.003571513597397207
169,9.518529579179267,-0.0035802616025198816
170,9.518449008637491,-0.003589189276980958
171,9.51836680059031,-0.0035982980630739157
172,9.518282942621052,-0.0036075894021407066
173,9.518197422330422,-0.003617064734550466
174,9.518110227336626,-0.003626725499681541
175,9.518021345275512,-0.0036365731359015484
176,9.517930763800713,-0.0036466090805479167
177,9.517838470583767,-0.00365683476990883
178,9.517744453314265,-0.0036672516392040706
179,9.517648699700002,-0.003677861122563654
180,9.517551197467078,-0.003688664653011279
181,9.517451934360047,-0.0036996636624436114
182,9.517350898142082,-0.003710859581609159
183,9.517248076595072,-0.00372225384009096
184,9.517143457519767,-0.003733847866286524
185,9.517037028735928,-0.0037456430873874973
186,9.516928778082463,-0.003757640929359902
187,9.516818693417536,-0.003769842816926132
188,9.516706762618728,-0.0037822501735435238
189,9.516592973583165,-0.0037948644213857286
190,9.516477314227652,-0.003807686981322272
191,9.51635977248881,-0.0038207192728992125
192,9.516240336323213,-0.003833962714319614
193,9.51611899370751,-0.003847418722423574
194,9.515995732638583,-0.0038610887126678535
195,9.515870541133651,-0.0038749740991074703
196,9.515743407230442,-0.003889076294374374
197,9.515614318987302,-0.003903396709658022
198,9.51548326448332,-0.003917936754686788
199,9.515350231818495,-0.003932697837705961
200,9.515215209113848,-0.003947681365459174
201,9.515078184511568,-0.003962888743167929
202,9.51493914617513,-0.003978321374512212
203,9.514798082289433,-0.003993980661610709
204,9.514654981060954,-0.00400986800499913
205,9.514509830717863,-0.00402598480361197
206,9.514362619510164,-0.004042332454761588
207,9.514213335709819,-0.004058912354118799
208,9.514061967610893,-0.0040757258956922535
209,9.513908503529684,-0.004092774471808548
210,9.513752931804843,-0.004110059473092555
211,9.513595240797532,-0.004127582288446423
212,9.513435418891541,-0.004145344305030201
213,9.513273454493428,-0.004163346908241137
214,9.513109336032645,-0.004181591481693815
215,9.512943051961665,-0.004200079407200611
216,9.512774590756147,-0.004218812064749798
217,9.512603940915008,-0.004237790832487771
218,9.51243109096063,-0.004257017086696239
219,9.512256029438944,-0.004276492201773401
220,9.512078744919567,-0.0042962175502137875
221,9.511899225995938,-0.004316194502587854
222,9.511717461285466,-0.004336424427521021
223,9.511533439429638,-0.004356908691674217
224,9.511347149094165,-0.004377648659723185
225,9.511158578969102,-0.004398645694338632
226,9.510967717769004,-0.004419901156164738
227,9.510774554233024,-0.004441416403800194
228,9.51057907712507,-0.004463192793776985
229,9.510381275233929,-0.0044852316805401625
230,9.510181137373388,-0.0045075344164279985
231,9.509978652382387,-0.0045301023516505
232,9.509773809125114,-0.004552936834270523
233,9.50956659649119,-0.004576039210181217
234,9.509357003395738,-0.004599410823088421
235,9.509145018779558,-0.004623053014487591
236,9.508930631609235,-0.004646967123645104
237,9.50871383087729,-0.004671154487576536
238,9.508494605602282,-0.004695616441027272
239,9.508272944828954,-0.004720354316451874
240,9.508048837628369,-0.004745369443992802
241,9.507822273098038,-0.0047706631514600525
242,9.507593240362022,-0.004796236764312233
243,9.5073617285711,-0.004822091605634077
244,9.50712772690288,-0.004848228996116823
245,9.506891224561931,-0.0048746502540375405
246,9.506652210779896,-0.004901356695239259
247,9.506410674815658,-0.0049283496331089995
248,9.506166605955437,-0.004955630378558289
249,9.505919993512924,-0.004983200240002934
250,9.50567082682941,-0.005011060523341805
251,9.505419095273938,-0.005039212531935723
252,9.505164788243391,-0.005067657566588499
253,9.504907895162658,-0.005096396925524564
254,9.504648405484723,-0.005125431904370301
255,9.504386308690837,-0.005154763796131616
256,9.504121594290615,-0.005184393891174439
257,9.503854251822155,-0.005214323477204769
258,9.503584270852208,-0.005244553839245883
259,9.503311640976273,-0.005275086259619704
260,9.503036351818713,-0.005305922017926216
261,9.502758393032924,-0.005337062391021214
262,9.50247775430142,-0.005368508652997316
263,9.502194425335992,-0.00540026207516264
264,9.501908395877807,-0.005432323926020524
265,9.501619655697551,-0.005464695471248737
266,9.501328194595555,-0.005497377973678961
267,9.50103400240191,-0.005530372693276172
268,9.500737068976617,-0.005563680887117621
269,9.500437384209683,-0.005597303809372896
270,9.500134938021263,-0.005631242711283042
271,9.499829720361781,-0.005665498841140463
272,9.499521721212053,-0.00570007344426734
273,9.499210930583432,-0.005734967762995451
274,9.498897338517903,-0.005770183036646035
275,9.498580935088235,-0.005805720501508085
276,9.498261710398085,-0.005841581390819297
277,9.497939654582128,-0.00587776693474441
278,9.497614757806199,-0.0059142783603545164
279,9.497287010267387,-0.005951116891607368
280,9.496956402194188,-0.005988283749325927
281,9.49662292384659,-0.006025780151179169
282,9.496286565516264,-0.0060636073116586385
283,9.495947317526625,-0.006101766442060829
284,9.495605170232965,-0.006140258750465831
285,9.49526011402261,-0.006179085441716005
286,9.494912139315007,-0.006218247717395894
287,9.49456123656188,-0.006257746775811578
288,9.49420739624731,-0.006297583811970932
289,9.493850608887909,-0.006337760017561336
290,9.493490865032898,-0.006378276580931161
291,9.493128155264241,-0.006419134687068525
292,9.492762470196798,-0.006460335517579431
293,9.492393800478416,-0.006501880250668914
294,9.492022136790043,-0.006543770061120772
295,9.491647469845876,-0.006586006120275469
296,9.491269790393476,-0.00662858959601094
297,9.490889089213878,-0.006671521652721506
298,9.490505357121716,-0.006714803451298104
299,9.490118584965357,-0.006758436149106984
300,9.489728763627006,-0.006802420899969664
301,9.489335884022836,-0.0068467588541428
302,9.488939937103098,-0.006891451158297382
303,9.488540913852257,-0.006936498955498587
304,9.488138805289104,-0.006981903385184895
305,9.487733602466864,-0.007027665583148652
306,9.487325296473356,-0.0070737866815141675
307,9.486913878431054,-0.007120267808719293
308,9.486499339497254,-0.007167110089493444
309,9.486081670864179,-0.0072143146448381
310,9.485660863759083,-0.007261882592006804
311,9.4852369094444,-0.0073098150444833735
312,9.484809799217835,-0.007358113111963235
313,9.484379524412493,-0.0074067779003328385
314,9.483946076397002,-0.007455810511648521
315,9.48350944657563,-0.007505212044117052
316,9.483069626388396,-0.007554983592075253
317,9.4826266073112,-0.007605126245969285
318,9.482180380855926,-0.007655641092335428
319,9.48173093857056,-0.007706529213779797
320,9.481278272039331,-0.007757791688956746
321,9.480822372882798,-0.007809429592550626
322,9.480363232757995,-0.007861443995253948
323,9.479900843358521,-0.007913835963748806
324,9.479435196414675,-0.00796660656068576
325,9.478966283693564,-0.008019756844664315
326,9.47849409699923,-0.008073287870212201
327,9.478018628172746,-0.008127200687766543
328,9.477539869092354,-0.008181496343652535
329,9.477057811673559,-0.00823617588006456
330,9.47657244786927,-0.008291240335045273
331,9.4760837696699,-0.00834669074246591
332,9.47559176910347,-0.00840252813200727
333,9.475096438235754,-0.008458753529138417
334,9.474597769170355,-0.008515367955098198
335,9.47409575404887,-0.008572372426873372
336,9.473590385050953,-0.008629767957181178
337,9.473081654394457,-0.008687555554448152
338,9.472569554335557,-0.00874573622279
339,9.472054077168826,-0.008804310961993219
340,9.471535215227389,-0.008863280767494089
341,9.471012960883012,-0.008922646630359604
342,9.47048730654623,-0.008982409537267168
343,9.469958244666442,-0.009042570470486129
344,9.469425767732044,-0.009103130407856526
345,9.468889868270534,-0.009164090322770777
346,9.46835053884861,-0.009225451184153544
347,9.467807772072304,-0.009287213956442514
348,9.467261560587087,-0.009349379599567768
349,9.466711897077973,-0.009411949068934024
350,9.46615877426963,-0.009474923315400138
351,9.46560218492652,-0.009538303285258712
352,9.46504212185298,-0.009602089920218455
353,9.464478577893315,-0.009666284157384507
354,9.463911545931966,-0.009730886929237991
355,9.46334101889357,-0.009795899163617528
356,9.462766989743107,-0.009861321783699103
357,9.46218945148598,-0.009927155707978072
358,9.461608397168131,-0.00999340185024953
359,9.46102381987617,-0.010060061119588064
360,9.460435712737466,-0.010127134420329434
361,9.459844068920276,-0.010194622652050993
362,9.459248881633812,-0.010262526709553932
363,9.458650144128395,-0.010330847482842595
364,9.458047849695559,-0.010399585857104801
365,9.45744199166812,-0.010468742712695954
366,9.456832563420324,-0.010538318925117073
367,9.456219558367954,-0.010608315364996259
368,9.4556029699684,-0.010678732898071959
369,9.454982791720813,-0.010749572385171035
370,9.454359017166187,-0.01082083468219198
371,9.453731639887467,-0.010892520640085585
372,9.453100653509656,-0.010964631104836241
373,9.452466051699941,-0.0110371669174423
374,9.451827828167762,-0.011110128913899118
375,9.451185976664958,-0.011183517925178611
376,9.450540490985855,-0.011257334777211362
377,9.449891364967362,-0.011331580290868342
378,9.449238592489081,-0.011406255281942767
379,9.448582167473443,-0.011481360561129196
380,9.447922083885755,-0.011556896934008758
381,9.447258335734357,-0.011632865201027534
382,9.44659091707071,-0.011709266157479125
383,9.445919821989488,-0.01178610059348708
384,9.445245044628697,-0.011863369293985779
385,9.44456657916976,-0.011941073038703091
386,9.443884419837653,-0.01201921260214022
387,9.443198560900983,-0.01209778875355548
388,9.442508996672085,-0.012176802256945523
389,9.441815721507165,-0.012256253871026367
390,9.441118729806352,-0.01233614434921655
391,9.440418016013833,-0.012416474439618528
392,9.439713574617945,-0.012497244885000827
393,9.439005400151279,-0.012578456422780026
394,9.438293487190775,-0.012660109785003081
395,9.437577830357835,-0.012742205698328964
396,9.436858424318425,-0.012824744884010971
397,9.436135263783159,-0.01290772805787982
398,9.435408343507413,-0.012991155930324886
399,9.434677658291433,-0.013075029206276815
400,9.433943202980403,-0.013159348585190765
401,9.433204972464585,-0.013244114761027359
402,9.432462961679406,-0.01332932842223583
403,9.431717165605539,-0.013414990251736935
404,9.430967579269025,-0.01350110092690502
405,9.430214197741357,-0.013587661119551021
406,9.429457016139583,-0.013674671495904895
407,9.428696029626419,-0.013762132716597892
408,9.42793123341033,-0.013850045436645994
409,9.427162622745625,-0.0139384103054327
410,9.426390192932567,-0.014027227966691624
411,9.425613939317463,-0.01411649905848952
412,9.424833857292773,-0.014206224213208885
413,9.424049942297192,-0.014296404057531567
414,9.423262189815754,-0.01438703921242139
415,9.422470595379934,-0.01447813029310714
416,9.421675154567726,-0.014569677909066775
417,9.420875863003758,-0.014661682664009287
418,9.420072716359368,-0.014754145155859226
419,9.419265710352734,-0.01484706597673851
420,9.418454840748932,-0.014940445712951075
421,9.41764010336005,-0.015034284944966104
422,9.416821494045273,-0.015128584247401182
423,9.415999008710997,-0.015223344189005587
424,9.415172643310884,-0.015318565332645386
425,9.414342393846008,-0.015414248235284714
426,9.413508256364908,-0.0155103934479713
427,9.412670226963694,-0.015607001515819889
428,9.41182830178613,-0.015704072977996357
429,9.410982477023763,-0.015801608367699588
430,9.410132748915979,-0.015899608212147927
431,9.409279113750092,-0.015998073032562496
432,9.408421567861456,-0.016097003344150682
433,9.407560107633557,-0.016196399656090345
434,9.4066947294981,-0.016296262471514125
435,9.40582542993508,-0.016396592287493936
436,9.404952205472904,-0.016497389595025197
437,9.404075052688478,-0.01659865487901017
438,9.403193968207253,-0.01670038861824461
439,9.402308948703372,-0.016802591285400313
440,9.401419990899747,-0.01690526334700893
441,9.400527091568124,-0.017008405263449145
442,9.39963024752918,-0.017112017488930133
443,9.398729455652617,-0.017216100471475912
444,9.39782471285726,-0.017320654652910224
445,9.39691601611113,-0.017425680468841746
446,9.396003362431543,-0.017531178348648428
447,9.39508674888518,-0.017637148715463638
448,9.39416617258821,-0.01774359198615927
449,9.393241630706322,-0.01785050857133315
450,9.392313120454874,-0.017957898875291936
451,9.391380639098921,-0.018065763296038602
452,9.39044418395334,-0.018174102225255884
453,9.389503752382913,-0.018282916048292408
454,9.388559341802395,-0.018392205144147734
455,9.387610949676601,-0.018501969885459296
456,9.386658573520505,-0.018612210638485904
457,9.385702210899323,-0.0187229277630943
458,9.384741859428578,-0.018834121612745496
459,9.383777516774202,-0.018945792534479592
460,9.382809180652622,-0.019057940868901852
461,9.381836848830819,-0.019170566950169273
462,9.380860519126449,-0.01928367110597517
463,9.37988018940789,-0.01939725365753654
464,9.378895857594337,-0.019511314919580025
465,9.377907521655892,-0.019625855200327464
466,9.37691517961364,-0.01974087480148222
467,9.375918829539717,-0.019856374018216518
468,9.374918469557427,-0.019972353139156063
469,9.373914097841284,-0.020088812446367937
470,9.372905712617111,-0.020205752215347043
471,9.371893312162111,-0.020323172715002235
472,9.37087689480496,-0.0204410742076432
473,9.369856458925867,-0.020559456948967766
474,9.368832002956676,-0.02067832118804736
475,9.367803525380937,-0.020797667167314876
476,9.366771024733971,-0.02091749512255193
477,9.365734499602972,-0.021037805282874935
478,9.364693948627046,-0.02115859787072397
479,9.363649370497336,-0.0212798731018477
480,9.362600763957072,-0.021401631185292102
481,9.361548127801647,-0.021523872323387958
482,9.3604914608787,-0.02164659671173749
483,9.359430762088184,-0.02176980453920292
484,9.358366030382452,-0.021893495987892864
485,9.357297264766334,-0.022017671233150703
486,9.356224464297194,-0.022142330443542437
487,9.355147628085037,-0.022267473780843625
488,9.354066755292546,-0.02239310140002849
489,9.352981845135174,-0.022519213449257565
490,9.351892896881225,-0.02264581006986509
491,9.350799909851904,-0.022772891396348235
492,9.349702883421433,-0.022900457556353677
493,9.348601817017062,-0.023028508670668014
494,9.347496710119195,-0.023157044853204856
495,9.34638756226143,-0.02328606621099345
496,9.345274373030646,-0.02341557284416747
497,9.344157142067079,-0.02354556484595298
498,9.343035869064362,-0.023676042302658507
499,9.341910553769631,-0.02380700529366263
500,9.340781195983585,-0.023938453891403103
501,9.33964779556054,-0.024070388161365985
502,9.3385103524085,-0.024202808162075585
503,9.337368866489271,-0.02433571394508092
504,9.33622333781845,-0.024469105554948748
505,9.335073766465566,-0.024602983029249317
506,9.333920152554112,-0.02473734639854771
507,9.332762496261605,-0.024872195686393515
508,9.33160079781968,-0.025007530909309145
509,9.33043505751414,-0.02514335207678006
510,9.32926527568503,-0.025279659191244662
511,9.328091452726694,-0.025416452248083705
512,9.326913589087834,-0.025553731235611412
513,9.325731685271592,-0.025691496135064096
514,9.324545741835626,-0.025829746920589754
515,9.323355759392124,-0.0259684835592409
516,9.322161738607926,-0.02610770601096159
517,9.320963680204557,-0.02624741422858
518,9.319761584958272,-0.02638760815779849
519,9.318555453700162,-0.02652828773718363
520,9.3173452873162,-0.026669452898156174
521,9.316131086747284,-0.02681110356498358
522,9.31491285298932,-0.026953239654769243
523,9.313690587093271,-0.027095861077444248
524,9.312464290165222,-0.027238967735758235
525,9.31123396336645,-0.027382559525269766
526,9.309999607913454,-0.02752663633433875
527,9.308761225078051,-0.027671198044116448
528,9.307518816187411,-0.02781624452853773
529,9.306272382624133,-0.027961775654311564
530,9.305021925826281,-0.0281077912809137
531,9.303767447287457,-0.028254291260577605
532,9.302508948556858,-0.02840127543828627
533,9.301246431239331,-0.02854874365176373
534,9.299979896995415,-0.0286966957314684
535,9.29870934754142,-0.02884513150058329
536,9.297434784649472,-0.028994050775008894
537,9.296156210147572,-0.02914345336335511
538,9.29487362591964,-0.02929333906693415
539,9.293587033905583,-0.029443707679752566
540,9.292296436101337,-0.02959455898850341
541,9.29100183455893,-0.02974589277255945
542,9.28970323138652,-0.029897708803965646
543,9.288400628748478,-0.030050006847431143
544,9.28709402886541,-0.030202786660323347
545,9.285783434014213,-0.030356047992660264
546,9.284468846528126,-0.030509790587104534
547,9.28315026879681,-0.030664014178954188
548,9.281827703266352,-0.0308187184961389
549,9.280501152439355,-0.03097390325921093
550,9.279170618874952,-0.031129568181340602
551,9.277836105188886,-0.031285712968308135
552,9.276497614053543,-0.03144233731849846
553,9.275155148197994,-0.03159944092289474
554,9.273808710408055,-0.03175702346507203
555,9.272458303526339,-0.03191508462119089
556,9.271103930452277,-0.032073624059992506
557,9.269745594142183,-0.03223264144279261
558,9.268383297609306,-0.03239213642347445
559,9.267017043923857,-0.03255210864848495
560,9.265646836213065,-0.032712557756828235
561,9.264272677661216,-0.032873483380060374
562,9.262894571509703,-0.03303488514228401
563,9.261512521057059,-0.03319676266014362
564,9.260126529659011,-0.0333591155428197
565,9.258736600728518,-0.03352194339202414
566,9.257342737735804,-0.03368524580199574
567,9.255944944208405,-0.03384902235949496
568,9.25454322373122,-0.03401327264379911
569,9.253137579946538,-0.03417799622669803
570,9.251728016554091,-0.03434319267248906
571,9.25031453731107,-0.034508861537974306
572,9.248897146032196,-0.03467500237245384
573,9.24747584658972,-0.03484161471772435
574,9.246050642913492,-0.03500869810807327
575,9.244621538990986,-0.03517625207027511
576,9.243188538867344,-0.03534427612358765
577,9.241751646645385,-0.03551276977974933
578,9.240310866485682,-0.03568173254297384
579,9.23886620260658,-0.035851163909947366
580,9.237417659284207,-0.036021063369826425
581,9.235965240852538,-0.036191430404232526
582,9.234508951703422,-0.036362264487250356
583,9.233048796286612,-0.03653356508542409
584,9.231584779109792,-0.03670533165775472
585,9.23011690473862,-0.03687756365569735
586,9.22864517779674,-0.03705026052315858
587,9.227169602965839,-0.03722342169649293
588,9.225690184985663,-0.03739704660450136
589,9.224206928654057,-0.03757113466842774
590,9.22271983882696,-0.03774568530195881
591,9.221228920418485,-0.03792069791121909
592,9.2197341784009,-0.03809617189477119
593,9.218235617804693,-0.03827210664361254
594,9.216733243718576,-0.03844850154117368
595,9.215227061289522,-0.03862535596331701
596,9.21371707572278,-0.03880266927833497
597,9.212203292281915,-0.03898044084694832
598,9.21068571628882,-0.039158670022305164
599,9.209164353123754,-0.039337356149979054
600,9.207639208225334,-0.039516498567969016
601,9.206110287090615,-0.039696096606696575
602,9.204577595275051,-0.03987614958900683
603,9.203041138392551,-0.04005665683016678
604,9.201500922115502,-0.040237617637864
605,9.19995695217477,-0.04041903131220725
606,9.19840923435974,-0.040600897145725026
607,9.196857774518328,-0.04078321442336558
608,9.195302578556982,-0.04096598242249753
609,9.19374365244073,-0.04114920041290814
610,9.192181002193193,-0.041332867656804044
611,9.190614633896583,-0.04151698340881145
612,9.189044553691733,-0.0417015469159767
613,9.187470767778105,-0.04188655741776618
614,9.185893282413819,-0.04207201414606671
615,9.184312103915666,-0.04225791632518565
616,9.182727238659089,-0.04244426317185371
617,9.181138693078246,-0.042631053895223085
618,9.179546473665997,-0.042818287696869926
619,9.17795058697392,-0.043005963770794894
620,9.176351039612308,-0.04319408130342479
621,9.17474783825021,-0.04338263947361347
622,9.173140989615415,-0.0435716374526433
623,9.171530500494484,-0.04376107440422642
624,9.169916377732735,-0.043950949484507194
625,9.168298628234268,-0.044141261842063094
626,9.166677258961968,-0.0443320106179073
627,9.165052276937518,-0.04452319494549016
628,9.16342368924139,-0.04471481395070173
629,9.161791503012857,-0.04490686675187439
630,9.160155725450016,-0.04509935245978386
631,9.15851636380978,-0.04529227017765255
632,9.156873425407873,-0.04548561900115242
633,9.155226917618831,-0.04567939801840796
634,9.153576847876037,-0.04587360630999789
635,9.15192322367169,-0.04606824294895864
636,9.150266052556807,-0.046263307000788484
637,9.148605342141245,-0.046458797523449315
638,9.14694110009368,-0.04665471356737105
639,9.145273334141638,-0.04685105417545359
640,9.14360205207144,-0.04704781838307294
641,9.141927261728252,-0.04724500521808235
642,9.140248971016053,-0.04744261370081777
643,9.138567187897644,-0.047640642844101286
644,9.136881920394634,-0.0478390916532452
645,9.135193176587439,-0.04803795912605658
646,9.133500964615283,-0.04823724425284101
647,9.131805292676193,-0.048436946016407294
648,9.130106169026968,-0.04863706339207262
649,9.128403601983214,-0.04883759534766565
650,9.126697599919286,-0.049038540843534005
651,9.124988171268313,-0.04923989883254681
652,9.12327532452218,-0.049441668260101074
653,9.121559068231509,-0.04964384806412629
654,9.119839411005671,-0.0498464371750899
655,9.11811636151274,-0.05004943451600317
656,9.11638992847951,-0.050252839002426296
657,9.114660120691466,-0.050456649542474204
658,9.112926946992767,-0.050660865036823176
659,9.111190416286243,-0.05086548437871535
660,9.109450537533375,-0.05107050645396605
661,9.107707319754278,-0.05127593014096949
662,9.105960772027688,-0.05148175431070473
663,9.10421090349091,-0.05168797782674417
664,9.102457723339874,-0.05189459954525681
665,9.100701240829038,-0.05210161831501787
666,9.098941465271405,-0.05230903297741462
667,9.097178406038513,-0.052516842366452536
668,9.09541207256037,-0.05272504530876456
669,9.09364247432548,-0.052933640623615955
670,9.091869620880798,-0.05314262712291282
671,9.090093521831701,-0.053352003611209856
672,9.08831418684197,-0.05356176888571756
673,9.086531625633757,-0.053771921736310284
674,9.084745847987573,-0.05398246094553366
675,9.082956863742258,-0.054193385288612624
676,9.081164682794935,-0.05440469353346043
677,9.079369315100992,-0.054616384440686304
678,9.077570770674066,-0.054828456763603456
679,9.075769059585998,-0.055040909248238255
680,9.073964191966805,-0.055253740633338336
681,9.07215617800464,-0.05546694965038248
682,9.070345027945775,-0.05568053502358816
683,9.068530752094569,-0.05589449546992096
684,9.066713360813402,-0.056108829699104794
685,9.06489286452268,-0.05632353641362997
686,9.063069273700766,-0.056538614308763474
687,9.061242598883974,-0.05675406207255776
688,9.059412850666504,-0.05696987838586094
689,9.057580039700426,-0.0571860619223266
690,9.055744176695615,-0.057402611348424
691,9.053905272419737,-0.05761952532344742
692,9.05206333769819,-0.05783680249952741
693,9.050218383414077,-0.05805444152163966
694,9.048370420508135,-0.05827244102761776
695,9.046519459978738,-0.058490799648161236
696,9.0446655128818,-0.058709516006848594
697,9.042808590330772,-0.05892858872014631
698,9.040948703496573,-0.059148016397421045
699,9.039085863607557,-0.05936779764095035
700,9.037220081949444,-0.05958793104593412
701,9.035351369865293,-0.05980841520050599
702,9.033479738755426,-0.06002924868574525
703,9.03160520007742,-0.06025043007568725
704,9.029727765346022,-0.060471957937336195
705,9.027847446133109,-0.06069383083067673
706,9.025964254067611,-0.06091604730868719
707,9.024078200835506,-0.061138605917349584
708,9.022189298179711,-0.061361505195664065
709,9.020297557900061,-0.061584743675660046
710,9.018402991853243,-0.06180831988240941
711,9.01650561195274,-0.06203223233403877
712,9.014605430168764,-0.0622564795417426
713,9.012702458528203,-0.062481060009797
714,9.010796709114565,-0.06270597223557096
715,9.008888194067902,-0.06293121470954163
716,9.006976925584766,-0.06315678591530645
717,9.005062915918124,-0.06338268432959722
718,9.003146177377326,-0.06360890842229314
719,9.001226722327997,-0.06383545665643588
720,8.99930456319201,-0.06406232748824181
721,8.99737971244741,-0.0642895193671169
722,8.995452182628327,-0.06451703073567124
723,8.993521986324916,-0.06474486002973333
724,8.991589136183292,-0.06497300567836412
725,8.98965364490547,-0.06520146610387105
726,8.987715525249271,-0.06543023972182396
727,8.98577479002826,-0.06565932494106966
728,8.983831452111671,-0.06588872016374624
729,8.981885524424337,-0.06611842378529877
730,8.979937019946606,-0.06634843419449425
731,8.97798595171427,-0.0665787497734375
732,8.976032332818486,-0.06680936889758604
733,8.974076176405692,-0.0670402899357663
734,8.972117495677539,-0.06727151125018907
735,8.970156303890809,-0.06750303119646492
736,8.968192614357315,-0.06773484812362146
737,8.966226440443842,-0.06796696037411888
738,8.964257795572047,-0.0681993662838659
739,8.962286693218385,-0.06843206418223692
740,8.960313146914013,-0.06866505239208806
741,8.958337170244723,-0.06889832922977387
742,8.95635877685082,-0.06913189300516524
743,8.954377980427077,-0.06936574202166432
744,8.952394794722608,-0.06959987457622363
745,8.9504092335408,-0.06983428895936215
746,8.948421310739194,-0.07006898345518384
747,8.946431040229438,-0.07030395634139346
748,8.944438435977148,-0.0705392058893155
749,8.942443512001837,-0.07077473036391184
750,8.940446282376815,-0.0710105280237991
751,8.938446761229093,-0.07124659712126682
752,8.936444962739278,-0.0714829359022963
753,8.934440901141478,-0.07171954260657822
754,8.932434590723206,-0.07195641546753151
755,8.93042604582527,-0.07219355271232145
756,8.928415280841678,-0.0724309525618789
757,8.926402310219546,-0.07266861323091829
758,8.924387148458955,-0.07290653292795805
759,8.922369810112894,-0.07314470985533815
760,8.920350309787116,-0.07338314220924062
761,8.918328662140055,-0.07362182817970751
762,8.916304881882695,-0.07386076595066238
763,8.91427898377848,-0.07409995369992795
764,8.912250982643199,-0.07433938959924676
765,8.91022089334486,-0.0745790718143013
766,8.908188730803595,-0.0748189985047336
767,8.90615450999153,-0.0750591678241657
768,8.904118245932692,-0.07529957792021943
769,8.902079953702852,-0.07554022693453785
770,8.900039648429473,-0.075781113002804
771,8.897997345291518,-0.07602223425476386
772,8.89595305951937,-0.0762635888142459
773,8.893906806394712,-0.07650517479918185
774,8.891858601250398,-0.07674699032162828
775,8.889808459470327,-0.07698903348778773
776,8.887756396489323,-0.07723130239802975
777,8.885702427793014,-0.07747379514691252
778,8.883646568917685,-0.07771650982320517
779,8.881588835450177,-0.07795944450990844
780,8.87952924302774,-0.07820259728427718
781,8.877467807337913,-0.07844596621784208
782,8.875404544118386,-0.07868954937643194
783,8.873339469156875,-0.07893334482019582
784,8.871272598290963,-0.0791773506036263
785,8.869203947408025,-0.07942156477557946
786,8.867133532445013,-0.07966598537930139
787,8.865061369388387,-0.07991061045244724
788,8.862987474273936,-0.08015543802710667
789,8.860911863186644,-0.08040046612982617
790,8.858834552260586,-0.08064569278163071
791,8.856755557678724,-0.08089111599804989
792,8.854674895672819,-0.08113673378913895
793,8.852592582523252,-0.0813825441595039
794,8.850508634558901,-0.08162854510832403
795,8.848423068156979,-0.08187473462937662
796,8.846335899742892,-0.08212111071106033
797,8.8442471457901,-0.08236767133641935
798,8.842156822819948,-0.08261441448316773
799,8.840064947401519,-0.08286133812371448
800,8.837971536151505,-0.0831084402251859
801,8.835876605734018,-0.08335571874945251
802,8.833780172860457,-0.08360317165315252
803,8.831682254289342,-0.08385079688771703
804,8.829582866826174,-0.08409859239939443
805,8.827482027323244,-0.08434655612927679
806,8.825379752679503,-0.08459468601332362
807,8.823276059840383,-0.08484297998238839
808,8.82117096579767,-0.0850914359622421
809,8.819064487589264,-0.08534005187360225
810,8.816956642299102,-0.08558882563215521
811,8.814847447056925,-0.08583775514858426
812,8.812736919038157,-0.08608683832859411
813,8.810625075463708,-0.08633607307293789
814,8.808511933599814,-0.08658545727744342
815,8.806397510757865,-0.0868349888330388
816,8.804281824294218,-0.08708466562578052
817,8.802164891610065,-0.08733448553687748
818,8.800046730151207,-0.08758444644272037
819,8.797927357407914,-0.08783454621490666
820,8.795806790914728,-0.08808478272026862
821,8.793685048250296,-0.0883351538209
822,8.791562147037178,-0.0885856573741835
823,8.78943810494168,-0.08883629123281782
824,8.787312939673651,-0.08908705324484567
825,8.78518666898632,-0.08933794125368072
826,8.783059310676109,-0.0895889530981355
827,8.780930882582432,-0.08984008661244938
828,8.778801402587511,-0.09009133962631691
829,8.776670888616207,-0.09034270996491485
830,8.774539358635794,-0.0905941954489319
831,8.772406830655791,-0.0908457938945959
832,8.770273322727773,-0.09109750311370239
833,8.768138852945164,-0.09134932091364344
834,8.766003439443043,-0.09160124509743649
835,8.763867100397958,-0.09185327346375267
836,8.761729854027704,-0.09210540380694661
837,8.759591718591153,-0.09235763391708446
838,8.757452712388035,-0.09260996157997371
839,8.755312853758731,-0.09286238457719248
840,8.753172161084093,-0.09311490068611848
841,8.75103065278521,-0.0933675076799593
842,8.748888347323216,-0.09362020332778162
843,8.746745263199093,-0.09387298539454084
844,8.744601418953435,-0.09412585164111151
845,8.742456833166278,-0.09437879982431606
846,8.740311524456844,-0.09463182769695673
847,8.738165511483347,-0.09488493300784513
848,8.736018812942792,-0.09513811350183181
849,8.733871447570731,-0.09539136691983817
850,8.731723434141081,-0.09564469099888534
851,8.729574791465879,-0.0958980834721262
852,8.727425538395067,-0.09615154206887612
853,8.725275693816277,-0.09640506451464331
854,8.723125276654601,-0.09665864853116071
855,8.720974305872375,-0.09691229183641621
856,8.718822800468953,-0.09716599214468438
857,8.716670779480483,-0.0974197471665579
858,8.714518261979658,-0.09767355460897965
859,8.712365267075516,-0.09792741217527326
860,8.710211813913185,-0.09818131756517597
861,8.708057921673676,-0.09843526847486926
862,8.70590360957363,-0.09868926259701179
863,8.703748896865088,-0.0989432976207712
864,8.70159380283526,-0.09919737123185625
865,8.699438346806279,-0.09945148111254938
866,8.697282548134968,-0.09970562494173889
867,8.695126426212614,-0.0999598003949509
868,8.69297000046467,-0.1002140051443843
869,8.690813290350595,-0.10046823685894025
870,8.688656315363549,-0.10072249320425747
871,8.686499095030182,-0.10097677184274341
872,8.684341648910346,-0.10123107043360953
873,8.68218399659689,-0.10148538663290277
874,8.680026157715377,-0.10173971809353975
875,8.677868151923851,-0.10199406246533953
876,8.675709998912593,-0.10224841739505729
877,8.673551718403841,-0.10250278052641824
878,8.671393330151554,-0.10275714950015126
879,8.669234853941138,-0.1030115219540229
880,8.66707630958922,-0.10326589552287037
881,8.664917716943343,-0.10352026783863744
882,8.66275909588174,-0.1037746365304069
883,8.66060046631306,-0.10402899922443555
884,8.658441848176107,-0.10428335354418841
885,8.656283261439569,-0.10453769711037325
886,8.654124726101754,-0.10479202754097533
887,8.651966262190319,-0.10504634245129214
888,8.649807889762005,-0.10530063945396778
889,8.647649628902377,-0.10555491615902765
890,8.645491499725521,-0.10580917017391482
891,8.643333522373798,-0.10606339910352358
892,8.641175717017562,-0.1063176005502351
893,8.639018103854884,-0.10657177211395297
894,8.636860703111273,-0.10682591139213826
895,8.634703535039371,-0.1070800159798464
896,8.632546619918724,-0.10733408346976048
897,8.630389978055463,-0.1075881114522284
898,8.62823362978203,-0.10784209751529852
899,8.626077595456898,-0.10809603924475511
900,8.62392189546427,-0.10834993422415512
901,8.6217665502138,-0.10860378003486362
902,8.619611580140326,-0.1088575742560899
903,8.617457005703534,-0.10911131446492434
904,8.615302847387708,-0.10936499823637434
905,8.613149125701396,-0.10961862314340155
906,8.61099586117716,-0.10987218675695717
907,8.608843074371256,-0.11012568664601954
908,8.606690785863329,-0.11037912037763054
909,8.60453901625613,-0.11063248551693293
910,8.6023877861752,-0.11088577962720701
911,8.600237116268605,-0.11113900026990668
912,8.598087027206587,-0.11139214500469834
913,8.595937539681264,-0.11164521138949754
914,8.593788674406353,-0.11189819698050595
915,8.59164045211685,-0.11215109933224833
916,8.589492893568723,-0.11240391599761092
917,8.587346019538574,-0.11265664452787946
918,8.585199850823376,-0.11290928247277511
919,8.58305440824013,-0.1131618273804936
920,8.580909712625548,-0.1134142767977431
921,8.578765784835761,-0.11366662826978118
922,8.576622645745966,-0.11391887934045435
923,8.574480316250144,-0.11417102755223468
924,8.572338817260707,-0.11442307044625938
925,8.570198169708213,-0.11467500556236784
926,8.568058394541023,-0.1149268304391404
927,8.56591951272496,-0.11517854261393767
928,8.563781545243012,-0.11543013962293854
929,8.56164451309501,-0.1156816190011775
930,8.559508437297255,-0.11593297828258628
931,8.557373338882249,-0.11618421500002953
932,8.555239238898308,-0.11643532668534626
933,8.553106158409271,-0.11668631086938704
934,8.55097411849414,-0.11693716508205416
935,8.54884314024677,-0.11718788685233986
936,8.546713244775496,-0.11743847370836698
937,8.544584453202845,-0.11768892317742602
938,8.542456786665142,-0.11793923278601703
939,8.540330266312214,-0.11818940005988725
940,8.53820491330703,-0.11843942252407114
941,8.536080748825356,-0.11868929770293048
942,8.533957794055416,-0.11893902312019336
943,8.531836070197537,-0.11918859629899466
944,8.52971559846382,-0.11943801476191525
945,8.527596400077769,-0.11968727603102225
946,8.525478496273955,-0.11993637762790921
947,8.523361908297657,-0.12018531707373599
948,8.52124665740453,-0.12043409188926812
949,8.519132764860224,-0.12068269959491854
950,8.517020251940048,-0.12093113771078629
951,8.514909139928594,-0.12117940375669868
952,8.512799450119395,-0.12142749525225026
953,8.510691203814572,-0.12167540971684368
954,8.508584422324448,-0.12192314466973071
955,8.506479126967216,-0.12217069763005206
956,8.504375339068554,-0.12241806611687903
957,8.50227307996127,-0.12266524764925375
958,8.500172370984934,-0.12291223974623008
959,8.498073233485503,-0.12315903992691528
960,8.495975688814982,-0.12340564571050909
961,8.493879758331019,-0.12365205461634673
962,8.491785463396557,-0.12389826416393916
963,8.489692825379441,-0.12414427187301469
964,8.48760186565208,-0.12439007526355932
965,8.485512605591016,-0.12463567185585982
966,8.483425066576622,-0.12488105917054254
967,8.481339269992656,-0.12512623472861736
968,8.479255237225932,-0.1253711960515174
969,8.477172989665894,-0.12561594066114212
970,8.475092548704295,-0.1258604660798969
971,8.47301393573474,-0.12610476983073773
972,8.470937172152384,-0.12634884943720928
973,8.468862279353482,-0.12659270242348977
974,8.466789278735046,-0.12683632631443084
975,8.464718191694422,-0.12707971863560125
976,8.462649039628925,-0.12732287691332717
977,8.460581843935461,-0.1275657986747349
978,8.458516626010091,-0.12780848144779353
979,8.456453407247691,-0.128050922761356
980,8.454392209041535,-0.128293120145202
981,8.452333052782892,-0.12853507113007975
982,8.450275959860642,-0.1287767732477493
983,8.44822095166088,-0.1290182240310237
984,8.446168049566527,-0.12925942101381152
985,8.444117274956906,-0.12950036173116028
986,8.44206864920735,-0.12974104371929862
987,8.440022193688824,-0.12998146451567774
988,8.437977929767507,-0.13022162165901505
989,8.435935878804369,-0.1304615126893372
990,8.4338960621548,-0.1307011351480217
991,8.431858501168174,-0.13094048657784052
992,8.429823217187481,-0.13117956452300192
993,8.427790231548876,-0.13141836652919459
994,8.425759565581291,-0.13165689014362966
995,8.42373124060602,-0.131895132915084
996,8.421705277936324,-0.13213309239394272
997,8.419681698877,-0.13237076613224222
998,8.417660524723965,-0.1326081516837143
999,8.415641776763856,-0.13284524660382804
1000,8.413625476273607,-0.13308204844983335
1001,8.411611644520033,-0.13331855478080434
1002,8.409600302759419,-0.133554763157682
1003,8.407591472237081,-0.13379067114331866
1004,8.405585174186973,-0.1340262763025196
1005,8.403581429831247,-0.13426157620208784
1006,8.401580260379847,-0.1344965684108665
1007,8.399581687030064,-0.13473125049978293
1008,8.397585730966135,-0.13496562004189167
1009,8.3955924133588,-0.1351996746124187
1010,8.3936017553649,-0.13543341178880333
1011,8.391613778126919,-0.13566682915074357
1012,8.389628502772585,-0.13589992428023862
1013,8.387645950414434,-0.13613269476163223
1014,8.385666142149352,-0.13636513818165819
1015,8.383689099058198,-0.13659725212948115
1016,8.381714842205328,-0.1368290341967428
1017,8.37974339263817,-0.13706048197760456
1018,8.377774771386825,-0.13729159306879052
1019,8.375808999463576,-0.13752236506963342
1020,8.373846097862506,-0.13775279558211606
1021,8.371886087559028,-0.13798288221091665
1022,8.369928989509468,-0.13821262256345218
1023,8.367974824650611,-0.13844201424992217
1024,8.366023613899277,-0.13867105488335305
1025,8.364075378151878,-0.1388997420796411
1026,8.36213013828397,-0.13912807345759773
1027,8.360187915149819,-0.1393560466389925
1028,8.358248729581963,-0.13958365924859728
1029,8.356312602390757,-0.1398109089142305
1030,8.35437955436394,-0.14003779326680116
1031,8.352449606266193,-0.14026430994035213
1032,8.350522778838688,-0.14049045657210527
1033,8.348599092798642,-0.1407162308025047
1034,8.346678568838865,-0.14094163027526196
1035,8.344761227627334,-0.14116665263739847
1036,8.342847089806723,-0.14139129553929103
1037,8.340936175993964,-0.1416155566347154
1038,8.339028506779796,-0.14183943358089054
1039,8.337124102728318,-0.14206292403852264
1040,8.33522298437653,-0.14228602567184967
1041,8.333325172233891,-0.1425087361486852
1042,8.33143068678187,-0.14273105314046206
1043,8.32953954847347,-0.14295297432227821
1044,8.327651777732822,-0.14317449737293833
1045,8.32576739495467,-0.14339561997500094
1046,8.323886420503953,-0.14361633981482125
1047,8.32200887471536,-0.14383665458259418
1048,8.320134777892843,-0.1440565619724008
1049,8.318264150309185,-0.144276059682251
1050,8.316397012205536,-0.14449514541412806
1051,8.31453338379094,-0.14471381687403398
1052,8.312673285241905,-0.14493207177203168
1053,8.310816736701925,-0.14514990782229106
1054,8.308963758281033,-0.145367322743132
1055,8.307114370055318,-0.14558431425706975
1056,8.305268592066506,-0.14580088009085776
1057,8.303426444321456,-0.1460170179755331
1058,8.30158794679173,-0.14623272564646
1059,8.299753119413124,-0.14644800084337412
1060,8.297921982085189,-0.1466628413104275
1061,8.296094554670791,-0.1468772447962316
1062,8.294270856995638,-0.1470912090539026
1063,8.292450908847822,-0.1473047318411044
1064,8.29063472997735,-0.1475178109200941
1065,8.288822340095686,-0.14773044405776503
1066,8.287013758875275,-0.14794262902569189
1067,8.285209005949092,-0.14815436360017423
1068,8.283408100910169,-0.14836564556228077
1069,8.281611063311146,-0.14857647269789317
1070,8.279817912663779,-0.14878684279775092
1071,8.278028668438484,-0.1489967536574954
1072,8.276243350063897,-0.14920620307771224
1073,8.27446197692636,-0.14941518886397806
1074,8.2726845683695,-0.14962370882690232
1075,8.270911143693727,-0.14983176078217272
1076,8.269141722155792,-0.15003934255059834
1077,8.2673763229683,-0.15024645195815434
1078,8.265614965299266,-0.15045308683602487
1079,8.263857668271637,-0.15065924502064787
1080,8.262104450962806,-0.1508649243537591
1081,8.260355332404167,-0.15107012268243572
1082,8.258610331580634,-0.15127483785914028
1083,8.256869467430183,-0.1514790677417644
1084,8.25513275884339,-0.15168281019367208
1085,8.253400224662947,-0.15188606308374442
1086,8.251671883683187,-0.15208882428642342
1087,8.249947754649629,-0.1522910916817555
1088,8.24822785625854,-0.15249286315543353
1089,8.246512207156387,-0.1526941365988442
1090,8.244800825939443,-0.15289490990910817
1091,8.243093731153293,-0.15309518098912525
1092,8.241390941292348,-0.15329494774761812
1093,8.239692474799417,-0.15349420809917477
1094,8.237998350065192,-0.15369295996429372
1095,8.23630858542782,-0.15389120126942551
1096,8.234623199172411,-0.15408892994701773
1097,8.23294220953057,-0.154286143935558
1098,8.231265634679948,-0.15448284117961675
1099,8.229593492743751,-0.1546790196298913
1100,8.227925801790281,-0.15487467724324902
1101,8.226262579832484,-0.15506981198276998
1102,8.22460384482745,-0.15526442181779104
1103,8.222949614675988,-0.155458504723948
1104,8.221299907222116,-0.15565205868321963
1105,8.219654740252627,-0.15584508168397038
1106,8.218014131496602,-0.1560375717209934
1107,8.216378098624956,-0.1562295267955534
1108,8.214746659249977,-0.15642094491542965
1109,8.213119830924839,-0.15661182409495905
1110,8.211497631143144,-0.1568021623550793
1111,8.209880077338482,-0.1569919577233706
1112,8.208267186883932,-0.15718120823409942
1113,8.206658977091621,-0.15736991192826044
1114,8.205055465212254,-0.1575580668536196
1115,8.203456668434637,-0.15774567106475715
1116,8.201862603885242,-0.1579327226231089
1117,8.200273288627718,-0.15811921959700995
1118,8.198688739662437,-0.15830516006173642
1119,8.197108973926046,-0.15849054209954802
1120,8.19553400829098,-0.15867536379973035
1121,8.19396385956504,-0.15885962325863667
1122,8.192398544490885,-0.15904331857973097
1123,8.190838079745609,-0.1592264478736296
1124,8.189282481940262,-0.1594090092581433
1125,8.187731767619413,-0.15959100085831895
1126,8.18618595326067,-0.15977242080648207
1127,8.184645055274235,-0.1599532672422783
1128,8.183109090002429,-0.16013353831271587
1129,8.18157807371927,-0.16031323217220605
1130,8.180052022630003,-0.16049234698260562
1131,8.178530952870627,-0.1606708809132585
1132,8.177014880507466,-0.16084883214103732
1133,8.175503821536696,-0.16102619885038486
1134,8.173997791883906,-0.16120297923335503
1135,8.172496807403657,-0.1613791714896544
1136,8.171000883879001,-0.1615547738266838
1137,8.169510037021048,-0.16172978445957925
1138,8.16802428246853,-0.16190420161125266
1139,8.166543635787324,-0.16207802351243342
1140,8.165068112470031,-0.1622512484017093
1141,8.163597727935507,-0.16242387452556703
1142,8.162132497528438,-0.16259590013843314
1143,8.160672436518885,-0.16276732350271456
1144,8.159217560101832,-0.16293814288884
1145,8.157767883396756,-0.1631083565752997
1146,8.156323421447183,-0.16327796284868604
1147,8.154884189220247,-0.16344696000373388
1148,8.15345020160625,-0.163615346343361
1149,8.15202147341821,-0.16378312017870864
1150,8.150598019391435,-0.1639502798291815
1151,8.149179854183089,-0.1641168236224871
1152,8.147766992371755,-0.1642827498946765
1153,8.146359448456998,-0.16444805699018372
1154,8.144957236858936,-0.16461274326186548
1155,8.143560371917774,-0.1647768070710422
1156,8.142168867893442,-0.16494024678753497
1157,8.140782738965097,-0.16510306078970774
1158,8.139401999230726,-0.16526524746450522
1159,8.138026662706725,-0.1654268052074924
1160,8.136656743327443,-0.1655877324228944
1161,8.135292254944781,-0.16574802752363474
1162,8.133933211327783,-0.16590768893137456
1163,8.132579626162153,-0.16606671507655255
1164,8.131231513049904,-0.16622510439842217
1165,8.129888885508889,-0.16638285534509206
1166,8.128551756972405,-0.16653996637356316
1167,8.127220140788781,-0.16669643594976774
1168,8.125894050220928,-0.16685226254860888
1169,8.12457349844597,-0.16700744465399717
1170,8.123258498554799,-0.16716198075888988
1171,8.121949063551664,-0.16731586936532916
1172,8.120645206353782,-0.16746910898447964
1173,8.119346939790917,-0.16762169813666586
1174,8.11805427660496,-0.16777363535141165
1175,8.116767229449533,-0.16792491916747673
1176,8.115485810889606,-0.16807554813289363
1177,8.114210033401058,-0.16822552080500666
1178,8.112939909370299,-0.16837483575050816
1179,8.111675451093861,-0.16852349154547638
1180,8.110416670777997,-0.16867148677541258
1181,8.10916358053831,-0.16881882003527693
1182,8.107916192399323,-0.16896548992952684
1183,8.106674518294094,-0.16911149507215367
1184,8.105438570063848,-0.16925683408671838
1185,8.104208359457555,-0.16940150560638906
1186,8.102983898131571,-0.16954550827397646
1187,8.101765197649225,-0.16968884074197127
1188,8.100552269480474,-0.16983150167257893
1189,8.099345125001454,-0.169973489737758
1190,8.098143775494176,-0.17011480361925338
1191,8.096948232146081,-0.1702554420086344
1192,8.09575850604971,-0.17039540360732877
1193,8.0945746082023,-0.17053468712665953
1194,8.09339654950542,-0.17067329128787997
1195,8.0922243407646,-0.17081121482220823
1196,8.091057992688958,-0.17094845647086407
1197,8.089897515890842,-0.17108501498510192
1198,8.088742920885448,-0.17122088912624767
1199,8.087594218090457,-0.17135607766573266
1200,8.08645141782569,-0.17149057938512816
1201,8.08531453031273,-0.17162439307618027
1202,8.084183565674573,-0.17175751754084398
1203,8.08305853393526,-0.17188995159131837
1204,8.081939445019543,-0.17202169405007908
1205,8.080826308752519,-0.17215274374991368
1206,8.079719134859287,-0.1722830995339548
1207,8.078617932964587,-0.17241276025571448
1208,8.077522712592462,-0.17254172477911742
1209,8.076433483165916,-0.1726699919785342
1210,8.075350254006578,-0.172797560738815
1211,8.07427303433436,-0.17292442995532173
1212,8.073201833267097,-0.17305059853396282
1213,8.072136659820242,-0.173176065391225
1214,8.071077522906515,-0.1733008294542059
1215,8.070024431335584,-0.17342488966064692
1216,8.068977393813736,-0.1735482449589655
1217,8.067936418943535,-0.17367089430828772
1218,8.066901515223513,-0.17379283667848022
1219,8.065872691047852,-0.17391407105018203
1220,8.064849954706046,-0.17403459641483673
1221,8.063833314382599,-0.1741544117747243
1222,8.062822778156715,-0.17427351614299158
1223,8.061818354001963,-0.17439190854368525
1224,8.06082004978599,-0.17450958801178185
1225,8.059827873270205,-0.1746265535932193
1226,8.058841832109472,-0.17474280434492756
1227,8.057861933851807,-0.17485833933486006
1228,8.056888185938094,-0.17497315764202312
1229,8.05592059570175,-0.1750872583565079
1230,8.054959170368484,-0.17520064057951898
1231,8.054003917055933,-0.1753133034234067
1232,8.053054842773445,-0.1754252460116947
1233,8.052111954421742,-0.1755364674791116
1234,8.05117525879266,-0.1756469669716193
1235,8.050244762568845,-0.1757567436464439
1236,8.049320472323503,-0.1758657966721031
1237,8.048402394520089,-0.17597412522843722
1238,8.04749053551205,-0.17608172850663742
1239,8.046584901542554,-0.1761886057092743
1240,8.045685498744218,-0.17629475605032657
1241,8.044792333138835,-0.17640017875521
1242,8.043905410637121,-0.17650487306080515
1243,8.043024737038436,-0.17660883821548642
1244,8.04215031803054,-0.17671207347914888
1245,8.041282159189333,-0.17681457812323673
1246,8.0404202659786,-0.17691635143077086
1247,8.039564643749749,-0.1770173926963767
1248,8.0387152977416,-0.1771177012263098
1249,8.03787223308008,-0.17721727633848586
1250,8.03703545477804,-0.17731611736250458
1251,8.036204967734983,-0.17741422363967826
1252,8.035380776736822,-0.1775115945230583
1253,8.034562886455664,-0.17760822937746093
1254,8.033751301449584,-0.1777041275794931
1255,8.03294602616236,-0.17779928851758017
1256,8.032147064923278,-0.1778937115919903
1257,8.031354421946912,-0.17798739621486012
1258,8.03056810133288,-0.1780803418102213
1259,8.02978810706565,-0.17817254781402467
1260,8.02901444301432,-0.1782640136741657
1261,8.028247112932384,-0.17835473885051023
1262,8.02748612045756,-0.17844472281491813
1263,8.026731469111555,-0.1785339650512684
1264,8.025983162299875,-0.17862246505548365
1265,8.025241203311634,-0.17871022233555353
1266,8.024505595319349,-0.17879723641155937
1267,8.023776341378733,-0.17888350681569806
1268,8.02305344442852,-0.17896903309230566
1269,8.022336907290276,-0.17905381479788032
1270,8.021626732668214,-0.17913785150110584
1271,8.020922923149008,-0.17922114278287435
1272,8.020225481201628,-0.17930368823630988
1273,8.019534409177119,-0.17938548746679112
1274,8.018849709308508,-0.17946654009197188
1275,8.018171383710559,-0.17954684574180604
1276,8.017499434379648,-0.17962640405856792
1277,8.01683386319359,-0.17970521469687417
1278,8.016174671911463,-0.1797832773237068
1279,8.015521862173491,-0.17986059161843249
1280,8.01487543550084,-0.17993715727282583
1281,8.014235393295518,-0.1800129739910888
1282,8.013601736840167,-0.18008804148987334
1283,8.012974467297981,-0.18016235949830017
1284,8.012353585712528,-0.18023592775798025
1285,8.011739093007613,-0.18030874602303526
1286,8.011130989987164,-0.18038081406011622
1287,8.010529277335069,-0.18045213164842558
1288,8.009933955615072,-0.18052269857973482
1289,8.009345025270646,-0.1805925146584044
1290,8.008762486624862,-0.18066157970140342
1291,8.008186339880263,-0.18072989353832872
1292,8.007616585118765,-0.18079745601142277
1293,8.007053222301536,-0.180864266975593
1294,8.006496251268896,-0.18093032629842945
1295,8.00594567174019,-0.18099563386022402
1296,8.005401483313701,-0.18106018955398742
1297,8.004863685466555,-0.1811239932854672
1298,8.004332277554608,-0.18118704497316535
1299,8.003807258812365,-0.18124934454835553
1300,8.003288628352882,-0.1813108919551004
1301,8.002776385167689,-0.1813716871502679
1302,8.0022705281267,-0.1814317301035483
1303,8.001771055978141,-0.1814910207974704
1304,8.00127796734846,-0.18154955922741772
1305,8.00079126074227,-0.18160734540164503
1306,8.000310934542256,-0.18166437934129367
1307,7.999836987009131,-0.1817206610804068
1308,7.999369416281564,-0.18177619066594533
1309,7.998908220376121,-0.18183096815780256
1310,7.998453397187202,-0.18188499362881927
1311,7.998004944487,-0.18193826716479827
1312,7.99756285992544,-0.18199078886451892
1313,7.997127141030137,-0.18204255883975115
1314,7.9966977852063446,-0.18209357721527009
1315,7.996274789736928,-0.18214384412886883
1316,7.995858151782321,-0.18219335973137266
1317,7.995447868380499,-0.18224212418665164
1318,7.995043936446933,-0.1822901376716348
1319,7.994646352774574,-0.18233740037632207
1320,7.994255114033841,-0.18238391250379674
1321,7.993870216772581,-0.1824296742702385
1322,7.993491657416061,-0.18247468590493549
1323,7.993119432266949,-0.18251894765029605
1324,7.992753537505318,-0.18256245976186022
1325,7.992393969188628,-0.18260522250831143
1326,7.992040723251731,-0.18264723617148743
1327,7.991693795506875,-0.18268850104639117
1328,7.991353181643675,-0.18272901744120298
1329,7.99101887722917,-0.18276878567728896
1330,7.990690877707798,-0.18280780608921235
1331,7.990369178401429,-0.1828460790247435
1332,7.990053774509362,-0.18288360484487
1333,7.989744661108375,-0.18292038392380527
1334,7.9894418331527115,-0.18295641664899914
1335,7.989145285474162,-0.18299170342114499
1336,7.988855012782026,-0.1830262446541915
1337,7.988571009663202,-0.18306004077534854
1338,7.988293270582212,-0.1830930922250965
1339,7.98802178988123,-0.18312539945719486
1340,7.9877565617801185,-0.18315696293869016
1341,7.9874975803765205,-0.18318778314992204
1342,7.987244839645866,-0.1832178605845324
1343,7.986998333441438,-0.18324719574947215
1344,7.9867580554944455,-0.18327578916500728
1345,7.986523999414075,-0.18330364136472635
1346,7.9862961586875505,-0.18333075289554662
1347,7.986074526680217,-0.18335712431772
1348,7.985859096635581,-0.1833827562048398
1349,7.985649861675429,-0.18340764914384508
1350,7.985446814799879,-0.18343180373502704
1351,7.985249948887458,-0.1834552205920341
1352,7.985059256695206,-0.1834779003418763
1353,7.984874730858752,-0.18349984362493058
1354,7.984696363892411,-0.18352105109494482
1355,7.98452414818927,-0.18354152341904237
1356,7.9843580760213095,-0.18356126127772504
1357,7.984198139539474,-0.18358026536487843
1358,7.984044330773813,-0.18359853638777318
1359,7.983896641633549,-0.18361607506707062
1360,7.983755063907222,-0.1836328821368236
1361,7.983619589262809,-0.18364895834447956
1362,7.983490209247815,-0.1836643044508838
1363,7.983366915289399,-0.1836789212302815
1364,7.983249698694516,-0.18369280947031894
1365,7.983138550650055,-0.18370596997204477
1366,7.983033462222939,-0.18371840354991267
1367,7.982934424360284,-0.18373011103178175
1368,7.98284142788952,-0.18374109325891771
1369,7.982754463518562,-0.1837513510859926
1370,7.982673521835922,-0.18376088538108662
1371,7.982598593310882,-0.1837696970256867
1372,7.982529668293635,-0.18377778691468735
1373,7.982466737015439,-0.18378515595639006
1374,7.982409789588787,-0.18379180507250212
1375,7.982358816007554,-0.18379773519813633
1376,7.982313806147168,-0.18380294728180946
1377,7.982274749764799,-0.18380744228544002
1378,7.9822416364994835,-0.1838112211843486
1379,7.98221445587234,-0.18381428496725394
1380,7.982193197286739,-0.18381663463627115
1381,7.982177850028471,-0.18381827120690966
1382,7.982168403265947,-0.18381919570807004
1383,7.982164846050378,-0.1838194091820409
1384,7.982167167315967,-0.1838189126844959
1385,7.98217535588011,-0.18381770728448968
1386,7.9821894004435645,-0.18381579406445522
1387,7.9822092895907,-0.1838131741201979
1388,7.982235011789659,-0.18380984856089264
1389,7.982266555392591,-0.18380581850907815
1390,7.9823039086358305,-0.18380108510065374
1391,7.9823470596401584,-0.18379564948487148
1392,7.982395996410969,-0.1837895128243335
1393,7.98245070683852,-0.18378267629498468
1394,7.982511178698149,-0.18377514108610693
1395,7.982577399650494,-0.18376690840031323
1396,7.98264935724172,-0.18375797945354116
1397,7.982727038903769,-0.18374835547504562
1398,7.982810431954569,-0.18373803770739258
1399,7.982899523598301,-0.18372702740645053
1400,7.982994300925618,-0.18371532584138422
1401,7.983094750913886,-0.18370293429464646
1402,7.983200860427459,-0.18368985406196922
1403,7.983312616217895,-0.18367608645235645
1404,7.98343000492424,-0.1836616327880743
1405,7.983553013073262,-0.1836464944046428
1406,7.983681627079728,-0.1836306726508264
1407,7.983815833246646,-0.18361416888862495
1408,7.983955617765545,-0.1835969844932635
1409,7.984100966716757,-0.18357912085318168
1410,7.984251866069654,-0.18356057937002493
1411,7.9844083016829295,-0.1835413614586333
1412,7.98457025930491,-0.18352146854702975
1413,7.984737724573803,-0.18350090207640973
1414,7.984910683017987,-0.18347966350112993
1415,7.985089120056303,-0.18345775428869635
1416,7.985273020998329,-0.1834351759197528
1417,7.985462371044687,-0.18341192988806815
1418,7.985657155287334,-0.1833880177005239
1419,7.985857358709862,-0.18336344087710155
1420,7.986062966187782,-0.18333820095086983
1421,7.986273962488844,-0.1833122994679712
1422,7.986490332273343,-0.1832857379876079
1423,7.9867120600944155,-0.1832585180820286
1424,7.986939130398365,-0.18323064133651393
1425,7.98717152752497,-0.18320210934936207
1426,7.987409235707791,-0.18317292373187466
1427,7.9876522390745075,-0.18314308610834096
1428,7.987900521647225,-0.1831125981160234
1429,7.988154067342822,-0.18308146140514103
1430,7.988412859973244,-0.18304967763885538
1431,7.988676883245862,-0.18301724849325293
1432,7.98894612076381,-0.18298417565732872
1433,7.989220556026296,-0.18295046083297076
1434,7.98950017242896,-0.1829161057349423
1435,7.989784953264186,-0.1828811120908661
1436,7.990074881721496,-0.18284548164120443
1437,7.990369940887855,-0.18280921613924345
1438,7.990670113748042,-0.18277231735107413
1439,7.990975383184985,-0.1827347870555747
1440,7.991285731980121,-0.18269662704439182
1441,7.991601142813778,-0.18265783912192088
1442,7.9919215982654785,-0.18261842510528858
1443,7.992247080814353,-0.18257838682433222
1444,7.992577572839487,-0.18253772612158028
1445,7.992913056620277,-0.18249644485223285
1446,7.993253514336813,-0.18245454488414103
1447,7.993598928070247,-0.18241202809778662
1448,7.993949279803177,-0.1823688963862606
1449,7.994304551419993,-0.18232515165524374
1450,7.994664724707275,-0.18228079582298415
1451,7.995029781354204,-0.1822358308202746
1452,7.995399702952897,-0.18219025859043253
1453,7.995774470998802,-0.18214408108927768
1454,7.996154066891134,-0.18209730028510743
1455,7.996538471933189,-0.18204991815867744
1456,7.996927667332803,-0.1820019367031758
1457,7.997321634202715,-0.1819533579242011
1458,7.997720353560966,-0.18190418383973891
1459,7.9981238063313125,-0.18185441648013706
1460,7.998531973343627,-0.1818040578880822
1461,7.998944835334279,-0.18175311011857556
1462,7.999362372946574,-0.18170157523890762
1463,7.999784566731149,-0.18164945532863336
1464,8.00021139714637,-0.1815967524795475
1465,8.000642844558767,-0.18154346879565847
1466,8.00107888924344,-0.1814896063931627
1467,8.001519511384469,-0.1814351674004188
1468,8.001964691075347,-0.18138015395792095
1469,8.002414408319398,-0.18132456821827223
1470,8.002868643030192,-0.181268412346158
1471,8.003327375031992,-0.18121168851831818
1472,8.003790584060145,-0.18115439892352078
1473,8.004258249761554,-0.18109654576253306
1474,8.004730351695093,-0.18103813124809384
1475,8.005206869332023,-0.18097915760488587
1476,8.005687782056462,-0.18091962706950604
1477,8.006173069165783,-0.18085954189043837
1478,8.006662709871103,-0.18079890432802248
1479,8.007156683297673,-0.1807377166544263
1480,8.007654968485364,-0.18067598115361533
1481,8.00815754438908,-0.1806137001213231
1482,8.008664389879247,-0.18055087586502
1483,8.009175483742217,-0.18048751070388422
1484,8.009690804680734,-0.1804236069687704
1485,8.010210331314406,-0.18035916700217808
1486,8.010734042180143,-0.18029419315822073
1487,8.011261915732614,-0.18022868780259452
1488,8.011793930344712,-0.18016265331254558
1489,8.012330064308012,-0.18009609207683847
1490,8.012870295833217,-0.18002900649572437
1491,8.01341460305065,-0.17996139898090677
1492,8.01396296401072,-0.17989327195550922
1493,8.014515356684354,-0.17982462785404255
1494,8.015071758963499,-0.17975546912237106
1495,8.015632148661574,-0.17968579821767858
1496,8.016196503513942,-0.17961561760843475
1497,8.016764801178406,-0.1795449297743602
1498,8.017337019235667,-0.1794737372063917
1499,8.017913135189797,-0.17940204240664825
1500,8.018493126468723,-0.1793298478883954
1501,8.019076970424715,-0.17925715617600957
1502,8.019664644334854,-0.1791839698049425
1503,8.020256125401533,-0.17911029132168532
1504,8.020851390752924,-0.17903612328373222
1505,8.021450417443464,-0.17896146825954437
1506,8.022053182454354,-0.17888632882851294
1507,8.02265966269405,-0.17881070758092127
1508,8.023269834998734,-0.17873460711790876
1509,8.023883676132835,-0.17865803005143208
1510,8.024501162789495,-0.1785809790042283
1511,8.025122271591075,-0.17850345660977657
1512,8.025746979089657,-0.17842546551225885
1513,8.026375261767532,-0.1783470083665224
1514,8.027007096037694,-0.17826808783804055
1515,8.027642458244356,-0.17818870660287295
1516,8.028281324663455,-0.1781088673476261
1517,8.028923671503115,-0.17802857276941478
1518,8.029569474904207,-0.17794782557582042
1519,8.03021871094081,-0.17786662848485202
1520,8.030871355620743,-0.17778498422490507
1521,8.031527384886049,-0.17770289553472124
1522,8.032186774613521,-0.17762036516334692
1523,8.03284950061522,-0.17753739587009174
1524,8.033515538638968,-0.17745399042448695
1525,8.034184864368859,-0.17737015160624447
1526,8.034857453425788,-0.17728588220521396
1527,8.035533281367957,-0.17720118502134027
1528,8.036212323691387,-0.1771160628646214
1529,8.036894555830434,-0.17703051855506546
1530,8.037579953158318,-0.17694455492264738
1531,8.038268490987637,-0.17685817480726498
1532,8.038960144570876,-0.17677138105869644
1533,8.039654889100934,-0.1766841765365558
1534,8.04035269971165,-0.17659656411024816
1535,8.041053551478335,-0.176508546658926
1536,8.041757419418259,-0.17642012707144458
1537,8.042464278491206,-0.17633130824631665
1538,8.043174103600009,-0.17624209309166647
1539,8.043886869591056,-0.1761524845251852
1540,8.044602551254796,-0.17606248547408612
1541,8.04532112332631,-0.1759720988750567
1542,8.046042560485828,-0.1758813276742132
1543,8.046766837359243,-0.1757901748270541
1544,8.047493928518657,-0.17569864329841373
1545,8.048223808482895,-0.17560673606241484
1546,8.048956451718055,-0.1755144561024216
1547,8.049691832638032,-0.17542180641099178
1548,8.05042992560505,-0.17532878998982945
1549,8.05117070493021,-0.17523540984973596
1550,8.051914144873999,-0.17514166901056327
1551,8.052660219646857,-0.175047570501164
1552,8.05340890340968,-0.17495311735934355
1553,8.054160170274383,-0.17485831263181095
1554,8.054913994304437,-0.1747631593741286
1555,8.05567034951538,-0.17466766065066486
1556,8.05642920987539,-0.17457181953454207
1557,8.057190549305805,-0.17447563910758787
1558,8.057954341681658,-0.1743791224602851
1559,8.05872056083224,-0.17428227269172017
1560,8.059489180541625,-0.1741850929095335
1561,8.0602601745492,-0.17408758622986825
1562,8.061033516550246,-0.1739897557773183
1563,8.061809180196436,-0.17389160468487816
1564,8.062587139096403,-0.17379313609389058
1565,8.06336736681629,-0.1736943531539938
1566,8.064149836880265,-0.17359525902307157
1567,8.064934522771093,-0.17349585686719857
1568,8.065721397930684,-0.17339614986058818
1569,8.066510435760597,-0.17329614118554132
1570,8.067301609622646,-0.17319583403239058
1571,8.06809489283939,-0.1730952315994495
1572,8.068890258694715,-0.17299433709295747
1573,8.069687680434374,-0.17289315372702585
1574,8.070487131266521,-0.17279168472358497
1575,8.071288584362271,-0.17268993331232865
1576,8.072092012856247,-0.17258790273066069
1577,8.07289738984712,-0.17248559622363954
1578,8.073704688398163,-0.17238301704392342
1579,8.074513881537808,-0.17228016845171507
1580,8.075324942260172,-0.17217705371470665
1581,8.076137843525638,-0.1720736761080236
1582,8.076952558261365,-0.1719700389141693
1583,8.077769059361875,-0.1718661454229683
1584,8.07858731968958,-0.1717619989315105
1585,8.079407312075347,-0.1716576027440943
1586,8.080229009319012,-0.17155296017217053
1587,8.081052384189986,-0.1714480745342841
1588,8.081877409427774,-0.17134294915601758
1589,8.082704057742516,-0.17123758736993383
1590,8.083532301815541,-0.17113199251551905
1591,8.084362114299948,-0.1710261679391227
1592,8.085193467821117,-0.17092011699390142
1593,8.086026334977287,-0.17081384303975988
1594,8.086860688340096,-0.1707073494432922
1595,8.08769650045512,-0.17060063957772384
1596,8.08853374384245,-0.17049371682285153
1597,8.089372390997216,-0.17038658456498543
1598,8.090212414390162,-0.17027924619688814
1599,8.091053786468184,-0.17017170511771654
1600,8.091896479654864,-0.17006396473296148
1601,8.092740466351058,-0.16995602845438726
1602,8.093585718935417,-0.16984789969997222
1603,8.094432209764944,-0.1697395818938476
1604,8.095279911175563,-0.1696310784662368
1605,8.09612879548263,-0.16952239285339576
1606,8.096978834981526,-0.16941352849755018
1607,8.097830001948173,-0.16930448884683574
1608,8.098682268639608,-0.1691952773552354
1609,8.099535607294523,-0.16908589748251845
1610,8.100389990133813,-0.1689763526941785
1611,8.101245389361118,-0.1688666464613717
1612,8.102101777163396,-0.1687567822608534
1613,8.102959125711447,-0.16864676357491698
1614,8.10381740716047,-0.1685365938913307
1615,8.104676593650623,-0.1684262767032742
1616,8.105536657307546,-0.16831581550927668
1617,8.10639757024294,-0.1682052138131522
1618,8.107259304555086,-0.16809447512393774
1619,8.10812183232942,-0.1679836029558279
1620,8.108985125639053,-0.16787260082811267
1621,8.10984915654533,-0.16776147226511265
1622,8.110713897098394,-0.16765022079611416
1623,8.111579319337691,-0.16753884995530652
1624,8.11244539529255,-0.16742736328171626
1625,8.113312096982726,-0.16731576431914214
1626,8.11417939641892,-0.16720405661609133
1627,8.115047265603371,-0.1670922437257126
1628,8.115915676530339,-0.16698032920573305
1629,8.116784601186701,-0.16686831661839077
1630,8.11765401155247,-0.1667562095303704
1631,8.118523879601339,-0.1666440115127365
1632,8.119394177301231,-0.16653172614086797
1633,8.120264876614828,-0.16641935699439206
1634,8.121135949500147,-0.1663069076571164
1635,8.122007367911035,-0.1661943817169647
1636,8.122879103797734,-0.16608178276590904
1637,8.12375112910743,-0.165969114399902
1638,8.124623415784773,-0.16585638021881108
1639,8.12549593577244,-0.1657435838263502
1640,8.126368661011643,-0.16563072883001365
1641,8.127241563442697,-0.16551781884100705
1642,8.128114615005547,-0.16540485747418038
1643,8.128987787640293,-0.1652918483479603
1644,8.12986105328775,-0.16517879508428132
1645,8.130734383889953,-0.16506570130851864
1646,8.131607751390748,-0.16495257064941762
1647,8.132481127736254,-0.16483940673902822
1648,8.133354484875456,-0.16472621321263367
1649,8.134227794760717,-0.16461299370868301
1650,8.135101029348304,-0.16449975186872143
1651,8.135974160598941,-0.16438649133732122
1652,8.13684716047832,-0.1642732157620129
1653,8.137720000957637,-0.16415992879321517
1654,8.138592654014147,-0.16404663408416484
1655,8.139465091631662,-0.16393333529084805
1656,8.140337285801092,-0.16382003607192988
1657,8.141209208520973,-0.16370674008868435
1658,8.142080831798019,-0.16359345100492306
1659,8.142952127647616,-0.16348017248692637
1660,8.14382306809435,-0.16336690820337257
1661,8.144693625172568,-0.16325366182526613
1662,8.145563770926854,-0.16314043702586828
1663,8.146433477412602,-0.16302723748062495
1664,8.147302716696505,-0.16291406686709628
1665,8.148171460857098,-0.16280092886488512
1666,8.149039681985268,-0.16268782715556576
1667,8.149907352184798,-0.16257476542261198
1668,8.150774443572844,-0.16246174735132665
1669,8.151640928280512,-0.16234877662876807
1670,8.15250677845333,-0.16223585694367995
1671,8.153371966251793,-0.16212299198641794
1672,8.154236463851873,-0.1620101854488784
1673,8.155100243445528,-0.16189744102442585
1674,8.155963277241241,-0.16178476240781983
1675,8.156825537464515,-0.16167215329514364
1676,8.157686996358386,-0.1615596173837309
1677,8.158547626183962,-0.16144715837209248
1678,8.159407399220896,-0.16133477995984455
1679,8.160266287767957,-0.1612224858476342
1680,8.161124264143474,-0.16111027973706762
1681,8.161981300685891,-0.16099816533063646
1682,8.162837369754255,-0.16088614633164422
1683,8.16369244372875,-0.1607742264441325
1684,8.164546495011184,-0.1606624093728079
1685,8.165399496025483,-0.16055069882296874
1686,8.166251419218241,-0.1604390985004297
1687,8.16710223705919,-0.16032761211144927
1688,8.16795192204171,-0.16021624336265555
1689,8.168800446683342,-0.16010499596097155
1690,8.169647783526274,-0.15999387361354178
1691,8.170493905137867,-0.15988288002765674
1692,8.171338784111141,-0.15977201891067952
1693,8.172182393065276,-0.15966129396997067
1694,8.1730247046461,-0.15955070891281414
1695,8.173865691526611,-0.15944026744634188
1696,8.17470532640746,-0.15932997327745932
1697,8.175543582017442,-0.15921983011277085
1698,8.176380431114003,-0.1591098416585038
1699,8.177215846483728,-0.1590000116204344
1700,8.17804980094283,-0.1588903437038121
1701,8.17888226733765,-0.1587808416132842
1702,8.179713218545153,-0.15867150905282054
1703,8.180542627473393,-0.1585623497256386
1704,8.181370467062047,-0.15845336733412652
1705,8.182196710282845,-0.1583445655797696
1706,8.183021330140111,-0.1582359481630728
1707,8.183844299671213,-0.15812751878348585
1708,8.184665591947073,-0.15801928113932728
1709,8.185485180072638,-0.15791123892770811
1710,8.186303037187361,-0.15780339584445627
1711,8.187119136465684,-0.15769575558404111
1712,8.18793345111753,-0.15758832183949584
1713,8.188745954388773,-0.15748109830234222
1714,8.18955661956173,-0.15737408866251407
1715,8.19036541995561,-0.15726729660828148
1716,8.191172328927026,-0.15716072582617333
1717,8.191977319870453,-0.15705438000090155
1718,8.192780366218697,-0.1569482628152851
1719,8.193581441443376,-0.1568423779501722
1720,8.194380519055413,-0.1567367290843641
1721,8.195177572605465,-0.15663131989453893
1722,8.195972575684426,-0.15652615405517462
1723,8.196765501923897,-0.15642123523847132
1724,8.197556324996633,-0.15631656711427586
1725,8.198345018617026,-0.15621215335000407
1726,8.199131556541575,-0.15610799761056365
1727,8.19991591256933,-0.15600410355827804
1728,8.20069806054239,-0.1559004748528081
1729,8.201477974346318,-0.1557971151510767
1730,8.202255627910658,-0.15569402810718966
1731,8.203030995209371,-0.15559121737235937
1732,8.203804050261274,-0.1554886865948285
1733,8.204574767130525,-0.15538643941979166
1734,8.205343119927083,-0.15528447948931798
1735,8.206109082807139,-0.15518281044227494
1736,8.2068726299736,-0.15508143591424947
1737,8.20763373567652,-0.15498035953747202
1738,8.20839237421357,-0.1548795849407382
1739,8.209148519930482,-0.15477911574933167
1740,8.2099021472215,-0.15467895558494643
1741,8.210653230529825,-0.15457910806561
1742,8.21140174434808,-0.1544795768056049
1743,8.212147663218742,-0.15438036541539146
1744,8.212890961734589,-0.15428147750153126
1745,8.213631614539159,-0.15418291666660755
1746,8.214369596327167,-0.15408468650914975
1747,8.21510488184497,-0.1539867906235549
1748,8.215837445891017,-0.1538892326000093
1749,8.216567263316271,-0.15379201602441167
1750,8.217294309024627,-0.15369514447829652
1751,8.218018557973407,-0.15359862153875445
1752,8.218739985173759,-0.15350245077835525
1753,8.219458565691086,-0.15340663576507146
1754,8.220174274645506,-0.15331118006219904
1755,8.220887087212278,-0.15321608722828015
1756,8.221596978622209,-0.15312136081702643
1757,8.22230392416213,-0.15302700437724
1758,8.22300789917529,-0.15293302145273663
1759,8.223708879061792,-0.15283941558226788
1760,8.22440683927903,-0.15274619029944364
1761,8.225101755342124,-0.15265334913265358
1762,8.225793602824309,-0.15256089560499086
1763,8.226482357357403,-0.1524688332341733
1764,8.227167994632186,-0.15237716553246725
1765,8.22785049039887,-0.152285896006608
1766,8.228529820467463,-0.15219502815772454
1767,8.229205960708242,-0.15210456548125986
1768,8.229878887052141,-0.15201451146689465
1769,8.230548575491177,-0.15192486959846932
1770,8.231215002078862,-0.1518356433539067
1771,8.231878142930613,-0.15174683620513496
1772,8.232537974224178,-0.15165845161800934
1773,8.233194472200031,-0.1515704930522357
1774,8.233847613161807,-0.15148296396129193
1775,8.23449737347668,-0.15139586779235206
1776,8.235143729575805,-0.15130920798620778
1777,8.235786657954698,-0.1512229879771916
1778,8.236426135173657,-0.15113721119309997
1779,8.237062137858157,-0.15105188105511572
1780,8.23769464269926,-0.15096700097773072
1781,8.238323626454026,-0.15088257436866898
1782,8.238949065945892,-0.15079860462881
1783,8.239570938065087,-0.1507150951521113
1784,8.24018921976903,-0.15063204932553112
1785,8.240803888082722,-0.15054947052895248
1786,8.24141492009915,-0.15046736213510534
1787,8.242022292979671,-0.15038572750949045
1788,8.242625983954412,-0.15030457001030267
1789,8.24322597032265,-0.150223892988354
1790,8.243822229453258,-0.15014369978699552
1791,8.244414738785004,-0.150063993742044
1792,8.245003475827017,-0.1499847781817025
1793,8.24558841815912,-0.14990605642648622
1794,8.246169543432266,-0.1498278317891437
1795,8.246746829368913,-0.1497501075745814
1796,8.247320253763343,-0.14967288707978954
1797,8.247889794482138,-0.14959617359376276
1798,8.248455429464512,-0.1495199703974255
1799,8.249017136722681,-0.14944428076355662
1800,8.249574894342281,-0.14936910795671207
1801,8.25012868048271,-0.14929445523314994
1802,8.250678473377517,-0.14922032584075443
1803,8.25122425133479,-0.1491467230189599
1804,8.251765992737505,-0.14907364999867587
1805,8.252303676043923,-0.14900111000221056
1806,8.252837279787945,-0.14892910624319605
1807,8.253366782579489,-0.14885764192651305
1808,8.253892163104858,-0.14878672024821507
1809,8.254413400127106,-0.14871634439545386
1810,8.254930472486402,-0.14864651754640384
1811,8.25544335910041,-0.14857724287018714
1812,8.255952038964633,-0.14850852352679908
1813,8.256456491152793,-0.14844036266703275
1814,8.256956694817182,-0.14837276343240477
1815,8.257452629189016,-0.14830572895508104
1816,8.25794427357882,-0.14823926235780122
1817,8.258431607376757,-0.14817336675380535
1818,8.258914610052985,-0.14810804524675936
1819,8.259393261158044,-0.14804330093068047
1820,8.259867540323178,-0.14797913688986347
1821,8.260337427260717,-0.14791555619880603
1822,8.260802901764384,-0.14785256192213664
1823,8.261263943709684,-0.14779015711453955
1824,8.26172053305425,-0.14772834482068087
1825,8.262172649838174,-0.14766712807513616
1826,8.262620274184352,-0.14760650990231702
1827,8.26306338629886,-0.14754649331639638
1828,8.263501966471262,-0.14748708132123753
1829,8.263935995074966,-0.14742827691031987
1830,8.264365452567569,-0.1473700830666665
1831,8.264790319491203,-0.14731250276277075
1832,8.265210576472867,-0.14725553896052443
1833,8.265626204224747,-0.14719919461114583
1834,8.266037183544588,-0.14714347265510605
1835,8.266443495316006,-0.14708837602205793
1836,8.266845120508826,-0.1470339076307632
1837,8.267242040179415,-0.14698007038902183
1838,8.26763423547101,-0.14692686719359904
1839,8.268021687614063,-0.14687430093015447
1840,8.268404377926544,-0.1468223744731705
1841,8.268782287814298,-0.1467710906858808
1842,8.269155398771357,-0.1467204524201993
1843,8.269523692380261,-0.14667046251664922
1844,8.269887150312389,-0.1466211238042925
1845,8.270245754328275,-0.146572439100659
1846,8.270599486277947,-0.14652441121167542
1847,8.270948328101213,-0.1464770429315959
1848,8.271292261828028,-0.1464303370429307
1849,8.271631269578773,-0.14638429631637706
1850,8.271965333564578,-0.14633892351074942
1851,8.272294436087646,-0.14629422137290904
1852,8.272618559541565,-0.1462501926376951
1853,8.272937686411616,-0.14620684002785467
1854,8.273251799275092,-0.14616416625397427
1855,8.273560880801606,-0.14612217401441
1856,8.273864913753401,-0.14608086599521916
1857,8.274163880985649,-0.14604024487009204
1858,8.274457765446755,-0.14600031330028304
1859,8.274746550178689,-0.14596107393454175
1860,8.275030218317253,-0.14592252940904607
1861,8.275308753092412,-0.14588468234733326
1862,8.275582137828597,-0.14584753536023223
1863,8.275850355944954,-0.14581109104579762
1864,8.276113390955729,-0.14577535198923938
1865,8.276371226470488,-0.14574032076285864
1866,8.276623846194461,-0.14570599992597857
1867,8.276871233928812,-0.14567239202487908
1868,8.277113373570943,-0.14563949959272912
1869,8.277350249114788,-0.14560732514952096
1870,8.277581844651094,-0.14557587120200405
1871,8.27780814436773,-0.145545140243618
1872,8.27802913254995,-0.14551513475442862
1873,8.27824479358071,-0.14548585720106028
1874,8.278455111940925,-0.14545731003663223
1875,8.278660072209771,-0.14542949570069272
1876,8.278859659064986,-0.1454024166191531
1877,8.279053857283106,-0.14537607520422532
1878,8.27924265173978,-0.14535047385435568
1879,8.279426027410045,-0.14532561495416088
1880,8.279603969368603,-0.14530150087436414
1881,8.279776462790114,-0.1452781339717305
1882,8.279943492949425,-0.14525551658900498
1883,8.2801050452219,-0.14523365105484726
1884,8.28026110508366,-0.1452125396837695
1885,8.280411658111863,-0.14519218477607357
1886,8.280556689984996,-0.14517258861778667
1887,8.280696186483103,-0.14515375348060128
1888,8.280830133488095,-0.1451356816218105
1889,8.280958516983985,-0.14511837528424804
1890,8.281081323057185,-0.1451018366962244
1891,8.281198537896742,-0.1450860680714673
1892,8.28131014779463,-0.14507107160905808
1893,8.281416139145973,-0.14505684949337333
1894,8.281516498449351,-0.14504340389402154
1895,8.281611212307038,-0.1450307369657835
1896,8.281700267425244,-0.1450188508485525
1897,8.281783650614408,-0.14500774766727298
1898,8.281861348789432,-0.14499742953188133
1899,8.281933348969941,-0.14498789853724625
1900,8.281999638280524,-0.14497915676310977
1901,8.28206020395101,-0.14497120627402688
1902,8.282115033316705,-0.1449640491193079
1903,8.282164113818643,-0.14495768733295905
1904,8.28220743300383,-0.14495212293362475
1905,8.282244978525501,-0.14494735792452904
1906,8.282276738143363,-0.14494339429341793
1907,8.282302699723823,-0.1449402340125021
1908,8.282322851240261,-0.1449378790383989
1909,8.282337180773261,-0.14493633131207548
1910,8.282345676510843,-0.14493559275879253
1911,8.282348326748696,-0.14493566528804777
1912,8.282345119890444,-0.14493655079351891
1913,8.282336044447868,-0.1449382511530081
1914,8.282321089041123,-0.1449407682283872
1915,8.28230024239901,-0.14494410386554035
1916,8.282273493359178,-0.1449482598943111
1917,8.282240830868373,-0.1449532381284456
1918,8.282202243982656,-0.14495904036553958
1919,8.282157721867659,-0.14496566838698255
1920,8.282107253798765,-0.14497312395790554
1921,8.282050829161387,-0.14498140882712587
1922,8.28198843745117,-0.1449905247270939
1923,8.281920068274209,-0.14500047337384112
1924,8.281845711347271,-0.14501125646692622
1925,8.281765356498036,-0.14502287568938263
1926,8.2816789936653,-0.14503533270766664
1927,8.281586612899199,-0.14504862917160527
1928,8.28148820436144,-0.14506276671434382
1929,8.281383758325482,-0.14507774695229633
1930,8.281273265176809,-0.1450935714850921
1931,8.281156715413085,-0.145110241895527
1932,8.28103409964439,-0.14512775974951234
1933,8.280905408593439,-0.14514612659602447
1934,8.280770633095804,-0.14516534396705416
1935,8.280629764100086,-0.14518541337755875
1936,8.280482792668131,-0.14520633632541252
1937,8.280329709975273,-0.14522811429135624
1938,8.280170507310501,-0.1452507487389501
1939,8.280005176076669,-0.1452742411145254
1940,8.279833707790715,-0.14529859284713528
1941,8.279656094083863,-0.1453238053485075
1942,8.279472326701773,-0.14534988001299945
1943,8.279282397504808,-0.14537681821754744
1944,8.279086298468194,-0.145404621321622
1945,8.278884021682211,-0.14543329066718183
1946,8.278675559352427,-0.14546282757862591
1947,8.27846090379984,-0.14549323336274983
1948,8.278240047461095,-0.14552450930869953
1949,8.278012982888686,-0.1455566566879256
1950,8.277779702751118,-0.14558967675413967
1951,8.277540199833126,-0.14562357074326907
1952,8.277294467035825,-0.14565833987341356
1953,8.277042497376936,-0.1456939853448006
1954,8.276784283990944,-0.14573050833974263
1955,8.276519820129275,-0.1457679100225943
1956,8.276249099160502,-0.1458061915397086
1957,8.275972114570509,-0.1458453540193958
1958,8.275688859962676,-0.1458853985718801
1959,8.275399329058045,-0.14592632628925922
1960,8.275103515695507,-0.14596813824546204
1961,8.274801413831987,-0.14601083549620777
1962,8.27449301754259,-0.1460544190789658
1963,8.274178321020797,-0.1460988900129147
1964,8.273857318578623,-0.1461442492989028
1965,8.27353000464679,-0.14619049791940833
1966,8.273196373774898,-0.14623763683850008
1967,8.272856420631593,-0.1462856670017984
1968,8.272510140004712,-0.14633458933643761
1969,8.272157526801497,-0.14638440475102563
1970,8.271798576048685,-0.14643511413560906
1971,8.27143328289274,-0.14648671836163307
1972,8.27106164259998,-0.1465392182819054
1973,8.270683650556718,-0.14659261473056034
1974,8.270299302269452,-0.14664690852302137
1975,8.269908593365004,-0.14670210045596516
1976,8.269511519590694,-0.14675819130728573
1977,8.269108076814463,-0.14681518183606015
1978,8.268698261025047,-0.1468730727825126
1979,8.268282068332109,-0.14693186486798104
1980,8.267859494966414,-0.1469915587948812
1981,8.267430537279964,-0.1470521552466742
1982,8.26699519174613,-0.1471136548878328
1983,8.266553454959817,-0.14717605836380826
1984,8.2661053236376,-0.14723936630099801
1985,8.265650794617876,-0.14730357930671203
1986,8.265189864860986,-0.14736869796914276
1987,8.264722531449364,-0.14743472285733258
1988,8.264248791587676,-0.14750165452114278
1989,8.263768642602974,-0.14756949349122214
1990,8.263282081944782,-0.14763824027897865
1991,8.262789107185284,-0.14770789537654666
1992,8.262289716019431,-0.14777845925675928
1993,8.261783906265071,-0.14784993237311875
1994,8.261271675863082,-0.14792231515976692
1995,8.260753022877504,-0.14799560803145773
1996,8.260227945495666,-0.1480698113835282
1997,8.259696442028302,-0.1481449255918717
1998,8.259158510909682,-0.1482209510129104
1999,8.258614150697742,-0.1482978879835675
2000,8.258063360074186,-0.14837573682124258
2001,8.25750613784463,-0.1484544978237833
2002,8.256942482938692,-0.14853417126946192
2003,8.256372394410135,-0.1486147574169484
2004,8.255795871436977,-0.14869625650528606
2005,8.255212913321586,-0.14877866875386742
2006,8.254623519490806,-0.14886199436241
2007,8.254027689496079,-0.14894623351093222
2008,8.253425423013528,-0.14903138635973076
2009,8.25281671984411,-0.14911745304935653
2010,8.252201579913667,-0.14920443370059405
2011,8.251580003273057,-0.1492923284144383
2012,8.250951990098283,-0.14938113727207247
2013,8.250317540690551,-0.14947086033484813
2014,8.249676655476383,-0.14956149764426432
2015,8.249029335007748,-0.14965304922194553
2016,8.24837557996213,-0.1497455150696231
2017,8.247715391142606,-0.14983889516911633
2018,8.247048769477999,-0.14993318948231119
2019,8.246375716022909,-0.15002839795114384
2020,8.245696231957863,-0.1501245204975798
2021,8.245010318589353,-0.1502215570235991
2022,8.244317977349954,-0.15031950741117633
2023,8.243619209798403,-0.15041837152226517
2024,8.242914017619691,-0.15051814919878043
2025,8.242202402625145,-0.15061884026258274
2026,8.241484366752507,-0.15072044451546243
2027,8.240759912066004,-0.15082296173912507
2028,8.240029040756456,-0.15092639169517497
2029,8.239291755141338,-0.15103073412510154
2030,8.238548057664858,-0.15113598875026524
2031,8.237797950898027,-0.1512421552718839
2032,8.237041437538744,-0.15134923337101924
2033,8.236278520411847,-0.15145722270856493
2034,8.235509202469217,-0.15156612292523286
2035,8.234733486789818,-0.15167593364154217
2036,8.233951376579762,-0.15178665445780817
2037,8.23316287517241,-0.1518982849541299
2038,8.232367986028398,-0.1520108246903804
2039,8.231566712735713,-0.15212427320619712
2040,8.230759059009769,-0.15223863002097054
2041,8.229945028693434,-0.15235389463383653
2042,8.229124625757127,-0.152470066523666
2043,8.228297854298832,-0.15258714514905813
2044,8.227464718544192,-0.15270512994833085
2045,8.226625222846533,-0.1528240203395143
2046,8.22577937168693,-0.15294381572034293
2047,8.224927169674249,-0.15306451546824992
2048,8.224068621545207,-0.15318611894035974
2049,8.223203732164405,-0.15330862547348298
2050,8.22233250652438,-0.1534320343841113
2051,8.221454949745649,-0.15355634496841172
2052,8.220571067076747,-0.15368155650222293
2053,8.219680863894258,-0.15380766824105158
2054,8.218784345702879,-0.15393467942006733
2055,8.217881518135432,-0.1540625892541011
2056,8.216972386952898,-0.15419139693764228
2057,8.216056958044478,-0.15432110164483556
2058,8.215135237427592,-0.15445170252948018
2059,8.214207231247924,-0.15458319872502876
2060,8.213272945779458,-0.15471558934458504
2061,8.212332387424498,-0.15484887348090481
2062,8.211385562713664,-0.1549830502063962
2063,8.210432478305977,-0.15511811857311864
2064,8.209473140988804,-0.15525407761278606
2065,8.208507557677958,-0.15539092633676574
2066,8.207535735417645,-0.15552866373608257
2067,8.206557681380527,-0.15566728878141967
2068,8.205573402867705,-0.15580680042312256
2069,8.204582907308769,-0.1559471975912009
2070,8.203586202261762,-0.15608847919533372
2071,8.202583295413236,-0.15623064412487225
2072,8.201574194578214,-0.15637369124884595
2073,8.200558907700236,-0.1565176194159664
2074,8.199537442851327,-0.15666242745463357
2075,8.198509808232027,-0.15680811417294166
2076,8.197476012171386,-0.15695467835868493
2077,8.196436063126956,-0.1571021187793655
2078,8.195389969684774,-0.1572504341822008
2079,8.19433774055939,-0.15739962329413051
2080,8.193279384593831,-0.15754968482182607
2081,8.192214910759603,-0.15770061745169836
2082,8.191144328156673,-0.15785241984990817
2083,8.190067646013487,-0.1580050906623739
2084,8.188984873686902,-0.1581586285147846
2085,8.187896020662224,-0.15831303201260793
2086,8.186801096553149,-0.15846829974110305
2087,8.185700111101756,-0.15862443026533182
2088,8.18459307417851,-0.15878142213016957
2089,8.183479995782195,-0.15893927386031984
2090,8.18236088603993,-0.15909798396032507
2091,8.181235755207094,-0.1592575509145825
2092,8.180104613667348,-0.15941797318735562
2093,8.178967471932568,-0.1595792492227904
2094,8.177824340642834,-0.1597413774449289
2095,8.176675230566362,-0.15990435625772612
2096,8.175520152599516,-0.1600681840450638
2097,8.17435911776672,-0.16023285917076838
2098,8.17319213722046,-0.16039837997862663
2099,8.172019222241207,-0.16056474479240365
2100,8.170840384237382,-0.16073195191586043
2101,8.169655634745313,-0.16089999963277163
2102,8.168464985429194,-0.16106888620694432
2103,8.16726844808102,-0.16123860988223726
2104,8.166066034620545,-0.16140916888258003
2105,8.16485775709521,-0.16158056141199414
2106,8.163643627680107,-0.16175278565461204
2107,8.162423658677916,-0.16192583977469927
2108,8.161197862518828,-0.16209972191667543
2109,8.15996625176049,-0.1622744302051368
2110,8.15872883908797,-0.16244996274487686
2111,8.157485637313634,-0.16262631762091168
2112,8.15623665937713,-0.16280349289850118
2113,8.154981918345262,-0.1629814866231752
2114,8.153721427411977,-0.16316029682075503
2115,8.152455199898256,-0.1633399214973802
2116,8.151183249252037,-0.16352035863953301
2117,8.14990558904814,-0.16370160621406465
2118,8.148622232988185,-0.16388366216822103
2119,8.147333194900506,-0.16406652442966965
2120,8.146038488740084,-0.16425019090652623
2121,8.144738128588427,-0.16443465948738317
2122,8.143432128653512,-0.16461992804133704
2123,8.14212050326966,-0.16480599441801755
2124,8.140803266897468,-0.16499285644761652
2125,8.139480434123708,-0.16518051194091668
2126,8.138152019661225,-0.16536895868932266
2127,8.136818038348821,-0.16555819446489142
2128,8.135478505151179,-0.16574821702036235
2129,8.134133435158743,-0.1659390240891894
2130,8.132782843587613,-0.1661306133855725
2131,8.13142674577944,-0.16632298260449047
2132,8.130065157201296,-0.16651612942173366
2133,8.128698093445584,-0.16671005149393706
2134,8.12732557022991,-0.1669047464586142
2135,8.125947603396968,-0.16710021193419144
2136,8.124564208914414,-0.16729644552004277
2137,8.123175402874745,-0.1674934447965249
2138,8.121781201495184,-0.16769120732501294
2139,8.12038162111753,-0.16788973064793686
2140,8.118976678208046,-0.168089012288818
2141,8.117566389357327,-0.16828904975230585
2142,8.11615077128016,-0.1684898405242157
2143,8.114729840815386,-0.16869138207156717
2144,8.113303614925755,-0.16889367184262277
2145,8.111872110697806,-0.16909670726692594
2146,8.110435345341699,-0.1693004857553416
2147,8.10899333619109,-0.1695050047000951
2148,8.107546100702969,-0.16971026147481388
2149,8.106093656457503,-0.1699162534345672
2150,8.104636021157903,-0.1701229779159082
2151,8.103173212630253,-0.17033043223691544
2152,8.101705248823363,-0.17053861369723505
2153,8.100232147808594,-0.17074751957812392
2154,8.098753927779702,-0.17095714714249297
2155,8.097270607052682,-0.17116749363495032
2156,8.095782204065577,-0.17137855628184626
2157,8.094288737378355,-0.17159033229131623
2158,8.092790225672667,-0.1718028188533287
2159,8.091286687751724,-0.1720160131397286
2160,8.089778142540112,-0.17222991230428372
2161,8.0882646090836,-0.17244451348273174
2162,8.086746106548963,-0.17265981379282672
2163,8.085222654223793,-0.1728758103343874
2164,8.083694271516316,-0.17309250018934408
2165,8.082160977955205,-0.17330988042178772
2166,8.08062279318937,-0.17352794807801883
2167,8.079079736987797,-0.17374670018659583
2168,8.077531829239309,-0.17396613375838638
2169,8.075979089952392,-0.17418624578661632
2170,8.074421539254999,-0.17440703324692075
2171,8.07285919739432,-0.17462849309739564
2172,8.071292084736578,-0.17485062227864945
2173,8.069720221766838,-0.17507341771385462
2174,8.068143629088794,-0.17529687630879975
2175,8.066562327424512,-0.17552099495194495
2176,8.064976337614267,-0.1757457705144723
2177,8.063385680616282,-0.17597119985034199
2178,8.061790377506512,-0.17619727979634614
2179,8.060190449478448,-0.1764240071721626
2180,8.058585917842835,-0.17665137878041248
2181,8.056976804027494,-0.1768793914067133
2182,8.055363129577046,-0.17710804181973755
2183,8.053744916152699,-0.1773373267712679
2184,8.052122185532003,-0.17756724299625493
2185,8.050494959608596,-0.1777977872128749
2186,8.048863260391972,-0.17802895612258748
2187,8.047227110007247,-0.17826074641019377
2188,8.045586530694852,-0.17849315474389713
2189,8.043941544810354,-0.1787261777753603
2190,8.042292174824148,-0.17895981213976644
2191,8.040638443321212,-0.17919405445587977
2192,8.038980373000852,-0.17942890132610545
2193,8.037317986676431,-0.17966434933655154
2194,8.035651307275103,-0.1799003950570903
2195,8.033980357837548,-0.18013703504141992
2196,8.03230516151768,-0.18037426582712848
2197,8.030625741582401,-0.18061208393575512
2198,8.028942121411292,-0.18085048587285513
2199,8.027254324496358,-0.18108946812806256
2200,8.025562374441725,-0.1813290271751554
2201,8.023866294963355,-0.18156915947212027
2202,8.022166109888762,-0.18180986146121736
2203,8.02046184315673,-0.18205112956904576
2204,8.018753518816983,-0.18229296020661068
2205,8.017041161029923,-0.18253534976938907
2206,8.0153247940663,-0.18277829463739687
2207,8.013604442306939,-0.18302179117525622
2208,8.011880130242382,-0.18326583573226415
2209,8.010151882472634,-0.18351042464245992
2210,8.008419723706817,-0.18375555422469392
2211,8.006683678762847,-0.1840012207826976
2212,8.004943772567145,-0.18424742060515195
2213,8.00320003015429,-0.18449414996575816
2214,8.001452476666696,-0.18474140512330833
2215,7.9997011373542986,-0.18498918232175543
2216,7.997946037574204,-0.18523747779028563
2217,7.996187202790366,-0.18548628774338963
2218,7.994424658573246,-0.18573560838093436
2219,7.992658430599468,-0.18598543588823685
2220,7.99088854465149,-0.18623576643613543
2221,7.989115026617238,-0.18648659618106475
2222,7.987337902489756,-0.18673792126512925
2223,7.985557198366882,-0.18698973781617662
2224,7.983772940450854,-0.18724204194787364
2225,7.981985155047977,-0.18749482975978066
2226,7.98019386856824,-0.1877480973374276
2227,7.978399107524981,-0.1880018407523888
2228,7.97660089853449,-0.18825605606236095
2229,7.974799268315645,-0.1885107393112387
2230,7.972994243689539,-0.1887658865291927
2231,7.971185851579109,-0.18902149373274643
2232,7.969374119008758,-0.189277556924854
2233,7.967559073103945,-0.18953407209498008
2234,7.965740741090812,-0.1897910352191777
2235,7.963919150295806,-0.19004844226016732
2236,7.962094328145281,-0.1903062891674163
2237,7.960266302165069,-0.1905645718772206
2238,7.958435099980124,-0.19082328631278317
2239,7.956600749314102,-0.19108242838429568
2240,7.9547632779889526,-0.19134199398901963
2241,7.9529227139244965,-0.1916019790113687
2242,7.951079085138033,-0.19186237932298977
2243,7.949232419743908,-0.19212319078284637
2244,7.947382745953101,-0.19238440923730066
2245,7.9455300920728105,-0.19264603052019694
2246,7.94367448650602,-0.19290805045294504
2247,7.941815957751059,-0.1931704648446052
2248,7.939954534401177,-0.19343326949197182
2249,7.938090245144115,-0.19369646017965805
2250,7.93622311876166,-0.19396003268018144
2251,7.934353184129202,-0.19422398275404915
2252,7.932480470215281,-0.19448830614984436
2253,7.930605006081151,-0.19475299860431217
2254,7.928726820880317,-0.19501805584244636
2255,7.926845943858082,-0.19528347357757658
2256,7.924962404351085,-0.19554924751145616
2257,7.923076231786846,-0.19581537333434904
2258,7.921187455683287,-0.19608184672511883
2259,7.919296105648277,-0.19634866335131715
2260,7.917402211379144,-0.1966158188692723
2261,7.9155058026621985,-0.19688330892417943
2262,7.913606909372277,-0.19715112915018887
2263,7.911705561472241,-0.197419275170497
2264,7.909801789012471,-0.1976877425974374
2265,7.907895622130413,-0.1979565270325702
2266,7.905987091050064,-0.19822562406677408
2267,7.904076226081474,-0.1984950292803379
2268,7.902163057620255,-0.1987647382430519
2269,7.9002476161470705,-0.19903474651430056
2270,7.898329932227129,-0.19930504964315476
2271,7.8964100365096765,-0.1995756431684649
2272,7.894487959727472,-0.1998465226189544
2273,7.89256373269629,-0.20011768351331255
2274,7.890637386314371,-0.20038912136028966
2275,7.888708951561923,-0.20066083165879037
2276,7.886778459500562,-0.2009328098979693
2277,7.884845941272821,-0.20120505155732493
2278,7.882911428101578,-0.2014775521067959
2279,7.880974951289549,-0.20175030700685576
2280,7.879036542218705,-0.2020233117086105
2281,7.877096232349766,-0.20229656165389315
2282,7.875154053221634,-0.2025700522753617
2283,7.873210036450833,-0.202843778996596
2284,7.871264213730964,-0.2031177372321946
2285,7.869316616832144,-0.20339192238787265
2286,7.867367277600432,-0.20366632986056057
2287,7.865416227957274,-0.2039409550385013
2288,7.863463499898917,-0.20421579330135023
2289,7.861509125495859,-0.2044908400202727
2290,7.859553136892259,-0.20476609055804415
2291,7.85759556630533,-0.20504154026915059
2292,7.855636446024802,-0.20531718449988656
2293,7.853675808412295,-0.2055930185884571
2294,7.851713685900736,-0.2058690378650779
2295,7.8497501109937735,-0.20614523765207574
2296,7.847785116265187,-0.20642161326398908
2297,7.845818734358235,-0.20669816000767197
2298,7.84385099798511,-0.2069748731823931
2299,7.841881939926286,-0.20725174807993957
2300,7.839911593029927,-0.20752877998471841
2301,7.837939990211261,-0.20780596417385977
2302,7.835967164451954,-0.20808329591731994
2303,7.8339931487994905,-0.20836077047798454
2304,7.8320179763665445,-0.20863838311177188
2305,7.830041680330359,-0.20891612906773685
2306,7.8280642939320915,-0.2091940035881752
2307,7.826085850476184,-0.20947200190872836
2308,7.824106383329729,-0.20975011925848694
2309,7.822125925921797,-0.21002835086009763
2310,7.820144511742817,-0.21030669192986665
2311,7.818162174343909,-0.2105851376778662
2312,7.816178947336218,-0.21086368330804048
2313,7.814194864390279,-0.2111423240183109
2314,7.812209959235318,-0.21142105500068356
2315,7.810224265658619,-0.21169987144135474
2316,7.808237817504827,-0.21197876852081918
2317,7.8062506486752765,-0.21225774141397596
2318,7.804262793127333,-0.21253678529023645
2319,7.80227428487367,-0.21281589531363293
2320,7.800285157981637,-0.2130950666429242
2321,7.798295446572526,-0.21337429443170608
2322,7.796305184820907,-0.21365357382851827
2323,7.794314406953884,-0.21393289997695528
2324,7.792323147250466,-0.2142122680157724
2325,7.790331440040801,-0.21449167307899716
2326,7.788339319705495,-0.214771110296038
2327,7.786346820674903,-0.21505057479179376
2328,7.784353977428418,-0.21533006168676366
2329,7.782360824493724,-0.21560956609715795
2330,7.780367396446097,-0.2158890831350083
2331,7.778373727907691,-0.21616860790827713
2332,7.776379853546774,-0.2164481355209706
2333,7.77438580807702,-0.2167276610732481
2334,7.772391626256776,-0.2170071796615336
2335,7.770397342888304,-0.2172866863786282
2336,7.768402992817038,-0.2175661763138216
2337,7.766408610930858,-0.21784564455300306
2338,7.764414232159332,-0.21812508617877438
2339,7.762419891472942,-0.21840449627056263
2340,7.760425623882338,-0.21868386990473238
2341,7.758431464437598,-0.21896320215469822
2342,7.756437448227432,-0.2192424880910381
2343,7.754443610378416,-0.21952172278160711
2344,7.752449986054245,-0.21980090129164973
2345,7.7504566104549415,-0.22008001868391444
2346,7.748463518816057,-0.22035907001876767
2347,7.746470746407932,-0.2206380503543065
2348,7.744478328534886,-0.22091695474647408
2349,7.742486300534431,-0.22119577824917355
2350,7.740494697776447,-0.22147451591438386
2351,7.738503555662463,-0.22175316279227178
2352,7.736512909624776,-0.22203171393130988
2353,7.734522795125691,-0.22231016437839002
2354,7.732533247656708,-0.22258850917893866
2355,7.730544302737707,-0.22286674337703302
2356,7.728555995916127,-0.22314486201551662
2357,7.7265683627661845,-0.22342286013611373
2358,7.724581438888004,-0.2237007327795476
2359,7.72259525990682,-0.2239784749856552
2360,7.720609861472136,-0.22425608179350448
2361,7.718625279256925,-0.2245335482415092
2362,7.71664154895677,-0.2248108693675469
2363,7.714658706289015,-0.225088040209076
2364,7.712676786991964,-0.2253650558032512
2365,7.710695826823993,-0.2256419111870421
2366,7.708715861562735,-0.22591860139734962
2367,7.706736927004216,-0.22619512147112336
2368,7.704759058961999,-0.22647146644547955
2369,7.702782293266324,-0.22674763135781878
2370,7.700806665763273,-0.2270236112459424
2371,7.698832212313869,-0.22729940114817246
2372,7.696858968793225,-0.22757499610346876
2373,7.694886971089696,-0.22785039115154618
2374,7.692916255103971,-0.22812558133299443
2375,7.690946856748213,-0.22840056168939568
2376,7.688978811945173,-0.2286753272634436
2377,7.6870121566273095,-0.2289498730990615
2378,7.685046926735914,-0.22922419424152113
2379,7.683083158220201,-0.22949828573756173
2380,7.681120887036433,-0.2297721426355089
2381,7.6791601491470205,-0.2300457599853938
2382,7.677200980519611,-0.23031913283907224
2383,7.675243417126196,-0.23059225625034455
2384,7.673287494942215,-0.23086512527507366
2385,7.671333249945644,-0.2311377349713056
2386,7.669380718116075,-0.23141008039938873
2387,7.6674299354337965,-0.231682156622094
2388,7.665480937878904,-0.23195395870473356
2389,7.663533761430365,-0.23222548171528115
2390,7.661588442065083,-0.23249672072449262
2391,7.659645015757002,-0.23276767080602434
2392,7.657703518476151,-0.23303832703655497
2393,7.655763986187734,-0.2333086844959042
2394,7.653826454851168,-0.23357873826715422
2395,7.651890960419172,-0.23384848343676895
2396,7.649957538836816,-0.2341179150947149
2397,7.64802622604058,-0.23438702833458128
2398,7.646097057957415,-0.23465581825370027
2399,7.644170070503779,-0.23492427995326834
2400,7.6422452995847046,-0.23519240853846546
2401,7.64032278109283,-0.2354601991185771
2402,7.638402550907458,-0.2357276468071137
2403,7.636484644893585,-0.23599474672193196
2404,7.6345690989009505,-0.2362614939853551
2405,7.63265594876305,-0.23652788372429476
2406,7.630745230296191,-0.23679391107037048
2407,7.628836979298522,-0.237059571160031
2408,7.626931231549055,-0.23732485913467477
2409,7.625028022806687,-0.23758977014077162
2410,7.623127388809232,-0.23785429932998287
2411,7.621229365272438,-0.23811844185928266
2412,7.6193339878890045,-0.2383821928910785
2413,7.617441292327606,-0.23864554759333254
2414,7.615551314231884,-0.23890850113968268
2415,7.613664089219489,-0.23917104870956282
2416,7.611779652881069,-0.23943318548832432
2417,7.609898040779281,-0.23969490666735682
2418,7.6080192884477995,-0.23995620744420934
2419,7.606143431390305,-0.24021708302271128
2420,7.6042705050795,-0.24047752861309318
2421,7.6024005449561045,-0.2407375394321072
2422,7.600533586427839,-0.2409971107031492
2423,7.598669664868447,-0.24125623765637802
2424,7.5968088156166305,-0.24151491552883858
2425,7.59495107397512,-0.24177313956457988
2426,7.593096475209589,-0.24203090501477856
2427,7.591245054547665,-0.2422882071378584
2428,7.589396847177937,-0.24254504119961048
2429,7.587551888248908,-0.2428014024733152
2430,7.585710212867977,-0.2430572862398622
2431,7.583871856100444,-0.24331268778787088
2432,7.5820368529684385,-0.24356760241381212
2433,7.5802052384499286,-0.24382202542212766
2434,7.5783770474777,-0.24407595212535085
2435,7.576552314938305,-0.24432937784422706
2436,7.574731075671037,-0.24458229790783467
2437,7.572913364466897,-0.2448347076537052
2438,7.571099216067575,-0.24508660242794275
2439,7.569288665164402,-0.24533797758534479
2440,7.567481746397307,-0.2455888284895229
2441,7.5656784943537785,-0.24583915051302244
2442,7.56387894356785,-0.24608893903744147
2443,7.562083128519042,-0.24633818945355168
2444,7.560291083631298,-0.24658689716141893
2445,7.558502843271961,-0.24683505757052177
2446,7.556718441750751,-0.24708266609987095
2447,7.554937913318666,-0.24732971817813032
2448,7.553161292166977,-0.24757620924373505
2449,7.551388612426159,-0.2478221347450117
2450,7.549619908164848,-0.2480674901402971
2451,7.547855213388796,-0.24831227089805738
2452,7.546094562039792,-0.24855647249700796
2453,7.544337987994642,-0.24880009042623147
2454,7.5425855250640845,-0.24904312018529737
2455,7.5408372069917755,-0.24928555728437937
2456,7.539093067453183,-0.24952739724437598
2457,7.537353140054561,-0.24976863559702764
2458,7.535617458331887,-0.25000926788503525
2459,7.5338860557498,-0.2502492896621787
2460,7.532158965700542,-0.25048869649343475
2461,7.530436221502901,-0.250727483955095
2462,7.528717856401134,-0.25096564763488427
2463,7.527003903563942,-0.251203183132077
2464,7.525294396083367,-0.2514400860576163
2465,7.52358936697375,-0.2516763520342302
2466,7.521888849170672,-0.2519119766965498
2467,7.5201928755298795,-0.2521469556912255
2468,7.518501478826234,-0.25238128467704424
2469,7.516814691752634,-0.2526149593250464
2470,7.515132546918957,-0.2528479753186428
2471,7.513455076851005,-0.2530803283537299
2472,7.511782313989432,-0.25331201413880694
2473,7.510114290688666,-0.25354302839509246
2474,7.508451039215859,-0.2537733668566397
2475,7.506792591749818,-0.25400302527045215
2476,7.505138980379955,-0.2542319993965992
2477,7.503490237105192,-0.2544602850083318
2478,7.5018463938329285,-0.2546878778921972
2479,7.5002074823779585,-0.25491477384815453
2480,7.498573534461402,-0.2551409686896891
2481,7.496944581709648,-0.25536645824392756
2482,7.495320655653312,-0.25559123835175124
2483,7.493701787726133,-0.2558153048679113
2484,7.492088009263944,-0.2560386536611426
2485,7.490479351503579,-0.2562612806142773
2486,7.488875845581842,-0.25648318162435824
2487,7.48727752253443,-0.2567043526027525
2488,7.485684413294875,-0.2569247894752645
2489,7.484096548693476,-0.25714448818224894
2490,7.48251395945625,-0.2573634446787235
2491,7.480936676203879,-0.25758165493448104
2492,7.479364729450623,-0.2577991149342022
2493,7.4777981496033,-0.258015820677567
2494,7.476236966960215,-0.25823176817936644
2495,7.474681211710096,-0.25844695346961466
2496,7.473130913931051,-0.25866137259365957
2497,7.471586103589517,-0.25887502161229387
2498,7.470046810539189,-0.25908789660186665
2499,7.468513064519994,-0.2592999936543926
2500,7.466984895157034,-0.25951130887766305
2501,7.465462331959535,-0.2597218383953554
2502,7.46394540431979,-0.25993157834714375
2503,7.462434141512133,-0.26014052488880757
2504,7.4609285726918895,-0.26034867419234053
2505,7.4594287268943305,-0.2605560224460603
2506,7.45793463303363,-0.2607625658547167
2507,7.456446319901838,-0.2609683006395997
2508,7.454963816167822,-0.26117322303864837
2509,7.453487150376263,-0.2613773293065573
2510,7.452016350946577,-0.2615806157148861
2511,7.4505514461719295,-0.26178304484201464
2512,7.449092474626054,-0.26198461183545185
2513,7.4476394747500425,-0.2621853118632848
2514,7.446192484851041,-0.26238514011429626
2515,7.444751543100998,-0.2625840917980792
2516,7.443316687535393,-0.2627821621451529
2517,7.441887956051963,-0.26297934640707726
2518,7.440465386409423,-0.2631756398565679
2519,7.439049016226195,-0.26337103778761006
2520,7.4376388829791615,-0.2635655355155714
2521,7.436235024002411,-0.263759128377314
2522,7.4348374764859395,-0.2639518117313092
2523,7.433446277474423,-0.26414358095774726
2524,7.432061463865953,-0.2643344314586493
2525,7.430683072410778,-0.26452435865797863
2526,7.429311139710057,-0.2647133580017503
2527,7.427945702214618,-0.26490142495814123
2528,7.426586796223695,-0.2650885550175993
2529,7.4252344578837,-0.26527474369295223
2530,7.4238887231869715,-0.2654599865195155
2531,7.422549627970543,-0.26564427905520044
2532,7.4212172079149115,-0.26582761688062057
2533,7.419891498542797,-0.26600999559919875
2534,7.418572535217914,-0.26619141083727327
2535,7.417260353143767,-0.2663718582442024
2536,7.415954987362388,-0.26655133349247095
2537,7.41465647275315,-0.266729832277793
2538,7.413364844031544,-0.26690735031921675
2539,7.41208013574794,-0.2670838833592279
2540,7.410802382286434,-0.2672594271638511
2541,7.409531617863596,-0.26743397752275294
2542,7.408267876527271,-0.26760753024934436
2543,7.407011192155395,-0.2677800811808805
2544,7.405761598454813,-0.26795162617856083
2545,7.404519128960053,-0.26812216112763054
2546,7.403283817032162,-0.2682916819374787
2547,7.402055695857523,-0.26846018454173753
2548,7.400834798446675,-0.2686276648983798
2549,7.399621157633133,-0.26879411898981753
2550,7.398414806072216,-0.2689595428229983
2551,7.397215776239892,-0.2691239324295015
2552,7.396024100431601,-0.26928728386563516
2553,7.394839810761127,-0.26944959321252937
2554,7.393662939159399,-0.2696108565762332
2555,7.392493517373384,-0.26977107008780676
2556,7.391331576964923,-0.26993022990341603
2557,7.390177149309609,-0.2700883322044245
2558,7.389030265595625,-0.2702453731974867
2559,7.387890956822639,-0.270401349114639
2560,7.386759253800677,-0.27055625621339074
2561,7.385635187148983,-0.2707100907768154
2562,7.384518787294936,-0.2708628491136393
2563,7.3834100844729145,-0.27101452755833166
2564,7.382309108723217,-0.2711651224711926
2565,7.381215889890938,-0.271314630238442
2566,7.3801304576248885,-0.27146304727230597
2567,7.379052841376514,-0.271610370011104
2568,7.377983070398805,-0.27175659491933474
2569,7.3769211737452185,-0.27190171848776223
2570,7.375867180268603,-0.27204573723350034
2571,7.3748211186201535,-0.27218864770009665
2572,7.3737830172483285,-0.27233044645761667
2573,7.372752904397817,-0.2724711301027262
2574,7.371730808108474,-0.2726106952587746
2575,7.370716756214292,-0.2727491385758753
2576,7.369710776342352,-0.2728864567309879
2577,7.368712895911812,-0.2730226464279979
2578,7.36772314213288,-0.2731577043977965
2579,7.36674154200578,-0.2732916273983605
2580,7.3657681223197535,-0.2734244122148301
2581,7.364802909652068,-0.2735560556595865
2582,7.363845930367,-0.2736865545723301
2583,7.362897210614855,-0.27381590582015564
2584,7.3619567763309846,-0.27394410629762944
2585,7.361024653234808,-0.27407115292686324
2586,7.360100866828838,-0.2741970426575901
2587,7.359185442397711,-0.27432177246723766
2588,7.358278405007255,-0.27444533936100096
2589,7.357379779503513,-0.2745677403719158
2590,7.3564895905118215,-0.27468897256093
2591,7.355607862435858,-0.2748090330169749
2592,7.354734619456724,-0.2749279188570361
2593,7.35386988553202,-0.27504562722622283
2594,7.35301368439494,-0.2751621552978376
2595,7.352166039553337,-0.2752775002734452
2596,7.351326974288874,-0.27539165938293875
2597,7.350496511656087,-0.27550462988460916
2598,7.349674674481525,-0.2756164090652099
2599,7.348861485362877,-0.2757269942400235
2600,7.348056966668075,-0.2758363827529272
2601,7.34726114053448,-0.27594457197645617
2602,7.3464740288679815,-0.27605155931186853
2603,7.345695653342194,-0.27615734218920723
2604,7.344926035397591,-0.2762619180673635
2605,7.344165196240699,-0.2763652844341376
2606,7.343413156843256,-0.27646743880630065
2607,7.3426699379414195,-0.27656837872965423
2608,7.341935560034952,-0.27666810177909035
2609,7.341210043386418,-0.27676660555865057
2610,7.340493408020419,-0.2768638877015833
2611,7.339785673722801,-0.2769599458704021
2612,7.339086860039869,-0.27705477775694287
2613,7.338396986277654,-0.2771483810824187
2614,7.337716071501144,-0.27724075359747596
2615,7.337044134533549,-0.27733189308224904
2616,7.33638119395555,-0.27742179734641426
2617,7.335727268104586,-0.27751046422924286
2618,7.335082375074126,-0.2775978915996539
2619,7.334446532712965,-0.27768407735626616
2620,7.33381975862453,-0.27776901942744836
2621,7.333202070166177,-0.27785271577137083
2622,7.332593484448508,-0.2779351643760545
2623,7.3319940183347025,-0.2780163632594202
2624,7.331403688439868,-0.278096310469336
2625,7.330822511130359,-0.27817500408366613
2626,7.330250502523141,-0.2782524422103168
2627,7.32968767848516,-0.27832862298728267
2628,7.329134054632717,-0.27840354458269206
2629,7.328589646330826,-0.27847720519485203
2630,7.328054468692646,-0.2785496030522914
2631,7.327528536578841,-0.27862073641380486
2632,7.327011864597023,-0.2786906035684949
2633,7.326504467101155,-0.2787592028358136
2634,7.3260063581909876,-0.2788265325656037
2635,7.325517551711481,-0.27889259113813947
2636,7.325038061252293,-0.27895737696416456
2637,7.324567900147201,-0.27902088848493256
2638,7.324107081473586,-0.27908312417224435
2639,7.323655618051908,-0.27914408252848527
2640,7.323213522445188,-0.27920376208666237
2641,7.32278080695854,-0.27926216141043886
2642,7.322357483638623,-0.2793192790941713
2643,7.321943564273204,-0.2793751137629422
2644,7.321539060390676,-0.2794296640725944
2645,7.321143983259575,-0.27948292870976427
2646,7.320758343888176,-0.27953490639191253
2647,7.320382153023994,-0.27958559586735765
2648,7.320015421153399,-0.2796349959153046
2649,7.319658158501168,-0.27968310534587626
2650,7.319310375030078,-0.2797299230001421
2651,7.318972080440524,-0.27977544775014573
2652,7.318643284170114,-0.2798196784989338
2653,7.318323995393274,-0.279862614180583
2654,7.318014223020919,-0.27990425376022476
2655,7.317713975700061,-0.2799445962340722
2656,7.3174232618134685,-0.2799836406294442
2657,7.317142089479333,-0.28002138600478954
2658,7.31687046655094,-0.28005783144970975
2659,7.31660840061634,-0.2800929760849823
2660,7.316355898998073,-0.28012681906258086
2661,7.316112968752836,-0.280159359565698
2662,7.315879616671214,-0.28019059680876424
2663,7.315655849277408,-0.28022053003746794
2664,7.315441672828977,-0.2802491585287731
2665,7.3152370933165765,-0.28027648159093815
2666,7.315042116463698,-0.2803024985635336
2667,7.3148567477264645,-0.2803272088174574
2668,7.314680992293401,-0.2803506117549504
2669,7.314514855085205,-0.2803727068096132
2670,7.314358340754585,-0.28039349344641734
2671,7.3142114536860365,-0.280412971161721
2672,7.314074197995684,-0.28043113948328086
2673,7.313946577531094,-0.2804479979702639
2674,7.313828595871139,-0.28046354621325853
2675,7.313720256325846,-0.28047778383428484
2676,7.313621561936246,-0.2804907104868045
2677,7.313532515474274,-0.2805023258557295
2678,7.3134531194426335,-0.2805126296574299
2679,7.313383376074712,-0.28052162163974154
2680,7.313323287334472,-0.2805293015819723
2681,7.313272854916398,-0.2805356692949078
2682,7.313232080245382,-0.28054072462081725
2683,7.313200964476712,-0.28054446743345646
2684,7.313179508495997,-0.28054689763807217
2685,7.313167712919124,-0.28054801517140493
2686,7.313165578092254,-0.2805478200016906
2687,7.313173104091794,-0.28054631212866155
2688,7.313190290724394,-0.28054349158354724
2689,7.31321713752696,-0.2805393584290741
2690,7.3132536437666475,-0.2805339127594648
2691,7.313299808440928,-0.2805271547004352
2692,7.313355630277583,-0.2805190844091936
2693,7.3134211077348,-0.2805097020744351
2694,7.313496239001204,-0.28049900791633975
2695,7.313581021995934,-0.28048700218656614
2696,7.313675454368733,-0.28047368516824656
2697,7.313779533500043,-0.28045905717597985
2698,7.313893256501079,-0.28044311855582593
2699,7.314016620214001,-0.2804258696852955
2700,7.314149621211991,-0.2804073109733431
2701,7.314292255799405,-0.2803874428603573
2702,7.314444520011935,-0.28036626581815
2703,7.314606409616757,-0.2803437803499459
2704,7.314777920112683,-0.2803199869903709
2705,7.314959046730367,-0.2802948863054398
2706,7.315149784432485,-0.28026847889254236
2707,7.315350127913948,-0.2802407653804293
2708,7.315560071602099,-0.28021174642919844
2709,7.315779609656934,-0.28018142273027863
2710,7.316008735971354,-0.28014979500641385
2711,7.316247444171403,-0.28011686401164493
2712,7.316495727616513,-0.2800826305312938
2713,7.316753579399782,-0.28004709538194306
2714,7.317020992348238,-0.28001025941141827
2715,7.317297959023155,-0.2799721234987661
2716,7.317584471720318,-0.2799326885542353
2717,7.317880522470329,-0.27989195551925466
2718,7.318186103038974,-0.27984992536640946
2719,7.318501204927487,-0.2798065990994204
2720,7.3188258193729325,-0.27976197775311845
2721,7.319159937348566,-0.2797160623934199
2722,7.319503549564156,-0.27966885411730225
2723,7.31985664646638,-0.2796203540527776
2724,7.320219218239194,-0.27957056335886565
2725,7.3205912548042456,-0.2795194832255661
2726,7.32097274582124,-0.27946711487383125
2727,7.321363680688394,-0.27941345955553526
2728,7.32176404854282,-0.27935851855344596
2729,7.322173838260995,-0.2793022931811931
2730,7.322593038459193,-0.27924478478323683
2731,7.323021637493903,-0.27918599473483785
2732,7.323459623462351,-0.27912592444202144
2733,7.323906984202931,-0.2790645753415464
2734,7.324363707295702,-0.2790019489008693
2735,7.324829780062868,-0.27893804661811095
2736,7.325305189569336,-0.27887287002201766
2737,7.3257899226231515,-0.27880642067192823
2738,7.326283965776068,-0.2787387001577346
2739,7.326787305324084,-0.278669710099844
2740,7.327299927307959,-0.27859945214914095
2741,7.327821817513777,-0.2785279279869475
2742,7.328352961473539,-0.27845513932498156
2743,7.328893344465677,-0.2783810879053188
2744,7.329442951515679,-0.2783057755003487
2745,7.3300017673966735,-0.2782292039127325
2746,7.3305697766300195,-0.27815137497536063
2747,7.331146963485916,-0.2780722905513087
2748,7.3317333119840455,-0.27799195253379216
2749,7.332328805894174,-0.27791036284612153
2750,7.332933428736802,-0.2778275234416565
2751,7.333547163783817,-0.27774343630375836
2752,7.334169994059148,-0.2776581034457431
2753,7.334801902339413,-0.2775715269108333
2754,7.335442871154624,-0.2774837087721085
2755,7.336092882788852,-0.2773946511324556
2756,7.336751919280922,-0.2773043561245192
2757,7.337419962425134,-0.2772128259106491
2758,7.338096993771942,-0.2771200626828498
2759,7.338782994628691,-0.2770260686627272
2760,7.339477946060364,-0.276930846101435
2761,7.340181828890302,-0.27683439727962056
2762,7.340894623700933,-0.27673672450737175
2763,7.341616310834559,-0.2766378301241596
2764,7.3423468703941,-0.2765377164987833
2765,7.343086282243878,-0.2764363860293124
2766,7.3438345260103794,-0.2763338411430303
2767,7.344591581083072,-0.2762300842963749
2768,7.345357426615175,-0.2761251179748806
2769,7.346132041524489,-0.27601894469311733
2770,7.346915404494184,-0.2759115669946315
2771,7.347707493973639,-0.27580298745188436
2772,7.348508288179283,-0.2756932086661893
2773,7.349317765095402,-0.2755822332676509
2774,7.350135902475011,-0.27547006391510054
2775,7.350962677840691,-0.2753567032960333
2776,7.351798068485479,-0.2752421541265423
2777,7.352642051473694,-0.27512641915125496
2778,7.353494603641856,-0.27500950114326556
2779,7.354355701599559,-0.2748914029040689
2780,7.355225321730345,-0.27477212726349387
2781,7.3561034401926255,-0.27465167707963434
2782,7.356990032920592,-0.27453005523878066
2783,7.357885075625113,-0.27440726465535065
2784,7.358788543794664,-0.27428330827181946
2785,7.359700412696273,-0.2741581890586479
2786,7.3606206573764394,-0.2740319100142122
2787,7.36154925266208,-0.27390447416473135
2788,7.362486173161499,-0.27377588456419344
2789,7.363431393265316,-0.27364614429428424
2790,7.364384887147445,-0.2735152564643116
2791,7.365346628766082,-0.27338322421113054
2792,7.366316591864676,-0.2732500506990678
2793,7.367294749972893,-0.2731157391198469
2794,7.36828107640764,-0.27298029269250973
2795,7.369275544274045,-0.2728437146633402
2796,7.370278126466472,-0.27270600830578534
2797,7.371288795669514,-0.27256717692037746
2798,7.372307524359043,-0.27242722383465373
2799,7.373334284803216,-0.27228615240307624
2800,7.3743690490635085,-0.2721439660069518
2801,7.375411788995744,-0.27200066805435025
2802,7.3764624762511595,-0.2718562619800221
2803,7.377521082277424,-0.27171075124531646
2804,7.378587578319721,-0.27156413933809725
2805,7.379661935421801,-0.27141642977265906
2806,7.380744124427042,-0.27126762608964317
2807,7.38183411597952,-0.2711177318559521
2808,7.382931880525117,-0.2709667506646628
2809,7.3840373883125565,-0.2708146861349417
2810,7.385150609394546,-0.27066154191195585
2811,7.386271513628812,-0.2705073216667874
2812,7.387400070679266,-0.27035202909634237
2813,7.388536250017067,-0.2701956679232636
2814,7.389680020921733,-0.2700382418958409
2815,7.390831352482287,-0.26987975478791976
2816,7.3919902135983495,-0.26972021039881144
2817,7.393156572981271,-0.26955961255320127
2818,7.394330399155278,-0.2693979651010558
2819,7.395511660458585,-0.2692352719175313
2820,7.39670032504456,-0.26907153690287916
2821,7.39789636088285,-0.2689067639823531
2822,7.3990997357605455,-0.26874095710611334
2823,7.400310417283322,-0.26857412024913296
2824,7.401528372876624,-0.26840625741110014
2825,7.402753569786792,-0.2682373726163241
2826,7.403985975082256,-0.26806746991363645
2827,7.405225555654714,-0.2678965533762941
2828,7.406472278220276,-0.2677246271018817
2829,7.407726109320692,-0.2675516952122118
2830,7.408987015324487,-0.26737776185322654
2831,7.410254962428187,-0.2672028311948973
2832,7.411529916657491,-0.26702690743112445
2833,7.412811843868483,-0.2668499947796357
2834,7.414100709748816,-0.2666720974818854
2835,7.415396479818925,-0.2664932198029517
2836,7.416699119433234,-0.2663133660314341
2837,7.4180085937813685,-0.2661325404793496
2838,7.419324867889379,-0.26595074748202885
2839,7.420647906620934,-0.2657679913980126
2840,7.421977674678555,-0.265584276608946
2841,7.42331413660485,-0.2653996075194727
2842,7.424657256783732,-0.26521398855712924
2843,7.426006999441654,-0.2650274241722378
2844,7.427363328648834,-0.2648399188377998
2845,7.428726208320505,-0.2646514770493872
2846,7.430095602218142,-0.2644621033250349
2847,7.431471473950718,-0.2642718022051312
2848,7.43285378697594,-0.2640805782523089
2849,7.434242504601498,-0.263888436051335
2850,7.43563758998631,-0.2636953802090008
2851,7.4370390061418,-0.2635014153540096
2852,7.438446715933117,-0.26330654613686694
2853,7.439860682080432,-0.26311077722976667
2854,7.441280867160162,-0.2629141133264797
2855,7.442707233606262,-0.2627165591422401
2856,7.4441397437114665,-0.2625181194136323
2857,7.4455783596285805,-0.2623187988984756
2858,7.447023043371719,-0.26211860237571116
2859,7.448473756817607,-0.26191753464528544
2860,7.449930461706838,-0.261715600528035
2861,7.451393119645152,-0.2615128048655703
2862,7.452861692104702,-0.26130915252015974
2863,7.454336140425352,-0.26110464837461084
2864,7.45581642581593,-0.26089929733215456
2865,7.457302509355546,-0.26069310431632503
2866,7.458794351994839,-0.26048607427084264
2867,7.460291914557286,-0.2602782121594938
2868,7.4617951577404735,-0.26006952296601193
2869,7.4633040421173975,-0.25986001169395684
2870,7.4648185281377195,-0.2596496833665953
2871,7.466338576129107,-0.25943854302677793
2872,7.467864146298481,-0.2592265957368198
2873,7.4693951987333405,-0.2590138465783765
2874,7.470931693403024,-0.25880030065232335
2875,7.472473590160009,-0.2585859630786319
2876,7.474020848741237,-0.2583708389962458
2877,7.475573428769369,-0.258154933562958
2878,7.4771312897541025,-0.2579382519552857
2879,7.478694391093472,-0.25772079936834597
2880,7.480262692075133,-0.2575025810157303
2881,7.481836151877652,-0.25728360212937984
2882,7.483414729571831,-0.25706386795945785
2883,7.4849983841219805,-0.25684338377422455
2884,7.486587074387241,-0.256622154859909
2885,7.488180759122866,-0.2564001865205825
2886,7.489779396981517,-0.25617748407803076
2887,7.491382946514585,-0.2559540528716251
2888,7.492991366173468,-0.2557298982581943
2889,7.494604614310876,-0.2555050256118955
2890,7.496222649182135,-0.2552794403240843
2891,7.4978454289464915,-0.2550531478031852
2892,7.499472911668385,-0.2548261534745616
2893,7.501105055318797,-0.2545984627803838
2894,7.502741817776491,-0.25437008117949933
2895,7.504383156829349,-0.254141014147301
2896,7.506029030175673,-0.253911267175594
2897,7.507679395425451,-0.2536808457724649
2898,7.5093342101016844,-0.25344975546214826
2899,7.510993431641664,-0.25321800178489395
2900,7.512657017398268,-0.25298559029683365
2901,7.514324924641295,-0.2527525265698454
2902,7.515997110558697,-0.25251881619142225
2903,7.517673532257915,-0.25228446476453514
2904,7.519354146767164,-0.2520494779074992
2905,7.521038911036713,-0.2518138612538383
2906,7.522727781940194,-0.25157762045214876
2907,7.52442071627588,-0.2513407611659639
2908,7.526117670767977,-0.251103289073617
2909,7.527818602067922,-0.25086520986810507
2910,7.5295234667556565,-0.25062652925695117
2911,7.531232221340904,-0.2503872529620682
2912,7.53294482226448,-0.25014738671961917
2913,7.53466122589958,-0.24990693627987984
2914,7.53638138855301,-0.24966590740710154
2915,7.538105266466521,-0.24942430587937015
2916,7.539832815818073,-0.24918213748846801
2917,7.5415639927231,-0.24893940803973483
2918,7.543298753235803,-0.24869612335192692
2919,7.545037053350407,-0.2484522892570778
2920,7.5467788490024486,-0.24820791160035754
2921,7.548524096070052,-0.24796299623993154
2922,7.55027275037517,-0.24771754904682025
2923,7.552024767684876,-0.24747157590475763
2924,7.553780103712646,-0.24722508271004826
2925,7.55553871411957,-0.24697807537142735
2926,7.557300554515679,-0.24673055980991648
2927,7.559065580461151,-0.24648254195868266
2928,7.560833747467601,-0.2462340277628944
2929,7.562605010999324,-0.24598502317957918
2930,7.564379326474555,-0.24573553417747954
2931,7.5661566492667225,-0.24548556673690974
2932,7.567936934705692,-0.24523512684961168
2933,7.569720138079018,-0.24498422051861063
2934,7.571506214633189,-0.2447328537580708
2935,7.573295119574878,-0.24448103259315013
2936,7.575086808072166,-0.24422876305985597
2937,7.576881235255804,-0.24397605120489915
2938,7.578678356220438,-0.24372290308554842
2939,7.580478126025834,-0.2434693247694854
2940,7.582280499698121,-0.2432153223346578
2941,7.584085432231023,-0.24296090186913316
2942,7.585892878587081,-0.24270606947095258
2943,7.587702793698865,-0.2424508312479841
2944,7.589515132470223,-0.24219519331777506
2945,7.591329849777466,-0.2419391618074058
2946,7.593146900470614,-0.24168274285334126
2947,7.594966239374597,-0.24142594260128386
2948,7.596787821290464,-0.2411687672060254
2949,7.598611600996587,-0.2409112228312993
2950,7.600437533249881,-0.24065331564963177
2951,7.602265572786993,-0.24039505184219362
2952,7.604095674325509,-0.24013643759865116
2953,7.605927792565136,-0.23987747911701846
2954,7.60776188218892,-0.23961818260350637
2955,7.609597897864425,-0.2393585542723743
2956,7.611435794244899,-0.23909860034578131
2957,7.613275525970505,-0.23883832705363478
2958,7.615117047669459,-0.23857774063344214
2959,7.616960313959227,-0.23831684733016004
2960,7.618805279447708,-0.2380556533960439
2961,7.62065189873439,-0.23779416509049817
2962,7.622500126411527,-0.2375323886799254
2963,7.624349917065305,-0.23727033043757573
2964,7.626201225277009,-0.23700799664339556
2965,7.628054005624172,-0.23674539358387692
2966,7.629908212681735,-0.23648252755190652
2967,7.631763801023207,-0.23621940484661372
2968,7.633620725221801,-0.23595603177321972
2969,7.635478939851602,-0.23569241464288526
2970,7.637338399488686,-0.2354285597725595
2971,7.639199058712266,-0.23516447348482797
2972,7.64106087210584,-0.23490016210776038
2973,7.642923794258306,-0.2346356319747586
2974,7.6447877797651085,-0.23437088942440432
2975,7.646652783229349,-0.23410594080030678
2976,7.648518759262918,-0.23384079245095007
2977,7.650385662487615,-0.23357545072954058
2978,7.652253447536251,-0.23330992199385456
2979,7.654122069053768,-0.23304421260608518
2980,7.655991481698349,-0.23277832893268924
2981,7.657861640142524,-0.23251227734423446
2982,7.659732499074264,-0.23224606421524632
2983,7.661604013198073,-0.23197969592405526
2984,7.663476137236092,-0.2317131788526429
2985,7.665348825929186,-0.23144651938648858
2986,7.667222034038043,-0.2311797239144159
2987,7.669095716344231,-0.23091279882843965
2988,7.670969827651284,-0.23064575052361225
2989,7.672844322785789,-0.23037858539786948
2990,7.674719156598435,-0.2301113098518779
2991,7.676594283965116,-0.22984393028887912
2992,7.678469659787952,-0.22957645311453825
2993,7.680345238996379,-0.22930888473678823
2994,7.682220976548184,-0.22904123156567738
2995,7.684096827430591,-0.22877350001321348
2996,7.685972746661262,-0.22850569649321192
2997,7.687848689289366,-0.2282378274211407
2998,7.689724610396636,-0.22796989921396543
2999,7.691600465098369,-0.22770191828999695
