turn,time_sigma_ns,Q1
0,24.37128199588594,-0.003482262407413848
1,24.37128139907605,-0.0034822765131531674
2,24.371280876877435,-0.0034822876520224943
3,24.37128042928981,-0.003482295824054286
4,24.371280056312877,-0.003482301029281606
5,24.371279757946322,-0.00348230326773829
6,24.371279534189796,-0.0034823025394588158
7,24.371279385042953,-0.0034822988444780777
8,24.37127931050542,-0.0034822921828317937
9,24.371279310576814,-0.0034822825545563056
10,24.371279385256717,-0.003482269959688697
11,24.371279534544726,-0.003482254398266261
12,24.37127975844039,-0.003482235870327228
13,24.37128005694326,-0.0034822143759105913
14,24.37128043005286,-0.003482189915055866
15,24.371280877768704,-0.003482162487802786
16,24.371281400090293,-0.0034821320941922215
17,24.371281997017096,-0.0034820987342656126
18,24.371282668548584,-0.0034820624080646395
19,24.37128341468419,-0.0034820231156323296
20,24.37128423542334,-0.00348198085701169
21,24.371285130765457,-0.0034819356322465097
22,24.371286100709927,-0.0034818874413813845
23,24.37128714525612,-0.0034818362844614855
24,24.37128826440341,-0.003481782161532334
25,24.371289458151132,-0.003481725072640515
26,24.37129072649861,-0.0034816650178330954
27,24.37129206944516,-0.003481601997157567
28,24.371293486990066,-0.0034815360106622392
29,24.371294979132607,-0.0034814670583960057
30,24.371296545872045,-0.0034813951404083646
31,24.37129818720762,-0.0034813202567495287
32,24.371299903138564,-0.0034812424074701334
33,24.371301693664076,-0.0034811615926216943
34,24.371303558783342,-0.0034810778122564153
35,24.371305498495555,-0.003480991066426734
36,24.37130751279986,-0.003480901355185935
37,24.371309601695398,-0.0034808086785881715
38,24.371311765181293,-0.003480713036687915
39,24.371314003256657,-0.003480614429540224
40,24.371316315920577,-0.0034805128572010886
41,24.37131870317213,-0.003480408319726778
42,24.37132116501036,-0.003480300817174668
43,24.371323701434328,-0.0034801903496020758
44,24.37132631244304,-0.0034800769170676106
45,24.371328998035512,-0.003479960519630031
46,24.371331758210726,-0.0034798411573491164
47,24.37133459296766,-0.0034797188302849212
48,24.37133750230527,-0.0034795935384983865
49,24.37134048622249,-0.0034794652820510238
50,24.37134354471824,-0.0034793340610049027
51,24.37134667779143,-0.0034791998754227635
52,24.37134988544096,-0.003479062725367779
53,24.371353167665692,-0.0034789226109039452
54,24.371356524464463,-0.003478779532096353
55,24.37135995583613,-0.0034786334890098388
56,24.371363461779517,-0.003478484481710218
57,24.371367042293425,-0.0034783325102641315
58,24.37137069737663,-0.0034781775747388137
59,24.371374427027916,-0.0034780196752018304
60,24.37137823124603,-0.0034778588117217553
61,24.37138211002971,-0.003477694984367366
62,24.371386063377678,-0.0034775281932084654
63,24.37139009128863,-0.003477358438315378
64,24.37139419376126,-0.003477185719758844
65,24.37139837079424,-0.003477010037610472
66,24.37140262238622,-0.003476831391942382
67,24.37140694853583,-0.0034766497828273685
68,24.371411349241694,-0.003476465210338806
69,24.371415824502414,-0.0034762776745508495
70,24.371420374316585,-0.003476087175537896
71,24.371424998682762,-0.0034758937133754883
72,24.3714296975995,-0.0034756972881394774
73,24.371434471065335,-0.003475497899906372
74,24.371439319078792,-0.00347529554875335
75,24.371444241638358,-0.0034750902347582277
76,24.371449238742535,-0.0034748819579993855
77,24.371454310389787,-0.0034746707185558875
78,24.371459456578553,-0.0034744565165074647
79,24.371464677307273,-0.0034742393519344105
80,24.371469972574364,-0.003474019224917677
81,24.371475342378222,-0.003473796135538985
82,24.371480786717253,-0.0034735700838800085
83,24.371486305589805,-0.0034733410700240044
84,24.371491898994226,-0.003473109094054303
85,24.371497566928863,-0.0034728741560549254
86,24.37150330939201,-0.0034726362561107458
87,24.371509126381998,-0.0034723953943067206
88,24.371515017897085,-0.003472151570729177
89,24.371520983935554,-0.00347190478546433
90,24.37152702449564,-0.003471655038599755
91,24.37153313957558,-0.0034714023302230943
92,24.371539329173597,-0.0034711466604227816
93,24.371545593287877,-0.0034708880292879988
94,24.37155193191661,-0.0034706264369083585
95,24.37155834505797,-0.0034703618833741273
96,24.371564832710096,-0.003470094368776334
97,24.371571394871115,-0.003469823893206693
98,24.371578031539148,-0.003469550456757248
99,24.371584742712304,-0.003469274059520726
100,24.371591528388645,-0.003468994701590941
101,24.37159838856624,-0.0034687123830618263
102,24.371605323243145,-0.003468427104027998
103,24.37161233241739,-0.0034681388645848785
104,24.37161941608698,-0.0034678476648284415
105,24.371626574249923,-0.0034675535048552283
106,24.371633806904185,-0.0034672563847625874
107,24.37164111404775,-0.003466956304648194
108,24.371648495678553,-0.0034666532646106113
109,24.371655951794526,-0.003466347264748871
110,24.371663482393586,-0.0034660383051627534
111,24.371671087473622,-0.0034657263859526493
112,24.371678767032524,-0.0034654115072193918
113,24.37168652106814,-0.0034650936690647782
114,24.371694349578334,-0.003464772871590779
115,24.371702252560926,-0.0034644491149003784
116,24.371710230013736,-0.0034641223990969443
117,24.371718281934555,-0.003463792724284697
118,24.371726408321155,-0.0034634600905684315
119,24.371734609171313,-0.0034631244980532594
120,24.37174288448277,-0.003462785946845274
121,24.371751234253253,-0.003462444437051049
122,24.371759658480467,-0.0034620999687778762
123,24.37176815716212,-0.00346175254213355
124,24.37177673029589,-0.0034614021572264364
125,24.371785377879423,-0.0034610488141658905
126,24.371794099910392,-0.0034606925130612723
127,24.3718028963864,-0.003460333254023273
128,24.371811767305065,-0.0034599710371626914
129,24.371820712663983,-0.003459605862591268
130,24.371829732460736,-0.0034592377304209975
131,24.371838826692887,-0.0034588666407647573
132,24.371847995357978,-0.0034584925937360287
133,24.371857238453533,-0.0034581155894490173
134,24.371866555977057,-0.0034577356280184953
135,24.371875947926057,-0.0034573527095596505
136,24.371885414298006,-0.003456966834188421
137,24.37189495509037,-0.003456578002021426
138,24.371904570300583,-0.0034561862131759213
139,24.371914259926076,-0.003455791467769828
140,24.371924023964265,-0.0034553937659213304
141,24.37193386241254,-0.0034549931077497062
142,24.37194377526827,-0.003454589493374734
143,24.37195376252883,-0.0034541829229165558
144,24.37196382419155,-0.0034537733964961873
145,24.37197396025377,-0.003453360914235254
146,24.371984170712786,-0.0034529454762559624
147,24.3719944555659,-0.0034525270826810998
148,24.37200481481039,-0.0034521057336340854
149,24.37201524844351,-0.0034516814292389645
150,24.3720257564625,-0.0034512541696206703
151,24.372036338864596,-0.0034508239549042026
152,24.372046995647,-0.0034503907852156887
153,24.3720577268069,-0.0034499546606817683
154,24.372068532341487,-0.0034495155814294634
155,24.372079412247913,-0.003449073547586562
156,24.372090366523313,-0.0034486285592816314
157,24.372101395164833,-0.0034481806166435495
158,24.372112498169567,-0.0034477297198021004
159,24.37212367553461,-0.00344727586888745
160,24.372134927257044,-0.003446819064030643
161,24.372146253333916,-0.003446359305363255
162,24.372157653762265,-0.0034458965930175877
163,24.37216912853913,-0.003445430927126246
164,24.372180677661515,-0.0034449623078226096
165,24.372192301126418,-0.0034444907352407
166,24.372203998930804,-0.00344401620951533
167,24.372215771071634,-0.00344353873078167
168,24.372227617545857,-0.0034430582991756067
169,24.37223953835039,-0.003442574914833668
170,24.372251533482146,-0.003442088577893081
171,24.37226360293801,-0.0034415992884915675
172,24.372275746714863,-0.003441107046767482
173,24.372287964809562,-0.003440611852859951
174,24.372300257218953,-0.0034401137069084314
175,24.372312623939848,-0.0034396126090533727
176,24.372325064969065,-0.0034391085594355367
177,24.3723375803034,-0.003438601558196271
178,24.37235016993962,-0.003438091605477962
179,24.37236283387448,-0.0034375787014233
180,24.372375572104733,-0.003437062846175513
181,24.372388384627094,-0.0034365440398786418
182,24.37240127143827,-0.0034360222826774413
183,24.372414232534954,-0.00343549757471692
184,24.372427267913817,-0.003434969916143164
185,24.37244037757153,-0.0034344393071024377
186,24.372453561504717,-0.0034339057477419913
187,24.372466819710013,-0.0034333692382093866
188,24.37248015218402,-0.0034328297786530015
189,24.372493558923345,-0.003432287369221678
190,24.37250703992454,-0.003431742010065276
191,24.372520595184167,-0.0034311937013337727
192,24.372534224698775,-0.0034306424431781194
193,24.372547928464883,-0.0034300882357496823
194,24.372561706478997,-0.0034295310792004843
195,24.37257555873762,-0.0034289709736832217
196,24.37258948523721,-0.0034284079193512384
197,24.372603485974224,-0.003427841916358532
198,24.372617560945116,-0.0034272729648594266
199,24.3726317101463,-0.003426701065009278
200,24.372645933574187,-0.0034261262169637957
201,24.37266023122517,-0.0034255484208792764
202,24.37267460309562,-0.003424967676912818
203,24.37268904918189,-0.003424383985222137
204,24.372703569480333,-0.003423797345965379
205,24.37271816398726,-0.0034232077593014934
206,24.372732832698983,-0.0034226152253899527
207,24.372747575611793,-0.003422019744390891
208,24.37276239272196,-0.003421421316465161
209,24.372777284025744,-0.00342081994177394
210,24.37279224951938,-0.003420215620479325
211,24.372807289199113,-0.0034196083527437836
212,24.372822403061125,-0.00341899813873063
213,24.372837591101625,-0.0034183849786035983
214,24.372852853316772,-0.003417768872527394
215,24.372868189702732,-0.0034171498206667637
216,24.37288360025564,-0.0034165278231876725
217,24.372899084971625,-0.0034159028802563354
218,24.372914643846794,-0.003415274992039629
219,24.37293027687723,-0.0034146441587052274
220,24.37294598405901,-0.0034140103804212673
221,24.372961765388197,-0.003413373657356506
222,24.372977620860826,-0.0034127339896803384
223,24.37299355047293,-0.0034120913775627314
224,24.3730095542205,-0.00341144582117455
225,24.373025632099537,-0.003410797320686872
226,24.373041784106018,-0.003410145876271564
227,24.373058010235898,-0.0034094914881011478
228,24.373074310485112,-0.003408834156348884
229,24.37309068484959,-0.0034081738811883935
230,24.373107133325234,-0.0034075106627941025
231,24.373123655907943,-0.0034068445013408833
232,24.373140252593583,-0.0034061753970043335
233,24.37315692337801,-0.003405503349960803
234,24.373173668257067,-0.0034048283603870756
235,24.373190487226587,-0.003404150428460495
236,24.373207380282366,-0.003403469554359276
237,24.3732243474202,-0.003402785738261938
238,24.37324138863586,-0.0034020989803479184
239,24.373258503925115,-0.0034014092807970707
240,24.373275693283684,-0.0034007166397900562
241,24.37329295670731,-0.0034000210575079173
242,24.373310294191693,-0.003399322534132329
243,24.37332770573253,-0.0033986210698457933
244,24.37334519132549,-0.0033979166648313523
245,24.373362750966237,-0.0033972093192724847
246,24.373380384650403,-0.0033964990333536426
247,24.37339809237361,-0.0033957858072596464
248,24.37341587413148,-0.003395069641175812
249,24.373433729919594,-0.003394350535288433
250,24.373451659733536,-0.0033936284897838876
251,24.373469663568862,-0.003392903504849724
252,24.37348774142111,-0.0033921755806739407
253,24.373505893285795,-0.003391444717445089
254,24.373524119158446,-0.0033907109153521004
255,24.37354241903454,-0.003389974174585126
256,24.373560792909554,-0.0033892344953343817
257,24.373579240778948,-0.0033884918777909306
258,24.373597762638166,-0.0033877463221464355
259,24.373616358482632,-0.0033869978285930957
260,24.37363502830775,-0.003386246397323919
261,24.373653772108916,-0.003385492028532224
262,24.373672589881505,-0.0033847347224122914
263,24.373691481620874,-0.003383974479158825
264,24.37371044732237,-0.0033832112989669043
265,24.373729486981315,-0.003382445182032777
266,24.37374860059302,-0.003381676128552901
267,24.373767788152776,-0.003380904138724438
268,24.373787049655864,-0.003380129212745281
269,24.37380638509753,-0.0033793513508138103
270,24.373825794473035,-0.003378570553128935
271,24.373845277777594,-0.0033777868198904344
272,24.373864835006415,-0.003377000151298606
273,24.3738844661547,-0.0033762105475542478
274,24.373904171217614,-0.0033754180088588904
275,24.373923950190324,-0.003374622535414715
276,24.37394380306797,-0.003373824127424277
277,24.37396372984568,-0.003373022785091081
278,24.37398373051856,-0.0033722185086190607
279,24.374003805081717,-0.0033714112982126915
280,24.37402395353021,-0.0033706011540772965
281,24.374044175859108,-0.0033697880764186595
282,24.374064472063463,-0.003368972065442974
283,24.374084842138284,-0.003368153121357538
284,24.3741052860786,-0.003367331244369744
285,24.37412580387939,-0.0033665064346881275
286,24.37414639553565,-0.003365678692521287
287,24.37416706104233,-0.0033648480180788736
288,24.374187800394363,-0.0033640144115710514
289,24.374208613586685,-0.0033631778732085664
290,24.37422950061422,-0.003362338403202447
291,24.374250461471846,-0.003361496001764895
292,24.374271496154453,-0.003360650669108481
293,24.374292604656887,-0.0033598024054463153
294,24.374313786974003,-0.003358951210992314
295,24.374335043100636,-0.0033580970859605854
296,24.374356373031592,-0.0033572400305663776
297,24.37437777676166,-0.003356380045025255
298,24.374399254285624,-0.003355517129553553
299,24.374420805598252,-0.0033546512843678706
300,24.374442430694284,-0.0033537825096858938
301,24.37446412956845,-0.0033529108057256123
302,24.37448590221547,-0.003352036172705707
303,24.374507748630034,-0.0033511586108455516
304,24.37452966880682,-0.00335027812036502
305,24.37455166274049,-0.003349394701484701
306,24.374573730425702,-0.0033485083544255957
307,24.374595871857068,-0.0033476190794097006
308,24.37461808702922,-0.0033467268766592083
309,24.37464037593674,-0.00334583174639721
310,24.374662738574216,-0.003344933688847226
311,24.37468517493621,-0.003344032704233541
312,24.374707685017274,-0.0033431287927808795
313,24.37473026881193,-0.003342221954714781
314,24.374752926314702,-0.0033413121902612446
315,24.374775657520082,-0.0033403994996469705
316,24.374798462422554,-0.003339483883099182
317,24.374821341016585,-0.0033385653408457387
318,24.37484429329661,-0.003337643873115357
319,24.374867319257074,-0.003336719480136933
320,24.374890418892406,-0.0033357921621399817
321,24.37491359219697,-0.0033348619193553047
322,24.374936839165173,-0.003333928752013614
323,24.37496015979138,-0.0033329926603463847
324,24.37498355406993,-0.0033320536445859573
325,24.375007021995167,-0.0033311117049650116
326,24.375030563561396,-0.0033301668417170193
327,24.375054178762923,-0.0033292190550758593
328,24.375077867594044,-0.0033282683452761186
329,24.375101630049006,-0.0033273147125531806
330,24.375125466122064,-0.003326358157142912
331,24.37514937580745,-0.0033253986792816975
332,24.375173359099392,-0.003324436279206478
333,24.375197415992083,-0.0033234709571550503
334,24.375221546479715,-0.0033225027133655816
335,24.37524575055644,-0.0033215315480771513
336,24.375270028216434,-0.0033205574615289934
337,24.37529437945381,-0.00331958045396157
338,24.3753188042627,-0.0033186005256152767
339,24.3753433026372,-0.0033176176767315576
340,24.375367874571392,-0.0033166319075525023
341,24.37539252005936,-0.003315643218320377
342,24.37541723909514,-0.0033146516092786883
343,24.375442031672772,-0.003313657080671074
344,24.375466897786286,-0.003312659632741725
345,24.37549183742968,-0.003311659265735749
346,24.37551685059694,-0.0033106559798988158
347,24.375541937282033,-0.003309649775477218
348,24.375567097478914,-0.0033086406527176805
349,24.37559233118153,-0.0033076286118674993
350,24.37561763838379,-0.0033066136531749862
351,24.375643019079607,-0.0033055957768886044
352,24.375668473262863,-0.003304574983257657
353,24.375694000927428,-0.0033035512725321154
354,24.375719602067168,-0.0033025246449623646
355,24.37574527667591,-0.003301495100799498
356,24.375771024747493,-0.0033004626402951365
357,24.3757968462757,-0.0032994272637017993
358,24.375822741254343,-0.0032983889712722403
359,24.37584870967717,-0.00329734776326016
360,24.375874751537967,-0.0032963036399194416
361,24.375900866830456,-0.0032952566015048953
362,24.375927055548363,-0.003294206648272003
363,24.3759533176854,-0.0032931537804766044
364,24.375979653235255,-0.003292097998375425
365,24.376006062191596,-0.003291039302225552
366,24.3760325445481,-0.0032899776922845846
367,24.376059100298388,-0.003288913168811267
368,24.376085729436088,-0.0032878457320644244
369,24.37611243195482,-0.003286775382303718
370,24.37613920784817,-0.00328570211978935
371,24.376166057109717,-0.003284625944782037
372,24.37619297973302,-0.003283546857543341
373,24.376219975711614,-0.0032824648583352828
374,24.376247045039037,-0.0032813799474204815
375,24.376274187708802,-0.0032802921250621956
376,24.37630140371439,-0.0032792013915242846
377,24.376328693049285,-0.003278107747071288
378,24.376356055706946,-0.003277011191968248
379,24.376383491680826,-0.0032759117264808558
380,24.37641100096435,-0.0032748093508752915
381,24.376438583550925,-0.0032737040654186073
382,24.37646623943395,-0.0032725958703783
383,24.376493968606802,-0.0032714847660224662
384,24.376521771062844,-0.0032703707526198344
385,24.376549646795425,-0.0032692538304396833
386,24.37657759579788,-0.003268133999751916
387,24.37660561806351,-0.0032670112608273075
388,24.37663371358563,-0.003265885613936632
389,24.376661882357507,-0.0032647570593519705
390,24.376690124372402,-0.0032636255973456157
391,24.37671843962358,-0.0032624912281903292
392,24.37674682810426,-0.0032613539521599852
393,24.376775289807664,-0.0032602137695285434
394,24.37680382472698,-0.0032590706805710012
395,24.3768324328554,-0.003257924685562618
396,24.37686111418609,-0.0032567757847793842
397,24.376889868712208,-0.003255623978497909
398,24.376918696426877,-0.003254469266995391
399,24.376947597323213,-0.0032533116505496806
400,24.376976571394323,-0.0032521511294391586
401,24.377005618633287,-0.0032509877039429646
402,24.377034739033174,-0.003249821374340733
403,24.377063932587035,-0.003248652140912585
404,24.37709319928791,-0.0032474800039394677
405,24.37712253912882,-0.0032463049637026942
406,24.377151952102764,-0.0032451270204842827
407,24.377181438202737,-0.003243946174566979
408,24.377210997421695,-0.0032427624262341324
409,24.377240629752592,-0.0032415757757696803
410,24.377270335188378,-0.0032403862234578725
411,24.377300113721965,-0.0032391937695838663
412,24.37732996534626,-0.0032379984144334188
413,24.377359890054148,-0.0032368001582927654
414,24.377389887838515,-0.003235599001448751
415,24.3774199586922,-0.003234394944188913
416,24.377450102608055,-0.0032331879868014125
417,24.377480319578897,-0.0032319781295748503
418,24.377510609597543,-0.00323076537279839
419,24.377540972656767,-0.0032295497167622693
420,24.37757140874936,-0.0032283311617567747
421,24.377601917868063,-0.003227109708073254
422,24.377632500005625,-0.003225885356003279
423,24.377663155154774,-0.003224658105839137
424,24.37769388330823,-0.0032234279578736897
425,24.37772468445867,-0.003222194912400588
426,24.377755558598768,-0.0032209589697140906
427,24.377786505721193,-0.003219720130108736
428,24.377817525818596,-0.003218478393879863
429,24.377848618883586,-0.003217233761323613
430,24.37787978490879,-0.0032159862327363485
431,24.377911023886796,-0.0032147358084152755
432,24.37794233581018,-0.0032134824886583145
433,24.37797372067151,-0.0032122262737635625
434,24.378005178463336,-0.0032109671640300403
435,24.37803670917818,-0.0032097051597574306
436,24.37806831280855,-0.0032084402612458647
437,24.378099989346964,-0.003207172468796015
438,24.378131738785882,-0.0032059017827094105
439,24.37816356111778,-0.003204628203287906
440,24.378195456335106,-0.003203351730834072
441,24.37822742443029,-0.003202072365651084
442,24.37825946539575,-0.003200790108042686
443,24.378291579223884,-0.0031995049583134027
444,24.378323765907076,-0.003198216916768113
445,24.3783560254377,-0.0031969259837123384
446,24.3783883578081,-0.0031956321594523553
447,24.378420763010602,-0.003194335444295015
448,24.378453241037533,-0.003193035838547683
449,24.3784857918812,-0.0031917333425182455
450,24.378518415533886,-0.003190427956515362
451,24.378551111987857,-0.003189119680848244
452,24.378583881235365,-0.003187808515826672
453,24.378616723268653,-0.0031864944617610675
454,24.378649638079942,-0.003185177518962375
455,24.378682625661444,-0.003183857687742028
456,24.378715686005332,-0.0031825349684123884
457,24.378748819103794,-0.0031812093612862556
458,24.37878202494897,-0.003179880866677106
459,24.378815303533003,-0.0031785494848988777
460,24.378848654848017,-0.0031772152162662616
461,24.378882078886136,-0.003175878061094194
462,24.37891557563944,-0.003174538019698543
463,24.37894914509999,-0.0031731950923959544
464,24.378982787259876,-0.003171849279503124
465,24.379016502111106,-0.0031705005813379202
466,24.379050289645726,-0.003169148998218345
467,24.379084149855746,-0.003167794530463319
468,24.37911808273316,-0.0031664371783920366
469,24.37915208826995,-0.0031650769423245033
470,24.379186166458062,-0.0031637138225815917
471,24.379220317289448,-0.003162347819484419
472,24.379254540756044,-0.003160978933354653
473,24.379288836849756,-0.0031596071645148024
474,24.379323205562486,-0.0031582325132877374
475,24.3793576468861,-0.003156854979997328
476,24.379392160812476,-0.003155474564967459
477,24.379426747333465,-0.0031540912685229915
478,24.379461406440893,-0.0031527050909893627
479,24.379496138126573,-0.0031513160326926085
480,24.37953094238231,-0.0031499240939592754
481,24.37956581919989,-0.0031485292751164684
482,24.379600768571063,-0.003147131576492172
483,24.379635790487605,-0.0031457309984144603
484,24.37967088494123,-0.003144327541212587
485,24.379706051923673,-0.0031429212052159995
486,24.37974129142663,-0.0031415119907549117
487,24.37977660344179,-0.00314009989816004
488,24.379811987960814,-0.003138684927762896
489,24.379847444975365,-0.0031372670798952393
490,24.37988297447708,-0.003135846354889782
491,24.379918576457577,-0.003134422753079755
492,24.379954250908476,-0.0031329962747986516
493,24.379989997821347,-0.0031315669203810167
494,24.38002581718778,-0.003130134690161659
495,24.380061708999325,-0.003128699584476331
496,24.38009767324751,-0.003127261603661266
497,24.380133709923868,-0.0031258207480531317
498,24.380169819019926,-0.0031243770179889894
499,24.380206000527156,-0.0031229304138070866
500,24.380242254437047,-0.0031214809358457857
501,24.38027858074105,-0.0031880771596221845
502,24.38017520959401,-0.0035398733224888887
503,24.37993214154477,-0.004176861974290698
504,24.379549377914387,-0.0050990295543139495
505,24.379026920796107,-0.006306356391487719
506,24.378364773055395,-0.007798816704678796
507,24.377562938329906,-0.009576378603080105
508,24.37662142102954,-0.011639004086692536
509,24.375540226336376,-0.013986649046901087
510,24.37431936020474,-0.01661926326714405
511,24.372958829361174,-0.019536790423676426
512,24.37145864130445,-0.022739168086426478
513,24.36981880430557,-0.02622632771994662
514,24.36803932740778,-0.02999819468445764
515,24.366120220426584,-0.03405468823698628
516,24.364061493949738,-0.03839572153259802
517,24.361863159337247,-0.04302120162572228
518,24.359525228721417,-0.04793102947157153
519,24.357047715006814,-0.053125099927655586
520,24.35443063187031,-0.05860330175538811
521,24.35167399376106,-0.06436551762178848
522,24.348777815900554,-0.0704116241012765
523,24.34574211428258,-0.07674149167756185
524,24.34256690567329,-0.08335498474562716
525,24.33925220761117,-0.09025196161380532
526,24.335798038407063,-0.09743227450595153
527,24.33220441714419,-0.10489576956370793
528,24.32847136367817,-0.11264228684886411
529,24.324598898637017,-0.12067166034581107
530,24.320587043421156,-0.12898371796408944
531,24.316435820203463,-0.1375782815410325
532,24.31214525192925,-0.1464551668445031
533,24.307715362316298,-0.15561418357572537
534,24.303146175854884,-0.16505513537221092
535,24.298437717807765,-0.17477781981077958
536,24.293590014210267,-0.1847820284106743
537,24.288603091870193,-0.19506754663677203
538,24.28347697836796,-0.205634153902888
539,24.27821170205653,-0.2164816235751755
540,24.272807292061486,-0.2276097229756202
541,24.26726377828103,-0.23901821338562995
542,24.261581191386,-0.25070685004971927
543,24.25575956281992,-0.2626753821792886
544,24.249798924798977,-0.27492355295649984
545,24.243699310312095,-0.2874510995382451
546,24.23746075312093,-0.3002577530602136
547,24.231083287759915,-0.313343238641051
548,24.22456694953624,-0.32670727538661687
549,24.21791177452994,-0.34034957639433544
550,24.211117799593872,-0.3542698487576437
551,24.20418506235378,-0.36846779357053394
552,24.197113601208283,-0.38294310593219355
553,24.189903455328942,-0.39769547495173896
554,24.182554664660266,-0.4127245837530469
555,24.175067269919765,-0.42803010947968084
556,24.16744131259793,-0.44361172329991533
557,24.159676834958333,-0.45946909041185335
558,24.1517738800376,-0.4756018700486436
559,24.143732491645466,-0.49200971548379213
560,24.135552714364824,-0.5086922740365699
561,24.127234593551734,-0.5256491870775201
562,24.118778175335457,-0.5428800900340579
563,24.11018350661851,-0.5603846123961712
564,24.101450635076677,-0.5781623777222153
565,24.09257960915907,-0.5962130036448058
566,24.08357047808814,-0.6145361018768088
567,24.074423291859738,-0.6331312782174283
568,24.06513810124314,-0.6519981325583901
569,24.05571495778108,-0.6711362588902241
570,24.046153913789805,-0.6905452453086446
571,24.036455022359096,-0.7102246740210263
572,24.02661833735232,-0.7301741213529805
573,24.016643913406494,-0.7503931577550275
574,24.006531805932276,-0.7708813478093673
575,23.996282071114035,-0.79163825023675
576,23.985894765909915,-0.8126634179034418
577,23.97536994805183,-0.8339563978282913
578,23.96470767604556,-0.8555167311898938
579,23.953908009170753,-0.8773439533338544
580,23.942971007481017,-0.8994375937801491
581,23.931896731803914,-0.921797176230585
582,23.920685243741048,-0.9444222185763607
583,23.9093366056681,-0.9673122329057242
584,23.89785088073486,-0.99046672551173
585,23.886228132865327,-1.0138851969000973
586,23.874468426757698,-1.0375671417971655
587,23.86257182788446,-1.0615120491579506
588,23.850538402492415,-1.0857194021743017
589,23.838368217602774,-1.1101886782831558
590,23.826061341011147,-1.1349193491748935
591,23.813617841287666,-1.1599108808017946
592,23.801037787777,-1.1851627333865953
593,23.788321250598422,-1.2106743614311424
594,23.775468300645844,-1.2364452137251518
595,23.762479009587928,-1.2624747333550654
596,23.74935344986808,-1.2887623577130092
597,23.736091694704562,-1.3153075185058525
598,23.722693818090534,-1.3421096417643676
599,23.709159894794077,-1.3691681478524913
600,23.695490000358344,-1.3964824514766876
601,23.681684211101526,-1.424051961695412
602,23.66774260411697,-1.4518760819286756
603,23.653665257273246,-1.4799542099677137
604,23.6394522492142,-1.508285737984754
605,23.625103659359,-1.5368700525428889
606,23.610619567902237,-1.5657065346060464
607,23.59600005581399,-1.5947945595490662
608,23.581245204839888,-1.6241334971678796
609,23.56635509750116,-1.653722711689787
610,23.551329817094732,-1.6835615617838404
611,23.536169447693307,-1.7136494005713327
612,23.52087407414542,-1.743985575636382
613,23.505443782075517,-1.7745694290366256
614,23.48987865788404,-1.8054002973140133
615,23.474178788747476,-1.8364775115057084
616,23.45834426261849,-1.8678003971550858
617,23.44237516822595,-1.8993682743228382
618,23.426271595075015,-1.9311804575981875
619,23.41003363344725,-1.9632362561101937
620,23.393661374400686,-1.9955349735391748
621,23.377154909769896,-2.0280759081282267
622,23.360514332166105,-2.0608583526948476
623,23.343739734977248,-2.0938815946426694
624,23.326831212368084,-2.1271449159732905
625,23.30978885928026,-2.1606475932982154
626,23.292612771432427,-2.1943888978508985
627,23.27530304532031,-2.2283680954988934
628,23.257859778216808,-2.2625844467561045
629,23.2402830681721,-2.297037206795149
630,23.222573014013733,-2.331725625459819
631,23.204729715346705,-2.3666489472776533
632,23.186753272553577,-2.4018064114726103
633,23.168643786794583,-2.437197251977853
634,23.15040136000771,-2.472820697448634
635,23.132026094908813,-2.5086759712752884
636,23.113518094991726,-2.5447622915963324
637,23.09487746452836,-2.581078871311673
638,23.076104308568798,-2.617624918095915
639,23.057198732941437,-2.6543996344117824
640,23.038160844253078,-2.691402217523645
641,23.018990749889024,-2.7286318595111463
642,22.99968855801323,-2.766087747282946
643,22.980254377568393,-2.8037690625905642
644,22.960688318276084,-2.8416749820423357
645,22.940990490636853,-2.8798046771174683
646,22.921161005930365,-2.918157314180214
647,22.901199976215537,-2.956732054494141
648,22.88110751433063,-2.995528054236518
649,22.86088373389339,-3.0345444645128055
650,22.840528749301193,-3.073780431371254
651,22.82004267573114,-3.113235095817609
652,22.799425629140238,-3.1529075938299282
653,22.778677726265514,-3.1927970563735024
654,22.75779908462413,-3.2329026094158873
655,22.73678982251357,-3.273223373942043
656,22.715650059011747,-3.313758465969582
657,22.694379913977162,-3.3545069965641274
658,22.67297950804905,-3.395468071854775
659,22.651448962647518,-3.43664079304967
660,22.629788399973727,-3.4780242564516906
661,22.607997943009998,-3.519617553474239
662,22.58607771552002,-3.5614197706571438
663,22.564027842048976,-3.6034299896826685
664,22.54184844792373,-3.6456472873916357
665,22.51953965925296,-3.6880707357996516
666,22.49710160292735,-3.730699402113448
667,22.47453440661977,-3.7735323487473305
668,22.451838198785403,-3.816568633339736
669,22.42901310866198,-3.8598073087699
670,22.406059266269924,-3.9032474231746352
671,22.382976802412536,-3.9468880199652214
672,22.359765848676176,-3.9907281378443984
673,22.336426537430466,-4.034766810823478
674,22.31295900182848,-4.079003068239559
675,22.289363375806925,-4.123435934772859
676,22.26563979408635,-4.168064430464149
677,22.241788392171348,-4.212887570732305
678,22.21780930635076,-4.257904366391966
679,22.193702673697878,-4.303113823671303
680,22.169468632070654,-4.348514944229904
681,22.14510732011194,-4.394106725176757
682,22.12061887724968,-4.439888159088358
683,22.096003443697143,-4.485858234026924
684,22.071261160453155,-4.53201593355871
685,22.046392169302326,-4.578360236772447
686,22.02139661281529,-4.624890118297887
687,21.99627463434895,-4.671604548324457
688,21.971026378046687,-4.718502492620029
689,21.945651988838655,-4.765582912549792
690,21.920151612442012,-4.812844765095248
691,21.89452539536118,-4.8602870028733
692,21.868773484888095,-4.907908574155478
693,21.842896029102498,-4.955708422887249
694,21.816893176872174,-5.003685488707454
695,21.790765077853266,-5.051838706967852
696,21.76451188249052,-5.100167008752776
697,21.738133742017606,-5.148669320898898
698,21.711630808457386,-5.197344566015106
699,21.685003234622194,-5.246191662502494
700,21.658251174114188,-5.295209524574464
701,21.631374781325633,-5.344397062276929
702,21.604374211439186,-5.3937531815086475
703,21.577249620428262,-5.443276784041645
704,21.550001165057328,-5.492966767541765
705,21.522629002882248,-5.5428220255893255
706,21.495133292250614,-5.592841447699881
707,21.467514192302115,-5.6430239193451035
708,21.439771862968815,-5.6933683219737725
709,21.411906464975594,-5.743873533032871
710,21.383918159840483,-5.794538425988803
711,21.355807109874988,-5.8453618703487065
712,21.32757347818454,-5.896342731681897
713,21.299217428668825,-5.9474798716414
714,21.270739126022203,-5.998772147985617
715,21.24213873573408,-6.050218414600083
716,21.213416424089353,-6.101817521519344
717,21.184572358168786,-6.153568314948949
718,21.15560670584945,-6.205469637287537
719,21.12651963580516,-6.257520327149062
720,21.097311317506872,-6.309719219385092
721,21.067981921223183,-6.362065145107253
722,21.03853161802076,-6.4145569317097575
723,21.00896057976479,-6.467193402892068
724,20.97926897911947,-6.519973378681639
725,20.949456989548498,-6.5728956754568015
726,20.919524785315524,-6.625959105969734
727,20.88947254148469,-6.679162479369558
728,20.859300433921113,-6.73250460122553
729,20.82900863929143,-6.785984273550364
730,20.798597335064287,-6.83960029482363
731,20.76806669951093,-6.893351460015304
732,20.737416911705697,-6.947236560609387
733,20.706648151526622,-7.001254384627663
734,20.675760599655995,-7.055403716653551
735,20.644754437580946,-7.1096833378560635
736,20.61362984759401,-7.164092026013895
737,20.582387012793774,-7.218628555539591
738,20.551026117085478,-7.2732916975038355
739,20.51954734518163,-7.3280802196598644
740,20.487950882602657,-7.382992886467959
741,20.45623691567758,-7.438028459120065
742,20.424405631544634,-7.493185695564521
743,20.392457218151996,-7.548463350530878
744,20.360391864258442,-7.603860175554847
745,20.328209759434074,-7.6593749190033344
746,20.295911094061037,-7.715006326099605
747,20.263496059334237,-7.77075313894853
748,20.23096484726213,-7.826614096561965
749,20.19831765066743,-7.882587934884214
750,20.16555466318793,-7.938673386817602
751,20.132676079277292,-7.9948691822481734
752,20.099682094205846,-8.051174048071477
753,20.066572904061406,-8.10758670821846
754,20.033348705750143,-8.164105883681469
755,20.00000969699742,-8.220730292540358
756,19.966556076348677,-8.2774586499887
757,19.932988043170322,-8.334289668360114
758,19.899305797650648,-8.391222057154655
759,19.865509540800755,-8.448254523065378
760,19.831599474455494,-8.505385770004937
761,19.797575801274476,-8.562614499132332
762,19.763438724742986,-8.61993940887974
763,19.729188449173044,-8.677359194979452
764,19.69482517970442,-8.734872550490927
765,19.660349122305675,-8.79247816582791
766,19.625760483775235,-8.85017472878571
767,19.591059471742458,-8.907960924568524
768,19.55624629466878,-8.965835435816901
769,19.521321161848846,-9.023796942635279
770,19.486284283411617,-9.081844122619659
771,19.45113587032162,-9.139975650885335
772,19.415876134380103,-9.198190200094754
773,19.380505288226285,-9.25648644048548
774,19.345023545338588,-9.314863039898235
775,19.30943112003594,-9.37331866380505
776,19.273728227479065,-9.431851975337523
777,19.23791508367182,-9.49046163531517
778,19.201991905462545,-9.549146302273856
779,19.165958910545445,-9.607904632494362
780,19.12981631746203,-9.666735280031014
781,19.09356434560249,-9.72563689674043
782,19.05720321520727,-9.784608132310344
783,19.02073314736847,-9.843647634288562
784,18.98415436403144,-9.902754048111968
785,18.947467087996305,-9.961926017135662
786,18.9106715429196,-10.021162182662168
787,18.87376795331584,-10.080461183970765
788,18.83675654455924,-10.139821658346872
789,18.79963754288537,-10.199242241111573
790,18.762411175392913,-10.258721565651198
791,18.725077670045383,-10.318258263447015
792,18.68763725567298,-10.377850964105008
793,18.650090161974397,-10.437498295385755
794,18.6124366195187,-10.49719888323439
795,18.574676859747232,-10.556951351810651
796,18.536811114975595,-10.61675432351904
797,18.49883961839562,-10.676606419039041
798,18.460762604077406,-10.736506257355465
799,18.422580306971394,-10.796452455788847
800,18.384292962910486,-10.856443630025957
801,18.34590080861222,-10.916478394150392
802,18.30740408168096,-10.976555360673252
803,18.268803020610186,-11.036673140563906
804,18.230097864784724,-11.096830343280844
805,18.191288854483176,-11.15702557680262
806,18.15237623088025,-11.21725744765887
807,18.11336023604926,-11.277524560961412
808,18.07424111296458,-11.337825520435466
809,18.03501910550421,-11.398158928450902
810,17.99569445845239,-11.458523386053615
811,17.956267417502247,-11.518917492996966
812,17.916738229258495,-11.579339847773296
813,17.877107141240234,-11.639789047645554
814,17.83737440188375,-11.700263688678955
815,17.7975402605454,-11.760762365772775
816,17.757604967504584,-11.821283672692182
817,17.717568773966736,-11.88182620210016
818,17.677431932066405,-11.942388545589527
819,17.637194694870367,-12.002969293715
820,17.59685731638086,-12.06356703602537
821,17.55642005153884,-12.124180361095727
822,17.515883156227314,-12.184807856559779
823,17.475246887274757,-12.245448109142234
824,17.434511502458605,-12.306099704691261
825,17.39367726050877,-12.366761228211033
826,17.35274442111133,-12.42743126389432
827,17.311713244912177,-12.488108395155198
828,17.270583993520855,-12.548791204661766
829,17.229356929514392,-12.609478274369007
830,17.188032316441284,-12.670168185551647
831,17.146610418825478,-12.730859518837157
832,17.105091502170534,-12.791550854238752
833,17.06347583296384,-12.852240771188512
834,17.021763678680852,-12.912927848570558
835,16.97995530778957,-12.973610664754265
836,16.938050989754952,-13.034287797627586
837,16.896050995043517,-13.094957824630413
838,16.853955595128042,-13.155619322788008
839,16.811765062492334,-13.216270868744498
840,16.76947967063609,-13.276911038796447
841,16.727099694079918,-13.337538408926456
842,16.68462540837043,-13.398151554836868
843,16.642057090085427,-13.458749051983508
844,16.599395016839246,-13.519329475609482
845,16.556639467288186,-13.579891400779033
846,16.513790721136072,-13.640433402411482
847,16.470849059139912,-13.700954055315204
848,16.427814763115713,-13.761451934221649
849,16.384688115944414,-13.821925613819452
850,16.341469401577918,-13.882373668788569
851,16.298158905045305,-13.942794673834491
852,16.254756912459168,-14.003187203722488
853,16.21126371102204,-14.06354983331192
854,16.16767958903301,-14.1238811375906
855,16.124004835894517,-14.184179691709206
856,16.080239742119222,-14.244444071015739
857,16.03638459933706,-14.304672851090023
858,15.99243970030246,-14.364864607778285
859,15.948405338901727,-14.425017917227745
860,15.904281810160544,-14.485131355921268
861,15.860069410251738,-14.54520350071207
862,15.815768436503102,-14.605232928858447
863,15.771379187405485,-14.665218218058586
864,15.72690196262099,-14.725157946485353
865,15.682337062991431,-14.785050692821212
866,15.637684790546933,-14.844895036293103
867,15.592945448514692,-14.904689556707403
868,15.548119341328057,-14.96443283448492
869,15.503206774635661,-15.02412345069592
870,15.458208055310882,-15.08375998709519
871,15.413123491461459,-15.143341026157156
872,15.367953392439318,-15.202865151110997
873,15.322698068850675,-15.262330945975828
874,15.277357832566338,-15.321736995595927
875,15.231932996732228,-15.381081885675929
876,15.18642387578016,-15.440364202816141
877,15.140830785438876,-15.499582534547802
878,15.095154042745362,-15.558735469368443
879,15.049393966056318,-15.61782159677723
880,15.00355087506004,-15.676839507310342
881,14.957625090788476,-15.735787792576401
882,14.91161693562958,-15.794665045291904
883,14.865526733339992,-15.853469859316657
884,14.819354809057964,-15.912200829689295
885,14.77310148931663,-15.970856552662775
886,14.726767102057568,-16.029435625739897
887,14.68035197664466,-16.087936647708855
888,14.63385644387834,-16.1463582186788
889,14.58728083601011,-16.20469894011544
890,14.540625486757436,-16.262957414876624
891,14.493890731318988,-16.321132247247967
892,14.447076906390263,-16.379222042978473
893,14.400184350179554,-16.437225409316195
894,14.35321340242429,-16.495140955043887
895,14.306164404407832,-16.55296729051467
896,14.25903769897657,-16.61070302768771
897,14.211833630557551,-16.668346780163915
898,14.164552545176416,-16.725897163221635
899,14.11719479047586,-16.78335279385236
900,14.069760715734512,-16.840712290796418
901,14.022250671886246,-16.89797427457872
902,13.974665011539992,-16.955137367544452
903,13.927004089000043,-17.012200193894806
904,13.87926826028682,-17.069161379722722
905,13.831457883158178,-17.126019553048575
906,13.783573317131252,-17.182773343855914
907,13.735614923504775,-17.239421384127198
908,13.687583065382045,-17.295962307879492
909,13.639478107694384,-17.352394751200183
910,13.59130041722521,-17.408717352282697
911,13.543050362634743,-17.46492875146219
912,13.494728314485252,-17.521027591251244
913,13.44633464526703,-17.57701251637555
914,13.397869729424942,-17.63288217380959
915,13.349333943385721,-17.68863521281228
916,13.300727665585871,-17.744270284962635
917,13.252051276500358,-17.7997860441954
918,13.203305158672004,-17.85518114683667
919,13.154489696741587,-17.9104542516395
920,13.105605277478821,-17.96560401981948
921,13.056652289814007,-18.02062911509031
922,13.007631124870606,-18.075528203699353
923,12.958542175998604,-18.130299954463155
924,12.909385838808747,-18.184943038802956
925,12.860162511207678,-18.239456130780162
926,12.810872593433995,-18.29383790713182
927,12.761516488095245,-18.348087047306024
928,12.712094600205901,-18.402202233497338
929,12.662607337226335,-18.45618215068217
930,12.613055109102842,-18.51002548665411
931,12.563438328308683,-18.563730932059244
932,12.513757409886294,-18.61729718043144
933,12.46401277149054,-18.670722928227605
934,12.4142048334332,-18.724006874862877
935,12.364334018728627,-18.777147722745838
936,12.314400753140612,-18.830144177313613
937,12.264405465230567,-18.882994947067015
938,12.214348586406997,-18.93569874360556
939,12.164230550976324,-18.988254281662556
940,12.114051796195096,-19.040660279140006
941,12.063812762323627,-19.092915457143594
942,12.013513892681196,-19.145018540017574
943,11.963155633702602,-19.19696825537959
944,11.912738434996491,-19.2487633341555
945,11.862262749405174,-19.300402510614102
946,11.811729033066166,-19.351884522401853
947,11.761137745475471,-19.403208110577502
948,11.710489349552596,-19.45437201964671
949,11.659784311707472,-19.50537499759654
950,11.609023101909234,-19.556215795930008
951,11.55820619375698,-19.606893169700466
952,11.507334064552527,-19.657405877546
953,11.456407195375315,-19.707752681723722
954,11.405426071159406,-19.757932348144045
955,11.354391180772762,-19.807943646404862
956,11.303303017098784,-19.857785349825665
957,11.252162077120282,-19.907456235481643
958,11.200968862005855,-19.956955084237638
959,11.149723877198847,-20.0062806807821
960,11.098427632508912,-20.055431813660967
961,11.047080642206268,-20.104407275311416
962,10.995683425118825,-20.153205862095625
963,10.944236504732148,-20.201826374334413
964,10.892740409292427,-20.25026761634081
965,10.841195671912606,-20.298528396453563
966,10.789602830681636,-20.346607527070574
967,10.737962428777115,-20.39450382468225
968,10.686275014581328,-20.44221610990475
969,10.634541141800836,-20.489743207513204
970,10.582761369589765,-20.537083946474823
971,10.530936262676878,-20.584237159981903
972,10.479066391496593,-20.63120168548479
973,10.427152332324088,-20.67797636472474
974,10.37519466741462,-20.724560043766672
975,10.323193985147222,-20.770951573031873
976,10.271150880172925,-20.817149807330583
977,10.219065953567663,-20.86315360589451
978,10.166939812990073,-20.90896183240922
979,10.114773072844317,-20.954573355046485
980,10.062566354448089,-20.999987046496493
981,10.010320286206122,-21.045201783999985
982,9.95803550378921,-21.09021644938029
983,9.90571265031912,-21.135029929075227
984,9.853352376559505,-21.17964111416901
985,9.800955341113086,-21.224048900423917
986,9.74852221062534,-21.26825218831194
987,9.696053659994888,-21.31224988304634
988,9.643550372590921,-21.356040894613038
989,9.591013040477883,-21.399624137801958
990,9.538442364647612,-21.4429985322382
991,9.485839055259412,-21.48616300241319
992,9.433203831888157,-21.52911647771564
993,9.380537423780897,-21.57185789246244
994,9.327840570122154,-21.614386185929416
995,9.27511402030841,-21.656700302381996
996,9.222358534231967,-21.69879919110574
997,9.169574882574697,-21.740681806436765
998,9.116763847111972,-21.78234710779206
999,9.063926221027234,-21.82379405969964
1000,9.011062809237647,-21.86502163182865
1001,8.958174428731137,-21.90602879901929
1002,8.905261908915492,-21.946814541312616
1003,8.85232609197981,-21.987377843980287
1004,8.799367833268924,-22.027717697554092
1005,8.746388001671292,-22.0678330978554
1006,8.69338748002086,-22.1077230460245
1007,8.640367165513531,-22.147386548549765
1008,8.587327970138835,-22.186822617296713
1009,8.534270821127373,-22.226030269536952
1010,8.481196661414796,-22.26500852797695
1011,8.428106450122897,-22.303756420786687
1012,8.375001163058595,-22.34227298162821
1013,8.321881793231583,-22.380557249683992
1014,8.268749351391355,-22.418608269685176
1015,8.21560486658451,-22.45642509193971
1016,8.162449386733206,-22.494006772360297
1017,8.109283979235576,-22.531352372492226
1018,8.056109731589121,-22.568460959541046
1019,8.002927752038122,-22.605331606400128
1020,7.949739170246017,-22.64196339167804
1021,7.896545137993867,-22.678355399725795
1022,7.843346829906081,-22.714506720663973
1023,7.790145444204573,-22.750416450409645
1024,7.736942203492608,-22.7860836907032
1025,7.683738355569671,-22.821507549134974
1026,7.630535174278713,-22.856687139171754
1027,7.577333960387244,-22.89162158018313
1028,7.524136042503791,-22.92630999746768
1029,7.4709427780313025,-22.960751522278994
1030,7.417755554159166,-22.99494529185157
1031,7.3645757888956265,-23.028890449426513
1032,7.3114049321424,-23.0625861442771
1033,7.258244466813463,-23.096031531734177
1034,7.205095909999961,-23.1292257732114
1035,7.151960814183485,-23.16216803623031
1036,7.0988407684998585,-23.194857494445223
1037,7.045737400055767,-23.227293327668
1038,6.9926523753007945,-23.25947472189261
1039,6.939587401457304,-23.291400869319524
1040,6.886544228011018,-23.32307096838
1041,6.833524648265028,-23.354484223760117
1042,6.780530500960301,-23.385639846424688
1043,6.727563671965785,-23.416537053641
1044,6.674626096041412,-23.447175069002352
1045,6.621719758677449,-23.477553122451443
1046,6.568846698013867,-23.507670450303596
1047,6.51600900684346,-23.537526295269767
1048,6.463208834702824,-23.56711990647941
1049,6.410448390055278,-23.59645053950315
1050,6.3577299425702245,-23.625517456375288
1051,6.305055825503538,-23.654319925616104
1052,6.252428438183757,-23.682857222254004
1053,6.199850248609322,-23.71112862784746
1054,6.147323796162057,-23.73913343050679
1055,6.094851694442519,-23.766870924915736
1056,6.042436634233075,-23.79434041235287
1057,5.990081386594852,-23.821541200712797
1058,5.937788806104983,-23.848472604527196
1059,5.885561834240784,-23.875133944985635
1060,5.833403502918077,-23.901524549956243
1061,5.781316938190775,-23.92764375400614
1062,5.729305364119575,-23.953490898421737
1063,5.677372106817717,-23.979065331228774
1064,5.625520598682172,-24.004366407212228
1065,5.573754382818951,-24.02939348793598
1066,5.52207711767162,-24.054145941762325
1067,5.47049258186248,-24.078623143871244
1068,5.419004679256156,-24.102824476279533
1069,5.367617444255816,-24.126749327859674
1070,5.316335047342518,-24.150397094358546
1071,5.265161800868527,-24.17376717841594
1072,5.21410216511593,-24.196858989582843
1073,5.163160754632017,-24.219671944339563
1074,5.112342344853356,-24.24220546611359
1075,5.061651879030702,-24.264458985297317
1076,5.011094475467169,-24.286431939265547
1077,4.960675435082296,-24.30812377239273
1078,4.910400249314763,-24.3295339360701
1079,4.860274608376709,-24.350661888722495
1080,4.810304409872529,-24.371507095825077
1081,4.760495767795013,-24.392069029919757
1082,4.710855021911524,-24.412347170631453
1083,4.6613887475526194,-24.432341004684144
1084,4.612103765815074,-24.452050025916677
1085,4.563007154190608,-24.47147373529841
1086,4.514106257631011,-24.490611640944614
1087,4.465408700059047,-24.509463258131653
1088,4.416922396333507,-24.528028109311993
1089,4.368655564674994,-24.546305724128935
1090,4.32061673955727,-24.564295639431208
1091,4.272814785066478,-24.581997399287268
1092,4.2252589087281205,-24.599410554999455
1093,4.177958675798021,-24.61653466511788
1094,4.130924024010166,-24.633369295454088
1095,4.08416527876938,-24.649914019094588
1096,4.037693168772213,-24.666168416414045
1097,3.9915188420330274,-24.682132075088337
1098,3.945653882285804,-24.69780459010736
1099,3.900110325724355,-24.713185563787626
1100,3.854900678034829,-24.728274605784616
1101,3.810037931664525,-24.743071333104943
1102,3.7655355832598105,-24.757575370118253
1103,3.7214076511933643,-24.771786348568963
1104,3.677668693087121,-24.785703907587692
1105,3.63433382322155,-24.799327693702555
1106,3.591418729704885,-24.812657360850164
1107,3.5489396912570217,-24.82569257038643
1108,3.5069135934420457,-24.838432991097164
1109,3.4653579441611444,-24.85087829920841
1110,3.424290888193243,-24.863028178396558
1111,3.3837312205448993,-24.87488231979826
1112,3.343698398343547,-24.886440422020083
1113,3.3042125509790035,-24.897702191147957
1114,3.2652944881681973,-24.90866734075638
1115,3.226965705587118,-24.919335591917406
1116,3.189248387682566,-24.929706673209388
1117,3.152165407245398,-24.939780320725486
1118,3.1157403212967925,-24.949556278082007
1119,3.079997362811077,-24.9590342964264
1120,3.0449614277733033,-24.96821413444512
1121,3.010658057049048,-24.977095558371232
1122,2.977113412528595,-24.985678341991747
1123,2.9443542469996014,-24.993962266654766
1124,2.912407867203805,-25.001947121276384
1125,2.881302089545073,-25.00963270234734
1126,2.8510651879414697,-25.017018813939465
1127,2.8217258333541078,-25.024105267711864
1128,2.793313024582523,-25.030891882916894
1129,2.765856009992462,-25.03737848640587
1130,2.7393841999380193,-25.043564912634583
1131,2.7139270697580242,-25.049451003668533
1132,2.6895140533662416,-25.05503660918798
1133,2.66617442761661,-25.06032158649271
1134,2.6439371878072464,-25.065305800506582
1135,2.6228309148879627,-25.069989123781873
1136,2.6028836351525135,-25.074371436503306
1137,2.584122673424138,-25.078452626491945
1138,2.5665745009752516,-25.082232589208775
1139,2.550264579652539,-25.08571122775806
1140,2.5352172038991165,-25.088888452890487
1141,2.5214553425667723,-25.09176418300607
1142,2.509000482584563,-25.094338344156778
1143,2.4978724766855893,-25.096610870048973
1144,2.488089397482827,-25.098581702045603
1145,2.47966740021958,-25.100250789168093
1146,2.4726205964942167,-25.10161808809812
1147,2.4669609411682467,-25.102683563179024
1148,2.4626981345102634,-25.10344718641707
1149,2.4598395414067045,-25.10390893748242
1150,2.4583901291891084,-25.10406880370988
1151,2.458352425293231,-25.10392678009944
1152,2.459726495589198,-25.103482869316522
1153,2.462509943815555,-25.102737081692048
1154,2.4666979321286178,-25.101689435222198
1155,2.472283222356416,-25.100339955567993
1156,2.4792562371392104,-25.098688676054625
1157,2.4876051397602463,-25.096735637670527
1158,2.4973159311338597,-25.094480889066222
1159,2.508372562133343,-25.09192448655293
1160,2.5207570592163897,-25.089066494100926
1161,2.5344496611457696,-25.08590698333769
1162,2.549428964508669,-25.082446033545793
1163,2.565672075708999,-25.078683731660536
1164,2.5831547671385104,-25.074620172267384
1165,2.60185163531881,-25.070255457599146
1166,2.6217362589398667,-25.065589697532893
1167,2.6427813548917576,-25.060623009586696
1168,2.664958930586815,-25.055355518916052
1169,2.688240431088763,-25.049787358310148
1170,2.7125968797955724,-25.043918668187843
1171,2.737999011655106,-25.03774959659341
1172,2.7644173981204605,-25.031280299192073
1173,2.791822563269001,-25.02451093926526
1174,2.8201850907110795,-25.017441687705695
1175,2.849475721098002,-25.01007272301216
1176,2.879665440201574,-25.00240423128411
1177,2.910725557678399,-24.994436406215975
1178,2.9426277767512494,-24.986169449091296
1179,2.9753442551370535,-24.977603568776562
1180,3.0088476576281344,-24.968738981714875
1181,3.0431112007913086,-24.959575911919323
1182,3.0781086902905916,-24.95011459096617
1183,3.1138145513649262,-24.94035525798776
1184,3.1502038530052743,-24.930298159665252
1185,3.1872523263770645,-24.919943550221035
1186,3.2249363780264293,-24.909291691411013
1187,3.2632330983937434,-24.898342852516574
1188,3.3021202661375897,-24.887097310336365
1189,3.341576348746896,-24.875555349177834
1190,3.3815804998914216,-24.86371726084853
1191,3.422112553930433,-24.85158334464718
1192,3.4631530179687298,-24.839153907354543
1193,3.5046830618176097,-24.826429263223996
1194,3.546684506187568,-24.81340973397196
1195,3.5891398094092684,-24.800095648768032
1196,3.6320320529502714,-24.78648734422491
1197,3.6753449259674986,-24.772585164388108
1198,3.719062709109234,-24.758389460725418
1199,3.7631702577563577,-24.743900592116162
1200,3.807652984869881,-24.7291189248402
1201,3.8524968435911817,-24.714044832566746
1202,3.8976883097222554,-24.698678696342906
1203,3.9432143641962276,-24.68302090458204
1204,3.989062475632568,-24.667071853051883
1205,4.035220583057471,-24.650831944862414
1206,4.081677078857238,-24.634301590453568
1207,4.1284207920212355,-24.617481207582653
1208,4.175440971721023,-24.600371221311576
1209,4.222727271263398,-24.582972063993875
1210,4.2702697324472965,-24.56528417526148
1211,4.318058770347734,-24.54730800201127
1212,4.366085158543919,-24.52904399839146
1213,4.414340014803656,-24.510492625787684
1214,4.462814787231548,-24.49165435280891
1215,4.511501240884709,-24.472529655273146
1216,4.560391444856494,-24.4531190161929
1217,4.609477759825999,-24.433422925760446
1218,4.658752826068523,-24.413441881332854
1219,4.708209551920664,-24.393176387416833
1220,4.7578411026916125,-24.372626955653324
1221,4.807640890011381,-24.35179410480191
1222,4.85760256160534,-24.330678360725006
1223,4.907719991483791,-24.309280256371817
1224,4.957987270534605,-24.287600331762132
1225,5.008398697506602,-24.26563913396984
1226,5.058948770370922,-24.243397217106303
1227,5.1096321780475895,-24.220875142303473
1228,5.160443792484357,-24.198073477696827
1229,5.211378661074888,-24.174992798408088
1230,5.262431999403516,-24.151633686527727
1231,5.313599184303944,-24.12799673109729
1232,5.3648757472194095,-24.10408252809147
1233,5.416257367852211,-24.079891680400046
1234,5.467739868090639,-24.055424797809543
1235,5.5193192062017635,-24.03068249698474
1236,5.57099147127883,-24.005665401449978
1237,5.622752877932323,-23.980374141570213
1238,5.674599761214254,-23.95480935453195
1239,5.726528571765347,-23.928971684323905
1240,5.7785358711754435,-23.902861781717522
1241,5.830618327547574,-23.876480304247256
1242,5.882772711256628,-23.849827916190698
1243,5.934995890893953,-23.82290528854844
1244,5.987284829389431,-23.795713099023843
1245,6.039636580303008,-23.768252032002515
1246,6.092048284278049,-23.740522778531666
1247,6.144517165649069,-23.712526036299224
1248,6.197040529196849,-23.684262509612797
1249,6.249615757044174,-23.655732909378425
1250,6.302240305685781,-23.62693795307915
1251,6.354911703146354,-23.5978783647534
1252,6.407627546260676,-23.56855487497316
1253,6.460385498070384,-23.53896822082203
1254,6.5131832853319365,-23.50911914587302
1255,6.566018696130758,-23.479008400166176
1256,6.61888957759662,-23.44863674018607
1257,6.671793833715662,-23.418004928839085
1258,6.724729423234662,-23.38711373543047
1259,6.7776943576533455,-23.355963935641306
1260,6.830686699300643,-23.324556311505212
1261,6.883704559491187,-23.292891651384927
1262,6.936746096758335,-23.260970749948708
1263,6.989809515160285,-23.228794408146516
1264,7.042893062655938,-23.196363433186068
1265,7.095995029547433,-23.163678638508724
1266,7.1491137469863,-23.13074084376513
1267,7.2022475855403645,-23.097550874790805
1268,7.255394953818803,-23.064109563581443
1269,7.308554297152536,-23.030417748268135
1270,7.361724096327744,-22.996476273092366
1271,7.414902866369999,-22.962285988380884
1272,7.468089155376802,-22.927847750520375
1273,7.5212815433964275,-22.893162421931997
1274,7.5744786413509955,-22.858230871045727
1275,7.627679090001906,-22.82305397227458
1276,7.6808815589556945,-22.787632605988634
1277,7.734084745708641,-22.751967658488923
1278,7.787287374728419,-22.716060021981146
1279,7.840488196571138,-22.679910594549238
1280,7.893685987032388,-22.643520280128776
1281,7.946879546330649,-22.606889988480244
1282,8.000067698321896,-22.570020635162127
1283,8.053249289743867,-22.532913141503847
1284,8.106423189488904,-22.495568434578605
1285,8.159588287904064,-22.457987447175977
1286,8.212743496117373,-22.420171117774444
1287,8.265887745389207,-22.38212039051373
1288,8.319019986487593,-22.343836215167034
1289,8.372139189086631,-22.30531954711305
1290,8.425244341186914,-22.266571347307945
1291,8.478334448557142,-22.227592582257056
1292,8.53140853419606,-22.1883842239866
1293,8.58446563781381,-22.148947250015112
1294,8.637504815331996,-22.109282643324843
1295,8.690525138401656,-22.069391392332943
1296,8.74352569393845,-22.029274490862562
1297,8.79650558367434,-21.988932938113795
1298,8.849463923725127,-21.948367738634484
1299,8.902399844173232,-21.907579902290912
1300,8.95531248866504,-21.86657044423834
1301,9.008201014022315,-21.825340384891454
1302,9.061064589867161,-21.78389074989459
1303,9.11390239825979,-21.74222257009198
1304,9.166713633348937,-21.700336881497723
1305,9.219497501034102,-21.658234725265736
1306,9.272253218639383,-21.615917147659523
1307,9.324980014598328,-21.57338520002184
1308,9.377677128149477,-21.530639938744258
1309,9.430343809042101,-21.487682425236557
1310,9.48297931725183,-21.44451372589607
1311,9.535582922705743,-21.401134912076838
1312,9.588153905016558,-21.357547060058703
1313,9.640691553225633,-21.313751251016264
1314,9.693195165554402,-21.269748570987716
1315,9.74566404916397,-21.22554011084359
1316,9.79809751992253,-21.18112696625537
1317,9.850494902180293,-21.13651023766402
1318,9.902855528551763,-21.091691030248363
1319,9.955178739704975,-21.046670453893416
1320,10.007463884157472,-21.001449623158543
1321,10.05971031807882,-20.95602965724558
1322,10.111917405099382,-20.910411679966796
1323,10.164084516125126,-20.86459681971279
1324,10.216211029158291,-20.818586209420275
1325,10.26829632912367,-20.772380986539762
1326,10.320339807700272,-20.725982293003145
1327,10.372340863158287,-20.6793912751912
1328,10.424298900201064,-20.632609083900977
1329,10.476213329811932,-20.5856368743131
1330,10.528083569105798,-20.53847580595899
1331,10.579909041185195,-20.49112704268797
1332,10.631689175000792,-20.44359175263432
1333,10.683423405216079,-20.395871108184192
1334,10.735111172076163,-20.347966285942473
1335,10.786751921280509,-20.29987846669957
1336,10.838345103859476,-20.25160883539809
1337,10.889890176054562,-20.20315858109942
1338,10.941386599202204,-20.15452889695029
1339,10.992833839620987,-20.105720980149165
1340,11.044231368502214,-20.056736031912653
1341,11.095578661803673,-20.007575257441758
1342,11.14687520014652,-19.9582398658881
1343,11.198120468715143,-19.908731070320048
1344,11.249313957159963,-19.859050087688782
1345,11.300455159503024,-19.80919813879426
1346,11.351543574046318,-19.75917644825117
1347,11.40257870328272,-19.70898624445475
1348,11.45356005380948,-19.658628759546556
1349,11.504487136244183,-19.608105229380207
1350,11.555359465143074,-19.557416893487005
1351,11.606176558921737,-19.50656499504151
1352,11.656937939777913,-19.455550780827103
1353,11.707643133616601,-19.404375501201375
1354,11.758291669977176,-19.353040410061563
1355,11.80888308196254,-19.3015467648099
1356,11.859416906170269,-19.24989582631884
1357,11.909892682625644,-19.19808885889634
1358,11.960309954716529,-19.14612713025099
1359,12.010668269130027,-19.094011911457127
1360,12.060967175790903,-19.04174447691991
1361,12.111206227801636,-18.98932610434033
1362,12.161384981384142,-18.936758074680153
1363,12.211502995823034,-18.884041672126834
1364,12.261559833410452,-18.83117818405839
1365,12.311555059392349,-18.778168901008222
1366,12.361488241916232,-18.725015116629862
1367,12.41135895198027,-18.671718127661727
1368,12.461166763383792,-18.61827923389178
1369,12.51091125267907,-18.564699738122208
1370,12.560591999124405,-18.510980946134
1371,12.610208584638407,-18.457124166651536
1372,12.659760593755516,-18.403130711307096
1373,12.709247613582654,-18.349001894605376
1374,12.758669233757033,-18.294739033887918
1375,12.80802504640505,-18.240343449297598
1376,12.857314646102228,-18.18581646374293
1377,12.906537629834249,-18.13115940286253
1378,12.955693596958909,-18.076373594989366
1379,13.004782149169108,-18.02146037111512
1380,13.053802890456781,-17.966421064854455
1381,13.102755427077732,-17.91125701240924
1382,13.151639367517364,-17.855969552532837
1383,13.200454322457277,-17.80056002649425
1384,13.249199904742738,-17.74502977804235
1385,13.297875729350947,-17.68938015337002
1386,13.34648141336007,-17.633612501078307
1387,13.395016575919124,-17.57772817214055
1388,13.443480838218534,-17.52172851986648
1389,13.49187382346149,-17.465614899866324
1390,13.540195156835962,-17.40938867001489
1391,13.588444465487434,-17.35305119041562
1392,13.636621378492329,-17.29660382336465
1393,13.684725526832043,-17.24004793331485
1394,13.732756543367637,-17.18338488683987
1395,13.780714062815216,-17.126616052598155
1396,13.828597721721746,-17.069742801296968
1397,13.876407158441639,-17.012766505656387
1398,13.924142013113789,-16.95568854037334
1399,13.971801927639222,-16.898510282085592
1400,14.019386545659241,-16.841233109335736
1401,14.06689551253416,-16.783858402535216
1402,14.114328475322491,-16.72638754392832
1403,14.161685082760643,-16.668821917556162
1404,14.208964985243126,-16.611162909220713
1405,14.256167834803222,-16.553411906448783
1406,14.30329328509409,-16.49557029845606
1407,14.350340991370363,-16.437639476111087
1408,14.397310610470125,-16.379620831899324
1409,14.444201800797376,-16.32151575988716
1410,14.491014222304848,-16.26332565568595
1411,14.537747536477292,-16.205051916416082
1412,14.584401406315065,-16.14669594067102
1413,14.630975496318216,-16.088259128481393
1414,14.677469472470836,-16.029742881279077
1415,14.723883002225842,-15.971148601861294
1416,14.770215754490085,-15.912477694354736
1417,14.816467399609806,-15.853731564179704
1418,14.862637609356435,-15.794911618014245
1419,14.908726056912704,-15.736019263758342
1420,14.95473241685911,-15.677055910498108
1421,15.000656365160633,-15.61802296846997
1422,15.046497579153831,-15.558921849024944
1423,15.092255737534156,-15.499753964592868
1424,15.137930520343623,-15.440520728646705
1425,15.183521608958715,-15.381223555666825
1426,15.229028686078578,-15.32186386110537
1427,15.274451435713493,-15.2624430613506
1428,15.319789543173602,-15.202962573691291
1429,15.365042695057879,-15.143423816281155
1430,15.410210579243365,-15.083828208103293
1431,15.455292884874623,-15.024177168934681
1432,15.500289302353458,-14.964472119310672
1433,15.545199523328833,-14.904714480489577
1434,15.590023240687058,-14.844905674417218
1435,15.63476014854216,-14.785047123691571
1436,15.679409942226462,-14.725140251527407
1437,15.7239723182814,-14.665186481720998
1438,15.768446974448523,-14.605187238614851
1439,15.812833609660718,-14.545143947062478
1440,15.857131924033583,-14.485058032393214
1441,15.901341618857042,-14.42493092037706
1442,15.945462396587093,-14.3647640371896
1443,15.98949396083779,-14.304558809376934
1444,16.03343601637337,-14.244316663820655
1445,16.07728826910055,-14.184039027702898
1446,16.12105042606099,-14.123727328471409
1447,16.16472219542396,-14.063382993804666
1448,16.208303286479126,-14.00300745157706
1449,16.251793409629485,-13.94260212982411
1450,16.2951922763845,-13.882168456707749
1451,16.338499599353337,-13.821707860481625
1452,16.381715092238277,-13.761221769456498
1453,16.424838469828263,-13.700711611965648
1454,16.467869447992587,-13.640178816330378
1455,16.510807743674707,-13.579624810825521
1456,16.55365307488618,-13.519051023645062
1457,16.596405160700783,-13.458458882867758
1458,16.639063721248704,-13.397849816422854
1459,16.68162847771088,-13.337225252055852
1460,16.724099152313446,-13.276586617294303
1461,16.766475468322316,-13.215935339413734
1462,16.80875715003788,-13.155272845403536
1463,16.850943922789778,-13.094600561932996
1464,16.89303551293186,-13.03391991531735
1465,16.93503164783716,-12.97323233148392
1466,16.97693205589305,-12.91253923593829
1467,17.01873646649648,-12.851842053730557
1468,17.06044461004927,-12.791142209421666
1469,17.102056217953578,-12.730441127049785
1470,17.143571022607397,-12.669740230096751
1471,17.18498875740021,-12.609040941454598
1472,17.226309156708655,-12.548344683392147
1473,17.26753195589238,-12.487652877521645
1474,17.3086568912899,-12.426966944765507
1475,17.349683700214577,-12.36628830532311
1476,17.39061212095069,-12.30561837863765
1477,17.431441892749564,-12.244958583363095
1478,17.47217275582582,-12.184310337331187
1479,17.512804451353652,-12.12367505751853
1480,17.553336721463214,-12.063054160013758
1481,17.593769309237096,-12.002449059984752
1482,17.63410195870681,-11.94186117164596
1483,17.674334414849422,-11.881291908225789
1484,17.714466423584227,-11.820742681934055
1485,17.754497731769465,-11.76021490392953
1486,17.794428087199154,-11.699709984287558
1487,17.834257238599935,-11.639229331967755
1488,17.873984935628044,-11.578774354781784
1489,17.91361092886629,-11.518346459361206
1490,17.953134969821125,-11.457947051125434
1491,17.99255681091977,-11.397577534249727
1492,18.031876205507377,-11.337239311633319
1493,18.071092907844314,-11.276933784867575
1494,18.11020667310342,-11.216662354204285
1495,18.14921725736738,-11.15642641852399
1496,18.188124417626124,-11.096227375304437
1497,18.226927911774276,-11.036066620589082
1498,18.265627498608694,-10.975945548955712
1499,18.30422293782602,-10.915865553485128
1500,18.34271399002027,-10.855828025729924
1501,18.381100416680525,-10.79583435568336
1502,18.419381980188636,-10.735885931748307
1503,18.45755844381696,-10.675984140706294
1504,18.495629571726173,-10.616130367686644
1505,18.53359512896312,-10.556325996135694
1506,18.5714548814587,-10.496572407786093
1507,18.609208596025788,-10.436870982626232
1508,18.646856040357235,-10.377223098869704
1509,18.684396983023845,-10.31763013292492
1510,18.721831193472465,-10.258093459364764
1511,18.759158442024063,-10.198614450896367
1512,18.79637849987186,-10.139194478330989
1513,18.833491139079495,-10.079834910553943
1514,18.87049613257924,-10.020537114494676
1515,18.90739325417027,-9.961302455096893
1516,18.944182278516877,-9.902132295288817
1517,18.980862981146835,-9.843027995953502
1518,19.01743513844973,-9.783990915899286
1519,19.053898527675344,-9.725022411830311
1520,19.090252926932067,-9.666123838317144
1521,19.12649811518532,-9.607296547767506
1522,19.162633872256084,-9.54854189039709
1523,19.198659978819332,-9.489861214200486
1524,19.234576216402633,-9.431255864922186
1525,19.270382367384666,-9.37272718602771
1526,19.30607821499384,-9.31427651867482
1527,19.341663543306897,-9.255905201684833
1528,19.377138137247602,-9.197614571514038
1529,19.412501782585366,-9.139405962225213
1530,19.44775426593397,-9.081280705459246
1531,19.482895374750303,-9.023240130406842
1532,19.517924897333085,-8.965285563780357
1533,19.552842622821682,-8.907418329785711
1534,19.58764834119488,-8.849639750094424
1535,19.62234184326972,-8.791951143815727
1536,19.65692292070034,-8.734353827468805
1537,19.691391365976845,-8.676849114955132
1538,19.725746972424226,-8.619438317530904
1539,19.75998953420124,-8.56212274377958
1540,19.79411884629935,-8.504903699584535
1541,19.82813470454172,-8.447782488101808
1542,19.862036905582134,-8.390760409732959
1543,19.89582524690403,-8.333838762098026
1544,19.929499526819534,-8.277018840008598
1545,19.963059544468454,-8.220301935440995
1546,19.99650509981734,-8.163689337509531
1547,20.029835993658594,-8.107182332439915
1548,20.06305202760953,-8.05078220354274
1549,20.096153004111486,-7.994490231187071
1550,20.129138726428963,-7.938307692774177
1551,20.162008998648766,-7.882235862711327
1552,20.194763625679137,-7.826276012385711
1553,20.22740241324898,-7.770429410138488
1554,20.259925167907014,-7.71469732123891
1555,20.29233169702098,-7.659081007858576
1556,20.324621808776897,-7.60358172904579
1557,20.35679531217826,-7.548200740700017
1558,20.38885201704532,-7.492939295546475
1559,20.420791734014347,-7.4377986431108
1560,20.452614274536906,-7.382780029693853
1561,20.48431945087914,-7.32788469834662
1562,20.5159070761211,-7.273113888845223
1563,20.547376964156044,-7.218468837666052
1564,20.57872892968979,-7.163950777960986
1565,20.609962788240068,-7.109560939532751
1566,20.64107835613583,-7.055300548810368
1567,20.672075450516697,-7.001170828824726
1568,20.70295388933229,-6.94717299918425
1569,20.733713491341618,-6.893308276050701
1570,20.764354076112543,-6.839577872115071
1571,20.794875464021132,-6.785982996573596
1572,20.825277476251106,-6.7325248551038746
1573,20.855559934793305,-6.679204649841116
1574,20.885722662445097,-6.626023579354476
1575,20.91576548280989,-6.572982838623522
1576,20.945688220296518,-6.520083619014809
1577,20.975490700118822,-6.4673271082585515
1578,21.005172748295074,-6.414714490425434
1579,21.034734191647484,-6.362246945903513
1580,21.064174857801728,-6.309925651375243
1581,21.093494575186433,-6.257751779794612
1582,21.122693173032754,-6.205726500364383
1583,21.151770481373852,-6.153850978513464
1584,21.18072633104448,-6.102126375874376
1585,21.209560553680497,-6.0505538502608465
1586,21.23827298171848,-5.999134555645501
1587,21.266863448395252,-5.947869642137687
1588,21.29533178774744,-5.896760255961395
1589,21.323677834611118,-5.845807539433305
1590,21.351901424621346,-5.795012630940935
1591,21.380002394211783,-5.744376664920912
1592,21.40798058061432,-5.693900771837356
1593,21.435835821858653,-5.643586078160373
1594,21.46356795677191,-5.593433706344667
1595,21.491176824978307,-5.5434447748082585
1596,21.51866226689874,-5.493620397911328
1597,21.54602412375046,-5.443961685935162
1598,21.57326223754668,-5.394469745061222
1599,21.60037645109627,-5.345145677350318
1600,21.627366608003392,-5.2959905807219085
1601,21.65423255266716,-5.247005548933504
1602,21.68097413028132,-5.198191671560186
1603,21.707591186833923,-5.149550033974246
1604,21.734083569106996,-5.1010817173249325
1605,21.76045112467625,-5.052787798518314
1606,21.78669370191076,-5.004669350197259
1607,21.812811149972653,-4.9567274407215205
1608,21.838803318816822,-4.908963134147953
1609,21.86467005919063,-4.8613774902108196
1610,21.89041122263364,-4.813971564302236
1611,21.916026661477304,-4.766746407452706
1612,21.941516228844698,-4.7197030663118
1613,21.96687977865025,-4.672842583128911
1614,21.992117165599463,-4.626165995734162
1615,22.01722824518868,-4.579674337519396
1616,22.042212873704774,-4.5333686374193025
1617,22.06707090822494,-4.487249919892644
1618,22.09180220661643,-4.441319204903599
1619,22.116406627536275,-4.395577507903229
1620,22.14088403043109,-4.3500258398110425
1621,22.165234275536793,-4.304665206996687
1622,22.189457223878406,-4.259496611261749
1623,22.213552737269794,-4.214521049821661
1624,22.237520678313473,-4.169739515287736
1625,22.26136091040033,-4.125152995649305
1626,22.28507329770945,-4.080762474255975
1627,22.30865770520787,-4.036568929799988
1628,22.332113998650403,-3.9925733362987113
1629,22.35544204457938,-3.948776663077227
1630,22.37864171032448,-3.9051798747510373
1631,22.401712864002512,-3.8617839312088895
1632,22.42465537451719,-3.818589787595706
1633,22.447469111558988,-3.775598394295633
1634,22.470153945604906,-3.732810696915198
1635,22.492709747918283,-3.6902276362665836
1636,22.51513639054862,-3.6478501483510075
1637,22.537433746331384,-3.6056791643422272
1638,22.559601688887824,-3.5637156105701435
1639,22.581640092624802,-3.521960408504527
1640,22.603548832734607,-3.4804144747388506
1641,22.62532778519478,-3.4390787209742353
1642,22.646976826767936,-3.3979540540035136
1643,22.6684958350016,-3.357041375695396
1644,22.689884688228037,-3.3163415829787564
1645,22.71114326556409,-3.2758555678270254
1646,22.732271446911017,-3.235584217242699
1647,22.75326911295432,-3.195528413241957
1648,22.774136145163613,-3.155689032839389
1649,22.79487242579242,-3.1160669480328407
1650,22.815477837878074,-3.076663025788362
1651,22.835952265241513,-3.037478128025274
1652,22.85629559248717,-2.998513111601342
1653,22.87650770500282,-2.9597688282980616
1654,22.89658848895941,-2.9212461248060557
1655,22.916537831310933,-2.8829458427105803
1656,22.93635561979429,-2.844868818477144
1657,22.956041742929138,-2.8070158834372365
1658,22.97559609001776,-2.7693878637741647
1659,22.99501855114491,-2.731985580509006
1660,23.014309017177723,-2.6948098494866617
1661,23.033467379765536,-2.657861481362029
1662,23.05249353133977,-2.6211412815862825
1663,23.071387365113814,-2.584650050393257
1664,23.090148775082884,-2.5483885827859485
1665,23.10877765602391,-2.5123576685231215
1666,23.12727390349538,-2.4765580921060257
1667,23.145637413837253,-2.4409906327652218
1668,23.163868084170826,-2.405656064447515
1669,23.181965812398616,-2.370555155803001
1670,23.199930497204214,-2.3356886701722175
1671,23.21776203805221,-2.301057365573404
1672,23.23546033518806,-2.266661994689875
1673,23.253025289637957,-2.232503304857493
1674,23.270456803208738,-2.198582038052257
1675,23.287754778487763,-2.1648989308779996
1676,23.30491911884281,-2.1314547145541822
1677,23.321949728421963,-2.0982501149038106
1678,23.3388465121535,-2.06528585234145
1679,23.355609375745793,-2.0325626418613485
1680,23.37223822568721,-2.0000811930256717
1681,23.388732969245982,-1.9678422099528405
1682,23.405093514470153,-1.9358463913059765
1683,23.421319770187406,-1.9040944302814573
1684,23.43741164600503,-1.872587014597574
1685,23.45336905230979,-1.8413248264832989
1686,23.46919190026781,-1.8103085426671577
1687,23.484880101824526,-1.7795388343662082
1688,23.500433569704537,-1.7490163672751273
1689,23.515852217411563,-1.7187418015553972
1690,23.531135959228298,-1.6887157918246085
1691,23.546284710216348,-1.6589389871458582
1692,23.561298386216137,-1.62941203101726
1693,23.57617690384681,-1.600135561361556
1694,23.59092018050615,-1.5711102105158368
1695,23.60552813437047,-1.5423366052213638
1696,23.620000684394554,-1.5138153666134981
1697,23.634337750311552,-1.4855471102117348
1698,23.64853925263288,-1.4575324459098389
1699,23.662605112648183,-1.4297719779660885
1700,23.676535252425193,-1.402266304993622
1701,23.690329594809683,-1.3750160199508874
1702,23.703988063425374,-1.3480217101321985
1703,23.71751058267385,-1.3212839571583914
1704,23.730897077734483,-1.2948033369675886
1705,23.744147474564347,-1.2685804198060637
1706,23.757261699898137,-1.2426157702192107
1707,23.77023968124811,-1.2169099470426166
1708,23.783081346903973,-1.191463503393235
1709,23.795786625932852,-1.1662769866606675
1710,23.808355448179164,-1.1413509384985427
1711,23.820787744264585,-1.1166858948159997
1712,23.83308344558796,-1.0922823857692754
1713,23.845242484325205,-1.0681409357533924
1714,23.857264793429284,-1.0442620633939503
1715,23.869150306630107,-1.020646281539017
1716,23.88089895843445,-0.9972940972511253
1717,23.8925106841259,-0.9742060117993676
1718,23.903985419764783,-0.9513825206515955
1719,23.915323102188104,-0.9288241134667172
1720,23.926523669009438,-0.9065312740871007
1721,23.93758705861892,-0.8845044805310732
1722,23.94851321018314,-0.8627442049855261
1723,23.95930206364509,-0.8412509137986174
1724,23.969953559724082,-0.8200250674725772
1725,23.980467639915712,-0.7990671206566129
1726,23.990844246491772,-0.7783775221399135
1727,24.0010833225002,-0.7579567148447572
1728,24.011184811765006,-0.7378051358197169
1729,24.021148658886208,-0.7179232162329657
1730,24.03097480923978,-0.6983113813656849
1731,24.040663208977588,-0.6789700506055678
1732,24.05021380502734,-0.6598996374404258
1733,24.0596265450925,-0.6411005494518944
1734,24.068901377652253,-0.6225731883092368
1735,24.07803825196143,-0.6043179497632475
1736,24.087037118050482,-0.586335223640255
1737,24.095897926725367,-0.5686253938362246
1738,24.104620629567542,-0.5511888383109578
1739,24.11320517893388,-0.5340259290823922
1740,24.12165152795665,-0.5171370322209992
1741,24.12995963054341,-0.5005225078442808
1742,24.13812944137699,-0.4841827101113645
1743,24.14616091591542,-0.4681179872176961
1744,24.154054010391906,-0.4523286813898301
1745,24.161808681814748,-0.4368151288803205
1746,24.169424887967285,-0.4215776599627068
1747,24.17690258740787,-0.40661659892659846
1748,24.184241739469808,-0.3919322640728584
1749,24.191442304261287,-0.3775249677088824
1750,24.198504242665365,-0.36339501614397623
1751,24.205427516339885,-0.3495427096848308
1752,24.212212087717464,-0.33596834263109376
1753,24.218857920005405,-0.322672203271039
1754,24.225364977185677,-0.3096545738773318
1755,24.23173322401488,-0.2969157307028922
1756,24.23796262602415,-0.28445594397685464
1757,24.244053149519164,-0.272275477900624
1758,24.250004761580072,-0.2603745906440284
1759,24.25581743006145,-0.24875353434156877
1760,24.261491123592283,-0.2374125550887641
1761,24.267025811575884,-0.22635189293859376
1762,24.272421464189875,-0.21557178189803544
1763,24.27767805238615,-0.20507244992469886
1764,24.282795547890803,-0.19485411892355697
1765,24.28777392320414,-0.1849170047437708
1766,24.292613151600577,-0.1752613171756122
1767,24.297313207128646,-0.16588725994748077
1768,24.301874064610946,-0.15679503072301737
1769,24.30629569964409,-0.14798482109831287
1770,24.310578088598692,-0.13945681659921205
1771,24.3147212086193,-0.1312111966787134
1772,24.318725037624368,-0.12324813471446427
1773,24.32258955430625,-0.11556779800635006
1774,24.326314738131146,-0.10817034777418
1775,24.329900569339035,-0.10105593915546755
1776,24.33334702894368,-0.09422472120330569
1777,24.336654098732577,-0.08767683688433699
1778,24.339821761266947,-0.08141242307681833
1779,24.342849999881672,-0.07543161056878114
1780,24.34573879868527,-0.06973452405628613
1781,24.34848814255987,-0.06432128214177217
1782,24.351098017161195,-0.05919199733250016
1783,24.353568408918502,-0.054346776039091424
1784,24.35589930503457,-0.0497857185741609
1785,24.358090693485668,-0.04550891915104358
1786,24.360142563021537,-0.04151646588261675
1787,24.362054903165337,-0.037808440780215766
1788,24.363827704213648,-0.034384919752644176
1789,24.36546095723642,-0.031245972605278012
1790,24.36695465407697,-0.028391663039264294
1791,24.36830878735192,-0.025822048650814066
1792,24.36952335045122,-0.023537180930588444
1793,24.370598337538095,-0.02153710526317975
1794,24.371533743549,-0.019821860926686426
1795,24.372329564193667,-0.018391481092380924
1796,24.372985795955003,-0.017245992824472946
1797,24.373502436089115,-0.01638541707996575
1798,24.373879482625266,-0.015809768708606176
1799,24.374116934365887,-0.015519056452928653
1800,24.374214790886523,-0.015513282948393287
1801,24.37417305253582,-0.015792444723617478
1802,24.37399172043551,-0.016356532200701053
1803,24.373670796480408,-0.017205529695645073
1804,24.373210283338377,-0.018339415418864635
1805,24.372610184450306,-0.019758161475795556
1806,24.371870504030106,-0.021461733867593747
1807,24.370991247064694,-0.023450092491929267
1808,24.369972419313967,-0.02572319114387311
1809,24.3688140273108,-0.028280977516878046
1810,24.367516078361025,-0.031123393203853163
1811,24.366078580543405,-0.03425037369833157
1812,24.36450154270966,-0.037661848395731744
1813,24.362784974484416,-0.04135774059471277
1814,24.36092888626521,-0.04533796749862288
1815,24.358933289222474,-0.04960244021704136
1816,24.35679819529953,-0.05415106376741435
1817,24.354523617212575,-0.05898373707678416
1818,24.35210956845068,-0.06410035298361162
1819,24.34955606327577,-0.06950079823969299
1820,24.346863116722627,-0.07518495351216928
1821,24.344030744598882,-0.08115269338562989
1822,24.341058963484997,-0.08740388636430983
1823,24.337947790734283,-0.09393839487438008
1824,24.334697244472856,-0.10075607526633217
1825,24.331307343599683,-0.10785677781745562
1826,24.327778107786525,-0.11524034673440972
1827,24.324109557477982,-0.12290662015588882
1828,24.320301713891467,-0.1308554301553808
1829,24.316354599017195,-0.13908660274402027
1830,24.312268235618195,-0.1475999578735344
1831,24.30804264723032,-0.15639530943928306
1832,24.303677858162224,-0.16547246528339293
1833,24.29917389349538,-0.17483122719798494
1834,24.294530779084077,-0.184471390928496
1835,24.28974854155542,-0.19439274617709443
1836,24.284827208309327,-0.20459507660618953
1837,24.27976680751855,-0.21507815984203435
1838,24.274567368128665,-0.22584176747842366
1839,24.26922891985809,-0.2368856650804848
1840,24.263751493198065,-0.24820961218856374
1841,24.258135119412696,-0.25981336232220414
1842,24.25237983053893,-0.2716966629842214
1843,24.24648565938658,-0.2838592556648706
1844,24.240452639538326,-0.2963008758461087
1845,24.234280805349744,-0.3090212530059513
1846,24.227970191949275,-0.32202011062292374
1847,24.22152083523828,-0.33529716618060584
1848,24.214932771891014,-0.34885213117227293
1849,24.208206039354682,-0.36268471110562905
1850,24.201340675849412,-0.37679460550763677
1851,24.194336720368288,-0.3911815079294408
1852,24.187194212677344,-0.40584510595138656
1853,24.179913193315635,-0.42078508118813235
1854,24.17249370359518,-0.4360011092938592
1855,24.16493578560103,-0.45149285996757227
1856,24.15723948219127,-0.46725999695849985
1857,24.149404836997025,-0.48330217807158626
1858,24.14143189442251,-0.4996190551730793
1859,24.13332069964502,-0.5162102741962146
1860,24.125071298614955,-0.5330754751469936
1861,24.116683738055873,-0.5502142921100583
1862,24.10815806546447,-0.56762635325466
1863,24.099494329110637,-0.5853112808407239
1864,24.090692578037455,-0.6032686912250113
1865,24.081752862061254,-0.6214981948673738
1866,24.0726752317716,-0.6399993963371071
1867,24.063459738531364,-0.6587718943193974
1868,24.05410643447671,-0.6778152816218656
1869,24.044615372517164,-0.6971291451812068
1870,24.034986606335597,-0.7167130660699275
1871,24.025220190388275,-0.7365666195031754
1872,24.015316179904925,-0.756689374845669
1873,24.005274630888707,-0.7770808956187222
1874,23.9950956001163,-0.7977407395073647
1875,23.984779145137903,-0.8186684583675602
1876,23.97432532427728,-0.8398635982335209
1877,23.96373419663181,-0.8613256993251174
1878,23.95300582207247,-0.8830542960553881
1879,23.942140261243956,-0.9050489170381425
1880,23.931137575564666,-0.9273090850956636
1881,23.919997827226734,-0.9498343172665076
1882,23.9087210791961,-0.9726241248133989
1883,23.897307395212547,-0.9956780132312236
1884,23.885756839789725,-1.0189954822551217
1885,23.874069478215215,-1.042576025868674
1886,23.862245376550558,-1.066419132312189
1887,23.850284601631316,-1.090524284091087
1888,23.838187221067106,-1.1148909579843813
1889,23.825953303241647,-1.1395186250532585
1890,23.81358291731282,-1.1644067506497549
1891,23.80107613321271,-1.189554794425534
1892,23.788433021647656,-1.2149622103407605
1893,23.77565365409832,-1.2406284466730715
1894,23.762738102819707,-1.2665529460266487
1895,23.74968644084126,-1.2927351453413884
1896,23.736498741966873,-1.3191744759021702
1897,23.723175080774986,-1.3458703633482223
1898,23.709715532618624,-1.3728222276825899
1899,23.696120173625452,-1.4000294832817
1900,23.682389080697845,-1.4274915389050258
1901,23.668522331512946,-1.4552077977048503
1902,23.654520004522727,-1.4831776572361295
1903,23.640382178954063,-1.5114005094664562
1904,23.626108934808776,-1.5398757407861214
1905,23.61170035286372,-1.5686027320182767
1906,23.59715651467086,-1.5975808584291966
1907,23.5824775025573,-1.6268094897386411
1908,23.567663399625392,-1.656287990130316
1909,23.552714289752796,-1.6860157182624382
1910,23.537630257592536,-1.7159920272783973
1911,23.52241138857312,-1.7462162648175166
1912,23.507057768898555,-1.7766877730259214
1913,23.491569485548474,-1.8074058885675
1914,23.475946626278184,-1.838369942634971
1915,23.46018927961877,-1.8695792609610493
1916,23.444297534877183,-1.901033163829712
1917,23.428271482136267,-1.9327309660875704
1918,23.412111212254906,-1.964671977155338
1919,23.395816816868088,-1.9968555010394005
1920,23.37938838838699,-2.029280836343491
1921,23.362826019999076,-2.061947276280465
1922,23.346129805668173,-2.094854108684174
1923,23.32929984013459,-2.1280006160214464
1924,23.312336218915185,-2.1613860754041676
1925,23.29523903830347,-2.1950097586014623
1926,23.278008395369724,-2.2288709320519766
1927,23.26064438796106,-2.2629688568762716
1928,23.243147114701596,-2.2973027888893043
1929,23.225516674992452,-2.331871978613028
1930,23.207753169011955,-2.366675671289084
1931,23.189856697715694,-2.401713106891598
1932,23.17182736283664,-2.4369835201400822
1933,23.153665266885255,-2.472486140512442
1934,23.135370513149603,-2.5082201922580785
1935,23.116943205695478,-2.5441848944111016
1936,23.09838344936652,-2.5803794608036434
1937,23.07969134978431,-2.616803100079277
1938,23.060867013348506,-2.653455015706535
1939,23.041910547236995,-2.690334405992536
1940,23.022822059405975,-2.7274404640967136
1941,23.003601658590114,-2.764772378044649
1942,22.98424945430264,-2.802329330742006
1943,22.96476555683552,-2.8401104999885765
1944,22.945150077259573,-2.87811505849242
1945,22.925403127424588,-2.9163421738841193
1946,22.905524819959517,-2.954791008731131
1947,22.88551526827257,-2.993460720552245
1948,22.86537458655135,-3.032350461832151
1949,22.845102889763062,-3.071459380036103
1950,22.824700293654598,-3.1107866176246977
1951,22.804166914752713,-3.1503313120687473
1952,22.783502870364213,-3.1900925958642703
1953,22.762708278576035,-3.230069596547573
1954,22.741783258255495,-3.2702614367104523
1955,22.72072792905038,-3.3106672340154857
1956,22.699542411389157,-3.3512861012114468
1957,22.678226826481122,-3.3921171461488093
1958,22.656781296316584,-3.4331594717953675
1959,22.635205943667028,-3.4744121762519558
1960,22.613500892085305,-3.5158743527682796
1961,22.591666265905808,-3.5575450897588525
1962,22.569702190244648,-3.5994234708190294
1963,22.547608790999845,-3.6415085747411604
1964,22.525386194851535,-3.6837994755308405
1965,22.503034529262145,-3.726295242423269
1966,22.480553922476602,-3.7689949398997173
1967,22.457944503522523,-3.8118976277041003
1968,22.435206402210426,-3.855002360859653
1969,22.41233974913394,-3.8983081896857206
1970,22.389344675670014,-3.9418141598146472
1971,22.366221313979146,-3.9855193122087766
1972,22.342969797005566,-4.0294226831775575
1973,22.31959025847751,-4.073523304394755
1974,22.296082832907413,-4.117820202915777
1975,22.27244765559214,-4.1623124011950905
1976,22.248684862613228,-4.206998917103766
1977,22.224794590837153,-4.251878763947113
1978,22.200776977915513,-4.296950950482428
1979,22.17663216228535,-4.342214480936857
1980,22.152360283169344,-4.387668355025348
1981,22.127961480576094,-4.433311567968732
1982,22.103435895300386,-4.479143110511894
1983,22.078783668923432,-4.525161968942064
1984,22.054004943813194,-4.571367125107205
1985,22.02909986312461,-4.617757556434514
1986,22.004068570799877,-4.6643322359490345
1987,21.978911211568775,-4.711090132292371
1988,21.953627930948937,-4.75803020974151
1989,21.928218875246138,-4.805151428227752
1990,21.902684191554602,-4.852452743355752
1991,21.877024027757326,-4.899933106422666
1992,21.851238532526363,-4.947591464437406
1993,21.82532785532317,-4.995426760140001
1994,21.79929214639892,-5.043437932021067
1995,21.773131556794837,-5.0916239143413895
1996,21.746846238342506,-5.139983637151603
1997,21.720436343664268,-5.188516026311988
1998,21.69390202617352,-5.237220003512373
1999,21.66724344007512,-5.286094486292146
2000,21.64046074036566,-5.335138388060368
2001,21.61355408283396,-5.384350618116001
2002,21.586523624061343,-5.433730081668236
2003,21.559369521422045,-5.483275679856945
2004,21.532091933083628,-5.532986309773217
2005,21.50469101800735,-5.582860864480026
2006,21.47716693594857,-5.632898233032986
2007,21.449519847457186,-5.683097300501233
2008,21.42174991387802,-5.733456947988392
2009,21.39385729735125,-5.7839760526536805
2010,21.365842160812868,-5.834653487733091
2011,21.337704667995094,-5.885488122560699
2012,21.30944498342685,-5.936478822590081
2013,21.281063272434206,-5.987624449415815
2014,21.25255970114084,-6.038923860795125
2015,21.223934436468532,-6.0903759106696045
2016,21.195187646137626,-6.141979449187057
2017,21.16631949866756,-6.193733322723451
2018,21.13733016337732,-6.245636373904965
2019,21.108219810386014,-6.297687441630161
2020,21.078988610613322,-6.349885361092248
2021,21.049636735780087,-6.40222896380146
2022,21.020164358408827,-6.4547170776075395
2023,20.99057165182429,-6.50734852672233
2024,20.96085879015403,-6.560122131742473
2025,20.931025948328973,-6.6130367096722145
2026,20.901073302083987,-6.66609107394631
2027,20.871001027958492,-6.719284034453052
2028,20.840809303297064,-6.772614397557381
2029,20.81049830625004,-6.826080966124135
2030,20.78006821577417,-6.879682539541368
2031,20.749519211633224,-6.933417913743797
2032,20.71885147439869,-6.987285881236365
2033,20.688065185450398,-7.041285231117875
2034,20.657160526977204,-7.095414749104768
2035,20.626137681977713,-7.149673217554983
2036,20.594996834260925,-7.2040594154919235
2037,20.563738168447035,-7.258572118628546
2038,20.532361869968074,-7.3132100993915286
2039,20.50086812506871,-7.367972126945571
2040,20.46925712080699,-7.422856967217788
2041,20.43752904505511,-7.477863382922192
2042,20.405684086500226,-7.532990133584305
2043,20.373722434645202,-7.5882359755658735
2044,20.341644279809497,-7.64359966208966
2045,20.309449813129955,-7.699079943264369
2046,20.277139226561665,-7.754675566109672
2047,20.244712712878833,-7.810385274581312
2048,20.21217046567565,-7.866207809596343
2049,20.17951267936723,-7.92214190905846
2050,20.146739549190467,-7.978186307883423
2051,20.113851271205014,-8.034339738024594
2052,20.08084804229424,-8.09060092849858
2053,20.047730060166167,-8.146968605410974
2054,20.01449752335448,-8.203441491982186
2055,19.981150631219556,-8.26001830857341
2056,19.947689583949426,-8.316697772712645
2057,19.914114582560913,-8.373478599120858
2058,19.88042582890064,-8.430359499738236
2059,19.846623525646137,-8.487339183750528
2060,19.81270787630695,-8.5444163576155
2061,19.778679085225765,-8.601589725089488
2062,19.744537357579585,-8.658857987254054
2063,19.710282899380886,-8.716219842542728
2064,19.67591591747881,-8.773673986767875
2065,19.641436619560427,-8.83121911314763
2066,19.606845214151928,-8.888853912332966
2067,19.57214191061994,-8.946577072434831
2068,19.537326919172806,-9.004387279051407
2069,19.502400450861895,-9.062283215295443
2070,19.467362717582983,-9.120263561821718
2071,19.432213932077573,-9.178326996854567
2072,19.396954307934337,-9.236472196215539
2073,19.36158405959054,-9.294697833351115
2074,19.326103402333487,-9.353002579360556
2075,19.290512552301998,-9.411385103023827
2076,19.25481172648794,-9.469844070829629
2077,19.21900114273777,-9.52837814700351
2078,19.1830810197541,-9.586985993536102
2079,19.147051577097294,-9.645666270211414
2080,19.110913035187117,-9.70441763463525
2081,19.074665615304426,-9.763238742263711
2082,19.038309539592824,-9.822128246431786
2083,19.001845031060427,-9.881084798382044
2084,18.965272313581625,-9.94010704729342
2085,18.928591611898923,-9.999193640310075
2086,18.891803151624703,-10.058343222570397
2087,18.85490715924318,-10.11755443723601
2088,18.81790386211227,-10.17682592552098
2089,18.78079348846558,-10.236156326721014
2090,18.74357626741437,-10.29554427824282
2091,18.706252428949583,-10.354988415633514
2092,18.668822203943957,-10.414487372610148
2093,18.63128582415409,-10.474039781089292
2094,18.593643522222653,-10.533644271216755
2095,18.555895531680516,-10.593299471397328
2096,18.518042086949063,-10.653004008324695
2097,18.48008342334244,-10.712756507011349
2098,18.442019777069905,-10.772555590818662
2099,18.40385138523821,-10.832399881487005
2100,18.365578485854012,-10.892287999165957
2101,18.327201317826397,-10.952218562444626
2102,18.28872012096935,-11.012190188382013
2103,18.250135136004385,-11.072201492537502
2104,18.21144660456316,-11.132251089001404
2105,18.17265476919016,-11.192337590425602
2106,18.13375987334542,-11.252459608054275
2107,18.09476216140736,-11.312615751754699
2108,18.055661878675625,-11.372804630048131
2109,18.016459271373964,-11.433024850140795
2110,17.977154586653253,-11.493275017954904
2111,17.937748072594474,-11.553553738159824
2112,17.898239978211844,-11.61385961420325
2113,17.85863055345596,-11.67419124834253
2114,17.818920049216995,-11.734547241675996
2115,17.779108717328064,-11.794926194174453
2116,17.739196810568465,-11.855326704712663
2117,17.69918458266718,-11.915747371100977
2118,17.65907228830635,-11.976186790116994
2119,17.618860183124838,-12.036643557537325
2120,17.578548523721857,-12.097116268169414
2121,17.538137567660712,-12.157603515883451
2122,17.49762757347256,-12.218103893644347
2123,17.457018800660286,-12.278615993543772
2124,17.41631150970247,-12.339138406832298
2125,17.375505962057407,-12.399669723951586
2126,17.334602420167215,-12.460208534566647
2127,17.293601147462052,-12.520753427598192
2128,17.252502408364382,-12.581302991255038
2129,17.21130646829337,-12.641855813066574
2130,17.17001359366935,-12.70241047991532
2131,17.12862405191839,-12.762965578069538
2132,17.087138111476936,-12.823519693215912
2133,17.04555604179658,-12.884071410492304
2134,17.00387811334893,-12.944619314520553
2135,16.96210459763052,-13.005161989439372
2136,16.920235767167934,-13.065698018937292
2137,16.87827189552293,-13.12622598628565
2138,16.83621325729774,-13.186744474371691
2139,16.794060128140465,-13.247252065731685
2140,16.751812784750566,-13.307747342584117
2141,16.7094715048845,-13.36822888686296
2142,16.66703656736144,-13.428695280250983
2143,16.624508252069152,-13.489145104213138
2144,16.581886839970007,-13.549576940029974
2145,16.539172613107066,-13.609989368831156
2146,16.49636585461034,-13.670380971628997
2147,16.453466848703176,-13.730750329352082
2148,16.410475880708766,-13.79109602287891
2149,16.367393237056813,-13.851416633071628
2150,16.32421920529034,-13.9117107408098
2151,16.28095407407263,-13.971976927024222
2152,16.237598133194346,-14.032213772730815
2153,16.19415167358075,-14.09241985906454
2154,16.150614987299157,-14.152593767313382
2155,16.106988367566476,-14.212734078952385
2156,16.063272108756962,-14.272839375677723
2157,16.019466506410122,-14.33290823944083
2158,15.975571857238798,-14.39293925248257
2159,15.931588459137414,-14.452930997367465
2160,15.887516611190422,-14.512882057017961
2161,15.84335661368093,-14.572791014748736
2162,15.799108768099497,-14.632656454301049
2163,15.754773377153164,-14.692476959877148
2164,15.710350744774658,-14.75225111617471
2165,15.665841176131783,-14.811977508421313
2166,15.62124497763707,-14.871654722408973
2167,15.576562456957582,-14.931281344528694
2168,15.53179392302499,-14.99085596180507
2169,15.48693968604586,-15.050377161930921
2170,15.442000057512113,-15.109843533301976
2171,15.39697535021183,-15.169253665051574
2172,15.351865878240202,-15.228606147085419
2173,15.306671957010769,-15.287899570116343
2174,15.261393903266914,-15.347132525699129
2175,15.216032035093608,-15.40630360626536
2176,15.170586671929419,-15.465411405158287
2177,15.125058134578788,-15.524454516667728
2178,15.079446745224631,-15.583431536065014
2179,15.033752827441154,-15.642341059637943
2180,14.987976706207014,-15.701181684725773
2181,14.942118707918773,-15.759952009754244
2182,14.896179160404655,-15.818650634270604
2183,14.850158392938592,-15.877276158978692
2184,14.804056736254669,-15.935827185774
2185,14.757874522561824,-15.994302317778818
2186,14.711612085558942,-16.05270015937734
2187,14.665269760450256,-16.11101931625083
2188,14.618847883961157,-16.169258395412772
2189,14.57234679435432,-16.227416005244084
2190,14.525766831446258,-16.285490755528322
2191,14.479108336624234,-16.343481257486875
2192,14.432371652863592,-16.401386123814238
2193,14.385557124745445,-16.459203968713226
2194,14.338665098474848,-16.516933407930278
2195,14.29169592189938,-16.57457305879071
2196,14.244649944528161,-16.632121540233975
2197,14.197527517551297,-16.689577472849027
2198,14.15032899385985,-16.746939478909564
2199,14.103054728066217,-16.804206182409363
2200,14.05570507652508,-16.8613762090976
2201,14.00828039735477,-16.91844818651417
2202,13.960781050459223,-16.975420744025016
2203,13.913207397550433,-17.03229251285746
2204,13.86555980217144,-17.089062126135534
2205,13.817838629719892,-17.145728218915327
2206,13.770044247472201,-17.20228942822029
2207,13.72217702460827,-17.258744393076597
2208,13.674237332236816,-17.315091754548465
2209,13.626225543421345,-17.371330155773475
2210,13.578142033206742,-17.427458241997897
2211,13.529987178646538,-17.48347466061202
2212,13.481761358830866,-17.53937806118542
2213,13.433464954915062,-17.59516709550232
2214,13.385098350149038,-17.650840417596825
2215,13.336661929907377,-17.706396683788242
2216,13.288156081720155,-17.761834552716323
2217,13.239581195304568,-17.81715268537654
2218,13.190937662597364,-17.872349745155322
2219,13.142225877788073,-17.927424397865273
2220,13.093446237353097,-17.98237531178039
2221,13.044599140090686,-18.037201157671262
2222,12.995684987156771,-18.091900608840245
2223,12.946704182101755,-18.146472341156592
2224,12.897657130908234,-18.20091503309163
2225,12.848544242029682,-18.25522736575382
2226,12.799365926430186,-18.309408022923904
2227,12.750122597625133,-18.36345569108991
2228,12.700814671723066,-18.417369059482244
2229,12.651442567468518,-18.471146820108643
2230,12.602006706286089,-18.524787667789216
2231,12.552507512325585,-18.57829030019135
2232,12.50294541250841,-18.631653417864666
2233,12.453320836575179,-18.684875724275877
2234,12.403634217134567,-18.73795592584367
2235,12.353885989713536,-18.79089273197354
2236,12.304076592808801,-18.84368485509252
2237,12.254206467939788,-18.896331010683994
2238,12.204276059702938,-18.948829917322385
2239,12.154285815827553,-19.001180296707812
2240,12.1042361872331,-19.053380873700753
2241,12.054127628088107,-19.105430376356605
2242,12.003960595870666,-19.157327535960253
2243,11.953735551430603,-19.20907108706057
2244,11.903452959053356,-19.26065976750486
2245,11.853113286525625,-19.312092318473272
2246,11.802717005202842,-19.363367484513194
2247,11.752264590078505,-19.41448401357351
2248,11.701756519855493,-19.465440657038922
2249,11.651193277019347,-19.516236169764106
2250,11.60057534791361,-19.566869310107915
2251,11.549903222817344,-19.61733883996745
2252,11.499177396024793,-19.667643524812128
2253,11.448398365927353,-19.717782133717648
2254,11.397566635097881,-19.767753439399968
2255,11.346682710377392,-19.817556218249113
2256,11.295747102964318,-19.86718925036306
2257,11.244760328506272,-19.916651319581423
2258,11.19372290719456,-19.96594121351918
2259,11.142635363861359,-20.015057723600275
2260,11.09149822807982,-20.06399964509119
2261,11.040312034267059,-20.11276577713442
2262,10.989077321790226,-20.161354922781904
2263,10.937794635075688,-20.209765889028354
2264,10.886464523721443,-20.257997486844573
2265,10.835087542612943,-20.306048531210624
2266,10.78366425204234,-20.353917841148988
2267,10.732195217831348,-20.40160423975761
2268,10.68068101145779,-20.449106554242892
2269,10.629122210186022,-20.496423615952587
2270,10.57751939720131,-20.54355426040863
2271,10.525873161748285,-20.59049732733989
2272,10.47418409927372,-20.637251660714828
2273,10.422452811573656,-20.683816108774078
2274,10.370679906945112,-20.730189524062947
2275,10.31886600034247,-20.776370763463838
2276,10.267011713538807,-20.82235868822856
2277,10.215117675292236,-20.868152164010585
2278,10.163184521517529,-20.91375006089717
2279,10.111212895463105,-20.959151253441455
2280,10.0592034478937,-21.004354620694386
2281,10.007156837278835,-21.04935904623664
2282,9.95507372998731,-21.09416341821035
2283,9.902954800488011,-21.138766629350844
2284,9.850800731557106,-21.18316757701819
2285,9.79861221449208,-21.227365163228708
2286,9.74638994933264,-21.271358294686355
2287,9.694134645088926,-21.315145882814015
2288,9.641847019977199,-21.358726843784684
2289,9.589527801663294,-21.402100098552566
2290,9.537177727514166,-21.445264572884025
2291,9.48479754485781,-21.4882191973885
2292,9.432388011251897,-21.530962907549238
2293,9.379949894761406,-21.573494643753957
2294,9.327483974245649,-21.615813351325414
2295,9.274991039655,-21.657917980551826
2296,9.222471892337786,-21.699807486717198
2297,9.169927345357632,-21.741480830131533
2298,9.117358223821725,-21.782936976160947
2299,9.064765365220401,-21.824174895257624
2300,9.012149619778517,-21.865193562989706
2301,8.959511850819084,-21.905991960071002
2302,8.906852935139579,-21.946569072390652
2303,8.854173763401514,-21.986923891042615
2304,8.80147524053375,-22.02705541235506
2305,8.74875828615014,-22.066962637919588
2306,8.696023834982013,-22.10664457462043
2307,8.643272837326155,-22.14610023466339
2308,8.59050625950893,-22.185328635604762
2309,8.537725084367125,-22.224328800380086
2310,8.484930311746245,-22.26309975733273
2311,8.432122959016986,-22.301640540242428
2312,8.379304061610641,-22.339950188353615
2313,8.32647467357414,-22.378027746403653
2314,8.273635868145663,-22.41587226465091
2315,8.220788738351592,-22.453482798902737
2316,8.167934397625714,-22.49085841054328
2317,8.115073980451639,-22.527998166561133
2318,8.06220864302939,-22.564901139576907
2319,8.009339563967174,-22.601566407870624
2320,7.956467944999407,-22.63799305540895
2321,7.903595011732193,-22.674180171872322
2322,7.8507220144173,-22.71012685268193
2323,7.7978502287559275,-22.745832199026513
2324,7.744980956733558,-22.78129531788905
2325,7.69211552748724,-22.81651532207329
2326,7.639255298206677,-22.851491330230104
2327,7.586401655070603,-22.886222466883762
2328,7.533556014220021,-22.920707862457952
2329,7.480719822769865,-22.954946653301754
2330,7.427894559860854,-22.988937981715356
2331,7.375081737753224,-23.022680995975733
2332,7.322282902964253,-23.05617485036205
2333,7.26949963745151,-23.089418705180986
2334,7.216733559843855,-23.122411726791878
2335,7.163986326722331,-23.155153087631692
2336,7.111259633953144,-23.187641966239855
2337,7.058555218075179,-23.219877547282913
2338,7.005874857744339,-23.25185902157902
2339,6.953220375237416,-23.283585586122282
2340,6.900593638018123,-23.315056444106915
2341,6.847996560368093,-23.34627080495126
2342,6.795431105085783,-23.377227884321584
2343,6.742899285256465,-23.407926904155786
2344,6.690403166096364,-23.438367092686867
2345,6.637944866874509,-23.468547684466255
2346,6.585526562915701,-23.498467920386965
2347,6.533150487688341,-23.528127047706587
2348,6.480818934981052,-23.557524320070062
2349,6.428534261172046,-23.586658997532343
2350,6.376298887595563,-23.615530346580826
2351,6.324115303009765,-23.64413764015766
2352,6.2719860661707,-23.672480157681804
2353,6.2199138085172345,-23.700557185070984
2354,6.1679012369719395,-23.728368014763408
2355,6.115951136863215,-23.755911945739324
2356,6.064066374974188,-23.783188283542426
2357,6.012249902724033,-23.810196340301022
2358,5.960504759487771,-23.836935434749034
2359,5.908834076060665,-23.863404892246844
2360,5.8572410782737805,-23.88960404480192
2361,5.805729090767307,-23.915532231089276
2362,5.754301540928725,-23.94118879647171
2363,5.702961963002911,-23.96657309301991
2364,5.651714002381808,-23.991684479532307
2365,5.600561420081304,-24.01652232155478
2366,5.5495080974133355,-24.041085991400156
2367,5.4985580408614885,-24.065374868167513
2368,5.447715387168523,-24.089388337761296
2369,5.396984408644597,-24.11312579291024
2370,5.346369518705031,-24.136586633186077
2371,5.295875277646806,-24.159770265022072
2372,5.245506398672964,-24.182676101731346
2373,5.195267754174503,-24.205303563525028
2374,5.145164382279071,-24.22765207753014
2375,5.095201493676208,-24.249721077807383
2376,5.045384478728615,-24.27151000536861
2377,4.9957189148790295,-24.293018308194217
2378,4.946210574362033,-24.314245441250208
2379,4.896865432230046,-24.335190866505158
2380,4.847689674702325,-24.3558540529469
2381,4.798689707845418,-24.376234476599073
2382,4.749872166592934,-24.396331620537396
2383,4.701243924111861,-24.416144974905784
2384,4.652812101521651,-24.43567403693224
2385,4.604584077971376,-24.45491831094453
2386,4.556567501078819,-24.473877308385674
2387,4.508770297733933,-24.49255054782919
2388,4.461200685267169,-24.510937554994168
2389,4.4138671829811535,-24.5290378627601
2390,4.366778624041535,-24.546851011181523
2391,4.319944167720052,-24.564376547502427
2392,4.273373311979505,-24.581614026170463
2393,4.22707590638635,-24.598563008850945
2394,4.181062165332424,-24.615223064440602
2395,4.135342681542202,-24.631593769081164
2396,4.08992843983637,-24.647674706172687
2397,4.044830831116137,-24.663465466386693
2398,4.000061666525488,-24.678965647679075
2399,3.9556331917406826,-24.694174855302787
2400,3.9115581013272798,-24.709092701820314
2401,3.867849553095028,-24.72371880711593
2402,3.824521182370172,-24.73805279840774
2403,3.7815871160924837,-24.752094310259476
2404,3.7390619866313015,-24.765842984592087
2405,3.696960945200346,-24.779298470695124
2406,3.6552996747356374,-24.79246042523788
2407,3.6140944020840946,-24.805328512280305
2408,3.5733619093322377,-24.817902403283714
2409,3.533119544085651,-24.830181777121265
2410,3.4933852284897013,-24.84216632008821
2411,3.454177466760942,-24.853855725911913
2412,3.4155153509771927,-24.86524969576166
2413,3.377418564852235,-24.876347938258213
2414,3.3399073851988503,-24.887150169483196
2415,3.3030026807623707,-24.89765611298817
2416,3.266725908085774,-24.907865499803574
2417,3.231099104048185,-24.917778068447333
2418,3.1961448747012278,-24.927393564933347
2419,3.1618863800134385,-24.93671174277966
2420,3.1283473141228613,-24.945732363016454
2421,3.0955518806923723,-24.954455194193812
2422,3.063524762963455,-24.962880012389192
2423,3.0322910881121197,-24.971006601214746
2424,3.001876385527716,-24.978834751824383
2425,2.9723065386621395,-24.98636426292056
2426,2.943607730134926,-24.993594940760907
2427,2.9158063798303693,-25.00052659916456
2428,2.88892907578645,-25.007159059518308
2429,2.8630024977536674,-25.013492150782486
2430,2.838053333394802,-25.01952570949662
2431,2.8141081872042064,-25.025259579784876
2432,2.791193482347458,-25.03069361336124
2433,2.7693353557576006,-25.035827669534488
2434,2.748559546971445,-25.04066161521291
2435,2.728891281345554,-25.045195324908786
2436,2.71035514845415,-25.049428680742665
2437,2.692974976635366,-25.053361572447383
2438,2.6767737048140434,-25.056993897371832
2439,2.6617732528831146,-25.06032556048453
2440,2.647994392065537,-25.063356474376928
2441,2.6354566167990994,-25.066086559266488
2442,2.624178019780955,-25.06851574299953
2443,2.6141751718719237,-25.070643961053836
2444,2.6054630085871477,-25.07247115654102
2445,2.5980547248862313,-25.07399728020867
2446,2.591961679918518,-25.07522229044222
2447,2.587193313277995,-25.076146153266652
2448,2.58375707417659,-25.076768842347885
2449,2.5816583647578635,-25.07709033899397
2450,2.5809004985487527,-25.077110632156042
2451,2.581484674791642,-25.07682971842904
2452,2.583409969120011,-25.07624760205216
2453,2.586673340746782,-25.075364294909114
2454,2.591269656034858,-25.07417981652812
2455,2.5971917280242,-25.072694194081663
2456,2.604430371208086,-25.070907462386028
2457,2.6129744705922837,-25.06881966390057
2458,2.6228110638423434,-25.066430848726792
2459,2.6339254351320713,-25.063741074607137
2460,2.6463012191551707,-25.060750406923557
2461,2.6599205136549564,-25.057458918695882
2462,2.6747639987639573,-25.053866690579884
2463,2.6908110614263174,-25.04997381086516
2464,2.7080399231972923,-25.04578037547277
2465,2.7264277697728265,-25.041286487952586
2466,2.7459508806932873,-25.036492259480486
2467,2.766584757782356,-25.03139780885525
2468,2.7883042510201355,-25.026003262495234
2469,2.8110836807017616,-25.020308754434822
2470,2.8348969548938294,-25.014314426320635
2471,2.8597176813652294,-25.008020427407466
2472,2.885519273331926,-25.001426914554067
2473,2.912275048512436,-24.994534052218594
2474,2.939958321139347,-24.987342012453905
2475,2.9685424867092434,-24.979850974902558
2476,2.99800109937737,-24.972061126791615
2477,3.028307942012858,-24.963972662927198
2478,3.059437089025379,-24.955585785688797
2479,3.0913629621539354,-24.94690070502336
2480,3.124060379474305,-24.937917638439153
2481,3.1575045979337526,-24.92863681099935
2482,3.1916713497612403,-24.919058455315447
2483,3.2265368731295894,-24.90918281154039
2484,3.2620779374640407,-24.899010127361485
2485,3.2982718638011206,-24.888540657993104
2486,3.335096540603251,-24.877774666169095
2487,3.3725304354302126,-24.866712422135056
2488,3.4105526028586923,-24.85535420364026
2489,3.4491426890274535,-24.84370029592944
2490,3.4882809331688054,-24.831750991734314
2491,3.527948166467834,-24.819506591264858
2492,3.5681258085699987,-24.80696740220037
2493,3.6087958620362213,-24.794133739680326
2494,3.649940905022398,-24.78100592629493
2495,3.6915440824382526,-24.76758429207554
2496,3.733589095818696,-24.75386917448477
2497,3.7760601921200165,-24.73986091840642
2498,3.8189421516327147,-24.72555987613517
2499,3.862220275184017,-24.710966407366016
2500,3.905880370784662,-24.696080879183523
2501,3.9499087398578236,-24.68090366605082
2502,3.9942921631722776,-24.665435149798366
2503,4.039017886587433,-24.649675719612546
2504,4.0840736067043855,-24.633625772023944
2505,4.129447456505129,-24.617285710895487
2506,4.175127991050843,-24.6006559474103
2507,4.221104173300147,-24.583736900059396
2508,4.267365360099297,-24.566528994629063
2509,4.313901288387904,-24.54903266418812
2510,4.360702061656825,-24.531248349074875
2511,4.407758136688054,-24.513176496883922
2512,4.455060310601049,-24.49481756245266
2513,4.502599708224473,-24.476172007847644
2514,4.550367769808299,-24.457240302350687
2515,4.598356239086912,-24.438022922444755
2516,4.646557151700719,-24.41852035179963
2517,4.694962823980692,-24.39873308125738
2518,4.743565842097695,-24.37866160881758
2519,4.792359051576364,-24.35830643962237
2520,4.841335547171357,-24.33766808594122
2521,4.8904886631022055,-24.316747067155553
2522,4.9398119636417075,-24.295543909743113
2523,4.989299234051735,-24.274059147262143
2524,5.03894447185931,-24.25229332033533
2525,5.088741878465226,-24.230246976633545
2526,5.138685851076749,-24.207920670859387
2527,5.188770974955717,-24.185314964730512
2528,5.238992015972747,-24.162430426962704
2529,5.289343913458255,-24.139267633252835
2530,5.339821773340817,-24.11582716626153
2531,5.390420861563196,-24.092109615595653
2532,5.441136597766548,-24.068115577790607
2533,5.49196454923322,-24.0438456562924
2534,5.5429004250787735,-24.01930046143954
2535,5.593940070683823,-23.994480610444654
2536,5.645079462356705,-23.969386727376026
2537,5.696314702217876,-23.944019443138806
2538,5.747642013297455,-23.91837939545609
2539,5.799057734837229,-23.892467228849792
2540,5.850558317789068,-23.866283594621304
2541,5.902140320501482,-23.83982915083196
2542,5.953800404586729,-23.813104562283296
2543,6.005535330960873,-23.786110500497138
2544,6.057341956049562,-23.758847643695464
2545,6.109217228152479,-23.731316676780082
2546,6.161158183959799,-23.703518291312133
2547,6.213161945214084,-23.675453185491374
2548,6.265225715511402,-23.64712206413527
2549,6.317346777235683,-23.618525638657918
2550,6.369522488620567,-23.589664627048776
2551,6.421750280933128,-23.56053975385115
2552,6.47402765577435,-23.531151750140598
2553,6.526352182491039,-23.501501353503027
2554,6.578721495694581,-23.47158930801271
2555,6.631133292881649,-23.441416364210035
2556,6.683585332152574,-23.41098327907912
2557,6.736075430023012,-23.38029081602522
2558,6.788601459324897,-23.349339744851978
2559,6.8411613471927195,-23.31813084173846
2560,6.893753073131504,-23.286664889216027
2561,6.946374667162788,-23.25494267614505
2562,6.999024208045331,-23.222964997691392
2563,7.051699821567229,-23.19073265530278
2564,7.104399678906319,-23.15824645668494
2565,7.157121995056008,-23.125507215777585
2566,7.20986502731354,-23.092515752730264
2567,7.262627073828151,-23.059272893877957
2568,7.315406472206412,-23.02577947171656
2569,7.368201598172387,-22.992036324878203
2570,7.42101086428017,-22.958044298106355
2571,7.47383271867662,-22.92380424223078
2572,7.526665643912115,-22.889317014142364
2573,7.579508155797272,-22.8545834767677
2574,7.632358802303711,-22.819604499043585
2575,7.685216162506964,-22.784380955891297
2576,7.738078845569756,-22.748913728190736
2577,7.790945489763944,-22.7132037027544
2578,7.843814761529526,-22.6772517723012
2579,7.896685354569126,-22.641058835430123
2580,7.9495559889765195,-22.604625796593695
2581,8.002425410397665,-22.567953566071356
2582,8.05529238922311,-22.531043059942633
2583,8.108155719810243,-22.493895200060162
2584,8.16101421973428,-22.456510914022573
2585,8.213866729066844,-22.418891135147202
2586,8.26671210968088,-22.381036802442676
2587,8.319549244580944,-22.34294886058133
2588,8.3723770372578,-22.304628259871475
2589,8.425194411066306,-22.266075956229546
2590,8.478000308625717,-22.22729291115205
2591,8.53079369124141,-22.188280091687425
2592,8.58357353834732,-22.14903847040774
2593,8.636338846968096,-22.1095690253802
2594,8.689088631200276,-22.069872740138614
2595,8.74182192171178,-22.02995060365462
2596,8.79453776525887,-21.98980361030883
2597,8.84723522422,-21.949432759861818
2598,8.899913376145872,-21.908839057424977
2599,8.952571313325002,-21.868023513431247
2600,9.005208142364301,-21.826987143605685
2601,9.057822983783973,-21.785730968935933
2602,9.110414971626305,-21.744256015642527
2603,9.162983253077718,-21.70256331514911
2604,9.215526988103585,-21.66065390405248
2605,9.268045349095384,-21.618528824092532
2606,9.320537520529697,-21.576189122122067
2607,9.373002698638546,-21.533635850076475
2608,9.425440091090731,-21.490870064943312
2609,9.47784891668371,-21.44789282873172
2610,9.530228405045632,-21.404705208441754
2611,9.582577796347152,-21.361308276033576
2612,9.634896341022666,-21.31770310839655
2613,9.687183299500594,-21.27389078731819
2614,9.739437941942477,-21.229872399453015
2615,9.791659547990392,-21.185649036291277
2616,9.843847406522544,-21.141221794127585
2617,9.89600081541667,-21.096591774029406
2618,9.948119081320947,-21.051760081805483
2619,10.000201519432247,-21.00672782797409
2620,10.05224745328128,-20.961496127731237
2621,10.104256214524616,-20.916066100918723
2622,10.156227142743132,-20.870438871992146
2623,10.208159585246793,-20.8246155699887
2624,10.260052896885473,-20.778597328495003
2625,10.31190643986566,-20.732385285614704
2626,10.363719583572781,-20.685980583936082
2627,10.415491704398994,-20.63938437049947
2628,10.46722218557622,-20.59259779676466
2629,10.518910417014304,-20.545622018578136
2630,10.570555795144005,-20.498458196140263
2631,10.62215772276482,-20.451107493972355
2632,10.673715608897325,-20.403571080883676
2633,10.72522886863994,-20.355850129938336
2634,10.776696923029963,-20.307945818422077
2635,10.828119198908794,-20.25985932780901
2636,10.879495128791035,-20.211591843728254
2637,10.930824150737577,-20.163144555930458
2638,10.982105708232304,-20.11451865825428
2639,11.03333925006247,-20.065715348592768
2640,11.08452423020254,-20.01673582885965
2641,11.135660107701398,-19.967581304955555
2642,11.186746346572816,-19.91825298673415
2643,11.237782415689093,-19.868752087968225
2644,11.288767788677713,-19.819079826315633
2645,11.339701943821007,-19.769237423285237
2646,11.390584363958626,-19.719226104202743
2647,11.441414536392784,-19.66904709817646
2648,11.492191952796217,-19.618701638062984
2649,11.54291610912269,-19.568190960432844
2650,11.593586505520049,-19.51751630553605
2651,11.64420264624567,-19.466678917267586
2652,11.694764039584287,-19.415680043132824
2653,11.745270197768084,-19.364520934212905
2654,11.795720636899016,-19.313202845130014
2655,11.84611487687325,-19.26172703401264
2656,11.8964524413077,-19.210094762460738
2657,11.946732857468527,-19.158307295510856
2658,11.996955656201644,-19.106365901601176
2659,12.04712037186509,-19.054271852536555
2660,12.097226542263204,-19.00202642345344
2661,12.1472737085826,-18.94963089278478
2662,12.197261415329884,-18.897086542224855
2663,12.247189210270976,-18.84439465669411
2664,12.297056644372125,-18.791556524303846
2665,12.346863271742448,-18.738573436320944
2666,12.396608649577974,-18.685446687132526
2667,12.446292338107236,-18.632177574210512
2668,12.495913900538229,-18.578767398076238
2669,12.545472903006779,-18.525217462264916
2670,12.594968914526296,-18.47152907329015
2671,12.644401506938786,-18.417703540608347
2672,12.693770254867156,-18.363742176583123
2673,12.743074735668774,-18.309646296449646
2674,12.792314529390202,-18.255417218278975
2675,12.841489218723108,-18.201056262942323
2676,12.890598388961289,-18.146564754075335
2677,12.939641627958828,-18.091944018042277
2678,12.988618526089287,-18.037195383900254
2679,13.037528676205957,-17.982320183363335
2680,13.086371673603091,-17.927319750766706
2681,13.135147115978139,-17.872195423030767
2682,13.183854603394938,-17.816948539625194
2683,13.232493738247797,-17.761580442533006
2684,13.281064125226496,-17.70609247621457
2685,13.329565371282174,-17.65048598757163
2686,13.377997085594048,-17.59476232591127
2687,13.426358879536952,-17.53892284290988
2688,13.47465036664971,-17.48296889257711
2689,13.522871162604233,-17.426901831219784
2690,13.571020885175441,-17.370723017405812
2691,13.619099154211874,-17.314433811928097
2692,13.667105591607056,-17.258035577768407
2693,13.715039821271507,-17.20152968006124
2694,13.762901469105515,-17.144917486057686
2695,13.810690162972476,-17.08820036508929
2696,13.858405532672958,-17.031379688531853
2697,13.906047209919343,-16.974456829769313
2698,13.953614828311089,-16.917433164157533
2699,14.001108023310588,-16.86031006898813
2700,14.048526432219603,-16.803088923452304
2701,14.095869694156294,-16.745771108604625
2702,14.143137450032695,-16.688358007326887
2703,14.190329342532872,-16.630851004291863
2704,14.237445016091451,-16.573251485927166
2705,14.28448411687277,-16.515560840379052
2706,14.33144629275044,-16.457780457476204
2707,14.378331193287439,-16.39991172869361
2708,14.425138469716632,-16.341956047116337
2709,14.471867774921774,-16.28391480740341
2710,14.518518763418975,-16.225789405751605
2711,14.565091091338502,-16.167581239859356
2712,14.611584416407135,-16.10929170889057
2713,14.657998397930841,-16.050922213438522
2714,14.704332696777856,-15.992474155489734
2715,14.750586975362186,-15.933948938387877
2716,14.796760897627488,-15.875347966797673
2717,14.842854129031293,-15.816672646668838
2718,14.8888663365296,-15.757924385200024
2719,14.934797188561825,-15.699104590802776
2720,14.980646355036104,-15.640214673065522
2721,15.026413507314901,-15.581256042717575
2722,15.072098318200972,-15.522230111593151
2723,15.117700461923624,-15.463138292595433
2724,15.163219614125309,-15.40398199966062
2725,15.208655451848482,-15.34476264772205
2726,15.25400765352279,-15.285481652674283
2727,15.299275898952539,-15.226140431337289
2728,15.344459869304416,-15.166740401420592
2729,15.389559247095516,-15.107282981487497
2730,15.434573716181642,-15.047769590919314
2731,15.479502961745837,-14.988201649879624
2732,15.52434667028717,-14.928580579278577
2733,15.569104529609781,-14.86890780073723
2734,15.613776228812197,-14.809184736551897
2735,15.658361458276815,-14.749412809658569
2736,15.7028599096597,-14.68959344359733
2737,15.74727127588054,-14.62972806247684
2738,15.791595251112826,-14.569818090938856
2739,15.835831530774309,-14.509864954122762
2740,15.879979811517586,-14.449870077630178
2741,15.924039791220943,-14.389834887489583
2742,15.968011168979393,-14.329760810120991
2743,16.011893645095856,-14.26964927230067
2744,16.05568692107263,-14.209501701125898
2745,16.099390699602928,-14.149319523979784
2746,16.14300468456269,-14.089104168496107
2747,16.18652858100254,-14.028857062524205
2748,16.229962095139914,-13.96857963409396
2749,16.273304934351334,-13.908273311380752
2750,16.316556807164893,-13.847939522670533
2751,16.359717423252878,-13.787579696324915
2752,16.40278649342455,-13.727195260746317
2753,16.44576372961908,-13.666787644343165
2754,16.488648844898638,-13.606358275495156
2755,16.5314415534416,-13.545908582518546
2756,16.574141570535975,-13.48543999363154
2757,16.616748612572867,-13.424953936919698
2758,16.65926239704018,-13.364451840301404
2759,16.70168264251636,-13.303935131493427
2760,16.744009068664347,-13.243405237976482
2761,16.78624139622562,-13.18286358696092
2762,16.828379347014355,-13.122311605352396
2763,16.870422643911716,-13.0617507197177
2764,16.91237101086029,-13.001182356250542
2765,16.954224172858606,-12.940607940737486
2766,16.995981855955783,-12.8800288985239
2767,17.03764378724629,-12.819446654479995
2768,17.079209694864787,-12.7588626329669
2769,17.120679307981145,-12.698278257802848
2770,17.162052356795485,-12.637694952229385
2771,17.203328572533376,-12.577114138877672
2772,17.2445076874411,-12.516537239734848
2773,17.285589434781052,-12.455965676110468
2774,17.326573548827177,-12.395400868603001
2775,17.367459764860595,-12.334844237066406
2776,17.408247819165183,-12.274297200576784
2777,17.448937449023376,-12.213761177399087
2778,17.48952839271198,-12.15323758495392
2779,17.530020389498098,-12.092727839784404
2780,17.570413179635132,-12.032233357523111
2781,17.610706504358866,-11.971755552859092
2782,17.650900105883636,-11.911295839504959
2783,17.690993727398553,-11.850855630164064
2784,17.73098711306384,-11.79043633649773
2785,17.770880008007243,-11.730039369092603
2786,17.81067215832045,-11.66966613742803
2787,17.850363311055684,-11.609318049843552
2788,17.889953214222277,-11.548996513506475
2789,17.929441616783368,-11.48870293437951
2790,17.968828268652626,-11.4284387171885
2791,18.00811292069109,-11.368205265390223
2792,18.047295324704013,-11.308003981140303
2793,18.086375233437824,-11.24783626526116
2794,18.125352400577118,-11.18770351721009
2795,18.164226580741722,-11.12760713504741
2796,18.202997529483817,-11.067548515404676
2797,18.241665003285092,-11.007529053453007
2798,18.280228759553992,-10.947550142871487
2799,18.318688556623034,-10.88761317581566
2800,18.35704415374609,-10.82771954288611
2801,18.395295311095843,-10.767870633097111
2802,18.4334417897612,-10.70806783384541
2803,18.47148335174479,-10.648312530879059
2804,18.509419759960537,-10.588606108266344
2805,18.54725077823123,-10.528949948364827
2806,18.5849761712862,-10.469345431790464
2807,18.622595704758965,-10.409793937386798
2808,18.660109145184993,-10.350296842194288
2809,18.697516259999496,-10.290855521419688
2810,18.73481681753524,-10.231471348405538
2811,18.772010587020404,-10.172145694599756
2812,18.80909733857652,-10.11287992952531
2813,18.846076843216398,-10.05367542074999
2814,18.88294887284211,-9.994533533856288
2815,18.919713200243063,-9.935455632411351
2816,18.95636959909402,-9.876443077937054
2817,18.99291784395323,-9.817497229880145
2818,19.02935771026059,-9.758619445582518
2819,19.065688974335785,-9.699811080251553
2820,19.101911413376545,-9.641073486930585
2821,19.138024805456855,-9.582408016469444
2822,19.174028929525274,-9.523816017495104
2823,19.209923565403244,-9.465298836382448
2824,19.245708493783425,-9.40685781722511
2825,19.281383496228095,-9.348494301806427
2826,19.31694835516756,-9.290209629570503
2827,19.35240285389859,-9.23200513759335
2828,19.387746776582905,-9.173882160554152
2829,19.42297990824566,-9.115842030706633
2830,19.458102034774026,-9.057886077850496
2831,19.49311294291567,-9.000015629303022
2832,19.52801242027742,-8.942232009870704
2833,19.56280025532385,-8.884536541821047
2834,19.597476237375908,-8.826930544854436
2835,19.632040156609612,-8.76941533607611
2836,19.666491804054726,-8.711992229968264
2837,19.700830971593465,-8.654662538362228
2838,19.735057451959282,-8.597427570410778
2839,19.769171038735603,-8.54028863256053
2840,19.803171526354607,-8.483247028524458
2841,19.837058710096066,-8.426304059254505
2842,19.870832386086153,-8.36946102291432
2843,19.904492351296337,-8.312719214852073
2844,19.93803840354222,-8.256079927573403
2845,19.971470341482476,-8.199544450714477
2846,20.004787964617734,-8.143114071015127
2847,20.03799107328954,-8.08679007229213
2848,20.07107946867933,-8.030573735412572
2849,20.104052952807375,-7.97446633826734
2850,20.136911328531816,-7.918469155744708
2851,20.169654399547667,-7.862583459704037
2852,20.20228197038584,-7.806810518949599
2853,20.23479384641222,-7.751151599204491
2854,20.267189833826727,-7.695607963084667
2855,20.29946973966241,-7.640180870073085
2856,20.331633371784534,-7.584871576493969
2857,20.363680538889728,-7.5296813354871555
2858,20.395611050505114,-7.474611396982599
2859,20.427424716987446,-7.41966300767494
2860,20.459121349522306,-7.36483741099821
2861,20.49070076012327,-7.310135847100659
2862,20.522162761631115,-7.25555955281966
2863,20.553507167713022,-7.201109761656769
2864,20.58473379286184,-7.146787703752863
2865,20.615842452395285,-7.092594605863404
2866,20.646832962455218,-7.038531691333834
2867,20.67770514000691,-6.984600180075038
2868,20.708458802838337,-6.930801288538973
2869,20.73909376955946,-6.877136229694378
2870,20.769609859601534,-6.823606213002599
2871,20.800006893216448,-6.770212444393547
2872,20.83028469147603,-6.71695612624175
2873,20.860443076271412,-6.663838457342531
2874,20.8904818703124,-6.610860632888301
2875,20.920400897126793,-6.558023844444953
2876,20.950199981059818,-6.505329279928391
2877,20.979878947273473,-6.452778123581156
2878,21.00943762174597,-6.400371555949182
2879,21.03887583127111,-6.348110753858652
2880,21.06819340345773,-6.295996890392981
2881,21.097390166729124,-6.244031134869914
2882,21.126465950322487,-6.192214652818728
2883,21.155420584288365,-6.140548605957565
2884,21.18425389949012,-6.089034152170868
2885,21.21296572760338,-6.0376724454869395
2886,21.24155590111555,-5.9864646360556195
2887,21.270024253325293,-5.9354118701260665
2888,21.298370618342,-5.884515290024667
2889,21.326594831085316,-5.833776034133057
2890,21.354696727284665,-5.7831952368662565
2891,21.382676143478754,-5.732774028650927
2892,21.41053291701509,-5.68251353590374
2893,21.438266886049565,-5.632414881009861
2894,21.465877889545954,-5.582479182301553
2895,21.493365767275495,-5.5327075540369
2896,21.52073035981644,-5.483101106378639
2897,21.54797150855362,-5.433660945373113
2898,21.575089055678028,-5.38438817292934
2899,21.60208284418641,-5.335283886798202
2900,21.62895271788081,-5.286349180551742
2901,21.655698521368233,-5.237585143562589
2902,21.6823201000602,-5.188992860983485
2903,21.708817300172345,-5.140573413726953
2904,21.735189968724086,-5.092327878445049
2905,21.761437953538195,-5.044257327509262
2906,21.787561103240456,-4.996362828990509
2907,21.813559267259265,-4.948645446639255
2908,21.8394322958253,-4.901106239865759
2909,21.865180039971165,-4.8537462637204145
2910,21.890802351531004,-4.806566568874229
2911,21.916299083140217,-4.759568201599407
2912,21.94167008823505,-4.712752203750053
2913,21.96691522105232,-4.666119612743
2914,21.992034336629057,-4.61967146153873
2915,22.017027290802183,-4.573408778622451
2916,22.041893940208208,-4.527332587985241
2917,22.06663414228289,-4.481443909105363
2918,22.09124775526095,-4.4357437569296465
2919,22.115734638175763,-4.39023314185502
2920,22.140094650859037,-4.344913069710142
2921,22.16432765394054,-4.299784541737159
2922,22.188433508847808,-4.254848554573574
2923,22.212412077805855,-4.210106100234226
2924,22.236263223836865,-4.165558166093408
2925,22.259986810759965,-4.121205734867068
2926,22.283582703190906,-4.0770497845951565
2927,22.307050766541796,-4.033091288624072
2928,22.330390867020874,-3.9893312155892278
2929,22.353602871632184,-3.94577052939774
2930,22.376686648175383,-3.902410189211223
2931,22.399642065245427,-3.8592511494287036
2932,22.422468992232346,-3.8162943596696524
2933,22.445167299321,-3.773540764757135
2934,22.467736857490827,-3.730991304701067
2935,22.490177538515578,-3.6886469146815957
2936,22.512489214963136,-3.646508525032595
2937,22.53467176019523,-3.604577061225268
2938,22.556725048367205,-3.562853443851875
2939,22.578648954427823,-3.5213385886095727
2940,22.600443354119008,-3.4800334062843676
2941,22.622108123975643,-3.4389388027351817
2942,22.643643141325335,-3.398055678878042
2943,22.665048284288208,-3.3573849306703747
2944,22.686323431776675,-3.3169274490954215
2945,22.707468463495253,-3.2766841201467662
2946,22.728483259940326,-3.2366558248129746
2947,22.749367702399947,-3.1968434390623566
2948,22.77012167295365,-3.1572478338278325
2949,22.790745054472204,-3.1178698749919205
2950,22.811237730617467,-3.0787104233718336
2951,22.831599585842174,-3.0397703347046954
2952,22.85183050538971,-3.0010504596328644
2953,22.871930375293985,-2.9625516436893746
2954,22.891899082379158,-2.9242747272834904
2955,22.911736514259527,-2.8862205456863723
2956,22.931442559339295,-2.84838992901686
2957,22.95101710681242,-2.8107837022273614
2958,22.970460046662414,-2.773402685089862
2959,22.98977126966216,-2.736247692182047
2960,23.00895066737377,-2.699319532873526
2961,23.027998132148365,-2.6626190113121853
2962,23.046913557125926,-2.6261469264106405
2963,23.065696836235126,-2.589904071832808
2964,23.08434786419316,-2.5538912359805837
2965,23.102866536505562,-2.5181092019806397
2966,23.121252749466063,-2.48255874767133
2967,23.139506400156417,-2.447240645589705
2968,23.15762738644625,-2.4121556629586403
2969,23.175615606992874,-2.3773045616740807
2970,23.193470961241143,-2.3426880982923883
2971,23.21119334942333,-2.3083070240178056
2972,23.228782672558903,-2.274162084690031
2973,23.246238832454434,-2.240254020771901
2974,23.26356173170343,-2.2065835673371854
2975,23.280751273686157,-2.1731514540584964
2976,23.297807362569532,-2.1399584051952996
2977,23.31472990330695,-2.1070051395820446
2978,23.331518801638147,-2.0742923706163987
2979,23.34817396408906,-2.0418208062475953
2980,23.364695297971664,-2.009591148964887
2981,23.381082711383858,-1.977604095786115
2982,23.397336113209313,-1.9458603382463815
2983,23.413455413117337,-1.9143605623868338
2984,23.42944052156274,-1.8831054487435595
2985,23.445291349785684,-1.8520956723365882
2986,23.461007809811576,-1.8213319026590027
2987,23.47658981445089,-1.7908148036661573
2988,23.492037277299094,-1.7605450337650095
2989,23.50735011273647,-1.7305232458035535
2990,23.52252823592803,-1.7007500870603665
2991,23.537571562823327,-1.6712261992342596
2992,23.552480010156387,-1.641952218434042
2993,23.56725349544555,-1.612928775168386
2994,23.58189193699336,-1.5841564943358026
2995,23.59639525388644,-1.5556359952147265
2996,23.610763365995354,-1.5273678914537046
2997,23.624996193974525,-1.4993527910616944
2998,23.639093659262056,-1.471591296398467
2999,23.65305568407967,-1.4440840041651173
