turn,time_sigma_ns,Q1
0,32.367358446013654,-0.0034822518665192648
1,32.36735775389685,-0.00348225695193387
2,32.36735711096465,-0.0034822605910269423
3,32.36735651721693,-0.003482262783809034
4,32.36735597265358,-0.003482263530290946
5,32.367355477274444,-0.0034822628304835034
6,32.3673550310794,-0.0034822606843976154
7,32.36735463406831,-0.0034822570920443395
8,32.36735428624103,-0.003482252053434668
9,32.36735398759743,-0.003482245568579846
10,32.367353738137346,-0.003482237637491184
11,32.36735353786063,-0.0034822282601801036
12,32.367353386767135,-0.0034822174366579963
13,32.3673532848567,-0.0034822051669364273
14,32.367353232129155,-0.003482191451027127
15,32.36735322858434,-0.003482176288941732
16,32.3673532742221,-0.003482159680692157
17,32.36735336904225,-0.003482141626290283
18,32.36735351304461,-0.003482122125748178
19,32.36735370622901,-0.003482101179077941
20,32.367353948595266,-0.003482078786291872
21,32.367354240143186,-0.0034820549474022114
22,32.36735458087259,-0.00348202966242132
23,32.36735497078328,-0.0034820029313616784
24,32.36735540987507,-0.003481974754235867
25,32.36735589814774,-0.0034819451310566345
26,32.36735643560111,-0.0034819140618365836
27,32.367357022234955,-0.0034818815465887704
28,32.36735765804908,-0.0034818475853260027
29,32.367358343043264,-0.0034818121780613763
30,32.367359077217294,-0.0034817753248078845
31,32.36735986057095,-0.0034817370255788944
32,32.367360693104004,-0.0034816972803876673
33,32.36736157481623,-0.003481656089247722
34,32.3673625057074,-0.0034816134521724064
35,32.36736348577727,-0.003481569369175395
36,32.36736451502561,-0.0034815238402703835
37,32.36736559345219,-0.003481476865471015
38,32.36736672105676,-0.0034814284447912272
39,32.36736789783907,-0.0034813785782449856
40,32.36736912379885,-0.0034813272658464002
41,32.36737039893587,-0.0034812745076096834
42,32.36737172324986,-0.003481220303548892
43,32.36737309674057,-0.0034811646536782944
44,32.367374519407726,-0.003481107558012516
45,32.36737599125106,-0.003481049016565995
46,32.367377512270295,-0.003480989029353278
47,32.36737908246516,-0.003480927596389205
48,32.36738070183539,-0.003480864717688378
49,32.36738237038068,-0.003480800393265725
50,32.367384088100756,-0.0034807346231363347
51,32.36738585499533,-0.0034806674073152564
52,32.3673876710641,-0.0034805987458174834
53,32.36738953630679,-0.0034805286386582566
54,32.367391450723076,-0.003480457085853086
55,32.36739341431267,-0.0034803840874174006
56,32.36739542707526,-0.003480309643366607
57,32.367397489010536,-0.0034802337537163217
58,32.36739960011818,-0.00348015641848243
59,32.3674017603979,-0.00348007763768051
60,32.367403969849335,-0.003479997411326582
61,32.36740622847219,-0.0034799157394366192
62,32.36740853626614,-0.0034798326220265956
63,32.36741089323083,-0.0034797480591128005
64,32.367413299365964,-0.003479662050711307
65,32.36741575467117,-0.003479574596838702
66,32.36741825914612,-0.0034794856975113135
67,32.36742081279047,-0.0034793953527456024
68,32.36742341560387,-0.0034793035625584204
69,32.36742606758597,-0.003479210326966277
70,32.3674287687364,-0.003479115645986214
71,32.36743151905483,-0.0034790195196347986
72,32.36743431854089,-0.0034789219479292527
73,32.3674371671942,-0.0034788229308866485
74,32.36744006501439,-0.003478722468524122
75,32.36744301200111,-0.0034786205608589712
76,32.36744600815397,-0.003478517207908504
77,32.3674490534726,-0.0034784124096901535
78,32.36745214795661,-0.003478306166221631
79,32.367455291605616,-0.003478198477520391
80,32.36745848441922,-0.003478089343604327
81,32.367461726397046,-0.0034779787644910447
82,32.367465017538684,-0.0034778667401987404
83,32.36746835784374,-0.0034777532707451924
84,32.36747174731181,-0.0034776383561486582
85,32.36747518594249,-0.0034775219964271464
86,32.36747867373536,-0.003477404191599114
87,32.367482210690035,-0.003477284941682772
88,32.36748579680606,-0.0034771642466967186
89,32.36748943208304,-0.00347704210665944
90,32.36749311652054,-0.0034769185215895704
91,32.36749685011814,-0.0034767934915059307
92,32.367500632875405,-0.003476667016427299
93,32.3675044647919,-0.0034765390963726077
94,32.367508345867186,-0.0034764097313608575
95,32.36751227610083,-0.0034762789214111732
96,32.36751625549239,-0.003476146666542666
97,32.3675202840414,-0.0034760129667748387
98,32.36752436174742,-0.0034758778221268883
99,32.367528488609985,-0.0034757412326184424
100,32.36753266462866,-0.0034756031982688556
101,32.36753688980296,-0.003475463719098023
102,32.36754116413243,-0.0034753227951256336
103,32.36754548761661,-0.003475180426371381
104,32.367549860255004,-0.0034750366128553545
105,32.36755428204716,-0.0034748913545974572
106,32.367558752992586,-0.003474744651617858
107,32.367563273090795,-0.003474596503936934
108,32.367567842341316,-0.0034744469115748147
109,32.36757246074365,-0.00347429587455185
110,32.36757712829731,-0.0034741433928886017
111,32.3675818450018,-0.0034739894666056073
112,32.36758661085662,-0.00347383409572354
113,32.36759142586126,-0.003473677280263237
114,32.36759629001521,-0.003473519020245527
115,32.36760120331797,-0.003473359315691316
116,32.36760616576902,-0.003473198166621711
117,32.36761117736786,-0.0034730355730576493
118,32.367616238113946,-0.003472871535020545
119,32.367621348006764,-0.003472706052531687
120,32.3676265070458,-0.0034725391256123315
121,32.36763171523051,-0.003472370754284065
122,32.367636972560355,-0.003472200938568456
123,32.367642279034804,-0.003472029678487248
124,32.367647634653316,-0.0034718569740621744
125,32.36765303941534,-0.0034716828253151095
126,32.36765849332034,-0.003471507232268002
127,32.36766399636775,-0.0034713301949429024
128,32.36766954855703,-0.0034711517133619125
129,32.36767514988761,-0.003470971787547304
130,32.36768080035894,-0.0034707904175212898
131,32.36768649997045,-0.0034706076033063616
132,32.36769224872157,-0.003470423344925022
133,32.36769804661172,-0.0034702376423999
134,32.36770389364033,-0.003470050495753739
135,32.36770978980683,-0.0034698619050091218
136,32.367715735110636,-0.003469671870188989
137,32.36772172955116,-0.0034694803913163184
138,32.3677277731278,-0.003469287468414177
139,32.36773386583997,-0.0034690931015057217
140,32.36774000768709,-0.0034688972906141884
141,32.367746198668534,-0.003468700035762917
142,32.36775243878372,-0.0034685013369753137
143,32.36775872803203,-0.0034683011942748627
144,32.367765066412865,-0.00346809960768504
145,32.3677714539256,-0.003467896577229796
146,32.36777789056962,-0.003467692102932763
147,32.36778437634431,-0.0034674861848179766
148,32.367790911249045,-0.003467278822909144
149,32.36779749528319,-0.003467070017230506
150,32.36780412844613,-0.003466859767806147
151,32.367810810737225,-0.0034666480746603297
152,32.36781754215582,-0.0034664349378175706
153,32.36782432270128,-0.0034662203573020767
154,32.36783115237299,-0.003466004333138314
155,32.36783803117027,-0.0034657868653509296
156,32.367844959092494,-0.00346556795396477
157,32.36785193613898,-0.003465347599004547
158,32.36785896230909,-0.0034651258004951167
159,32.36786603760216,-0.003464902558461467
160,32.36787316201751,-0.003464677872928722
161,32.36788033555449,-0.003464451743921937
162,32.367887558212416,-0.0034642241714664635
163,32.36789482999062,-0.003463995155587584
164,32.36790215088842,-0.0034637646963107493
165,32.36790952090513,-0.0034635327936614686
166,32.367916940040075,-0.0034632994476653392
167,32.36792440829256,-0.0034630646583481924
168,32.36793192566188,-0.003462828425735726
169,32.36793949214736,-0.003462590749853861
170,32.36794710774828,-0.00346235163072859
171,32.36795477246395,-0.00346211106838586
172,32.36796248629367,-0.0034618690628520753
173,32.36797024923672,-0.0034616256141532693
174,32.367978061292376,-0.0034613807223159263
175,32.36798592245996,-0.003461134387366357
176,32.3679938327387,-0.003460886609331237
177,32.368001792127906,-0.003460637388237146
178,32.36800980062685,-0.0034603867241107364
179,32.36801785823479,-0.003460134616978827
180,32.368025964951,-0.0034598810668683795
181,32.368034120774745,-0.0034596260738063494
182,32.36804232570527,-0.0034593696378198906
183,32.36805057974184,-0.00345911175893595
184,32.368058882883716,-0.0034588524371820016
185,32.368067235130134,-0.0034585916725853125
186,32.36807563648034,-0.003458329465173491
187,32.36808408693358,-0.0034580658149738213
188,32.36809258648909,-0.0034578007220140736
189,32.36810113514611,-0.003457534186321986
190,32.368109732903875,-0.0034572662079252418
191,32.368118379761604,-0.0034569967868519212
192,32.36812707571852,-0.0034567259231299188
193,32.36813582077385,-0.0034564536167872987
194,32.36814461492681,-0.003456179867852304
195,32.36815345817663,-0.0034559046763530787
196,32.3681623505225,-0.003455628042318093
197,32.368171291963634,-0.0034553499657758273
198,32.36818028249924,-0.0034550704467547575
199,32.3681893221285,-0.003454789485283616
200,32.36819841085064,-0.0034545070813910327
201,32.368207548664834,-0.0034542232351058083
202,32.36821673557029,-0.0034539379464568823
203,32.36822597156618,-0.003453651215473204
204,32.368235256651694,-0.0034533630421838906
205,32.368244590826016,-0.003453073426618176
206,32.36825397408831,-0.0034527823688053102
207,32.36826340643776,-0.0034524898687746655
208,32.36827288787352,-0.003452195926555699
209,32.368282418394784,-0.0034519005421779483
210,32.36829199800069,-0.003451603715671085
211,32.36830162669041,-0.0034513054470646735
212,32.368311304463106,-0.0034510057363886576
213,32.36832103131792,-0.0034507045836729504
214,32.368330807254004,-0.003450401988947538
215,32.36834063227049,-0.003450097952242641
216,32.368350506366546,-0.003449792473588257
217,32.3683604295413,-0.003449485553014728
218,32.36837040179388,-0.003449177190552401
219,32.368380423123426,-0.0034488673862318187
220,32.36839049352907,-0.0034485561400834845
221,32.36840061300992,-0.0034482434521380854
222,32.36841078156512,-0.0034479293224262846
223,32.36842099919377,-0.0034476137509788737
224,32.368431265895,-0.0034472967378268095
225,32.36844158166791,-0.0034469782830011354
226,32.36845194651161,-0.0034466583865329823
227,32.36846236042521,-0.003446337048453519
228,32.36847282340781,-0.003446014268793933
229,32.3684833354585,-0.0034456900475856953
230,32.36849389657638,-0.003445364384860171
231,32.368504506760544,-0.003445037280649032
232,32.368515166010084,-0.0034447087349838085
233,32.368525874324064,-0.003444378747896302
234,32.36853663170158,-0.0034440473194183203
235,32.36854743814171,-0.0034437144495818176
236,32.36855829364352,-0.003443380138418788
237,32.36856919820608,-0.0034430443859613307
238,32.36858015182847,-0.0034427071922415848
239,32.36859115450974,-0.0034423685572919425
240,32.368602206248944,-0.0034420284811447024
241,32.36861330704516,-0.0034416869638323353
242,32.36862445689743,-0.0034413440053873605
243,32.368635655804795,-0.00344099960584254
244,32.36864690376631,-0.0034406537652305574
245,32.36865820078101,-0.003440306483584304
246,32.36866954684795,-0.003439957760936582
247,32.368680941966154,-0.0034396075973204773
248,32.368692386134654,-0.0034392559927690284
249,32.36870387935249,-0.0034389029473154828
250,32.36871542161868,-0.003438548460993104
251,32.36872701293225,-0.0034381925338352326
252,32.368738653292205,-0.0034378351658753956
253,32.368750342697574,-0.0034374763571472376
254,32.36876208114737,-0.0034371161076841667
255,32.36877386864059,-0.0034367544175201905
256,32.36878570517624,-0.0034363912866889864
257,32.36879759075334,-0.0034360267152245137
258,32.368809525370864,-0.003435660703160829
259,32.368821509027825,-0.003435293250531951
260,32.36883354172321,-0.0034349243573720614
261,32.368845623456004,-0.00343455402371559
262,32.36885775422518,-0.0034341822495968194
263,32.368869934029746,-0.0034338090350501675
264,32.36888216286866,-0.0034334343801103303
265,32.36889444074089,-0.0034330582848119684
266,32.36890676764543,-0.0034326807491895997
267,32.36891914358122,-0.003432301773278213
268,32.368931568547254,-0.003431921357112776
269,32.368944042542466,-0.0034315395007282925
270,32.368956565565824,-0.003431156204159776
271,32.36896913761628,-0.003430771467442517
272,32.3689817586928,-0.0034303852906116513
273,32.3689944287943,-0.0034299976737028203
274,32.36900714791974,-0.0034296086167513095
275,32.36901991606806,-0.003429218119792699
276,32.3690327332382,-0.0034288261828627114
277,32.36904559942909,-0.003428432805996894
278,32.369058514639654,-0.0034280379892313155
279,32.369071478868825,-0.0034276417326018077
280,32.36908449211551,-0.003427244036144383
281,32.36909755437866,-0.0034268448998951853
282,32.36911066565716,-0.0034264443238903844
283,32.369123825949934,-0.003426042308166298
284,32.369137035255896,-0.003425638852759142
285,32.369150293573945,-0.0034252339577056047
286,32.36916360090299,-0.003424827623042141
287,32.369176957241926,-0.0034244198488054536
288,32.369190362589634,-0.0034240106350322394
289,32.36920381694504,-0.0034235999817592883
290,32.369217320307,-0.0034231878890236354
291,32.36923087267441,-0.003422774356862302
292,32.36924447404615,-0.0034223593853122546
293,32.369258124421094,-0.003421942974410937
294,32.36927182379814,-0.003421525124195368
295,32.36928557217613,-0.003421105834703036
296,32.36929936955395,-0.003420685105971492
297,32.369313215930454,-0.0034202629380381596
298,32.36932711130451,-0.003419839330940759
299,32.369341055674965,-0.003419414284717056
300,32.3693550490407,-0.003418987799404798
301,32.36936909140053,-0.003418559875042074
302,32.36938318275333,-0.0034181305116667317
303,32.36939732309793,-0.003417699709316924
304,32.36941151243317,-0.003417267468030894
305,32.3694257507579,-0.00341683378784687
306,32.369440038070934,-0.0034163986688032677
307,32.36945437437112,-0.0034159621109385897
308,32.369468759657266,-0.0034155241142913967
309,32.36948319392821,-0.0034150846789002855
310,32.36949767718277,-0.0034146438048040053
311,32.36951220941976,-0.003414201492041461
312,32.369526790638,-0.003413757740651417
313,32.369541420836285,-0.003413312550673001
314,32.36955610001345,-0.0034128659221452644
315,32.369570828168264,-0.0034124178551074424
316,32.369585605299534,-0.00341196834959894
317,32.36960043140607,-0.003411517405658939
318,32.36961530648665,-0.0034110650233269966
319,32.36963023054008,-0.003410611202642584
320,32.369645203565135,-0.0034101559436454623
321,32.3696602255606,-0.003409699246375252
322,32.369675296525244,-0.0034092411108719817
323,32.36969041645786,-0.0034087815371753876
324,32.36970558535719,-0.0034083205253256756
325,32.369720803222044,-0.003407858075362698
326,32.369736070051154,-0.0034073941873268643
327,32.369751385843294,-0.0034069288612583472
328,32.36976675059723,-0.003406462097197597
329,32.3697821643117,-0.003405993895184894
330,32.369797626985466,-0.003405524255261038
331,32.369813138617275,-0.0034050531774666225
332,32.369828699205875,-0.003404580661842219
333,32.369844308750004,-0.0034041067084287606
334,32.369859967248395,-0.0034036313172671954
335,32.36987567469979,-0.00340315448839847
336,32.36989143110292,-0.0034026762218637117
337,32.369907236456505,-0.0034021965177041297
338,32.36992309075927,-0.003401715375961028
339,32.36993899400994,-0.0034012327966757632
340,32.36995494620724,-0.003400748779889773
341,32.36997094734987,-0.0034002633256446126
342,32.36998699743654,-0.003399776433981938
343,32.37000309646598,-0.0033992881049433508
344,32.37001924443687,-0.0033987983385708547
345,32.37003544134791,-0.0033983071349064217
346,32.3700516871978,-0.0033978144939919774
347,32.37006798198524,-0.003397320415869578
348,32.370084325708916,-0.003396824900581381
349,32.37010071836751,-0.0033963279481698193
350,32.37011715995971,-0.0033958295586770802
351,32.370133650484206,-0.003395329732145732
352,32.37015018993966,-0.0033948284686182596
353,32.37016677832475,-0.0033943257681372492
354,32.370183415638145,-0.0033938216307455617
355,32.37020010187851,-0.0033933160564860094
356,32.3702168370445,-0.0033928090454014466
357,32.370233621134794,-0.0033923005975349256
358,32.37025045414803,-0.0033917907129295244
359,32.37026733608286,-0.0033912793916284407
360,32.37028426693796,-0.003390766633674808
361,32.37030124671193,-0.0033902524391122143
362,32.37031827540345,-0.003389736807983981
363,32.37033535301115,-0.003389219740333646
364,32.37035247953366,-0.003388701236204793
365,32.37036965496961,-0.0033881812956412637
366,32.37038687931763,-0.003387659918686878
367,32.37040415257635,-0.0033871371053854405
368,32.37042147474438,-0.0033866128557810656
369,32.37043884582036,-0.0033860871699178015
370,32.370456265802886,-0.0033855600478397783
371,32.37047373469056,-0.0033850314895913064
372,32.37049125248202,-0.0033845014952168313
373,32.37050881917585,-0.003383970064760593
374,32.37052643477066,-0.003383437198267266
375,32.37054409926505,-0.0033829028957814387
376,32.3705618126576,-0.003382367157347922
377,32.3705795749469,-0.0033818299830115444
378,32.37059738613155,-0.003381291372817088
379,32.370615246210136,-0.003380751326809576
380,32.37063315518123,-0.003380209845034129
381,32.37065111304341,-0.003379666927535864
382,32.37066911979526,-0.003379122574360042
383,32.370687175435336,-0.003378576785552038
384,32.370705279962216,-0.00337802956115731
385,32.370723433374465,-0.0033774809012213367
386,32.37074163567063,-0.003376930805789919
387,32.37075988684927,-0.003376379274908686
388,32.37077818690894,-0.0033758263086233965
389,32.3707965358482,-0.003375271906979977
390,32.37081493366559,-0.0033747160700243555
391,32.370833380359656,-0.0033741587978026316
392,32.37085187592893,-0.0033736000903610334
393,32.37087042037196,-0.003373039947745776
394,32.37088901368726,-0.003372478370003185
395,32.37090765587338,-0.003371915357179692
396,32.37092634692884,-0.003371350909321898
397,32.37094508685215,-0.0033707850264763023
398,32.37096387564185,-0.003370217708689729
399,32.37098271329644,-0.003369648956008902
400,32.37100159981444,-0.0033690787684808564
401,32.37102053519435,-0.0033685071461524714
402,32.37103951943468,-0.0033679340890707898
403,32.371058552533945,-0.003367359597282934
404,32.37107763449064,-0.0033667836708361483
405,32.37109676530324,-0.0033662063097778913
406,32.371115944970256,-0.0033656275141556477
407,32.37113517349017,-0.0033650472840167558
408,32.37115445086147,-0.0033644656194088468
409,32.37117377708263,-0.003363882520379721
410,32.37119315215214,-0.0033632979869771206
411,32.371212576068466,-0.0033627120192489435
412,32.37123204883008,-0.003362124617243208
413,32.371251570435454,-0.0033615357810079104
414,32.37127114088306,-0.003360945510591192
415,32.37129076017135,-0.00336035380604127
416,32.37131042829878,-0.0033597606674065773
417,32.371330145263805,-0.0033591660947354727
418,32.37134991106488,-0.0033585700880764163
419,32.37136972570046,-0.003357972647478063
420,32.37138958916898,-0.003357373772989177
421,32.371409501468875,-0.0033567734646584775
422,32.37142946259859,-0.0033561717225348295
423,32.371449472556556,-0.0033555685466672416
424,32.371469531341205,-0.0033549639371047695
425,32.37148963895097,-0.0033543578938965
426,32.37150979538426,-0.003353750417091743
427,32.371530000639524,-0.003353141506739658
428,32.371550254715146,-0.003352531162889872
429,32.37157055760956,-0.0033519193855917847
430,32.371590909321164,-0.003351306174895049
431,32.371611309848376,-0.003350691530849285
432,32.37163175918959,-0.0033500754535042616
433,32.371652257343214,-0.0033494579429099035
434,32.37167280430763,-0.0033488389991162323
435,32.371693400081256,-0.0033482186221730067
436,32.37171404466247,-0.00334759681213055
437,32.371734738049646,-0.003346973569039123
438,32.3717554802412,-0.00334634889294898
439,32.37177627123547,-0.003345722783910602
440,32.371797111030844,-0.003345095241974429
441,32.37181799962572,-0.0033444662671910826
442,32.37183893701844,-0.0033438358596111603
443,32.37185992320738,-0.0033432040192855057
444,32.3718809581909,-0.003342570746264998
445,32.37190204196736,-0.0033419360406005587
446,32.37192317453512,-0.003341299902343219
447,32.37194435589252,-0.0033406623315440287
448,32.37196558603793,-0.0033400233282542637
449,32.371986864969685,-0.0033393828925251698
450,32.372008192686124,-0.003338741024408227
451,32.372029569185585,-0.0033380977239548903
452,32.372050994466406,-0.003337452991216863
453,32.37207246852692,-0.0033368068262455155
454,32.37209399136546,-0.003336159229092852
455,32.37211556298034,-0.0033355101998106063
456,32.372137183369894,-0.003334859738450762
457,32.37215885253243,-0.0033342078450653866
458,32.37218057046626,-0.0033335545197065862
459,32.37220233716971,-0.0033328997624264617
460,32.37222415264108,-0.0033322435732773556
461,32.37224601687867,-0.003331585952311697
462,32.37226792988079,-0.0033309268995819125
463,32.37228989164574,-0.0033302664151405458
464,32.372311902171816,-0.0033296044990402626
465,32.3723339614573,-0.003328941151333868
466,32.372356069500476,-0.003328276372074189
467,32.37237822629964,-0.003327610161314135
468,32.372400431853066,-0.0033269425191066715
469,32.372422686159034,-0.0033262734455048984
470,32.37244498921582,-0.003325602940562092
471,32.3724673410217,-0.0033249310043315353
472,32.37248974157492,-0.0033242576368664985
473,32.37251219087376,-0.0033235828382205627
474,32.37253468891648,-0.003322906608447294
475,32.372557235701336,-0.0033222289476002756
476,32.37257983122659,-0.0033215498557332126
477,32.37260247549046,-0.0033208693329001087
478,32.37262516849124,-0.0033201873791545936
479,32.372647910227144,-0.0033195039945507743
480,32.37267070069642,-0.0033188191791427768
481,32.3726935398973,-0.0033181329329848163
482,32.37271642782803,-0.0033174452561310595
483,32.372739364486826,-0.0033167561486359596
484,32.37276234987192,-0.0033160656105539928
485,32.372785383981544,-0.003315373641939578
486,32.3728084668139,-0.003314680242847441
487,32.37283159836722,-0.0033139854133323312
488,32.372854778639706,-0.0033132891534489147
489,32.37287800762959,-0.0033125914632521946
490,32.37290128533504,-0.003311892342797215
491,32.37292461175429,-0.0033111917921388994
492,32.37294798688553,-0.003310489811332624
493,32.37297141072695,-0.0033097864004334974
494,32.37299488327675,-0.0033090815594969164
495,32.37301840453312,-0.003308375288578384
496,32.373041974494235,-0.00330766758773334
497,32.373065593158294,-0.0033069584570173476
498,32.37308926052347,-0.0033062478964862125
499,32.37311297658793,-0.0033055359061957596
500,32.37313674134985,-0.003304822486201857
501,32.37316055480742,-0.003304107488130267
502,32.37318441671715,-0.0033033906214841218
503,32.373208326352774,-0.0033026716088633756
504,32.37323228250582,-0.0033019501860668044
505,32.37325628348626,-0.0033012261022517322
506,32.37328032712323,-0.0033004991201526744
507,32.37330441076556,-0.003299769016357071
508,32.37332853128249,-0.0032990355816395122
509,32.3733526850643,-0.003298298621352174
510,32.37337686802294,-0.003297557955873336
511,32.373401075592696,-0.0032968134211116165
512,32.37342530273082,-0.0032960648690678355
513,32.373449543918156,-0.0032953121684523496
514,32.37347379315983,-0.0032945552053581175
515,32.37349804398585,-0.0032937938839902627
516,32.37352228945178,-0.0032930281274504486
517,32.37354652213935,-0.003292257878576547
518,32.37357073415714,-0.003291483100837157
519,32.373594917141205,-0.003290703779280692
520,32.37361906225573,-0.0032899199215387044
521,32.373643160193616,-0.0032891315588839476
522,32.37366720117723,-0.0032883387473409413
523,32.37369117495894,-0.0032875415688511174
524,32.373715070821866,-0.0032867401324909082
525,32.373738877580415,-0.0032859345757428335
526,32.37376258358102,-0.0032851250658188277
527,32.37378617670271,-0.003284311801037048
528,32.37380964435781,-0.003283495012250023
529,32.37383297349257,-0.0032826749643246017
530,32.373856150587784,-0.0032818519576744433
531,32.37387916165947,-0.0032810263298429696
532,32.37390199225948,-0.0032801984571380637
533,32.37392462747619,-0.0032793687563172475
534,32.37394705193512,-0.003278537686323441
535,32.37396924979955,-0.003277705750071537
536,32.3739912047712,-0.0032768734962842893
537,32.37401290009091,-0.003276041521378556
538,32.37403431853918,-0.0032752104714010265
539,32.374055442436934,-0.0032743810440128214
540,32.374076253646074,-0.0032735539905233858
541,32.37409673357019,-0.003272730117973244
542,32.374116863155166,-0.003271910291265026
543,32.37413662288983,-0.0032710954353427886
544,32.37415599280662,-0.0032702865374191646
545,32.374174952482214,-0.0032694846492503133
546,32.3741934810382,-0.0032686908894583333
547,32.374211557141656,-0.0032679064459008402
548,32.374229159005885,-0.0032671325780874194
549,32.374246264391005,-0.003266370619642708
550,32.3742628506046,-0.003265621980815581
551,32.3742788945024,-0.0032648881510351046
552,32.37429437248889,-0.0032641707015119196
553,32.37430926051797,-0.0032634712878851333
554,32.37432353409362,-0.0032627916529148707
555,32.37433716827049,-0.0032621336292199387
556,32.374350137654645,-0.0032614991420597123
557,32.37436241640412,-0.0032608902121612432
558,32.374373978229606,-0.0032603089585904114
559,32.37438479639511,-0.003259757601667302
560,32.374394843718584,-0.0032592384659249065
561,32.37440409257257,-0.003258753983112007
562,32.37441251488486,-0.003258306695238712
563,32.374420082139146,-0.0032578992576654544
564,32.374426765375674,-0.003257534442234356
565,32.374432535191865,-0.0032572151404435326
566,32.374437361743,-0.003256944366663268
567,32.37444121474284,-0.003256725261394459
568,32.374444063464274,-0.003256561094568661
569,32.374445876740026,-0.0032564552688889555
570,32.37444662296322,-0.003256411323213549
571,32.374446270088086,-0.0032564329359787763
572,32.37444478563061,-0.003256523928663583
573,32.37444213666914,-0.003256688269294501
574,32.3744382898451,-0.0032569300759901195
575,32.3744332113636,-0.0032572536205464873
576,32.374426866994106,-0.0032576633320611646
577,32.374419222071054,-0.003258163800597582
578,32.37441024149455,-0.0032587597808879072
579,32.374399889731016,-0.003259456196074825
580,32.37438813081381,-0.003260258141492549
581,32.37437492834392,-0.0032611708884856734
582,32.37436024549055,-0.003262199888266217
583,32.37434404499188,-0.0032633507758086425
584,32.37432628915561,-0.003264629373782586
585,32.3743069398597,-0.0032660416965225336
586,32.374285958552974,-0.0032675939540351712
587,32.374263306255784,-0.0032692925560432883
588,32.374238943560655,-0.0032711441160661187
589,32.37421283063299,-0.003273155455536081
590,32.37418492721165,-0.003275333607952072
591,32.374155192609685,-0.003277685823067663
592,32.37412358571495,-0.003280219571115501
593,32.37409006499074,-0.0032829425470672327
594,32.37405458847651,-0.0032858626749277986
595,32.37401711378847,-0.0032889881120651125
596,32.373977598120284,-0.003292327253573508
597,32.37393599824371,-0.00329588873667238
598,32.37389227050925,-0.0032996814451384878
599,32.37384637084685,-0.003303714513771545
600,32.37379825476652,-0.003307997332893938
601,32.373747877358994,-0.0033125395528838626
602,32.3736951932964,-0.0033173510887406082
603,32.37364015683292,-0.0033224421246830756
604,32.37358272180547,-0.003327823118781029
605,32.37352284163434,-0.0033335048076176847
606,32.37346046932386,-0.0033394982109857885
607,32.37339555746305,-0.0033458146366137143
608,32.37332805822629,-0.0033524656849240443
609,32.37325792337401,-0.003359463253823003
610,32.37318510425333,-0.0033668195435209883
611,32.37310955179871,-0.0033745470613831684
612,32.37303121653265,-0.003382658626811832
613,32.37295004856632,-0.0033911673761573367
614,32.37286599760026,-0.003400086767659887
615,32.372779012925015,-0.00340943058642073
616,32.372689043421815,-0.0034192129494028693
617,32.37259603756328,-0.0034294483104602386
618,32.37249994341398,-0.0034401514653970232
619,32.37240070863123,-0.0034513375570539417
620,32.3722982804657,-0.0034630220804243612
621,32.37219260576206,-0.0034752208877975397
622,32.37208363095971,-0.0034879501939300128
623,32.371971302093385,-0.003501226581244461
624,32.371855564793904,-0.003515067005056111
625,32.37173636428875,-0.003529488798825801
626,32.37161364540282,-0.0035445096794400285
627,32.371487352559065,-0.003560147752517377
628,32.37135742977916,-0.0035764215177414792
629,32.371223820684186,-0.0035933498742196177
630,32.371086468495314,-0.003610952125867106
631,32.370945316034465,-0.0036292479868172208
632,32.370800305725,-0.0036482575868566373
633,32.37065137959236,-0.0036680014768850156
634,32.37049847926482,-0.00368850063439985
635,32.370341545974064,-0.0037097764690057745
636,32.370180520555984,-0.003731850827947286
637,32.37001534345125,-0.003754746001666288
638,32.369845954706044,-0.003778484729382964
639,32.36967229397274,-0.003803090204698973
640,32.36949430051058,-0.0038285860812253885
641,32.369311913186344,-0.003854996478232283
642,32.36912507047506,-0.0038823459863209946
643,32.36893371046067,-0.00391065967311897
644,32.36873777083671,-0.003939963088996751
645,32.368537188907005,-0.003970282272805907
646,32.36833190158635,-0.004001643757639409
647,32.36812184540121,-0.004034074576612372
648,32.36790695649039,-0.0040676022686640875
649,32.36768717060572,-0.00410225488438095
650,32.36746242311279,-0.0041380609918390335
651,32.36723264899158,-0.0041750496824678
652,32.36699778283718,-0.004213250576932559
653,32.36675775886048,-0.004252693831037565
654,32.36651251088889,-0.004293410141647211
655,32.36626197236694,-0.004335430752627589
656,32.36600607635711,-0.0043787874608055615
657,32.36574475554041,-0.004423512621947015
658,32.36547794221717,-0.004469639156752993
659,32.365205568307616,-0.004517200556874398
660,32.364927565352716,-0.004566230890943246
661,32.36464386451474,-0.004616764810622284
662,32.364354396578086,-0.00466883755667087
663,32.36405909194986,-0.004722484965028486
664,32.36375788066069,-0.004777743472914122
665,32.36345069236534,-0.004834650124942479
666,32.363137456343445,-0.004893242579255666
667,32.362818101500245,-0.004953559113670669
668,32.362492556367236,-0.005015638631842644
669,32.36216074910294,-0.005079520669442839
670,32.36182260749356,-0.00514524540035159
671,32.36147805895368,-0.005212853642866205
672,32.36112703052706,-0.005282386865922408
673,32.36076944888723,-0.005353887195330492
674,32.36040524033831,-0.005427397420024882
675,32.36003433081562,-0.005502960998327149
676,32.359656645886496,-0.005580622064222214
677,32.35927211075091,-0.005660425433647266
678,32.35888065024226,-0.005742416610793595
679,32.35848218882806,-0.005826641794420596
680,32.35807665061064,-0.005913147884181472
681,32.35766395932787,-0.006001982486961283
682,32.35724403835394,-0.006093193923225506
683,32.356816810699975,-0.0061868312333807
684,32.356382199014845,-0.006282944184145556
685,32.35594012558586,-0.006381583274932348
686,32.35549051233947,-0.0064827997442392015
687,32.35503328084206,-0.006586645576051392
688,32.35456835230057,-0.006693173506253657
689,32.35409564756334,-0.0068024370290504805
690,32.35361508712076,-0.006914490403396615
691,32.353126591106026,-0.007029388659435702
692,32.35263007929588,-0.007147187604947659
693,32.352125471111314,-0.007267943831804375
694,32.35161268561834,-0.007391714722432984
695,32.35109164152873,-0.007518558456286938
696,32.3505622572007,-0.007648534016324608
697,32.35002445063968,-0.0077817011954944134
698,32.34947813949909,-0.007918120603227045
699,32.34892324108103,-0.008057853671933774
700,32.34835967233702,-0.008200962663511616
701,32.34778734986877,-0.00834751067585301
702,32.34720618992893,-0.008497561649362217
703,32.34661610842182,-0.008651180373476385
704,32.34601702090415,-0.008808432493191274
705,32.34540884258583,-0.008969384515591925
706,32.3447914883307,-0.009134103816387663
707,32.34416487265721,-0.00930265864645093
708,32.3435289097393,-0.009475118138359504
709,32.34288351340703,-0.009651552312942575
710,32.34222859714744,-0.009832032085829424
711,32.34156407410522,-0.010016629274001173
712,32.340889857083525,-0.010205416602344745
713,32.340205858544714,-0.010398467710208996
714,32.339511990611115,-0.010595857157962485
715,32.33880816506579,-0.010797660433552929
716,32.33809429335329,-0.011003953959067938
717,32.33737028658044,-0.011214815097296313
718,32.33663605551707,-0.011430322158289784
719,32.33589151059681,-0.011650554405925285
720,32.33513656191787,-0.011875592064467035
721,32.33437111924381,-0.012105516325127982
722,32.333595092004266,-0.012340409352630732
723,32.332808389295785,-0.012580354291767556
724,32.33201091988256,-0.012825435273958373
725,32.33120259219725,-0.013075737423807694
726,32.3303833143417,-0.01333134686565908
727,32.32955299408779,-0.013592350730147808
728,32.32871153887815,-0.013858837160750034
729,32.32785885582699,-0.014130895320329654
730,32.326994851720876,-0.014408615397681302
731,32.32611943301951,-0.014692088614070217
732,32.32523250585654,-0.014981407229767447
733,32.3243339760403,-0.015276664550581631
734,32.323423749054655,-0.015577954934384996
735,32.322501730059784,-0.015885373797635504
736,32.32156782389295,-0.016199017621892606
737,32.32062193506931,-0.016518983960328266
738,32.31966396778275,-0.016845371444231285
739,32.318693825906614,-0.017178279789505983
740,32.31771141299458,-0.017517809803163358
741,32.31671663228142,-0.017864063389806097
742,32.3157093866838,-0.018217143558105626
743,32.31468957880113,-0.01857715442727186
744,32.31365711091631,-0.018944201233515028
745,32.31261188499663,-0.019318390336498327
746,32.31155380269448,-0.019699829225783037
747,32.31048276534826,-0.020088626527263523
748,32.309398673983125,-0.02048489200959393
749,32.308301429311825,-0.020888736590603973
750,32.30719093173556,-0.02130027234370554
751,32.30606708134474,-0.021719612504288697
752,32.30492977791986,-0.022146871476106316
753,32.30377892093232,-0.02258216483764866
754,32.3026144095452,-0.023025609348505213
755,32.30143614261416,-0.02347732295571603
756,32.30024401868825,-0.023937424800109807
757,32.29903793601067,-0.024406035222630233
758,32.29781779251976,-0.024883275770648517
759,32.29658348584967,-0.025369269204264026
760,32.29533491333132,-0.025864139502590082
761,32.294071971993155,-0.02636801187002647
762,32.29279455856207,-0.026881012742517335
763,32.291502569464164,-0.027403269793795062
764,32.29019590082569,-0.027934911941607885
765,32.28887444847379,-0.028476069353933646
766,32.287538107937465,-0.029026873455176724
767,32.28618677444832,-0.029587456932349106
768,32.28482034294149,-0.03015795374123532
769,32.283438708056444,-0.030738499112540233
770,32.282041764137915,-0.03132922955801984
771,32.28062940523668,-0.03193028287659418
772,32.27920152511047,-0.03254179816044278
773,32.27775801722485,-0.033163915801081585
774,32.27629877475402,-0.033796777495421176
775,32.27482369058175,-0.03444052625180599
776,32.27333265730222,-0.03509530639603429
777,32.2718255672209,-0.03576126357735815
778,32.27030231235544,-0.036438544774463504
779,32.2687627844365,-0.037127298301429655
780,32.267206874908666,-0.03782767381366759
781,32.26563447493137,-0.038539822313837575
782,32.26404547537968,-0.03926389615774454
783,32.262439766845276,-0.040000049060212005
784,32.26081723963726,-0.040748436100933115
785,32.25917778378313,-0.04150921373029947
786,32.257521289029604,-0.042282539775205956
787,32.255847644843534,-0.043068573444833017
788,32.254156740412824,-0.04386747533640458
789,32.25244846464729,-0.04467940744092151
790,32.25072270617961,-0.04550453314887032
791,32.2489793533662,-0.04634301725590747
792,32.24721829428811,-0.047195025968517795
793,32.24543941675196,-0.048060726909646766
794,32.24364260829081,-0.048940289124307486
795,32.24182775616514,-0.049833883085159854
796,32.23999474736368,-0.050741680698063764
797,32.23814346860441,-0.05166385530760457
798,32.23627380633542,-0.052600581702590445
799,32.23438564673584,-0.05355203612152234
800,32.232478875716794,-0.05451839625803461
801,32.230553378922316,-0.05549984126630702
802,32.22860904173028,-0.0564965517664474
803,32.226645749253294,-0.05750870984984483
804,32.2246633863397,-0.0585364990844922
805,32.22266183757444,-0.059580104520278745
806,32.22064098728006,-0.060639712694251044
807,32.21860071951761,-0.06171551163584325
808,32.2165409180876,-0.0628076908720755
809,32.21446146653094,-0.06391644143272002
810,32.2123622481299,-0.06504195585543474
811,32.21024314590903,-0.06618442819086406
812,32.208104042636194,-0.06734405400770645
813,32.20594482082341,-0.06852103039774801
814,32.20376536272791,-0.06971555598086218
815,32.20156555035302,-0.07092783090997457
816,32.19934526544918,-0.07215805687599339
817,32.19710438951491,-0.07340643711270393
818,32.19484280379773,-0.07467317640162766
819,32.192560389295174,-0.07595848107684527
820,32.19025702675576,-0.07726255902978255
821,32.187932596679936,-0.07858561971396008
822,32.18558697932109,-0.07992787414970519
823,32.183220054686515,-0.08128953492882583
824,32.1808317025384,-0.08267081621924657
825,32.17842180239482,-0.08407193376960578
826,32.17599023353072,-0.08549310491381434
827,32.17353687497887,-0.08693454857557403
828,32.17106160553095,-0.08839648527285654
829,32.16856430373844,-0.08987913712234222
830,32.1660448479137,-0.09138272784381835
831,32.16350311613095,-0.09290748276453537
832,32.16093898622722,-0.09445362882352276
833,32.15835233580346,-0.09602139457586244
834,32.15574304222547,-0.09761101019691938
835,32.15311098262492,-0.09922270748653043
836,32.15045603390042,-0.10085671987314884
837,32.14777807271846,-0.10251328241794636
838,32.145076975514506,-0.10419263181886981
839,32.142352618493966,-0.10589500641465467
840,32.13960487763325,-0.10762064618879294
841,32.13683362868079,-0.10936979277345577
842,32.13403874715806,-0.11114268945337048
843,32.13122010836063,-0.11293958116965161
844,32.12837758735918,-0.1147607145235849
845,32.12551105900057,-0.11660633778036462
846,32.12262039790887,-0.11847670087278361
847,32.119705478486374,-0.12037205540487503
848,32.116766174914716,-0.12229265465550582
849,32.11380236115585,-0.12423875358192216
850,32.110813910953155,-0.12621060882324486
851,32.10780069783246,-0.12820847870391602
852,32.10476259510314,-0.13023262323709456
853,32.10169947585913,-0.13228330412800282
854,32.098611212980025,-0.13436078477722108
855,32.095497679132166,-0.13646533028393115
856,32.092358746769634,-0.13859720744910858
857,32.08919428813541,-0.14075668477866224
858,32.086004175262424,-0.1429440324865215
859,32.082788279974615,-0.14515952249767058
860,32.07954647388801,-0.1474034284511291
861,32.076278628411856,-0.1496760257028788
862,32.07298461474969,-0.1519775913287364
863,32.06966430390038,-0.15430840412717106
864,32.06631756665929,-0.15666874462206737
865,32.06294427361934,-0.15905889506543153
866,32.0595442951721,-0.16147913944004305
867,32.05611750150895,-0.16392976346204874
868,32.0526637626221,-0.16641105458350017
869,32.04918294830577,-0.16892330199483405
870,32.04567492815725,-0.17146679662729433
871,32.04213957157809,-0.17404183115529615
872,32.038576747775124,-0.1766486999987313
873,32.034986325761686,-0.1792876993252149
874,32.03136817435863,-0.18195912705227163
875,32.027722162195566,-0.1846632828494627
876,32.0240481577119,-0.18740046814045208
877,32.020346029158056,-0.19017098610501199
878,32.01661564459651,-0.19297514168096722
879,32.01285687190302,-0.19581324156607724
880,32.00906957876773,-0.1986855942198565
881,32.005253632696316,-0.2015925098653322
882,32.00140890101114,-0.2045343004907389
883,31.997535250852394,-0.2075112798511491
884,31.99363254917927,-0.21052376347004098
885,31.989700662771124,-0.21357206864080072
886,31.985739458228597,-0.21665651442816056
887,31.981748801974838,-0.2197774216695715
888,31.977728560256622,-0.2229351129765103
889,31.973678599145554,-0.22612991273572017
890,31.96959878453922,-0.22936214711038516
891,31.96548898216239,-0.23263214404123728
892,31.96134905756817,-0.23594023324759664
893,31.957178876139217,-0.23928674622834306
894,31.95297830308889,-0.24267201626281948
895,31.94874720346248,-0.24609637841166715
896,31.94448544213838,-0.2495601695175911
897,31.94019288382926,-0.253063728206056
898,31.935869393083316,-0.256607394885912
899,31.93151483428546,-0.26019151174994976
900,31.927129071658488,-0.26381642277538575
901,31.922711969264338,-0.26748247372427403
902,31.918263391005272,-0.27119001214384797
903,31.913783200625108,-0.274939387366789
904,31.90927126171044,-0.2787309505114224
905,31.904727437691843,-0.2825650544818406
906,31.90015159184512,-0.28644205396795225
907,31.895543587292522,-0.2903623054454575
908,31.890903287003983,-0.294326167175749
909,31.886230553798356,-0.29833399920573744
910,31.88152525034464,-0.3023861633676023
911,31.87678723916325,-0.30648302327846666
912,31.872016382627237,-0.31062494433999566
913,31.86721254296355,-0.314812293737918
914,31.86237558225428,-0.3190454404414716
915,31.857505362437927,-0.32332475520276993
916,31.85260174531067,-0.32765061055609157
917,31.847664592527575,-0.3320233808170915
918,31.84269376560394,-0.3364434420819327
919,31.8376891259165,-0.3409111722263389
920,31.832650534704737,-0.34542695090456793
921,31.827577853072142,-0.3499911595483047
922,31.82247094198749,-0.3546041813654732
923,31.817329662286134,-0.35926640133896864
924,31.812153874671296,-0.36397820622530647
925,31.806943439715333,-0.36873998455319135
926,31.801698217861045,-0.37355212662200266
927,31.796418069422987,-0.37841502450019743
928,31.791102854588747,-0.38332907202363076
929,31.785752433420246,-0.388294664793792
930,31.78036666585509,-0.3933122001759571
931,31.7749454117078,-0.39838207729725705
932,31.769488530671214,-0.4035046970446606
933,31.76399588231774,-0.40868046206287223
934,31.7584673261007,-0.4139097767521449
935,31.75290272135566,-0.4191930472660055
936,31.747301927301756,-0.4245306815088945
937,31.741664803043026,-0.42992308913371896
938,31.73599120756973,-0.4353706815393174
939,31.730280999759703,-0.44087387186783744
940,31.7245340383797,-0.446433075002025
941,31.718750182086723,-0.4520487075624247
942,31.71292928942939,-0.45772118790449157
943,31.70707121884928,-0.46345093611561294
944,31.701175828682278,-0.4692383740120411
945,31.695242977159953,-0.47508392513573455
946,31.689272522410928,-0.4809880147511094
947,31.6832643224622,-0.4869510698416999
948,31.677218235240566,-0.4929735191067263
949,31.67113411857397,-0.4990557929575721
950,31.665011830192874,-0.5051983235141675
951,31.658851227731653,-0.5114015446012821
952,31.652652168729972,-0.5176658917447219
953,31.646414510634173,-0.5239918021674351
954,31.640138110798684,-0.5303797147855225
955,31.63382282648738,-0.5368300702041543
956,31.627468514875027,-0.5433433107133907
957,31.621075033048644,-0.54991988028391
958,31.614642238008937,-0.5565602245626388
959,31.608169986671662,-0.5632647908682867
960,31.60165813586912,-0.5700340281867853
961,31.59510654235149,-0.5768683871666304
962,31.588515062788314,-0.5837683201141255
963,31.58188355376987,-0.590734280988531
964,31.575211871808637,-0.5977667253971116
965,31.568499873340706,-0.6048661105900885
966,31.561747414727222,-0.612032895455491
967,31.554954352255827,-0.61926754051391
968,31.548120542142094,-0.6265705079131516
969,31.54124584053097,-0.6339422614227915
970,31.53433010349825,-0.6413832664286275
971,31.52737318705199,-0.6488939899270341
972,31.520374947134002,-0.6564749005192129
973,31.513335239621295,-0.664126468405345
974,31.50625392032754,-0.6718491653786385
975,31.49913084500455,-0.6796434648192762
976,31.49196586934374,-0.6875098416882602
977,31.48475884897759,-0.6954487725211529
978,31.477509639481166,-0.7034607354217156
979,31.470218096373557,-0.7115462100554432
980,31.462884075119398,-0.7197056776429953
981,31.45550743113032,-0.7279396209535229
982,31.448088019766487,-0.7362485242978901
983,31.440625696338053,-0.7446328735217908
984,31.433120316106717,-0.7530931559987606
985,31.425571734287153,-0.7616298606230831
986,31.417979806048606,-0.7702434778025887
987,31.410344386516318,-0.7789344994513488
988,31.402665330773115,-0.7877034189822624
989,31.39494249386088,-0.796550731299535
990,31.387175730782097,-0.805476932791052
991,31.37936489650137,-0.8144825213206418
992,31.37150984594697,-0.8235679962202327
993,31.363610434012372,-0.8327338582818997
994,31.35566651555775,-0.841980609749806
995,31.347677945411558,-0.8513087543120299
996,31.33964457837209,-0.860718797092287
997,31.33156626920898,-0.8702112446415413
998,31.32344287266481,-0.8797866049295037
999,31.315274243456614,-0.889445387336025
1000,31.307060236277493,-0.899188102642373
1001,31.298800705798133,-0.9090152630224029
1002,31.290495506668403,-0.9189273820336133
1003,31.282144493518913,-0.9289249746080921
1004,31.273747520962598,-0.9390085570433494
1005,31.26530444359631,-0.9491786469930398
1006,31.25681511600236,-0.9594357634575703
1007,31.248279392750156,-0.9697804267745967
1008,31.23969712839775,-0.9802131586094056
1009,31.231068177493473,-0.9907344819451839
1010,31.222392394577497,-1.0013449210731746
1011,31.213669634183475,-1.012045001582718
1012,31.20489975084012,-1.0228352503511782
1013,31.19608259907281,-1.0337161955337568
1014,31.18721803340524,-1.0446883665531888
1015,31.178305908360993,-1.055752294089327
1016,31.1693460784652,-1.0669085100686082
1017,31.16033839824613,-1.0781575476534035
1018,31.151282722236857,-1.0894999412312556
1019,31.14217890497686,-1.100936226403997
1020,31.133026801013692,-1.1124669399767513
1021,31.123826264904572,-1.1240926199468217
1022,31.114577151218093,-1.1358138054924585
1023,31.105279314535824,-1.1476310369615097
1024,31.09593260945396,-1.159544855859958
1025,31.08653689058501,-1.1715558048403338
1026,31.077092012559426,-1.1836644276900163
1027,31.067597830027303,-1.1958712693194125
1028,31.05805419766001,-1.208176875750018
1029,31.048460970151858,-1.220581794102363
1030,31.038818002221813,-1.2330865725838334
1031,31.02912514861514,-1.2456917604763764
1032,31.01938226410511,-1.258397908124088
1033,31.009589203494652,-1.2712055669206763
1034,30.999745821618085,-1.2841152892968104
1035,30.989851973342788,-1.2971276287073443
1036,30.979907513570886,-1.3102431396184244
1037,30.969912297240985,-1.323462377494475
1038,30.95986617932985,-1.3367858987850627
1039,30.949769014854127,-1.3502142609116414
1040,30.939620658872048,-1.3637480222541747
1041,30.929420966485157,-1.3773877421376388
1042,30.919169792840023,-1.3911339808184027
1043,30.90886699312995,-1.4049872994704877
1044,30.89851242259675,-1.4189482601717043
1045,30.88810593653243,-1.4330174258896684
1046,30.877647390280956,-1.447195360467694
1047,30.867136639239956,-1.461482628610566
1048,30.856573538862513,-1.4758797958701872
1049,30.845957944658878,-1.4903874286311065
1050,30.835289712198232,-1.505006094095921
1051,30.82456869711043,-1.519736360270558
1052,30.813794755087773,-1.5345787959494328
1053,30.80296774188678,-1.5495339707004834
1054,30.792087513329914,-1.5646024548500816
1055,30.781153925307397,-1.5797848194678217
1056,30.77016683377895,-1.5950816363511853
1057,30.75912609477561,-1.6104934780100824
1058,30.74803156440147,-1.6260209176512683
1059,30.736883098835463,-1.6416645291626388
1060,30.725680554333202,-1.6574248870973962
1061,30.71442378722872,-1.673302566658099
1062,30.703112653936284,-1.6892981436805818
1063,30.691747010952206,-1.7054121946177507
1064,30.680326714856633,-1.7216452965232591
1065,30.66885162231536,-1.7379980270350535
1066,30.657321590081644,-1.7544709643587997
1067,30.645736474998007,-1.7710646872511806
1068,30.63409613399809,-1.7877797750030717
1069,30.622400424108417,-1.8046168074225917
1070,30.610649202450276,-1.8215763648180259
1071,30.598842326241527,-1.838659027980629
1072,30.586979652798448,-1.8558653781672994
1073,30.575061039537545,-1.8731959970831311
1074,30.563086343977417,-1.8906514668638374
1075,30.55105542374061,-1.908232370058054
1076,30.53896813655544,-1.9259392896095144
1077,30.526824340257868,-1.943772808839099
1078,30.51462389279334,-1.9617335114267647
1079,30.50236665221865,-1.9798219813933406
1080,30.490052476703838,-1.9980388030822076
1081,30.47768122453399,-2.0163845611408475
1082,30.465252754111187,-2.0348598405022686
1083,30.452766923956336,-2.0534652263663067
1084,30.440223592711032,-2.072201304180799
1085,30.42762261913949,-2.091068659622638
1086,30.414963862130403,-2.1100678785786924
1087,30.402247180698836,-2.1291995471266114
1088,30.389472433988118,-2.148464251515498
1089,30.376639481271734,-2.167862578146459
1090,30.363748181955266,-2.187395113553036
1091,30.350798395578234,-2.2070624443814983
1092,30.337789981816044,-2.2268651573710265
1093,30.32472280048194,-2.24680383933376
1094,30.311596711528814,-2.2668790771347247
1095,30.298411575051222,-2.2870914576716372
1096,30.28516725128727,-2.3074415678545805
1097,30.27186360062054,-2.32792999458556
1098,30.258500483582033,-2.3485573247379303
1099,30.245077760852094,-2.3693241451357054
1100,30.231595293262348,-2.390231042532734
1101,30.218052941797666,-2.4112786035917604
1102,30.204450567598062,-2.4324674148633574
1103,30.190788031960704,-2.453798062764737
1104,30.177065196341832,-2.4752711335584334
1105,30.1632819223587,-2.4968872133308717
1106,30.14943807179157,-2.518646887970801
1107,30.135533506585674,-2.540550743147616
1108,30.12156808885313,-2.562599364289548
1109,30.107541680875,-2.5847933365617353
1110,30.093454145103177,-2.6071332448441744
1111,30.07930534416243,-2.62961967370954
1112,30.065095140852353,-2.652253207400894
1113,30.050823398149348,-2.6750344298092648
1114,30.036489979208646,-2.697963924451104
1115,30.02209474736625,-2.7210422744456273
1116,30.00763756614099,-2.7442700624920313
1117,29.99311829923646,-2.7676478708465844
1118,29.978536810543083,-2.7911762812996037
1119,29.96389296414008,-2.814855875152308
1120,29.949186624297475,-2.8386872331935495
1121,29.93441765547814,-2.8626709356764253
1122,29.919585922339813,-2.8868075622947695
1123,29.904691289737073,-2.9110976921595286
1124,29.889733622723416,-2.9355419037750092
1125,29.874712786553246,-2.9601407750150144
1126,29.859628646683934,-2.984894883098858
1127,29.84448106877786,-3.0098048045672594
1128,29.8292699187044,-3.0348711152581194
1129,29.81399506254204,-3.060094390282182
1130,29.798656366580367,-3.085475203998574
1131,29.783253697322145,-3.111014129990229
1132,29.767786921485346,-3.1367117410391945
1133,29.75225590600524,-3.1625686091018177
1134,29.73666051803643,-3.188585305283825
1135,29.721000624954918,-3.2147623998152737
1136,29.705276094360183,-3.241100462025394
1137,29.689486794077233,-3.2676000603173176
1138,29.6736325921587,-3.2942617621426833
1139,29.657713356886887,-3.321086133976138
1140,29.6417289567759,-3.3480737412897112
1141,29.62567926057367,-3.37522514852709
1142,29.609564137264076,-3.402540919077766
1143,29.593383456069045,-3.430021615251083
1144,29.577137086450627,-3.457667798250157
1145,29.56082489811308,-3.4854800281456977
1146,29.544446761004995,-3.5134588638497095
1147,29.528002545321403,-3.541604863089086
1148,29.511492121505864,-3.5699185823790844
1149,29.49491536025258,-3.598400576996707
1150,29.478272132508533,-3.62705140095395
1151,29.46156230947556,-3.655871606970963
1152,29.444785762612526,-3.6848617464490876
1153,29.427942363637392,-3.7140223694437853
1154,29.411031984529387,-3.743354024637473
1155,29.394054497531133,-3.77285725931223
1156,29.377009775150757,-3.802532619322411
1157,29.35989769016403,-3.832380649067151
1158,29.342718115616545,-3.8624018914627616
1159,29.325470924825815,-3.89259688791502
1160,29.308155991383426,-3.922966178291358
1161,29.29077318915723,-3.953510300892942
1162,29.273322392293448,-3.984229792426651
1163,29.255803475218872,-4.015125187976951
1164,29.238216312642965,-4.04619702097767
1165,29.220560779560095,-4.077445823183657
1166,29.20283675125163,-4.108872124642364
1167,29.185044103288178,-4.1404764536653005
1168,29.167182711531705,-4.1722593367994065
1169,29.14925245213773,-4.204221298798315
1170,29.13125320155751,-4.236362862593522
1171,29.113184836540224,-4.268684549265452
1172,29.095047234135144,-4.301186878014433
1173,29.07684027169382,-4.3338703661315625
1174,29.0585638268723,-4.3667355289694925
1175,29.040217777633295,-4.399782879913106
1176,29.0218020022484,-4.4330129303501025
1177,29.00331637930026,-4.466426189641489
1178,28.98476078768482,-4.500023165091979
1179,28.966135106613496,-4.5338043619202955
1180,28.9474392156154,-4.567770283229379
1181,28.928672994539543,-4.601921429976514
1182,28.909836323557062,-4.636258300943351
1183,28.89092908316344,-4.670781392705853
1184,28.871951154180717,-4.705491199604133
1185,28.85290241775972,-4.740388213712228
1186,28.833782755382277,-4.775472924807756
1187,28.81459204886349,-4.810745820341521
1188,28.795330180353915,-4.846207385406989
1189,28.775997032341838,-4.881858102709719
1190,28.75659248765549,-4.917698452536683
1191,28.737116429465306,-4.953728912725512
1192,28.71756874128615,-4.989949958633658
1193,28.697949306979595,-5.026362063107469
1194,28.678258010756153,-5.062965696451197
1195,28.65849473717753,-5.0997613263959005
1196,28.63865937115887,-5.136749418068293
1197,28.618751797971047,-5.173930433959493
1198,28.598771903242902,-5.211304833893712
1199,28.57871957296351,-5.24887307499685
1200,28.558594693484462,-5.28663561166503
1201,28.538397151522133,-5.3245928955330415
1202,28.518126834159943,-5.362745375442725
1203,28.497783628850623,-5.401093497411271
1204,28.47736742341854,-5.439637704599452
1205,28.456878106061943,-5.478378437279785
1206,28.436315565355248,-5.517316132804616
1207,28.415679690251324,-5.556451225574146
1208,28.394970370083808,-5.595784147004373
1209,28.374187494569366,-5.635315325494985
1210,28.35333095381002,-5.675045186397169
1211,28.332400638295415,-5.714974151981362
1212,28.311396438905128,-5.755102641404947
1213,28.290318246911006,-5.79543107067986
1214,28.269165953979403,-5.835959852640164
1215,28.247939452173558,-5.876689396909539
1216,28.22663863395585,-5.917620109868724
1217,28.20526339219016,-5.958752394622897
1218,28.18381362014416,-6.000086650968989
1219,28.162289211491625,-6.041623275362952
1220,28.140690060314782,-6.0833626608869675
1221,28.11901606110659,-6.125305197216593
1222,28.09726710877312,-6.167451270587866
1223,28.07544309863585,-6.209801263764346
1224,28.053543926434006,-6.252355556004105
1225,28.031569488326884,-6.295114523026677
1226,28.0095196808962,-6.33807853697995
1227,27.987394401148418,-6.381247966407007
1228,27.96519354651711,-6.424623176212933
1229,27.942917014865284,-6.468204527631557
1230,27.92056470448772,-6.511992378192171
1231,27.898136514113336,-6.55598708168619
1232,27.87563234290755,-6.6001889881337705
1233,27.853052090474588,-6.644598443750399
1234,27.830395656859878,-6.6892157909134315
1235,27.807662942552412,-6.734041368128595
1236,27.784853848487074,-6.779075509996459
1237,27.76196827604701,-6.824318547178856
1238,27.73900612706603,-6.86977080636529
1239,27.71596730383093,-6.915432610239288
1240,27.692851709083886,-6.9613042774447385
1241,27.66965924602479,-7.00738612255218
1242,27.646389818313683,-7.05367845602509
1243,27.623043330073074,-7.100181584186101
1244,27.599619685890367,-7.146895809183239
1245,27.576118790820207,-7.1938214289561
1246,27.55254055038685,-7.24095873720202
1247,27.528884870586605,-7.288308023342222
1248,27.505151657890153,-7.335869572487924
1249,27.481340819244984,-7.383643665406462
1250,27.457452262077766,-7.431630578487347
1251,27.43348589429674,-7.479830583708358
1252,27.409441624294136,-7.528243948601572
1253,27.385319360948525,-7.576870936219414
1254,27.36111901362727,-7.625711805100672
1255,27.336840492188898,-7.67476680923651
1256,27.312483706985482,-7.724036198036472
1257,27.288048568865115,-7.77352021629448
1258,27.263534989174254,-7.823219104154814
1259,27.238942879760142,-7.873133097078092
1260,27.214272152973233,-7.92326242580726
1261,27.189522721669608,-7.97360731633355
1262,27.164694499213375,-8.024167989862468
1263,27.1397873994791,-8.074944662779767
1264,27.11480133685421,-8.12593754661741
1265,27.089736226241424,-8.177146848019571
1266,27.064591983061188,-8.22857276870861
1267,27.03936852325408,-8.280215505451062
1268,27.014065763283227,-8.332075250023657
1269,26.988683620136772,-8.384152189179298
1270,26.963222011330284,-8.436446504613125
1271,26.937680854909168,-8.488958372928524
1272,26.912060069451133,-8.54168796560318
1273,26.886359574068628,-8.594635448955156
1274,26.86057928841124,-8.647800984108978
1275,26.834719132668184,-8.701184726961728
1276,26.808779027570697,-8.754786828149184
1277,26.782758894394522,-8.808607433011971
1278,26.756658654962322,-8.862646681561726
1279,26.730478231646153,-8.91690470844731
1280,26.704217547369883,-8.971381642921033
1281,26.677876525611673,-9.026077608804924
1282,26.651455090406397,-9.080992724457005
1283,26.62495316634812,-9.136127102737632
1284,26.598370678592545,-9.191480850975854
1285,26.571707552859472,-9.247054070935805
1286,26.544963715435237,-9.302846858783141
1287,26.518139093175204,-9.358859305051526
1288,26.4912336135062,-9.41509149460914
1289,26.464247204428997,-9.471543506625244
1290,26.437179794520755,-9.528215414536797
1291,26.410031312937516,-9.585107286015106
1292,26.38280168941665,-9.642219182932537
1293,26.355490854279328,-9.699551161329264
1294,26.32809873843302,-9.757103271380092
1295,26.300625273373907,-9.814875557361313
1296,26.273070391189425,-9.872868057617636
1297,26.24543402456071,-9.931080804529161
1298,26.21771610676505,-9.989513824478426
1299,26.189916571678395,-10.048167137817515
1300,26.16203535377785,-10.107040758835224
1301,26.13407238814411,-10.166134695724287
1302,26.106027610463986,-10.225448950548698
1303,26.077900957032877,-10.284983519211067
1304,26.049692364757252,-10.344738391420089
1305,26.021401771157127,-10.40471355065803
1306,25.993029114368586,-10.46490897414836
1307,25.96457433314623,-10.525324632823395
1308,25.93603736686573,-10.585960491292077
1309,25.907418155526237,-10.646816507807793
1310,25.878716639752955,-10.7078926342363
1311,25.849932760799593,-10.769188816023734
1312,25.82106646055087,-10.830704992164694
1313,25.792117681525045,-10.89244109517044
1314,25.763086366876355,-10.954397051037152
1315,25.733972460397588,-11.016572779214314
1316,25.704775906522542,-11.078968192573166
1317,25.67549665032854,-11.14158319737528
1318,25.646134637538932,-11.204417693241215
1319,25.616689814525632,-11.267471573119282
1320,25.58716212831159,-11.330744723254421
1321,25.557551526573317,-11.394237023157173
1322,25.5278579576434,-11.45794834557276
1323,25.49808137051301,-11.521878556450288
1324,25.468221714834424,-11.58602751491205
1325,25.438278940923553,-11.650395073222954
1326,25.408252999762414,-11.714981076760049
1327,25.378143843001705,-11.779785363982198
1328,25.34795142296331,-11.844807766399846
1329,25.31767569264278,-11.910048108544935
1330,25.28731660571192,-11.975506207940915
1331,25.256874116521264,-12.041181875072915
1332,25.226348180102622,-12.107074913358021
1333,25.195738752171618,-12.173185119115688
1334,25.1650457891302,-12.239512281538302
1335,25.134269248069177,-12.306056182661859
1336,25.103409086770757,-12.372816597336792
1337,25.072465263711067,-12.439793293198944
1338,25.041437738062715,-12.506986030640666
1339,25.01032646969729,-12.574394562782077
1340,24.97913141918793,-12.642018635442465
1341,24.947852547811856,-12.709857987111842
1342,24.916489817552886,-12.777912348922639
1343,24.88504319110403,-12.846181444621566
1344,24.85351263186998,-12.914664990541622
1345,24.821898103969676,-12.983362695574277
1346,24.79019957223888,-13.052274261141786
1347,24.758417002232683,-13.12139938116971
1348,24.726550360228075,-13.190737742059532
1349,24.6945996132265,-13.260289022661544
1350,24.66256472895641,-13.330052894247792
1351,24.630445675875812,-13.400029020485276
1352,24.59824242317482,-13.47021705740928
1353,24.56595494077823,-13.540616653396903
1354,24.533583199348065,-13.611227449140747
1355,24.501127170286157,-13.68204907762281
1356,24.468586825736686,-13.75308116408854
1357,24.43596213858876,-13.824323326021087
1358,24.40325308247898,-13.895775173115757
1359,24.37045963179401,-13.967436307254614
1360,24.33758176167314,-14.039306322481323
1361,24.30461944801087,-14.111384804976167
1362,24.2715726674595,-14.183671333031246
1363,24.238441397431643,-14.25616547702591
1364,24.205225616102876,-14.328866799402364
1365,24.171925302414287,-14.401774854641504
1366,24.138540436075065,-14.474889189238915
1367,24.105070997565072,-14.548209341681149
1368,24.071516968137438,-14.621734842422153
1369,24.037878329821158,-14.695465213859926
1370,24.004155065423685,-14.769399970313417
1371,23.9703471585335,-14.843538617999616
1372,23.936454593522715,-14.91788065501087
1373,23.9024773555497,-14.992425571292442
1374,23.868415430561623,-15.067172848620254
1375,23.834268805297132,-15.142121960578912
1376,23.800037467288888,-15.217272372539924
1377,23.765721404866216,-15.29262354164016
1378,23.7313206071577,-15.368174916760557
1379,23.69683506409378,-15.443925938505043
1380,23.662264766409404,-15.519876039179723
1381,23.6276097056466,-15.596024642772294
1382,23.59286987415715,-15.67237116493171
1383,23.558045265105157,-15.748915012948089
1384,23.52313587246971,-15.825655585732875
1385,23.48814169104751,-15.902592273799266
1386,23.453062716455477,-15.979724459242853
1387,23.4178989451334,-16.057051515722573
1388,23.382650374346596,-16.13457280844188
1389,23.347317002188507,-16.21228769413019
1390,23.31189882758338,-16.290195521024597
1391,23.27639585028892,-16.36829562885186
1392,23.240808070898897,-16.446587348810638
1393,23.205135490845848,-16.525070003554003
1394,23.16937811240371,-16.60374290717225
1395,23.133535938690486,-16.682605365175945
1396,23.097608973670926,-16.761656674479305
1397,23.061597222159165,-16.84089612338379
1398,23.025500689821442,-16.920322991562045
1399,22.98931938317872,-16.999936550042072
1400,22.953053309609423,-17.079736061191763
1401,22.916702477352086,-17.15972077870361
1402,22.880266895508058,-17.239889947579837
1403,22.843746574044204,-17.320242804117747
1404,22.807141523795575,-17.400778575895366
1405,22.770451756468166,-17.481496481757446
1406,22.733677284641566,-17.562395731801708
1407,22.696818121771692,-17.643475527365425
1408,22.659874282193524,-17.724735061012293
1409,22.62284578112382,-17.806173516519642
1410,22.585732634663827,-17.887790068865918
1411,22.54853485980203,-17.969583884218522
1412,22.5112524744169,-18.051554119921924
1413,22.473885497279614,-18.13369992448615
1414,22.436433948056823,-18.216020437575523
1415,22.39889784731341,-18.298514789997782
1416,22.36127721651526,-18.381182103693515
1417,22.32357207803199,-18.464021491725905
1418,22.285782455139778,-18.54703205827084
1419,22.247908372024103,-18.630212898607308
1420,22.20994985378254,-18.71356309910816
1421,22.17190692642758,-18.797081737231228
1422,22.133779616889406,-18.880767881510746
1423,22.0955679530187,-18.964620591549128
1424,22.057271963589503,-19.048638918009104
1425,22.018891678301973,-19.13282190260619
1426,21.98042712778527,-19.217168578101507
1427,21.94187834360035,-19.301677968294968
1428,21.903245358242874,-19.386349088018797
1429,21.864528205146005,-19.471180943131426
1430,21.825726918683294,-19.556172530511727
1431,21.786841534171568,-19.64132283805365
1432,21.747872087873784,-19.72663084466116
1433,21.70881861700194,-19.812095520243602
1434,21.669681159719957,-19.897715825711387
1435,21.63045975514663,-19.983490712972085
1436,21.591154443358498,-20.06941912492688
1437,21.55176526539279,-20.155499995467363
1438,21.512292263250387,-20.241732249472772
1439,21.472735479898745,-20.328114802807548
1440,21.433094959274868,-20.414646562319316
1441,21.393370746288277,-20.501326425837213
1442,21.353562886824,-20.58815328217063
1443,21.313671427745575,-20.675126011108347
1444,21.27369641689803,-20.762243483418022
1445,21.233637903110928,-20.849504560846118
1446,21.19349593620137,-20.936908096118174
1447,21.15327056697709,-21.024452932939518
1448,21.11296184723946,-21.11213790599638
1449,21.072569829786598,-21.199961840957346
1450,21.032094568416444,-21.2879235544753
1451,20.991536117929844,-21.37602185418968
1452,20.950894534133678,-21.46425553872925
1453,20.91016987384399,-21.55262339771517
1454,20.869362194889124,-21.64112421176455
1455,20.828471556112884,-21.729756752494392
1456,20.78749801737774,-21.81851978252597
1457,20.74644163956796,-21.907412055489573
1458,20.70530248459286,-21.99643231602973
1459,20.664080615390027,-22.08557929981084
1460,20.622776095928558,-22.174851733523173
1461,20.581388991212314,-22.264248334889395
1462,20.53991936728321,-22.353767812671425
1463,20.498367291224515,-22.44340886667777
1464,20.45673283116414,-22.533170187771304
1465,20.41501605627802,-22.623050457877426
1466,20.373217036793438,-22.71304834999271
1467,20.33133584399243,-22.80316252819397
1468,20.289372550215163,-22.893391647647736
1469,20.24732722886336,-22.98373435462023
1470,20.20519995440376,-23.07418928648773
1471,20.16299080237157,-23.164755071747408
1472,20.120699849373942,-23.255430330028613
1473,20.078327173093545,-23.346213672104565
1474,20.035872852292023,-23.437103699904583
1475,19.99333696681361,-23.52809900652664
1476,19.950719597588726,-23.61919817625052
1477,19.908020826637557,-23.710399784551285
1478,19.865240737073727,-23.801702398113292
1479,19.82237941310795,-23.893104574844653
1480,19.779436940051735,-23.98460486389213
1481,19.736413404321134,-24.076201805656492
1482,19.693308893440484,-24.167893931808376
1483,19.650123496046177,-24.25967976530457
1484,19.60685730189051,-24.351557820404768
1485,19.563510401845527,-24.44352660268882
1486,19.52008288790688,-24.53558460907444
1487,19.476574853197796,-24.627730327835337
1488,19.432986391972978,-24.719962238619903
1489,19.389317599622636,-24.81227881247033
1490,19.345568572676466,-24.904678511842164
1491,19.30173940880774,-24.997159790624433
1492,19.25783020683741,-25.089721094160158
1493,19.21384106673822,-25.18236085926738
1494,19.1697720896389,-25.275077514260705
1495,19.125623377828383,-25.36786947897327
1496,19.081395034760035,-25.46073516477922
1497,19.03708716505601,-25.553672974616678
1498,18.99269987451153,-25.6466813030112
1499,18.948233270099337,-25.739758536099686
1500,18.90368745997409,-25.83290305165484
1501,18.859062553476843,-25.926113219110043
1502,18.8143586611396,-26.019387399584797
1503,18.769575894689865,-26.11272394591061
1504,18.724714367055316,-26.20612120265737
1505,18.679774192368427,-26.299577506160272
1506,18.634755485971247,-26.393091184547135
1507,18.589658364420163,-26.486660557766363
1508,18.544482945490767,-26.580283937615256
1509,18.499229348182727,-26.673959627768916
1510,18.453897692724755,-26.767685923809616
1511,18.408488100579643,-26.86146111325668
1512,18.363000694449315,-26.955283475596854
1513,18.317435598279978,-27.04915128231519
1514,18.27179293726734,-27.14306279692642
1515,18.22607283786185,-27.237016275006884
1516,18.180275427774067,-27.331009964226872
1517,18.13440083598006,-27.425042104383557
1518,18.088449192726852,-27.51911092743437
1519,18.042420629538015,-27.613214657530975
1520,17.99631527921927,-27.707351511053613
1521,17.95013327586418,-27.801519696646103
1522,17.90387475485993,-27.895717415251234
1523,17.8575398528932,-27.98994286014673
1524,17.811128707956083,-28.08419421698173
1525,17.764641459352116,-28.17846966381373
1526,17.71807824770238,-28.272767371146102
1527,17.671439214951686,-28.367085501966077
1528,17.624724504374885,-28.461422211783216
1529,17.577934260583206,-28.555775648668526
1530,17.531068629530775,-28.650143953293888
1531,17.484127758521122,-28.7445252589722
1532,17.43711179621391,-28.838917691697866
1533,17.390020892631643,-28.933319370187977
1534,17.342855199166582,-29.02772840592378
1535,17.295614868587702,-29.122142903192884
1536,17.248300055047785,-29.216560959131854
1537,17.200910914090606,-29.310980663769367
1538,17.153447602658275,-29.405400100069837
1539,17.105910279098644,-29.49981734397764
1540,17.058299103172853,-29.59423046446175
1541,17.010614236063027,-29.688637523560995
1542,16.962855840380083,-29.783036576429744
1543,16.915024080171634,-29.87742567138417
1544,16.867119120930074,-29.971802849948975
1545,16.819141129600773,-30.06616614690472
1546,16.77109027459043,-30.160513590335547
1547,16.72296672577555,-30.254843201677513
1548,16.674770654511054,-30.349152995767415
1549,16.62650223363912,-30.443440980892117
1550,16.57816163749806,-30.537705158838385
1551,16.529749041931453,-30.631943524943292
1552,16.481264624297403,-30.72615406814505
1553,16.43270856347794,-30.820334771034435
1554,16.384081039888663,-30.91448360990669
1555,16.33538223548846,-31.008598554813936
1556,16.286612333789495,-31.102677569618113
1557,16.23777151986734,-31.196718612044414
1558,16.188859980371326,-31.290719633735286
1559,16.13987790353501,-31.38467858030484
1560,16.090825479186933,-31.47859339139387
1561,16.041702898761546,-31.572462000725356
1562,15.99251035531034,-31.666282336160407
1563,15.94324804351321,-31.760052319754834
1564,15.893916159690006,-31.853769867816137
1565,15.84451490181234,-31.947432890961018
1566,15.79504446951562,-32.04103929417344
1567,15.745505064111338,-32.13458697686316
1568,15.695896888599558,-32.228073832924736
1569,15.646220147681706,-32.32149775079709
1570,15.596475047773577,-32.4148566135236
1571,15.546661797018643,-32.508148298812564
1572,15.496780605301618,-32.60137067909832
1573,15.44683168426228,-32.69452162160276
1574,15.396815247309629,-32.78759898839737
1575,15.346731509636292,-32.88060063646582
1576,15.29658068823327,-32.973524417766946
1577,15.246363001904957,-33.06636817929832
1578,15.19607867128451,-33.15912976316025
1579,15.14572791884952,-33.251807006620346
1580,15.095310968938053,-33.3443977421785
1581,15.044828047765014,-33.43689979763235
1582,14.99427938343886,-33.52931099614332
1583,14.943665205978702,-33.621629156303115
1584,14.892985747331746,-33.71385209220059
1585,14.842241241391175,-33.805977613489254
1586,14.791431924014356,-33.89800352545519
1587,14.740558033041523,-33.98992762908542
1588,14.689619808314825,-34.08174772113684
1589,14.638617491697849,-34.173461594205534
1590,14.587551327095516,-34.26506703679661
1591,14.536421560474535,-34.3565618333945
1592,14.485228439884214,-34.44794376453377
1593,14.433972215477835,-34.539210606870306
1594,14.382653139534462,-34.63036013325307
1595,14.331271466481315,-34.721390112796264
1596,14.279827452916605,-34.81229831095194
1597,14.228321357632934,-34.90308248958313
1598,14.176753441641287,-34.99374040703737
1599,14.1251239681955,-35.08426981822079
1600,14.073433202817396,-35.174668474672444
1601,14.021681413322483,-35.264934124639375
1602,13.969868869846275,-35.35506451315188
1603,13.917995844871244,-35.44505738209941
1604,13.866062613254446,-35.53491047030671
1605,13.814069452255804,-35.62462151361067
1606,13.762016641567087,-35.71418824493736
1607,13.709904463341594,-35.80360839437967
1608,13.657733202224593,-35.89287968927528
1609,13.60550314538451,-35.98199985428516
1610,13.553214582544866,-36.070966611472386
1611,13.50086780601709,-36.15977768038152
1612,13.448463110734064,-36.24843077811827
1613,13.396000794284571,-36.3369236194297
1614,13.343481156948629,-36.42525391678474
1615,13.290904501733692,-36.51341938045524
1616,13.238271134411834,-36.60141771859732
1617,13.185581363557795,-36.68924663733318
1618,13.132835500588124,-36.776903840833356
1619,13.080033859801281,-36.86438703139929
1620,13.02717675841876,-36.951693909546414
1621,12.97426451662737,-37.03882217408749
1622,12.921297457622572,-37.12576952221651
1623,12.86827590765298,-37.21253364959282
1624,12.81520019606604,-37.29911225042579
1625,12.762070655354933,-37.38550301755975
1626,12.708887621206761,-37.471703642559355
1627,12.65565143255198,-37.55771181579532
1628,12.602362431615223,-37.6435252265306
1629,12.549020963967484,-37.72914156300675
1630,12.495627378579725,-37.814558512530894
1631,12.442182027877932,-37.89977376156293
1632,12.388685267799769,-37.98478499580304
1633,12.335137457852705,-38.06958990027969
1634,12.281538961173803,-38.154186159437906
1635,12.227890144591207,-38.238571457227934
1636,12.174191378687283,-38.322743477194194
1637,12.120443037863605,-38.40669990256463
1638,12.066645500407745,-38.49043841634037
1639,12.01279914856198,-38.57395670138576
1640,11.958904368593954,-38.657252440518654
1641,11.904961550869366,-38.74032331660111
1642,11.850971089926762,-38.8231670126304
1643,11.79693338455446,-38.905781211830224
1644,11.74284883786979,-38.98816359774242
1645,11.68871785740054,-39.07031185431888
1646,11.634540855168888,-39.152223666013725
1647,11.58031824777774,-39.23389671787594
1648,11.526050456499684,-39.31532869564212
1649,11.471737907368526,-39.39651728582969
1650,11.417381031273601,-39.47746017583025
1651,11.362980264056914,-39.55815505400333
1652,11.30853604661321,-39.63859960977036
1653,11.254048824993026,-39.71879153370896
1654,11.199519050508952,-39.798728517647405
1655,11.144947179845087,-39.87840825475956
1656,11.090333675169871,-39.95782843965982
1657,11.035679004252417,-40.0369867684985
1658,10.980983640582389,-40.11588093905742
1659,10.92624806349369,-40.19450865084569
1660,10.871472758291945,-40.27286760519584
1661,10.816658216386033,-40.35095550536011
1662,10.761804935423774,-40.42877005660697
1663,10.706913419431839,-40.506308966317974
1664,10.651984178960241,-40.58356994408469
1665,10.597017731231356,-40.66055070180595
1666,10.542014600293767,-40.73724895378531
1667,10.486975317181061,-40.81366241682869
1668,10.431900420075811,-40.88978881034224
1669,10.376790454478886,-40.96562585643035
1670,10.32164597338429,-41.041171279994
1671,10.266467537459773,-41.1164228088291
1672,10.211255715233445,-41.191378173725205
1673,10.156011083286508,-41.266035108564246
1674,10.100734226452525,-41.34039135041961
1675,10.045425738023285,-41.41444463965519
1676,9.990086219961688,-41.48819272002478
1677,9.93471628312175,-41.56163333877153
1678,9.879316547476186,-41.634764246727585
1679,9.823887642351721,-41.70758319841384
1680,9.768430206672505,-41.7800879521399
1681,9.712944889211935,-41.852276270104106
1682,9.657432348853204,-41.92414591849378
1683,9.601893254858954,-41.995694667585475
1684,9.546328287150383,-42.06692029184547
1685,9.49073813659616,-42.13782057003033
1686,9.435123505311587,-42.20839328528752
1687,9.379485106968376,-42.27863622525624
1688,9.32382366711553,-42.348547182168254
1689,9.26813992351175,-42.418123952948875
1690,9.212434626469799,-42.48736433931801
1691,9.156708539213431,-42.55626614789127
1692,9.100962438247278,-42.624827190281216
1693,9.045197113740311,-42.69304528319862
1694,8.989413369923456,-42.760918248553814
1695,8.933612025501892,-42.82844391355806
1696,8.87779391408272,-42.89562011082505
1697,8.821959884618604,-42.962444678472366
1698,8.766110801868079,-43.02891546022306
1699,8.710247546873305,-43.0950303055072
1700,8.654371017455912,-43.160787069563476
1701,8.598482128731813,-43.22618361354084
1702,8.54258181364571,-43.29121780460012
1703,8.486671023526267,-43.35588751601575
1704,8.430750728662789,-43.420190627277314
1705,8.374821918904344,-43.484125024191314
1706,8.318885604282405,-43.54768859898273
1707,8.262942815657908,-43.61087925039673
1708,8.206994605394021,-43.67369488380023
1709,8.151042048055581,-43.7361334112835
1710,8.095086241136576,-43.79819275176173
1711,8.039128305816757,-43.85987083107657
1712,7.983169387748906,-43.92116558209752
1713,7.9272106578780255,-43.98207494482348
1714,7.871253313293935,-44.04259686648398
1715,7.815298578118923,-44.10272930164058
1716,7.759347704431876,-44.16247021228804
1717,7.703401973230848,-44.22181756795553
1718,7.647462695435617,-44.28076934580764
1719,7.591531212932247,-44.33932353074542
1720,7.535608899661677,-44.3974781155072
1721,7.479697162754251,-44.455231100769446
1722,7.42379744371255,-44.51258049524739
1723,7.367911219644799,-44.569524315795604
1724,7.312040004551162,-44.62606058750844
1725,7.256185350665596,-44.682187343820345
1726,7.200348849855943,-44.73790262660602
1727,7.144532135085027,-44.79320448628047
1728,7.088736881935762,-44.8480909818989
1729,7.032964810203445,-44.90256018125645
1730,6.977217685558445,-44.95661016098775
1731,6.921497321282837,-45.010239006666325
1732,6.865805580084624,-45.06344481290388
1733,6.810144375993344,-45.11622568344928
1734,6.754515676341196,-45.16857973128747
1735,6.698921503833912,-45.22050507873812
1736,6.643363938715829,-45.27199985755415
1737,6.587845121034018,-45.323062209019895
1738,6.532367253006318,-45.37369028404927
1739,6.476932601498602,-45.42388224328352
1740,6.421543500616794,-45.473636257188915
1741,6.366202354419449,-45.52295050615402
1742,6.31091163975702,-45.57182318058689
1743,6.255673909244267,-45.62025248101199
1744,6.200491794372546,-45.668236618166766
1745,6.145368008769229,-45.715773813098046
1746,6.090305351611655,-45.76286229725817
1747,6.035306711203537,-45.809500312600775
1748,5.980375068722171,-45.855686111676434
1749,5.925513502145114,-45.901417957727865
1750,5.870725190365566,-45.946694124784905
1751,5.816013417505957,-45.991512897759236
1752,5.761381577440017,-46.035872572538715
1753,5.706833178533741,-46.07977145608147
1754,5.652371848616467,-46.12320786650961
1755,5.598001340193647,-46.166180133202644
1756,5.543725535913498,-46.208686596890594
1757,5.48954845430022,-46.25072560974672
1758,5.435474255767123,-46.29229553547987
1759,5.381507248923431,-46.333394749426624
1760,5.327651897189284,-46.374021638642866
1761,5.273912825733893,-46.414174601995185
1762,5.220294828752481,-46.45385205025182
1763,5.166802877098134,-46.493052406173156
1764,5.113442126285243,-46.53177410460197
1765,5.060217924881857,-46.57001559255322
1766,5.007135823308679,-46.6077753293034
1767,4.954201583062768,-46.64505178647956
1768,4.901421186384668,-46.681843448147845
1769,4.848800846387852,-46.718148810901674
1770,4.796347017669567,-46.75396638394948
1771,4.744066407422425,-46.78929468920197
1772,4.691965987065959,-46.82413226135902
1773,4.64005300441732,-46.85847764799608
1774,4.58833499641977,-46.892329409650145
1775,4.5368198024472255,-46.92568611990525
1776,4.485515578202149,-46.9585463654775
1777,4.434430810222945,-46.9909087462997
1778,4.383574331015541,-47.02277187560538
1779,4.332955334821828,-47.05413438001244
1780,4.282583394035259,-47.08499489960631
1781,4.23246847627085,-47.1153520880225
1782,4.182620962093281,-47.1452046125288
1783,4.133051663402308,-47.174551154106844
1784,4.083771842469548,-47.20339040753325
1785,4.0347932316145405,-47.23172108146015
1786,3.986128053500684,-47.25954189849533
1787,3.937789042023208,-47.28685159528163
1788,3.889789463751552,-47.313648922576064
1789,3.8421431398772126,-47.33993264532811
1790,3.7948644686049753,-47.3657015427577
1791,3.7479684479108437,-47.390954408432485
1792,3.7014706985727464,-47.41569005034464
1793,3.6553874873614136,-47.43990729098699
1794,3.6097357502568412,-47.46360496742867
1795,3.5645331155321816,-47.48678193139017
1796,3.519797926519766,-47.50943704931769
1797,3.475549263844432,-47.53156920245707
1798,3.431806966876843,-47.55317728692702
1799,3.3885916541237404,-47.57426021379168
1800,3.3459247422336094,-47.5948169091328
1801,3.3038284632547277,-47.614846314121
1802,3.2623258797385217,-47.63434738508661
1803,3.221440897234629,-47.65331909358984
1804,3.1811982736760127,-47.671760426490266
1805,3.1416236251029432,-47.68967038601574
1806,3.102743427125334,-47.707047989830585
1807,3.064585011474303,-47.72389227110319
1808,3.0271765569479627,-47.74020227857292
1809,2.9905470740146245,-47.75597707661643
1810,2.9547263823014442,-47.7712157453131
1811,2.9197450801699665,-47.785917380510114
1812,2.8856345055655637,-47.8000810938866
1813,2.8524266873276756,-47.81370601301717
1814,2.8201542861664124,-47.8267912814348
1815,2.788850524550901,-47.839336058692986
1816,2.7585491048206703,-47.851339520427196
1817,2.7292841149255667,-47.86280085841556
1818,2.7010899213264956,-47.87371928063899
1819,2.6740010487503123,-47.884094011340444
1820,2.6480520466901725,-47.89392429108354
1821,2.623277342777346,-47.903209376810395
1822,2.599711083421476,-47.91194854189876
1823,2.5773869624207117,-47.92014107621845
1824,2.5563380385759755,-47.92778628618696
1825,2.536596543698269,-47.934883494824355
1826,2.518193682764074,-47.94143204180746
1827,2.5011594283404563,-47.94743128352324
1828,2.4855223117540346,-47.95288059312137
1829,2.4713092138009047,-47.95777936056619
1830,2.458545158071786,-47.962126992687736
1831,2.4472531101806814,-47.965922913232035
1832,2.4374537863208765,-47.9691665629107
1833,2.429165474615296,-47.97185739944961
1834,2.4224038726680575,-47.97399489763692
1835,2.4171819445547933,-47.97557854937017
1836,2.4135098002086384,-47.97660786370267
1837,2.4113945997721733,-47.977082366889064
1838,2.4108404850020433,-47.97700160243005
1839,2.4118485392488838,-47.976365131116346
1840,2.4144167769109037,-47.975172531071806
1841,2.4185401625987586,-47.973423397795685
1842,2.424210659579422,-47.97111734420415
1843,2.4314173064140605,-47.968254000670925
1844,2.4401463200957147,-47.96483301506706
1845,2.4503812234500533,-47.96085405279997
1846,2.4621029941058308,-47.956316796851496
1847,2.4752902319851438,-47.95122094781529
1848,2.4899193420151158,-47.94556622393315
1849,2.505964728625671,-47.939352361130716
1850,2.523398998568682,-47.93257911305211
1851,2.542193168665342,-47.925246251093874
1852,2.5623168752483503,-47.91735356443796
1853,2.583738582299827,-47.90890086008388
1854,2.606425785577897,-47.89988796287998
1855,2.630345210358305,-47.890314715553856
1856,2.6554630007754785,-47.880180978741855
1857,2.681744899115288,-47.86948663101775
1858,2.709156413775648,-47.858231568920516
1859,2.7376629749603136,-47.846415706981134
1860,2.7672300774963023,-47.83403897774869
1861,2.7978234104605635,-47.821101331815406
1862,2.829408973562044,-47.80760273784084
1863,2.861953180449369,-47.7935431825752
1864,2.895422949301394,-47.7789226708818
1865,2.9297857812087424,-47.763741225758494
1866,2.9650098269713774,-47.74799888835828
1867,3.001063943023085,-47.731695718009036
1868,3.0379177372512736,-47.71483179223223
1869,3.0755416055142235,-47.69740720676085
1870,3.1139067596703915,-47.67942207555628
1871,3.152985247930022,-47.66087653082439
1872,3.19274996832084,-47.64177072303059
1873,3.233174676030323,-47.622104820914046
1874,3.274233985349716,-47.60187901150095
1875,3.315903366901762,-47.58109350011678
1876,3.358159140787199,-47.55974851039779
1877,3.400978466236302,-47.53784428430142
1878,3.4443393283019477,-47.515381082115866
1879,3.488220522081842,-47.49235918246865
1880,3.5326016349096694,-47.46877888233429
1881,3.577463026909033,-47.44464049704105
1882,3.622785810260988,-47.419944360276716
1883,3.6685518274949556,-47.394690824093416
1884,3.7147436290754867,-47.368880258911524
1885,3.7613444505223512,-47.342513053522644
1886,3.8083381892698385,-47.31558961509159
1887,3.8557093814423147,-47.28811036915745
1888,3.903443178697172,-47.260075759633736
1889,3.9515253252629354,-47.23148624880745
1890,3.999942135279539,-47.202342317337404
1891,4.048680470529378,-47.17264446425142
1892,4.097727718631401,-47.14239320694265
1893,4.147071771756261,-47.1115890811649
1894,4.1967010059080465,-47.0802326410271
1895,4.246604260807186,-47.048324458986635
1896,4.296770820399754,-47.01586512584195
1897,4.347190394010367,-46.98285525072397
1898,4.397853098148816,-46.94929546108676
1899,4.448749438974792,-46.915186402697074
1900,4.499870295420124,-46.88052873962304
1901,4.5512069029637034,-46.84532315422186
1902,4.602750838050899,-46.809570347126524
1903,4.654494003146371,-46.773271037231616
1904,4.706428612407069,-46.736425961678115
1905,4.7585471779601995,-46.699035875837254
1906,4.810842496769603,-46.66110155329344
1907,4.863307638072999,-46.62262378582617
1908,4.915935931371698,-46.58360338339105
1909,4.968720954953889,-46.54404117409977
1910,5.021656524932363,-46.50393800419923
1911,5.074736684777324,-46.46329473804958
1912,5.12795569532514,-46.42211225810145
1913,5.181308025243814,-46.38039146487206
1914,5.234788341936422,-46.33813327692053
1915,5.288391502864065,-46.29533863082213
1916,5.3421125472702204,-46.25200848114159
1917,5.395946688288867,-46.208143800405495
1918,5.449889305419414,-46.163745579073726
1919,5.50393593735174,-46.11881482550987
1920,5.558082275125473,-46.0733525659508
1921,5.612324155608015,-46.02735984447518
1922,5.666657555276441,-45.98083772297114
1923,5.721078584289107,-45.93378728110289
1924,5.775583480833211,-45.88620961627648
1925,5.830168605735187,-45.83810584360458
1926,5.884830437321375,-45.78947709587027
1927,5.939565566517015,-45.74032452348999
1928,5.994370692172006,-45.69064929447544
1929,6.049242616602535,-45.64045259439463
1930,6.1041782413381505,-45.58973562633194
1931,6.159174563064232,-45.53849961084723
1932,6.214228669750462,-45.48674578593412
1933,6.2693377369562215,-45.43447540697718
1934,6.3244990243042905,-45.38168974670832
1935,6.379709872114747,-45.328390095162206
1936,6.434967698191148,-45.274577759630745
1937,6.490269994751747,-45.22025406461666
1938,6.545614325498607,-45.16542035178611
1939,6.600998322817957,-45.11007797992047
1940,6.656419685105453,-45.05422832486707
1941,6.711876174210235,-44.99787277948918
1942,6.767365612992222,-44.941012753614935
1943,6.822885882986941,-44.88364967398543
1944,6.878434922173,-44.825784984201924
1945,6.9340107228370345,-44.76742014467206
1946,6.9896113295316615,-44.70855663255525
1947,7.045234837121904,-44.649195941707205
1948,7.100879388915907,-44.589339582623424
1949,7.1565431748759725,-44.52898908238194
1950,7.212224429906075,-44.4681459845851
1951,7.267921432212334,-44.40681184930049
1952,7.323632501732879,-44.34498825300095
1953,7.379355998634041,-44.28267678850374
1954,7.435090321869648,-44.219879064908824
1955,7.490833907800538,-44.156596707536245
1956,7.5465852288715105,-44.092831357862714
1957,7.602342792343035,-44.02858467345722
1958,7.658105139075273,-43.9638583279159
1959,7.713870842361938,-43.898654010795966
1960,7.76963850681177,-43.83297342754879
1961,7.82540676727544,-43.76681829945218
1962,7.881174287815881,-43.70019036354181
1963,7.936939760720025,-43.63309137254168
1964,7.9927019055501205,-43.56552309479395
1965,8.048459468232874,-43.49748731418781
1966,8.104211220184723,-43.42898583008746
1967,8.159955957471636,-43.360020457259424
1968,8.215692500001921,-43.290593025798955
1969,8.271419690750607,-43.22070538105557
1970,8.327136395014,-43.15035938355789
1971,8.382841499693106,-43.079556908937604
1972,8.438533912604685,-43.008299847852605
1973,8.49421256181874,-42.936590105909374
1974,8.54987639502126,-42.864429603584576
1975,8.605524378901226,-42.7918202761458
1976,8.661155498560786,-42.718764073571585
1977,8.716768756947594,-42.645262960470646
1978,8.772363174308477,-42.57131891600025
1979,8.827937787663402,-42.49693393378397
1980,8.883491650299051,-42.4221100218285
1981,8.939023831281016,-42.34684920243986
1982,8.994533414983978,-42.27115351213877
1983,9.050019500639076,-42.19502500157521
1984,9.105481201897746,-42.11846573544241
1985,9.160917646411413,-42.04147779238993
1986,9.216327975426273,-41.964063264936044
1987,9.271711343392756,-41.886224259379496
1988,9.327066917588862,-41.807962895710375
1989,9.382393877756922,-41.729281307520395
1990,9.43769141575327,-41.650181641912376
1991,9.492958735210243,-41.57066605940909
1992,9.548195051210083,-41.49073673386131
1993,9.60339958997021,-41.410395852355286
1994,9.65857158853948,-41.3296456151194
1995,9.713710294504985,-41.24848823543019
1996,9.768814965708914,-41.16692593951777
1997,9.823884869975235,-41.08496096647042
1998,9.87891928484564,-41.00259556813862
1999,9.933917497324542,-40.91983200903839
2000,9.988878803632703,-40.836672566253945
2001,10.043802508969216,-40.75311941864239
2002,10.098687927201535,-40.66917464458656
2003,10.15353438056139,-40.58484033160794
2004,10.208341199427077,-40.50011857630578
2005,10.263107722112917,-40.415011484295924
2006,10.317833294665526,-40.32952117014946
2007,10.372517270666798,-40.24364975733117
2008,10.427159011043193,-40.15739937813773
2009,10.481757883881231,-40.07077217363587
2010,10.53631326424883,-39.983770293600095
2011,10.590824534022456,-39.89639589645045
2012,10.64529108171965,-39.80865114918996
2013,10.699712302336984,-39.720538227341905
2014,10.754087597193012,-39.632059314886966
2015,10.808416373776241,-39.54321660420012
2016,10.862698045597801,-39.45401229598737
2017,10.916932032048724,-39.364448599222385
2018,10.971117758261641,-39.27452773108283
2019,11.025254654976743,-39.18425191688662
2020,11.079342158411876,-39.09362339002802
2021,11.133379710136598,-39.00264439191345
2022,11.187366756950075,-38.91131717189734
2023,11.241302750762705,-38.81964398721759
2024,11.295187148481302,-38.727627102931066
2025,11.349019411897714,-38.63526879184884
2026,11.402799007580832,-38.5425713344713
2027,11.456525406771805,-38.449537018923095
2028,11.510198085282324,-38.356168140888
2029,11.563816523396014,-38.26246700354357
2030,11.617380205772648,-38.168435917495636
2031,11.670888621355214,-38.07407720071275
2032,11.7243412632797,-37.97939317846042
2033,11.777737628787515,-37.88438618323525
2034,11.83107721914045,-37.789058554698904
2035,11.884359539538073,-37.69341263961203
2036,11.937584099037556,-37.59745079176794
2037,11.99075041047577,-37.50117537192628
2038,12.043857990393604,-37.404588747746516
2039,12.096906358962453,-37.307693293721286
2040,12.14989503991282,-37.21049139110975
2041,12.202823560464875,-37.11298542787063
2042,12.25569145126103,-37.015177798595396
2043,12.308498246300362,-36.91707090444106
2044,12.3612434828749,-36.818667153063146
2045,12.41392670150769,-36.71996895854836
2046,12.46654744589255,-36.620978741347216
2047,12.519105262835534,-36.52169892820661
2048,12.571599702197972,-36.42213195210228
2049,12.624030316841072,-36.32228025217111
2050,12.676396662572103,-36.222146273643446
2051,12.728698298091958,-36.12173246777525
2052,12.78093478494421,-36.02104129178023
2053,12.833105687465517,-35.92007520876182
2054,12.885210572737357,-35.818836687645174
2055,12.937249010539114,-35.717328203108984
2056,12.98922057330236,-35.61555223551727
2057,13.04112483606638,-35.51351127085116
2058,13.092961376434905,-35.41120780064052
2059,13.144729774533959,-35.30864432189546
2060,13.196429612970864,-35.205823337038
2061,13.248060476794281,-35.10274735383346
2062,13.299621953455333,-34.99941888532189
2063,13.351113632769714,-34.895840449749386
2064,13.402535106880839,-34.79201457049945
2065,13.453885970223915,-34.687943776024206
2066,13.50516581949095,-34.58363059977563
2067,13.556374253596676,-34.479077580136675
2068,13.607510873645355,-34.374287260352425
2069,13.658575282898417,-34.26926218846115
2070,13.709567086742956,-34.164004917225355
2071,13.760485892661015,-34.0585180040628
2072,13.811331310199657,-33.952804010977424
2073,13.862102950941804,-33.846865504490346
2074,13.912800428477784,-33.74070505557076
2075,13.963423358377664,-33.63432523956679
2076,14.013971358164198,-33.52772863613644
2077,14.064444047286512,-33.42091782917832
2078,14.114841047094435,-33.313895406762605
2079,14.165161980813448,-33.20666396106176
2080,14.215406473520297,-33.09922608828136
2081,14.26557415211917,-32.9915843885909
2082,14.315664645318506,-32.88374146605457
2083,14.365677583608337,-32.77569992856202
2084,14.415612599238214,-32.66746238775914
2085,14.465469326195674,-32.55903145897882
2086,14.515247400185222,-32.45040976117173
2087,14.564946458607832,-32.34159991683711
2088,14.614566140540953,-32.23260455195353
2089,14.664106086718995,-32.123426295909695
2090,14.713565939514291,-32.01406778143522
2091,14.762945342918517,-31.90453164453149
2092,14.812243942524582,-31.79482052440243
2093,14.861461385508905,-31.684937063385394
2094,14.910597320614162,-31.57488390688202
2095,14.95965139813243,-31.464663703289116
2096,15.008623269888716,-31.35427910392953
2097,15.05751258922494,-31.243732762983175
2098,15.106319010984212,-31.133027337417925
2099,15.155042191495559,-31.022165486920613
2100,15.203681788558955,-30.91114987382811
2101,15.25223746143074,-30.799983163058343
2102,15.300708870809368,-30.68866802204143
2103,15.349095678821511,-30.577207120650773
2104,15.397397549008456,-30.46560313113431
2105,15.445614146312831,-30.35385872804569
2106,15.493745137065659,-30.241976588175586
2107,15.541790188973698,-30.12995939048297
2108,15.589748971107081,-30.017809816026524
2109,15.637621153887228,-29.905530547896056
2110,15.68540640907504,-29.793124271143963
2111,15.733104409759395,-29.6805936727168
2112,15.78071483034591,-29.567941441386832
2113,15.828237346545883,-29.455170267683734
2114,15.875671635365586,-29.34228284382627
2115,15.923017375095752,-29.2292818636541
2116,15.970274245301312,-29.116170022559626
2117,16.017441926811376,-29.0029500174199
2118,16.064520101709412,-28.88962454652863
2119,16.111508453323708,-28.776196309528228
2120,16.158406666217964,-28.662668007341946
2121,16.20521442618218,-28.549042342106112
2122,16.251931420223702,-28.435322017102397
2123,16.29855733655849,-28.32150973669021
2124,16.34509186460256,-28.207608206239133
2125,16.391534694963642,-28.093620132061478
2126,16.43788551943304,-27.97954822134491
2127,16.484144030977582,-27.86539518208514
2128,16.5303099237319,-27.751163723018795
2129,16.576382892990743,-27.63685655355623
2130,16.622362635201558,-27.522476383714576
2131,16.66824884795716,-27.408025924050833
2132,16.71404122998863,-27.293507885594998
2133,16.759739481158324,-27.17892497978342
2134,16.805343302453068,-27.064279918392124
2135,16.850852395977462,-26.94957541347036
2136,16.8962664649474,-26.834814177274133
2137,16.941585213683656,-26.71999892219996
2138,16.98680834760566,-26.60513236071862
2139,17.031935573225407,-26.490217205309133
2140,17.076966598141464,-26.375256168392756
2141,17.12190113103317,-26.260251962267102
2142,17.16673888165486,-26.14520729904046
2143,17.211479560830373,-26.03012489056612
2144,17.25612288044751,-25.91500744837689
2145,17.300668553452724,-25.799857683619702
2146,17.345116293845887,-25.684678306990325
2147,17.38946581667517,-25.569472028668283
2148,17.433716838032023,-25.45424155825177
2149,17.477869075046318,-25.338989604692802
2150,17.52192224588153,-25.223718876232446
2151,17.56587606973004,-25.108432080336186
2152,17.60973026680858,-24.993131923629413
2153,17.65348455835369,-24.87782111183308
2154,17.6971386666174,-24.762502349699435
2155,17.74069231486286,-24.64717834094796
2156,17.78414522736019,-24.53185178820138
2157,17.827497129382326,-24.416525392921855
2158,17.870747747201005,-24.3012018553473
2159,17.91389680808282,-24.185883874427837
2160,17.956944040285368,-24.070574147762407
2161,17.99988917305345,-23.955275371535507
2162,18.042731936615407,-23.839990240454096
2163,18.085472062179484,-23.72472144768463
2164,18.12810928193027,-23.60947168479025
2165,18.17064332902527,-23.494243641668135
2166,18.21307393759149,-23.379040006486967
2167,18.255400842722104,-23.26386346562461
2168,18.297623780473206,-23.148716703605878
2169,18.339742487860644,-23.033602403040522
2170,18.381756702856908,-22.918523244561303
2171,18.423666164388038,-22.80348190676229
2172,18.465470612330666,-22.68848106613729
2173,18.50716978750909,-22.573523397018416
2174,18.548763431692382,-22.458611571514858
2175,18.59025128759164,-22.343748259451782
2176,18.631633098857193,-22.22893612830943
2177,18.672908610075915,-22.114177843162352
2178,18.71407756676862,-21.9994760666188
2179,18.75513971538746,-21.88483345876035
2180,18.796094803313427,-21.770252677081615
2181,18.836942578853836,-21.65573637643017
2182,18.87768279123995,-21.541287208946663
2183,18.918315190624572,-21.426907824005042
2184,18.958839528079764,-21.31260086815303
2185,18.99925555559452,-21.198368985052703
2186,19.039563026072596,-21.08421481542131
2187,19.079761693330276,-20.970140996972198
2188,19.119851312094276,-20.85615016435599
2189,19.15983163799963,-20.742244949101885
2190,19.199702427587642,-20.62842797955916
2191,19.239463438303872,-20.514701880838864
2192,19.27911442849619,-20.40106927475567
2193,19.318655157412845,-20.28753277976992
2194,19.35808538520055,-20.174095010929868
2195,19.397404872902662,-20.060758579814095
2196,19.436613382457352,-19.94752609447409
2197,19.47571067669585,-19.834400159377058
2198,19.51469651934069,-19.7213833753489
2199,19.553570675004014,-19.608478339517355
2200,19.592332909185895,-19.495687645255384
2201,19.630982988272716,-19.383013882124683
2202,19.66952067953555,-19.270459635819442
2203,19.70794575112862,-19.158027488110264
2204,19.746257972087715,-19.045720016788295
2205,19.78445711232873,-18.933539795609516
2206,19.82254294264616,-18.821489394239283
2207,19.86051523471164,-18.709571378197
2208,19.89837376107258,-18.59778830880106
2209,19.936118295150724,-18.486142743113895
2210,19.973748611240808,-18.374637233887306
2211,20.011264484509216,-18.263274329507944
2212,20.04866569099268,-18.152056573943003
2213,20.085952007597005,-18.040986506686128
2214,20.12312321209579,-17.93006666270347
2215,20.1601790831292,-17.819299572380043
2216,20.19711940020278,-17.70868776146614
2217,20.23394394368625,-17.598233751024114
2218,20.270652494812346,-17.48794005737523
2219,20.3072448356757,-17.377809192046787
2220,20.343720749231686,-17.26784366171941
2221,20.38008001929538,-17.158045968174616
2222,20.41632243054045,-17.04841860824248
2223,20.452447768498107,-16.93896407374959
2224,20.488455819556084,-16.829684851467196
2225,20.524346370957616,-16.720583423059523
2226,20.560119210800483,-16.611662265032344
2227,20.595774128035973,-16.502923848681718
2228,20.631310912467995,-16.394370640042993
2229,20.666729354752107,-16.28600509983996
2230,20.70202924639461,-16.17782968343424
2231,20.737210379751644,-16.0698468407749
2232,20.77227254802832,-15.962059016348244
2233,20.807215545277828,-15.854468649127858
2234,20.842039166400628,-15.747078172524821
2235,20.876743207143594,-15.639890014338182
2236,20.911327464099188,-15.532906596705581
2237,20.945791734704684,-15.426130336054165
2238,20.98013581724137,-15.319563643051634
2239,21.014359510833767,-15.213208922557579
2240,21.048462615448905,-15.107068573574972
2241,21.08244493189554,-15.001144989201915
2242,21.11630626182346,-14.895440556583583
2243,21.150046407722762,-14.78995765686437
2244,21.183665172923117,-14.684698665140292
2245,21.21716236159315,-14.579665950411576
2246,21.250537778739712,-14.47486187553545
2247,21.283791230207225,-14.370288797179201
2248,21.31692252267705,-14.265949065773416
2249,21.349931463666834,-14.161845025465421
2250,21.382817861529887,-14.057979014073004
2251,21.41558152545456,-13.954353363038267
2252,21.448222265463667,-13.850970397381804
2253,21.480739892413865,-13.747832435656973
2254,21.513134217995066,-13.644941789904502
2255,21.545405054729898,-13.54230076560725
2256,21.57755221597312,-13.439911661645194
2257,21.60957551591108,-13.33777677025065
2258,21.64147476956116,-13.235898376963712
2259,21.67324979277126,-13.134278760587895
2260,21.70490040221927,-13.032920193146033
2261,21.73642641541256,-12.931824939836341
2262,21.767827650687472,-12.830995258988763
2263,21.799103927208833,-12.730433402021488
2264,21.83025506496944,-12.630141613397718
2265,21.86128088478962,-12.530122130582647
2266,21.89218120831674,-12.430377184000651
2267,21.922955858024753,-12.33090899699272
2268,21.95360465721373,-12.231719785774096
2269,21.984127430009455,-12.132811759392133
2270,22.01452400136291,-12.034187119684397
2271,22.04479419704993,-11.935848061236946
2272,22.074937843670714,-11.837796771342889
2273,22.104954768649467,-11.740035429961122
2274,22.134844800233928,-11.642566209675287
2275,22.164607767495013,-11.545391275653003
2276,22.19424350032641,-11.448512785605237
2277,22.22375182944417,-11.35193288974598
2278,22.253132586386354,-11.255653730752083
2279,22.28238560351262,-11.159677443723346
2280,22.311510714003898,-11.06400615614283
2281,22.34050775186198,-10.968641987837367
2282,22.369376551909195,-10.873587050938319
2283,22.398116949788037,-10.778843449842544
2284,22.42672878196083,-10.684413281173592
2285,22.455211885709375,-10.590298633743107
2286,22.483566099134627,-10.496501588512468
2287,22.511791261156343,-10.403024218554657
2288,22.53988721151277,-10.309868589016313
2289,22.567853790760346,-10.217036757080056
2290,22.595690840273335,-10.124530771926993
2291,22.62339820224354,-10.03235267469947
2292,22.650975719680027,-9.940504498464026
2293,22.678423236408765,-9.848988268174594
2294,22.70574059707237,-9.75780600063589
2295,22.732927647129802,-9.666959704467061
2296,22.759984232856073,-9.576451380065505
2297,22.78691020134195,-9.486283019570978
2298,22.813705400493728,-9.396456606829847
2299,22.840369679032865,-9.306974117359626
2300,22.866902886495776,-9.217837518313704
2301,22.893304873233593,-9.129048768446276
2302,22.91957549041179,-9.040609818077547
2303,22.945714590010027,-8.952522609059093
2304,22.971722024821847,-8.86478907473949
2305,22.997597648454423,-8.777411139930141
2306,23.023341315328327,-8.690390720871324
2307,23.048952880677263,-8.603729725198464
2308,23.074432200547832,-8.517430051908617
2309,23.099779131799288,-8.431493591327182
2310,23.124993532103314,-8.345922225074826
2311,23.150075259943772,-8.260717826034625
2312,23.175024174616475,-8.175882258319428
2313,23.199840136228975,-8.091417377239436
2314,23.22452300570033,-8.00732502927001
2315,23.24907264476086,-7.923607052019675
2316,23.27348891595198,-7.840265274198352
2317,23.297771682625918,-7.757301515585817
2318,23.321920808945553,-7.674717587000364
2319,23.345936159884168,-7.59251529026769
2320,23.369817601225296,-7.510696418189986
2321,23.393564999562436,-7.429262754515265
2322,23.41717822229891,-7.348216073906888
2323,23.440657137647662,-7.267558141913307
2324,23.464001614631012,-7.187290714938037
2325,23.4872115230805,-7.1074155402098205
2326,23.510286733636686,-7.027934355753032
2327,23.533227117748936,-6.9488488903582795
2328,23.556032547675276,-6.870160863553216
2329,23.578702896482163,-6.791871985573592
2330,23.60123803804431,-6.713983957334484
2331,23.623637847044517,-6.636498470401772
2332,23.6459021989735,-6.559417206963802
2333,23.66803097012966,-6.482741839803274
2334,23.69002403761897,-6.406474032269346
2335,23.711881279354724,-6.33061543824994
2336,23.73360257405746,-6.255167702144269
2337,23.755187801254714,-6.180132458835562
2338,23.776636841280865,-6.105511333664021
2339,23.797949575276995,-6.031305942399963
2340,23.819125885190676,-5.957517891217197
2341,23.840165653775856,-5.884148776666594
2342,23.86106876459266,-5.811200185649872
2343,23.881835102007237,-5.738673695393595
2344,23.90246455119163,-5.66657087342337
2345,23.922956998123563,-5.59489327753827
2346,23.943312329586323,-5.523642455785438
2347,23.963530433168593,-5.452819946434939
2348,23.983611197264302,-5.382427277954771
2349,24.003554511072476,-5.312465968986129
2350,24.023360264597073,-5.2429375283188415
2351,24.04302834864685,-5.173843454867037
2352,24.062558654835208,-5.105185237645
2353,24.08195107558004,-5.036964355743246
2354,24.101205504103596,-4.96918227830479
2355,24.120321834432335,-4.901840464501632
2356,24.139299961396773,-4.834940363511435
2357,24.158139780631362,-4.768483414494418
2358,24.17684118857433,-4.702471046570449
2359,24.195404082467547,-4.636904678796336
2360,24.21382836035639,-4.57178572014333
2361,24.232113921089617,-4.507115569474831
2362,24.250260664319217,-4.442895615524279
2363,24.268268490500272,-4.379127236873281
2364,24.286137300890836,-4.315811801929901
2365,24.303866997551793,-4.25295066890718
2366,24.321457483346745,-4.190545185801843
2367,24.33890866194186,-4.128596690373212
2368,24.35622043780575,-4.067106510122315
2369,24.373392716209345,-4.006075962271202
2370,24.390425403225773,-3.9455063537424517
2371,24.40731840573022,-3.88539898113888
2372,24.424071631399816,-3.8257551307234534
2373,24.44068498871351,-3.7665760783993916
2374,24.457158386951942,-3.7078630896904747
2375,24.47349173619734,-3.6496174197215434
2376,24.489684947333348,-3.5918403131991976
2377,24.50573793204498,-3.5345330043926957
2378,24.52165060281844,-3.4776967171150432
2379,24.53742287294104,-3.4213326647042828
2380,24.55305465650107,-3.365442050004977
2381,24.568545868387673,-3.3100260653498874
2382,24.58389642429075,-3.25508589254185
2383,24.599106240700817,-3.2006227028358407
2384,24.614175234908927,-3.1466376569212393
2385,24.62910332500653,-3.093131904904284
2386,24.643890429885374,-3.0401065862907206
2387,24.65853646923739,-2.9875628299686463
2388,24.673041363554574,-2.9355017541915407
2389,24.687405034128908,-2.8839244665614947
2390,24.701627403052203,-2.8328320640126288
2391,24.715708393216044,-2.7822256327947
2392,24.72964792831162,-2.7321062484569056
2393,24.743445932829708,-2.682474975831871
2394,24.757102332060477,-2.6333328690198337
2395,24.77061705209342,-2.584680971373013
2396,24.78399001981728,-2.53652031548017
2397,24.797221162919882,-2.488851923151357
2398,24.810310409888107,-2.4416768054028584
2399,24.823257690007733,-2.3949959624423127
2400,24.836062933363348,-2.3488103836540324
2401,24.848726070838268,-2.3031210475845
2402,24.861247034114413,-2.2579289219280616
2403,24.873625755672233,-2.213234963512803
2404,24.885862168790595,-2.169040118286609
2405,24.897956207546695,-2.125345321303414
2406,24.909907806815944,-2.082151496709639
2407,24.9217169022719,-2.039459557730806
2408,24.93338343038617,-1.9972704066583458
2409,24.94490732842828,-1.9555849348365897
2410,24.956288534465607,-1.914404022649939
2411,24.96752698736333,-1.8737285395102254
2412,24.978622626784247,-1.833559343844252
2413,24.98957539318876,-1.793897283081516
2414,25.00038522783475,-1.7547431936421192
2415,25.011052072777513,-1.7160979009248574
2416,25.02157587086963,-1.6779622192954913
2417,25.03195656576092,-1.6403369520752014
2418,25.042194101898335,-1.6032228915292244
2419,25.052288424525862,-1.56662081885567
2420,25.062239479684468,-1.5305315041745182
2421,25.072047214211995,-1.4949557065167978
2422,25.08171157574307,-1.4598941738139464
2423,25.091232512709027,-1.4253476428873466
2424,25.10060997433785,-1.3913168394380466
2425,25.109843910654043,-1.357802478036656
2426,25.118934272478583,-1.3248052621134214
2427,25.127881011428837,-1.2923258839484844
2428,25.136684079918464,-1.2603650246623117
2429,25.145343431157354,-1.2289233542063074
2430,25.153859019151533,-1.1980015313536023
2431,25.162230798703103,-1.1676002036900204
2432,25.170458725410157,-1.137720007605221
2433,25.178542755666694,-1.1083615682840204
2434,25.186482846662567,-1.079525499697888
2435,25.19427895638338,-1.0512124045966182
2436,25.201931043610426,-1.0234228745001812
2437,25.209439067920624,-0.9961574896907459
2438,25.216802989686418,-0.9694168192048804
2439,25.22402277007575,-0.9432014208259265
2440,25.231098371051935,-0.9175118410765497
2441,25.23802975537365,-0.892348615211463
2442,25.24481688659479,-0.8677122672103256
2443,25.251459729064486,-0.8436033097708154
2444,25.257958247926958,-0.8200222443018748
2445,25.264312409121494,-0.7969695609171304
2446,25.270522179382368,-0.7744457384284867
2447,25.27658752623878,-0.7524512443398906
2448,25.28250841801477,-0.7309865348412705
2449,25.288284823829198,-0.7100520548026474
2450,25.29391671359562,-0.689648237768418
2451,25.2994040580223,-0.6697755059518096
2452,25.304746828612053,-0.6504342702295076
2453,25.30994499766228,-0.6316249301364537
2454,25.31499853826484,-0.6133478738608155
2455,25.319907424306013,-0.5956034782391274
2456,25.32467163046644,-0.5783921087516032
2457,25.32929113222107,-0.5617141195176168
2458,25.333765905839087,-0.5455698532913567
2459,25.338095928383872,-0.5299596414576475
2460,25.342281177712934,-0.5148838040279445
2461,25.34632163247785,-0.5003426496364951
2462,25.350217272124226,-0.48633647553667214
2463,25.353968076891633,-0.472865567597476
2464,25.35757402781355,-0.45993020030020487
2465,25.361035106717324,-0.44753063673529614
2466,25.36435129622411,-0.43566712859933443
2467,25.36752257974882,-0.42433991619223027
2468,25.370548941500065,-0.41354922841456626
2469,25.373430366480125,-0.4032952827651114
2470,25.376166840484895,-0.3935782853385047
2471,25.37875835010382,-0.38439843082310554
2472,25.381204882719867,-0.37575590249901303
2473,25.383506426509474,-0.3676508722362526
2474,25.385662970442503,-0.36008350049312987
2475,25.387674504282185,-0.35305393631475285
2476,25.3895410185851,-0.3465623173317205
2477,25.39126250470112,-0.340608769758979
2478,25.392838954773364,-0.3351934083948452
2479,25.39427036173815,-0.33031633662019655
2480,25.39555671932498,-0.325977646397828
2481,25.396698022056484,-0.3221774182719756
2482,25.397694265248376,-0.31891572136800694
2483,25.39854544500943,-0.31619261339227756
2484,25.399251558241424,-0.31400814063215404
2485,25.399812602639123,-0.3123623379562031
2486,25.400228576690242,-0.31125522881454726
2487,25.40049947967539,-0.3106868252393861
2488,25.40062531166806,-0.31065712784568406
2489,25.400606073534583,-0.31116612583202297
2490,25.400441766934097,-0.31221379698162227
2491,25.400132394318526,-0.31380010766352323
2492,25.39967795893254,-0.3159250128339396
2493,25.399078464813524,-0.31858845603777375
2494,25.39833391679156,-0.32179036941029876
2495,25.39744432048938,-0.3255306736790052
2496,25.396409682322364,-0.32980927816561373
2497,25.395230009498484,-0.3346260807882535
2498,25.39390531001831,-0.3399809680638052
2499,25.392435592674975,-0.3458738151104095
2500,25.390820867054124,-0.3523044856501415
2501,25.38906114353394,-0.3592728320118492
2502,25.387156433285078,-0.36677869513415845
2503,25.38510674827067,-0.37482190456864184
2504,25.3829121012463,-0.383402278483154
2505,25.380572505759996,-0.39251962366533055
2506,25.378087976152177,-0.4021737355262539
2507,25.37545852755566,-0.4123643981042828
2508,25.372684175895653,-0.42309138406904784
2509,25.369764937889716,-0.4343544547256114
2510,25.366700831047776,-0.44615336001879313
2511,25.363491873672068,-0.4584878385376609
2512,25.360138084857176,-0.47135761752018646
2513,25.356639484489982,-0.4847624128580658
2514,25.352996093249665,-0.49870192910170624
2515,25.349207932607708,-0.5131758594653771
2516,25.34527502482786,-0.5281838858325264
2517,25.341197392966148,-0.5437256787612632
2518,25.336975060870873,-0.5598008974900044
2519,25.33260805318259,-0.5764091899432877
2520,25.3280963953341,-0.5935501927377499
2521,25.32344011355047,-0.6112235311882698
2522,25.318639234848995,-0.629428819314278
2523,25.31369378703923,-0.6481656598462315
2524,25.308603798722956,-0.6674336442322543
2525,25.30336929929423,-0.6872323526449425
2526,25.297990318939306,-0.7075613539883377
2527,25.29246688863672,-0.7284202059050645
2528,25.286799040157238,-0.7498084547836334
2529,25.28098680606388,-0.7717256357659121
2530,25.275030219711915,-0.7941712727547604
2531,25.26892931524888,-0.8171448784218335
2532,25.262684127614573,-0.8406459542155497
2533,25.25629469254106,-0.8646739903692263
2534,25.24976104655272,-0.8892284659093806
2535,25.243083226966174,-0.9143088486641987
2536,25.23626127189039,-0.9399145952721707
2537,25.229295220226632,-0.966045151190891
2538,25.22218511166849,-0.9926999507060302
2539,25.214930986701887,-1.0198784169404687
2540,25.207532886605108,-1.047579961863601
2541,25.199990853448806,-1.0758039863008066
2542,25.192304930096032,-1.104549879943088
2543,25.18447516020222,-1.1338170213568766
2544,25.17650158821524,-1.1636047779940069
2545,25.168384259375404,-1.1939125062018574
2546,25.16012321971549,-1.2247395512336614
2547,25.151718516060757,-1.256085247258984
2548,25.14317019602897,-1.28794891737437
2549,25.134478308030427,-1.3203298736141573
2550,25.12564290126799,-1.3532274169614622
2551,25.116664025737105,-1.3866408373593313
2552,25.107541732225826,-1.4205694137220635
2553,25.098276072314842,-1.455012413946701
2554,25.08886709837753,-1.4899690949246902
2555,25.079314863579942,-1.5254387025537115
2556,25.069619421880876,-1.5614204717496785
2557,25.059780828031904,-1.597913626458909
2558,25.04979913757739,-1.6349173796704655
2559,25.039674406854513,-1.6724309334286631
2560,25.029406692993373,-1.7104534788457535
2561,25.018996053916926,-1.7489841961147743
2562,25.008442548341094,-1.7880222545225744
2563,24.9977462357748,-1.8275668124630051
2564,24.986907176519985,-1.8676170174502862
2565,24.975925431671666,-1.9081720061325453
2566,24.964801063117957,-1.9492309043055225
2567,24.953534133540163,-1.9907928269264539
2568,24.94212470641278,-2.0328568781281233
2569,24.93057284600354,-2.075422151233089
2570,24.91887861737349,-2.118487728768079
2571,24.907042086377036,-2.1620526824785657
2572,24.895063319661983,-2.206116073343508
2573,24.88294238466959,-2.2506769515902683
2574,24.87067934963461,-2.295734356709706
2575,24.85827428358538,-2.3412873174714393
2576,24.84572725634385,-2.3873348519392863
2577,24.83303833852563,-2.43387596748688
2578,24.820207601540076,-2.480909660813453
2579,24.807235117590352,-2.528434917959802
2580,24.794120959673464,-2.576450714324426
2581,24.780865201580344,-2.6249560146798396
2582,24.767467917895907,-2.673949773189061
2583,24.753929183999105,-2.723430933422278
2584,24.74024907606303,-2.773398428373688
2585,24.72642767105494,-2.8238511804785134
2586,24.712465046736355,-2.874788101630201
2587,24.698361281663125,-2.926208093197786
2588,24.68411645518548,-2.9781100460434433
2589,24.66973064744814,-3.030492840540214
2590,24.655203939390372,-3.0833553465899053
2591,24.64053641274605,-3.1366964236411716
2592,24.62572815004378,-3.1905149207077783
2593,24.610779234606934,-3.2448096763870313
2594,24.595689750553753,-3.2995795188784034
2595,24.580459782797423,-3.354823266002319
2596,24.565089417046163,-3.410539725219139
2597,24.54957873980334,-3.4667276936483074
2598,24.533927838367475,-3.523385958087691
2599,24.518136800832423,-3.5805132950330893
2600,24.502205716087435,-3.6381084706979347
2601,24.486134673817215,-3.6961702410331627
2602,24.46992376450206,-3.7546973517472724
2603,24.453573079417932,-3.8136885383265646
2604,24.437082710636577,-3.8731425260555565
2605,24.420452751025582,-3.9330580300375906
2606,24.403683294248545,-3.993433755215614
2607,24.386774434765094,-4.054268396393143
2608,24.369726267831073,-4.115560638255417
2609,24.3525388894986,-4.177309155390723
2610,24.335212396616175,-4.239512612311923
2611,24.317746886828825,-4.30216966347814
2612,24.300142458578165,-4.365278953316645
2613,24.28239921110259,-4.428839116244931
2614,24.264517244437293,-4.492848776692953
2615,24.246496659414465,-4.557306549125573
2616,24.228337557663366,-4.622211038065177
2617,24.210040041610473,-4.687560838114487
2618,24.1916042144796,-4.753354533979541
2619,24.173030180292017,-4.81959070049289
2620,24.15431804386657,-4.8862679026369475
2621,24.135467910819848,-4.953384695567545
2622,24.116479887566264,-5.020939624637674
2623,24.09735408131824,-5.0889312254214065
2624,24.078090600086313,-5.157358023738008
2625,24.05868955267927,-5.226218535676241
2626,24.039151048704326,-5.295511267618849
2627,24.019475198567225,-5.365234716267239
2628,23.999662113472397,-5.435387368666338
2629,23.97971190542315,-5.505967702229654
2630,23.959624687221762,-5.576974184764518
2631,23.93940057246965,-5.648405274497516
2632,23.91903967556756,-5.720259420100108
2633,23.898542111715685,-5.792535060714446
2634,23.877907996913837,-5.865230625979372
2635,23.85713744796162,-5.938344536056616
2636,23.836230582458594,-6.0118752016571735
2637,23.815187518804432,-6.085821024067887
2638,23.794008376199127,-6.160180395178211
2639,23.7726932746431,-6.234951697507162
2640,23.75124233493745,-6.310133304230485
2641,23.72965567868408,-6.38572357920798
2642,23.70793342828592,-6.4617208770110475
2643,23.686075706947083,-6.5381235429504105
2644,23.664082638673076,-6.614929913104039
2645,23.64195434827098,-6.692138314345259
2646,23.619690961349626,-6.769747064371066
2647,23.597292604319847,-6.8477544717306245
2648,23.574759404394623,-6.926158835853957
2649,23.552091489589326,-7.004958447080847
2650,23.529288988721905,-7.084151586689914
2651,23.506352031413087,-7.163736526927892
2652,23.483280748086635,-7.243711531039109
2653,23.460075269969522,-7.324074853295151
2654,23.436735729092184,-7.4048247390247415
2655,23.41326225828872,-7.48595942464378
2656,23.389654991197148,-7.567477137685618
2657,23.365914062259595,-7.649376096831504
2658,23.342039606722587,-7.731654511941234
2659,23.31803176063726,-7.814310584084006
2660,23.2938906608596,-7.89734250556945
2661,23.269616445050698,-7.9807484599788845
2662,23.24520925167702,-8.064526622196743
2663,23.220669220010627,-8.148675158442213
2664,23.195996490129446,-8.233192226301076
2665,23.171191202917576,-8.318075974757736
2666,23.1462535000655,-8.403324544227448
2667,23.121183524070393,-8.488936066588742
2668,23.095981418236388,-8.574908665216071
2669,23.07064732667486,-8.661240455012607
2670,23.045181394304716,-8.747929542443297
2671,23.019583766852694,-8.834974025568066
2672,22.99385459085363,-8.922371994075254
2673,22.9679940136508,-9.010121529315228
2674,22.9420021833962,-9.098220704334224
2675,22.915879249050864,-9.186667583908351
2676,22.889625360385182,-9.275460224577825
2677,22.86324066797923,-9.364596674681394
2678,22.836725323223074,-9.454074974390958
2679,22.81007947831715,-9.5438931557464
2680,22.783303286272528,-9.634049242690601
2681,22.75639690091134,-9.724541251104686
2682,22.72936047686706,-9.81536718884343
2683,22.702194169584917,-9.906525055770901
2684,22.674898135322216,-9.998012843796287
2685,22.64747253114872,-10.089828536909929
2686,22.619917514947026,-10.18197011121955
2687,22.59223324541294,-10.27443553498669
2688,22.564419882055887,-10.367222768663357
2689,22.536477585199265,-10.460329764928844
2690,22.50840651598088,-10.553754468726783
2691,22.480206836353336,-10.64749481730238
2692,22.451878709084443,-10.741548740239875
2693,22.423422297757664,-10.835914159500168
2694,22.394837766772522,-10.93058898945868
2695,22.36612528134504,-11.02557113694341
2696,22.33728500750819,-11.120858501273172
2697,22.30831711211233,-11.216448974296071
2698,22.27922176282569,-11.312340440428143
2699,22.249999128134807,-11.408530776692231
2700,22.220649377345023,-11.505017852757044
2701,22.191172680580948,-11.601799530976425
2702,22.16156920878698,-11.698873666428815
2703,22.13183913372779,-11.796238106956933
2704,22.101982627988793,-11.893890693207641
2705,22.071999864976753,-11.991829258672034
2706,22.04189101892022,-12.09005162972571
2707,22.011656264870126,-12.188555625669256
2708,21.98129577870028,-12.287339058768934
2709,21.950809737107985,-12.38639973429757
2710,21.920198317614553,-12.485735450575634
2711,21.889461698565896,-12.58534399901255
2712,21.858600059133124,-12.685223164148185
2713,21.827613579313113,-12.78537072369454
2714,21.796502439929128,-12.88578444857765
2715,21.76526682263144,-12.98646210297971
2716,21.733906909897946,-13.087401444381342
2717,21.70242288503484,-13.188600223604135
2718,21.67081493217719,-13.29005618485334
2719,21.63908323628969,-13.391767065760778
2720,21.607227983167256,-13.493730597427954
2721,21.57524935943577,-13.595944504469387
2722,21.54314755255274,-13.698406505056104
2723,21.51092275080804,-13.801114310959369
2724,21.478575143324605,-13.904065627594601
2725,21.446104920059188,-14.0072581540655
2726,21.4135122718031,-14.110689583208353
2727,21.380797390182998,-14.214357601636566
2728,21.347960467661615,-14.318259889785399
2729,21.315001697538605,-14.422394121956852
2730,21.281921273951312,-14.526757966364833
2731,21.248719391875603,-14.631349085180455
2732,21.215396247126705,-14.736165134577561
2733,21.18195203636007,-14.841203764778458
2734,21.148386957072216,-14.946462620099831
2735,21.11470120760163,-15.051939338998869
2736,21.080894987129664,-15.15763155411958
2737,21.046968495681423,-15.263536892339319
2738,21.01292193412676,-15.369652974815494
2739,20.978755504181162,-15.4759774170325
2740,20.944469408406754,-15.582507828848815
2741,20.910063850213287,-15.689241814544319
2742,20.87553903385911,-15.796176972867807
2743,20.840895164452224,-15.903310897084692
2744,20.80613244795131,-16.010641175024897
2745,20.771251091166803,-16.11816538913097
2746,20.736251301761964,-16.225881116506372
2747,20.701133288253963,-16.33378592896397
2748,20.665897260015043,-16.4418773930747
2749,20.63054342727363,-16.5501530702165
2750,20.59507200111551,-16.658610516623316
2751,20.559483193485015,-16.767247283434436
2752,20.52377721718623,-16.87606091674391
2753,20.48795428588423,-16.985048957650225
2754,20.452014614106318,-17.09420894230614
2755,20.41595841724333,-17.203538401968753
2756,20.37978591155093,-17.3130348630497
2757,20.343497314150923,-17.422695847165606
2758,20.30709284303263,-17.532518871188707
2759,20.270572717054243,-17.642501447297604
2760,20.23393715594425,-17.752641083028344
2761,20.197186380302874,-17.862935281325527
2762,20.160320611603503,-17.97338154059373
2763,20.123340072194207,-18.083977354749056
2764,20.086244985299235,-18.19472021327088
2765,20.049035575020575,-18.305607601253797
2766,20.01171206633952,-18.41663699945975
2767,19.97427468511829,-18.527805884370334
2768,19.936723658101606,-18.639111728239293
2769,19.89905921291848,-18.750551999145227
2770,19.861281578083783,-18.86212416104443
2771,19.823390983000078,-18.973825673823974
2772,19.785387657959312,-19.0856539933549
2773,19.74727183414469,-19.19760657154569
2774,19.709043743632442,-19.309680856395833
2775,19.67070361939374,-19.42187429204961
2776,19.63225169529661,-19.53418431885007
2777,19.593688206107842,-19.64660837339317
2778,19.555013387495006,-19.75914388858209
2779,19.51622747602846,-19.871788293681742
2780,19.47733070918342,-19.984539014373436
2781,19.438323325342047,-20.097393472809756
2782,19.399205563795633,-20.210349087669584
2783,19.359977664746733,-20.32340327421331
2784,19.320639869311446,-20.4365534443382
2785,19.281192419521652,-20.549797006634
2786,19.24163555832734,-20.6631313664386
2787,19.20196952959899,-20.776553925893992
2788,19.162194578129967,-20.890062084002338
2789,19.122310949638994,-21.003653236682194
2790,19.082318890772637,-21.117324776824947
2791,19.042218649107898,-21.2310740943514
2792,19.002010473154808,-21.344898576268516
2793,18.961694612359075,-21.45879560672635
2794,18.921271317104832,-21.57276256707515
2795,18.88074083871736,-21.68679683592258
2796,18.84010342946599,-21.800895789191166
2797,18.79935934256688,-21.915056800175886
2798,18.758508832186052,-22.02927723960189
2799,18.717552153442334,-22.14355447568243
2800,18.676489562410442,-22.257885874176928
2801,18.635321316124095,-22.372268798449202
2802,18.594047672579208,-22.48670060952585
2803,18.552668890737117,-22.601178666154826
2804,18.51118523052793,-22.715700324864102
2805,18.469596952853887,-22.83026294002057
2806,18.427904319592816,-22.944863863889037
2807,18.386107593601658,-23.059500446691384
2808,18.344207038720043,-23.174170036665934
2809,18.302202919774,-23.288869980126876
2810,18.26009550257965,-23.403597621523932
2811,18.217885053947047,-23.518350303502093
2812,18.175571841684096,-23.63312536696159
2813,18.133156134600483,-23.747920151117928
2814,18.09063820251179,-23.862731993562118
2815,18.048018316243592,-23.97755823032106
2816,18.005296747635718,-24.092396195918003
2817,17.962473769546545,-24.20724322343325
2818,17.919549655857416,-24.322096644564915
2819,17.876524681477132,-24.436953789689866
2820,17.833399122346556,-24.551811987924804
2821,17.79017325544329,-24.66666856718746
2822,17.74684735878645,-24.78152085425795
2823,17.703421711441578,-24.896366174840253
2824,17.659896593525605,-25.01120185362383
2825,17.61627228621195,-25.12602521434538
2826,17.57254907173571,-25.240833579850705
2827,17.528727233399003,-25.35562427215674
2828,17.48480705557633,-25.470394612513676
2829,17.44078882372016,-25.585141921467237
2830,17.39667282436655,-25.69986351892108
2831,17.352459345140947,-25.814556724199313
2832,17.30814867476405,-25.92921885610912
2833,17.263741103057836,-26.043847233003547
2834,17.219236920951715,-26.15843917284438
2835,17.174636420488824,-26.272991993265144
2836,17.129939894832404,-26.38750301163427
2837,17.085147638272367,-26.501969545118243
2838,17.040259946231984,-26.616388910745055
2839,16.995277115274735,-26.73075842546762
2840,16.95019944311126,-26.845075406227366
2841,16.905027228606514,-26.959337170017925
2842,16.85976077178705,-27.073541033948942
2843,16.814400373848454,-27.187684315309976
2844,16.76894633716294,-27.301764331634523
2845,16.723398965287167,-27.415778400764115
2846,16.677758562970123,-27.52972384091256
2847,16.632025436161257,-27.643597970730266
2848,16.58619989201879,-27.757398109368655
2849,16.54028223891816,-27.871121576544688
2850,16.494272786460705,-27.984765692605485
2851,16.448171845482463,-28.098327778593042
2852,16.401979728063285,-28.211805156309037
2853,16.355696747536022,-28.3251951483797
2854,16.309323218496004,-28.438495078320848
2855,16.26285945681068,-28.551702270602934
2856,16.216305779629483,-28.664814050716227
2857,16.169662505393962,-28.77782774523602
2858,16.122929953848047,-28.89074068188803
2859,16.076108446048643,-29.003550189613748
2860,16.029198304376365,-29.116253598635975
2861,15.982199852546614,-29.228848240524375
2862,15.93511341562082,-29.341331448261116
2863,15.887939320017987,-29.4537005563066
2864,15.840677893526468,-29.565952900665287
2865,15.793329465316027,-29.67808581895153
2866,15.745894365950189,-29.79009665045549
2867,15.698372927398816,-29.9019827362092
2868,15.650765483051039,-30.01374141905258
2869,15.603072367728435,-30.12537004369961
2870,15.55529391769853,-30.236865956804493
2871,15.507430470688602,-30.348226507027924
2872,15.459482365899817,-30.459449045103405
2873,15.41144994402166,-30.57053092390362
2874,15.363333547246754,-30.68146949850683
2875,15.315133519285958,-30.79226212626338
2876,15.266850205383847,-30.902906166862223
2877,15.218483952334578,-31.01339898239749
2878,15.170035108498096,-31.123737937435088
2879,15.121504023816717,-31.23392039907941
2880,15.072891049832116,-31.34394373704
2881,15.024196539702706,-31.45380532369836
2882,14.975420848221427,-31.56350253417467
2883,14.926564331833974,-31.67303274639469
2884,14.877627348657436,-31.782393341156524
2885,14.828610258499387,-31.891581702197634
2886,14.779513422877422,-32.00059521626165
2887,14.730337205039191,-32.10943127316539
2888,14.68108196998287,-32.21808726586583
2889,14.63174808447816,-32.3265605905271
2890,14.582335917087782,-32.4348486465875
2891,14.532845838189491,-32.54294883682653
2892,14.483278219998603,-32.65085856743205
2893,14.433633436591125,-32.758575248067245
2894,14.38391186392737,-32.86609629193778
2895,14.33411387987624,-32.973419115858896
2896,14.284239864240039,-33.080541140322524
2897,14.234290198779878,-33.18745978956443
2898,14.184265267241818,-33.29417249163131
2899,14.134165455383519,-33.40067667844794
2900,14.083991151001667,-33.50696978588432
2901,14.033742743959985,-33.613049253822815
2902,13.983420626218054,-33.718912526225246
2903,13.933025191860729,-33.824557051200046
2904,13.882556837128412,-33.92998028106939
2905,13.832015960447999,-34.03517967243626
2906,13.781402962464655,-34.14015268625156
2907,13.730718246074392,-34.244896787881224
2908,13.679962216457458,-34.349409447173244
2909,13.62913528111258,-34.453688138524726
2910,13.578237849892094,-34.557730340948936
2911,13.527270335037992,-34.66153353814224
2912,13.476233151218823,-34.76509521855116
2913,13.425126715567657,-34.868412875439276
2914,13.373951447720936,-34.97148400695412
2915,13.3227077698584,-35.07430611619415
2916,13.271396106744005,-35.17687671127546
2917,13.220016885767965,-35.27919330539874
2918,13.168570536989822,-35.38125341691596
2919,13.117057493182747,-35.48305456939708
2920,13.065478189878915,-35.58459429169683
2921,13.013833065416158,-35.68587011802128
2922,12.9621225609858,-35.78687958799443
2923,12.910347120681829,-35.887620246724794
2924,12.858507191551336,-35.98808964487184
2925,12.806603223646318,-36.08828533871246
2926,12.754635670076906,-36.188204890207295
2927,12.702604987066014,-36.28784586706708
2928,12.650511634005456,-36.38720584281888
2929,12.598356073513628,-36.486282396872284
2930,12.546138771494734,-36.585073114585484
2931,12.493860197199659,-36.683575587331376
2932,12.441520823288508,-36.781787412563446
2933,12.389121125894878,-36.87970619388176
2934,12.33666158469191,-36.97732954109869
2935,12.2841426829602,-37.07465507030472
2936,12.23156490765756,-37.17168040393408
2937,12.178928749490796,-37.26840317083027
2938,12.126234702989455,-37.364821006311594
2939,12.073483266581675,-37.460931552236545
2940,12.020674942672228,-37.556732457069074
2941,11.967810237722704,-37.65222137594382
2942,11.914889662334035,-37.74739597073119
2943,11.861913731331404,-37.84225391010241
2944,11.80888296385155,-37.93679286959434
2945,11.755797883432656,-38.03101053167438
2946,11.702659018106763,-38.12490458580509
2947,11.649466900494971,-38.21847272850877
2948,11.596222067905355,-38.31171266343196
2949,11.542925062433804,-38.40462210140978
2950,11.489576431067777,-38.49719876053015
2951,11.436176725793167,-38.589440366197934
2952,11.382726503704381,-38.68134465119889
2953,11.3292263271176,-38.77290935576359
2954,11.275676763687521,-38.8641322276311
2955,11.222078386527583,-38.95501102211266
2956,11.168431774333804,-39.04554350215508
2957,11.114737511512393,-39.13572743840413
2958,11.060996188311256,-39.22556060926778
2959,11.007208400955488,-39.31504080097917
2960,10.953374751787075,-39.404165807659595
2961,10.899495849408849,-39.49293343138128
2962,10.845572308832937,-39.58134148222997
2963,10.791604751633793,-39.66938777836746
2964,10.73759380610606,-39.75707014609386
2965,10.68354010742731,-39.84438641990982
2966,10.629444297825978,-39.931334442578475
2967,10.575307026754517,-40.01791206518739
2968,10.521128951068182,-40.10411714721013
2969,10.466910735209368,-40.18994755656789
2970,10.412653051397976,-40.27540116969076
2971,10.35835657982781,-40.36047587157896
2972,10.304022008869369,-40.44516955586388
2973,10.24965003527922,-40.529480124868776
2974,10.195241364416157,-40.613405489669596
2975,10.140796710464485,-40.69694357015533
2976,10.086316796664597,-40.78009229508835
2977,10.03180235555123,-40.86284960216452
2978,9.977254129199512,-40.94521343807311
2979,9.922672869479335,-41.02718175855646
2980,9.868059338318181,-41.1087525284696
2981,9.813414307972764,-41.189923721839534
2982,9.758738561309857,-41.27069332192438
2983,9.704032892096699,-41.3510593212723
2984,9.649298105301224,-41.431019721780274
2985,9.594535017402592,-41.510572534752555
2986,9.539744456712432,-41.589715780959025
2987,9.484927263707124,-41.66844749069331
2988,9.430084291371648,-41.74676570383063
2989,9.375216405555435,-41.824668469885516
2990,9.320324485340638,-41.90215384806923
2991,9.265409423423375,-41.979219907347016
2992,9.210472126508467,-42.05586472649511
2993,9.15551351571817,-42.13208639415752
2994,9.100534527015489,-42.20788300890258
2995,9.045536111642694,-42.28325267927925
2996,8.99051923657556,-42.35819352387326
2997,8.935484884994112,-42.43270367136291
2998,8.880434056770426,-42.50678126057469
2999,8.825367768974262,-42.58042444053869
