turn,time_sigma_ns,Q1
0,18.436410179834592,-0.0034822547848616346
1,18.436410125568262,-0.0034822579226501177
2,18.43641019019841,-0.003482254748244417
3,18.43641037372404,-0.003482245261755643
4,18.436410676144064,-0.0034822294632992075
5,18.43641109745733,-0.003482207352994272
6,18.436411637662584,-0.003482178930964847
7,18.43641229675849,-0.00348214419733889
8,18.436413074743644,-0.0034821031522486875
9,18.436413971616545,-0.003482055795830552
10,18.436414987375603,-0.003482002128225669
11,18.436416122019168,-0.003481942149578597
12,18.436417375545485,-0.0034818758600388237
13,18.43641874795272,-0.0034818032597600697
14,18.436420239238956,-0.003481724348899951
15,18.4364218494022,-0.0034816391276205586
16,18.436423578440362,-0.0034815475960883716
17,18.436425426351278,-0.003481449754473765
18,18.436427393132707,-0.0034813456029514243
19,18.4364294787823,-0.003481235141700816
20,18.436431683297652,-0.003481118370905058
21,18.436434006676258,-0.003480995290751726
22,18.43643644891554,-0.003480865901432681
23,18.436439010012826,-0.003480730203143857
24,18.436441689965367,-0.003480588196085671
25,18.436444488770324,-0.0034804398804628898
26,18.436447406424787,-0.0034802852564842
27,18.43645044292575,-0.0034801243243625167
28,18.436453598270123,-0.0034799570843156487
29,18.436456872454745,-0.0034797835365647793
30,18.436460265476363,-0.003479603681335922
31,18.436463777331642,-0.003479417518859056
32,18.43646740801716,-0.0034792250493685694
33,18.436471157529414,-0.003479026273103139
34,18.43647502586483,-0.0034788211903053175
35,18.436479013019724,-0.0034786098012223976
36,18.436483118990346,-0.0034783921061057855
37,18.436487343772868,-0.0034781681052107887
38,18.436491687363365,-0.0034779377987973208
39,18.43649614975783,-0.0034777011871295308
40,18.436500730952186,-0.0034774582704755375
41,18.436505430942255,-0.003477209049108096
42,18.436510249723792,-0.003476953523303686
43,18.43651518729245,-0.0034766916933436256
44,18.436520243643834,-0.0034764235595127445
45,18.436525418773414,-0.003476149122100901
46,18.436530712676614,-0.003475868381401841
47,18.436536125348752,-0.0034755813377135864
48,18.436541656785092,-0.003475287991338179
49,18.436547306980792,-0.003474988342582023
50,18.43655307593093,-0.003474682391756085
51,18.436558963630503,-0.003474370139175038
52,18.43656497007442,-0.0034740515851582857
53,18.43657109525752,-0.003473726730029092
54,18.436577339174544,-0.0034733955741151753
55,18.436583701820165,-0.0034730581177481613
56,18.43659018318895,-0.0034727143612644108
57,18.436596783275395,-0.0034723643050044496
58,18.43660350207391,-0.003472007949312909
59,18.43661033957884,-0.003471645294538216
60,18.436617295784423,-0.0034712763410336715
61,18.436624370684825,-0.0034709010891564025
62,18.43663156427413,-0.0034705195392679676
63,18.43663887654633,-0.0034701316917342324
64,18.43664630749534,-0.003469737546924985
65,18.43665385711499,-0.0034693371052147127
66,18.436661525399018,-0.003468930366981819
67,18.4366693123411,-0.0034685173326089356
68,18.436677217934818,-0.0034680980024826944
69,18.43668524217366,-0.0034676723769946237
70,18.436693385051043,-0.0034672404565399104
71,18.436701646560312,-0.003466802241517935
72,18.436710026694698,-0.003466357732332837
73,18.436718525447365,-0.0034659069293926123
74,18.436727142811407,-0.0034654498331092606
75,18.43673587877981,-0.003464986443899696
76,18.436744733345503,-0.0034645167621841695
77,18.436753706501307,-0.003464040788387861
78,18.43676279823998,-0.00346355852293977
79,18.43677200855418,-0.0034630699662734003
80,18.436781337436482,-0.0034625751188265106
81,18.436790784879406,-0.003462073981040724
82,18.43680035087535,-0.0034615665533621197
83,18.436810035416663,-0.003461052836240889
84,18.436819838495577,-0.0034605328301318453
85,18.436829760104267,-0.0034600065354934515
86,18.43683980023483,-0.0034594739527884287
87,18.43684995887925,-0.0034589350824841283
88,18.43686023602945,-0.00345838992505196
89,18.43687063167728,-0.0034578384809670665
90,18.436881145814464,-0.003457280750709867
91,18.43689177843269,-0.0034567167347640984
92,18.436902529523536,-0.0034561464336178276
93,18.436913399078506,-0.003455569847763668
94,18.43692438708903,-0.0034549869776980893
95,18.436935493546425,-0.0034543978239221394
96,18.436946718441963,-0.0034538023869407665
97,18.4369580617668,-0.003453200667263404
98,18.436969523512037,-0.003452592665403246
99,18.436981103668668,-0.0034519783818783368
100,18.436992802227625,-0.0034513578172102543
101,18.437004619179735,-0.0034507309719253995
102,18.437016554515765,-0.0034500978465539203
103,18.437028608226388,-0.0034494584416302613
104,18.43704078030219,-0.0034488127576933147
105,18.437053070733675,-0.0034481607952861174
106,18.437065479511276,-0.0034475025549555484
107,18.437078006625324,-0.0034468380372531427
108,18.437090652066093,-0.0034461672427344068
109,18.437103415823735,-0.003445490171959257
110,18.437116297888366,-0.003444806825491438
111,18.437129298249978,-0.003444117203899336
112,18.43714241689851,-0.0034434213077552413
113,18.437155653823798,-0.0034427191376356922
114,18.437169009015623,-0.0034420106941211847
115,18.437182482463633,-0.0034412959777972867
116,18.43719607415745,-0.0034405749892526495
117,18.43720978408658,-0.0034398477290807435
118,18.437223612240444,-0.003439114197879367
119,18.437237558608405,-0.003438374396249909
120,18.437251623179723,-0.0034376283247984267
121,18.437265805943575,-0.0034368759841353303
122,18.43728010688906,-0.003436117374874784
123,18.437294526005207,-0.0034353524976352256
124,18.43730906328093,-0.0034345813530395636
125,18.43732371870509,-0.0034338039417147826
126,18.437338492266466,-0.003433020264291697
127,18.437353383953734,-0.0034322303214058374
128,18.4373683937555,-0.003431434113696642
129,18.43738352166028,-0.0034306316418077315
130,18.437398767656514,-0.0034298229063870833
131,18.43741413173256,-0.003429007908086783
132,18.437429613876695,-0.003428186647562909
133,18.437445214077105,-0.003427359125475904
134,18.43746093232189,-0.0034265253424907434
135,18.437476768599083,-0.0034256852992758753
136,18.437492722896632,-0.0034248389965043304
137,18.437508795202387,-0.0034239864348534006
138,18.43752498550413,-0.0034231276150044005
139,18.437541293789558,-0.003422262537642664
140,18.437557720046275,-0.0034213912034582023
141,18.43757426426182,-0.0034205136131448895
142,18.437590926423642,-0.0034196297674005138
143,18.437607706519096,-0.003418739666927744
144,18.43762460453547,-0.003417843312432725
145,18.437641620459956,-0.003416940704626329
146,18.43765875427968,-0.0034160318442231523
147,18.437676005981682,-0.0034151167319421546
148,18.437693375552907,-0.0034141953685065387
149,18.437710862980236,-0.003413267754643434
150,18.437728468250437,-0.003412333891084627
151,18.437746191350232,-0.0034113937785656945
152,18.437764032266237,-0.003410447417826414
153,18.43778199098499,-0.003409494809610949
154,18.437800067492958,-0.0034085359546672527
155,18.437818261776513,-0.0034075708537477417
156,18.437836573821944,-0.003406599507609113
157,18.43785500361547,-0.003405621917011767
158,18.437873551143223,-0.0034046380827206266
159,18.437892216391248,-0.003403648005504725
160,18.4379109993455,-0.0034026516861375084
161,18.437929899991865,-0.0034016491253961497
162,18.43794891831615,-0.003400640324062019
163,18.437968054304072,-0.0033996252829207735
164,18.43798730794126,-0.0033986040027625336
165,18.438006679213263,-0.003397576484381289
166,18.43802616810558,-0.003396542728574718
167,18.438045774603566,-0.0033955027361458503
168,18.43806549869254,-0.003394456507900862
169,18.438085340357734,-0.00339340404465022
170,18.43810529958429,-0.0033923453472088725
171,18.43812537635726,-0.003391280416395895
172,18.43814557066163,-0.00339020925303417
173,18.438165882482288,-0.0033891318579512193
174,18.438186311804056,-0.0033880482319782446
175,18.43820685861166,-0.0033869583759510535
176,18.438227522889758,-0.003385862290709186
177,18.43824830462291,-0.0033847599770966993
178,18.43826920379561,-0.003383651435961373
179,18.438290220392258,-0.003382536668155612
180,18.438311354397182,-0.003381415674535393
181,18.43833260579461,-0.003380288455961776
182,18.43835397456871,-0.00337915501329896
183,18.438375460703558,-0.0033780153474157982
184,18.438397064183146,-0.003376869459185264
185,18.438418784991388,-0.0033757173494844287
186,18.43844062311212,-0.003374559019194338
187,18.438462578529073,-0.0033733944692007994
188,18.438484651225927,-0.0033722237003929296
189,18.438506841186264,-0.0033710467136643914
190,18.43852914839359,-0.003369863509913008
191,18.43855157283133,-0.0033686740900407044
192,18.438574114482808,-0.0033674784549536894
193,18.438596773331287,-0.0033662766055621105
194,18.43861954935995,-0.0033650685427802714
195,18.438642442551878,-0.0033638542675267433
196,18.438665452890106,-0.0033626337807237242
197,18.43868858035755,-0.003361407083298305
198,18.438711824937062,-0.003360174176181224
199,18.438735186611403,-0.0033589350603076104
200,18.438758665363263,-0.0033576897366166783
201,18.438782261175245,-0.003356438206051475
202,18.438805974029872,-0.003355180469559582
203,18.438829803909584,-0.003353916528092519
204,18.438853750796742,-0.0033526463826058263
205,18.43887781467362,-0.003351370034059338
206,18.438901995522414,-0.003350087483417021
207,18.438926293325242,-0.0033487987316469293
208,18.43895070806413,-0.003347503779721194
209,18.438975239721028,-0.003346202628616143
210,18.438999888277813,-0.0033448952793121807
211,18.439024653716274,-0.0033435817327936747
212,18.439049536018103,-0.0033422619900495575
213,18.439074535164945,-0.0033409360520724293
214,18.439099651138324,-0.0033396039198592673
215,18.439124883919717,-0.0033382655944110807
216,18.43915023349049,-0.0033369210767329933
217,18.43917569983196,-0.0033355703678342075
218,18.43920128292533,-0.003334213468728231
219,18.43922698275174,-0.0033328503804322496
220,18.439252799292255,-0.0033314811039680315
221,18.439278732527836,-0.003330105640361377
222,18.439304782439375,-0.0033287239906420575
223,18.439330949007694,-0.0033273361558438367
224,18.43935723221351,-0.003325942137004981
225,18.43938363203748,-0.0033245419351675097
226,18.439410148460173,-0.003323135551377634
227,18.439436781462064,-0.0033217229866858533
228,18.43946353102356,-0.0033203042421467406
229,18.439490397124988,-0.003318879318818697
230,18.439517379746594,-0.003317448217764304
231,18.439544478868534,-0.0033160109400504055
232,18.43957169447088,-0.0033145674867482043
233,18.439599026533653,-0.0033131178589321394
234,18.439626475036757,-0.0033116620576815565
235,18.439654039960022,-0.003310200084079819
236,18.43968172128321,-0.0033087319392139354
237,18.439709518985996,-0.0033072576241754506
238,18.439737433047966,-0.0033057771400599686
239,18.439765463448648,-0.003304290487966653
240,18.43979361016746,-0.0033027976689994788
241,18.439821873183753,-0.003301298684266205
242,18.439850252476802,-0.0032997935348784545
243,18.439878748025784,-0.00329828222195254
244,18.439907359809816,-0.0032967647466083548
245,18.439936087807922,-0.003295241109969858
246,18.439964931999057,-0.003293711313165155
247,18.43999389236207,-0.003292175357326883
248,18.440022968875745,-0.0032906332435914494
249,18.440052161518793,-0.0032890849730991475
250,18.440081470269835,-0.0032875305469945177
251,18.440110895107406,-0.003285969966426309
252,18.440140436009973,-0.0032844032325471235
253,18.44017009295591,-0.00328283034651391
254,18.440199865923514,-0.003281251309487584
255,18.440229754891018,-0.003279666122632752
256,18.440259759836536,-0.0032780747871189605
257,18.44028988073814,-0.0032764773041190033
258,18.4403201175738,-0.0032748736748101793
259,18.440350470321416,-0.003273263900373762
260,18.4403809389588,-0.0032716479819950195
261,18.44041152346368,-0.0032700259208635345
262,18.44044222381372,-0.0032683977181726747
263,18.44047303998648,-0.0032667633751200056
264,18.440503971959462,-0.003265122892907223
265,18.44053501971008,-0.0032634762727398368
266,18.440566183215655,-0.003261823515827909
267,18.44059746245344,-0.0032601646233850474
268,18.44062885740061,-0.0032584995966291686
269,18.440660368034255,-0.003256828436782341
270,18.440691994331367,-0.0032551511450707097
271,18.4407237362689,-0.0032534677227240246
272,18.44075559382368,-0.003251778170976716
273,18.44078756697249,-0.003250082491066945
274,18.440819655692007,-0.0032483806842369973
275,18.440851859958837,-0.003246672751733265
276,18.44088417974952,-0.003244958694805813
277,18.440916615040493,-0.0032432385147094303
278,18.440949165808114,-0.003241512212702651
279,18.44098183202868,-0.003239779790047846
280,18.441014613678394,-0.003238041248011706
281,18.441047510733373,-0.0032362965878650037
282,18.441080523169674,-0.0032345458108822486
283,18.441113650963267,-0.00323278891834201
284,18.441146894090014,-0.003231025911527573
285,18.441180252525733,-0.0032292567917255872
286,18.441213726246154,-0.0032274815602268987
287,18.441247315226903,-0.0032257002183266183
288,18.441281019443558,-0.0032239127673236623
289,18.4413148388716,-0.003222119208520995
290,18.44134877348643,-0.0032203195432258546
291,18.441382823263375,-0.0032185137727491885
292,18.44141698817768,-0.003216701898406196
293,18.441451268204496,-0.0032148839215164187
294,18.441485663318918,-0.0032130598434027225
295,18.441520173495952,-0.003211229665392378
296,18.44155479871052,-0.0032093933888167284
297,18.44158953893747,-0.003207551015011033
298,18.44162439415155,-0.003205702545315058
299,18.44165936432746,-0.003203847981071935
300,18.441694449439797,-0.0032019873236290527
301,18.44172964946309,-0.003200120574338031
302,18.441764964371774,-0.00319824773455424
303,18.441800394140227,-0.0031963688056373457
304,18.441835938742724,-0.0031944837889507616
305,18.44187159815348,-0.0031925926858621233
306,18.44190737234661,-0.003190695497743187
307,18.441943261296164,-0.0031887922259694087
308,18.441979264976105,-0.0031868828719205148
309,18.442015383360328,-0.003184967436979995
310,18.44205161642264,-0.003183045922535699
311,18.442087964136757,-0.003181118329979424
312,18.442124426476337,-0.0031791846607066594
313,18.442161003414935,-0.003177244916117551
314,18.442197694926055,-0.003175299097615418
315,18.4422345009831,-0.0031733472066082418
316,18.442271421559397,-0.0031713892445077987
317,18.4423084566282,-0.0031694252127297956
318,18.442345606162686,-0.0031674551126939783
319,18.44238287013594,-0.003165478945824183
320,18.44242024852096,-0.0031634967135486212
321,18.442457741290692,-0.0031615084172987727
322,18.44249534841799,-0.0031595140585104864
323,18.442533069875623,-0.0031575136386237
324,18.442570905636288,-0.0031555071590821243
325,18.442608855672596,-0.0031534946213338457
326,18.442646919957085,-0.003151476026830556
327,18.44268509846221,-0.0031494513770282118
328,18.442723391160357,-0.003147420673386277
329,18.44276179802382,-0.003145383917368902
330,18.442800319024805,-0.003143341110444095
331,18.44283895413547,-0.0031412922540832986
332,18.442877703327866,-0.003139237349762555
333,18.442916566573974,-0.0031371763989616807
334,18.442955543845695,-0.0031351094031645496
335,18.44299463511486,-0.003133036363858809
336,18.443033840353202,-0.003130957282536417
337,18.443073159532396,-0.003128872160692925
338,18.443112592624033,-0.0031267809998281122
339,18.44315213959961,-0.0031246838014458603
340,18.44319180043055,-0.003122580567054009
341,18.44323157508822,-0.0031204712981640122
342,18.44327146354387,-0.003118355996291822
343,18.443311465768698,-0.003116234662957156
344,18.443351581733822,-0.0031141072996834973
345,18.44339181141027,-0.0031119739079985224
346,18.44343215476901,-0.003109834489433654
347,18.443472611780898,-0.0031076890455248724
348,18.443513182416737,-0.00310553757781164
349,18.44355386664726,-0.003103380087837192
350,18.443594664443086,-0.003101216577149485
351,18.44363557577479,-0.0030990470472997142
352,18.443676600612847,-0.003096871499843437
353,18.44371773892767,-0.0030946899363398874
354,18.443758990689584,-0.0030925023583525265
355,18.443800355868827,-0.003090308767448881
356,18.44384183443557,-0.003088109165200026
357,18.443883426359907,-0.0030859035531814365
358,18.443925131611834,-0.0030836919329723374
359,18.4439669501613,-0.0030814743061558787
360,18.444008881978164,-0.003079250674319037
361,18.444050927032183,-0.0030770210390531298
362,18.444093085293062,-0.003074785401953334
363,18.444135356730428,-0.0030725437646183925
364,18.444177741313798,-0.0030702961286517456
365,18.444220239012655,-0.0030680424956599636
366,18.44426284979637,-0.003065782867254115
367,18.444305573634264,-0.003063517245048802
368,18.444348410495554,-0.003061245630662871
369,18.444391360349393,-0.0030589680257192024
370,18.444434423164843,-0.003056684431844452
371,18.444477598910904,-0.0030543948506691963
372,18.444520887556482,-0.003052099283828184
373,18.444564289070428,-0.003049797732959665
374,18.444607803421487,-0.003047490199706222
375,18.444651430578336,-0.0030451766857143682
376,18.44469517050958,-0.0030428571926345046
377,18.444739023183743,-0.0030405317221207963
378,18.44478298856928,-0.0030382002758312415
379,18.444827066634545,-0.0030358628554282394
380,18.444871257347838,-0.0030335194625777844
381,18.44491556067736,-0.003031170098950016
382,18.444959976591253,-0.003028814766218702
383,18.44500450505757,-0.003026453466061784
384,18.4450491460443,-0.0030240862001609417
385,18.44509389951933,-0.0030217129702020643
386,18.44513876545048,-0.0030193337778749076
387,18.44518374380549,-0.0030169486248730563
388,18.445228834552044,-0.003014557512893798
389,18.445274037657725,-0.0030121604436385793
390,18.44531935309004,-0.0030097574188129757
391,18.445364780816423,-0.00300734844012606
392,18.445410320804232,-0.0030049335092911067
393,18.44545597302075,-0.0030025126280250115
394,18.44550173743317,-0.003000085798049048
395,18.44554761400861,-0.002997653021088173
396,18.445593602714126,-0.002995214298871151
397,18.445639703516676,-0.002992769633130834
398,18.445685916383155,-0.0029903190256038463
399,18.445732241280385,-0.0029878624780305136
400,18.44577867817509,-0.0029853999921556048
401,18.445825227033932,-0.0029829315697273693
402,18.4458718878235,-0.0029804572124980146
403,18.445918660510284,-0.002977976922223999
404,18.445965545060712,-0.0029754907006653178
405,18.44601254144113,-0.002972998549585961
406,18.446059649617823,-0.00297050047075379
407,18.44610686955697,-0.0029679964659406624
408,18.446154201224697,-0.002965486536922256
409,18.446201644587045,-0.0029629706854780204
410,18.44624919960997,-0.0029604489133916436
411,18.446296866259356,-0.002957921222450495
412,18.44634464450101,-0.0029553876144458703
413,18.446392534300674,-0.0029528480911726555
414,18.44644053562399,-0.0029503026544301465
415,18.446488648436546,-0.0029477513060210668
416,18.44653687270383,-0.0029451940477525093
417,18.446585208391273,-0.0029426308814350455
418,18.44663365546422,-0.0029400618088832237
419,18.44668221388794,-0.002937486831915437
420,18.44673088362762,-0.00293490595235413
421,18.446779664648375,-0.002932319172025706
422,18.44682855691525,-0.002929726492759958
423,18.4468775603932,-0.0029271279163911126
424,18.446926675047113,-0.002924523444756948
425,18.446975900841796,-0.0029219130796990706
426,18.447025237741983,-0.0029192968230632743
427,18.44707468571232,-0.0029166746766988417
428,18.447124244717397,-0.002914046642459124
429,18.447173914721706,-0.0029114127222014453
430,18.44722369568967,-0.0029087729177869116
431,18.44727358758564,-0.002906127231080375
432,18.447323590373887,-0.0029034756639506917
433,18.447373704018602,-0.0029008182182705573
434,18.447423928483914,-0.002898154895916199
435,18.44747426373386,-0.0028954856987682877
436,18.4475247097324,-0.002892810628710919
437,18.447575266443426,-0.002890129687632215
438,18.44762593383076,-0.0028874428774240137
439,18.447676711858122,-0.0028847501999823546
440,18.447727600489184,-0.0028820516572066715
441,18.447778599687517,-0.0028793472510006664
442,18.447829709416634,-0.0028766369832717406
443,18.44788092963996,-0.0028739208559310035
444,18.447932260320865,-0.0028711988708934265
445,18.447983701422608,-0.002868471030078056
446,18.448035252908408,-0.002865737335407429
447,18.44808691474138,-0.0028629977888082877
448,18.448138686884583,-0.002860252392210811
449,18.448190569300984,-0.00285750114754955
450,18.448242561953478,-0.0028547440567625467
451,18.44829466480489,-0.002851981121791733
452,18.448346877817972,-0.002849212344582671
453,18.448399200955386,-0.0028464377270850812
454,18.44845163417973,-0.0028436572712523945
455,18.448504177453525,-0.0028408709790417614
456,18.448556830739207,-0.0028380788524144944
457,18.448609593999137,-0.0028352808933355456
458,18.448662467195618,-0.002832477103773309
459,18.448715450290862,-0.002829667485700582
460,18.448768543247002,-0.002826852041093729
461,18.4488217460261,-0.002824030771933101
462,18.448875058590147,-0.002821203680202573
463,18.448928480901053,-0.0028183707678900204
464,18.44898201292066,-0.0028155320369870067
465,18.44903565461072,-0.0028126874894892173
466,18.44908940593292,-0.002809837127395943
467,18.449143266848875,-0.0028069809527100325
468,18.44919723732012,-0.002804118967438523
469,18.449251317308097,-0.002801251173592402
470,18.449305506774206,-0.002798377573185986
471,18.449359805679745,-0.002795498168237682
472,18.449414213985946,-0.0027926129607695666
473,18.449468731653972,-0.0027897219528076373
474,18.449523358644907,-0.002786825146381478
475,18.44957809491975,-0.0027839225435248812
476,18.449632940439432,-0.002781014146275161
477,18.44968789516481,-0.0027780999566733968
478,18.449742959056668,-0.0027751799767644814
479,18.449798132075703,-0.002772254208597332
480,18.44985341418255,-0.0027693226542244423
481,18.44990880533776,-0.002766385315702076
482,18.449964305501812,-0.0027634421950905627
483,18.450019914635114,-0.0027604932944535966
484,18.450075632697995,-0.0027575386158588833
485,18.450131459650713,-0.0027545781613779554
486,18.450187395453444,-0.0027516119330859568
487,18.450243440066295,-0.002748639933062018
488,18.450299593449298,-0.002745662163388973
489,18.450355855562403,-0.0027426786261534296
490,18.45041222636549,-0.0027396893234458153
491,18.450468705818363,-0.002736694257360269
492,18.45052529388075,-0.002733693429994814
493,18.450581990512323,-0.002730686843450951
494,18.450638795672642,-0.0027276744998343695
495,18.450695709321227,-0.002724656401254219
496,18.4507527314175,-0.0027216325498236344
497,18.45080986192083,-0.0027186029476589713
498,18.450867100790486,-0.0027155675968815072
499,18.450924447985685,-0.0027125264996150926
500,18.45098190346556,-0.0027094796579878577
501,18.45103946718917,-0.0027064206975754195
502,18.45109712512569,-0.0027033376959634085
503,18.451154835514277,-0.0027002203912929418
504,18.451212529238557,-0.0026970602865129295
505,18.45127011020117,-0.0026938508109282835
506,18.451327455698326,-0.0026905875361472294
507,18.451384416794383,-0.0026872684435699013
508,18.451440818696454,-0.0026838942405999545
509,18.451496461129068,-0.0026804687228018788
510,18.451551118708828,-0.0026769991792649
511,18.451604541319142,-0.0026734968384753205
512,18.451656454485004,-0.0026699773520378377
513,18.45170655974777,-0.0026664613136278387
514,18.451754535040024,-0.0026629748105918383
515,18.45180003506051,-0.002659550005657511
516,18.4518426916491,-0.0026562257462510366
517,18.45188211416185,-0.0026530481989592756
518,18.45191788984609,-0.0026500715067147647
519,18.451949584215647,-0.0026473584663167225
520,18.45197674142613,-0.002644981223946208
521,18.451998884650262,-0.0026430219863661565
522,18.4520155164534,-0.002641573745540525
523,18.45202611916906,-0.00264074101444321
524,18.45203015527464,-0.002640640571865624
525,18.452027067767204,-0.0026414022140734197
526,18.452016280539357,-0.0026431695111984984
527,18.4519971987554,-0.0026461005662892865
528,18.451969209227407,-0.002650368774990169
529,18.451931680791624,-0.002656163583844805
530,18.451883964684928,-0.002663691245269964
531,18.451825394921453,-0.0026731755672780733
532,18.45175528866941,-0.0026848586560653297
533,18.45167294662805,-0.0026990016496242133
534,18.451577653404787,-0.0027158854405748035
535,18.451468677892517,-0.0027358113864482426
536,18.45134527364718,-0.0027591020056949014
537,18.45120667926541,-0.0027861016577304908
538,18.451052118762455,-0.002817177205367282
539,18.450880801950273,-0.0028527186580219414
540,18.450691924815843,-0.002893139794125903
541,18.450484669899723,-0.0029388787612058065
542,18.450258206674743,-0.0029903986521416593
543,18.45001169192501,-0.003048188056146
544,18.449744270125084,-0.0031127615830496736
545,18.44945507381942,-0.003184660359519794
546,18.449143224001983,-0.003264452495872915
547,18.448807830496193,-0.0033527335221876647
548,18.448447992335023,-0.003450126792461792
549,18.448062798141386,-0.0035572838555973504
550,18.447651326508772,-0.003674884792039616
551,18.447212646382084,-0.003803638514935471
552,18.446745817438753,-0.0039442830347169895
553,18.446249890470135,-0.004097585686057721
554,18.445723907763078,-0.004264343316192744
555,18.445166903481812,-0.004445382433629678
556,18.44457790405003,-0.004641559316325883
557,18.44395592853326,-0.004853760078443841
558,18.443299989021465,-0.005082900694842844
559,18.44260909101189,-0.005329926982504776
560,18.441882233792136,-0.005595814538137031
561,18.441118410823517,-0.005881568631236064
562,18.440316610124622,-0.006188224051941184
563,18.439475814655086,-0.006516844913049222
564,18.438595002699646,-0.006868524405605836
565,18.4376731482524,-0.007244384507533159
566,18.436709221401276,-0.007645575644797764
567,18.43570218871272,-0.008073276304667372
568,18.434651013616605,-0.008528692600650426
569,18.43355465679132,-0.00901305778875605
570,18.432412076549078,-0.009527631734759349
571,18.43122222922141,-0.010073700332200897
572,18.42998406954482,-0.01065257487089767
573,18.428696551046585,-0.01126559135578525
574,18.42735862643083,-0.011914109775959955
575,18.425969247964623,-0.01259951332383718
576,18.42452736786427,-0.013323207564386397
577,18.42303193868175,-0.014086619554451217
578,18.421481913691277,-0.014891196912211507
579,18.41987624727592,-0.015738406836892285
580,18.41821389531435,-0.01662973507886761
581,18.41649381556771,-0.01756668486036158
582,18.41471496806648,-0.018550775746992966
583,18.412876315497453,-0.01958354247045847
584,18.41097682359071,-0.020666533702699445
585,18.409015461506662,-0.021801310781942758
586,18.406991202223093,-0.02298944639105952
587,18.404903022922195,-0.02423252318872869
588,18.402749905377544,-0.025532132393946434
589,18.400530836341098,-0.02688987232446725
590,18.398244807930105,-0.028307346889813192
591,18.395890818013953,-0.029786164039537443
592,18.3934678706009,-0.03132793416747602
593,18.390974976224754,-0.03293426847277085
594,18.388411152331305,-0.03460677727849719
595,18.385775423664747,-0.0363470683087748
596,18.383066822653827,-0.03815674492529504
597,18.38028438979786,-0.04003740432424098
598,18.377427174052492,-0.041990635694629144
599,18.37449423321523,-0.04401801833914754
600,18.371484634310765,-0.046121119758615214
601,18.368397453975934,-0.04830149370123558
602,18.365231778844457,-0.05056067817786302
603,18.361986705931287,-0.05290019344455269
604,18.358661343016628,-0.055321539953706804
605,18.355254809029617,-0.05782619627518191
606,18.351766234431544,-0.0604156169887661
607,18.3481947615987,-0.06309123054948258
608,18.344539545204707,-0.0658544371272223
609,18.340799752602464,-0.06870660642225236
610,18.336974564205523,-0.07164907545819556
611,18.333063173868965,-0.07468314635411863
612,18.3290647892697,-0.07781008407741256
613,18.32497863228622,-0.08103111417919097
614,18.320803939377708,-0.08434742051397819
615,18.3165399619625,-0.08776014294549993
616,18.312185966795976,-0.0912703750404294
617,18.307741236347628,-0.09487916175199172
618,18.3032050691775,-0.09858749709535859
619,18.298576780311844,-0.10239632181681639
620,18.293855701618003,-0.10630652105872278
621,18.289041182178508,-0.1103189220223112
622,18.284132588664278,-0.11443429163043789
623,18.279129305707084,-0.11865333419240169
624,18.274030736270955,-0.12297668907301204
625,18.26883630202279,-0.12740492836810316
626,18.263545443701993,-0.13193855458873818
627,18.258157621489048,-0.13657799835637857
628,18.25267231537323,-0.14132361611132052
629,18.247089025519134,-0.14617568783674473
630,18.24140727263224,-0.15113441480074308
631,18.235626598323307,-0.15619991731872787
632,18.229746565471707,-0.16137223253865035
633,18.22376675858754,-0.16665131225148866
634,18.217686784172628,-0.1720370207294882
635,18.211506271080257,-0.1775291325946669
636,18.205224870873664,-0.18312733072012216
637,18.19884225818331,-0.18883120416669666
638,18.192358131062804,-0.19464024615758874
639,18.185772211343533,-0.20055385209350912
640,18.179084244987894,-0.2065713176110105
641,18.172294002441205,-0.2126918366866315
642,18.165401278982156,-0.21891449978951905
643,18.15840589507187,-0.22523829208520607
644,18.151307696701448,-0.23166209169323948
645,18.144106555738077,-0.23818466800136712
646,18.136802370269574,-0.2448046800390054
647,18.12939506494746,-0.25152067491271957
648,18.12188459132838,-0.25833108630646406
649,18.11427092821399,-0.26523423304933486
650,18.106554081989263,-0.27222831775359335
651,18.09873408695905,-0.27931232521534094
652,18.090810991826313,-0.2864860950364827
653,18.082784845946758,-0.2937494647729408
654,18.074655699328968,-0.30110226993782263
655,18.066423602634536,-0.30854434400463
656,18.0580886071782,-0.31607551841050935
657,18.049650764927975,-0.3236956225595433
658,18.04111012850528,-0.3314044838260832
659,18.032466751185094,-0.3392019275581227
660,18.02372068689606,-0.3470877770807126
661,18.014871990220687,-0.355061853699416
662,18.005920716395455,-0.36312397670380503
663,17.996866921310986,-0.37127396337099877
664,17.987710661512175,-0.3795116289692415
665,17.978451994198366,-0.3878367867615228
666,17.96909097722351,-0.3962492480092371
667,17.959627669096307,-0.4047488219758863
668,17.95006212898039,-0.4133353159308206
669,17.940394416694478,-0.42200853515302333
670,17.93062459271257,-0.43076828293493347
671,17.920752718164092,-0.43961436058631115
672,17.910778854834085,-0.44854656743814364
673,17.900703065163384,-0.4575647008465915
674,17.890525412248792,-0.4666685561969757
675,17.880245959843304,-0.47585792690780565
676,17.869864772356237,-0.48513260443484807
677,17.85938191485348,-0.4944923782752363
678,17.84879745305764,-0.503937035971621
679,17.838111453348294,-0.5134663631163596
680,17.82732398276215,-0.5230801433557488
681,17.816435108993286,-0.5327781583942963
682,17.80544490039331,-0.5425601879990337
683,17.79435342597167,-0.5524260100038687
684,17.783160755395762,-0.5623754003139796
685,17.771866958991218,-0.5724081329102497
686,17.760472107742135,-0.5825239798537408
687,17.748976273291266,-0.5927227112902103
688,17.737379527940288,-0.603004095454664
689,17.725681944650024,-0.6133678986759552
690,17.713883597040688,-0.6238138853814181
691,17.70198455939214,-0.634341818101547
692,17.68998490664413,-0.6449514574747108
693,17.677884714396548,-0.6556425622519125
694,17.6656840589097,-0.666414889301585
695,17.653383017104556,-0.6772681936144298
696,17.640981666563015,-0.6882022283082946
697,17.628480085528203,-0.699216744633091
698,17.615878352904726,-0.7103114919757534
699,17.603176548258965,-0.7214862178652366
700,17.59037475181937,-0.7327406679775542
701,17.577473044476722,-0.7440745861408572
702,17.56447150778448,-0.7554877143405518
703,17.551370223959026,-0.7669797927244585
704,17.53816927588004,-0.7785505596080086
705,17.524868747090732,-0.7901997514794844
706,17.51146872179824,-0.8019271030052956
707,17.4979692848739,-0.8137323470352967
708,17.484370521853595,-0.8256152146081455
709,17.47067251893809,-0.8375754349566996
710,17.45687536299338,-0.849612735513453
711,17.442979141551,-0.8617268419160128
712,17.428983942808422,-0.8739174780126155
713,17.414889855629397,-0.8861843658676822
714,17.400696969544317,-0.8985272257674133
715,17.386405374750563,-0.9109457762254236
716,17.372015162112934,-0.9234397339884166
717,17.357526423163975,-0.9360088140418967
718,17.342939250104394,-0.9486527296159235
719,17.32825373580347,-0.9613711921909013
720,17.313469973799428,-0.9741639115034132
721,17.298588058299845,-0.9870305955520895
722,17.283608084182106,-0.9999709506035178
723,17.268530146993783,-1.012984681198192
724,17.253354342953088,-1.026071490156499
725,17.23808076894931,-1.0392310785847465
726,17.222709522543248,-1.0524631458812281
727,17.207240701967667,-1.0657673897423279
728,17.191674406127774,-1.0791435061686632
729,17.176010734601658,-1.0925911894712674
730,17.160249787640794,-1.1061101322778109
731,17.144391666170485,-1.1197000255388598
732,17.12843647179041,-1.1333605585341757
733,17.112384306775066,-1.1470914188790498
734,17.096235274074314,-1.160892292530681
735,17.079989477313873,-1.1747628637945877
736,17.063647020795866,-1.1887028153310604
737,17.04720800949933,-1.2027118281616525
738,17.03067254908076,-1.2167895816757082
739,17.0140407458747,-1.2309357536369299
740,16.99731270689424,-1.2451500201899832
741,16.98048853983163,-1.25943205586714
742,16.963568353058857,-1.2737815335949592
743,16.94655225562821,-1.288198124701007
744,16.92944035727289,-1.3026814989206124
745,16.912232768407637,-1.3172313244036626
746,16.89492960012932,-1.3318472677214361
747,16.87753096421758,-1.3465289938734726
748,16.86003697313547,-1.3612761662944806
749,16.842447740030085,-1.3760884468612826
750,16.824763378733266,-1.3909654958998001
751,16.80698400376223,-1.40590697219207
752,16.78910973032027,-1.4209125329833068
753,16.771140674297452,-1.4359818339889938
754,16.75307695227131,-1.4511145294020174
755,16.734918681507576,-1.4663102718998355
756,16.716665979960894,-1.4815687126516845
757,16.69831896627557,-1.4968895013258214
758,16.67987775978633,-1.5122722860968043
759,16.661342480519078,-1.5277167136528111
760,16.642713249191672,-1.5432224292029897
761,16.623990187214737,-1.5587890764848515
762,16.60517341669245,-1.5744162977716964
763,16.58626306042334,-1.5901037338800774
764,16.56725924190119,-1.6058510241772985
765,16.54816208531578,-1.6216578065889529
766,16.528971715553837,-1.637523717606494
767,16.50968825819987,-1.6534483922948442
768,16.490311839537043,-1.6694314643000394
769,16.470842586548116,-1.6854725658569092
770,16.45128062691633,-1.7015713277967923
771,16.431626089026363,-1.7177273795552912
772,16.411879101965283,-1.7339403491800571
773,16.39203979552347,-1.7502098633386154
774,16.372108300195645,-1.766535547326223
775,16.35208474718185,-1.7829170250737632
776,16.33196926838844,-1.799353919155676
777,16.311761996429155,-1.8158458507979216
778,16.291463064626132,-1.8323924398859806
779,16.271072607010986,-1.8489933049728913
780,16.25059075832589,-1.8656480632873143
781,16.230017654024675,-1.8823563307416429
782,16.20935343027395,-1.899117721940139
783,16.188598223954223,-1.9159318501871083
784,16.167752172661096,-1.932798327495108
785,16.1468154147064,-1.9497167645931905
786,16.125788089119414,-1.9666867709351812
787,16.104670335648063,-1.9837079547079877
788,16.08346229476018,-2.000779922839946
789,16.06216410764472,-2.0179022810092015
790,16.040775916213097,-2.035074633652122
791,16.01929786310041,-2.0522965839717413
792,15.99773009166682,-2.0695677339462444
793,15.976072745998875,-2.0868876843374777
794,15.95432597091085,-2.104256034699501
795,15.932489911946174,-2.1216723833871627
796,15.910564715378811,-2.1391363275647186
797,15.88855052821471,-2.1566474632144765
798,15.866447498193242,-2.174205385145476
799,15.844255773788717,-2.1918096870022032
800,15.821975504211846,-2.2094599612733328
801,15.799606839411313,-2.227155799300509
802,15.777149930075314,-2.244896791287155
803,15.75460492763314,-2.262682526307315
804,15.731971984256793,-2.2805125923145293
805,15.709251252862623,-2.2983865761507407
806,15.686442887112992,-2.316304063555235
807,15.663547041417955,-2.33426463917361
808,15.640563870937013,-2.352267886566777
809,15.617493531580816,-2.3703133882199974
810,15.594336180012984,-2.3884007255519433
811,15.57109197365192,-2.4065294789237996
812,15.547761070672603,-2.4246992276483845
813,15.524343630008495,-2.4429095499993148
814,15.500839811353444,-2.46116002322019
815,15.477249775163608,-2.479450223533814
816,15.453573682659437,-2.4977797261514474
817,15.429811695827645,-2.5161481052820824
818,15.405963977423275,-2.534554934141762
819,15.382030690971748,-2.5529997849629154
820,15.358012000770973,-2.5714822290037285
821,15.333908071893507,-2.590001836557551
822,15.309719070188683,-2.608558176962318
823,15.285445162284866,-2.62715081861002
824,15.261086515591693,-2.645779328956183
825,15.236643298302349,-2.6644432745293924
826,15.212115679395902,-2.683142220940841
827,15.18750382863967,-2.7018757328939027
828,15.162807916591634,-2.7206433741937386
829,15.138028114602875,-2.739444707756931
830,15.113164594820068,-2.7582792956211475
831,15.088217530188025,-2.7771466989548275
832,15.06318709445225,-2.796046478066904
833,15.038073462161591,-2.814978192416547
834,15.01287680867085,-2.8339414006229435
835,14.987597310143546,-2.852935660475091
836,14.96223514355465,-2.871960528941632
837,14.9367904866934,-2.8910155621807103
838,14.911263518166136,-2.910100315549852
839,14.885654417399204,-2.9292143436158775
840,14.859963364641903,-2.948357200164839
841,14.834190540969525,-2.967528438211982
842,14.808336128286339,-2.9867276100117373
843,14.78240030932876,-3.005954267067734
844,14.756383267668477,-3.025207960142849
845,14.730285187715674,-3.0444882392692656
846,14.704106254722301,-3.063794653758572
847,14.677846654785386,-3.0831267522118804
848,14.651506574850437,-3.1024840825299727
849,14.62508620271489,-3.1218661919234645
850,14.598585727031573,-3.1412726269230054
851,14.572005337312314,-3.1607029333894943
852,14.545345223931527,-3.1801566565243267
853,14.518605578129945,-3.1996333408796565
854,14.491786592018318,-3.219132530368695
855,14.464888458581264,-3.238653768276022
856,14.437911371681148,-3.2581965972679283
857,14.410855526062033,-3.277760559402777
858,14.383721117353709,-3.297345196141392
859,14.356508342075756,-3.316950048357466
860,14.329217397641736,-3.336574656347994
861,14.301848482363434,-3.356218559843729
862,14.274401795455132,-3.3758812980196615
863,14.246877537038031,-3.3955624095055175
864,14.219275908144699,-3.4152614323962815
865,14.191597110723608,-3.43497790426274
866,14.163841347643784,-3.454711362162052
867,14.136008822699484,-3.474461342648332
868,14.10809974061499,-3.4942273817832596
869,14.080114307049481,-3.514009015146713
870,14.052052728602007,-3.5338057778474146
871,14.023915212816515,-3.5536172045336074
872,13.995701968186994,-3.573442829403745
873,13.967413204162707,-3.5932821862172006
874,13.939049131153515,-3.613134808305008
875,13.910609960535279,-3.6330002285806025
876,13.882095904655396,-3.652877979550601
877,13.853507176838392,-3.672767593325587
878,13.824843991391639,-3.692668601630925
879,13.79610656361117,-3.712580535817586
880,13.767295109787609,-3.732502926872998
881,13.738409847212179,-3.752435305431907
882,13.709450994182857,-3.7723772017872688
883,13.6804187700106,-3.7923281459011426
884,13.651313395025726,-3.8122876674156143
885,13.622135090584365,-3.8322552956637344
886,13.59288407907506,-3.852230559680474
887,13.563560583925478,-3.8722129882136884
888,13.534164829609233,-3.892202109735117
889,13.504697041652875,-3.912197452451379
890,13.47515744664292,-3.932198544314994
891,13.445546272233116,-3.9522049130354264
892,13.415863747151754,-3.972216086090132
893,13.386110101209159,-3.99223159073563
894,13.356285565305303,-4.012250954018583
895,13.326390371437565,-4.032273702786899
896,13.296424752708626,-4.0522993637008415
897,13.266388943334519,-4.072327463244163
898,13.236283178652812,-4.09235752773524
899,13.206107695130967,-4.112389083338238
900,13.175862730374817,-4.132421656074275
901,13.145548523137238,-4.1524547718326055
902,13.115165313326976,-4.172487956381824
903,13.084713342017604,-4.192520735381068
904,13.054192851456694,-4.212552634391243
905,13.023604085075092,-4.2325831788862605
906,12.992947287496463,-4.252611894264282
907,12.962222704546948,-4.272638305858981
908,12.931430583264996,-4.292661938950811
909,12.900571171911412,-4.312682318778295
910,12.869644719979584,-4.332698970549309
911,12.83865147820592,-4.352711419452398
912,12.807591698580424,-4.372719190668085
913,12.776465634357544,-4.392721809380196
914,12.745273540067178,-4.4127188007872
915,12.714015671525923,-4.432709690113552
916,12.682692285848475,-4.452694002621049
917,12.651303641459348,-4.472671263620198
918,12.61984999810472,-4.492640998481579
919,12.588331616864549,-4.512602732647241
920,12.556748760164941,-4.5325559916420834
921,12.525101691790685,-4.552500301085259
922,12.493390676898127,-4.572435186701578
923,12.4616159820282,-4.592360174332926
924,12.429777875119756,-4.612274789949683
925,12.397876625523157,-4.632178559662151
926,12.36591250401409,-4.652071009731992
927,12.333885782807702,-4.671951666583673
928,12.301796735572974,-4.691820056815903
929,12.26964563744738,-4.7116757072131
930,12.23743276505186,-4.731518144756842
931,12.205158396506027,-4.751346896637335
932,12.172822811443728,-4.771161490264883
933,12.140426291028888,-4.79096145328136
934,12.107969117971683,-4.810746313571693
935,12.075451576544985,-4.830515599275342
936,12.042873952601193,-4.8502688387977875
937,12.010236533589342,-4.8700055608220225
938,11.977539608572599,-4.889725294320041
939,11.944783468246062,-4.909427568564342
940,11.91196840495495,-4.929111913139425
941,11.879094712713146,-4.9487778579532895
942,11.846162687222073,-4.968424933248941
943,11.81317262589003,-4.988052669615897
944,11.78012482785181,-5.0076605980016895
945,11.74701959398882,-5.02724824972338
946,11.713857226949546,-5.046815156479057
947,11.680638031170382,-5.0663608503593585
948,11.647362312897021,-5.08588486385897
949,11.614030380206154,-5.105386729888137
950,11.580642543027656,-5.124865981784178
951,11.547199113167231,-5.144322153322986
952,11.513700404329509,-5.163754778730538
953,11.480146732141595,-5.183163392694399
954,11.446538414177164,-5.20254753037523
955,11.41287576998097,-5.221906727418286
956,11.379159121093915,-5.241240519964913
957,11.345388791078614,-5.260548444664049
958,11.311565105545505,-5.279830038683719
959,11.277688392179469,-5.299084839722518
960,11.24375898076704,-5.318312386021105
961,11.209777203224156,-5.3375122163736854
962,11.17574339362449,-5.356683870139483
963,11.141657888228398,-5.3758268872542265
964,11.107521025512426,-5.394940808241601
965,11.073333146199522,-5.4140251742247285
966,11.039094593289748,-5.433079526937621
967,11.004805712091802,-5.452103408736626
968,10.970466850255075,-5.471096362611886
969,10.93607835780245,-5.4900579321987655
970,10.901640587163778,-5.508987661789294
971,10.86715389321011,-5.527885096343585
972,10.832618633288584,-5.546749781501259
973,10.79803516725811,-5.565581263592852
974,10.763403857525818,-5.584379089651218
975,10.72872506908427,-5.603142807422923
976,10.693999169549494,-5.62187196537963
977,10.659226529199838,-5.640566112729475
978,10.624407521015629,-5.659224799428435
979,10.58954252071973,-5.677847576191684
980,10.554631906818981,-5.696433994504936
981,10.519676060646532,-5.714983606635787
982,10.484675366405087,-5.733495965645036
983,10.449630211211108,-5.751970625398001
984,10.414540985140015,-5.770407140575821
985,10.379408081272334,-5.788805066686746
986,10.34423189574089,-5.807163960077415
987,10.309012827779041,-5.825483377944129
988,10.27375127976999,-5.843762878344093
989,10.238447657297156,-5.862002020206667
990,10.203102369195726,-5.880200363344584
991,10.167715827605313,-5.898357468465167
992,10.132288448023788,-5.916472897181531
993,10.096820649362362,-5.934546212023756
994,10.061312854001882,-5.952576976450072
995,10.025765487850371,-5.9705647548580005
996,9.990178980401916,-5.988509112595494
997,9.954553764796882,-6.006409615972068
998,9.918890277883438,-6.024265832269896
999,9.88318896028057,-6.042077329754907
1000,9.847450256442466,-6.059843677687854
1001,9.811674614724382,-6.077564446335374
1002,9.775862487450064,-6.095239206981021
1003,9.740014330980683,-6.11286753193629
1004,9.704130605785354,-6.130448994551619
1005,9.668211776513292,-6.147983169227366
1006,9.632258312067655,-6.165469631424783
1007,9.596270685681082,-6.182907957676956
1008,9.560249374992992,-6.200297725599725
1009,9.524194862128699,-6.217638513902601
1010,9.48810763378036,-6.234929902399642
1011,9.451988181289835,-6.252171472020319
1012,9.415837000733488,-6.269362804820364
1013,9.379654593008974,-6.286503483992584
1014,9.343441463924094,-6.30359309387767
1015,9.307198124287748,-6.320631219974967
1016,9.27092509000304,-6.337617448953235
1017,9.234622882162608,-6.354551368661383
1018,9.198292027146197,-6.371432568139171
1019,9.161933056720615,-6.388260637627908
1020,9.12554650814205,-6.4050351685811036
1021,9.089132924260813,-6.421755753675117
1022,9.052692853628688,-6.438421986819763
1023,9.016226850608778,-6.455033463168906
1024,8.979735475488065,-6.471589779131018
1025,8.94321929459269,-6.488090532379732
1026,8.90667888040601,-6.504535321864334
1027,8.870114811689556,-6.520923747820267
1028,8.83352767360692,-6.537255411779582
1029,8.796918057850677,-6.553529916581379
1030,8.760286562772462,-6.569746866382202
1031,8.723633793516155,-6.585905866666426
1032,8.686960362154414,-6.602006524256611
1033,8.650266887828574,-6.61804844732381
1034,8.613553996891973,-6.634031245397881
1035,8.576822323056845,-6.649954529377734
1036,8.540072507544851,-6.665817911541586
1037,8.503305199241407,-6.681621005557148
1038,8.466521054853786,-6.697363426491816
1039,8.429720739073241,-6.713044790822807
1040,8.392904924741119,-6.728664716447281
1041,8.356074293019187,-6.744222822692422
1042,8.319229533564274,-6.759718730325494
1043,8.282371344707228,-6.775152061563856
1044,8.245500433636456,-6.790522440084958
1045,8.208617516586095,-6.805829491036296
1046,8.171723319028919,-6.821072841045339
1047,8.134818575874185,-6.836252118229414
1048,8.097904031670495,-6.851366952205568
1049,8.060980440813816,-6.8664169741004
1050,8.024048567760822,-6.881401816559839
1051,7.987109187247695,-6.896321113758902
1052,7.9501630845145,-6.911174501411429
1053,7.913211055535366,-6.9259616167797535
1054,7.87625390725452,-6.940682098684361
1055,7.839292457828445,-6.955335587513508
1056,7.802327536874256,-6.969921725232794
1057,7.765359985724467,-6.984440155394714
1058,7.7283906576883945,-6.998890523148156
1059,7.691420418320234,-7.013272475247876
1060,7.654450145694189,-7.027585660063931
1061,7.617480730686669,-7.041829727591071
1062,7.580513077265804,-7.056004329458099
1063,7.543548102788526,-7.0701091189371885
1064,7.506586738305363,-7.084143750953164
1065,7.469629928873158,-7.098107882092737
1066,7.432678633875938,-7.112001170613722
1067,7.395733827354189,-7.125823276454178
1068,7.358796498342664,-7.139573861241555
1069,7.321867651217048,-7.153252588301754
1070,7.284948306049701,-7.166859122668184
1071,7.248039498974649,-7.180393131090753
1072,7.211142282562132,-7.193854282044839
1073,7.174257726202981,-7.207242245740196
1074,7.137386916502998,-7.220556694129843
1075,7.100530957687667,-7.233797300918884
1076,7.063690972017459,-7.246963741573313
1077,7.026868100213973,-7.260055693328753
1078,6.990063501897207,-7.273072835199176
1079,6.953278356034277,-7.286014847985549
1080,6.916513861399798,-7.298881414284461
1081,6.879771237048293,-7.311672218496708
1082,6.843051722798916,-7.324386946835806
1083,6.806356579732747,-7.337025287336487
1084,6.769687090703033,-7.349586929863138
1085,6.733044560858663,-7.362071566118207
1086,6.696430318181158,-7.374478889650537
1087,6.659845714035591,-7.386808595863686
1088,6.623292123735656,-7.39906038202417
1089,6.58677094712332,-7.411233947269694
1090,6.550283609163296,-7.423328992617309
1091,6.5138315605527515,-7.435345220971524
1092,6.47741627834658,-7.44728233713239
1093,6.441039266598462,-7.459140047803516
1094,6.404702057018311,-7.47091806160005
1095,6.368406209646147,-7.482616089056598
1096,6.33215331354295,-7.494233842635121
1097,6.295944987498765,-7.505771036732744
1098,6.259782880758367,-7.517227387689561
1099,6.223668673764935,-7.5286026137963376
1100,6.187604078921901,-7.539896435302229
1101,6.1515908413734275,-7.5511085744223845
1102,6.11563073980381,-7.562238755345553
1103,6.0797255872561,-7.573286704241592
1104,6.043877231970253,-7.584252149268967
1105,6.008087558241087,-7.595134820582179
1106,5.972358487296375,-7.605934450339139
1107,5.936691978195293,-7.616650772708499
1108,5.901090028747465,-7.6272835238769305
1109,5.865554676452883,-7.637832442056342
1110,5.8300879994628785,-7.648297267491065
1111,5.794692117562322,-7.658677742464951
1112,5.759369193173201,-7.668973611308463
1113,5.724121432379767,-7.679184620405667
1114,5.68895108597524,-7.689310518201206
1115,5.653860450530173,-7.699351055207201
1116,5.618851869482575,-7.709305984010102
1117,5.583927734249579,-7.719175059277493
1118,5.549090485360697,-7.728958037764826
1119,5.514342613612564,-7.738654678322116
1120,5.479686661244808,-7.748264741900578
1121,5.44512522313695,-7.7577879915592
1122,5.410660948025916,-7.767224192471265
1123,5.376296539743746,-7.776573111930833
1124,5.34203475847505,-7.785834519359133
1125,5.307878422033571,-7.795008186310934
1126,5.273830407157229,-7.8040938864808425
1127,5.239893650820764,-7.813091395709539
1128,5.206071151565188,-7.822000491989965
1129,5.172365970842915,-7.830820955473464
1130,5.138781234377444,-7.839552568475835
1131,5.105320133536309,-7.84819511548336
1132,5.071985926715783,-7.856748383158755
1133,5.038781940735756,-7.865212160347073
1134,5.005711572242964,-7.873586238081538
1135,4.972778289120602,-7.881870409589328
1136,4.9399856319020845,-7.890064470297303
1137,4.907337215186633,-7.8981682178376635
1138,4.874836729053975,-7.906181452053558
1139,4.8424879404753405,-7.914103975004633
1140,4.810294694717616,-7.921935590972507
1141,4.778260916737297,-7.929676106466213
1142,4.746390612560504,-7.93732533022755
1143,4.714687870645137,-7.9448830732364
1144,4.683156863220863,-7.9523491487159745
1145,4.651801847602289,-7.959723372137987
1146,4.620627167470433,-7.967005561227795
1147,4.589637254117054,-7.974195535969452
1148,4.558836627646221,-7.981293118610713
1149,4.528229898126988,-7.98829813366798
1150,4.497821766690648,-7.995210407931177
1151,4.467617026565698,-8.002029770468566
1152,4.437620564043045,-8.008756052631513
1153,4.407837359363774,-8.015389088059175
1154,4.3782724875210794,-8.02192871268313
1155,4.3489311189677196,-8.028374764731948
1156,4.319818520219716,-8.034727084735708
1157,4.290940054346647,-8.040985515530423
1158,4.2623011813383345,-8.04714990226244
1159,4.233907458337276,-8.053220092392742
1160,4.205764539725701,-8.059195935701212
1161,4.177878177055642,-8.06507728429083
1162,4.150254218809918,-8.070863992591782
1163,4.122898609981609,-8.076555917365537
1164,4.0958173914590175,-8.082152917708855
1165,4.069016699202837,-8.087654855057693
1166,4.042502763201875,-8.093061593191111
1167,4.016281906193304,-8.098372998235059
1168,3.990360542133233,-8.103588938666123
1169,3.9647451744030526,-8.108709285315204
1170,3.9394423937370293,-8.113733911371133
1171,3.914458875856406,-8.118662692384214
1172,3.889801378795342,-8.123495506269716
1173,3.8654767399041217,-8.128232233311273
1174,3.8414918725152165,-8.132872756164259
1175,3.817853762258263,-8.137416959859058
1176,3.7945694630101774,-8.141864731804292
1177,3.771646092467483,-8.146215961789972
1178,3.749090827328484,-8.150470541990591
1179,3.7269108980738648,-8.154628366968149
1180,3.7051135833352484,-8.158689333675104
1181,3.683706203842519,-8.16265334145727
1182,3.662696115942097,-8.166520292056633
1183,3.642090704679917,-8.170290089614122
1184,3.6218973764445352,-8.173962640672283
1185,3.6021235511679586,-8.177537854177919
1186,3.5827766540836765,-8.181015641484642
1187,3.5638641070439303,-8.184395916355363
1188,3.54539331940071,-8.18767859496472
1189,3.5273716784576825,-8.190863595901426
1190,3.509806539503195,-8.193950840170576
1191,3.492705215437582,-8.196940251195848
1192,3.4760749660111214,-8.199831754821677
1193,3.459922986692456,-8.202625279315328
1194,3.4442563971907023,-8.205320755368929
1195,3.4290822296579875,-8.207918116101414
1196,3.4144074166027236,-8.210417297060411
1197,3.400238778547619,-8.212818236224061
1198,3.3865830114699285,-8.215120874002762
1199,3.373446674064947,-8.217325153240859
1200,3.3608361748772433,-8.219431019218248
1201,3.348757759347341,-8.221438419651927
1202,3.337217496824661,-8.22334730469747
1203,3.3262212676001983,-8.225157626950441
1204,3.3157747500152746,-8.226869341447731
1205,3.3058834077044965,-8.228482405668828
1206,3.296552477033116,-8.229996779537025
1207,3.2877869547902505,-8.231412425420556
1208,3.2795915862003526,-8.232729308133665
1209,3.271970853315663,-8.2339473949376
1210,3.2649289638522485,-8.235066655541544
1211,3.258469840531608,-8.236087062103481
1212,3.2525971109882947,-8.237008589230989
1213,3.2473140983024673,-8.237831213981961
1214,3.242623812213453,-8.23855491586526
1215,3.238528941067699,-8.239179676841315
1216,3.2350318445505795,-8.23970548132263
1217,3.232134547247578,-8.240132316174243
1218,3.229838733075622,-8.240460170714098
1219,3.2281457406202705,-8.240689036713361
1220,3.2270565594088954,-8.240818908396673
1221,3.2265718271441406,-8.240849782442304
1222,3.226691827915828,-8.24078165798229
1223,3.2274164914030603,-8.240614536602429
1224,3.2287453930717946,-8.240348422342299
1225,3.2306777553665738,-8.239983321695114
1226,3.23321244988858,-8.23951924360758
1227,3.236348000545642,-8.23895619947965
1228,3.2400825876536667,-8.23829420316422
1229,3.2444140529627177,-8.237533270966745
1230,3.2493399055754995,-8.236673421644813
1231,3.2548573287203313,-8.235714676407614
1232,3.260963187336003,-8.234657058915369
1233,3.267654036421342,-8.233500595278677
1234,3.2749261300983528,-8.232245314057792
1235,3.282775431334458,-8.230891246261843
1236,3.2911976222666084,-8.22943842534798
1237,3.3001881150675434,-8.227886887220437
1238,3.309742063293195,-8.226236670229548
1239,3.319854373648889,-8.224487815170688
1240,3.3305197181116006,-8.222640365283134
1241,3.341732546345684,-8.220694366248871
1242,3.3534870983498655,-8.21864986619133
1243,3.3657774172746335,-8.216506915674042
1244,3.3785973623505403,-8.214265567699249
1245,3.3919406218698684,-8.211925877706415
1246,3.4058007261665706,-8.2094879035707
1247,3.420171060541932,-8.206951705601348
1248,3.4350448780863796,-8.204317346540012
1249,3.450415312350952,-8.201584891559
1250,3.4662753898253533,-8.198754408259479
1251,3.482618042182962,-8.195825966669586
1252,3.499436118256614,-8.192799639242487
1253,3.5167223957126597,-8.189675500854346
1254,3.5344695923945095,-8.186453628802264
1255,3.5526703773101103,-8.18313410280211
1256,3.571317381241692,-8.17971700498632
1257,3.59040320695926,-8.176202419901598
1258,3.6099204390227797,-8.172590434506567
1259,3.629861653161046,-8.168881138169356
1260,3.6502194252182996,-8.1650746226651
1261,3.670986339662432,-8.161170982173408
1262,3.6921549976514023,-8.15717031327572
1263,3.713718024656725,-8.153072714952629
1264,3.735668077645435,-8.148878288581127
1265,3.7579978518237382,-8.144587137931788
1266,3.7807000869476735,-8.140199369165872
1267,3.8037675732076366,-8.135715090832377
1268,3.827193156695139,-8.131134413865022
1269,3.850969744461627,-8.126457451579153
1270,3.8750903091800417,-8.121684319668597
1271,3.899547893421084,-8.116815136202446
1272,3.924335613556754,-8.111850021621763
1273,3.949446663304422,-8.106789098736245
1274,3.9748743169252867,-8.101632492720805
1275,4.000611932091401,-8.09638033111208
1276,4.026652952435701,-8.091032743804904
1277,4.052990909799709,-8.085589863048689
1278,4.0796194261935925,-8.080051823443743
1279,4.106532215483252,-8.074418761937535
1280,4.1337230848189455,-8.068690817820904
1281,4.161185935819951,-8.062868132724162
1282,4.188914765529325,-8.056950850613175
1283,4.216903667152664,-8.050939117785372
1284,4.245146830594393,-8.044833082865667
1285,4.2736385428048,-8.038632896802344
1286,4.302373187950457,-8.032338712862861
1287,4.331345247420457,-8.025950686629598
1288,4.360549299680341,-8.019468975995538
1289,4.38998001998509,-8.012893741159898
1290,4.419632179962152,-8.006225144623661
1291,4.449500647074951,-7.999463351185097
1292,4.479580383976943,-7.992608527935177
1293,4.509866447765555,-7.985660844252941
1294,4.540353989145228,-7.978620471800815
1295,4.571038251507943,-7.97148758451984
1296,4.601914569939435,-7.964262358624868
1297,4.632978370158674,-7.9569449725996675
1298,4.664225167397819,-7.94953560719199
1299,4.6956505652293865,-7.942034445408563
1300,4.727250254347049,-7.9344416725100295
1301,4.759020011305858,-7.926757476005811
1302,4.79095569722765,-7.918982045648934
1303,4.823053256476616,-7.911115573430773
1304,4.855308715310022,-7.903158253575742
1305,4.887718180508456,-7.895110282535932
1306,4.920277837989846,-7.886971858985675
1307,4.952983951411048,-7.878743183816065
1308,4.985832860760597,-7.870424460129392
1309,5.018820980945874,-7.862015893233553
1310,5.051944800377723,-7.853517690636377
1311,5.085200879555338,-7.844930062039892
1312,5.118585849653827,-7.836253219334552
1313,5.152096411116938,-7.827487376593382
1314,5.185729332256885,-7.8186327500660875
1315,5.219481447863328,-7.809689558173075
1316,5.253349657823153,-7.800658021499455
1317,5.2873309257526335,-7.791538362788957
1318,5.321422277643344,-7.782330806937788
1319,5.355620800523175,-7.7730355809884495
1320,5.389923641133415,-7.763652914123493
1321,5.424328004622996,-7.754183037659206
1322,5.458831153260714,-7.7446261850392535
1323,5.49343040516615,-7.734982591828264
1324,5.528123133060018,-7.725252495705348
1325,5.562906763034421,-7.715436136457575
1326,5.597778773343456,-7.705533755973389
1327,5.632736693214646,-7.695545598235956
1328,5.6677781016814315,-7.6854719093164805
1329,5.702900626436935,-7.675312937367451
1330,5.738101942709262,-7.6650689326158306
1331,5.7733797721583855,-7.6547401473562005
1332,5.808731881794668,-7.6443268359438425
1333,5.844156082919091,-7.633829254787781
1334,5.879650230085111,-7.623247662343745
1335,5.915212220082111,-7.61258231910711
1336,5.950839990940319,-7.601833487605758
1337,5.986531520957037,-7.5910014323929005
1338,6.02228482774409,-7.58008642003985
1339,6.058097967296205,-7.569088719128725
1340,6.093969033080156,-7.558008600245122
1341,6.129896155144459,-7.546846335970715
1342,6.165877499249281,-7.535602200875827
1343,6.201911266016396,-7.524276471511931
1344,6.237995690098829,-7.512869426404104
1345,6.2741290393698845,-7.50138134604344
1346,6.310309614131329,-7.489812512879403
1347,6.346535746340324,-7.4781632113121335
1348,6.382805798854825,-7.466433727684699
1349,6.419118164697132,-7.454624350275312
1350,6.455471266335229,-7.442735369289477
1351,6.491863554981546,-7.430767076852103
1352,6.5282935099089165,-7.41871976699956
1353,6.564759637783247,-7.406593735671699
1354,6.601260472012652,-7.394389280703801
1355,6.637794572112677,-7.382106701818501
1356,6.674360523087252,-7.369746300617667
1357,6.710956934825088,-7.357308380574189
1358,6.747582441511128,-7.344793247023786
1359,6.78423570105271,-7.332201207156715
1360,6.820915394520189,-7.319532570009457
1361,6.857620225601557,-7.306787646456346
1362,6.894348920070863,-7.293966749201168
1363,6.931100225270069,-7.281070192768697
1364,6.967872909603943,-7.268098293496194
1365,7.004665762047826,-7.25505136952486
1366,7.04147759166783,-7.241929740791257
1367,7.078307227153241,-7.228733729018653
1368,7.115153516360798,-7.21546365770835
1369,7.152015325870573,-7.202119852130978
1370,7.188891540553149,-7.188702639317705
1371,7.225781063147814,-7.175212348051439
1372,7.262682813851498,-7.16164930885798
1373,7.2995957299182095,-7.148013853997119
1374,7.336518765268659,-7.134306317453709
1375,7.373450890109801,-7.120527034928679
1376,7.410391090564136,-7.106676343830023
1377,7.447338368308411,-7.092754583263738
1378,7.484291740221519,-7.07876209402472
1379,7.521250238041393,-7.064699218587621
1380,7.55821290803058,-7.050566301097682
1381,7.595178810650392,-7.036363687361488
1382,7.63214702024325,-7.022091724837736
1383,7.669116624723157,-7.007750762627904
1384,7.706086725274011,-6.993341151466941
1385,7.743056436055539,-6.978863243713872
1386,7.780024883916733,-6.964317393342388
1387,7.8169912081164465,-6.949703955931397
1388,7.853954560051151,-6.935023288655525
1389,7.89091410298948,-6.920275750275595
1390,7.927869011813532,-6.9054617011290595
1391,7.964818472766621,-6.890581503120405
1392,8.001761683207443,-6.875635519711505
1393,8.038697851370326,-6.860624115911948
1394,8.075626196131577,-6.845547658269342
1395,8.112545946781625,-6.830406514859555
1396,8.149456342802857,-6.815201055276941
1397,8.186356633653059,-6.799931650624536
1398,8.223246078554137,-6.784598673504192
1399,8.26012394628623,-6.769202498006713
1400,8.296989514986826,-6.753743499701931
1401,8.333842071954923,-6.7382220556287615
1402,8.370680913459994,-6.72263854428522
1403,8.407505344555704,-6.706993345618411
1404,8.444314678898179,-6.691286841014482
1405,8.48110823856879,-6.67551941328854
1406,8.51788535390128,-6.659691446674554
1407,8.554645363313075,-6.6438033268152115
1408,8.591387613140824,-6.627855440751734
1409,8.628111457479838,-6.611848176913697
1410,8.664816258027534,-6.595781925108784
1411,8.701501383930644,-6.579657076512529
1412,8.738166211636118,-6.563474023658029
1413,8.774810124745683,-6.547233160425619
1414,8.811432513873877,-6.530934882032528
1415,8.848032776509541,-6.514579585022497
1416,8.88461031688058,-6.4981676672553785
1417,8.921164545822048,-6.481699527896702
1418,8.957694880647358,-6.465175567407215
1419,8.994200745022553,-6.448596187532392
1420,9.030681568843622,-6.431961791291925
1421,9.067136788116684,-6.415272782969179
1422,9.103565844841068,-6.398529568100632
1423,9.139968186895112,-6.3817325534652785
1424,9.176343267924699,-6.364882147074008
1425,9.212690547234422,-6.347978758158972
1426,9.249009489681297,-6.3310227971629125
1427,9.285299565570952,-6.314014675728471
1428,9.321560250556297,-6.296954806687471
1429,9.357791025538523,-6.2798436040501855
1430,9.393991376570433,-6.262681482994567
1431,9.430160794761985,-6.24546885985547
1432,9.466298776188083,-6.22820615211384
1433,9.502404821798455,-6.210893778385885
1434,9.538478437329632,-6.193532158412222
1435,9.574519133218967,-6.176121713047009
1436,9.610526424520623,-6.158662864247042
1437,9.646499830823457,-6.141156035060849
1438,9.682438876170831,-6.12360164961775
1439,9.718343088982238,-6.106000133116906
1440,9.7542120019767,-6.088351911816334
1441,9.79004515209791,-6.07065741302192
1442,9.82584208044109,-6.052917065076408
1443,9.861602332181468,-6.035131297348356
1444,9.897325456504419,-6.017300540221099
1445,9.933011006537132,-5.999425225081663
1446,9.968658539281824,-5.9815057843096975
1447,10.004267615550473,-5.963542651266354
1448,10.039837799900967,-5.945536260283178
1449,10.07536866057473,-5.9274870466509615
1450,10.110859769435685,-5.909395446608594
1451,10.146310701910606,-5.891261897331888
1452,10.181721036930767,-5.873086836922403
1453,10.2170903568749,-5.854870704396229
1454,10.252418247513395,-5.836613939672784
1455,10.28770429795373,-5.818316983563575
1456,10.3229481005871,-5.799980277760956
1457,10.358149251036215,-5.78160426482687
1458,10.393307348104232,-5.763189388181574
1459,10.428421993724807,-5.744736092092353
1460,10.463492792913215,-5.726244821662225
1461,10.49851935371856,-5.707716022818621
1462,10.533501287176975,-5.689150142302076
1463,10.568438207265872,-5.6705476276548765
1464,10.603329730859166,-5.651908927209726
1465,10.638175477683431,-5.63323449007838
1466,10.672975070275049,-5.614524766140283
1467,10.707728133938218,-5.595780206031179
1468,10.74243429670389,-5.577001261131731
1469,10.777093189289564,-5.558188383556115
1470,10.81170444505998,-5.539342026140615
1471,10.84626769998856,-5.5204626424322045
1472,10.880782592619731,-5.501550686677111
1473,10.915248764032027,-5.482606613809389
1474,10.949665857801953,-5.463630879439474
1475,10.98403351996863,-5.444623939842728
1476,11.01835139899912,-5.42558625194798
1477,11.052619145754589,-5.406518273326061
1478,11.08683641345706,-5.387420462178327
1479,11.121002857656912,-5.3682932773251855
1480,11.155118136201047,-5.349137178194601
1481,11.189181909201718,-5.329952624810609
1482,11.223193839006008,-5.31074007778181
1483,11.257153590165885,-5.291499998289878
1484,11.29106082940896,-5.2722328480780405
1485,11.324915225609786,-5.252939089439574
1486,11.358716449761733,-5.233619185206284
1487,11.392464174949497,-5.214273598736981
1488,11.42615807632211,-5.194902793905966
1489,11.459797831066528,-5.175507235091488
1490,11.493383118381754,-5.156087387164226
1491,11.526913619453486,-5.136643715475751
1492,11.560389017429252,-5.117176685846987
1493,11.59380899739408,-5.097686764556679
1494,11.627173246346644,-5.078174418329846
1495,11.660481453175878,-5.058640114326254
1496,11.69373330863809,-5.039084320128855
1497,11.726928505334488,-5.0195075037322585
1498,11.760066737689192,-4.999910133531188
1499,11.79314770192766,-4.980292678308926
1500,11.82617109605557,-4.960655607225785
1501,11.859136619838084,-4.94099938980756
1502,11.892043974779543,-4.9213244959339795
1503,11.924892864103587,-4.901631395827178
1504,11.957682992733595,-4.8819205600401485
1505,11.990414067273615,-4.862192459445205
1506,12.023085795989537,-4.84244756522245
1507,12.055697888790778,-4.822686348848243
1508,12.088250057212205,-4.802909282083666
1509,12.120742014396473,-4.783116836963
1510,12.153173475076688,-4.763309485782195
1511,12.185544155559425,-4.7434877010873615
1512,12.217853773708049,-4.7236519556632395
1513,12.250102048926381,-4.703802722521696
1514,12.282288702142656,-4.683940474890214
1515,12.31441345579381,-4.66406568620039
1516,12.346476033810076,-4.6441788300764335
1517,12.378476161599831,-4.624280380323678
1518,12.410413566034814,-4.604370810917093
1519,12.442287975435526,-4.5844505959898
1520,12.474099119556993,-4.564520209821602
1521,12.505846729574758,-4.544580126827512
1522,12.537530538071158,-4.524630821546294
1523,12.569150279021855,-4.504672768629008
1524,12.600705687782588,-4.484706442827558
1525,12.632196501076255,-4.464732318983264
1526,12.663622456980148,-4.444750872015421
1527,12.694983294913515,-4.424762576909877
1528,12.726278755625279,-4.404767908707625
1529,12.757508581182055,-4.384767342493391
1530,12.78867251495631,-4.364761353384242
1531,12.819770301614842,-4.344750416518193
1532,12.850801687107412,-4.324735007042836
1533,12.881766418655577,-4.304715600103969
1534,12.912664244741793,-4.284692670834242
1535,12.943494915098661,-4.264666694341804
1536,12.974258180698397,-4.244638145698973
1537,13.0049537937425,-4.22460749993091
1538,13.035581507651596,-4.204575232004305
1539,13.0661410770555,-4.18454181681607
1540,13.096632257783407,-4.164507729182059
1541,13.127054806854327,-4.144473443825782
1542,13.157408482467657,-4.12443943536714
1543,13.187693043993924,-4.104406178311177
1544,13.217908251965726,-4.084374147036836
1545,13.248053868068807,-4.0643438157857315
1546,13.278129655133299,-4.0443156586509375
1547,13.308135377125176,-4.024290149565789
1548,13.33807079913776,-4.004267762292693
1549,13.367935687383492,-3.9842489704119637
1550,13.397729809185774,-3.9642342473106544
1551,13.42745293297099,-3.9442240661714254
1552,13.45710482826068,-3.924218899961411
1553,13.486685265663848,-3.904219221421112
1554,13.516194016869369,-3.884225503053292
1555,13.545630854638611,-3.864238217111904
1556,13.574995552798113,-3.8442578355910197
1557,13.604287886232447,-3.824284830213788
1558,13.633507630877192,-3.8043196724213915
1559,13.662654563712003,-3.7843628333620427
1560,13.69172846275386,-3.764414783879981
1561,13.720729107050392,-3.7444759945044876
1562,13.749656276673349,-3.7245469354389265
1563,13.778509752712168,-3.7046280765497985
1564,13.807289317267667,-3.6847198873558087
1565,13.835994753445846,-3.664822837016963
1566,13.864625845351803,-3.6449373943236685
1567,13.893182378083736,-3.625064027685867
1568,13.921664137727092,-3.6052032051221774
1569,13.950070911348787,-3.585355394249064
1570,13.97840248699153,-3.565521062270015
1571,14.006658653668264,-3.545700675964752
1572,14.034839201356684,-3.5258947016784514
1573,14.062943920993863,-3.506103605310987
1574,14.090972604470986,-3.4863278523061947
1575,14.118925044628146,-3.4665679076411586
1576,14.146801035249233,-3.446824235815513
1577,14.174600371056961,-3.4270973008407664
1578,14.20232284770791,-3.4073875662296587
1579,14.22996826178772,-3.3876954949855165
1580,14.257536410806322,-3.3680215495916492
1581,14.28502709319327,-3.3483661920007615
1582,14.31244010829315,-3.328729883624386
1583,14.339775256361078,-3.3091130853223376
1584,14.367032338558289,-3.2895162573921914
1585,14.394211156947724,-3.269939859558787
1586,14.421311514489828,-3.2503843509637482
1587,14.448333215038287,-3.2308501901550306
1588,14.475276063335917,-3.211337835076492
1589,14.502139865010607,-3.1918477430574863
1590,14.52892442657133,-3.1723803708024776
1591,14.555629555404192,-3.152936174380685
1592,14.582255059768615,-3.1335156092157432
1593,14.60880074879354,-3.114119130075393
1594,14.635266432473674,-3.0947471910611966
1595,14.66165192166586,-3.0754002455982725
1596,14.68795702808547,-3.0560787464250594
1597,14.714181564302862,-3.0367831455831054
1598,14.740325343739922,-3.017513894406878
1599,14.766388180666612,-2.9982714435136053
1600,14.792369890197662,-2.97905624279314
1601,14.818270288289224,-2.9598687413978446
1602,14.844089191735646,-2.940709387732514
1603,14.869826418166278,-2.9215786294443116
1604,14.895481786042344,-2.902476913412739
1605,14.921055114653843,-2.883404685739633
1606,14.946546224116528,-2.8643623917391836
1607,14.971954935368942,-2.8453504759279835
1608,14.997281070169448,-2.8263693820151023
1609,15.022524451093389,-2.8074195528921915
1610,15.047684901530246,-2.788501430623611
1611,15.072762245680835,-2.7696154564365876
1612,15.09775630855459,-2.7507620707114016
1613,15.122666915966867,-2.731941712971597
1614,15.147493894536314,-2.7131548218742245
1615,15.172237071682256,-2.6944018352001082
1616,15.196896275622107,-2.675683189844148
1617,15.221471335368921,-2.6569993218056407
1618,15.245962080728866,-2.6383506661786367
1619,15.270368342298818,-2.619737657142325
1620,15.294689951463967,-2.601160727951446
1621,15.318926740395476,-2.582620310926729
1622,15.343078542048133,-2.5641168374453724
1623,15.36714519015813,-2.545650737931536
1624,15.39112651924079,-2.527222441846876
1625,15.415022364588394,-2.508832377681105
1626,15.438832562267995,-2.4904809729425827
1627,15.462556949119318,-2.4721686541489363
1628,15.486195362752671,-2.4538958468177086
1629,15.509747641546856,-2.435662975457046
1630,15.53321362464719,-2.4174704635564033
1631,15.556593151963504,-2.3993187335772905
1632,15.57988606416818,-2.381208206944047
1633,15.603092202694233,-2.3631393040346422
1634,15.62621140973343,-2.3451124441715154
1635,15.649243528234422,-2.327128045612441
1636,15.67218840190092,-2.3091865255414272
1637,15.695045875189903,-2.2912883000596462
1638,15.717815793309851,-2.2734337841763974
1639,15.740498002218978,-2.255623391800099
1640,15.763092348623557,-2.2378575357293147
1641,15.785598679976232,-2.2201366276438117
1642,15.808016844474349,-2.202461078095652
1643,15.830346691058343,-2.1848312965003127
1644,15.852588069410134,-2.1672476911278427
1645,15.874740829951548,-2.1497106690940497
1646,15.896804823842778,-2.132220636351722
1647,15.918779902980853,-2.1147779976818804
1648,15.940665919998155,-2.0973831566850656
1649,15.962462728260926,-2.080036515772657
1650,15.984170181867846,-2.062738476158227
1651,16.005788135648576,-2.045489437848927
1652,16.02731644516238,-2.028289799636906
1653,16.048754966696748,-2.011139959090767
1654,16.07010355726602,-1.9940403125470496
1655,16.091362074610085,-1.976991255101757
1656,16.112530377193025,-1.9599931806019064
1657,16.13360832420187,-1.9430464816371211
1658,16.154595775545292,-1.9261515495312524
1659,16.17549259185239,-1.9093087743340387
1660,16.196298634471425,-1.8925185448127981
1661,16.217013765468643,-1.875781248444152
1662,16.237637847627084,-1.8590972714057927
1663,16.258170744445394,-1.8424669985682733
1664,16.27861232013668,-1.8258908134868426
1665,16.298962439627402,-1.8093690983933113
1666,16.319220968556237,-1.792902234187951
1667,16.339387773273,-1.7764906004314336
1668,16.359462720837538,-1.7601345753368016
1669,16.379445679018716,-1.7438345357614737
1670,16.39933651629332,-1.7275908571992913
1671,16.4191351018451,-1.7114039137725923
1672,16.43884130556371,-1.695274078224329
1673,16.45845499804373,-1.6792017219102156
1674,16.477976050583685,-1.6631872147909144
1675,16.49740433518512,-1.6472309254242565
1676,16.516739724551602,-1.631333220957502
1677,16.535982092087817,-1.6154944671196307
1678,16.55513131189868,-1.599715028213674
1679,16.574187258788395,-1.5839952671090818
1680,16.593149808259597,-1.5683355452341234
1681,16.61201883651248,-1.552736222568329
1682,16.63079422044392,-1.5371976576349635
1683,16.649475837646662,-1.5217202074935423
1684,16.668063566408467,-1.5063042277323766
1685,16.686557285711334,-1.4909500724611637
1686,16.704956875230643,-1.4756580943036077
1687,16.723262215334415,-1.460428644390081
1688,16.741473187082516,-1.445262072350321
1689,16.759589672225903,-1.430158726306165
1690,16.77761155320585,-1.415118952864322
1691,16.79553871315325,-1.400143097109182
1692,16.81337103588784,-1.3852315025956632
1693,16.83110840591753,-1.3703845113420938
1694,16.848750708437674,-1.355602463823136
1695,16.866297829330385,-1.3408856989627456
1696,16.883749655163847,-1.3262345541271667
1697,16.901106073191663,-1.3116493651179677
1698,16.91836697135219,-1.2971304661651148
1699,16.935532238267875,-1.2826781899200814
1700,16.95260176324464,-1.2682928674489973
1701,16.96957543627123,-1.2539748282258347
1702,16.986453148018633,-1.2397244001256347
1703,17.003234789839425,-1.2255419094177675
1704,17.01992025376722,-1.2114276807592366
1705,17.036509432516063,-1.1973820371880153
1706,17.053002219479822,-1.1834053001164282
1707,17.069398508731673,-1.169497789324565
1708,17.08569819502351,-1.1556598229537358
1709,17.101901173785386,-1.1418917174999663
1710,17.118007341124997,-1.1281937878075277
1711,17.134016593827155,-1.114566347062509
1712,17.149928829353215,-1.101009706786426
1713,17.165743945840592,-1.0875241768298711
1714,17.18146184210228,-1.0741100653661986
1715,17.197082417626305,-1.0607676788852518
1716,17.21260557257526,-1.0474973221871293
1717,17.228031207785826,-1.0342992983759873
1718,17.24335922476828,-1.021173908853885
1719,17.258589525706036,-1.0081214533146645
1720,17.273722013455192,-0.9951422297378766
1721,17.288756591544058,-0.9822365343827374
1722,17.30369316417274,-0.969404661782131
1723,17.31853163621268,-0.9566469047366488
1724,17.33327191320623,-0.9439635543086686
1725,17.347913901366226,-0.9313548998164722
1726,17.362457507575602,-0.9188212288284041
1727,17.376902639386923,-0.9063628271570695
1728,17.391249205022028,-0.8939799788535698
1729,17.405497113371624,-0.8816729662017809
1730,17.419646273994882,-0.8694420697126694
1731,17.433696597119056,-0.8572875681186477
1732,17.447647993639116,-0.8452097383679711
1733,17.461500375117385,-0.8332088556191726
1734,17.47525365378315,-0.8212851932355385
1735,17.48890774253231,-0.8094390227796253
1736,17.50246255492703,-0.7976706140078134
1737,17.51591800519538,-0.7859802348649029
1738,17.529274008231024,-0.7743681514787495
1739,17.542530479592834,-0.7628346281549397
1740,17.55568733550461,-0.7513799273715058
1741,17.568744492854723,-0.7400043097736821
1742,17.5817018691958,-0.7287080341687007
1743,17.59455938274442,-0.7174913575206272
1744,17.60731695238079,-0.7063545349452376
1745,17.619974497648435,-0.6952978197049339
1746,17.632531938753942,-0.6843214632037014
1747,17.644989196566613,-0.6734257149821058
1748,17.65734619261819,-0.6626108227123315
1749,17.66960284910261,-0.6518770321932575
1750,17.681759088875648,-0.6412245873455782
1751,17.69381483545471,-0.6306537302069606
1752,17.705770013018522,-0.6201647009272441
1753,17.7176245464069,-0.6097577377636806
1754,17.729378361120435,-0.5994330770762148
1755,17.741031383320287,-0.589190953322805
1756,17.75258353982791,-0.5790315990547846
1757,17.764034758124804,-0.5689552449122646
1758,17.77538496635224,-0.5589621196195773
1759,17.78663409331108,-0.5490524499807584
1760,17.797782068461494,-0.5392264608750723
1761,17.808828821922745,-0.5294843752525772
1762,17.81977428447296,-0.5198264141297303
1763,17.83061838754888,-0.5102527965850356
1764,17.84136106324568,-0.5007637397547307
1765,17.852002244316722,-0.4913594588285147
1766,17.862541864173345,-0.4820401670453182
1767,17.872979856884662,-0.47280607568911337
1768,17.88331615717734,-0.46365739408476475
1769,17.893550700435423,-0.4545943295939206
1770,17.903683422700098,-0.4456170876109474
1771,17.913714260669515,-0.4367258715589023
1772,17.92364315169861,-0.4279208828855484
1773,17.93347003379888,-0.4192023210594113
1774,17.94319484563824,-0.4105703835658749
1775,17.952817526540784,-0.40202526590332094
1776,17.962338016486655,-0.3935671615793068
1777,17.971756256111835,-0.3851962621067866
1778,17.98107218670801,-0.3769127570003716
1779,17.99028575022234,-0.36871683377263376
1780,17.999396889257348,-0.36060867793044865
1781,18.00840554707073,-0.35258847297137996
1782,18.017311667575175,-0.3446564003801068
1783,18.02611519533823,-0.3368126396248894
1784,18.03481607558216,-0.329057368154078
1785,18.043414254183748,-0.3213907613926628
1786,18.05190967767417,-0.3138129927388644
1787,18.060302293238852,-0.3063242335607665
1788,18.06859204871731,-0.2989246531929883
1789,18.076778892603024,-0.29161441893339995
1790,18.084862774043273,-0.2843936960398786
1791,18.092843642839014,-0.27726264772710535
1792,18.100721449444745,-0.270221435163404
1793,18.10849614496838,-0.263270217467621
1794,18.116167681171092,-0.25640915170604694
1795,18.123736010467223,-0.24963839288937867
1796,18.131201085924097,-0.24295809396972462
1797,18.138562861261985,-0.23636840583764884
1798,18.145821290853902,-0.22986947731925858
1799,18.152976329725536,-0.22346145517333252
1800,18.160027933555096,-0.2171444840884907
1801,18.166976058673246,-0.21091870668040488
1802,18.17382066206295,-0.2047842634890516
1803,18.18056170135937,-0.1987412929760065
1804,18.18719913484978,-0.19278993152177887
1805,18.193732921473426,-0.1869303134231897
1806,18.200163020821464,-0.18116257089078883
1807,18.206489393136813,-0.17548683404631596
1808,18.212711999314088,-0.16990323092020165
1809,18.218830800899504,-0.16441188744910945
1810,18.224845760090748,-0.1590129274735216
1811,18.23075683973691,-0.15370647273536392
1812,18.236564003338383,-0.14849264287567387
1813,18.242267215046805,-0.14337155543230837
1814,18.247866439664897,-0.1383433258376962
1815,18.25336164264646,-0.13340806741662808
1816,18.25875279009624,-0.1285658913840911
1817,18.26403984876985,-0.12381690684314399
1818,18.269222786073716,-0.11916122078283342
1819,18.274301570064964,-0.11459893807615244
1820,18.279276169451368,-0.11013016147803995
1821,18.284146553591263,-0.10575499162342257
1822,18.28891269249347,-0.1014735270252973
1823,18.293574556817227,-0.09728586407285579
1824,18.298132117872132,-0.09319209702965088
1825,18.302585347618038,-0.08919231803180423
1826,18.306934218665045,-0.08528661708625511
1827,18.311178704273363,-0.08147508206905199
1828,18.31531877835331,-0.07775779872368471
1829,18.3193544154652,-0.07413485065945845
1830,18.323285590819335,-0.07060631934990934
1831,18.327112280275905,-0.06717228413126218
1832,18.33083446034494,-0.06383282220092892
1833,18.334452108186255,-0.06058800861604975
1834,18.337965201609403,-0.05743791629207458
1835,18.341373719073633,-0.05438261600138687
1836,18.3446776396878,-0.05142217637196949
1837,18.347876943210345,-0.048556663886111434
1838,18.350971610049246,-0.045786142879156284
1839,18.353961621261952,-0.04311067553829291
1840,18.35684695855537,-0.04053032190138673
1841,18.359627604285784,-0.038045139855853734
1842,18.36230354145884,-0.0356551851375751
1843,18.364874753729495,-0.033360511329854396
1844,18.367341225401983,-0.03116116986241567
1845,18.36970294142975,-0.029057210010444055
1846,18.371959887415464,-0.027048678893666158
1847,18.374112049610932,-0.025135621475474827
1848,18.3761594149171,-0.02331808056209285
1849,18.378101970884018,-0.021596096801779884
1850,18.379939705710786,-0.019969708684080833
1851,18.381672608245527,-0.01843895253911557
1852,18.3833006679854,-0.017003862536909765
1853,18.38482387507651,-0.01566447068676893
1854,18.386242220313918,-0.014420806836692257
1855,18.38755569514164,-0.01327289867282895
1856,18.388764291652564,-0.012220771718976453
1857,18.38986800258848,-0.011264449336119841
1858,18.390866821340033,-0.010403952722012964
1859,18.3917607419467,-0.00963930091080144
1860,18.3925497590968,-0.008970510772686426
1861,18.393233868127453,-0.008397597013631105
1862,18.393813065024574,-0.007920572175108243
1863,18.39428734642284,-0.007539446633889504
1864,18.394656709605723,-0.007254228601875582
1865,18.394921152505436,-0.007064924125969472
1866,18.395080673702928,-0.006971537087990427
1867,18.395135272427893,-0.006974069204628944
1868,18.39508494855877,-0.007072520027444198
1869,18.394929702622697,-0.007266886942903634
1870,18.394669535795547,-0.007557165172462247
1871,18.394304449901895,-0.007943347772685384
1872,18.393834447415042,-0.008425425635412109
1873,18.393259531456987,-0.009003387487960219
1874,18.392579705798465,-0.009677219893372963
1875,18.391794974858907,-0.010446907250707672
1876,18.390905343706454,-0.011312431795365516
1877,18.389910818058,-0.012273773599462577
1878,18.388811404279135,-0.013330910572243539
1879,18.387607109384213,-0.014483818460535583
1880,18.386297941036318,-0.015732470849244815
1881,18.384883907547287,-0.017076839161894133
1882,18.38336501787772,-0.018516892661202242
1883,18.381741281637,-0.020052598449704168
1884,18.380012709083303,-0.02168392147041396
1885,18.37817931112362,-0.02341082450752795
1886,18.37624109931375,-0.02523326818717083
1887,18.374198085858332,-0.027151210978182065
1888,18.372050283610886,-0.029164609192944
1889,18.369797706073786,-0.031273416988252506
1890,18.36744036739834,-0.03347758636622724
1891,18.364978282384776,-0.035777067175265395
1892,18.362411466482257,-0.038171807111035884
1893,18.359739935788937,-0.040661751717515286
1894,18.356963707051978,-0.04324684438806441
1895,18.354082797667573,-0.045927026366548045
1896,18.351097225680988,-0.04870223674849439
1897,18.34800700978658,-0.05157241248229765
1898,18.344812169327852,-0.05453748837046002
1899,18.34151272429745,-0.057597397070877465
1900,18.338108695337247,-0.060752069098164996
1901,18.334600103738357,-0.06400143282502395
1902,18.330986971441167,-0.06734541448365167
1903,18.327269321035384,-0.07078393816719133
1904,18.323447175760094,-0.07431692583122325
1905,18.31952055950378,-0.07794429729529875
1906,18.315489496804382,-0.08166597024451412
1907,18.31135401284935,-0.08548186023112649
1908,18.30711413347569,-0.08939188067621094
1909,18.302769885169997,-0.09339594287135965
1910,18.298321295068526,-0.09749395598042133
1911,18.29376839095724,-0.10168582704128257
1912,18.289111201271872,-0.10597146096769036
1913,18.284349755097974,-0.11035076055111649
1914,18.27948408217097,-0.11482362646266242
1915,18.27451421287623,-0.11938995725500567
1916,18.269440178249134,-0.1240496493643881
1917,18.26426200997512,-0.1288025971126448
1918,18.258979740389755,-0.13364869270927487
1919,18.25359340247882,-0.1385878262535524
1920,18.24810302987836,-0.14361988573668005
1921,18.242508656874744,-0.14874475704398335
1922,18.23681031840478,-0.15396232395714518
1923,18.231008050055756,-0.15927246815648305
1924,18.225101888065534,-0.16467506922326708
1925,18.219091869322597,-0.17017000464207913
1926,18.212978031366177,-0.17575714980321241
1927,18.206760412386302,-0.1814363780051132
1928,18.200439051223892,-0.1872075604568637
1929,18.19401398737086,-0.1930705662807052
1930,18.187485260970156,-0.19902526251460362
1931,18.180852912815926,-0.20507151411485447
1932,18.174116984353546,-0.21120918395873095
1933,18.167277517679743,-0.21743813284717162
1934,18.16033455554268,-0.22375821950750982
1935,18.153288141342067,-0.23016930059624374
1936,18.14613831912927,-0.23667123070184762
1937,18.13888513360738,-0.2432638623476254
1938,18.131528630131374,-0.2499470459946021
1939,18.12406885470815,-0.25672063004446044
1940,18.116505853996692,-0.2635844608425148
1941,18.108839675308193,-0.27053838268072794
1942,18.101070366606113,-0.27758223780076874
1943,18.093197976506346,-0.2847158663971101
1944,18.085222554277326,-0.29193910662016853
1945,18.07714414984013,-0.2992517945794843
1946,18.068962813768643,-0.3066537643469418
1947,18.060678597289638,-0.3141448479600327
1948,18.05229155228296,-0.3217248754251574
1949,18.0438017312816,-0.3293936747209695
1950,18.035209187471885,-0.33715107180176035
1951,18.026513974693568,-0.3449968906008838
1952,18.01771614744001,-0.35293095303422234
1953,18.008815760858305,-0.36095307900369383
1954,17.99981287074941,-0.3690630864008
1955,17.99070753356832,-0.3772607911102133
1956,17.981499806424214,-0.3855460070134067
1957,17.972189747080613,-0.3939185459923233
1958,17.962777413955504,-0.40237821793308665
1959,17.953262866121573,-0.41092483072975117
1960,17.943646163306305,-0.4195581902880947
1961,17.933927365892153,-0.42827810052945003
1962,17.924106534916746,-0.437084363394578
1963,17.91418373207304,-0.4459767788475807
1964,17.90415901970951,-0.454955144879855
1965,17.8940324608303,-0.46401925751408746
1966,17.88380411909543,-0.473168910808289
1967,17.873474058820985,-0.48240389685986995
1968,17.8630423449793,-0.491724005809756
1969,17.85250904319914,-0.5011290258465446
1970,17.841874219765923,-0.5106187432107007
1971,17.831137941621883,-0.5201929421987949
1972,17.820300276366343,-0.5298514051677791
1973,17.809361292255836,-0.5395939125393053
1974,17.79832105820438,-0.5494202428040831
1975,17.787179643783663,-0.5593301725262774
1976,17.775937119223293,-0.5693234763479466
1977,17.764593555410997,-0.5793999269935212
1978,17.75314902389285,-0.5895592952743232
1979,17.741603596873503,-0.5998013500931236
1980,17.72995734721645,-0.6101258584487423
1981,17.71821034844423,-0.6205325854406856
1982,17.706362674738696,-0.6310212942738271
1983,17.69441440094124,-0.6415917462631257
1984,17.682365602553073,-0.6522437008383839
1985,17.67021635573548,-0.6629769155490473
1986,17.65796673731006,-0.6737911460690441
1987,17.645616824759,-0.6846861462016631
1988,17.633166696225373,-0.6956616678844717
1989,17.620616430513383,-0.7067174611942753
1990,17.607966107088647,-0.7178532743521149
1991,17.5952158060785,-0.7290688537283049
1992,17.58236560827228,-0.740363943847511
1993,17.56941559512162,-0.7517382873938668
1994,17.556365848740747,-0.7631916252161315
1995,17.543216451906783,-0.7747236963328858
1996,17.52996748806007,-0.7863342379377682
1997,17.51661904130449,-0.79802298540475
1998,17.50317119640776,-0.8097896722934512
1999,17.489624038801793,-0.8216340303544939
2000,17.475977654583026,-0.8335557895348967
2001,17.462232130512728,-0.845554677983508
2002,17.44838755401739,-0.8576304220564782
2003,17.434444013189022,-0.8697827463227717
2004,17.42040159678558,-0.8820113735697178
2005,17.40626039423127,-0.8943160248086002
2006,17.39202049561695,-0.9066964192802872
2007,17.377681991700474,-0.9191522744609009
2008,17.36324497390712,-0.9316833060675217
2009,17.348709534329924,-0.9442892280639383
2010,17.334075765730123,-0.9569697526664303
2011,17.31934376153755,-0.9697245903495939
2012,17.304513615850997,-0.9825534498522053
2013,17.289585423438684,-0.9954560381831216
2014,17.27455927973866,-1.0084320606272221
2015,17.25943528085924,-1.021481220751388
2016,17.24421352357943,-1.0346032204105198
2017,17.228894105349372,-1.0477977597535952
2018,17.213477124290815,-1.0610645372297625
2019,17.197962679197556,-1.0744032495944764
2020,17.182350869535906,-1.087813591915669
2021,17.166641795445177,-1.1012952575799608
2022,17.150835557738162,-1.1148479382989092
2023,17.134932257901625,-1.128471324115296
2024,17.118931998096798,-1.1421651034094527
2025,17.102834881159882,-1.1559289629056249
2026,17.086641010602584,-1.1697625876783735
2027,17.070350490612622,-1.1836656611590135
2028,17.053963426054267,-1.1976378651420931
2029,17.0374799224689,-1.2116788797919091
2030,17.020900086075528,-1.22578838364906
2031,17.004224023771386,-1.2399660536370374
2032,16.987451843132472,-1.2542115650688557
2033,16.970583652414152,-1.2685245916537187
2034,16.95361956055174,-1.2829048055037233
2035,16.936559677161096,-1.2973518771406023
2036,16.91940411253924,-1.311865475502503
2037,16.90215297766497,-1.3264452679508052
2038,16.884806384199496,-1.341090920276974
2039,16.867364444487077,-1.3558020967094526
2040,16.84982727155566,-1.3705784599205897
2041,16.832194979117567,-1.3854196710336066
2042,16.814467681570147,-1.4003253896295988
2043,16.79664549399647,-1.4152952737545772
2044,16.77872853216603,-1.4303289799265437
2045,16.76071691253544,-1.4454261631426055
2046,16.742610752249146,-1.4605864768861254
2047,16.724410169140178,-1.4758095731339087
2048,16.706115281730884,-1.491095102363427
2049,16.687726209233674,-1.506442713560079
2050,16.669243071551804,-1.521852054224487
2051,16.650665989280153,-1.5373227703798296
2052,16.63199508370602,-1.5528545065792103
2053,16.613230476809914,-1.5684469059130663
2054,16.5943722912664,-1.5840996100166067
2055,16.575420650444915,-1.5998122590772923
2056,16.556375678410625,-1.615584491842349
2057,16.537237499925283,-1.6314159456263175
2058,16.5180062404481,-1.6473062563186391
2059,16.498682026136656,-1.6632550583912757
2060,16.479264983847784,-1.6792619849063697
2061,16.459755241138506,-1.6953266675239316
2062,16.44015292626695,-1.7114487365095723
2063,16.42045816819333,-1.7276278207422648
2064,16.4006710965809,-1.7438635477221407
2065,16.38079184179693,-1.7601555435783263
2066,16.3608205349137,-1.7765034330768117
2067,16.340757307709563,-1.7929068396283518
2068,16.320602292669907,-1.8093653852964076
2069,16.300355622988274,-1.8258786908051166
2070,16.280017432567387,-1.842446375547305
2071,16.25958785602025,-1.859068057592526
2072,16.239067028671258,-1.87574335369514
2073,16.2184550865573,-1.8924718793024253
2074,16.197752166428906,-1.9092532485627223
2075,16.17695840575143,-1.9260870743336163
2076,16.156073942706215,-1.9429729681901495
2077,16.135098916191772,-1.9599105404330701
2078,16.11403346582503,-1.9768994000971127
2079,16.092877731942572,-1.9939391549593168
2080,16.07163185560187,-2.0110294115473732
2081,16.05029597858258,-2.0281697751480094
2082,16.02887024338786,-2.0453598498154024
2083,16.007354793245685,-2.062599238379633
2084,15.985749772110175,-2.0798875424551646
2085,15.964055324662988,-2.097224362449362
2086,15.942271596314702,-2.1146092975710364
2087,15.920398733206225,-2.132041945839033
2088,15.898436882210252,-2.14952190409084
2089,15.876386190932697,-2.167048767991238
2090,15.854246807714212,-2.184622132040981
2091,15.832018881631676,-2.2022415895855043
2092,15.809702562499748,-2.2199067328236732
2093,15.787298000872424,-2.2376171528165565
2094,15.764805348044614,-2.2553724394962367
2095,15.742224756053789,-2.273172181674648
2096,15.719556377681585,-2.29101596705245
2097,15.6968003664555,-2.3089033822279315
2098,15.673956876650582,-2.326834012705944
2099,15.65102606329117,-2.3448074429068706
2100,15.628008082152629,-2.362823256175621
2101,15.604903089763146,-2.380881034790661
2102,15.581711243405547,-2.398980359973076
2103,15.55843270111914,-2.417120811895655
2104,15.535067621701597,-2.4353019696920164
2105,15.511616164710851,-2.4535234114657594
2106,15.488078490467055,-2.4717847142996456
2107,15.464454760054537,-2.4900854542648103
2108,15.440745135323816,-2.508425206430008
2109,15.416949778893642,-2.5268035448708828
2110,15.393068854153077,-2.545220042679271
2111,15.369102525263596,-2.563674271972534
2112,15.345050957161236,-2.5821658039029214
2113,15.320914315558767,-2.600694208666958
2114,15.296692766947942,-2.6192590555148687
2115,15.272386478601724,-2.6378599127600255
2116,15.247995618576594,-2.656496347788426
2117,15.223520355714875,-2.6751679270682027
2118,15.198960859647125,-2.693874216159155
2119,15.174317300794534,-2.7126147797223186
2120,15.149589850371392,-2.7313891815295532
2121,15.124778680387543,-2.7501969844731673
2122,15.09988396365101,-2.7690377505755652
2123,15.074905873770494,-2.787911040998923
2124,15.049844585158032,-2.806816416054896
2125,15.024700273031689,-2.825753435214346
2126,14.99947311341824,-2.8447216571171077
2127,14.974163283155953,-2.863720639581766
2128,14.94877095989739,-2.882749939615478
2129,14.923296322112284,-2.9018091134238087
2130,14.897739549090423,-2.920897716420598
2131,14.872100820944622,-2.9400153032378586
2132,14.846380318613729,-2.959161427735691
2133,14.820578223865686,-2.97833564301223
2134,14.794694719300653,-2.9975375014136225
2135,14.76872998835413,-3.016766554544018
2136,14.742684215300232,-3.0360223532755963
2137,14.716557585254947,-3.055304447758618
2138,14.690350284179452,-3.0746123874314937
2139,14.664062498883531,-3.0939457210308885
2140,14.637694417029,-3.1133039966018434
2141,14.611246227133226,-3.1326867615079252
2142,14.584718118572702,-3.152093562441402
2143,14.558110281586668,-3.1715239454334374
2144,14.531422907280822,-3.1909774558643162
2145,14.504656187631056,-3.210453638473688
2146,14.477810315487302,-3.2299520373708392
2147,14.450885484577414,-3.249472196044986
2148,14.423881889511124,-3.2690136573755897
2149,14.396799725784085,-3.288575963642699
2150,14.36963918978193,-3.308158656537314
2151,14.3424004787845,-3.327761277171767
2152,14.315083790970023,-3.3473833660901393
2153,14.287689325419505,-3.3670244632786845
2154,14.26021728212105,-3.3866841081762846
2155,14.232667861974381,-3.4063618396849282
2156,14.205041266795357,-3.4260571961802047
2157,14.17733769932064,-3.4457697155218208
2158,14.149557363212361,-3.465498935064145
2159,14.121700463062952,-3.485244391666768
2160,14.093767204399999,-3.5050056217050805
2161,14.065757793691217,-3.5247821610808847
2162,14.037672438349503,-3.544573545233006
2163,14.009511346738083,-3.5643793091479514
2164,13.981274728175743,-3.5841989873705584
2165,13.952962792942142,-3.6040321140146916
2166,13.92457575228326,-3.6238782227739392
2167,13.896113818416898,-3.643736846932338
2168,13.867577204538303,-3.663607519375115
2169,13.838966124825891,-3.683489772599451
2170,13.810280794447044,-3.7033831387252567
2171,13.78152142956406,-3.723287149505977
2172,13.752688247340174,-3.7432013363394043
2173,13.72378146594569,-3.7631252302785114
2174,13.694801304564251,-3.7830583620423117
2175,13.665747983399175,-3.8030002620267247
2176,13.63662172367996,-3.8229504603154636
2177,13.607422747668855,-3.842908486690946
2178,13.578151278667574,-3.862873870645211
2179,13.54880754102415,-3.882846141390861
2180,13.519391760139882,-3.9028248278720175
2181,13.489904162476439,-3.9228094587752893
2182,13.460344975563034,-3.942799562540767
2183,13.430714428003798,-3.9627946673730206
2184,13.401012749485272,-3.982794301252124
2185,13.371240170784006,-4.002797991944684
2186,13.341396923774317,-4.022805267014893
2187,13.311483241436195,-4.042815653835597
2188,13.281499357863343,-4.062828679599366
2189,13.251445508271377,-4.082843871329594
2190,13.221321929006155,-4.102860755891605
2191,13.191128857552282,-4.122878860003776
2192,13.160866532541775,-4.142897710248662
2193,13.130535193762867,-4.16291683308416
2194,13.100135082168975,-4.1829357548546575
2195,13.069666439887863,-4.202954001802211
2196,13.039129510230968,-4.222971100077731
2197,13.008524537702849,-4.242986575752185
2198,12.977851768010886,-4.262999954827801
2199,12.947111448075113,-4.2830107632492975
2200,12.916303826038256,-4.303018526915113
2201,12.885429151275956,-4.323022771688651
2202,12.854487674407164,-4.3430230234095415
2203,12.823479647304765,-4.3630188079049
2204,12.792405323106388,-4.38300965100061
2205,12.761264956225398,-4.402995078532615
2206,12.730058802362135,-4.422974616358202
2207,12.698787118515343,-4.442947790367324
2208,12.667450162993802,-4.4629141264939065
2209,12.636048195428247,-4.482873150727181
2210,12.604581476783403,-4.502824389123009
2211,12.573050269370372,-4.522767367815234
2212,12.541454836859158,-4.542701613027032
2213,12.509795444291496,-4.562626651082262
2214,12.47807235809391,-4.582542008416847
2215,12.446285846090964,-4.6024472115901345
2216,12.414436177518901,-4.622341787296287
2217,12.3825236230394,-4.6422252623756695
2218,12.350548454753696,-4.662097163826238
2219,12.318510946216938,-4.681957018814949
2220,12.286411372452811,-4.701804354689163
2221,12.254250009968498,-4.721638698988055
2222,12.222027136769858,-4.741459579454042
2223,12.18974303237697,-4.761266524044191
2224,12.157397977839922,-4.781059060941666
2225,12.124992255754972,-4.800836718567145
2226,12.092526150280955,-4.82059902559027
2227,12.059999947156093,-4.840345510941081
2228,12.027413933715058,-4.860075703821459
2229,11.994768398906423,-4.879789133716583
2230,11.96206363331045,-4.899485330406376
2231,11.929299929157212,-4.919163823976959
2232,11.896477580345111,-4.9388241448321075
2233,11.863596882459701,-4.9584658237047154
2234,11.830658132792983,-4.978088391668252
2235,11.797661630362994,-4.997691380148224
2236,11.764607675933831,-5.017274320933642
2237,11.731496572036088,-5.036836746188483
2238,11.698328622987672,-5.056378188463158
2239,11.665104134915078,-5.075898180705979
2240,11.631823415775042,-5.0953962562746185
2241,11.598486775376688,-5.114871948947587
2242,11.565094525404103,-5.134324792935687
2243,11.53164697943933,-5.153754322893484
2244,11.49814445298591,-5.173160073930768
2245,11.464587263492866,-5.192541581624016
2246,11.430975730379146,-5.211898382027849
2247,11.397310175058587,-5.231230011686499
2248,11.363590920965459,-5.250536007645253
2249,11.329818293580441,-5.269815907461914
2250,11.29599262045716,-5.28906924921825
2251,11.262114231249326,-5.308295571531437
2252,11.228183457738368,-5.327494413565507
2253,11.194200633861696,-5.346665315042783
2254,11.160166095741513,-5.365807816255316
2255,11.126080181714245,-5.384921458076315
2256,11.091943232360597,-5.4040057819715726
2257,11.057755590536226,-5.423060330010881
2258,11.023517601403052,-5.442084644879456
2259,10.989229612461267,-5.461078269889332
2260,10.954891973581965,-5.480040748990777
2261,10.920505037040511,-5.498971626783684
2262,10.886069157550592,-5.517870448528953
2263,10.851584692298998,-5.536736760159887
2264,10.817052000981151,-5.555570108293553
2265,10.782471445837391,-5.574370040242157
2266,10.747843391690036,-5.593136104024398
2267,10.71316820598123,-5.611867848376819
2268,10.67844625881164,-5.63056482276515
2269,10.643677922979927,-5.649226577395636
2270,10.608863574023152,-5.667852663226362
2271,10.574003590257968,-5.686442631978566
2272,10.539098352822787,-5.704996036147942
2273,10.504148245720815,-5.723512429015928
2274,10.469153655864032,-5.741991364660993
2275,10.434114973118174,-5.760432397969901
2276,10.399032590348641,-5.7788350846489775
2277,10.363906903467477,-5.79719898123535
2278,10.328738311481326,-5.815523645108182
2279,10.293527216540499,-5.833808634499903
2280,10.258274023989086,-5.852053508507409
2281,10.222979142416225,-5.870257827103266
2282,10.18764298370845,-5.888421151146889
2283,10.152265963103265,-5.906543042395712
2284,10.11684849924392,-5.9246230635163455
2285,10.081391014235338,-5.942660778095711
2286,10.04589393370139,-5.960655750652174
2287,10.010357686843403,-5.978607546646652
2288,9.974782706500001,-5.996515732493705
2289,9.939169429208313,-6.014379875572625
2290,9.903518295266586,-6.032199544238489
2291,9.867829748798144,-6.04997430783321
2292,9.832104237816917,-6.06770373669657
2293,9.796342214294363,-6.085387402177227
2294,9.760544134228011,-6.103024876643713
2295,9.724710457711511,-6.120615733495413
2296,9.688841649006342,-6.138159547173519
2297,9.65293817661513,-6.155655893171977
2298,9.617000513356704,-6.173104348048406
2299,9.581029136442881,-6.190504489434998
2300,9.545024527557032,-6.2078558960494075
2301,9.508987172934452,-6.2251581477056055
2302,9.472917563444666,-6.242410825324733
2303,9.436816194675599,-6.259613510945913
2304,9.40068356701978,-6.27676578773706
2305,9.364520185762515,-6.293867240005656
2306,9.328326561172197,-6.31091745320951
2307,9.292103208592708,-6.327916013967496
2308,9.255850648538011,-6.344862510070263
2309,9.219569406789018,-6.361756530490935
2310,9.183260014492763,-6.378597665395771
2311,9.146923008263878,-6.395385506154815
2312,9.110558930288597,-6.412119645352519
2313,9.07416832843117,-6.428799676798332
2314,9.037751756342875,-6.445425195537292
2315,9.001309773573619,-6.4619957978605544
2316,8.964842945686303,-6.4785110813159275
2317,8.928351844373855,-6.49497064471837
2318,8.891837047579214,-6.51137408816046
2319,8.855299139618115,-6.5277210130228465
2320,8.818738711304956,-6.544011021984664
2321,8.782156360081684,-6.5602437190339336
2322,8.745552690149866,-6.576418709477922
2323,8.708928312605963,-6.592535599953488
2324,8.67228384557998,-6.608593998437388
2325,8.635619914377468,-6.6245935142565635
2326,8.598937151625089,-6.640533758098393
2327,8.562236197419745,-6.656414342020925
2328,8.525517699481414,-6.672234879463064
2329,8.48878231330977,-6.68799498525475
2330,8.452030702344725,-6.703694275627084
2331,8.415263538130946,-6.719332368222452
2332,8.37848150048652,-6.734908882104591
2333,8.341685277675793,-6.750423437768632
2334,8.304875566586597,-6.765875657151132
2335,8.268053072911872,-6.781265163640042
2336,8.231218511335925,-6.796591582084665
2337,8.194372605725341,-6.8118545388055844
2338,8.157516089324737,-6.827053661604536
2339,8.120649704957469,-6.842188579774276
2340,8.083774205231439,-6.857258924108393
2341,8.046890352750097,-6.872264326911111
2342,8.009998920328869,-6.887204422007028
2343,7.973100691217048,-6.902078844750847
2344,7.93619645932538,-6.9168872320370545
2345,7.89928702945946,-6.931629222309579
2346,7.862373217559099,-6.946304455571405
2347,7.825455850943843,-6.96091257339415
2348,7.788535768564793,-6.9754532189276155
2349,7.751613821262871,-6.9899260369092895
2350,7.7146908720337874,-7.004330673673825
2351,7.677767796299806,-7.018666777162471
2352,7.640845482188517,-7.032933996932473
2353,7.603924830818822,-7.04713198416644
2354,7.567006756594328,-7.061260391681656
2355,7.530092187504308,-7.075318873939369
2356,7.493182065432478,-7.089307087054051
2357,7.456277346473801,-7.103224688802588
2358,7.419379001259433,-7.117071338633463
2359,7.38248801529019,-7.130846697675874
2360,7.345605389278662,-7.144550428748838
2361,7.308732139500157,-7.15818219637023
2362,7.271869298152849,-7.171741666765799
2363,7.235017913727237,-7.1852285078781355
2364,7.19817905138523,-7.198642389375597
2365,7.1613537933490985,-7.211982982661206
2366,7.124543239300538,-7.22524996088148
2367,7.087748506790087,-7.2384429989352475
2368,7.050970731657209,-7.251561773482405
2369,7.014211068461297,-7.26460596295264
2370,6.977470690923833,-7.277575247554097
2371,6.940750792382054,-7.290469309282022
2372,6.904052586254374,-7.30328783192735
2373,6.8673773065178025,-7.316030501085245
2374,6.830726208197816,-7.3286970041636055
2375,6.794100567870754,-7.341287030391529
2376,6.75750168417929,-7.353800270827711
2377,6.720930878361066,-7.366236418368825
2378,6.6843894947909615,-7.37859516775784
2379,6.6478789015372834,-7.390876215592296
2380,6.611400490932078,-7.403079260332539
2381,6.574955680156107,-7.415204002309913
2382,6.5385459118385825,-7.427250143734878
2383,6.502172654672177,-7.439217388705123
2384,6.465837404043531,-7.451105443213601
2385,6.429541682679622,-7.46291401515653
2386,6.393287041310321,-7.474642814341339
2387,6.357075059347497,-7.486291552494574
2388,6.320907345580935,-7.497859943269755
2389,6.284785538891462,-7.509347702255165
2390,6.24871130898161,-7.5207545469816335
2391,6.212686357124009,-7.532080196930221
2392,6.176712416928053,-7.543324373539889
2393,6.140791255124926,-7.554486800215101
2394,6.104924672371418,-7.565567202333393
2395,6.069114504072791,-7.576565307252865
2396,6.033362621224999,-7.58748084431966
2397,5.997670931276435,-7.5983135448753485
2398,5.962041379009629,-7.609063142264309
2399,5.926475947442976,-7.61972937184101
2400,5.890976658752783,-7.6303119709772815
2401,5.855545575215858,-7.640810679069505
2402,5.820184800172755,-7.651225237545772
2403,5.784896479011876,-7.661555389872973
2404,5.749682800174482,-7.671800881563849
2405,5.714545996180794,-7.681961460183978
2406,5.679488344677149,-7.692036875358721
2407,5.644512169504259,-7.702026878780098
2408,5.609619841786498,-7.7119312242136235
2409,5.5748137810422165,-7.72174966750509
2410,5.540096456314846,-7.731481966587283
2411,5.505470387324653,-7.741127881486653
2412,5.470938145640913,-7.750687174329931
2413,5.436502355874069,-7.76015960935069
2414,5.4021656968876,-7.769544952895845
2415,5.3679309030290305,-7.7788429734321
2416,5.333800765379528,-7.788053441552353
2417,5.2997781330214755,-7.797176129982019
2418,5.265865914323116,-7.806210813585323
2419,5.232067078239555,-7.815157269371514
2420,5.198384655628998,-7.824015276501041
2421,5.164821740583138,-7.832784616291664
2422,5.131381491770431,-7.8414650722245085
2423,5.098067133790833,-7.850056429950057
2424,5.064881958540413,-7.858558477294093
2425,5.031829326584155,-7.866971004263581
2426,4.9989126685349605,-7.875293803052494
2427,4.966135486436759,-7.8835266680475735
2428,4.933501355149448,-7.891669395834041
2429,4.901013923733048,-7.899721785201246
2430,4.868676916828387,-7.907683637148253
2431,4.836494136031243,-7.915554754889369
2432,4.804469461256683,-7.923334943859628
2433,4.772606852090115,-7.931024011720189
2434,4.740910349121127,-7.938621768363689
2435,4.709384075256039,-7.9461280259195455
2436,4.6780322370047305,-7.953542598759176
2437,4.6468591257369045,-7.960865303501182
2438,4.6158691189027055,-7.968095959016444
2439,4.58506668121218,-7.975234386433191
2440,4.5544563657677015,-7.982280409141975
2441,4.524042815143116,-7.989233852800606
2442,4.493830762402902,-7.996094545339016
2443,4.463825032054326,-8.002862316964066
2444,4.434030540925039,-8.009537000164292
2445,4.404452298958118,-8.016118429714586
2446,4.375095409916238,-8.022606442680807
2447,4.345965071986056,-8.029000878424357
2448,4.3170665782734865,-8.035301578606662
2449,4.288405317180106,-8.041508387193602
2450,4.259986772650431,-8.047621150459895
2451,4.231816524279361,-8.053639716993395
2452,4.203900247268582,-8.059563937699336
2453,4.176243712220398,-8.065393665804516
2454,4.148852784756888,-8.071128756861409
2455,4.12173342495199,-8.076769068752224
2456,4.094891686563658,-8.082314461692894
2457,4.068333716052908,-8.087764798237002
2458,4.042065751376333,-8.093119943279634
2459,4.016094120538244,-8.098379764061193
2460,3.9904252398885083,-8.103544130171123
2461,3.965065612151981,-8.108612913551571
2462,3.9400218241752736,-8.11358598850101
2463,3.915300544376645,-8.118463231677762
2464,3.890908519884927,-8.123244522103473
2465,3.866852573353449,-8.127929741166536
2466,3.8431395994353235,-8.132518772625422
2467,3.819776560906739,-8.137011502611964
2468,3.7967704844255987,-8.14140781963457
2469,3.7741284559132358,-8.145707614581365
2470,3.7518576155480594,-8.149910780723289
2471,3.729965152360621,-8.154017213717093
2472,3.708458298420999,-8.158026811608307
2473,3.687344322610417,-8.161939474834107
2474,3.6666305239706896,-8.165755106226145
2475,3.6463242246266643,-8.169473611013304
2476,3.626432762278527,-8.173094896824365
2477,3.606963482263153,-8.176618873690645
2478,3.587923729185545,-8.18004545404854
2479,3.5693208381240615,-8.183374552742013
2480,3.551162125415581,-8.186606087025005
2481,3.533454879029538,-8.189739976563793
2482,3.51620634854261,-8.19277614343928
2483,3.4994237347289614,-8.1957145121492
2484,3.4831141787841275,-8.198555009610278
2485,3.4672847512038985,-8.201297565160301
2486,3.4519424403428816,-8.20394211056015
2487,3.437094140681037,-8.206488579995733
2488,3.4227466408296943,-8.208936910079874
2489,3.408906611312333,-8.211287039854119
2490,3.395580592158464,-8.213538910790486
2491,3.3827749803525946,-8.215692466793145
2492,3.370496017183295,-8.217747654200016
2493,3.3587497755404274,-8.219704421784325
2494,3.3475421472114095,-8.221562720756063
2495,3.336878830230033,-8.223322504763402
2496,3.3267653163333946,-8.224983729894028
2497,3.3172068785845865,-8.22654635467641
2498,3.3082085592201556,-8.228010340081005
2499,3.2997751577824017,-8.229375649521378
2500,3.29191121959722,-8.230642248855288
2501,3.2846210246582004,-8.231810106385659
2502,3.2779085769772482,-8.232879192861532
2503,3.271777594461089,-8.2338494814789
2504,3.2662314993712687,-8.234720947881524
2505,3.261273409423288,-8.235493570161632
2506,3.2569061295777906,-8.236167328860585
2507,3.2531321445733994,-8.236742206969462
2508,3.2499536122471393,-8.237218189929568
2509,3.2473723576840627,-8.2375952656329
2510,3.2453898682329396,-8.2378734244225
2511,3.2440072894198844,-8.238052659092789
2512,3.243225421786003,-8.238132964889799
2513,3.243044718669735,-8.238114339511338
2514,3.243465284948092,-8.237996783107112
2515,3.2444868767451864,-8.237780298278752
2516,3.246108902109809,-8.237464890079773
2517,3.248330422657763,-8.237050566015485
2518,3.251150156168123,-8.23653733604282
2519,3.254566480116665,-8.235925212570084
2520,3.258577436123639,-8.235214210456663
2521,3.2631807352873743,-8.234404347012633
2522,3.2683737643698185,-8.233495641998324
2523,3.2741535927952996,-8.2324881176238
2524,3.280516980419017,-8.231381798548284
2525,3.2874603860177993,-8.2301767118795
2526,3.2949799764522245,-8.228872887172953
2527,3.303071636445946,-8.227470356431148
2528,3.3117309789258145,-8.22596915410272
2529,3.3209533558643183,-8.224369317081525
2530,3.330733869564657,-8.222670884705632
2531,3.341067384327858,-8.220873898756267
2532,3.3519485384412446,-8.218978403456683
2533,3.363371756427639,-8.216984445470956
2534,3.3753312614957003,-8.214892073902721
2535,3.3878210881328545,-8.212701340293835
2536,3.4008350947838952,-8.210412298622975
2537,3.414366976560537,-8.208025005304156
2538,3.4284102779294194,-8.205539519185203
2539,3.442958405328757,-8.202955901546144
2540,3.4580046396667523,-8.200274216097512
2541,3.4735421486579847,-8.197494528978622
2542,3.4895639989572222,-8.194616908755755
2543,3.506063168053491,-8.19164142642027
2544,3.5230325558906688,-8.188568155386656
2545,3.540464996184371,-8.185397171490527
2546,3.558353267408246,-8.182128552986521
2547,3.57669010342637,-8.178762380546175
2548,3.5954682037516834,-8.175298737255673
2549,3.6146802434136416,-8.171737708613593
2550,3.634318882421523,-8.168079382528527
2551,3.654376774812688,-8.164323849316677
2552,3.6748465772779486,-8.160471201699366
2553,3.6957209573590535,-8.15652153480048
2554,3.716992601215473,-8.152474946143835
2555,3.7386542209603806,-8.148331535650518
2556,3.760698561567505,-8.144091405636106
2557,3.783118407352649,-8.13975466080785
2558,3.805906588035453,-8.135321408261795
2559,3.829055984388426,-8.130791757479821
2560,3.85255953348182,-8.12616582032662
2561,3.8764102335339383,-8.12144371104661
2562,3.9006011483777603,-8.11662554626078
2563,3.9251254115554124,-8.111711444963483
2564,3.9499762300529904,-8.10670152851913
2565,3.975146887688636,-8.101595920658857
2566,4.000630748167414,-8.09639474747711
2567,4.026421257816705,-8.09109813742814
2568,4.052511948016266,-8.085706221322491
2569,4.078896437337068,-8.080219132323357
2570,4.105568433403189,-8.074637005942924
2571,4.132521734490871,-8.06895998003862
2572,4.159750230878947,-8.06318819480931
2573,4.187247905964345,-8.057321792791425
2574,4.21500883715651,-8.051360918855027
2575,4.243027196564021,-8.045305720199808
2576,4.271297251486363,-8.039156346351021
2577,4.299813364723733,-8.032912949155364
2578,4.328569994716972,-8.026575682776773
2579,4.357561695529581,-8.02014470369218
2580,4.386783116683252,-8.013620170687181
2581,4.416229002857875,-8.007002244851666
2582,4.445894193466531,-8.000291089575356
2583,4.475773622115622,-7.993486870543312
2584,4.505862315959609,-7.986589755731357
2585,4.536155394959617,-7.979599915401434
2586,4.566648071054479,-7.972517522096916
2587,4.597335647252545,-7.965342750637848
2588,4.628213516651945,-7.958075778116117
2589,4.65927716139672,-7.9507167838905835
2590,4.6905221515756645,-7.943265949582118
2591,4.721944144070433,-7.935723459068603
2592,4.753538881359043,-7.92808949847987
2593,4.785302190280393,-7.920364256192559
2594,4.8172299807652665,-7.912547922824935
2595,4.849318244538711,-7.904640691231631
2596,4.881563053798491,-7.896642756498343
2597,4.913960559873943,-7.88855431593645
2598,4.94650699186921,-7.88037556907759
2599,4.979198655294596,-7.872106717668154
2600,5.0120319306894565,-7.863747965663745
2601,5.045003272239812,-7.85529951922356
2602,5.078109206393582,-7.846761586704721
2603,5.1113463304761115,-7.83813437865654
2604,5.144711311308442,-7.8294181078147345
2605,5.178200883830546,-7.820612989095572
2606,5.211811849731653,-7.8117192395899675
2607,5.245541076089322,-7.802737078557522
2608,5.2793854940191505,-7.793666727420484
2609,5.313342097336502,-7.784508409757683
2610,5.34740794123162,-7.775262351298382
2611,5.3815801409593655,-7.765928779916087
2612,5.415855870544658,-7.756507925622285
2613,5.450232361504529,-7.747000020560137
2614,5.484706901587678,-7.737405298998114
2615,5.519276833532214,-7.727723997323567
2616,5.553939553842244,-7.717956354036249
2617,5.58869251158383,-7.708102609741781
2618,5.6235332072007695,-7.698163007145052
2619,5.658459191350542,-7.6881377910435855
2620,5.693468063760801,-7.678027208320819
2621,5.728557472106532,-7.667831507939362
2622,5.763725110908151,-7.65755094093417
2623,5.7989687204506035,-7.647185760405685
2624,5.8342860857235275,-7.636736221512919
2625,5.86967503538254,-7.626202581466458
2626,5.905133440731554,-7.61558509952146
2627,5.9406592147261295,-7.604884036970548
2628,5.976250310997744,-7.594099657136689
2629,6.011904722898805,-7.583232225366001
2630,6.0476204825683,-7.572282009020509
2631,6.083395660017886,-7.561249277470849
2632,6.119228362238203,-7.55013430208893
2633,6.155116732325185,-7.538937356240525
2634,6.191058948626133,-7.527658715277833
2635,6.22705322390528,-7.516298656531965
2636,6.263097804528562,-7.5048574593054
2637,6.299190969667347,-7.4933354048643785
2638,6.335331030520783,-7.481732776431249
2639,6.371516329556508,-7.470049859176767
2640,6.407745239769332,-7.458286940212336
2641,6.444016163957662,-7.446444308582207
2642,6.480327534017273,-7.434522255255625
2643,6.516677810252166,-7.422521073118926
2644,6.553065480702102,-7.410441056967585
2645,6.589489060486592,-7.398282503498217
2646,6.62594709116486,-7.386045711300537
2647,6.662438140111628,-7.373730980849245
2648,6.698960799908215,-7.3613386144958985
2649,6.735513687748772,-7.348868916460725
2650,6.772095444861188,-7.3363221928243645
2651,6.808704735942465,-7.3236987515196015
2652,6.845340248608156,-7.31099890232303
2653,6.882000692855582,-7.2982229568466686
2654,6.918684800540505,-7.28537122852955
2655,6.9553913248669,-7.272444032629242
2656,6.992119039889647,-7.25944168621333
2657,7.0288667400296525,-7.246364508150873
2658,7.0656332396012775,-7.233212819103783
2659,7.102417372351654,-7.2199869415181865
2660,7.139217991011669,-7.206687199615731
2661,7.1760339668582755,-7.1933139193848445
2662,7.212864189287939,-7.179867428571958
2663,7.249707565400832,-7.166348056672685
2664,7.286563019595593,-7.152756134922954
2665,7.323429493174356,-7.139091996290101
2666,7.360305943957777,-7.125355975463914
2667,7.3971913459098255,-7.111548408847652
2668,7.434084688772108,-7.097669634549
2669,7.4709849777074275,-7.083719992371003
2670,7.507891232952393,-7.069699823802938
2671,7.544802489478818,-7.0556094720111755
2672,7.5817177966637015,-7.041449281829965
2673,7.61863621796754,-7.0272195997522084
2674,7.65555683062081,-7.01292077392018
2675,7.692478725318323,-6.998553154116212
2676,7.729401005921329,-6.9841170917533395
2677,7.7663227891671385,-6.96961293986591
2678,7.80324320438603,-6.95504105310014
2679,7.840161393225327,-6.9404017877046655
2680,7.877076509380379,-6.925695501521014
2681,7.913987718332314,-6.910922553974076
2682,7.950894197092371,-6.896083306062511
2683,7.987795133952654,-6.881178120349135
2684,8.024689728243064,-6.866207360951268
2685,8.061577190094399,-6.851171393531037
2686,8.098456740207276,-6.836070585285654
2687,8.135327609626874,-6.820905304937653
2688,8.172189039523243,-6.805675922725091
2689,8.209040280977105,-6.790382810391718
2690,8.245880594770918,-6.775026341177115
2691,8.282709251185166,-6.759606889806788
2692,8.319525529799659,-6.7441248324822345
2693,8.356328719299745,-6.728580546870979
2694,8.393118117287274,-6.712974412096578
2695,8.429893030096247,-6.697306808728576
2696,8.466652772612957,-6.68157811877245
2697,8.503396668100548,-6.665788725659503
2698,8.54012404802789,-6.649939014236751
2699,8.576834251902588,-6.634029370756745
2700,8.613526627108072,-6.618060182867394
2701,8.6502005287447,-6.602031839601733
2702,8.686855319474603,-6.585944731367682
2703,8.723490369370404,-6.569799249937756
2704,8.760105055767559,-6.553595788438752
2705,8.796698763120181,-6.537334741341423
2706,8.83327088286047,-6.521016504450087
2707,8.869820813261398,-6.504641474892247
2708,8.906347959302769,-6.488210051108156
2709,8.942851732540408,-6.471722632840365
2710,8.97933155097856,-6.455179621123241
2711,9.01578683894525,-6.438581418272459
2712,9.052217026970643,-6.421928427874466
2713,9.088621551668279,-6.405221054775915
2714,9.124999855619095,-6.388459705073088
2715,9.161351387258245,-6.3716447861012675
2716,9.197675600764546,-6.354776706424105
2717,9.233971955952486,-6.337855875822958
2718,9.27023991816684,-6.320882705286195
2719,9.306478958179706,-6.303857606998483
2720,9.342688552089925,-6.286780994330056
2721,9.378868181224899,-6.269653281825946
2722,9.415017332044666,-6.2524748851951975
2723,9.451135496048167,-6.235246221300069
2724,9.487222169681726,-6.217967708145189
2725,9.523276854249614,-6.200639764866718
2726,9.559299055826694,-6.183262811721459
2727,9.595288285173039,-6.165837270075969
2728,9.631244057650537,-6.148363562395642
2729,9.667165893141405,-6.130842112233767
2730,9.70305331596853,-6.113273344220571
2731,9.738905854817641,-6.095657684052233
2732,9.774723042661268,-6.077995558479896
2733,9.81050441668437,-6.060287395298638
2734,9.846249518211694,-6.042533623336441
2735,9.881957892636771,-6.0247346724431265
2736,9.917629089352456,-6.006890973479285
2737,9.953262661683084,-5.989002958305181
2738,9.988858166818105,-5.9710710597696455
2739,10.024415165747248,-5.9530957116989365
2740,10.05993322319706,-5.9350773488856055
2741,10.095411907568923,-5.917016407077324
2742,10.130850790878394,-5.898913322965714
2743,10.166249448695934,-5.880768534175144
2744,10.201607460088887,-5.862582479251522
2745,10.2369244075648,-5.844355597651068
2746,10.272199877015945,-5.826088329729079
2747,10.307433457665054,-5.807781116728658
2748,10.342624742012289,-5.789434400769458
2749,10.377773325783304,-5.771048624836389
2750,10.412878807878466,-5.752624232768325
2751,10.447940790323214,-5.734161669246788
2752,10.482958878219419,-5.715661379784627
2753,10.51793267969785,-5.697123810714676
2754,10.552861805871657,-5.678549409178413
2755,10.587745870790833,-5.659938623114588
2756,10.62258449139767,-5.641291901247858
2757,10.657377287483175,-5.6226096930774006
2758,10.692123881644388,-5.603892448865516
2759,10.726823899242655,-5.585140619626224
2760,10.761476968362722,-5.566354657113849
2761,10.79608271977278,-5.547535013811587
2762,10.830640786885263,-5.528682142920082
2763,10.865150805718574,-5.509796498345968
2764,10.899612414859515,-5.490878534690425
2765,10.934025255426592,-5.471928707237712
2766,10.968388971034047,-5.452947471943698
2767,11.002703207756623,-5.4339352854243845
2768,11.036967614095115,-5.414892604944414
2769,11.071181840942621,-5.395819888405583
2770,11.10534554155147,-5.376717594335342
2771,11.139458371500853,-5.357586181875283
2772,11.173519988665134,-5.338426110769632
2773,11.207530053182792,-5.319237841353727
2774,11.24148822742603,-5.300021834542495
2775,11.275394175970982,-5.280778551818922
2776,11.30924756556855,-5.2615084552225175
2777,11.34304806511581,-5.2422120073377805
2778,11.376795345628057,-5.222889671282645
2779,11.410489080211356,-5.203541910696943
2780,11.444128944035697,-5.184169189730853
2781,11.477714614308658,-5.164771973033335
2782,11.511245770249628,-5.145350725740589
2783,11.54472209306456,-5.12590591346448
2784,11.578143265921177,-5.10643800228099
2785,11.611508973924742,-5.086947458718639
2786,11.644818904094295,-5.067434749746933
2787,11.678072745339326,-5.04790034276479
2788,11.711270188436961,-5.028344705588969
2789,11.744410926009607,-5.008768306442508
2790,11.777494652502993,-4.989171613943149
2791,11.81052106416468,-4.969555097091772
2792,11.843489859022995,-4.949919225260825
2793,11.87640073686641,-4.930264468182756
2794,11.90925339922324,-4.910591295938442
2795,11.942047549341849,-4.8909001789456275
2796,11.974782892171186,-4.871191587947354
2797,12.007459134341678,-4.851465994000402
2798,12.040075984146553,-4.831723868463729
2799,12.072633151523517,-4.8119656829869015
2800,12.10513034803675,-4.7921919094985554
2801,12.137567286859305,-4.77240302019483
2802,12.169943682755802,-4.752599487527826
2803,12.202259252065483,-4.73278178419405
2804,12.23451371268558,-4.7129503831228865
2805,12.266706784055044,-4.693105757465046
2806,12.298838187138522,-4.673248380581042
2807,12.330907644410697,-4.653378726029657
2808,12.362914879840913,-4.633497267556422
2809,12.394859618878051,-4.613604479082097
2810,12.426741588435796,-4.5937008346911625
2811,12.458560516878075,-4.573786808620306
2812,12.490316134004825,-4.5538628752469315
2813,12.522008171038056,-4.533929509077663
2814,12.553636360608106,-4.513987184736856
2815,12.585200436740243,-4.494036376955117
2816,12.616700134841443,-4.474077560557843
2817,12.648135191687466,-4.454111210453746
2818,12.67950534541017,-4.434137801623404
2819,12.710810335485023,-4.414157809107812
2820,12.742049902718913,-4.394171707996945
2821,12.773223789238138,-4.3741799734183235
2822,12.80433173847666,-4.354183080525605
2823,12.835373495164518,-4.334181504487157
2824,12.866348805316505,-4.3141757204746725
2825,12.897257416221075,-4.294166203651768
2826,12.928099076429394,-4.274153429162606
2827,12.958873535744628,-4.254137872120529
2828,12.98958054521145,-4.234120007596695
2829,13.02021985710569,-4.214100310608733
2830,13.050791224924245,-4.194079256109407
2831,13.081294403375061,-4.174057318975291
2832,13.111729148367463,-4.154034973995454
2833,13.14209521700251,-4.134012695860164
2834,13.1723923675636,-4.113990959149599
2835,13.202620359507256,-4.093970238322569
2836,13.232778953454037,-4.073951007705259
2837,13.262867911179647,-4.053933741479977
2838,13.292886995606207,-4.033918913673921
2839,13.322835970793646,-4.013906998147958
2840,13.352714601931313,-3.9938984685854155
2841,13.382522655329684,-3.9738937984808924
2842,13.412259898412247,-3.9538934611290766
2843,13.441926099707521,-3.9338979296135883
2844,13.471521028841243,-3.9139076767958247
2845,13.50104445652867,-3.8939231753038346
2846,13.530496154566999,-3.873944897521197
2847,13.559875895828,-3.853973315575924
2848,13.589183454250708,-3.8340089013293754
2849,13.61841860483427,-3.814052126365188
2850,13.647581123630918,-3.7941034619782252
2851,13.676670787739091,-3.7741633791635483
2852,13.705687375296627,-3.7542323486053895
2853,13.734630665474121,-3.7343108406661587
2854,13.763500438468416,-3.714399325375462
2855,13.79229647549615,-3.69449827241913
2856,13.821018558787445,-3.6746081511282807
2857,13.84966647157974,-3.6547294304683855
2858,13.878239998111678,-3.634862579028362
2859,13.906738923617148,-3.615008065009684
2860,13.935163034319395,-3.5951663562155094
2861,13.963512117425267,-3.575337920039831
2862,13.991785961119533,-3.5555232234566385
2863,14.019984354559316,-3.5357227330091088
2864,14.048107087868646,-3.515936914798819
2865,14.076153952133053,-3.496166234474963
2866,14.104124739394296,-3.4764111572236076
2867,14.132019242645182,-3.4566721477569606
2868,14.159837255824462,-3.4369496703026545
2869,14.187578573811825,-3.4172441885930676
2870,14.215242992422983,-3.397556165854646
2871,14.2428303084048,-3.3778860647972615
2872,14.2703403194306,-3.3582343476035907
2873,14.297772824095441,-3.3386014759185056
2874,14.325127621911548,-3.3189879108385
2875,14.352404513303807,-3.299394112901126
2876,14.379603299605325,-3.2798205420744644
2877,14.406723783053101,-3.2602676577466054
2878,14.433765766783688,-3.2407359187151674
2879,14.46072905482905,-3.221225783176826
2880,14.48761345211239,-3.2017377087168724
2881,14.514418764444102,-3.1822721522987942
2882,14.541144798517761,-3.1628295702538853
2883,14.56779136190622,-3.1434104182708675
2884,14.594358263057744,-3.124015151385549
2885,14.62084531129221,-3.1046442239705017
2886,14.647252316797397,-3.085298089724764
2887,14.673579090625312,-3.065977201663568
2888,14.699825444688576,-3.046682012108092
2889,14.725991191756917,-3.027412972675239
2890,14.752076145453657,-3.0081705342674416
2891,14.77808012025232,-2.9889551470624887
2892,14.804002931473256,-2.9697672605033816
2893,14.829844395280341,-2.9506073232882155
2894,14.855604328677721,-2.931475783360087
2895,14.88128254950661,-2.9123730878970275
2896,14.906878876442182,-2.893299683301964
2897,14.932393128990467,-2.8742560151927052
2898,14.9578251274853,-2.8552425283919574
2899,14.983174693085356,-2.8362596669173636
2900,15.00844164777122,-2.817307873971575
2901,15.033625814342498,-2.7983875919323453
2902,15.058727016414974,-2.779499262342654
2903,15.083745078417826,-2.7606433259008605
2904,15.108679825590894,-2.7418202224508814
2905,15.133531083981971,-2.7230303909724003
2906,15.158298680444174,-2.7042742695711035
2907,15.182982442633316,-2.685552295468945
2908,15.207582199005355,-2.666864904994439
2909,15.232097778813884,-2.6482125335729845
2910,15.256529012107642,-2.6295956157172165
2911,15.280875729728075,-2.611014585017384
2912,15.30513776330695,-2.5924698741317647
2913,15.329314945264015,-2.573961914777101
2914,15.353407108804642,-2.555491137719071
2915,15.377414087917584,-2.5370579727627898
2916,15.401335717372731,-2.518662848743333
2917,15.42517183271891,-2.5003061935163013
2918,15.448922270281686,-2.4819884339484104
2919,15.472586867161283,-2.463709995908107
2920,15.496165461230461,-2.4454713042562237
2921,15.519657891132463,-2.4272727828366607
2922,15.543063996278978,-2.409114854467095
2923,15.566383616848174,-2.3909979409297257
2924,15.589616593782711,-2.372922462962052
2925,15.612762768787835,-2.354888840247675
2926,15.63582198432947,-2.336897491407138
2927,15.658794083632364,-2.3189488339887956
2928,15.681678910678253,-2.301043284459715
2929,15.70447631020405,-2.283181258196607
2930,15.727186127700081,-2.2653631694767964
2931,15.749808209408346,-2.247589431469215
2932,15.772342402320781,-2.2298604562254325
2933,15.794788554177613,-2.2121766546707198
2934,15.817146513465655,-2.1945384365951424
2935,15.839416129416685,-2.1769462106446906
2936,15.86159725200587,-2.1594003843124385
2937,15.883689731950163,-2.1419013639297364
2938,15.905693420706744,-2.124449554657441
2939,15.927608170471498,-2.107045360477171
2940,15.949433834177523,-2.089689184182605
2941,15.971170265493642,-2.0723814273708063
2942,15.992817318822942,-2.0551224904335816
2943,16.01437484930137,-2.03791277254888
2944,16.035842712796292,-2.020752671672217
2945,16.057220765905143,-2.003642584528138
2946,16.078508865954024,-1.9865829066017178
2947,16.099706870996403,-1.9695740321300854
2948,16.120814639811787,-1.9526163540939938
2949,16.141832031904404,-1.9357102642094182
2950,16.162758907501953,-1.918856152919188
2951,16.18359512755435,-1.9020544093846599
2952,16.204340553732482,-1.8853054214774159
2953,16.22499504842698,-1.868609575771007
2954,16.245558474747043,-1.851967257532724
2955,16.266030696519298,-1.835378850715407
2956,16.28641157828657,-1.8188447379492878
2957,16.306700985306797,-1.8023653005338713
2958,16.3268987835519,-1.7859409184298507
2959,16.347004839706685,-1.7695719702510537
2960,16.367019021167742,-1.753258833256434
2961,16.38694119604241,-1.7370018833420884
2962,16.40677123314771,-1.7208014950333177
2963,16.426509002009308,-1.7046580414767187
2964,16.446154372860523,-1.6885718944323125
2965,16.465707216641324,-1.6725434242657138
2966,16.485167404997327,-1.6565729999403298
2967,16.50453481027884,-1.6406609890095998
2968,16.523809305539938,-1.6248077576092703
2969,16.542990764537493,-1.6090136704497062
2970,16.56207906173027,-1.5932790908082375
2971,16.581074072278028,-1.5776043805215456
2972,16.599975672040607,-1.561989899978085
2973,16.61878373757709,-1.54643600811054
2974,16.637498146144903,-1.5309430623883211
2975,16.65611877569899,-1.5155114188100973
2976,16.674645504890957,-1.5001414318963662
2977,16.693078213068283,-1.4848334546820599
2978,16.711416780273495,-1.469587838709189
2979,16.729661087243354,-1.4544049340195249
2980,16.747811015408125,-1.4392850891473186
2981,16.765866446890744,-1.4242286511120572
2982,16.78382726450611,-1.4092359654112572
2983,16.801693351760314,-1.3943073760132976
2984,16.819464592849922,-1.379443225350289
2985,16.83714087266125,-1.3646438543109811
2986,16.854722076769633,-1.3499096022337083
2987,16.872208091438768,-1.3352408068993726
2988,16.88959880361999,-1.3206378045244662
2989,16.90689410095161,-1.3061009297541302
2990,16.924093871758263,-1.2916305156552532
2991,16.941198005050232,-1.2772268937096076
2992,16.95820639052281,-1.2628903938070226
2993,16.975118918555687,-1.2486213442385992
2994,16.991935480212288,-1.2344200716899614
2995,17.008655967239196,-1.2202869012345448
2996,17.025280272065526,-1.2062221563269266
2997,17.041808287802365,-1.1922261587961929
2998,17.058239908242108,-1.1782992288393448
2999,17.07457502785799,-1.1644416850147428
