turn,time_sigma_ns,Q1
0,9.959436791699536,-0.003481583550653032
1,9.95944440342184,-0.003480879235634714
2,9.95945244403697,-0.0034801323968790413
3,9.959460913470862,-0.003479343041898959
4,9.959469811645848,-0.003478511178557309
5,9.959479138480665,-0.0034776368150667915
6,9.959488893890445,-0.0034767199599903507
7,9.959499077786697,-0.0034757606222415257
8,9.959509690077345,-0.003474758811083249
9,9.959520730666705,-0.0034737145361280397
10,9.95953219945551,-0.0034726278073378865
11,9.95954409634086,-0.0034714986350249384
12,9.959556421216277,-0.00347032702985061
13,9.959569173971683,-0.003469113002825273
14,9.959582354493401,-0.003467856565308472
15,9.959595962664176,-0.0034665577290081077
16,9.959609998363137,-0.0034652165059818442
17,9.95962446146582,-0.003463832908636127
18,9.959639351844194,-0.003462406949724602
19,9.959654669366621,-0.0034609386423503025
20,9.959670413897879,-0.0034594279999643285
21,9.959686585299163,-0.0034578750363654293
22,9.959703183428068,-0.0034562797657011366
23,9.959720208138627,-0.0034546422024657303
24,9.959737659281268,-0.003452962361501859
25,9.959755536702847,-0.003451240257999473
26,9.959773840246655,-0.0034494759074950435
27,9.959792569752388,-0.0034476693258727784
28,9.959811725056165,-0.0034458205293638857
29,9.95983130599054,-0.003443929534545866
30,9.959851312384503,-0.0034419963583426152
31,9.95987174406344,-0.0034400210180254485
32,9.959892600849196,-0.0034380035312107536
33,9.95991388256005,-0.0034359439158610514
34,9.959935589010703,-0.003433842190284936
35,9.959957720012293,-0.0034316983731365568
36,9.959980275372402,-0.0034295124834153134
37,9.960003254895055,-0.0034272845404657885
38,9.960026658380704,-0.0034250145639781516
39,9.960050485626255,-0.003422702573986638
40,9.960074736425057,-0.0034203485908705544
41,9.960099410566917,-0.0034179526353530195
42,9.960124507838085,-0.003415514728501639
43,9.96015002802125,-0.003413034891728425
44,9.960175970895579,-0.0034105131467882395
45,9.960202336236673,-0.0034079495157805064
46,9.96022912381661,-0.0034053440211467604
47,9.960256333403917,-0.0034026966856723897
48,9.96028396476359,-0.0034000075324854577
49,9.960312017657087,-0.0033972765850564216
50,9.960340491842336,-0.0033945038671983076
51,9.960369387073735,-0.003391689403066045
52,9.960398703102141,-0.0033888332171572865
53,9.960428439674917,-0.0033859353343097098
54,9.960458596535867,-0.0033829957797040584
55,9.960489173425294,-0.003380014578861413
56,9.960520170079976,-0.0033769917576440974
57,9.960551586233189,-0.003373927342254332
58,9.960583421614682,-0.003370821359235505
59,9.960615675950695,-0.0033676738354710585
60,9.96064834896396,-0.0033644847981841738
61,9.960681440373714,-0.003361254274937545
62,9.960714949895678,-0.003357982293633404
63,9.960748877242084,-0.0033546688825127837
64,9.960783222121664,-0.00335131407015566
65,9.960817984239648,-0.003347917885480839
66,9.960853163297784,-0.0033444803577450223
67,9.960888758994322,-0.0033410015165431673
68,9.960924771024034,-0.0033374813918078112
69,9.960961199078204,-0.0033339200138088813
70,9.960998042844642,-0.00333031741315325
71,9.961035302007677,-0.003326673620784767
72,9.961072976248158,-0.0033229886679842545
73,9.961111065243474,-0.003319262586368018
74,9.961149568667532,-0.0033154954078890462
75,9.96118848619079,-0.0033116871648353184
76,9.961227817480237,-0.0033078378898303926
77,9.961267562199394,-0.003303947615833283
78,9.961307720008335,-0.0033000163761372735
79,9.961348290563672,-0.003296044204370838
80,9.961389273518582,-0.003292031134495311
81,9.961430668522798,-0.0032879772008063517
82,9.961472475222585,-0.0032838824379336712
83,9.961514693260794,-0.003279746880839375
84,9.961557322276821,-0.0032755705648189986
85,9.961600361906646,-0.0032713535255000643
86,9.961643811782803,-0.0032670957988426563
87,9.961687671534413,-0.00326279742113853
88,9.96173194078716,-0.003258458429011202
89,9.961776619163318,-0.0032540788594151927
90,9.961821706281738,-0.0032496587496362137
91,9.961867201757867,-0.003245198137289755
92,9.961913105203744,-0.0032406970603219044
93,9.96195941622799,-0.0032361555570088255
94,9.962006134435837,-0.0032315736659555214
95,9.962053259429116,-0.0032269514260965066
96,9.962100790806256,-0.003222288876695265
97,9.962148728162301,-0.00321758605734323
98,9.962197071088907,-0.003212843007960293
99,9.962245819174353,-0.0032080597687935567
100,9.962294972003516,-0.003203236380418346
101,9.962344529157921,-0.003198372883736046
102,9.962394490215715,-0.003193469319974913
103,9.962444854751666,-0.0031885257306897264
104,9.9624956223372,-0.0031835421577604208
105,9.962546792540357,-0.003178518643393223
106,9.96259836492583,-0.0031734552301191698
107,9.962650339054973,-0.0031683519607935144
108,9.962702714485776,-0.003163208878596313
109,9.962755490772885,-0.00315802602703187
110,9.962808667467606,-0.0031528034499277292
111,9.962862244117915,-0.0031475411914343382
112,9.962916220268449,-0.0031422392960255103
113,9.962970595460527,-0.0031368978084966945
114,9.963025369232131,-0.0031315167739659356
115,9.963080541117932,-0.003126096237872601
116,9.963136110649288,-0.0031206362459771085
117,9.963192077354234,-0.0031151368443610673
118,9.963248440757502,-0.003109598079426327
119,9.963305200380523,-0.003104019997894688
120,9.963362355741438,-0.0030984026468070893
121,9.963419906355073,-0.003092746073524435
122,9.963477851732982,-0.0030870503257256184
123,9.963536191383437,-0.0030813154514078432
124,9.963594924811412,-0.003075541498886563
125,9.963654051518624,-0.003069728516794212
126,9.9637135710035,-0.003063876554080911
127,9.963773482761203,-0.003057985660013241
128,9.96383378628364,-0.003052055884173615
129,9.963894481059452,-0.003046087276460516
130,9.96395556657404,-0.003040079887087161
131,9.964017042309543,-0.0030340337665820754
132,9.964078907744865,-0.0030279489657879673
133,9.96414116235566,-0.003021825535861936
134,9.96420380561435,-0.003015663528274268
135,9.964266836990129,-0.0030094629948084674
136,9.964330255948974,-0.003003223987560202
137,9.964394061953628,-0.0029969465589379973
138,9.964458254463612,-0.0029906307616622504
139,9.96452283293525,-0.0029842766487639194
140,9.96458779682166,-0.002977884273585164
141,9.964653145572758,-0.002971453689777882
142,9.964718878635258,-0.002964984951304503
143,9.964784995452687,-0.0029584781124368464
144,9.964851495465375,-0.0029519332277559026
145,9.964918378110482,-0.002945350352150459
146,9.964985642821999,-0.002938729540817381
147,9.965053289030715,-0.0029320708492619877
148,9.965121316164286,-0.002925374333295462
149,9.965189723647189,-0.0029186400490363263
150,9.96525851090075,-0.002911868052908862
151,9.965327677343131,-0.0029050584016434827
152,9.965397222389377,-0.0028982111522747487
153,9.965467145451372,-0.0028913263621423205
154,9.965537445937864,-0.002884404088890188
155,9.965608123254484,-0.0028774443904656948
156,9.965679176803718,-0.0028704473251197574
157,9.965750605984955,-0.0028634129514052277
158,9.965822410194452,-0.002856341328177802
159,9.96589458882536,-0.0028492325145948053
160,9.965967141267734,-0.002842086570114268
161,9.96604006690853,-0.002834903554494909
162,9.966113365131603,-0.0028276835277958865
163,9.96618703531773,-0.002820426550375742
164,9.966261076844601,-0.0028131326828922274
165,9.966335489086836,-0.00280580198630144
166,9.966410271415976,-0.0027984345218577305
167,9.966485423200501,-0.0027910303511132738
168,9.966560943805835,-0.0027835895359165377
169,9.966636832594336,-0.002776112138413557
170,9.966713088925342,-0.0027685982210447057
171,9.96678971215511,-0.002761047846547567
172,9.966866701636885,-0.002753461077953835
173,9.96694405672087,-0.0027458379785896955
174,9.967021776754253,-0.0027381786120748773
175,9.967099861081202,-0.002730483042322358
176,9.967178309042863,-0.002722751333538348
177,9.967257119977372,-0.002714983550221252
178,9.967336293219866,-0.00270717975716109
179,9.967415828102496,-0.0026993400194385174
180,9.967495723954407,-0.002691464402425443
181,9.967575980101772,-0.002683552971783275
182,9.967656595867778,-0.002675605793463302
183,9.96773757057264,-0.002667622933705587
184,9.967818903533603,-0.002659604459038616
185,9.967900594064956,-0.0026515504362787825
186,9.967982641478043,-0.002643460932529046
187,9.968065045081243,-0.002635336015179837
188,9.968147804179996,-0.0026271757519075786
189,9.96823091807681,-0.0026189802106739756
190,9.968314386071256,-0.002610749459726177
191,9.968398207459996,-0.002602483567594878
192,9.968482381536758,-0.002594182603095387
193,9.968566907592356,-0.0025858466353263537
194,9.968651784914716,-0.0025774757336684104
195,9.968737012788846,-0.0025690699677849344
196,9.96882259049688,-0.0025606294076203286
197,9.968908517318049,-0.002552154123400109
198,9.96899479252871,-0.002543644185630437
199,9.969081415402332,-0.002535099665097359
200,9.969168385209542,-0.002526520632865365
201,9.96925570121809,-0.0025179071602778394
202,9.969343362692873,-0.002509259318956316
203,9.969431368895936,-0.002500577180799698
204,9.969519719086495,-0.0024918608179832135
205,9.969608412520913,-0.0024831103029591063
206,9.969697448452733,-0.002474325708454506
207,9.969786826132673,-0.002465507107471964
208,9.969876544808637,-0.002456654573288073
209,9.969966603725707,-0.0024477681794539117
210,9.970057002126184,-0.0024388479997926858
211,9.970147739249555,-0.002429894108400922
212,9.970238814332529,-0.002420906579646566
213,9.970330226609015,-0.0024118854881694423
214,9.970421975310169,-0.0024028309088794026
215,9.97051405966436,-0.0023937429169568008
216,9.970606478897198,-0.002384621587851432
217,9.970699232231539,-0.002375466997281684
218,9.970792318887478,-0.0023662792212349815
219,9.970885738082384,-0.002357058335965145
220,9.97097948903088,-0.002347804417993771
221,9.97107357094486,-0.0023385175441083964
222,9.971167983033501,-0.002329197791362411
223,9.97126272450326,-0.00231984523707401
224,9.971357794557887,-0.0023104599588262024
225,9.971453192398432,-0.002301042034465279
226,9.971548917223242,-0.002291591542101218
227,9.971644968227983,-0.0022821085601061196
228,9.971741344605642,-0.0022725931671139527
229,9.971838045546525,-0.002263045442020085
230,9.971935070238278,-0.002253465463980192
231,9.972032417865881,-0.002243853312410021
232,9.97213008761167,-0.0022342090669842966
233,9.972228078655322,-0.002224532807637001
234,9.972326390173892,-0.002214824614558881
235,9.972425021341794,-0.0022050845681989093
236,9.972523971330814,-0.0021953127492624247
237,9.972623239310126,-0.002185509238710745
238,9.972722824446297,-0.0021756741177602424
239,9.972822725903285,-0.0021658074678821662
240,9.972922942842454,-0.002155909370801815
241,9.973023474422579,-0.002145979908497526
242,9.973124319799858,-0.002136019163200293
243,9.973225478127906,-0.002126027217393346
244,9.973326948557784,-0.0021160041538106876
245,9.973428730237979,-0.0021059500554375782
246,9.973530822314443,-0.0020958650055082975
247,9.973633223930571,-0.0020857490875071318
248,9.973735934227223,-0.0020756023851665603
249,9.973838952342742,-0.0020654249824667435
250,9.973942277412931,-0.0020552169636353086
251,9.97404590857109,-0.00204497841314622
252,9.974149844948004,-0.0020347094157195946
253,9.974254085671951,-0.0020244100563206998
254,9.974358629868737,-0.0020140804201586194
255,9.974463476661668,-0.002003720592686613
256,9.974568625171578,-0.0019933306596009175
257,9.974674074516836,-0.001982910706839752
258,9.974779823813334,-0.0019724608205835274
259,9.974885872174527,-0.0019619810872530397
260,9.974992218711412,-0.0019514715935096945
261,9.975098862532544,-0.0019409324262544857
262,9.97520580274406,-0.0019303636726267944
263,9.975313038449658,-0.001919765420004559
264,9.975420568750621,-0.0019091377560030963
265,9.975528392745838,-0.0018984807684739305
266,9.975636509531784,-0.0018877945455049886
267,9.975744918202539,-0.001877079175419443
268,9.975853617849806,-0.0018663347467747745
269,9.97596260756291,-0.0018555613483624302
270,9.976071886428803,-0.0018447590692067277
271,9.976181453532075,-0.0018339279985648683
272,9.976291307954954,-0.0018230682259254795
273,9.976401448777334,-0.0018121798410081023
274,9.976511875076763,-0.0018012629337624268
275,9.976622585928467,-0.0017903175943675311
276,9.976733580405341,-0.0017793439132313977
277,9.976844857577971,-0.0017683419809898981
278,9.976956416514621,-0.0017573118885067722
279,9.977068256281283,-0.0017462537268711682
280,9.977180375941636,-0.0017351675873990588
281,9.977292774557078,-0.0017240535616313026
282,9.97740545118675,-0.0017129117413324409
283,9.977518404887514,-0.001701742218490945
284,9.977631634713957,-0.0016905450853191106
285,9.977745139718447,-0.0016793204342496584
286,9.977858918951087,-0.0016680683579378905
287,9.977972971459746,-0.0016567889492597342
288,9.978087296290076,-0.0016454823013101858
289,9.978201892485513,-0.0016341485074036605
290,9.978316759087273,-0.0016227876610731488
291,9.97843189513437,-0.0016113998560691716
292,9.978547299663639,-0.0015999851863589647
293,9.978662971709703,-0.001588543746126279
294,9.97877891030504,-0.0015770756297691611
295,9.978895114479927,-0.0015655809319017127
296,9.979011583262505,-0.0015540597473505812
297,9.979128315678745,-0.0015425121711562671
298,9.979245310752491,-0.0015309382985708418
299,9.979362567505433,-0.0015193382250585684
300,9.979480084957144,-0.0015077120462940563
301,9.979597862125072,-0.0014960598581622122
302,9.979715898024557,-0.0014843817567569118
303,9.979834191668841,-0.0014726778383803343
304,9.97995274206906,-0.0014609481995427143
305,9.980071548234276,-0.0014491929369607412
306,9.980190609171462,-0.001437412147557837
307,9.980309923885532,-0.001425605928462026
308,9.980429491379333,-0.0014137743770062825
309,9.98054931065367,-0.0014019175907271251
310,9.980669380707281,-0.0013900356673647565
311,9.980789700536901,-0.001378128704860358
312,9.980910269137208,-0.0013661968013577606
313,9.981031085500879,-0.0013542400552006733
314,9.981152148618577,-0.0013422585649330368
315,9.981273457478961,-0.001330252429297666
316,9.981395011068713,-0.0013182217472351308
317,9.981516808372511,-0.0013061666178842302
318,9.981638848373063,-0.00129408714058041
319,9.981761130051103,-0.0012819834148552153
320,9.981883652385427,-0.0012698555404342048
321,9.982006414352867,-0.0012577036172380651
322,9.982129414928318,-0.0012455277453807408
323,9.982252653084736,-0.0012333280251691314
324,9.982376127793163,-0.0012211045571015884
325,9.982499838022726,-0.001208857441867564
326,9.98262378274064,-0.0011965867803470545
327,9.982747960912224,-0.0011842926736093933
328,9.982872371500903,-0.001171975222912938
329,9.982997013468234,-0.0011596345297031957
330,9.983121885773892,-0.001147270695613254
331,9.983246987375699,-0.0011348838224620782
332,9.983372317229614,-0.0011224740122542994
333,9.983497874289755,-0.0011100413671791582
334,9.983623657508401,-0.0010975859896097358
335,9.983749665836017,-0.0010851079821014014
336,9.983875898221227,-0.001072607447392713
337,9.98400235361086,-0.0010600844884030274
338,9.984129030949946,-0.0010475392082319815
339,9.98425592918172,-0.0010349717101591264
340,9.984383047247626,-0.0010223820976430896
341,9.984510384087352,-0.0010097704743199304
342,9.984637938638798,-0.0009971369440038777
343,9.984765709838126,-0.0009844816106847026
344,9.984893696619737,-0.0009718045785281675
345,9.985021897916308,-0.0009591059518745126
346,9.985150312658776,-0.0009463858352380523
347,9.98527893977636,-0.0009336443333059918
348,9.985407778196578,-0.0009208815509376623
349,9.985536826845232,-0.0009080975931639171
350,9.985666084646434,-0.0008952925651862823
351,9.985795550522617,-0.0008824665723758756
352,9.985925223394526,-0.0008696197202730211
353,9.98605510218125,-0.0008567521145857825
354,9.986185185800226,-0.0008438638611891051
355,9.986315473167226,-0.0008309550661251187
356,9.9864459631964,-0.0008180258356005212
357,9.986576654800267,-0.0008050762759869151
358,9.986707546889711,-0.0007921064938203432
359,9.98683863837401,-0.000779116595799514
360,9.98696992816085,-0.0007661066887848436
361,9.987101415156312,-0.0007530768797983818
362,9.987233098264904,-0.0007400272760222698
363,9.987364976389548,-0.0007269579847985838
364,9.987497048431605,-0.0007138691136282139
365,9.98762931329087,-0.0007007607701698728
366,9.987761769865603,-0.0006876330622390455
367,9.987894417052521,-0.0006744860978074581
368,9.988027253746813,-0.0006613199850022676
369,9.988160278842154,-0.0006481348321043515
370,9.988293491230694,-0.0006349307475493448
371,9.988426889803097,-0.0006217078399246036
372,9.98856047344853,-0.0006084662179696831
373,9.988694241054668,-0.0005952059905754389
374,9.98882819150772,-0.0005819272667827068
375,9.988962323692435,-0.0005686301557811391
376,9.989096636492107,-0.0005553147669091468
377,9.98923112878857,-0.0005419812096528698
378,9.989365799462234,-0.0005286295936447683
379,9.989500647392083,-0.0005152600286633881
380,9.989635671455684,-0.0005018726246316619
381,9.98977087052919,-0.0004884674916169817
382,9.989906243487363,-0.0004750447398296423
383,9.990041789203563,-0.00046160447962299855
384,9.990177506549774,-0.00044814682149110075
385,9.990313394396624,-0.00043467187606847143
386,9.990449451613364,-0.000421179754129634
387,9.9905856770679,-0.0004076705665879096
388,9.990722069626788,-0.0003941444244945316
389,9.990858628155262,-0.0003806014390375463
390,9.990995351517224,-0.00036704172154138244
391,9.991132238575275,-0.00035346538346529605
392,9.991269288190693,-0.00033987253640374517
393,9.991406499223473,-0.00032626329208393265
394,9.99154387053232,-0.0003126377623662693
395,9.991681400974658,-0.0002989960592426794
396,9.991819089406658,-0.0002853382948356728
397,9.991956934683229,-0.0002716645813977838
398,9.99209493565802,-0.0002579750313110704
399,9.992233091183452,-0.00024426975708574455
400,9.99237140011072,-0.0002305488713587735
401,9.992509861289806,-0.0002168124868933912
402,9.992648473569455,-0.00020306071657950008
403,9.99278723579724,-0.00018929367343052997
404,9.992926146819542,-0.0001755114705835295
405,9.993065205481548,-0.00016171422129916487
406,9.993204410627273,-0.00014790203895984123
407,9.99334376109958,-0.00013407503706889355
408,9.993483255740175,-0.00012023332924948508
409,9.993622893389622,-0.00010637702924459998
410,9.993762672887366,-9.25062509145894e-05
411,9.993902593071697,-7.862110823863731e-05
412,9.994042652779818,-6.472171531150472e-05
413,9.994182850847828,-5.080818634327126e-05
414,9.99432318611072,-3.6880635659605335e-05
415,9.994463657402402,-2.2939177699632653e-05
416,9.994604263555717,-8.983927015614767e-06
417,9.994745003402437,4.9850017287658584e-06
418,9.99488587577327,1.896749375781539e-05
419,9.995026879497901,3.2963434186666515e-05
420,9.995168013404955,4.697270802029756e-05
421,9.99530927632203,6.0995200155306325e-05
422,9.995450667075733,7.503079538169484e-05
423,9.995592184491647,8.907937838245328e-05
424,9.995733827394355,0.00010314083373472993
425,9.99587559460745,0.00011721504591073711
426,9.996017484953553,0.0001313018992791971
427,9.996159497254322,0.00014540127810617527
428,9.99630163033045,0.0001595130665555107
429,9.996443883001673,0.00017363714868931483
430,9.9965862540868,0.0001877734084704505
431,9.99672874240371,0.00020192172976229853
432,9.996871346769352,0.00021608199632954558
433,9.997014065999771,0.0002302540918394797
434,9.997156898910127,0.00024443789986402316
435,9.997299844314663,0.00025863330387788117
436,9.997442901026753,0.00027284018726188536
437,9.997586067858913,0.00028705843330357144
438,9.99772934362277,0.00030128792519642795
439,9.99787272712912,0.00031552854604312806
440,9.998016217187924,0.00032978017885538965
441,9.998159812608286,0.000344042706553941
442,9.998303512198515,0.00035831601197166136
443,9.99844731476609,0.0003725999778522491
444,9.998591219117692,0.0003868944868524246
445,9.998735224059216,0.0004011994215426661
446,9.99887932839577,0.00041551466440825554
447,9.999023530931687,0.00042984009784949724
448,9.999167830470533,0.0004441756041830446
449,9.999312225815135,0.0004585210656436542
450,9.999456715767572,0.0004728763643841434
451,9.999601299129178,0.0004872413824760775
452,9.999745974700582,0.0005016160019117814
453,9.999890741281687,0.0005160001046044325
454,10.000035597671694,0.0005303935723891206
455,10.000180542669115,0.0005447962870242408
456,10.000325575071768,0.0005592081301915494
457,10.000470693676805,0.0005736289834979913
458,10.00061589728071,0.000588058728476207
459,10.000761184679316,0.0006024972465856713
460,10.000906554667818,0.0006169444192136009
461,10.001052006040755,0.0006314001276751499
462,10.001197537592063,0.000645864253215739
463,10.001343148115058,0.0006603366770110636
464,10.001488836402439,0.0006748172801675098
465,10.001634601246321,0.0006893059437246212
466,10.001780441438228,0.0007038025486547146
467,10.001926355769129,0.000718306975865313
468,10.0020723430294,0.0007328191061976894
469,10.00221840200888,0.0007473388204302115
470,10.002364531496845,0.0007618659992774703
471,10.00251073028206,0.0007764005233930058
472,10.002656997152737,0.0007909422733680858
473,10.002803330896597,0.0008054911297350888
474,10.002949730300838,0.0008200469729662978
475,10.003096194152175,0.0008346096834761966
476,10.003242721236816,0.00084917914162137
477,10.00338931034053,0.0008637552277033711
478,10.003535960248584,0.0008783378219667986
479,10.003682669745807,0.0008929268046026476
480,10.00382943761657,0.0009075220557477456
481,10.003976262644827,0.000922123455487446
482,10.004123143614084,0.0009367308838543405
483,10.004270079307442,0.0009513442208307318
484,10.004417068507609,0.0009659633463497932
485,10.004564109996869,0.0009805881402950981
486,10.004711202557132,0.000995218482502308
487,10.004858344969943,0.0010098542527611524
488,10.005005536016457,0.0010244953308142762
489,10.005152774477502,0.0010391415963605887
490,10.00530005913353,0.0010537929290538326
491,10.00544738876468,0.0010684492085051948
492,10.005594762150743,0.0010831103142836117
493,10.00574217807121,0.0010977761259167997
494,10.005889635305259,0.0011124465228924607
495,10.006037132631771,0.0011271213846588885
496,10.006184668829338,0.0011418005906257917
497,10.00633224267628,0.001156484020165823
498,10.006479852950651,0.0011711715526155565
499,10.006627498430246,0.0011858630672754286
500,10.006775177892605,0.001200558443411412
501,10.006922890115048,0.0012152576197087975
502,10.007070633692086,0.001229960575868539
503,10.00721840685352,0.0012446672548756393
504,10.007366207465317,0.0012593775630730644
505,10.007514033030535,0.0012740913702349364
506,10.007661880690241,0.001288808509637177
507,10.007809747224444,0.001303528778125007
508,10.007957629053005,0.0013182519361778751
509,10.008105522236567,0.0013329777079709249
510,10.008253422477495,0.001347705781435474
511,10.008401325120806,0.0013624358083153749
512,10.008549225155102,0.0013771674042210847
513,10.008697117213503,0.0013919001486814657
514,10.008844995574611,0.0014066335851934118
515,10.00899285416343,0.0014213672212677266
516,10.009140686552339,0.001436100528474046
517,10.009288485962035,0.0014508329424824699
518,10.009436245262467,0.0014655638631017858
519,10.00958395697383,0.0014802926543175368
520,10.009731613267503,0.001495018644326368
521,10.00987920596702,0.0015097411255677886
522,10.010026726549023,0.001524459354753676
523,10.010174166144258,0.001539172552896743
524,10.010321515538529,0.001553879905335497
525,10.01046876517367,0.0015685805617565213
526,10.010615905148539,0.0015832736362164424
527,10.010762925219987,0.001597958207159775
528,10.010909814803844,0.0016126333174353192
529,10.0110565629759,0.001627297974310996
530,10.011203158472934,0.0016419511494867344
531,10.01134958969365,0.001656591779103249
532,10.011495844699716,0.001671218763751249
533,10.011641911216742,0.0016858309684771573
534,10.011787776635279,0.0017004272227868803
535,10.011933428011847,0.0017150063206492832
536,10.012078852069921,0.0017295670204951514
537,10.012224035200942,0.00174410804521601
538,10.012368963465354,0.0017586280821613733
539,10.01251362259359,0.0017731257831321377
540,10.01265799798711,0.0017875997643741705
541,10.01280207471942,0.0018020486065696982
542,10.012945837537092,0.0018164708548255614
543,10.013089270860803,0.0018308650186619237
544,10.013232358786347,0.001845229571997043
545,10.013375085085691,0.001859562953132794
546,10.013517433207996,0.0018738635647357594
547,10.013659386280658,0.0018881297738190274
548,10.013800927110367,0.0019023599117220429
549,10.013942038184142,0.0019165522740876436
550,10.01408270167036,0.0019307051208376869
551,10.014222899419847,0.0019448166761497894
552,10.014362612966872,0.0019588851284273573
553,10.014501823530287,0.001972908630275737
554,10.014640512014513,0.0019868852984689985
555,10.014778659010638,0.0020008132139207346
556,10.014916244797474,0.002014690421651049
557,10.015053249342637,0.002028514930753658
558,10.015189652303594,0.002042284714359894
559,10.015325433028767,0.0020559977096038223
560,10.01546057055858,0.0020696518175829246
561,10.015595043626558,0.002083244903320761
562,10.015728830660407,0.0020967747957269032
563,10.015861909783094,0.0021102392875554975
564,10.015994258813953,0.0021236361353638763
565,10.016125855269744,0.0021369630594679505
566,10.016256676365785,0.002150217743899311
567,10.016386699017014,0.0021633978363584834
568,10.016515899839114,0.0021765009481695278
569,10.016644255149602,0.002189524654232114
570,10.016771740968952,0.002202466492973569
571,10.01689833302167,0.002215323966298544
572,10.017024006737456,0.002228094539540984
573,10.017148737252263,0.0022407756414102907
574,10.017272499409454,0.002253364663941518
575,10.017395267760913,0.0022658589624418965
576,10.01751701656815,0.0022782558554370505
577,10.01763771980345,0.0022905526246171427
578,10.017757351150992,0.0023027465147819884
579,10.017875884007985,0.002314834733784936
580,10.017993291485787,0.0023268144524764335
581,10.018109546411067,0.002338682804647827
582,10.018224621326919,0.002350436886972419
583,10.018338488494035,0.0023620737589489407
584,10.018451119891825,0.0023735904428412663
585,10.018562487219574,0.002384983923619636
586,10.018672561897601,0.002396251148901397
587,10.018781315068393,0.0024073890288893664
588,10.018888717597806,0.0024183944363132
589,10.018994740076177,0.002429264206366684
590,10.019099352819506,0.0024399951366460954
591,10.01920252587064,0.0024505839870898522
592,10.019304229000404,0.0024610274799145215
593,10.019404431708816,0.0024713222995539222
594,10.019503103226226,0.002481465092595072
595,10.019600212514517,0.002491452467716095
596,10.019695728268266,0.0025012809956224662
597,10.019789618915965,0.0025109472089847153
598,10.019881852621154,0.002520447602372926
599,10.019972397283654,0.002529778632195005
600,10.020061220540741,0.002538936716631919
601,10.020148289768338,0.0025479182355738696
602,10.020233572082232,0.002556719530557038
603,10.020317034339254,0.002565336904699402
604,10.020398643138494,0.0025737666226362758
605,10.020478364822502,0.002582004910457475
606,10.020556165478505,0.002590047955642904
607,10.020632010939613,0.00259789190699909
608,10.020705866786045,0.002605532874596361
609,10.020777698346345,0.0026129669297047906
610,10.020847470698575,0.0026201901047303105
611,10.020915148671602,0.002627198393154216
612,10.020980696846257,0.002633987749467772
613,10.021044079556608,0.002640554089111335
614,10.021105260891185,0.0026468932884122077
615,10.021164204694209,0.002653001184522429
616,10.021220874566836,0.0026588735753575376
617,10.0212752338684,0.0026645062195354715
618,10.021327245717654,0.0026698948363163308
619,10.021376872994033,0.0026750351055422486
620,10.021424078338878,0.0026799226675769425
621,10.021468824156715,0.0026845531232471864
622,10.021511072616502,0.0026889220337843363
623,10.02155078565289,0.0026930249207661725
624,10.021587924967491,0.002696857266058913
625,10.021622452030133,0.0027004145117609938
626,10.02165432808014,0.002703692060146377
627,10.021683514127588,0.0027066852736088707
628,10.021709970954609,0.0027093894746082576
629,10.021733659116638,0.0027117999456151795
630,10.02175453894372,0.002713911929058293
631,10.021772570541772,0.00271572062727153
632,10.021787713793882,0.0027172212024420515
633,10.021799928361602,0.002718408776560289
634,10.021809173686231,0.002719278431368772
635,10.021815408990118,0.002719825208313677
636,10.021818593277947,0.0027200441084958087
637,10.02181868533807,0.0027199300926248646
638,10.02181564374379,0.0027194780809720277
639,10.021809426854668,0.002718682953324682
640,10.021799992817837,0.0027175395489425105
641,10.021787299569324,0.0027160426665143026
642,10.021771304835354,0.002714187064115641
643,10.021751966133692,0.0027119674591684893
644,10.021729240774931,0.0027093785284003032
645,10.021703085863855,0.002706414907806944
646,10.021673458300738,0.002703071192613342
647,10.021640314782704,0.0026993419372394935
648,10.021603611805057,0.002695221655264164
649,10.021563305662598,0.0026907048193913967
650,10.021519352450985,0.0026857858614181716
651,10.02147170806808,0.0026804591722037288
652,10.02142032821529,0.0026747191016400114
653,10.02136516839891,0.0026685599586223864
654,10.02130618393149,0.0026619760110240974
655,10.021243329933192,0.002654961485670495
656,10.021176561333146,0.0026475105683150253
657,10.021105832870807,0.002639617403616778
658,10.02103109909733,0.002631276095119779
659,10.020952314376945,0.0026224807052340872
660,10.020869432888325,0.002613225255217641
661,10.020782408625932,0.002603503725159326
662,10.020691195401447,0.0025933100539663806
663,10.020595746845123,0.0025826381393502947
664,10.020496016407163,0.0025714818378159243
665,10.020391957359141,0.0025598349646526537
666,10.02028352279535,0.0025476912939256685
667,10.020170665634222,0.002535044558471032
668,10.020053338619727,0.0025218884498911373
669,10.019931494322764,0.0025082166185526724
670,10.019805085142572,0.00249402267358633
671,10.019674063308138,0.00247930018288799
672,10.01953838087959,0.002464042673122032
673,10.019397989749642,0.0024482436297271794
674,10.01925284164497,0.002431896496922683
675,10.019102888127659,0.0024149946777181812
676,10.018948080596621,0.0023975315339250765
677,10.018788370289023,0.0023795003861701368
678,10.018623708281702,0.0023608945139092148
679,10.018454045492627,0.002341707155447177
680,10.018279332682292,0.0023219315079544217
681,10.01809952045519,0.002301560727490738
682,10.01791455926124,0.0022805879290283882
683,10.017724399397224,0.0022590061864774364
684,10.017528991008257,0.0022368085327149245
685,10.017328284089219,0.002213987959614572
686,10.017122228486219,0.002190537418079824
687,10.016910773898044,0.0021664498180783615
688,10.016693869877633,0.0021417180286796658
689,10.016471465833527,0.0021163348780943794
690,10.016243511031346,0.0020902931537161626
691,10.016009954595257,0.002063585602166359
692,10.015770745509439,0.0020362049293399334
693,10.01552583261957,0.0020081438004553053
694,10.015275164634316,0.0019793948401059264
695,10.015018690126778,0.001949950632313098
696,10.01475635753603,0.001919803720584345
697,10.014488115168572,0.0018889466079713582
698,10.014213911199821,0.001857371757131129
699,10.013933693675627,0.0018250715903908009
700,10.013647410513766,0.0017920384898147204
701,10.013355009505426,0.0017582647972725052
702,10.013056438316754,0.0017237428145130864
703,10.012751644490313,0.0016884648032371274
704,10.01244057544663,0.0016524229851754165
705,10.0121231784857,0.0016156095421692833
706,10.011799400788524,0.0015780166162534044
707,10.011469189418563,0.001539636309738433
708,10.011132491323366,0.001500460685304322
709,10.01078925333602,0.0014604817660870957
710,10.010439422176704,0.0014196915357744316
711,10.010082944454242,0.0013780819387027698
712,10.009719766667613,0.0013356448799557042
713,10.009349835207518,0.0012923722254674437
714,10.008973096357899,0.001248255802127481
715,10.008589496297512,0.0012032873978893037
716,10.00819898110147,0.0011574587618815421
717,10.007801496742784,0.001110761604521594
718,10.007396989093946,0.0010631875976338766
719,10.006985403928455,0.0010147283745683552
720,10.006566686922417,0.0009653755303250495
721,10.0061407836561,0.0009151206216802784
722,10.005707639615498,0.0008639551673151285
723,10.005267200193911,0.000811870647948356
724,10.004819410693523,0.0007588585064716039
725,10.004364216326978,0.0007049101480880758
726,10.003901562218982,0.0006500169404548934
727,10.003431393407842,0.0005941702138260098
728,10.00295365484715,0.0005373612612043061
729,10.002468291407254,0.0004795813384874233
730,10.001975247876974,0.00042082166462746216
731,10.001474468965105,0.0003610734217847519
732,10.000965899302091,0.0003003277554915094
733,10.0004494834416,0.00023857577481477464
734,9.999925165862127,0.00017580855252405882
735,9.999392890968641,0.00011201712526302998
736,9.998852603094162,4.719249372254737e-05
737,9.998304246501423,-1.8674377180421686e-05
738,9.99774776538445,-8.559255812356668e-05
739,9.997183103870215,-0.00015357115519363873
740,9.996610206020277,-0.0002226193096990663
741,9.99602901583238,-0.00029274619797917156
742,9.99543947724214,-0.0003639610312087143
743,9.994841534124625,-0.00043627305520172756
744,9.994235130296053,-0.000509691550208176
745,9.993620209515399,-0.0005842258307104338
746,9.992996715486067,-0.0006598852452143045
747,9.992364591857537,-0.000736679176036968
748,9.991723782227039,-0.00081461703909116
749,9.991074230141168,-0.0008937082836682457
750,9.9904158790976,-0.000973962392212811
751,9.989748672546718,-0.0010553888800992404
752,9.98907255389331,-0.0011379972953999796
753,9.988387466498237,-0.0012217972186530368
754,9.987693353680097,-0.001306798262625534
755,9.986990158716912,-0.0013930100720728035
756,9.986277824847805,-0.0014804423234948756
757,9.985556295274703,-0.0015691047248874057
758,9.984825513164017,-0.0016590070154911785
759,9.98408542164834,-0.001750158965536717
760,9.983335963828123,-0.0018425703759859103
761,9.982577082773403,-0.0019362510782692651
762,9.98180872152549,-0.0020312109340192954
763,9.981030823098678,-0.0021274598348009818
764,9.980243330481956,-0.002225007701838194
765,9.979446186640722,-0.0023238644857357057
766,9.978639334518494,-0.0024240401661987927
767,9.977822717038626,-0.0025255447517484025
768,9.976996277106037,-0.0026283882794314517
769,9.976159957608958,-0.0027325808145287935
770,9.975313701420612,-0.002838132450259551
771,9.974457451401008,-0.0029450533074796424
772,9.973591150398631,-0.0030533535343791295
773,9.972714741252176,-0.0031630433061749334
774,9.971828166792351,-0.0032741328247965803
775,9.970931369843553,-0.0033866323185741385
776,9.970024293225656,-0.003500552041916773
777,9.969106879755758,-0.0036159022749902635
778,9.968179072249935,-0.003732693323389958
779,9.967240813525008,-0.003850935517809667
780,9.966292046400277,-0.003970639213707727
781,9.965332713699318,-0.004091814790967871
782,9.964362758251747,-0.004214472653555958
783,9.963382122894975,-0.0043386232291751144
784,9.962390750476004,-0.004464276968913953
785,9.961388583853209,-0.0045914443468924315
786,9.960375565898076,-0.004720135859905604
787,9.959351639497061,-0.004850362027058586
788,9.958316747553301,-0.004982133389403188
789,9.957270832988483,-0.005115460509565497
790,9.956213838744569,-0.005250353971374511
791,9.955145707785633,-0.005386824379482877
792,9.954066383099663,-0.005524882358984845
793,9.95297580770035,-0.005664538555031803
794,9.951873924628924,-0.0058058036324407656
795,9.95076067695592,-0.005948688275303303
796,9.949636007783045,-0.006093203186585284
797,9.948499860244956,-0.006239359087727415
798,9.947352177511101,-0.006387166718238755
799,9.946192902787542,-0.006536636835287182
800,9.94502197931878,-0.006687780213286506
801,9.94383935038958,-0.006840607643479231
802,9.94264495932682,-0.006995129933514216
803,9.941438749501321,-0.007151357907022413
804,9.940220664329686,-0.007309302403187101
805,9.938990647276146,-0.007468974276310743
806,9.937748641854396,-0.007630384395378513
807,9.93649459162948,-0.007793543643615584
808,9.935228440219609,-0.007958462918043342
809,9.933950131298015,-0.00812515312903087
810,9.932659608594845,-0.008293625199840384
811,9.93135681589901,-0.008463890066170527
812,9.930041697060032,-0.00863595867569667
813,9.928714195989938,-0.0088098419876052
814,9.927374256665125,-0.008985550972124902
815,9.926021823128222,-0.009163096610054539
816,9.924656839489995,-0.009342489892285697
817,9.923279249931213,-0.009523741819322525
818,9.921888998704544,-0.009706863400796807
819,9.920486030136425,-0.009891865654980762
820,9.919070288628976,-0.010078759608293223
821,9.917641718661882,-0.010267556294804536
822,9.916200264794279,-0.010458266755736452
823,9.9147458716667,-0.010650902038956713
824,9.91327848400293,-0.010845473198472991
825,9.911798046611926,-0.011041991293920642
826,9.910304504389758,-0.011240467390045899
827,9.908797802321486,-0.011440912556187819
828,9.907277885483087,-0.011643337865754588
829,9.905744699043392,-0.011847754395695735
830,9.904198188265994,-0.01205417322597174
831,9.90263829851117,-0.01226260543901935
832,9.90106497523782,-0.012473062119212336
833,9.899478164005384,-0.01268555435232031
834,9.897877810475812,-0.012900093224960472
835,9.896263860415473,-0.01311668982404918
836,9.894636259697094,-0.013335355236248111
837,9.89299495430172,-0.013556100547406543
838,9.891339890320657,-0.013778936841999559
839,9.889671013957424,-0.014003875202563748
840,9.887988271529707,-0.014230926709128079
841,9.886291609471304,-0.014460102438642588
842,9.884580974334105,-0.014691413464400383
843,9.882856312790038,-0.01492487085546002
844,9.881117571633043,-0.0151604856760604
845,9.879364697781043,-0.01539826898503488
846,9.877597638277907,-0.015638231835220045
847,9.875816340295428,-0.015880385272861862
848,9.87402075113531,-0.016124740337017173
849,9.872210818231144,-0.016371308058952868
850,9.870386489150375,-0.016620099461541072
851,9.868547711596321,-0.0168711255586496
852,9.866694433410126,-0.017124397354531494
853,9.864826602572789,-0.0173799258432079
854,9.862944167207125,-0.01763772200785043
855,9.861047075579792,-0.017897796820157533
856,9.85913527610328,-0.018160161239729196
857,9.857208717337912,-0.018424826213437807
858,9.855267347993864,-0.018691802674794138
859,9.853311116933156,-0.018961101543313312
860,9.851339973171683,-0.01923273372387353
861,9.849353865881218,-0.01950671010607433
862,9.847352744391442,-0.01978304156358951
863,9.845336558191946,-0.020061738953519162
864,9.84330525693429,-0.020342813115734906
865,9.841258790433994,-0.02062627487222605
866,9.83919710867259,-0.020912135026439096
867,9.837120161799639,-0.02120040436261619
868,9.83502790013479,-0.021491093645128693
869,9.832920274169792,-0.02178421361780968
870,9.830797234570557,-0.02207977500328104
871,9.828658732179198,-0.022377788502279172
872,9.826504718016048,-0.02267826479297778
873,9.824335143281772,-0.022981214530304824
874,9.822149959359342,-0.02328664834526138
875,9.819949117816169,-0.0235945768442315
876,9.8177325704061,-0.023905010608294874
877,9.815500269071517,-0.024217960192532625
878,9.813252165945372,-0.024533436125332406
879,9.81098821335327,-0.02485144890768913
880,9.808708363815539,-0.025172009012503452
881,9.8064125700493,-0.02549512688387778
882,9.804100784970533,-0.025820812936409532
883,9.801772961696159,-0.02614907755448074
884,9.799429053546117,-0.026479931091546064
885,9.797069014045448,-0.0268133838694175
886,9.79469279692638,-0.027149446177546315
887,9.79230035613043,-0.02748812827230223
888,9.789891645810455,-0.02782944037625174
889,9.787466620332781,-0.028173392677431342
890,9.785025234279285,-0.02851999532861985
891,9.782567442449496,-0.02886925844660757
892,9.780093199862685,-0.029221192111463807
893,9.777602461759981,-0.029575806365801163
894,9.775095183606464,-0.029933111214037744
895,9.772571321093285,-0.03029311662165673
896,9.770030830139772,-0.030655832514464486
897,9.767473666895544,-0.031021268777845307
898,9.764899787742612,-0.03138943525601527
899,9.762309149297513,-0.03176034175127274
900,9.75970170841343,-0.03213399802324665
901,9.757077422182318,-0.03251041378814335
902,9.754436247937004,-0.03288959871799223
903,9.751778143253347,-0.03327156243988658
904,9.749103065952356,-0.033656314535224996
905,9.746410974102304,-0.03404386453895087
906,9.74370182602089,-0.03443422193878713
907,9.740975580277377,-0.03482739617447211
908,9.738232195694701,-0.03522339663699316
909,9.735471631351642,-0.035622232667816854
910,9.732693846584958,-0.036023913558118716
911,9.72989880099153,-0.03642844854801127
912,9.727086454430513,-0.036835846825770215
913,9.724256767025492,-0.03724611752705812
914,9.721409699166635,-0.03765926973414815
915,9.718545211512838,-0.03807531247514561
916,9.715663264993886,-0.038494254723207555
917,9.712763820812642,-0.038916105395760216
918,9.709846840447149,-0.0393408733537193
919,9.70691228565287,-0.03976856740070144
920,9.703960118464792,-0.040199196282242375
921,9.700990301199628,-0.04063276868500846
922,9.698002796457986,-0.041069293236008636
923,9.694997567126537,-0.04150877850180563
924,9.691974576380183,-0.041951232987726676
925,9.688933787684247,-0.042396665137070626
926,9.685875164796657,-0.04284508333031671
927,9.682798671770115,-0.04329649588433108
928,9.679704272954284,-0.04375091105157275
929,9.676591932997997,-0.04420833701929801
930,9.673461616851409,-0.04466878190876549
931,9.6703132897682,-0.045132253774439905
932,9.667146917307798,-0.04559876060319304
933,9.663962465337526,-0.04606831031350792
934,9.660759900034833,-0.04654091075467886
935,9.657539187889476,-0.047016569706013235
936,9.654300295705736,-0.04749529487603128
937,9.651043190604609,-0.047977093901666414
938,9.647767840025999,-0.048461974347465596
939,9.644474211730955,-0.04894994370478744
940,9.641162273803847,-0.04944100939100194
941,9.637831994654613,-0.04993517874868848
942,9.634483343020944,-0.050432459044835336
943,9.631116287970498,-0.050932857470038
944,9.62773079890312,-0.05143638113769754
945,9.62432684555308,-0.05194303708321822
946,9.620904397991257,-0.05245283226320794
947,9.617463426627404,-0.05296577355467389
948,9.61400390221233,-0.053481867754224165
949,9.610525795840148,-0.054001121577265006
950,9.607029078950495,-0.05452354165720109
951,9.60351372333076,-0.055049134544634226
952,9.59997970111833,-0.05557790670656346
953,9.59642698480279,-0.05610986452558652
954,9.592855547228195,-0.05664501429909917
955,9.589265361595276,-0.05718336223849802
956,9.585656401463696,-0.05772491446838192
957,9.582028640754277,-0.05826967702575512
958,9.578382053751245,-0.058817655859230863
959,9.574716615104476,-0.059368856828235596
960,9.571032299831735,-0.05992328570221432
961,9.567329083320919,-0.06048094815983686
962,9.56360694133232,-0.06104184978820458
963,9.559865850000849,-0.06160599608205955
964,9.556105785838307,-0.06217339244299271
965,9.552326725735625,-0.06274404417865555
966,9.548528646965122,-0.06331795650197096
967,9.544711527182761,-0.06389513453034676
968,9.540875344430393,-0.06447558328489024
969,9.537020077138035,-0.06505930768962362
970,9.53314570412612,-0.06564631257070108
971,9.52925220460775,-0.06623660265562874
972,9.525339558190959,-0.06683018257248462
973,9.521407744881,-0.06742705684913992
974,9.517456745082567,-0.06802722991248482
975,9.513486539602106,-0.06863070608765245
976,9.509497109650043,-0.06923748959724771
977,9.50548843684308,-0.06984758456057626
978,9.501460503206454,-0.07046099499287607
979,9.497413291176208,-0.07107772480455118
980,9.493346783601469,-0.07169777780040744
981,9.489260963746716,-0.07232115767889043
982,9.48515581529406,-0.07294786803132561
983,9.481031322345496,-0.07357791234116179
984,9.476887469425234,-0.07421129398321383
985,9.47272424148192,-0.07484801622291265
986,9.468541623890957,-0.07548808221555314
987,9.464339602456743,-0.0761314950055488
988,9.460118163415002,-0.07677825752568454
989,9.45587729343503,-0.07742837259637657
990,9.451616979621994,-0.07808184292493195
991,9.447337209519223,-0.07873867110481263
992,9.443037971110472,-0.07939885961490224
993,9.438719252822233,-0.08006241081877502
994,9.434381043525997,-0.08072932696396941
995,9.430023332540571,-0.08139961018126261
996,9.425646109634343,-0.0820732624839505
997,9.421249365027595,-0.08275028576712883
998,9.416833089394785,-0.08343068180697948
999,9.41239727386683,-0.08411445226005967
1000,9.407941910033399,-0.08480159866259436
1001,9.403466989945223,-0.08549212242977144
1002,9.398972506116392,-0.08618602485504162
1003,9.394458451526626,-0.08688330710942259
1004,9.389924819623586,-0.08758397024080518
1005,9.385371604325167,-0.08828801517326484
1006,9.380798800021806,-0.08899544270637558
1007,9.376206401578779,-0.08970625351452904
1008,9.37159440433848,-0.09042044814625808
1009,9.366962804122744,-0.09113802702356223
1010,9.36231159723513,-0.0918589904412401
1011,9.357640780463239,-0.0925833385662233
1012,9.352950351081,-0.09331107143691697
1013,9.348240306850984,-0.09404218896254313
1014,9.343510646026695,-0.09477669092248955
1015,9.338761367354879,-0.09551457696566248
1016,9.333992470077828,-0.09625584660984392
1017,9.329203953935682,-0.09700049924105376
1018,9.324395819168739,-0.09774853411291698
1019,9.319568066519741,-0.09849995034603518
1020,9.314720697236204,-0.09925474692736286
1021,9.309853713072712,-0.10001292270958871
1022,9.30496711629321,-0.10077447641052305
1023,9.30006090967334,-0.1015394066124876
1024,9.295135096502708,-0.10230771176171427
1025,9.290189680587225,-0.10307939016774526
1026,9.285224666251397,-0.10385444000284079
1027,9.280240058340627,-0.10463285930139204
1028,9.275235862223546,-0.10541464595933789
1029,9.270212083794284,-0.10619979773358969
1030,9.265168729474796,-0.10698831224145952
1031,9.260105806217185,-0.10778018696009421
1032,9.255023321505982,-0.10857541922591622
1033,9.249921283360461,-0.10937400623407009
1034,9.244799700336939,-0.11017594503787366
1035,9.23965858153112,-0.11098123254827474
1036,9.234497936580354,-0.11178986553331685
1037,9.229317775665962,-0.11260184061760792
1038,9.22411810951555,-0.11341715428179584
1039,9.218898949405302,-0.11423580286205101
1040,9.213660307162302,-0.11505778254955426
1041,9.208402195166821,-0.11588308938999134
1042,9.203124626354635,-0.11671171928305393
1043,9.19782761421933,-0.11754366798194671
1044,9.1925111728146,-0.11837893109290164
1045,9.187175316756544,-0.11921750407469858
1046,9.181820061226,-0.12005938223819089
1047,9.176445421970811,-0.12090456074584094
1048,9.17105141530815,-0.1217530346112597
1049,9.165638058126824,-0.12260479869875394
1050,9.160205367889562,-0.12345984772288084
1051,9.15475336263532,-0.1243181762480096
1052,9.149282060981584,-0.125179778687889
1053,9.143791482126675,-0.12604464930522286
1054,9.138281645852036,-0.1269127822112528
1055,9.132752572524542,-0.1277841713653479
1056,9.12720428309879,-0.1286588105746015
1057,9.121636799119388,-0.1295366934934362
1058,9.11605014272327,-0.130417813623215
1059,9.110444336641967,-0.131302164311861
1060,9.104819404203925,-0.13218973875348405
1061,9.099175369336775,-0.13308052998801517
1062,9.093512256569642,-0.1339745309008489
1063,9.08783009103542,-0.13487173422249288
1064,9.08212889847307,-0.13577213252822581
1065,9.076408705229914,-0.13667571823776217
1066,9.07066953826392,-0.13758248361492648
1067,9.064911425145944,-0.13849242076733523
1068,9.05913439406209,-0.13940552164608466
1069,9.053338473815936,-0.14032177804544932
1070,9.047523693830831,-0.141241181602588
1071,9.041690084152178,-0.14216372379725717
1072,9.035837675449713,-0.14308939595153297
1073,9.02996649901977,-0.1440181892295425
1074,9.024076586787569,-0.1449500946372021
1075,9.018167971309477,-0.14588510302196514
1076,9.012240685775291,-0.14682320507257773
1077,9.006294764010496,-0.1477643913188431
1078,9.000330240478535,-0.14870865213139506
1079,8.994347150283085,-0.14965597772147926
1080,8.988345529170305,-0.15060635814074422
1081,8.982325413531113,-0.15155978328103986
1082,8.97628684040342,-0.15251624287422702
1083,8.970229847474414,-0.15347572649199306
1084,8.96415447308282,-0.15443822354567815
1085,8.95806075622111,-0.15540372328611132
1086,8.951948736537792,-0.15637221480345356
1087,8.94581845433965,-0.15734368702705107
1088,8.939669950593967,-0.15831812872529827
1089,8.933503266930819,-0.15929552850550793
1090,8.927318445645254,-0.16027587481379377
1091,8.921115529699554,-0.16125915593496015
1092,8.914894562725493,-0.16224535999240053
1093,8.908655589026534,-0.16323447494800752
1094,8.902398653580077,-0.1642264886020908
1095,8.896123802039686,-0.16522138859330504
1096,8.889831080737284,-0.16621916239858828
1097,8.883520536685417,-0.1672197973331075
1098,8.877192217579443,-0.16822328055021613
1099,8.87084617179974,-0.16922959904142126
1100,8.864482448413938,-0.17023873963635855
1101,8.858101097179096,-0.17125068900277923
1102,8.851702168543936,-0.17226543364654523
1103,8.845285713651023,-0.17328295991163525
1104,8.838851784338964,-0.17430325398016044
1105,8.832400433144606,-0.17532630187238965
1106,8.825931713305213,-0.17635208944678574
1107,8.819445678760662,-0.17738060240005024
1108,8.81294238415561,-0.1784118262671802
1109,8.806421884841676,-0.17944574642153338
1110,8.79988423687962,-0.18048234807490415
1111,8.7933294970415,-0.18152161627761051
1112,8.786757722812826,-0.18256353591859
1113,8.780168972394742,-0.1836080917255067
1114,8.773563304706165,-0.18465526826486803
1115,8.76694077938594,-0.18570504994215226
1116,8.760301456794977,-0.18675742100194673
1117,8.753645398018381,-0.18781236552809613
1118,8.746972664867615,-0.18886986744386092
1119,8.740283319882598,-0.18992991051208646
1120,8.733577426333861,-0.19099247833538244
1121,8.726855048224623,-0.19205755435631472
1122,8.720116250292953,-0.19312512185760383
1123,8.713361098013836,-0.19419516396233852
1124,8.706589657601285,-0.1952676636341972
1125,8.699801996010459,-0.19634260367768003
1126,8.692998180939721,-0.19741996673835344
1127,8.686178280832749,-0.19849973530310358
1128,8.679342364880588,-0.19958189170040191
1129,8.672490503023734,-0.20066641810058095
1130,8.665622765954213,-0.2017532965161199
1131,8.658739225117609,-0.20284250880194318
1132,8.65183995271513,-0.2039340366557282
1133,8.644925021705662,-0.2050278616182242
1134,8.63799450580779,-0.20612396507358258
1135,8.631048479501834,-0.20722232824969813
1136,8.624087018031878,-0.20832293221855994
1137,8.617110197407785,-0.2094257578966146
1138,8.610118094407184,-0.21053078604514086
1139,8.603110786577492,-0.21163799727063334
1140,8.596088352237924,-0.21274737202519792
1141,8.589050870481415,-0.21385889060696026
1142,8.581998421176653,-0.21497253316048218
1143,8.574931084970029,-0.21608827967719077
1144,8.567848943287602,-0.21720610999581813
1145,8.560752078337032,-0.21832600380285322
1146,8.553640573109531,-0.21944794063300332
1147,8.546514511381794,-0.2205718998696676
1148,8.539373977717936,-0.22169786074542044
1149,8.532219057471382,-0.22282580234250826
1150,8.525049836786788,-0.22395570359335498
1151,8.517866402601936,-0.22508754328107972
1152,8.510668842649608,-0.2262213000400261
1153,8.503457245459458,-0.22735695235630254
1154,8.496231700359898,-0.2284944785683319
1155,8.488992297479918,-0.22963385686741525
1156,8.481739127750954,-0.23077506529830438
1157,8.474472282908724,-0.23191808175978604
1158,8.467191855495022,-0.23306288400527875
1159,8.459897938859553,-0.23420944964343826
1160,8.45259062716172,-0.23535775613877657
1161,8.44527001537239,-0.23650778081229118
1162,8.437936199275722,-0.23765950084210372
1163,8.430589275470862,-0.23881289326411356
1164,8.423229341373743,-0.23996793497265875
1165,8.4158564952188,-0.24112460272119032
1166,8.408470836060696,-0.24228287312295707
1167,8.401072463776018,-0.24344272265170158
1168,8.393661479065006,-0.2446041276423668
1169,8.38623798345321,-0.24576706429181458
1170,8.378802079293186,-0.246931508659554
1171,8.37135386976609,-0.24809743666848372
1172,8.363893458883398,-0.2492648241056409
1173,8.356420951488479,-0.2504336466229649
1174,8.34893645325824,-0.2516038797380698
1175,8.341440070704689,-0.25277549883502987
1176,8.333931911176528,-0.25394847916517466
1177,8.326412082860738,-0.2551227958478943
1178,8.318880694784088,-0.2562984238714588
1179,8.3113378568147,-0.25747533809384493
1180,8.303783679663566,-0.258653513243575
1181,8.296218274886012,-0.25983292392056884
1182,8.28864175488321,-0.2610135445970032
1183,8.281054232903632,-0.2621953496181845
1184,8.273455823044499,-0.2633783132034307
1185,8.265846640253205,-0.26456240944696524
1186,8.258226800328734,-0.2657476123188212
1187,8.25059641992303,-0.2669338956657566
1188,8.242955616542393,-0.2681212332121798
1189,8.23530450854882,-0.2693095985610855
1190,8.227643215161338,-0.2704989651950027
1191,8.219971856457315,-0.2716893064769517
1192,8.212290553373736,-0.2728805956514129
1193,8.204599427708517,-0.27407280584530497
1194,8.196898602121703,-0.2752659100689749
1195,8.189188200136734,-0.2764598812171973
1196,8.181468346141617,-0.2776546920701852
1197,8.173739165390142,-0.27885031529461074
1198,8.166000784003025,-0.28004672344463544
1199,8.15825332896904,-0.281243888962953
1200,8.150496928146147,-0.28244178418184
1201,8.142731710262579,-0.28364038132421804
1202,8.134957804917898,-0.28483965250472626
1203,8.127175342584044,-0.2860395697308037
1204,8.119384454606353,-0.28724010490378105
1205,8.111585273204538,-0.28844122981998443
1206,8.103777931473665,-0.28964291617184673
1207,8.09596256338508,-0.29084513554903113
1208,8.088139303787317,-0.29204785943956335
1209,8.080308288406997,-0.29325105923097383
1210,8.072469653849671,-0.29445470621144976
1211,8.064623537600658,-0.2956587715709975
1212,8.056770078025835,-0.29686322640261414
1213,8.048909414372416,-0.29806804170346857
1214,8.041041686769661,-0.2992731883760936
1215,8.033167036229647,-0.30047863722958457
1216,8.025285604647882,-0.3016843589808116
1217,8.017397534803992,-0.30289032425563744
1218,8.00950297036234,-0.30409650359014695
1219,8.001602055872585,-0.30530286743188534
1220,7.993694936770246,-0.3065093861411062
1221,7.985781759377222,-0.3077160299920274
1222,7.977862670902298,-0.3089227691740965
1223,7.969937819441551,-0.31012957379326717
1224,7.962007353978801,-0.311336413873282
1225,7.954071424385981,-0.3125432593569655
1226,7.946130181423498,-0.3137500801075254
1227,7.938183776740495,-0.31495684590986517
1228,7.930232362875174,-0.3161635264719009
1229,7.922276093255008,-0.31737009142589034
1230,7.91431512219694,-0.31857651032976964
1231,7.9063496049075255,-0.3197827526684984
1232,7.898379697483086,-0.3209887878554122
1233,7.890405556909742,-0.3221945852335865
1234,7.882427341063488,-0.32340011407720504
1235,7.874445208710166,-0.32460534359293913
1236,7.8664593195054335,-0.3258102429213342
1237,7.858469833994666,-0.3270147811382046
1238,7.850476913612817,-0.32821892725603635
1239,7.842480720684282,-0.32942265022539713
1240,7.834481418422626,-0.330625918936356
1241,7.826479170930362,-0.33182870221990834
1242,7.81847414319862,-0.3330309688494105
1243,7.81046650110679,-0.3342326875420214
1244,7.802456411422129,-0.33543382696015117
1245,7.7944440417992995,-0.33663435571291767
1246,7.7864295607798795,-0.3378342423576108
1247,7.778413137791813,-0.33903345540116236
1248,7.770394943148795,-0.34023196330162603
1249,7.762375148049638,-0.3414297344696612
1250,7.7543539245775746,-0.34262673727002574
1251,7.7463314456995,-0.343822940023075
1252,7.7383078852651535,-0.34501831100626873
1253,7.730283418006267,-0.346212818455683
1254,7.722258219535675,-0.3474064305675291
1255,7.714232466346307,-0.3485991154996808
1256,7.706206335810193,-0.3497908413732054
1257,7.698180006177375,-0.3509815762739028
1258,7.69015365657476,-0.3521712882538511
1259,7.682127467004918,-0.35335994533295717
1260,7.674101618344861,-0.35454751550051317
1261,7.666076292344697,-0.3557339667167604
1262,7.658051671626264,-0.356919266914458
1263,7.650027939681678,-0.35810338400045855
1264,7.642005280871857,-0.359286285857287
1265,7.633983880424957,-0.3604679403447268
1266,7.6259639244347275,-0.3616483153014123
1267,7.617945599858825,-0.3628273785464251
1268,7.60992909451707,-0.3640050978808953
1269,7.601914597089613,-0.36518144108960976
1270,7.593902297115042,-0.3663563759426233
1271,7.58589238498843,-0.36752987019687655
1272,7.577885051959302,-0.3687018915978173
1273,7.569880490129542,-0.3698724078810278
1274,7.561878892451218,-0.3710413867738556
1275,7.553880452724353,-0.3722087959970493
1276,7.545885365594594,-0.3733746032663991
1277,7.537893826550847,-0.37453877629438065
1278,7.529906031922787,-0.37570128279180526
1279,7.52192217887835,-0.3768620904694705
1280,7.513942465421118,-0.3780211670398179
1281,7.505967090387601,-0.3791784802185943
1282,7.497996253444504,-0.38033399772651416
1283,7.490030155085854,-0.3814876872909296
1284,7.482068996630078,-0.3826395166475005
1285,7.474112980217006,-0.3837894535418695
1286,7.466162308804771,-0.38493746573134
1287,7.458217186166638,-0.3860835209865578
1288,7.450277816887746,-0.3872275870931947
1289,7.442344406361757,-0.38836963185363677
1290,7.434417160787455,-0.38950962308867276
1291,7.426496287165197,-0.39064752863918856
1292,7.418581993293346,-0.3917833163678608
1293,7.41067448776454,-0.392916954160856
1294,7.4027739799619585,-0.3940484099295296
1295,7.39488068005541,-0.39517765161212903
1296,7.386994798997383,-0.3963046471754975
1297,7.379116548519001,-0.3974293646167809
1298,7.3712461411258685,-0.398551771965135
1299,7.363383790093822,-0.3996718372834367
1300,7.355529709464587,-0.40078952866999495
1301,7.347684114041341,-0.40190481679160844
1302,7.3398472192495205,-0.4030176748907314
1303,7.332019240997621,-0.40412807626736186
1304,7.3242003956726585,-0.4052359942796874
1305,7.31639090013554,-0.4063414023447299
1306,7.308590971716343,-0.40744427393898897
1307,7.300800828209518,-0.40854458259908316
1308,7.293020687868949,-0.4096423019223915
1309,7.285250769402983,-0.41073740556769134
1310,7.277491291969311,-0.411829867255797
1311,7.269742475169758,-0.4129196607701959
1312,7.262004539044987,-0.41400675995768343
1313,7.25427770406913,-0.4150911387289958
1314,7.246562191144252,-0.41617277105944267
1315,7.238858221594783,-0.41725163098953627
1316,7.231166017161774,-0.4183276926256225
1317,7.2234857999971425,-0.4194009301405056
1318,7.215817792657725,-0.4204713177740763
1319,7.208162218099284,-0.421538829833934
1320,7.200519299670369,-0.42260344069601097
1321,7.192889261106104,-0.423665124805193
1322,7.185272326521847,-0.4247238566759387
1323,7.177668720406742,-0.425779610892897
1324,7.170078667617168,-0.4268323621115244
1325,7.162502393370075,-0.42788208505869846
1326,7.154940123236217,-0.42892875453333107
1327,7.147392083133246,-0.4299723454069801
1328,7.139858499318738,-0.4310128326244578
1329,7.132339598383053,-0.43205019120443977
1330,7.12483560724212,-0.4330843962400708
1331,7.117346753130094,-0.43411542289956817
1332,7.109873263591883,-0.43514324642682584
1333,7.102415366475611,-0.4361678421420131
1334,7.094973289924845,-0.43718918544217666
1335,7.087547262370882,-0.438207251801834
1336,7.0801375125247334,-0.4392220167735721
1337,7.072744269369121,-0.4402334559886387
1338,7.065367762150276,-0.4412415451575358
1339,7.058008220369683,-0.4422462600706076
1340,7.050665873775623,-0.4432475765986295
1341,7.043340952354659,-0.4442454706933946
1342,7.036033686322971,-0.44523991838829624
1343,7.028744306117561,-0.4462308957989123
1344,7.021473042387373,-0.44721837912358303
1345,7.014220125984215,-0.44820234464399145
1346,7.006985787953639,-0.44918276872573853
1347,6.999770259525631,-0.45015962781891783
1348,6.9925737721051995,-0.45113289845868837
1349,6.985396557262854,-0.45210255726584375
1350,6.978238846724918,-0.45306858094738156
1351,6.971100872363754,-0.45403094629706886
1352,6.963982866187813,-0.4549896301960074
1353,6.956885060331608,-0.4559446096131943
1354,6.94980768704551,-0.4568958616060836
1355,6.9427509786854635,-0.45784336332114317
1356,6.935715167702521,-0.4587870919944109
1357,6.928700486632273,-0.45972702495204876
1358,6.921707168084171,-0.46066313961089334
1359,6.914735444730668,-0.4615954134790065
1360,6.907785549296272,-0.4625238241562216
1361,6.900857714546439,-0.4634483493346895
1362,6.8939521732763644,-0.46436896679941986
1363,6.887069158299594,-0.4652856544288242
1364,6.8802089024365864,-0.4661983901952517
1365,6.873371638503045,-0.46710715216552706
1366,6.866557599298196,-0.46801191850148405
1367,6.859767017592892,-0.468912667460497
1368,6.853000126117607,-0.46980937739600986
1369,6.84625715755028,-0.4707020267580639
1370,6.83953834450404,-0.47159059409382265
1371,6.832843919514811,-0.47247505804809314
1372,6.8261741150287625,-0.47335539736384763
1373,6.819529163389645,-0.4742315908827398
1374,6.812909296825985,-0.4751036175456211
1375,6.806314747438144,-0.47597145639305416
1376,6.7997457471853,-0.4768350865658221
1377,6.793202527872216,-0.47769448730543773
1378,6.786685321135936,-0.4785496379546494
1379,6.780194358432347,-0.4794005179579438
1380,6.773729871022593,-0.4802471068620478
1381,6.7672920899593825,-0.48108938431642584
1382,6.760881246073146,-0.4819273300737776
1383,6.75449756995811,-0.4827609239905291
1384,6.748141291958187,-0.4835901460273265
1385,6.741812642152785,-0.4844149762495228
1386,6.735511850342476,-0.4852353948276645
1387,6.729239146034535,-0.4860513820379757
1388,6.722994758428406,-0.4868629182628374
1389,6.716778916400942,-0.4876699839912683
1390,6.7105918484916485,-0.48847255981939863
1391,6.704433782887718,-0.48927062645094427
1392,6.698304947408971,-0.49006416469767794
1393,6.6922055694927165,-0.49085315547989633
1394,6.68613587617844,-0.49163757982688566
1395,6.680096094092409,-0.4924174188773858
1396,6.674086449432162,-0.49319265388004907
1397,6.668107167950881,-0.49396326619389813
1398,6.662158474941644,-0.49472923728878143
1399,6.6562405952215995,-0.4954905487458249
1400,6.6503537531160015,-0.49624718225788167
1401,6.644498172442128,-0.4969991196299792
1402,6.638674076493152,-0.49774634277976276
1403,6.632881688021838,-0.4984888337379379
1404,6.627121229224203,-0.4992265746487079
1405,6.621392921723029,-0.4999595477702105
1406,6.6156969865512965,-0.5006877354749507
1407,6.610033644135513,-0.501411120250232
1408,6.604403114278971,-0.5021296846985831
1409,6.598805616144898,-0.5028434115381829
1410,6.593241368239496,-0.5035522836032832
1411,6.587710588394938,-0.5042562838446271
1412,6.582213493752228,-0.5049553953298662
1413,6.576750300744024,-0.5056496012439741
1414,6.571321225077339,-0.506338884889657
1415,6.565926481716212,-0.5070232296877608
1416,6.560566284864258,-0.5077026191776771
1417,6.555240847947121,-0.5083770370177464
1418,6.549950383594952,-0.5090464669856549
1419,6.544695103624724,-0.5097108929788325
1420,6.539475219022514,-0.5103702990148464
1421,6.534290939925725,-0.5110246692317909
1422,6.529142475605243,-0.5116739878886758
1423,6.524030034447534,-0.5123182393658101
1424,6.5189538239366875,-0.512957408165185
1425,6.513914050636391,-0.513591478910852
1426,6.508910920171866,-0.5142204363492991
1427,6.50394463721179,-0.5148442653498231
1428,6.499015405450094,-0.5154629509049
1429,6.494123427587803,-0.5160764781305522
1430,6.489268905314788,-0.5166848322667117
1431,6.484452039291487,-0.5172879986775812
1432,6.479673029130629,-0.5178859628519925
1433,6.474932073378886,-0.5184787104037599
1434,6.470229369498502,-0.5190662270720346
1435,6.465565113848955,-0.5196484987216505
1436,6.460939501668535,-0.5202255113434718
1437,6.4563527270559495,-0.5207972510547346
1438,6.451804982951866,-0.5213637040993877
1439,6.447296461120527,-0.5219248568484276
1440,6.442827352131286,-0.5224806958002326
1441,6.43839784534018,-0.5230312075808934
1442,6.4340081288715005,-0.5235763789445393
1443,6.429658389599369,-0.5241161967736633
1444,6.4253488131292995,-0.5246506480794417
1445,6.421079583779821,-0.5251797200020538
1446,6.41685088456408,-0.5257033998109946
1447,6.412662897171499,-0.526221674905387
1448,6.408515801949417,-0.52673453281429
1449,6.404409777884788,-0.5272419611970045
1450,6.400345002585908,-0.5277439478433744
1451,6.3963216522641915,-0.5282404806740857
1452,6.392339901715967,-0.5287315477409624
1453,6.388399924304334,-0.5292171372272579
1454,6.384501891941052,-0.5296972374479455
1455,6.38064597506852,-0.5301718368500035
1456,6.376832342641768,-0.5306409240126977
1457,6.373061162110558,-0.5311044876478621
1458,6.369332599401494,-0.5315625166001737
1459,6.365646818900278,-0.5320149998474266
1460,6.362003983433963,-0.5324619265008012
1461,6.358404254253331,-0.5329032858051311
1462,6.354847791015362,-0.533339067139166
1463,6.351334751765758,-0.5337692600158315
1464,6.347865292921586,-0.5341938540824863
1465,6.344439569253976,-0.5346128391211757
1466,6.34105773387099,-0.5350262050488813
1467,6.337719938200541,-0.5354339419177673
1468,6.334426331973438,-0.535836039915425
1469,6.331177063206528,-0.536232489365113
1470,6.327972278186001,-0.5366232807259931
1471,6.324812121450768,-0.5370084045933645
1472,6.321696735775993,-0.5373878516988942
1473,6.318626262156747,-0.5377616129108433
1474,6.315600839791809,-0.538129679234291
1475,6.312620606067578,-0.5384920418113545
1476,6.3096856965421635,-0.5388486919214066
1477,6.30679624492963,-0.5391996209812874
1478,6.3039523830843445,-0.539544820545516
1479,6.301154240985501,-0.5398842823064974
1480,6.29840194672187,-0.5402179980947244
1481,6.295695626476606,-0.5405459598789782
1482,6.293035404512302,-0.5408681597665265
1483,6.2904214031561905,-0.5411845900033141
1484,6.287853742785534,-0.5414952429741546
1485,6.285332541813185,-0.541800111202916
1486,6.28285791667335,-0.5420991873527035
1487,6.280429981807494,-0.5423924642260405
1488,6.278048849650533,-0.5426799347650425
1489,6.275714630617131,-0.5429615920515918
1490,6.2734274330882585,-0.5432374293075056
1491,6.2711873633979245,-0.5435074398947025
1492,6.268994525820131,-0.543771617315365
1493,6.2668490225560625,-0.5440299552120981
1494,6.264750953721448,-0.5442824473680848
1495,6.262700417334191,-0.5445290877072388
1496,6.26069750930219,-0.5447698702943529
1497,6.25874232341141,-0.5450047893352439
1498,6.2568349513141825,-0.5452338391768945
1499,6.2549754825177155,-0.5454570143075927
1500,6.253164004372906,-0.5456743093570645
1501,6.251400602063328,-0.5458857190966065
1502,6.249685358594506,-0.546091238439214
1503,6.248018354783414,-0.546290862439705
1504,6.246399669248248,-0.5464845862948415
1505,6.244829378398458,-0.5466724053434461
1506,6.243307556425001,-0.5468543150665172
1507,6.241834275290939,-0.5470303110873378
1508,6.240409604722183,-0.5472003891715845
1509,6.2390336121986,-0.5473645452274295
1510,6.237706362945374,-0.5475227753056409
1511,6.236427919924604,-0.5476750755996793
1512,6.235198343827203,-0.5478214424457917
1513,6.234017693065098,-0.5479618723230987
1514,6.232886023763653,-0.5480963618536832
1515,6.23180338975445,-0.5482249078026705
1516,6.230769842568275,-0.5483475070783091
1517,6.2297854314284695,-0.5484641567320453
1518,6.228850203244515,-0.5485748539585946
1519,6.227964202605946,-0.5486795960960111
1520,6.227127471776535,-0.5487783806257522
1521,6.226340050688785,-0.5488712051727391
1522,6.225601976938714,-0.5489580675054162
1523,6.224913285780949,-0.5490389655358039
1524,6.224274010124106,-0.5491138973195504
1525,6.223684180526501,-0.5491828610559784
1526,6.22314382519212,-0.5492458550881292
1527,6.2226529699669415,-0.5493028779028027
1528,6.222211638335535,-0.5493539281305946
1529,6.221819851417981,-0.5493990045459286
1530,6.221477627967091,-0.549438106067087
1531,6.221184984365956,-0.5494712317562362
1532,6.220941934625776,-0.5494983808194497
1533,6.22074849038403,-0.5495195526067264
1534,6.220604660902942,-0.5495347466120069
1535,6.220510453068251,-0.549543962473185
1536,6.220465871388309,-0.5495471999721171
1537,6.220470917993502,-0.5495444590346255
1538,6.220525592635968,-0.5495357397305003
1539,6.220629892689607,-0.5495210422734984
1540,6.220783813150468,-0.5495003670213361
1541,6.220987346637361,-0.5494737144756812
1542,6.221240483392875,-0.5494410852821391
1543,6.221543211284637,-0.5494024802302376
1544,6.221895515806922,-0.5493579002534067
1545,6.222297380082556,-0.5493073464289542
1546,6.222748784865154,-0.5492508199780403
1547,6.223249708541625,-0.5491883222656465
1548,6.223800127135037,-0.5491198548005413
1549,6.2244000143077525,-0.5490454192352435
1550,6.225049341364895,-0.5489650173659806
1551,6.225748077258106,-0.5488786511326446
1552,6.226496188589622,-0.548786322618743
1553,6.227293639616654,-0.5486880340513488
1554,6.228140392256046,-0.5485837878010438
1555,6.229036406089251,-0.5484735863818611
1556,6.229981638367634,-0.5483574324512225
1557,6.230976044018015,-0.5482353288098728
1558,6.232019575648561,-0.5481072784018104
1559,6.23311218355495,-0.5479732843142149
1560,6.234253815726806,-0.5478333497773709
1561,6.235444417854468,-0.5476874781645882
1562,6.236683933336014,-0.5475356729921181
1563,6.23797230328459,-0.5473779379190677
1564,6.239309466535981,-0.5472142767473087
1565,6.24069535965656,-0.5470446934213835
1566,6.242129916951369,-0.5468691920284093
1567,6.243613070472629,-0.5466877767979756
1568,6.245144750028403,-0.5465004521020416
1569,6.246724883191603,-0.5463072224548264
1570,6.24835339530923,-0.5461080925127005
1571,6.25003020951188,-0.5459030670740691
1572,6.251755246723533,-0.5456921510792541
1573,6.253528425671589,-0.5454753496103729
1574,6.2553496628971414,-0.5452526678912134
1575,6.257218872765534,-0.545024111287105
1576,6.259135967477143,-0.5447896853047866
1577,6.261100857078428,-0.5445493955922706
1578,6.263113449473183,-0.5443032479387053
1579,6.265173650434082,-0.544051248274231
1580,6.267281363614414,-0.5437934026698346
1581,6.269436490560093,-0.5435297173372
1582,6.271638930721846,-0.5432601986285559
1583,6.2738885814676735,-0.5429848530365189
1584,6.276185338095493,-0.5427036871939336
1585,6.278529093846014,-0.5424167078737105
1586,6.280919739915843,-0.5421239219886591
1587,6.283357165470788,-0.5418253365913163
1588,6.285841257659322,-0.5415209588737758
1589,6.28837190162636,-0.5412107961675087
1590,6.290948980527094,-0.5408948559431849
1591,6.293572375541136,-0.5405731458104889
1592,6.296241965886794,-0.5402456735179326
1593,6.298957628835545,-0.5399124469526648
1594,6.301719239726676,-0.5395734741402785
1595,6.304526671982157,-0.5392287632446113
1596,6.307379797121594,-0.5388783225675478
1597,6.310278484777441,-0.5385221605488132
1598,6.3132226027103355,-0.5381602857657668
1599,6.31621201682458,-0.5377927069331918
1600,6.319246591183809,-0.5374194329030807
1601,6.322326188026799,-0.5370404726644176
1602,6.325450667783431,-0.5366558353429577
1603,6.328619889090769,-0.5362655302010034
1604,6.331833708809305,-0.5358695666371773
1605,6.335091982039338,-0.5354679541861899
1606,6.338394562137473,-0.5350607025186067
1607,6.341741300733233,-0.5346478214406114
1608,6.345132047745854,-0.5342293208937624
1609,6.348566651401104,-0.5338052109547522
1610,6.352044958248279,-0.5333755018351577
1611,6.355566813177306,-0.5329402038811906
1612,6.359132059435919,-0.532499327573443
1613,6.362740538646947,-0.5320528835266307
1614,6.366392090825722,-0.5316008824893325
1615,6.370086554397558,-0.5311433353437257
1616,6.373823766215295,-0.5306802531053205
1617,6.377603561576959,-0.5302116469226887
1618,6.381425774243505,-0.529737528077191
1619,6.3852902364565844,-0.5292579079826997
1620,6.389196778956455,-0.5287727981853189
1621,6.3931452309999015,-0.5282822103631007
1622,6.39713542037822,-0.5277861563257604
1623,6.401167173435297,-0.5272846480143853
1624,6.40524031508571,-0.5267776975011427
1625,6.409354668832873,-0.5262653169889836
1626,6.413510056787256,-0.525747518811344
1627,6.417706299684637,-0.5252243154318416
1628,6.421943216904346,-0.5246957194439715
1629,6.4262206264876145,-0.5241617435707964
1630,6.4305383451559,-0.5236224006646355
1631,6.434896188329268,-0.523077703706749
1632,6.43929397014475,-0.5225276658070206
1633,6.443731503474788,-0.5219723002036358
1634,6.4482085999456284,-0.5214116202627573
1635,6.452725069955753,-0.520845639478198
1636,6.457280722694312,-0.5202743714710906
1637,6.461875366159565,-0.5196978299895535
1638,6.466508807177321,-0.5191160289083537
1639,6.47118085141935,-0.518528982228568
1640,6.475891303421819,-0.5179367040772391
1641,6.480639966603696,-0.5173392087070301
1642,6.485426643285134,-0.5167365104958757
1643,6.490251134705844,-0.5161286239466298
1644,6.495113241043467,-0.5155155636867106
1645,6.500012761431871,-0.514897344467742
1646,6.504949493979455,-0.5142739811651934
1647,6.5099232357874275,-0.513645488778015
1648,6.514933782968001,-0.5130118824282703
1649,6.519980930662596,-0.5123731773607677
1650,6.525064473060011,-0.5117293889426846
1651,6.530184203414473,-0.5110805326631942
1652,6.53533991406373,-0.5104266241330848
1653,6.540531396447031,-0.5097676790843788
1654,6.54575844112309,-0.5091037133699469
1655,6.551020837787954,-0.5084347429631212
1656,6.556318375292867,-0.5077607839573041
1657,6.561650841662005,-0.5070818525655746
1658,6.567018024110203,-0.5063979651202919
1659,6.572419709060584,-0.5057091380726962
1660,6.5778556821621335,-0.5050153879925061
1661,6.583325728307177,-0.5043167315675137
1662,6.588829631648806,-0.5036131856031768
1663,6.594367175618244,-0.5029047670222072
1664,6.5999381429420625,-0.5021914928641587
1665,6.605542315659402,-0.501473380285009
1666,6.611179475139046,-0.5007504465567412
1667,6.616849402096437,-0.5000227090669217
1668,6.622551876610607,-0.49929018531827496
1669,6.628286678140984,-0.49855289292825655
1670,6.634053585544148,-0.49781084962862204
1671,6.639852377090478,-0.49706407326499413
1672,6.645682830480682,-0.49631258179642673
1673,6.651544722862261,-0.49555639329496637
1674,6.657437830845845,-0.4947955259452108
1675,6.663361930521434,-0.49402999804386544
1676,6.669316797474579,-0.49325982799929513
1677,6.675302206802368,-0.4924850343310764
1678,6.681317933129392,-0.49170563566954445
1679,6.6873637506235655,-0.49092165075533806
1680,6.693439433011816,-0.49013309843894337
1681,6.699544753595712,-0.48933999768023256
1682,6.705679485266943,-0.4885423675480018
1683,6.711843400522691,-0.4877402272195056
1684,6.7180362714809005,-0.48693359597998903
1685,6.724257869895418,-0.4861224932222175
1686,6.730507967171011,-0.48530693844600326
1687,6.736786334378304,-0.4844869512577297
1688,6.743092742268535,-0.48366255136987313
1689,6.749426961288243,-0.48283375860052286
1690,6.755788761593804,-0.48200059287289676
1691,6.762177913065874,-0.4811630742148559
1692,6.768594185323676,-0.4803212227584164
1693,6.7750373477391665,-0.4794750587392588
1694,6.781507169451125,-0.47862460249623345
1695,6.788003419379036,-0.4777698744708674
1696,6.794525866236929,-0.4769108952068631
1697,6.801074278547021,-0.47604768534959985
1698,6.807648424653279,-0.47518026564563004
1699,6.814248072734839,-0.4743086569421741
1700,6.820872990819287,-0.4734328801866116
1701,6.827522946795825,-0.47255295642597195
1702,6.834197708428304,-0.4716689068064211
1703,6.840897043368114,-0.4707807525727473
1704,6.847620719166975,-0.46988851506784274
1705,6.854368503289548,-0.46899221573218475
1706,6.861140163125982,-0.4680918761033128
1707,6.867935466004261,-0.4671875178153052
1708,6.874754179202471,-0.4662791625982514
1709,6.881596069960911,-0.4653668322777239
1710,6.888460905494057,-0.4644505487742473
1711,6.895348453002464,-0.4635303341027631
1712,6.902258479684442,-0.4626062103720961
1713,6.909190752747675,-0.4616781997844151
1714,6.916145039420651,-0.46074632463469395
1715,6.923121106964024,-0.4598106073101677
1716,6.930118722681793,-0.45887107028978896
1717,6.937137653932364,-0.45792773614368143
1718,6.944177668139499,-0.4569806275325903
1719,6.951238532803092,-0.456029767207332
1720,6.958320015509873,-0.45507517800824043
1721,6.965421883943931,-0.4541168828646121
1722,6.972543905897138,-0.4531549047941482
1723,6.979685849279411,-0.45218926690239614
1724,6.986847482128888,-0.45121999238218724
1725,6.99402857262194,-0.4502471045130732
1726,7.001228889083075,-0.4492706266607606
1727,7.008448199994689,-0.4482905822765431
1728,7.015686274006721,-0.4473069948967321
1729,7.022942879946157,-0.4463198881420845
1730,7.030217786826404,-0.4453292857172298
1731,7.03751076385657,-0.4443352114100935
1732,7.044821580450579,-0.4433376890913202
1733,7.0521500062361815,-0.4423367427136937
1734,7.059495811063838,-0.4413323963115556
1735,7.066858765015477,-0.4403246740002218
1736,7.074238638413115,-0.43931359997539765
1737,7.081635201827396,-0.4382991985125898
1738,7.089048226085955,-0.43728149396651805
1739,7.096477482281686,-0.43626051077052397
1740,7.1039227417809,-0.4352362734359782
1741,7.111383776231344,-0.43420880655168564
1742,7.11886035757009,-0.43317813478329015
1743,7.126352258031346,-0.43214428287267476
1744,7.133859250154118,-0.43110727563736256
1745,7.141381106789754,-0.4300671379699147
1746,7.148917601109368,-0.42902389483732734
1747,7.156468506611191,-0.4279775712804255
1748,7.164033597127729,-0.42692819241325725
1749,7.17161264683289,-0.42587578342248417
1750,7.179205430248934,-0.42482036956677127
1751,7.186811722253354,-0.4237619761761749
1752,7.1944312980855925,-0.42270062865152974
1753,7.202063933353731,-0.421636352463832
1754,7.20970940404098,-0.4205691731536237
1755,7.217367486512103,-0.4194991163303739
1756,7.225037957519749,-0.418426207671858
1757,7.232720594210631,-0.4173504729235364
1758,7.2404151741316385,-0.4162719378979312
1759,7.248121475235817,-0.415190628474001
1760,7.255839275888268,-0.41410657059651496
1761,7.263568354871913,-0.41301979027542457
1762,7.271308491393189,-0.41193031358523424
1763,7.2790594650876095,-0.4108381666643706
1764,7.286821056025263,-0.40974337571454944
1765,7.294593044716166,-0.4086459670001427
1766,7.302375212115547,-0.40754596684754285
1767,7.310167339629022,-0.40644340164452597
1768,7.317969209117691,-0.4053382978396134
1769,7.32578060290308,-0.40423068194143363
1770,7.333601303772075,-0.40312058051807953
1771,7.341431094981687,-0.40200802019646736
1772,7.349269760263764,-0.4008930276616926
1773,7.357117083829584,-0.39977562965638536
1774,7.364972850374389,-0.3986558529800636
1775,7.372836845081786,-0.39753372448848656
1776,7.380708853628105,-0.3964092710930047
1777,7.388588662186628,-0.39528251975991047
1778,7.396476057431745,-0.39415349750978673
1779,7.4043708265430315,-0.39302223141685444
1780,7.412272757209225,-0.39188874860831857
1781,7.420181637632141,-0.39075307626371275
1782,7.428097256530459,-0.389615241614244
1783,7.436019403143479,-0.3884752719421349
1784,7.44394786723476,-0.38733319457996485
1785,7.451882439095684,-0.38618903691001105
1786,7.459822909548954,-0.38504282636358717
1787,7.4677690699519905,-0.38389459042038204
1788,7.475720712200273,-0.38274435660779604
1789,7.483677628730578,-0.38159215250027817
1790,7.491639612524169,-0.38043800571865954
1791,7.499606457109887,-0.3792819439294887
1792,7.5075779565671725,-0.37812399484436376
1793,7.515553905529016,-0.3769641862192648
1794,7.523534099184861,-0.3758025458538837
1795,7.5315183332833735,-0.37463910159095515
1796,7.539506404135205,-0.3734738813155853
1797,7.547498108615637,-0.3723069129545798
1798,7.555493244167198,-0.3711382244757707
1799,7.563491608802172,-0.3699678438873431
1800,7.5714930011050825,-0.36879579923715966
1801,7.579497220235056,-0.36762211861208605
1802,7.587504065928174,-0.36644683013731383
1803,7.5955133384997175,-0.3652699619756839
1804,7.603524838846391,-0.3640915423270074
1805,7.6115383684484295,-0.36291159942738815
1806,7.619553729371701,-0.36173016154854165
1807,7.627570724269705,-0.3605472569971157
1808,7.635589156385526,-0.3593629141140085
1809,7.64360882955373,-0.35817716127368715
1810,7.651629548202202,-0.3569900268835048
1811,7.6596511173539135,-0.35580153938301756
1812,7.667673342628654,-0.3546117272433
1813,7.67569603024468,-0.35342061896626115
1814,7.683718987020345,-0.3522282430839582
1815,7.691742020375638,-0.35103462815791125
1816,7.699764938333678,-0.3498398027784166
1817,7.707787549522181,-0.3486437955638588
1818,7.715809663174841,-0.3474466351600242
1819,7.723831089132674,-0.34624835023941103
1820,7.731851637845325,-0.34504896950054154
1821,7.739871120372298,-0.3438485216672718
1822,7.7478893483841595,-0.3426470354881023
1823,7.7559061341636895,-0.3414445397354865
1824,7.763921290606947,-0.3402410632051417
1825,7.771934631224365,-0.3390366347153557
1826,7.77994597014174,-0.3378312831062957
1827,7.7879551221012004,-0.33662503723931525
1828,7.795961902462108,-0.3354179259962626
1829,7.803966127201942,-0.334209978278787
1830,7.811967612917131,-0.3330012230076447
1831,7.819966176823851,-0.33179168912200524
1832,7.82796163675873,-0.330581405578758
1833,7.835953811179608,-0.3293704013518162
1834,7.843942519166171,-0.328158705431423
1835,7.851927580420584,-0.32694634682345536
1836,7.859908815268071,-0.3257333545487297
1837,7.867886044657494,-0.32451975764230445
1838,7.875859090161811,-0.32330558515278596
1839,7.883827773978603,-0.32209086614163035
1840,7.891791918930482,-0.32087562968244826
1841,7.899751348465511,-0.3196599048603075
1842,7.907705886657555,-0.31844372077103633
1843,7.915655358206626,-0.31722710652052666
1844,7.923599588439186,-0.3160100912240362
1845,7.931538403308407,-0.3147927040054916
1846,7.939471629394414,-0.3135749739967906
1847,7.9473990939044645,-0.31235693033710527
1848,7.955320624673159,-0.31113860217218325
1849,7.9632360501625525,-0.30992001865365054
1850,7.971145199462281,-0.30870120893831354
1851,7.979047902289619,-0.3074822021874621
1852,7.986943988989562,-0.30626302756617035
1853,7.9948332905348325,-0.30504371424259996
1854,8.002715638525899,-0.30382429138730105
1855,8.010590865190906,-0.30260478817251585
1856,8.018458803385649,-0.30138523377148035
1857,8.026319286593488,-0.300165657357726
1858,8.03417214892522,-0.29894608810438306
1859,8.042017225118952,-0.2977265551834832
1860,8.049854350539963,-0.29650708776526086
1861,8.0576833611805,-0.2952877150174567
1862,8.065504093659559,-0.29406846610462145
1863,8.07331638522269,-0.29284937018741747
1864,8.081120073741717,-0.29163045642192276
1865,8.08891499771447,-0.29041175395893454
1866,8.096700996264497,-0.2891932919432725
1867,8.104477909140739,-0.28797509951308264
1868,8.112245576717191,-0.28675720579914193
1869,8.12000383999255,-0.2855396399241625
1870,8.127752540589825,-0.284322431002096
1871,8.13549152075597,-0.28310560813743835
1872,8.143220623361412,-0.28188920042453663
1873,8.15093969189968,-0.28067323694689245
1874,8.158648570486896,-0.2794577467764699
1875,8.166347103861346,-0.2782427589730006
1876,8.17403513738296,-0.2770283025832913
1877,8.181712517032846,-0.27581440664052964
1878,8.189379089412723,-0.2746011001635935
1879,8.197034701744416,-0.2733884121563577
1880,8.20467920186929,-0.2721763716070026
1881,8.212312438247693,-0.27096500748732316
1882,8.219934259958345,-0.26975434875203896
1883,8.227544516697774,-0.2685444243381024
1884,8.235143058779697,-0.2673352631640102
1885,8.242729737134374,-0.26612689412911406
1886,8.250304403307997,-0.26491934611293205
1887,8.257866909462022,-0.26371264797446037
1888,8.265417108372496,-0.26250682855148655
1889,8.272954853429397,-0.2613019166599019
1890,8.280479998635954,-0.26009794109301504
1891,8.287992398607912,-0.2588949306208674
1892,8.295491908572851,-0.25769291398954736
1893,8.30297838436945,-0.25649191992050574
1894,8.310451682446745,-0.2552919771098733
1895,8.317911659863414,-0.25409311422777603
1896,8.325358174286993,-0.2528953599176545
1897,8.33279108399312,-0.2516987427955815
1898,8.340210247864778,-0.25050329144958094
1899,8.347615525391493,-0.2493090344389485
1900,8.355006776668539,-0.24811600029357228
1901,8.362383862396157,-0.24692421751325383
1902,8.369746643878745,-0.2457337145670303
1903,8.377094983024023,-0.24454451989249815
1904,8.38442874234221,-0.24335666189513722
1905,8.391747784945215,-0.24217016894763474
1906,8.399051974545781,-0.24098506938921146
1907,8.406341175456637,-0.23980139152494795
1908,8.413615252589654,-0.23861916362511215
1909,8.420874071454985,-0.23743841392448747
1910,8.428117498160185,-0.23625917062170274
1911,8.435345399409355,-0.2350814618785617
1912,8.442557642502255,-0.23390531581937413
1913,8.449754095333429,-0.23273076053028854
1914,8.456934626391313,-0.23155782405862446
1915,8.464099104757334,-0.2303865344122075
1916,8.47124740010504,-0.22921691955870302
1917,8.47837938269915,-0.22804900742495438
1918,8.485494923394672,-0.22688282589631872
1919,8.49259389363601,-0.22571840281600508
1920,8.499676165456014,-0.22455576598441448
1921,8.506741611475087,-0.22339494315848005
1922,8.513790104900243,-0.2222359620510084
1923,8.52082151952418,-0.22107885033002297
1924,8.52783572972437,-0.21992363561810707
1925,8.534832610462107,-0.2187703454917493
1926,8.541812037281586,-0.21761900748068946
1927,8.548773886308942,-0.21646964906726598
1928,8.555718034251331,-0.21532229768576472
1929,8.562644358395977,-0.2141769807217682
1930,8.569552736609223,-0.21303372551150723
1931,8.576443047335594,-0.21189255934121248
1932,8.583315169596842,-0.2107535094464682
1933,8.590168982990994,-0.20961660301156704
1934,8.59700436769139,-0.2084818671688663
1935,8.603821204445758,-0.20734932899814476
1936,8.61061937457522,-0.2062190155259622
1937,8.617398759973357,-0.2050909537250187
1938,8.624159243105261,-0.20396517051351593
1939,8.630900707006562,-0.20284169275452027
1940,8.637623035282473,-0.2017205472553268
1941,8.644326112106834,-0.2006017607668248
1942,8.65100982222113,-0.19948535998286507
1943,8.657674050933581,-0.19837137153962722
1944,8.66431868411814,-0.19725982201499004
1945,8.67094360821355,-0.1961507379279028
1946,8.677548710222366,-0.19504414573775844
1947,8.684133877710028,-0.19394007184376644
1948,8.690698998803876,-0.19283854258432934
1949,8.6972439621922,-0.19173958423642
1950,8.703768657123288,-0.19064322301495965
1951,8.710272973404468,-0.18954948507219843
1952,8.71675680140114,-0.18845839649709742
1953,8.723220032035815,-0.18736998331471236
1954,8.729662556787204,-0.18628427148557708
1955,8.736084267689229,-0.18520128690509075
1956,8.742485057330065,-0.18412105540290713
1957,8.748864818851224,-0.18304360274232231
1958,8.755223445946582,-0.18196895461966728
1959,8.76156083286142,-0.18089713666370152
1960,8.767876874391515,-0.17982817443500618
1961,8.774171465882173,-0.17876209342538113
1962,8.780444503227296,-0.17769891905724325
1963,8.786695882868425,-0.17663867668302605
1964,8.792925501793835,-0.17558139158458064
1965,8.799133257537555,-0.17452708897258024
1966,8.805319048178486,-0.17347579398592305
1967,8.811482772339437,-0.1724275316911406
1968,8.817624329186193,-0.17138232708180598
1969,8.8237436184266,-0.17034020507794398
1970,8.82984054030966,-0.169301190525442
1971,8.835914995624575,-0.16826530819546553
1972,8.841966885699852,-0.16723258278387326
1973,8.847996112402376,-0.16620303891063437
1974,8.854002578136498,-0.16517670111924812
1975,8.859986185843134,-0.16415359387616496
1976,8.865946838998847,-0.16313374157020982
1977,8.871884441614947,-0.16211716851200694
1978,8.877798898236595,-0.16110389893340685
1979,8.883690113941904,-0.16009395698691464
1980,8.889557994341029,-0.15908736674512228
1981,8.895402445575304,-0.15808415220013894
1982,8.901223374316311,-0.1570843372630282
1983,8.907020687765042,-0.1560879457632429
1984,8.912794293650995,-0.15509500144806354
1985,8.918544100231296,-0.15410552798204022
1986,8.924270016289807,-0.15311954894643484
1987,8.929971951136308,-0.15213708783866417
1988,8.935649814605567,-0.15115816807174873
1989,8.94130351705651,-0.1501828129737601
1990,8.946932969371364,-0.14921104578727176
1991,8.952538082954781,-0.14824288966881213
1992,8.958118769733005,-0.1472783676883193
1993,8.963674942153,-0.14631750282859826
1994,8.969206513181627,-0.1453603179847796
1995,8.974713396304788,-0.14440683596378107
1996,8.980195505526606,-0.14345707948376993
1997,8.985652755368557,-0.14251107117363018
1998,8.991085060868702,-0.14156883357242744
1999,8.996492337580785,-0.14063038912888187
2000,9.001874501573468,-0.13969576020083777
2001,9.007231469429493,-0.13876496905473856
2002,9.012563158244875,-0.13783803786510307
2003,9.017869485628085,-0.13691498871400348
2004,9.023150369699245,-0.13599584359054764
2005,9.028405729089341,-0.13508062439035995
2006,9.033635482939427,-0.13416935291506724
2007,9.038839550899798,-0.13326205087178797
2008,9.04401785312924,-0.13235873987261973
2009,9.04917031029424,-0.13145944143413213
2010,9.054296843568197,-0.13056417697686085
2011,9.059397374630654,-0.12967296782480495
2012,9.06447182566652,-0.1287858352049251
2013,9.069520119365308,-0.127902800246645
2014,9.074542178920389,-0.12702388398135478
2015,9.079537928028204,-0.12614910734191753
2016,9.084507290887526,-0.12527849116217735
2017,9.08945019219873,-0.12441205617646915
2018,9.09436655716302,-0.12354982301913267
2019,9.099256311481707,-0.12269181222402795
2020,9.104119381355467,-0.12183804422405224
2021,9.108955693483617,-0.12098853935066116
2022,9.113765175063383,-0.12014331783339069
2023,9.118547753789185,-0.11930239979938269
2024,9.12330335785193,-0.11846580527291158
2025,9.12803191593827,-0.11763355417491564
2026,9.132733357229913,-0.11680566632252899
2027,9.137407611402933,-0.11598216142861566
2028,9.142054608627062,-0.11516305910130759
2029,9.146674279564978,-0.11434837884354493
2030,9.151266555371649,-0.11353814005261784
2031,9.155831367693633,-0.11273236201971104
2032,9.160368648668388,-0.11193106392945266
2033,9.164878330923628,-0.11113426485946222
2034,9.169360347576617,-0.11034198377990517
2035,9.17381463223352,-0.10955423955304677
2036,9.17824111898877,-0.10877105093280902
2037,9.182639742424364,-0.10799243656433277
2038,9.187010437609228,-0.1072184149835393
2039,9.191353140098604,-0.10644900461669538
2040,9.195667785933368,-0.10568422377998173
2041,9.199954311639402,-0.10492409067906423
2042,9.204212654226982,-0.10416862340866576
2043,9.208442751190127,-0.10341783995214317
2044,9.212644540505988,-0.10267175818106507
2045,9.21681796063423,-0.10193039585479355
2046,9.220962950516421,-0.1011937706200673
2047,9.225079449575425,-0.10046190001058805
2048,9.229167397714784,-0.09973480144661062
2049,9.233226735318146,-0.09901249223453369
2050,9.237257403248636,-0.09829498956649531
2051,9.241259342848304,-0.09758231051996868
2052,9.245232495937525,-0.09687447205736319
2053,9.249176804814404,-0.09617149102562726
2054,9.253092212254229,-0.09547338415585264
2055,9.256978661508892,-0.09478016806288296
2056,9.260836096306308,-0.09409185924492529
2057,9.264664460849872,-0.09340847408316306
2058,9.268463699817898,-0.09273002884137223
2059,9.272233758363083,-0.09205653966554062
2060,9.275974582111928,-0.09138802258349041
2061,9.279686117164234,-0.09072449350450183
2062,9.283368310092538,-0.09006596821894157
2063,9.287021107941593,-0.08941246239789287
2064,9.290644458227833,-0.08876399159278865
2065,9.294238308938882,-0.0881205712350464
2066,9.297802608532987,-0.08748221663570886
2067,9.30133730593855,-0.08684894298508411
2068,9.304842350553589,-0.08622076535239083
2069,9.308317692245264,-0.08559769868540491
2070,9.311763281349346,-0.0849797578101108
2071,9.315179068669753,-0.08436695743035302
2072,9.318565005478044,-0.08375931212749325
2073,9.321921043512933,-0.08315683636006911
2074,9.325247134979834,-0.0825595444634546
2075,9.328543232550357,-0.08196745064952615
2076,9.331809289361859,-0.08138056900632915
2077,9.335045259016969,-0.08079891349774881
2078,9.338251095583123,-0.08022249796318365
2079,9.341426753592128,-0.07965133611722101
2080,9.344572188039692,-0.07908544154931703
2081,9.34768735438498,-0.0785248277234783
2082,9.350772208550193,-0.07796950797794694
2083,9.353826706920092,-0.07741949552488933
2084,9.35685080634162,-0.07687480345008528
2085,9.359844464123432,-0.076335444712624
2086,9.362807638035468,-0.0758014321446007
2087,9.365740286308583,-0.0752727784508148
2088,9.368642367634092,-0.0747494962084746
2089,9.371513841163358,-0.0742315978669032
2090,9.374354666507415,-0.07371909574724624
2091,9.377164803736571,-0.07321200204218384
2092,9.379944213379975,-0.07271032881564711
2093,9.382692856425269,-0.07221408800253407
2094,9.385410694318184,-0.07172329140843174
2095,9.388097688962148,-0.07123795070934043
2096,9.390753802717937,-0.07075807745139966
2097,9.393378998403293,-0.07028368305061843
2098,9.395973239292536,-0.0698147787926098
2099,9.398536489116243,-0.06935137583232488
2100,9.401068712060853,-0.06889348519379374
2101,9.403569872768326,-0.06844111776986711
2102,9.406039936335812,-0.0679942843219613
2103,9.408478868315283,-0.0675529954798075
2104,9.410886634713217,-0.06711726174120224
2105,9.41326320199023,-0.06668709347176355
2106,9.415608537060788,-0.06626250090468698
2107,9.41792260729284,-0.06584349414050787
2108,9.420205380507548,-0.06543008314686355
2109,9.422456824978907,-0.06502227775826266
2110,9.424676909433494,-0.064620087675853
2111,9.426865603050114,-0.06422352246719652
2112,9.429022875459522,-0.06383259156604497
2113,9.43114869674414,-0.0634473042721184
2114,9.433243037437729,-0.06306766975088955
2115,9.435305868525107,-0.06269369703336929
2116,9.437337161441887,-0.06232539501589472
2117,9.439336888074179,-0.06196277245992136
2118,9.44130502075831,-0.06160583799181943
2119,9.443241532280586,-0.061254600102670476
2120,9.445146395876968,-0.06090906714807116
2121,9.447019585232866,-0.06056924734793574
2122,9.448861074482856,-0.06023514878630524
2123,9.45067083821043,-0.05990677941115809
2124,9.45244885144774,-0.059584147034224655
2125,9.45419508967537,-0.05926725933080429
2126,9.455909528822087,-0.05895612383958612
2127,9.457592145264602,-0.05865074796247268
2128,9.45924291582734,-0.05835113896440766
2129,9.46086181778224,-0.058057303973204195
2130,9.462448828848492,-0.057769249979380245
2131,9.464003927192337,-0.057486983835994626
2132,9.465527091426884,-0.057210512258485474
2133,9.467018300611835,-0.056939841824515794
2134,9.46847753425335,-0.056674978973817125
2135,9.469904772303805,-0.05641593000804028
2136,9.471299995161605,-0.05616270109060828
2137,9.47266318367101,-0.05591529824657114
2138,9.473994319121926,-0.0556737273624659
2139,9.475293383249737,-0.05543799418617859
2140,9.476560358235119,-0.05520810432680995
2141,9.477795226703883,-0.054984063254543684
2142,9.478997971726786,-0.05476587630051936
2143,9.48016857681938,-0.054553548656706946
2144,9.481307025941838,-0.0543470853757865
2145,9.482413303498813,-0.0541464913710284
2146,9.483487394339294,-0.05395177141617902
2147,9.484529283756423,-0.053762930145349844
2148,9.485538957487382,-0.05357997205290826
2149,9.486516401713267,-0.053402901493371506
2150,9.48746160305892,-0.05323172268130643
2151,9.488374548592812,-0.0530664396912299
2152,9.489255225826936,-0.05290705645751326
2153,9.490103622716662,-0.05275357677429042
2154,9.490919727660627,-0.05260600429536962
2155,9.491703529500631,-0.05246434253414631
2156,9.492455017521532,-0.052328594863522086
2157,9.493174181451126,-0.052198764515825086
2158,9.493861011460053,-0.052074854582734954
2159,9.494515498161718,-0.05195686801520878
2160,9.49513763261218,-0.05184480762341361
2161,9.495727406310067,-0.051738676076659815
2162,9.496284811196526,-0.051638475903337464
2163,9.496809839655093,-0.05154420949085892
2164,9.49730248451167,-0.05145587908560065
2165,9.497762739034433,-0.05137348679285155
2166,9.498190596933764,-0.051297034576763656
2167,9.498586052362183,-0.05122652426030579
2168,9.49894909991433,-0.05116195752521946
2169,9.499279734626874,-0.051103335911980616
2170,9.499577951978475,-0.05105066081976327
2171,9.499843747889763,-0.05100393350640473
2172,9.500077118723267,-0.05096315508837807
2173,9.50027806128341,-0.05092832654076394
2174,9.500446572816452,-0.05089944869722842
2175,9.500582651010479,-0.05087652225000286
2176,9.500686293995397,-0.05085954774986655
2177,9.500757500342884,-0.0508485256061342
2178,9.50079626906639,-0.05084345608664619
2179,9.500802599621135,-0.05084433931776095
2180,9.500776491904098,-0.05085117528435223
2181,9.500717946254024,-0.050863963829808526
2182,9.500626963451415,-0.05088270465603664
2183,9.500503544718553,-0.050907397323467954
2184,9.500347691719506,-0.050938041251068225
2185,9.500159406560151,-0.0509746357163503
2186,9.499938691788175,-0.051017179855391614
2187,9.49968555039313,-0.05106567266285274
2188,9.499399985806452,-0.05112011299200017
2189,9.499082001901485,-0.051180499554733756
2190,9.498731602993534,-0.05124683092161494
2191,9.498348793839908,-0.051319105521900436
2192,9.497933579639941,-0.05139732164357874
2193,9.49748596603509,-0.05148147743340787
2194,9.497005959108952,-0.05157157089695968
2195,9.496493565387336,-0.05166759989866565
2196,9.495948791838345,-0.05176956216186493
2197,9.495371645872408,-0.051877455268858806
2198,9.494762135342405,-0.051991276660964626
2199,9.494120268543684,-0.05211102363857676
2200,9.493446054214195,-0.05223669336122764
2201,9.492739501534546,-0.05236828284765436
2202,9.492000620128106,-0.05250578897586714
2203,9.49122942006109,-0.05264920848322231
2204,9.490425911842669,-0.05279853796649702
2205,9.489590106425078,-0.0529537738819683
2206,9.4887220152037,-0.05311491254549571
2207,9.487821650017201,-0.053281950132606413
2208,9.486889023147652,-0.053454882678583
2209,9.48592414732062,-0.05363370607855717
2210,9.484927035705313,-0.05381841608760379
2211,9.483897701914715,-0.054009008320839214
2212,9.482836160005705,-0.054205478253523676
2213,9.481742424479208,-0.054407821221165976
2214,9.480616510280319,-0.054616032419632095
2215,9.479458432798488,-0.05483010690525553
2216,9.478268207867625,-0.05505003959495381
2217,9.477045851766285,-0.05527582526634517
2218,9.475791381217824,-0.055507458557870426
2219,9.47450481339055,-0.05574493396891787
2220,9.473186165897909,-0.05598824585994987
2221,9.471835456798658,-0.05623738845263492
2222,9.470452704597031,-0.05649235582998129
2223,9.469037928242914,-0.05675314193647578
2224,9.467591147132065,-0.0570197405782221
2225,9.466112381106264,-0.05729214542308746
2226,9.464601650453542,-0.05757035000084785
2227,9.463058975908357,-0.05785434770333946
2228,9.461484378651809,-0.05814413178461204
2229,9.459877880311854,-0.05843969536108542
2230,9.458239502963501,-0.05874103141171021
2231,9.456569269129046,-0.05904813277813064
2232,9.454867201778288,-0.059360992164851065
2233,9.453133324328737,-0.0596796021394064
2234,9.451367660645882,-0.06000395513253358
2235,9.4495702350434,-0.06033404343834895
2236,9.447741072283382,-0.06066985921452771
2237,9.445880197576619,-0.06101139448248489
2238,9.443987636582818,-0.06135864112756259
2239,9.442063415410868,-0.06171159089921784
2240,9.44010756061909,-0.06207023541121516
2241,9.4381200992155,-0.06243456614182203
2242,9.436101058658085,-0.0628045744340063
2243,9.434050466855066,-0.06318025149563852
2244,9.43196835216517,-0.06356158839969671
2245,9.429854743397915,-0.06394857608447373
2246,9.427709669813895,-0.06434120535378857
2247,9.425533161125074,-0.06473946687720047
2248,9.423325247495063,-0.06514335119022642
2249,9.421085959539436,-0.0655528486945612
2250,9.418815328326017,-0.06596794965830159
2251,9.416513385375202,-0.06638864421617247
2252,9.414180162660253,-0.06681492236975724
2253,9.411815692607632,-0.06724677398773032
2254,9.409420008097317,-0.06768418880609302
2255,9.406993142463117,-0.06812715642841376
2256,9.404535129493011,-0.06857566632606918
2257,9.402046003429486,-0.06902970783849019
2258,9.399525798969856,-0.06948927017341075
2259,9.396974551266627,-0.06995434240711877
2260,9.394392295927856,-0.07042491348471036
2261,9.391779069017456,-0.07090097222034933
2262,9.389134907055592,-0.07138250729752672
2263,9.386459847019044,-0.07186950726932437
2264,9.383753926341555,-0.07236196055868264
2265,9.381017182914217,-0.0728598554586702
2266,9.378249655085824,-0.07336318013275736
2267,9.37545138166328,-0.07387192261509153
2268,9.372622401911977,-0.07438607081077647
2269,9.369762755556172,-0.07490561249615506
2270,9.36687248277939,-0.07543053531909379
2271,9.363951624224825,-0.07596082679927171
2272,9.361000220995738,-0.07649647432847063
2273,9.358018314655878,-0.07703746517087014
2274,9.35500594722986,-0.07758378646334527
2275,9.351963161203631,-0.07813542521576544
2276,9.348889999524877,-0.07869236831129788
2277,9.345786505603414,-0.07925460250671525
2278,9.342652723311653,-0.07982211443270402
2279,9.339488696985043,-0.08039489059417572
2280,9.336294471422502,-0.08097291737058265
2281,9.333070091886846,-0.0815561810162367
2282,9.32981560410526,-0.08214466766062951
2283,9.326531054269756,-0.08273836330875642
2284,9.323216489037613,-0.08333725384144364
2285,9.31987195553186,-0.083941325015678
2286,9.31649750134173,-0.08455056246494004
2287,9.313093174523145,-0.08516495169953907
2288,9.30965902359919,-0.08578447810695186
2289,9.306195097560604,-0.08640912695216425
2290,9.30270144586626,-0.08703888337801519
2291,9.299178118443661,-0.08767373240554434
2292,9.295625165689438,-0.0883136589343421
2293,9.292042638469848,-0.08895864774290246
2294,9.288430588121274,-0.08960868348897927
2295,9.28478906645078,-0.09026375070994327
2296,9.281118125736565,-0.09092383382314644
2297,9.277417818728527,-0.09158891712628367
2298,9.273688198648788,-0.09225898479776098
2299,9.26992931919219,-0.09293402089706673
2300,9.266141234526874,-0.09361400936514234
2301,9.262323999294802,-0.09429893402475918
2302,9.258477668612297,-0.09498877858089659
2303,9.254602298070587,-0.09568352662112402
2304,9.25069794373641,-0.0963831616159826
2305,9.246764662152485,-0.09708766691937559
2306,9.242802510338164,-0.09779702576895434
2307,9.238811545789934,-0.09851122128651334
2308,9.234791826482056,-0.09923023647838265
2309,9.230743410867085,-0.09995405423582801
2310,9.226666357876477,-0.10068265733545043
2311,9.222560726921193,-0.10141602843958872
2312,9.21842657789226,-0.10215415009672682
2313,9.214263971161403,-0.10289700474190097
2314,9.21007296758161,-0.1036445746971125
2315,9.205853628487768,-0.10439684217174108
2316,9.201606015697276,-0.1051537892629607
2317,9.197330191510648,-0.10591539795616041
2318,9.193026218712133,-0.10668165012536569
2319,9.188694160570362,-0.10745252753366258
2320,9.184334080838953,-0.10822801183362617
2321,9.179946043757162,-0.10900808456774985
2322,9.17553011405052,-0.10979272716887799
2323,9.171086356931493,-0.11058192096064004
2324,9.166614838100099,-0.11137564715789085
2325,9.162115623744597,-0.1121738868671483
2326,9.157588780542126,-0.11297662108703796
2327,9.153034375659377,-0.1137838307087378
2328,9.14845247675327,-0.1145954965164265
2329,9.1438431519716,-0.11541159918773451
2330,9.139206469953756,-0.11623211929419618
2331,9.134542499831362,-0.11705703730170654
2332,9.129851311229004,-0.11788633357097875
2333,9.125132974264886,-0.11871998835800557
2334,9.120387559551563,-0.11955798181452176
2335,9.115615138196608,-0.1204002939884705
2336,9.110815781803344,-0.12124690482447127
2337,9.105989562471553,-0.12209779416429033
2338,9.101136552798168,-0.12295294174731453
2339,9.096256825878015,-0.12381232721102683
2340,9.091350455304546,-0.12467593009148298
2341,9.086417515170544,-0.12554372982379378
2342,9.08145808006887,-0.12641570574260697
2343,9.0764722250932,-0.12729183708259292
2344,9.071460025838768,-0.12817210297893214
2345,9.066421558403107,-0.12905648246780546
2346,9.061356899386821,-0.12994495448688598
2347,9.056266125894323,-0.13083749787583457
2348,9.051149315534586,-0.13173409137679717
2349,9.04600654642194,-0.13263471363490337
2350,9.040837897176823,-0.13353934319876895
2351,9.035643446926542,-0.13444795852100036
2352,9.030423275306088,-0.13536053795869982
2353,9.025177462458881,-0.13627705977397578
2354,9.019906089037582,-0.1371975021344528
2355,9.014609236204862,-0.13812184311378575
2356,9.00928698563423,-0.13905006069217446
2357,9.003939419510798,-0.1399821327568826
2358,8.99856662053211,-0.1409180371027568
2359,8.993168671908945,-0.14185775143274948
2360,8.987745657366101,-0.14280125335844412
2361,8.982297661143278,-0.1437485204005798
2362,8.976824767995828,-0.14469952998958252
2363,8.97132706319562,-0.1456542594660951
2364,8.965804632531848,-0.14661268608151104
2365,8.960257562311874,-0.14757478699850984
2366,8.954685939362077,-0.14854053929159378
2367,8.949089851028676,-0.1495099199476285
2368,8.943469385178576,-0.15048290586638494
2369,8.93782463020021,-0.15145947386108338
2370,8.932155675004417,-0.15243960065893852
2371,8.926462609025286,-0.1534232629017081
2372,8.920745522220997,-0.154410437146244
2373,8.915004505074695,-0.15540109986504405
2374,8.909239648595372,-0.15639522744680548
2375,8.903451044318734,-0.157392796196982
2376,8.89763878430804,-0.15839378233834292
2377,8.891802961155037,-0.159398162011532
2378,8.885943667980785,-0.16040591127563145
2379,8.880060998436589,-0.1614170061087248
2380,8.874155046704857,-0.16243142240846437
2381,8.868225907499998,-0.16344913599263933
2382,8.862273676069313,-0.16447012259974614
2383,8.8562984481939,-0.16549435788956035
2384,8.850300320189572,-0.16652181744371009
2385,8.844279388907692,-0.1675524767662548
2386,8.838235751736184,-0.1685863112842594
2387,8.832169506600348,-0.16962329634837728
2388,8.826080751963831,-0.1706634072334299
2389,8.819969586829512,-0.17170661913899202
2390,8.81383611074043,-0.17275290718997585
2391,8.807680423780715,-0.17380224643721853
2392,8.801502626576486,-0.1748546118580718
2393,8.795302820296811,-0.17590997835699176
2394,8.789081106654592,-0.17696832076613314
2395,8.78283758790754,-0.17802961384594188
2396,8.776572366859085,-0.17909383228575215
2397,8.770285546859306,-0.18016095070438468
2398,8.763977231805884,-0.18123094365074582
2399,8.757647526145035,-0.1823037856044288
2400,8.751296534872434,-0.18337945097631822
2401,8.744924363534203,-0.1844579141091924
2402,8.738531118227808,-0.185539149278332
2403,8.732116905603025,-0.18662313069212733
2404,8.725681832862897,-0.18770983249268824
2405,8.719226007764668,-0.18879922875645558
2406,8.712749538620743,-0.18989129349481407
2407,8.706252534299647,-0.1909860006547071
2408,8.699735104226969,-0.19208332411925294
2409,8.693197358386302,-0.19318323770836354
2410,8.686639407320238,-0.19428571517936222
2411,8.680061362131301,-0.19539073022760545
2412,8.673463334482904,-0.1964982564871058
2413,8.666845436600301,-0.19760826753115587
2414,8.660207781271575,-0.1987207368729532
2415,8.653550481848558,-0.19983563796622822
2416,8.646873652247823,-0.2009529442058721
2417,8.640177406951624,-0.20207262892856726
2418,8.633461861008879,-0.203194665413418
2419,8.62672713003609,-0.20431902688258521
2420,8.619973330218347,-0.2054456865019184
2421,8.613200578310257,-0.2065746173815935
2422,8.606408991636929,-0.20770579257674826
2423,8.599598688094904,-0.2088391850881223
2424,8.592769786153132,-0.20997476786269598
2425,8.585922404853928,-0.21111251379433196
2426,8.579056663813917,-0.21225239572441845
2427,8.572172683224982,-0.21339438644251255
2428,8.565270583855263,-0.21453845868698448
2429,8.558350487050054,-0.21568458514566602
2430,8.55141251473278,-0.21683273845649728
2431,8.544456789405954,-0.21798289120817516
2432,8.537483434152099,-0.2191350159408053
2433,8.530492572634705,-0.22028908514655232
2434,8.523484329099166,-0.22144507127029356
2435,8.516458828373754,-0.22260294671027103
2436,8.509416195870495,-0.22376268381874953
2437,8.502356557586157,-0.22492425490267043
2438,8.49528004010315,-0.22608763222431097
2439,8.488186770590463,-0.22725278800194182
2440,8.481076876804597,-0.22841969441048718
2441,8.473950487090477,-0.22958832358218556
2442,8.466807730382373,-0.23075864760725182
2443,8.459648736204812,-0.23193063853454032
2444,8.452473634673488,-0.23310426837220902
2445,8.445282556496172,-0.2342795090883842
2446,8.438075632973598,-0.23545633261182775
2447,8.430852996000372,-0.2366347108326032
2448,8.423614778065861,-0.23781461560274442
2449,8.416361112255071,-0.23899601873692544
2450,8.409092132249544,-0.24017889201312947
2451,8.401807972328207,-0.24136320717332074
2452,8.394508767368256,-0.24254893592411678
2453,8.387194652846024,-0.24373604993746104
2454,8.37986576483781,-0.24492452085129726
2455,8.372522240020764,-0.24611432027024338
2456,8.365164215673694,-0.24730541976626896
2457,8.35779182967793,-0.24849779087936946
2458,8.350405220518136,-0.24969140511824547
2459,8.34300452728312,-0.2508862339609806
2460,8.33558988966668,-0.2520822488557196
2461,8.328161447968364,-0.25327942122134967
2462,8.3207193430943,-0.2544777224481797
2463,8.313263716557964,-0.2556771238986228
2464,8.305794710480964,-0.25687759690787754
2465,8.298312467593787,-0.25807911278461215
2466,8.290817131236606,-0.2592816428116463
2467,8.283308845359969,-0.2604851582466372
2468,8.275787754525581,-0.2616896303227635
2469,8.268254003907003,-0.26289503024941135
2470,8.260707739290385,-0.26410132921286106
2471,8.253149107075165,-0.2653084983769733
2472,8.245578254274767,-0.266516508883877
2473,8.237995328517266,-0.26772533185465835
2474,8.23040047804608,-0.26893493839004845
2475,8.222793851720608,-0.27014529957111333
2476,8.215175599016879,-0.27135638645994375
2477,8.207545870028198,-0.27256817010034556
2478,8.19990481546574,-0.27378062151853083
2479,8.192252586659158,-0.27499371172380926
2480,8.184589335557185,-0.2762074117092804
2481,8.176915214728188,-0.2774216924525258
2482,8.169230377360744,-0.27863652491630203
2483,8.161534977264175,-0.2798518800492345
2484,8.153829168869072,-0.2810677287865103
2485,8.146113107227809,-0.2822840420505736
2486,8.13838694801504,-0.2835007907518194
2487,8.130650847528182,-0.2847179457892882
2488,8.122904962687862,-0.28593547805136277
2489,8.115149451038345,-0.28715335841646294
2490,8.107384470748004,-0.2883715577537411
2491,8.099610180609682,-0.2895900469237792
2492,8.091826740041085,-0.2908087967792859
2493,8.084034309085162,-0.2920277781657921
2494,8.076233048410455,-0.29324696192234895
2495,8.06842311931138,-0.29446631888222574
2496,8.060604683708593,-0.29568581987360604
2497,8.052777904149224,-0.2969054357202872
2498,8.044942943807161,-0.2981251372423773
2499,8.037099966483291,-0.2993448952569935
2500,8.029249136605692,-0.30056468057896085
2501,8.021390619229862,-0.3017844640215101
2502,8.013524580038828,-0.30300421639697794
2503,8.005651185343366,-0.3042239085175033
2504,7.997770602082055,-0.3054435111957283
2505,7.989882997821398,-0.30666299524549634
2506,7.981988540755889,-0.307882331482551
2507,7.974087399708051,-0.30910149072523546
2508,7.966179744128437,-0.31032044379519125
2509,7.958265744095639,-0.31153916151805744
2510,7.950345570316229,-0.3127576147241697
2511,7.942419394124685,-0.3139757742492596
2512,7.934487387483326,-0.31519361093515236
2513,7.926549722982114,-0.3164110956304682
2514,7.918606573838569,-0.3176281991913185
2515,7.910658113897516,-0.3188448924820071
2516,7.90270451763091,-0.32006114637572647
2517,7.8947459601375325,-0.3212769317552587
2518,7.886782617142755,-0.322492219513672
2519,7.878814664998173,-0.32370698055502023
2520,7.870842280681276,-0.32492118579504015
2521,7.862865641795049,-0.3261348061618493
2522,7.85488492656755,-0.3273478125966447
2523,7.846900313851452,-0.3285601760543986
2524,7.8389119831235226,-0.3297718675045575
2525,7.830920114484117,-0.3309828579317379
2526,7.8229248886565825,-0.3321931183364236
2527,7.814926486986678,-0.33340261973566093
2528,7.80692509144187,-0.334611333163757
2529,7.7989208846107,-0.33581922967297306
2530,7.790914049702016,-0.33702628033422105
2531,7.782904770544205,-0.33823245623775916
2532,7.774893231584389,-0.339437728493885
2533,7.76687961788755,-0.3406420682336315
2534,7.75886411513565,-0.3418454466094596
2535,7.750846909626662,-0.3430478347959521
2536,7.742828188273604,-0.3442492039905064
2537,7.734808138603484,-0.3454495254140275
2538,7.72678694875623,-0.3466487703116194
2539,7.718764807483546,-0.347846909953277
2540,7.710741904147745,-0.3490439156345775
2541,7.702718428720535,-0.35023975867736956
2542,7.694694571781705,-0.3514344104304651
2543,7.686670524517845,-0.35262784227032723
2544,7.678646478720934,-0.35382002560175985
2545,7.670622626786932,-0.3550109318585951
2546,7.66259916171428,-0.35620053250438216
2547,7.654576277102396,-0.3573887990330728
2548,7.646554167150053,-0.35857570296970837
2549,7.6385330266537546,-0.35976121587110577
2550,7.630513051006028,-0.3609453093265418
2551,7.6224944361936675,-0.3621279549584379
2552,7.614477378795919,-0.3633091244230438
2553,7.606462075982619,-0.36448878941111934
2554,7.598448725512261,-0.3656669216486173
2555,7.590437525729977,-0.3668434928973652
2556,7.582428675565527,-0.3680184749557449
2557,7.574422374531144,-0.369191839659373
2558,7.56641882271939,-0.3703635588817791
2559,7.558418220800901,-0.37153360453508416
2560,7.550420770022079,-0.3727019485706781
2561,7.542426672202728,-0.3738685629798957
2562,7.534436129733615,-0.3750334197946921
2563,7.526449345573961,-0.37619649108831804
2564,7.51846652324889,-0.3773577489759922
2565,7.510487866846766,-0.3785171656155748
2566,7.502513581016479,-0.37967471320824037
2567,7.494543870964697,-0.3808303639991462
2568,7.486578942452985,-0.3819840902781039
2569,7.478619001794889,-0.3831358643802478
2570,7.470664255852926,-0.3842856586867031
2571,7.462714912035538,-0.3854334456252518
2572,7.4547711782939166,-0.38657919767099913
2573,7.446833263118786,-0.38772288734703825
2574,7.4389013755371165,-0.3888644872251133
2575,7.430975725108716,-0.39000396992628283
2576,7.423056521922805,-0.3911413081215798
2577,7.4151439765944565,-0.3922764745326729
2578,7.407238300260962,-0.3934094419325259
2579,7.399339704578175,-0.394540183146054
2580,7.391448401716678,-0.39566867105078257
2581,7.38356460435794,-0.3967948785775013
2582,7.375688525690368,-0.39791877871091896
2583,7.367820379405241,-0.39904034449031683
2584,7.359960379692604,-0.40015954901020034
2585,7.352108741237064,-0.40127636542094924
2586,7.344265679213463,-0.40239076692946774
2587,7.3364314092825,-0.403502726799832
2588,7.32860614758624,-0.40461221835393735
2589,7.32079011074356,-0.4057192149721428
2590,7.312983515845466,-0.40682369009391595
2591,7.305186580450326,-0.40792561721847553
2592,7.2973995225790445,-0.40902496990543225
2593,7.28962256071009,-0.41012172177542927
2594,7.281855913774442,-0.41121584651078064
2595,7.274099801150479,-0.4123073178561084
2596,7.2663544426587015,-0.413396109618978
2597,7.258620058556433,-0.4144821956705324
2598,7.250896869532353,-0.41556554994612527
2599,7.243185096700943,-0.4166461464459524
2600,7.235484961596874,-0.41772395923568084
2601,7.2277966861692535,-0.41879896244707754
2602,7.220120492775766,-0.4198711302786356
2603,7.212456604176726,-0.42094043699620004
2604,7.204805243529007,-0.42200685693359136
2605,7.197166634379905,-0.4230703644932269
2606,7.189541000660834,-0.42413093414674147
2607,7.181928566680965,-0.4251885404356069
2608,7.174329557120723,-0.42624315797174805
2609,7.166744197025187,-0.4272947614381595
2610,7.1591727117973925,-0.42834332558951854
2611,7.151615327191501,-0.4293888252527977
2612,7.144072269305867,-0.43043123532787503
2613,7.136543764575971,-0.4314705307881434
2614,7.129030039767293,-0.4325066866811174
2615,7.1215313219680105,-0.4335396781290378
2616,7.114047838581597,-0.4345694803294771
2617,7.106579817319347,-0.4355960685559394
2618,7.099127486192714,-0.436619418158461
2619,7.09169107350558,-0.4376395045642097
2620,7.084270807846405,-0.43865630327807964
2621,7.076866918080216,-0.4396697898832872
2622,7.0694796333405225,-0.44067994004196315
2623,7.062109183021096,-0.4416867294957435
2624,7.054755796767615,-0.4426901340663585
2625,7.047419704469198,-0.4436901296562204
2626,7.040101136249813,-0.4446866922490084
2627,7.032800322459569,-0.44567979791025153
2628,7.0255174936658635,-0.44666942278791083
2629,7.018252880644437,-0.447655543112958
2630,7.011006714370276,-0.44863813519995355
2631,7.003779226008399,-0.44961717544762203
2632,6.9965706469045275,-0.45059264033942537
2633,6.989381208575587,-0.4515645064441351
2634,6.982211142700147,-0.4525327504164012
2635,6.9750606811086975,-0.45349734899731947
2636,6.96793005577376,-0.4544582790149978
2637,6.960819498799949,-0.4554155173851186
2638,6.953729242413843,-0.45636904111150123
2639,6.946659518953752,-0.4573188272866597
2640,6.939610560859362,-0.4582648530923607
2641,6.932582600661216,-0.45920709580017854
2642,6.9255758709700865,-0.46014553277204834
2643,6.91859060446626,-0.4610801414608148
2644,6.911627033888563,-0.46201089941078427
2645,6.904685392023436,-0.4629377842582673
2646,6.897765911693724,-0.4638607737321252
2647,6.890868825747412,-0.4647798456543109
2648,6.883994367046194,-0.46569497794041
2649,6.877142768453947,-0.46660614860017674
2650,6.870314262825047,-0.46751333573807025
2651,6.863509082992558,-0.4684165175537869
2652,6.856727461756291,-0.46931567234279176
2653,6.849969631870732,-0.4702107784968468
2654,6.843235826032855,-0.47110181450453603
2655,6.83652627686975,-0.4719887589517914
2656,6.829841216926196,-0.47287159052241257
2657,6.8231808786520425,-0.4737502879985865
2658,6.816545494389493,-0.4746248302614046
2659,6.809935296360232,-0.4754951962913776
2660,6.803350516652459,-0.47636136516894595
2661,6.796791387207751,-0.47722331607499174
2662,6.7902581398078246,-0.4780810282913443
2663,6.783751006061174,-0.4789344812012856
2664,6.777270217389547,-0.4797836542900526
2665,6.7708160050143205,-0.4806285271453375
2666,6.764388599942746,-0.4814690794577852
2667,6.757988232954058,-0.4823052910214881
2668,6.751615134585469,-0.48313714173447897
2669,6.745269535118032,-0.48396461159922044
2670,6.738951664562376,-0.48478768072309386
2671,6.732661752644323,-0.48560632931888276
2672,6.726400028790386,-0.48642053770525634
2673,6.720166722113137,-0.4872302863072493
2674,6.713962061396452,-0.48803555565673934
2675,6.707786275080651,-0.48883632639292135
2676,6.70163959124749,-0.4896325792627806
2677,6.695522237605089,-0.4904242951215616
2678,6.689434441472663,-0.4912114549332362
2679,6.683376429765214,-0.4919940397709668
2680,6.677348428978078,-0.4927720308175689
2681,6.671350665171348,-0.49354540936596986
2682,6.665383363954196,-0.494314156819666
2683,6.659446750469088,-0.49507825469317596
2684,6.653541049375884,-0.495837684612492
2685,6.647666484835839,-0.49659242831552847
2686,6.641823280495483,-0.49734246765256795
2687,6.636011659470429,-0.4980877845867034
2688,6.6302318443290105,-0.4988283611942799
2689,6.624484057075937,-0.4995641796653303
2690,6.618768519135693,-0.5002952223040124
2691,6.613085451335991,-0.5010214715290389
2692,6.607435073891022,-0.5017429098741086
2693,6.601817606384675,-0.5024595199883315
2694,6.596233267753624,-0.5031712846366536
2695,6.590682276270373,-0.5038781867002768
2696,6.585164849526161,-0.5045802091770781
2697,6.57968120441381,-0.5052773351820244
2698,6.574231557110496,-0.5059695479475848
2699,6.568816123060414,-0.5066568308241409
2700,6.563435116957409,-0.507339167280393
2701,6.558088752727466,-0.508016540903764
2702,6.55277724351119,-0.5086889354008011
2703,6.547500801646177,-0.5093563345975732
2704,6.542259638649336,-0.5100187224400665
2705,6.537053965199125,-0.5106760829945769
2706,6.531883991117739,-0.5113284004480992
2707,6.526749925353249,-0.511975659108714
2708,6.521651975961636,-0.5126178434059708
2709,6.516590350088836,-0.5132549378912692
2710,6.511565253952688,-0.5138869272382354
2711,6.506576892824826,-0.5145137962430986
2712,6.501625471012574,-0.5151355298250612
2713,6.496711191840736,-0.5157521130266685
2714,6.491834257633403,-0.5163635310141738
2715,6.486994869695689,-0.5169697690779013
2716,6.482193228295419,-0.5175708126326061
2717,6.477429532644832,-0.5181666472178309
2718,6.472703980882242,-0.5187572584982588
2719,6.468016770053642,-0.519342632264065
2720,6.463368096094317,-0.5199227544312633
2721,6.45875815381045,-0.5204976110420517
2722,6.454187136860672,-0.5210671882651533
2723,6.449655237737661,-0.5216314723961539
2724,6.445162647749685,-0.5221904498578384
2725,6.440709557002142,-0.5227441072005226
2726,6.436296154379152,-0.5232924311023822
2727,6.431922627525096,-0.5238354083697783
2728,6.427589162826195,-0.524373025937581
2729,6.423295945392104,-0.5249052708694878
2730,6.4190431590374795,-0.5254321303583419
2731,6.414830986263614,-0.5259535917264446
2732,6.410659608240093,-0.5264696424258648
2733,6.406529204786435,-0.5269802700387478
2734,6.402439954353804,-0.5274854622776178
2735,6.398392034006757,-0.5279852069856792
2736,6.394385619404992,-0.5284794921371136
2737,6.390420884785196,-0.5289683058373752
2738,6.386498002942878,-0.5294516363234808
2739,6.382617145214315,-0.5299294719642982
2740,6.3787784814585065,-0.530401801260831
2741,6.374982180039224,-0.5308686128464999
2742,6.371228407807072,-0.531329895487421
2743,6.367517330081707,-0.531785638082681
2744,6.363849110634042,-0.532235829664608
2745,6.360223911668555,-0.5326804593990415
2746,6.356641893805714,-0.5331195165855959
2747,6.353103216064412,-0.5335529906579248
2748,6.349608035844598,-0.5339808711839771
2749,6.3461565089098855,-0.5344031478662542
2750,6.342748789370355,-0.5348198105420614
2751,6.339385029665412,-0.5352308491837564
2752,6.336065380546747,-0.5356362538989956
2753,6.332789991061414,-0.5360360149309763
2754,6.32955900853506,-0.5364301226586746
2755,6.326372578555221,-0.5368185675970822
2756,6.323230844954775,-0.5372013403974376
2757,6.320133949795518,-0.5375784318474558
2758,6.317082033351859,-0.5379498328715535
2759,6.314075234094667,-0.5383155345310714
2760,6.311113688675289,-0.5386755280244926
2761,6.308197531909619,-0.5390298046876593
2762,6.305326896762433,-0.5393783559939835
2763,6.302501914331794,-0.5397211735546575
2764,6.299722713833676,-0.5400582491188572
2765,6.296989422586699,-0.5403895745739461
2766,6.294302165997063,-0.5407151419456726
2767,6.29166106754364,-0.5410349433983663
2768,6.2890662487632625,-0.5413489712351292
2769,6.286517829236166,-0.5416572178980236
2770,6.284015926571627,-0.5419596759682589
2771,6.281560656393793,-0.5422563381663718
2772,6.279152132327702,-0.5425471973524048
2773,6.276790465985482,-0.5428322465260816
2774,6.27447576695279,-0.5431114788269781
2775,6.272208142775413,-0.5433848875346899
2776,6.269987698946105,-0.5436524660689978
2777,6.267814538891621,-0.5439142079900279
2778,6.26568876395997,-0.5441701069984105
2779,6.263610473407917,-0.5444201569354327
2780,6.261579764388622,-0.5446643517831914
2781,6.259596731939633,-0.5449026856647377
2782,6.25766146897101,-0.5451351528442234
2783,6.255774066253702,-0.5453617477270399
2784,6.253934612408201,-0.5455824648599561
2785,6.252143193893412,-0.5457972989312506
2786,6.250399894995744,-0.5460062447708433
2787,6.248704797818492,-0.5462092973504205
2788,6.247057982271454,-0.5464064517835584
2789,6.24545952606079,-0.5465977033258432
2790,6.24390950467914,-0.5467830473749867
2791,6.242407991396033,-0.5469624794709388
2792,6.240955057248516,-0.5471359952959969
2793,6.2395507710320945,-0.5473035906749111
2794,6.2381951992918845,-0.5474652615749871
2795,6.236888406314125,-0.5476210041061836
2796,6.2356304541178424,-0.5477708145212091
2797,6.234421402446916,-0.5479146892156119
2798,6.233261308762361,-0.5480526247278688
2799,6.232150228234889,-0.5481846177394698
2800,6.23108821373776,-0.5483106650749996
2801,6.230075315839958,-0.5484307637022142
2802,6.229111582799601,-0.5485449107321158
2803,6.228197060557674,-0.5486531034190227
2804,6.227331792732054,-0.5487553391606372
2805,6.226515820611827,-0.5488516154981082
2806,6.225749183151894,-0.5489419301160914
2807,6.225031916967891,-0.5490262808428064
2808,6.22436405633139,-0.5491046656500888
2809,6.223745633165422,-0.5491770826534402
2810,6.223176677040309,-0.5492435301120742
2811,6.2226572151697574,-0.5493040064289573
2812,6.222187272407298,-0.5493585101508507
2813,6.221766871243054,-0.5494070399683418
2814,6.221396031800735,-0.5494495947158795
2815,6.221074771835031,-0.5494861733718002
2816,6.220803106729266,-0.5495167750583532
2817,6.220581049493365,-0.5495413990417222
2818,6.2204086107621555,-0.5495600447320421
2819,6.220285798793959,-0.5495727116834143
2820,6.220212619469505,-0.5495793995939162
2821,6.2201890762911685,-0.5495801083056087
2822,6.220215170382492,-0.5495748378045393
2823,6.220290900488049,-0.5495635882207431
2824,6.2204162629736155,-0.5495463598282379
2825,6.220591251826624,-0.5495231530450181
2826,6.2208158586569855,-0.5494939684330439
2827,6.221090072698191,-0.5494588066982262
2828,6.221413880808717,-0.5494176686904104
2829,6.221787267473764,-0.549370555403354
2830,6.222210214807306,-0.5493174679747023
2831,6.222682702554432,-0.5492584076859599
2832,6.2232047080940225,-0.5491933759624593
2833,6.2237762064417135,-0.5491223743733248
2834,6.2243971702531775,-0.5490454046314345
2835,6.2250675698277265,-0.5489624685933769
2836,6.2257873731121975,-0.5488735682594059
2837,6.226556545705139,-0.5487787057733907
2838,6.227375050861347,-0.5486778834227629
2839,6.228242849496638,-0.5485711036384603
2840,6.22915990019298,-0.5484583689948666
2841,6.23012615920389,-0.5483396822097474
2842,6.231141580460122,-0.5482150461441845
2843,6.232206115575689,-0.5480844638025033
2844,6.233319713854146,-0.5479479383322005
2845,6.23448232229515,-0.5478054730238656
2846,6.235693885601366,-0.5476570713111001
2847,6.236954346185607,-0.5475027367704319
2848,6.238263644178279,-0.5473424731212289
2849,6.239621717435107,-0.5471762842256057
2850,6.241028501545145,-0.5470041740883296
2851,6.242483929839046,-0.5468261468567209
2852,6.243987933397648,-0.5466422068205519
2853,6.245540441060771,-0.5464523584119401
2854,6.247141379436349,-0.5462566062052399
2855,6.2487906729097515,-0.5460549549169299
2856,6.250488243653457,-0.5458474094054965
2857,6.2522340116369275,-0.5456339746713141
2858,6.254027894636738,-0.5454146558565232
2859,6.255869808247004,-0.545189458244902
2860,6.257759665890029,-0.5449583872617378
2861,6.259697378827192,-0.5447214484736936
2862,6.261682856170103,-0.54447864758867
2863,6.263716004891984,-0.5442299904556658
2864,6.265796729839286,-0.5439754830646342
2865,6.267924933743584,-0.5437151315463341
2866,6.270100517233609,-0.5434489421721815
2867,6.272323378847618,-0.543176921354093
2868,6.2745934150458735,-0.5428990756443305
2869,6.276910520223454,-0.5426154117353381
2870,6.279274586723211,-0.5423259364595784
2871,6.281685504848938,-0.5420306567893651
2872,6.284143162878798,-0.5417295798366902
2873,6.286647447078886,-0.5414227128530504
2874,6.289198241717041,-0.5411100632292688
2875,6.291795429076844,-0.5407916384953129
2876,6.294438889471794,-0.5404674463201095
2877,6.297128501259701,-0.5401374945113566
2878,6.299864140857216,-0.5398017910153318
2879,6.3026456827545845,-0.539460343916696
2880,6.305472999530562,-0.5391131614382966
2881,6.308345961867496,-0.5387602519409631
2882,6.311264438566573,-0.5384016239233043
2883,6.314228296563241,-0.5380372860214975
2884,6.317237400942752,-0.5376672470090783
2885,6.320291614955956,-0.5372915157967234
2886,6.323390800035097,-0.536910101432033
2887,6.326534815809902,-0.536523013099308
2888,6.329723520123713,-0.5361302601193247
2889,6.332956769049794,-0.5357318519491063
2890,6.336234416907777,-0.5353277981816903
2891,6.339556316280199,-0.5349181085458935
2892,6.3429223180292285,-0.5345027929060725
2893,6.346332271313446,-0.5340818612618823
2894,6.349786023604763,-0.5336553237480306
2895,6.3532834207054805,-0.5332231906340292
2896,6.356824306765399,-0.5327854723239419
2897,6.360408524299084,-0.5323421793561294
2898,6.364035914203199,-0.5318933224029906
2899,6.367706315773946,-0.5314389122707007
2900,6.37141956672459,-0.5309789598989461
2901,6.375175503203039,-0.5305134763606567
2902,6.378973959809584,-0.5300424728617334
2903,6.38281476961463,-0.5295659607407737
2904,6.386697764176544,-0.529083951468794
2905,6.3906227735595635,-0.5285964566489474
2906,6.3945896263517765,-0.5281034880162401
2907,6.3985981496831315,-0.5276050574372426
2908,6.402648169243545,-0.5271011769098006
2909,6.40673950930102,-0.5265918585627387
2910,6.410871992719852,-0.5260771146555645
2911,6.415045440978838,-0.5255569575781674
2912,6.419259674189563,-0.5250313998505155
2913,6.423514511114668,-0.5245004541223484
2914,6.427809769186232,-0.5239641331728668
2915,6.432145264524091,-0.5234224499104208
2916,6.4365208119542405,-0.5228754173721915
2917,6.440936225027253,-0.5223230487238726
2918,6.44539131603665,-0.5217653572593491
2919,6.449885896037372,-0.5212023564003698
2920,6.454419774864226,-0.5206340596962186
2921,6.458992761150289,-0.5200604808233834
2922,6.463604662345374,-0.5194816335852214
2923,6.468255284734466,-0.5188975319116201
2924,6.4729444334561475,-0.5183081898586568
2925,6.477671912521041,-0.5177136216082542
2926,6.48243752483019,-0.5171138414678329
2927,6.487241072193478,-0.5165088638699616
2928,6.492082355347976,-0.5158987033720034
2929,6.496961173976301,-0.5152833746557595
2930,6.501877326724933,-0.51466289252711
2931,6.506830611222502,-0.5140372719156512
2932,6.5118208240980415,-0.5134065278743306
2933,6.5168477609992,-0.5127706755790786
2934,6.521911216610435,-0.5121297303284361
2935,6.527010984671132,-0.5114837075431812
2936,6.532146857993696,-0.5108326227659518
2937,6.537318628481573,-0.510176491660865
2938,6.542526087147275,-0.5095153300131342
2939,6.547769024130264,-0.5088491537286828
2940,6.553047228714856,-0.508177978833755
2941,6.55836048934802,-0.5075018214745245
2942,6.5637085936571244,-0.5068206979166989
2943,6.569091328467634,-0.5061346245451221
2944,6.5745084798207,-0.5054436178633744
2945,6.5799598329907285,-0.5047476944933675
2946,6.585445172502829,-0.50404687117494
2947,6.590964282150208,-0.5033411647654464
2948,6.596516945011501,-0.5026305922393467
2949,6.60210294346798,-0.5019151706877905
2950,6.607722059220738,-0.5011949173181989
2951,6.613374073307719,-0.5004698494538454
2952,6.619058766120707,-0.4997399845334318
2953,6.624775917422229,-0.49900534011066183
2954,6.630525306362334,-0.49826593385381274
2955,6.636306711495298,-0.4975217835453041
2956,6.642119910796258,-0.4967729070812615
2957,6.6479646816776805,-0.49601932247108244
2958,6.653840801005796,-0.4952610478369943
2959,6.659748045116916,-0.49449810141361195
2960,6.665686189833623,-0.4937305015474938
2961,6.671655010480887,-0.49295826669669224
2962,6.677654281902055,-0.4921814154303045
2963,6.6836837784747525,-0.4913999664280177
2964,6.68974327412665,-0.49061393847965445
2965,6.695832542351153,-0.4898233504847132
2966,6.701951356222936,-0.48902822145190783
2967,6.708099488413406,-0.48822857049870283
2968,6.714276711206027,-0.48742441685084786
2969,6.720482796511551,-0.4866157798419075
2970,6.7267175158831005,-0.48580267891279055
2971,6.732980640531144,-0.4849851336112756
2972,6.739271941338391,-0.4841631635915335
2973,6.745591188874499,-0.483336788613649
2974,6.751938153410721,-0.48250602854313773
2975,6.758312604934379,-0.4816709033504634
2976,6.764714313163251,-0.48083143311054954
2977,6.77114304755984,-0.4799876380022903
2978,6.7775985773454925,-0.4791395383080582
2979,6.784080671514379,-0.4782871544132112
2980,6.790589098847404,-0.477430506805594
2981,6.797123627925939,-0.4765696160750396
2982,6.803684027145444,-0.4757045029128681
2983,6.810270064728979,-0.4748351881113808
2984,6.816881508740544,-0.47396169256335596
2985,6.823518127098349,-0.4730840372615372
2986,6.8301796875879,-0.47220224329812416
2987,6.836865957874976,-0.4713163318642583
2988,6.843576705518488,-0.4704263242495064
2989,6.850311697983207,-0.46953224184134196
2990,6.857070702652334,-0.4686341061246247
2991,6.863853486839957,-0.4677319386810778
2992,6.870659817803403,-0.46682576118876185
2993,6.877489462755399,-0.46591559542154726
2994,6.884342188876154,-0.46500146324858505
2995,6.891217763325296,-0.4640833866337732
2996,6.898115953253645,-0.4631613876352236
2997,6.905036525814913,-0.4622354884047245
2998,6.911979248177239,-0.4613057111872011
2999,6.918943887534561,-0.46037207832017574
