turn,time_sigma_ns,Q1
0,8.606972145323887,-0.0034808839285745278
1,8.606985224239509,-0.0034794522947295993
2,8.60699891458112,-0.0034779504569830556
3,8.6070132161316,-0.0034763784401206756
4,8.607028128664581,-0.0034747362699708304
5,8.607043651944473,-0.0034730239734019953
6,8.607059785726465,-0.0034712415783220906
7,8.60707652975651,-0.0034693891136801896
8,8.607093883771359,-0.0034674666094631347
9,8.60711184749854,-0.003465474096696795
10,8.607130420656393,-0.0034634116074442273
11,8.607149602954026,-0.003461279174807044
12,8.607169394091382,-0.00345907683292167
13,8.607189793759193,-0.0034568046169615742
14,8.607210801639013,-0.0034544625631353363
15,8.607232417403216,-0.003452050708685782
16,8.60725464071499,-0.0034495690918903
17,8.607277471228373,-0.0034470177520584543
18,8.607300908588236,-0.0034443967295325023
19,8.607324952430284,-0.003441706065686978
20,8.607349602381081,-0.0034389458029267764
21,8.607374858058046,-0.0034361159846871252
22,8.607400719069462,-0.003433216655432615
23,8.60742718501448,-0.0034302478606563205
24,8.607454255483125,-0.0034272096468795136
25,8.607481930056315,-0.0034241020616497843
26,8.607510208305857,-0.0034209251535406897
27,8.60753908979446,-0.0034176789721513394
28,8.607568574075724,-0.0034143635681056516
29,8.60759866069418,-0.003410978993050136
30,8.607629349185265,-0.003407525299654482
31,8.607660639075362,-0.0034040025416094215
32,8.60769252988178,-0.003400410773627078
33,8.607725021112772,-0.0033967500514389655
34,8.607758112267566,-0.003393020431794753
35,8.607791802836319,-0.003389221972463301
36,8.607826092300197,-0.0033853547322285145
37,8.607860980131298,-0.003381418770892588
38,8.607896465792765,-0.003377414149269413
39,8.607932548738697,-0.0033733409291890133
40,8.607969228414218,-0.003369199173492889
41,8.608006504255455,-0.003364988946035474
42,8.60804437568957,-0.0033607103116804764
43,8.608082842134774,-0.003356363336300892
44,8.608121903000294,-0.003351948086779423
45,8.608161557686426,-0.0033474646310052477
46,8.608201805584537,-0.0033429130378733875
47,8.608242646077054,-0.003338293377284596
48,8.608284078537503,-0.0033336057201427054
49,8.608326102330505,-0.0033288501383540356
50,8.60836871681178,-0.0033240267048268942
51,8.608411921328148,-0.003319135493470601
52,8.608455715217593,-0.0033141765791916333
53,8.608500097809221,-0.0033091500378949626
54,8.608545068423274,-0.0033040559464829387
55,8.608590626371166,-0.003298894382852458
56,8.608636770955494,-0.0032936654258938617
57,8.60868350147002,-0.003288369155491072
58,8.608730817199712,-0.003283005652519109
59,8.608778717420746,-0.0032775749988426498
60,8.608827201400498,-0.003272077277316353
61,8.608876268397601,-0.003266512571780764
62,8.60892591766191,-0.0032608809670634934
63,8.60897614843455,-0.0032551825489762366
64,8.609026959947904,-0.003249417404314304
65,8.60907835142564,-0.0032435856208546843
66,8.609130322082716,-0.003237687287355169
67,8.609182871125398,-0.0032317224935518624
68,8.609235997751266,-0.003225691330159336
69,8.609289701149237,-0.003219593888867747
70,8.609343980499574,-0.0032134302623418663
71,8.60939883497388,-0.0032072005442204785
72,8.609454263735161,-0.003200904829112683
73,8.609510265937779,-0.0031945432125991937
74,8.609566840727515,-0.0031881157912280584
75,8.609623987241546,-0.0031816226625157075
76,8.609681704608487,-0.003175063924943403
77,8.609739991948402,-0.003168439677955931
78,8.60979884837278,-0.0031617500219619306
79,8.60985827298461,-0.0031549950583298144
80,8.609918264878349,-0.003148174889387522
81,8.609978823139963,-0.0031412896184202367
82,8.610039946846918,-0.0031343393496699548
83,8.610101635068222,-0.0031273241883321805
84,8.610163886864413,-0.0031202442405558577
85,8.610226701287596,-0.0031130996134403816
86,8.610290077381448,-0.0031058904150347766
87,8.61035401418123,-0.003098616754335896
88,8.610418510713814,-0.0030912787412860376
89,8.610483565997693,-0.0030838764867718808
90,8.610549179043,-0.0030764101026221563
91,8.610615348851493,-0.003068879701607906
92,8.610682074416632,-0.0030612853974372706
93,8.610749354723541,-0.003053627304756648
94,8.610817188749056,-0.0030459055391474877
95,8.610885575461719,-0.003038120217124742
96,8.610954513821813,-0.0030302714561354967
97,8.611024002781361,-0.0030223593745569003
98,8.611094041284169,-0.0030143840916934464
99,8.61116462826581,-0.003006345727776835
100,8.611235762653669,-0.002998244403962469
101,8.611307443366943,-0.0029900802423287022
102,8.611379669316651,-0.002981853365875195
103,8.611452439405692,-0.002973563898519034
104,8.611525752528818,-0.002965211965094698
105,8.611599607572671,-0.0029567976913516345
106,8.611674003415796,-0.0029483212039523735
107,8.611748938928672,-0.0029397826304699308
108,8.611824412973712,-0.0029311820993866856
109,8.611900424405277,-0.002922519740092576
110,8.611976972069716,-0.0029137956828822736
111,8.612054054805368,-0.002905010058953644
112,8.612131671442596,-0.0028961630004053977
113,8.612209820803788,-0.0028872546402352924
114,8.612288501703384,-0.002878285112338308
115,8.612367712947906,-0.0028692545515037445
116,8.61244745333595,-0.0028601630934145545
117,8.612527721658218,-0.0028510108746447158
118,8.612608516697549,-0.0028417980326562774
119,8.61268983722893,-0.0028325247057979304
120,8.612771682019506,-0.0028231910333032344
121,8.612854049828613,-0.002813797155288189
122,8.612936939407792,-0.0028043432127486177
123,8.613020349500808,-0.0027948293475587617
124,8.61310427884367,-0.002785255702468803
125,8.613188726164653,-0.0027756224211026065
126,8.613273690184311,-0.0027659296479560723
127,8.613359169615514,-0.002756177528393966
128,8.61344516316344,-0.002746366208648808
129,8.613531669525637,-0.002736495835817344
130,8.613618687391996,-0.0027265665578598097
131,8.613706215444811,-0.0027165785235964217
132,8.613794252358781,-0.0027065318827056567
133,8.613882796801027,-0.002696426785722583
134,8.613971847431118,-0.002686263384035719
135,8.614061402901102,-0.002676041829884846
136,8.614151461855514,-0.002665762276358935
137,8.614242022931407,-0.002655424877393663
138,8.614333084758364,-0.002645029787769283
139,8.614424645958522,-0.002634577163108563
140,8.614516705146595,-0.002624067159874035
141,8.614609260929909,-0.002613499935364988
142,8.614702311908394,-0.0026028756477166843
143,8.614795856674633,-0.0025921944558967643
144,8.614889893813878,-0.002581456519702794
145,8.614984421904063,-0.0025706619997606438
146,8.615079439515833,-0.002559811057521784
147,8.615174945212564,-0.0025489038552605732
148,8.61527093755038,-0.0025379405560725737
149,8.615367415078197,-0.00252692132387073
150,8.615464376337721,-0.002515846323384326
151,8.615561819863478,-0.002504715720155892
152,8.615659744182855,-0.002493529680538205
153,8.615758147816095,-0.0024822883716927903
154,8.615857029276324,-0.002470991961587724
155,8.615956387069607,-0.0024596406189929224
156,8.616056219694926,-0.002448234513480297
157,8.616156525644243,-0.002436773815418975
158,8.616257303402492,-0.002425258695974658
159,8.616358551447618,-0.002413689327105962
160,8.616460268250593,-0.0024020658815624746
161,8.616562452275462,-0.0023903885328807766
162,8.616665101979335,-0.002378657455383959
163,8.616768215812435,-0.0023668728241772272
164,8.616871792218117,-0.0023550348151459752
165,8.616975829632867,-0.002343143604954263
166,8.61708032648638,-0.00233119937103969
167,8.617185281201529,-0.0023192022916132997
168,8.61729069219442,-0.002307152545655252
169,8.617396557874411,-0.0022950503129131063
170,8.617502876644124,-0.002282895773898956
171,8.61760964689951,-0.0022706891098854135
172,8.617716867029811,-0.0022584305029056764
173,8.617824535417636,-0.0022461201357485954
174,8.61793265043897,-0.0022337581919562345
175,8.618041210463192,-0.002221344855822089
176,8.618150213853113,-0.0022088803123875484
177,8.618259658964993,-0.002196364747439273
178,8.61836954414856,-0.0021837983475071427
179,8.618479867747054,-0.002171181299860525
180,8.618590628097245,-0.0021585137925055594
181,8.618701823529447,-0.0021457960141834753
182,8.618813452367558,-0.0021330281543667333
183,8.618925512929067,-0.002120210403257138
184,8.619038003525121,-0.002107342951781444
185,8.619150922460506,-0.0020944259915900245
186,8.619264268033685,-0.002081459715054295
187,8.619378038536857,-0.0020684443152615083
188,8.619492232255935,-0.002055379986014836
189,8.61960684747059,-0.0020422669218294613
190,8.619721882454302,-0.002029105317928558
191,8.619837335474356,-0.002015895370241502
192,8.619953204791875,-0.002002637275401608
193,8.620069488661867,-0.0019893312307411397
194,8.62018618533321,-0.0019759774342914555
195,8.620303293048726,-0.001962576084777022
196,8.620420810045186,-0.0019491273816140658
197,8.620538734553326,-0.0019356315249078456
198,8.620657064797882,-0.0019220887154498107
199,8.620775798997654,-0.0019084991547122232
200,8.620894935365468,-0.001894863044848793
201,8.621014472108254,-0.0018811805886893218
202,8.62113440742705,-0.0018674519897376569
203,8.621254739517024,-0.0018536774521690277
204,8.621375466567542,-0.0018398571808252004
205,8.621496586762134,-0.0018259913812144046
206,8.621618098278581,-0.0018120802595051843
207,8.62173999928891,-0.0017981240225257683
208,8.62186228795942,-0.0017841228777598693
209,8.621984962450734,-0.001770077033344081
210,8.622108020917796,-0.001755986698064767
211,8.622231461509935,-0.001741852081354667
212,8.622355282370858,-0.0017276733932902293
213,8.6224794816387,-0.0017134508445887278
214,8.62260405744604,-0.0016991846466049303
215,8.62272900791995,-0.0016848750113272648
216,8.622854331181996,-0.0016705221513764804
217,8.622980025348289,-0.0016561262800005238
218,8.623106088529514,-0.001641687611072469
219,8.623232518830939,-0.0016272063590874921
220,8.623359314352456,-0.0016126827391599167
221,8.623486473188612,-0.001598116967019396
222,8.623613993428636,-0.0015835092590081078
223,8.62374187315646,-0.0015688598320781192
224,8.623870110450769,-0.0015541689037866931
225,8.623998703385015,-0.0015394366922947163
226,8.624127650027448,-0.0015246634163624854
227,8.624256948441133,-0.00150984929534822
228,8.624386596684014,-0.0014949945492019772
229,8.624516592808911,-0.0014800993984648958
230,8.62464693486356,-0.0014651640642653818
231,8.62477762089064,-0.00145018876831558
232,8.624908648927818,-0.0014351737329080085
233,8.625040017007763,-0.0014201191809125795
234,8.62517172315818,-0.0014050253357734653
235,8.62530376540184,-0.0013898924215057168
236,8.625436141756605,-0.0013747206626923277
237,8.625568850235481,-0.0013595102844799506
238,8.625701888846606,-0.0013442615125774566
239,8.625835255593326,-0.0013289745732504863
240,8.625968948474187,-0.0013136496933201921
241,8.62610296548301,-0.001298287100157585
242,8.62623730460886,-0.0012828870216834948
243,8.62637196383614,-0.001267449686361883
244,8.62650694114457,-0.0012519753231991825
245,8.626642234509253,-0.0012364641617390027
246,8.626777841900697,-0.001220916432059782
247,8.626913761284822,-0.001205332364772314
248,8.627049990623025,-0.0011897121910143507
249,8.627186527872196,-0.0011740561424486476
250,8.627323370984747,-0.0011583644512592063
251,8.627460517908643,-0.0011426373501482936
252,8.627597966587443,-0.0011268750723321742
253,8.627735714960318,-0.001111077851538674
254,8.627873760962071,-0.0010952459220043384
255,8.628012102523222,-0.0010793795184684562
256,8.628150737569971,-0.0010634788761725823
257,8.628289664024269,-0.0010475442308556363
258,8.628428879803849,-0.001031575818750452
259,8.628568382822236,-0.0010155738765814113
260,8.628708170988801,-0.0009995386415595736
261,8.628848242208786,-0.000983470351380137
262,8.628988594383314,-0.0009673692442195911
263,8.62912922540947,-0.0009512355587301954
264,8.629270133180265,-0.0009350695340394923
265,8.629411315584747,-0.0009188714097433871
266,8.629552770507953,-0.0009026414259062775
267,8.629694495831014,-0.0008863798230541324
268,8.629836489431122,-0.0008700868421740171
269,8.62997874918161,-0.0008537627247089826
270,8.630121272951953,-0.0008374077125548055
271,8.630264058607825,-0.0008210220480566564
272,8.630407104011114,-0.000804605974005466
273,8.630550407019953,-0.0007881597336348161
274,8.630693965488772,-0.0007716835706167316
275,8.630837777268297,-0.0007551777290592764
276,8.630981840205624,-0.0007386424535012969
277,8.631126152144217,-0.0007220779889107725
278,8.631270710923955,-0.000705484580680033
279,8.631415514381159,-0.0006888624746229215
280,8.631560560348632,-0.000672211916970785
281,8.6317058466557,-0.0006555331543683447
282,8.631851371128203,-0.000638826433872563
283,8.631997131588578,-0.0006220920029460015
284,8.632143125855873,-0.0006053301094549451
285,8.632289351745756,-0.0005885410016663624
286,8.632435807070587,-0.0005717249282426117
287,8.632582489639425,-0.0005548821382394663
288,8.632729397258077,-0.0005380128811010995
289,8.632876527729103,-0.0005211174066580904
290,8.63302387885189,-0.0005041959651222457
291,8.63317144842266,-0.00048724880708388624
292,8.63331923423449,-0.0004702761835083722
293,8.633467234077369,-0.00045327834573258096
294,8.633615445738231,-0.0004362555454599743
295,8.633763867000976,-0.00041920803475825147
296,8.633912495646506,-0.0004021360660556855
297,8.634061329452758,-0.0003850398921370319
298,8.634210366194738,-0.00036791976614010516
299,8.63435960364457,-0.00035077594155171176
300,8.634509039571494,-0.00033360867220519276
301,8.634658671741935,-0.0003164182122750166
302,8.634808497919513,-0.000299204816274691
303,8.634958515865087,-0.00028196873905252015
304,8.635108723336785,-0.0002647102357877133
305,8.635259118090039,-0.00024742956198712314
306,8.63540969787762,-0.00023012697348105123
307,8.635560460449662,-0.00021280272642029702
308,8.635711403553719,-0.0001954570772716835
309,8.635862524934767,-0.00017809028281486584
310,8.636013822335254,-0.00016070260013920432
311,8.63616529349515,-0.00014329428663794239
312,8.636316936151935,-0.00012586560000784938
313,8.636468748040697,-0.00010841679824180996
314,8.63662072689411,-9.094813962752415e-05
315,8.636772870442464,-7.345988274510393e-05
316,8.636925176413762,-5.595228645903827e-05
317,8.637077642533702,-3.8425609917546134e-05
318,8.637230266525725,-2.088011254848965e-05
319,8.637383046111035,-3.316054055633266e-06
320,8.63753597900866,1.4266305585945637e-05
321,8.637689062935454,3.186670613189122e-05
322,8.637842295606164,4.9484887074459396e-05
323,8.637995674733435,6.712058764454057e-05
324,8.638149198027866,8.477354681634033e-05
325,8.638302863198032,0.00010244350331087518
326,8.638456667950527,0.00012013019559978453
327,8.638610609989984,0.00013783336190872726
328,8.638764687019108,0.00015555274022078792
329,8.638918896738742,0.00017328806828223735
330,8.639073236847858,0.00019103908360353002
331,8.639227705043618,0.00020880552346496666
332,8.639382299021406,0.0002265871249200285
333,8.639537016474847,0.00024438362479887576
334,8.639691855095867,0.0002621947597126027
335,8.639846812574692,0.00028002026605601475
336,8.640001886599926,0.000297859880013136
337,8.64015707485854,0.00031571333755888825
338,8.640312375035943,0.00033358037446504614
339,8.640467784815993,0.0003514607263019373
340,8.64062330188104,0.0003693541284437297
341,8.640778923911958,0.00038726031607158617
342,8.640934648588178,0.00040517902417738067
343,8.641090473587738,0.00042310998756840777
344,8.641246396587293,0.00044105294086987994
345,8.641402415262167,0.0004590076185296926
346,8.641558527286376,0.00047697375482176916
347,8.641714730332673,0.0004949510838500988
348,8.641871022072571,0.0005129393395524154
349,8.642027400176392,0.0005309382557040452
350,8.642183862313285,0.000548947565921839
351,8.642340406151265,0.0005669670036672811
352,8.642497029357255,0.0005849963022516063
353,8.642653729597118,0.0006030351948385985
354,8.642810504535698,0.0006210834144495738
355,8.64296735183683,0.0006391406939653736
356,8.643124269163392,0.0006572067661313402
357,8.643281254177342,0.0006752813635611639
358,8.643438304539757,0.0006933642187412642
359,8.643595417910845,0.0007114550640331516
360,8.643752591950003,0.0007295536316782887
361,8.643909824315836,0.0007476596538019603
362,8.644067112666196,0.0007657728624163798
363,8.644224454658222,0.0007838929894252837
364,8.644381847948367,0.0008020197666275409
365,8.644539290192442,0.0008201529257210964
366,8.644696779045638,0.0008382921983066206
367,8.644854312162567,0.0008564373158911223
368,8.645011887197297,0.0008745880098925163
369,8.645169501803393,0.000892744011643142
370,8.645327153633925,0.0009109050523929089
371,8.645484840341547,0.0009290708633147379
372,8.645642559578487,0.0009472411755067952
373,8.64580030899661,0.0009654157199973682
374,8.645958086247452,0.000983594227748906
375,8.64611588898222,0.0010017764296599418
376,8.646273714851864,0.0010199620565712131
377,8.646431561507109,0.0010381508392689135
378,8.646589426598482,0.0010563425084887887
379,8.646747307776323,0.0010745367949181006
380,8.646905202690863,0.0010927334292022653
381,8.647063108992235,0.0011109321419472075
382,8.647221024330493,0.001129132663722617
383,8.647378946355683,0.0011473347250677305
384,8.647536872717856,0.0011655380564938693
385,8.64769480106708,0.0011837423884874
386,8.647852729053533,0.0012019474515162726
387,8.648010654327486,0.0012201529760317118
388,8.648168574539355,0.00123835869247267
389,8.648326487339734,0.001256564331269733
390,8.648484390379435,0.0012747696228492696
391,8.64864228130953,0.0012929742976375098
392,8.64880015778135,0.00131117808606325
393,8.648958017446555,0.001329380718562574
394,8.649115857957167,0.0013475819255833413
395,8.64927367696557,0.0013657814375873762
396,8.649431472124595,0.0013839789850563903
397,8.649589241087497,0.0014021742984932032
398,8.649746981508038,0.001420367108428272
399,8.649904691040522,0.0014385571454234721
400,8.650062367339771,0.0014567441400730068
401,8.650220008061217,0.0014749278230099564
402,8.65037761086092,0.0014931079249098098
403,8.650535173395603,0.0015112841764941922
404,8.65069269332268,0.0015294563085339486
405,8.650850168300293,0.0015476240518540066
406,8.651007595987345,0.0015657871373366
407,8.651164974043539,0.0015839452959255697
408,8.6513223001294,0.0016020982586296615
409,8.65147957190634,0.0016202457565274823
410,8.651636787036646,0.0016383875207701421
411,8.651793943183558,0.0016565232825859195
412,8.651951038011267,0.0016746527732837478
413,8.652108069184983,0.0016927757242575152
414,8.652265034370943,0.0017108918669893711
415,8.652421931236448,0.0017290009330537604
416,8.652578757449914,0.0017471026541215978
417,8.652735510680891,0.0017651967619640562
418,8.652892188600102,0.0017832829884561914
419,8.653048788879463,0.001801361065580281
420,8.653205309192156,0.0018194307254317565
421,8.65336174721262,0.0018374917002206331
422,8.653518100616601,0.0018555437222764922
423,8.653674367081193,0.0018735865240525253
424,8.653830544284862,0.0018916198381288374
425,8.653986629907477,0.0019096433972164081
426,8.654142621630353,0.001927656934160938
427,8.654298517136294,0.0019456601819479154
428,8.654454314109604,0.00196365287370466
429,8.654610010236125,0.001981634742704676
430,8.6547656032033,0.0019996055223730175
431,8.654921090700151,0.0020175649462870217
432,8.655076470417379,0.0020355127481840336
433,8.655231740047332,0.0020534486619613245
434,8.655386897284089,0.0020713724216830085
435,8.65554193982347,0.0020892837615823913
436,8.655696865363076,0.002107182416066457
437,8.655851671602322,0.0021250681197191837
438,8.656006356242468,0.002142940607305557
439,8.656160916986652,0.0021607996137755344
440,8.656315351539927,0.002178644874267754
441,8.656469657609287,0.002196476124113126
442,8.656623832903705,0.0022142930988390238
443,8.656777875134184,0.0022320955341736328
444,8.656931782013752,0.0022498831660484856
445,8.65708555125753,0.0022676557306031556
446,8.65723918058275,0.0022854129641891644
447,8.657392667708777,0.002303154603372667
448,8.65754601035718,0.0023208803849406874
449,8.657699206251715,0.0023385900459016993
450,8.657852253118396,0.0023562833234918555
451,8.658005148685506,0.002373959955177923
452,8.65815789068365,0.0023916196786612893
453,8.658310476845768,0.0024092622318813463
454,8.658462904907182,0.0024268873530201673
455,8.658615172605625,0.0024444947805053836
456,8.658767277681264,0.0024620842530144213
457,8.658919217876747,0.002479655509478058
458,8.659070990937227,0.002497208289084376
459,8.659222594610405,0.0025147423312830938
460,8.659374026646553,0.0025322573757885114
461,8.659525284798544,0.0025497531625831905
462,8.65967636682189,0.002567229431922478
463,8.659827270474779,0.0025846859243378027
464,8.659977993518092,0.0026021223806402725
465,8.66012853371546,0.002619538541925445
466,8.660278888833263,0.0026369341495752516
467,8.660429056640707,0.0026543089452641657
468,8.660579034909816,0.002671662670961057
469,8.660728821415479,0.0026889950689333985
470,8.660878413935482,0.0027063058817510125
471,8.661027810250546,0.002723594852290775
472,8.661177008144351,0.002740861723738737
473,8.661326005403566,0.0027581062395947505
474,8.661474799817892,0.0027753281436765135
475,8.661623389180095,0.002792527180123394
476,8.661771771286016,0.002809703093398549
477,8.661919943934615,0.0028268556282937778
478,8.662067904928026,0.002843984529934446
479,8.662215652071554,0.0028610895437811237
480,8.662363183173726,0.00287817041563436
481,8.662510496046309,0.002895226891637943
482,8.662657588504368,0.0029122587182836652
483,8.66280445836626,0.002929265642413081
484,8.662951103453699,0.0029462474112231015
485,8.663097521591768,0.0029632037722685934
486,8.663243710608956,0.0029801344734664875
487,8.663389668337201,0.0029970392630997173
488,8.663535392611896,0.0030139178898199895
489,8.66368088127194,0.0030307701026521007
490,8.66382613215977,0.0030475956509978443
491,8.66397114312137,0.003064394284638776
492,8.664115912006336,0.0030811657537409922
493,8.664260436667881,0.003097909808858108
494,8.664404714962872,0.0031146262009348127
495,8.664548744751874,0.0031313146813111564
496,8.664692523899156,0.003147975001725119
497,8.664836050272736,0.003164606914316991
498,8.66497932174443,0.0031812101716337574
499,8.665122336189846,0.0031977845266308092
500,8.665265091488441,0.0032143297326771543
501,8.665407585523553,0.00323084554938981
502,8.665549816156451,0.0032473317395657936
503,8.66569178120054,0.0032637880603227968
504,8.665833478421403,0.0032802142631060773
505,8.665974905536933,0.0032966100936993683
506,8.666116060217403,0.0033129752922344425
507,8.666256940085603,0.003329309593202112
508,8.666397542716894,0.0033456127254602253
509,8.666537865639363,0.0033618844122467024
510,8.666677906333891,0.0033781243711873527
511,8.666817662234267,0.003394332314307339
512,8.666957130727274,0.0034105079480397874
513,8.66709630915283,0.0034266509732386197
514,8.66723519480407,0.0034427610851872417
515,8.66737378492745,0.003458837973609319
516,8.667512076722856,0.0034748813226785236
517,8.667650067343716,0.003490890811030159
518,8.66778775389713,0.0035068661117723062
519,8.66792513344392,0.003522806892493406
520,8.6680622029988,0.0035387128152766893
521,8.668198959530454,0.0035545835367077395
522,8.66833539996166,0.0035704187078877
523,8.668471521169389,0.0035862179744419846
524,8.668607319984936,0.00360198097653292
525,8.668742793194012,0.003617707348869213
526,8.668877937536879,0.0036333967207180236
527,8.669012749708445,0.003649048715915115
528,8.669147226358398,0.003664662952876482
529,8.669281364091297,0.0036802390446088232
530,8.669415159466718,0.003695776598721539
531,8.669548608999353,0.0037112752174374448
532,8.669681709159137,0.003726734497604485
533,8.669814456371354,0.003742154030705752
534,8.66994684701676,0.003757533402871891
535,8.670078877431711,0.003772872194892732
536,8.670210543908293,0.0037881699822286037
537,8.670341842694413,0.0038034263350212156
538,8.670472769993946,0.0038186408181057475
539,8.670603321966844,0.0038338129910221873
540,8.670733494729275,0.0038489424080276422
541,8.670863284353725,0.0038640286181071447
542,8.670992686869141,0.003879071164985909
543,8.671121698261054,0.003894069587141589
544,8.671250314471683,0.003909023417814765
545,8.671378531400114,0.003923932185023665
546,8.67150634490236,0.003938795411572393
547,8.67163375079153,0.003953612615065558
548,8.671760744837963,0.0039683833079203045
549,8.671887322769333,0.003983106997377578
550,8.672013480270786,0.003997783185514167
551,8.672139212985082,0.004012411369255755
552,8.672264516512712,0.0040269910403891475
553,8.672389386412052,0.004041521685574641
554,8.672513818199466,0.004056002786357933
555,8.672637807349451,0.004070433819182591
556,8.67276134929477,0.004084814255402782
557,8.672884439426605,0.004099143561297019
558,8.673007073094668,0.004113421198079
559,8.67312924560735,0.004127646621911908
560,8.673250952231841,0.004141819283919179
561,8.673372188194286,0.004155938630199337
562,8.673492948679915,0.004170004101838129
563,8.673613228833178,0.004184015134920767
564,8.673733023757901,0.004197971160546664
565,8.67385232851739,0.004211871604839992
566,8.673971138134599,0.004225715888964605
567,8.67408944759227,0.004239503429137024
568,8.674207251833078,0.004253233636639788
569,8.674324545759736,0.004266905917832913
570,8.674441324235195,0.004280519674170052
571,8.67455758208274,0.004294074302209868
572,8.674673314086148,0.004307569193629608
573,8.674788514989846,0.004321003735239709
574,8.674903179499049,0.0043343773089967435
575,8.67501730227989,0.004347689292017002
576,8.67513087795959,0.004360939056590031
577,8.675243901126592,0.0043741259701928804
578,8.675356366330691,0.004387249395502664
579,8.675468268083229,0.004400308690412635
580,8.675579600857185,0.004413303208043382
581,8.675690359087392,0.004426232296759999
582,8.67580053717062,0.004439095300183067
583,8.675910129465768,0.0044518915572044765
584,8.676019130294002,0.004464620402001391
585,8.676127533938905,0.004477281164049892
586,8.676235334646623,0.0044898731681392865
587,8.67634252662605,0.004502395734387943
588,8.676449104048935,0.0045148481782554565
589,8.67655506105007,0.004527229810558868
590,8.676660391727427,0.0045395399374859825
591,8.676765090142332,0.00455177786061136
592,8.676869150319595,0.004563942876909399
593,8.676972566247677,0.004576034278769708
594,8.677075331878864,0.0045880513540125555
595,8.677177441129407,0.004599993385903118
596,8.67727888787967,0.004611859653165941
597,8.677379665974303,0.004623649430000086
598,8.677479769222417,0.004635361986095513
599,8.677579191397696,0.004646996586645436
600,8.677677926238612,0.004658552492364546
601,8.677775967448556,0.004670028959502546
602,8.677873308695997,0.004681425239859132
603,8.677969943614663,0.004692740580800915
604,8.678065865803665,0.004703974225274024
605,8.67816106882771,0.004715125411822663
606,8.678255546217242,0.004726193374603661
607,8.678349291468587,0.004737177343400674
608,8.678442298044157,0.0047480765436420415
609,8.678534559372572,0.0047588901964143145
610,8.67862606884886,0.004769617518479768
611,8.678716819834607,0.004780257722291654
612,8.67880680565813,0.004790810016009973
613,8.678896019614644,0.004801273603517968
614,8.67898445496642,0.004811647684437369
615,8.679072104942968,0.00482193145414542
616,8.679158962741196,0.004832124103790384
617,8.679245021525574,0.004842224820307683
618,8.679330274428331,0.004852232786437413
619,8.679414714549592,0.004862147180739405
620,8.67949833495756,0.004871967177609916
621,8.679581128688712,0.004881691947299307
622,8.679663088747933,0.004891320655927272
623,8.679744208108708,0.0049008524654996465
624,8.679824479713297,0.004910286533925627
625,8.679903896472904,0.004919622015035095
626,8.679982451267852,0.004928858058593962
627,8.680060136947754,0.004937993810322165
628,8.680136946331693,0.004947028411910421
629,8.680212872208394,0.004955961001037134
630,8.680287907336407,0.0049647907113861646
631,8.680362044444282,0.004973516672663364
632,8.680435276230735,0.0049821380106140015
633,8.680507595364835,0.0049906538470398274
634,8.680578994486194,0.004999063299817735
635,8.6806494662051,0.005007365482914641
636,8.68071900310276,0.0050155595064080875
637,8.680787597731447,0.005023644476502688
638,8.680855242614655,0.005031619495545991
639,8.68092193024733,0.005039483662049263
640,8.680987653096022,0.005047236070703571
641,8.681052403599065,0.005054875812397625
642,8.681116174166775,0.00506240197423677
643,8.681178957181606,0.005069813639559155
644,8.681240744998371,0.005077109887956508
645,8.681301529944387,0.005084289795289826
646,8.681361304319681,0.005091352433708864
647,8.681420060397178,0.005098296871670601
648,8.681477790422864,0.005105122173956785
649,8.681534486616007,0.005111827401694013
650,8.681590141169295,0.005118411612369618
651,8.681644746249058,0.0051248738598525575
652,8.681698293995437,0.005131213194410713
653,8.681750776522595,0.005137428662731258
654,8.681802185918887,0.005143519307938309
655,8.681852514247023,0.005149484169610871
656,8.681901753544311,0.005155322283803944
657,8.681949895822806,0.005161032683066218
658,8.681996933069513,0.005166614396459394
659,8.682042857246579,0.005172066449577962
660,8.682087660291465,0.005177387864566941
661,8.682131334117173,0.005182577660143378
662,8.682173870612397,0.005187634851613758
663,8.682215261641742,0.005192558450894637
664,8.682255499045901,0.0051973474665317635
665,8.682294574641851,0.005202000903719432
666,8.682332480223064,0.0052065177643214645
667,8.682369207559663,0.005210897046888922
668,8.682404748398657,0.005215137746681949
669,8.682439094464101,0.0052192388556883355
670,8.682472237457318,0.005223199362644485
671,8.682504169057065,0.0052270182530539736
672,8.682534880919759,0.0052306945092095315
673,8.682564364679655,0.005234227110212351
674,8.682592611949037,0.0052376150319917115
675,8.682619614318426,0.005240857247326346
676,8.682645363356789,0.0052439527258652165
677,8.68266985061172,0.005246900434147271
678,8.682693067609613,0.0052496993356208116
679,8.682715005855922,0.005252348390667199
680,8.682735656835293,0.005254846556618162
681,8.682755012011821,0.005257192787779397
682,8.682773062829204,0.0052593860354498935
683,8.682789800710994,0.005261425247944384
684,8.682805217060729,0.005263309370611617
685,8.682819303262187,0.0052650373458581435
686,8.682832050679572,0.005266608113168433
687,8.682843450657712,0.005268020609126068
688,8.682853494522265,0.005269273767435489
689,8.68286217357991,0.00527036651894253
690,8.68286947911857,0.005271297791657261
691,8.682875402407605,0.005272066510774398
692,8.682879934698004,0.005272671598695487
693,8.68288306722261,0.005273111975050543
694,8.68288479119631,0.005273386556719653
695,8.682885097816236,0.005273494257854645
696,8.682883978261978,0.005273433989901585
697,8.682881423695797,0.0052732046616225095
698,8.682877425262822,0.005272805179118201
699,8.682871974091244,0.005272234445848668
700,8.682865061292539,0.005271491362656753
701,8.68285667796167,0.005270574827790333
702,8.682846815177287,0.005269483736923844
703,8.682835464001961,0.00526821698318281
704,8.682822615482353,0.005266773457163693
705,8.682808260649443,0.005265152046958097
706,8.68279239051874,0.0052633516381753835
707,8.682774996090492,0.0052613711139654126
708,8.68275606834988,0.005259209355040804
709,8.682735598267247,0.00525686523970077
710,8.682713576798296,0.0052543376438535985
711,8.682689994884296,0.005251625441039119
712,8.682664843452299,0.005248727502453071
713,8.682638113415369,0.005245642696970302
714,8.682609795672764,0.005242369891167374
715,8.682579881110145,0.005238907949345024
716,8.68254836059983,0.005235255733554614
717,8.682515225000952,0.005231412103618558
718,8.682480465159713,0.005227375917155855
719,8.682444071909572,0.005223146029604709
720,8.682406036071473,0.0052187212942471535
721,8.682366348454051,0.0052141005622326365
722,8.682324999853844,0.005209282682601393
723,8.682281981055521,0.005204266502309527
724,8.682237282832062,0.005199050866251353
725,8.682190895945036,0.005193634617286494
726,8.68214281114473,0.005188016596260284
727,8.682093019170448,0.005182195642031535
728,8.68204151075067,0.005176170591494991
729,8.681988276603297,0.005169940279606376
730,8.681933307435854,0.005163503539407074
731,8.681876593945704,0.00515685920204801
732,8.681818126820279,0.005150006096815382
733,8.68175789673729,0.005142943051154986
734,8.681695894364932,0.005135668890696438
735,8.681632110362122,0.005128182439279273
736,8.681566535378694,0.005120482518976436
737,8.681499160055665,0.0051125679501223716
738,8.68142997502539,0.005104437551334316
739,8.681358970911807,0.005096090139539429
740,8.681286138330675,0.005087524530000373
741,8.68121146788977,0.005078739536340502
742,8.68113495018912,0.005069733970569037
743,8.681056575821213,0.00506050664310706
744,8.680976335371213,0.005051056362811933
745,8.680894219417198,0.005041381937004594
746,8.680810218530372,0.0050314821714944665
747,8.68072432327528,0.005021355870605382
748,8.68063652421004,0.005011001837201822
749,8.68054681188656,0.005000418872714288
750,8.68045517685074,0.004989605777165456
751,8.680361609642743,0.004978561349197591
752,8.680266100797164,0.00496728438609714
753,8.680168640843286,0.0049557736838217745
754,8.680069220305292,0.00494402803702728
755,8.679967829702486,0.0049320462390925295
756,8.679864459549512,0.00491982708214731
757,8.679759100356591,0.004907369357098627
758,8.679651742629732,0.004894671853656725
759,8.679542376870963,0.004881733360362827
760,8.679430993578558,0.004868552664616043
761,8.679317583247258,0.004855128552699236
762,8.679202136368488,0.004841459809806513
763,8.679084643430592,0.004827545220070521
764,8.678965094919056,0.004813383566589256
765,8.678843481316722,0.004798973631453343
766,8.678719793104044,0.004784314195773828
767,8.67859402075926,0.004769404039707656
768,8.678466154758684,0.0047542419424882075
769,8.678336185576882,0.004738826682450046
770,8.678204103686918,0.004723157037057951
771,8.67806989956057,0.004707231782933547
772,8.677933563668589,0.004691049695884767
773,8.677795086480874,0.004674609550931221
774,8.677654458466746,0.00465791012233444
775,8.677511670095146,0.004640950183624039
776,8.677366711834871,0.004623728507626272
777,8.677219574154819,0.004606243866493203
778,8.677070247524197,0.004588495031729542
779,8.676918722412747,0.0045704807742209955
780,8.67676498929098,0.004552199864262919
781,8.67660903863041,0.004533651071588319
782,8.676450860903772,0.004514833165396909
783,8.676290446585273,0.004495744914383776
784,8.676127786150799,0.004476385086767107
785,8.675962870078143,0.004456752450317176
786,8.675795688847257,0.0044368457723856156
787,8.675626232940461,0.004416663819933484
788,8.675454492842672,0.004396205359560441
789,8.675280459041652,0.0043754691575337
790,8.675104122028213,0.004354453979816891
791,8.674925472296488,0.00433315859210027
792,8.674744500344099,0.004311581759827261
793,8.674561196672464,0.004289722248227209
794,8.674375551786964,0.0042675788223420046
795,8.674187556197197,0.004245150247055867
796,8.673997200417206,0.004222435287125041
797,8.673804474965737,0.004199432707208579
798,8.673609370366423,0.004176141271895996
799,8.673411877148059,0.00415255974573817
800,8.6732119858448,0.004128686893275737
801,8.67300968699642,0.004104521479071002
802,8.672804971148528,0.004080062267735724
803,8.672597828852801,0.004055308023961838
804,8.672388250667215,0.004030257512551286
805,8.6721762271563,0.004004909498447035
806,8.671961748891336,0.003979262746761712
807,8.671744806450617,0.003953316022808755
808,8.671525390419657,0.003927068092131644
809,8.671303491391456,0.0039005177205363203
810,8.671079099966697,0.0038736636741190183
811,8.670852206754011,0.003846504719298638
812,8.670622802370183,0.0038190396228459014
813,8.670390877440404,0.003791267151914824
814,8.670156422598508,0.0037631860740737198
815,8.66991942848717,0.003734795157333603
816,8.669679885758207,0.003706093170183073
817,8.669437785072736,0.003677078881614719
818,8.66919311710145,0.00364775106115832
819,8.668945872524857,0.003618108478912145
820,8.668696042033496,0.003588149905572915
821,8.668443616328174,0.003557874112467435
822,8.668188586120214,0.0035272798715837474
823,8.667930942131681,0.003496365955602387
824,8.667670675095614,0.0034651311379278326
825,8.667407775756237,0.003433574192717323
826,8.667142234869257,0.0034016938949174304
827,8.666874043202045,0.003369489020290913
828,8.666603191533882,0.003336958345450117
829,8.666329670656204,0.0033041006478880847
830,8.666053471372841,0.003270914706011422
831,8.665774584500225,0.0032373992991694706
832,8.66549300086765,0.003203553207688352
833,8.665208711317508,0.0031693752129021086
834,8.664921706705515,0.0031348640971845146
835,8.664631977900957,0.0031000186439813157
836,8.664339515786894,0.0030648376378405607
837,8.66404431126044,0.0030293198644472533
838,8.663746355232968,0.00299346411065363
839,8.663445638630364,0.002957269164512166
840,8.663142152393254,0.002920733815307572
841,8.662835887477229,0.0028838568535882736
842,8.662526834853097,0.0028466370711998836
843,8.662214985507116,0.002809073261317266
844,8.661900330441235,0.0027711642184767827
845,8.661582860673317,0.0027329087386091942
846,8.661262567237376,0.0026943056190711573
847,8.660939441183828,0.0026553536586792505
848,8.660613473579708,0.002616051657741058
849,8.660284655508926,0.002576398418089782
850,8.659952978072477,0.002536392743114586
851,8.659618432388715,0.002496033437796465
852,8.659281009593556,0.0024553193087381935
853,8.658940700840725,0.0024142491641988193
854,8.658597497301999,0.0023728218141263278
855,8.658251390167429,0.0023310360701902667
856,8.657902370645598,0.0022888907458156224
857,8.657550429963829,0.0022463846562147355
858,8.657195559368443,0.0022035166184213536
859,8.656837750124993,0.002160285451323763
860,8.656476993518492,0.002116689975697895
861,8.656113280853665,0.002072729014240928
862,8.65574660345516,0.002028401391603676
863,8.655376952667801,0.001983705934424663
864,8.655004319856825,0.0019386414713638146
865,8.654628696408134,0.0018932068331362544
866,8.654250073728486,0.0018474008525442565
867,8.65386844324577,0.001801222364511956
868,8.653483796409237,0.0017546702061195184
869,8.653096124689721,0.0017077432166350676
870,8.652705419579895,0.0016604402375503917
871,8.652311672594479,0.0016127601126124092
872,8.651914875270515,0.0015647016878594059
873,8.651515019167572,0.001516263811653195
874,8.651112095868003,0.0014674453347136962
875,8.650706096977157,0.001418245110152243
876,8.650297014123641,0.0013686619935061423
877,8.649884838959547,0.0013186948427729164
878,8.649469563160672,0.001268342518442671
879,8.64905117842679,0.0012176038835347875
880,8.648629676481848,0.001166477803629413
881,8.648205049074232,0.001114963146903431
882,8.647777287976982,0.0010630587841632619
883,8.647346384988046,0.0010107635888805078
884,8.646912331930501,0.0009580764372249241
885,8.646475120652795,0.0009049962080991314
886,8.646034743028999,0.0008515217831741247
887,8.645591190958998,0.0007976520469209127
888,8.64514445636878,0.0007433858866474658
889,8.644694531210643,0.0006887221925324596
890,8.644241407463426,0.0006336598576585672
891,8.643785077132762,0.000578197778048542
892,8.643325532251295,0.0005223348526981817
893,8.642862764878924,0.00046606998361182973
894,8.642396767103055,0.000409402075837675
895,8.641927531038808,0.0003523300375005242
896,8.641455048829272,0.0002948527798379196
897,8.640979312645719,0.000236969217233478
898,8.640500314687865,0.00017867826725288013
899,8.640018047184086,0.00011997885067778071
900,8.639532502391663,6.08698915410713e-05
901,8.639043672597014,1.3503171611439769e-06
902,8.638551550115917,-5.858094182352289e-05
903,8.638056127293764,-0.00011892495141891573
904,8.637557396505782,-0.00017968277424064284
905,8.637055350157278,-0.0002408554694796294
906,8.636549980683856,-0.00030244409286700675
907,8.636041280551668,-0.0003644496966392502
908,8.63552924225763,-0.00042687332950344084
909,8.635013858329687,-0.0004897160366016515
910,8.634495121327012,-0.0005529788594763986
911,8.633973023840259,-0.0006166628360361585
912,8.633447558491785,-0.0006807690005198246
913,8.632918717935905,-0.0007452983834614258
914,8.632386494859093,-0.0008102520116561444
915,8.631850881980238,-0.0008756309081241632
916,8.631311872050874,-0.0009414360920764899
917,8.630769457855408,-0.001007668578878954
918,8.630223632211354,-0.0010743293800178292
919,8.62967438796957,-0.0011414195030644344
920,8.629121718014481,-0.001208939951640525
921,8.628565615264309,-0.0012768917253828604
922,8.628006072671337,-0.0013452758199067802
923,8.62744308322208,-0.0014140932267741732
924,8.626876639937578,-0.0014833449334554294
925,8.6263067358736,-0.0015530319232947797
926,8.625733364120872,-0.001623155175476506
927,8.625156517805321,-0.0016937156649880442
928,8.62457619008829,-0.0017647143625865631
929,8.62399237416679,-0.0018361522347616884
930,8.623405063273683,-0.0019080302437038356
931,8.622814250678001,-0.001980349347263431
932,8.622219929685096,-0.0020531104989207393
933,8.621622093636889,-0.0021263146477489554
934,8.621020735912117,-0.002199962738378481
935,8.620415849926564,-0.0022740557109617483
936,8.619807429133267,-0.0023485945011389527
937,8.619195467022763,-0.0024235800400021655
938,8.618579957123313,-0.0024990132540600235
939,8.61796089300113,-0.002574895065203049
940,8.61733826826062,-0.0026512263906675543
941,8.616712076544598,-0.0027280081430009575
942,8.616082311534509,-0.0028052412300274333
943,8.615448966950668,-0.002882926554811337
944,8.614812036552497,-0.0029610650156224774
945,8.614171514138727,-0.0030396575059013237
946,8.613527393547656,-0.0031187049142231316
947,8.612879668657344,-0.003198208124263637
948,8.612228333385858,-0.0032781680147635456
949,8.61157338169151,-0.0033585854594926786
950,8.610914807573055,-0.0034394613272160767
951,8.610252605069942,-0.0035207964816575967
952,8.609586768262535,-0.003602591781465574
953,8.60891729127232,-0.003684848080177983
954,8.608244168262154,-0.0037675662261867854
955,8.60756739343649,-0.003850747062702145
956,8.606886961041575,-0.003934391427719672
957,8.606202865365702,-0.004018500153982797
958,8.60551510073943,-0.00410307406894953
959,8.604823661535793,-0.004188113994756496
960,8.604128542170548,-0.0042736207481841515
961,8.603429737102372,-0.004359595140622284
962,8.602727240833111,-0.004446037978034261
963,8.602021047907987,-0.004532950060922734
964,8.601311152915821,-0.004620332184294549
965,8.600597550489264,-0.004708185137625816
966,8.599880235305022,-0.004796509704826309
967,8.599159202084053,-0.004885306664207028
968,8.598434445591822,-0.00497457678844211
969,8.597705960638503,-0.005064320844536554
970,8.596973742079198,-0.00515453959379053
971,8.596237784814171,-0.005245233791764619
972,8.595498083789069,-0.005336404188244386
973,8.59475463399512,-0.005428051527207925
974,8.594007430469373,-0.005520176546788851
975,8.593256468294912,-0.005612779979243268
976,8.592501742601081,-0.005705862550913956
977,8.591743248563697,-0.005799424982196476
978,8.590980981405265,-0.005893467987505217
979,8.590214936395197,-0.0059879922752378405
980,8.589445108850029,-0.006082998547742629
981,8.588671494133667,-0.006178487501280352
982,8.587894087657553,-0.0062744598259948095
983,8.58711288488092,-0.006370916205874928
984,8.586327881311005,-0.006467857318721386
985,8.585539072503247,-0.006565283836113306
986,8.584746454061515,-0.006663196423373143
987,8.583950021638321,-0.006761595739532868
988,8.583149770935044,-0.00686048243729945
989,8.58234569770213,-0.0069598571630213445
990,8.581537797739315,-0.007059720556654179
991,8.580726066895844,-0.00716007325172651
992,8.579910501070655,-0.007260915875307463
993,8.579091096212647,-0.007362249047969787
994,8.578267848320838,-0.0074640733837592465
995,8.577440753444613,-0.007566389490158644
996,8.576609807683916,-0.007669197968055422
997,8.575775007189478,-0.00777249941170701
998,8.57493634816301,-0.007876294408707957
999,8.574093826857435,-0.007980583539956027
1000,8.573247439577065,-0.008085367379619483
1001,8.572397182677856,-0.008190646495101626
1002,8.571543052567586,-0.00829642144700934
1003,8.57068504570607,-0.008402692789119301
1004,8.569823158605379,-0.008509461068343906
1005,8.568957387830036,-0.008616726824698993
1006,8.568087729997222,-0.00872449059127083
1007,8.567214181777006,-0.00883275289418159
1008,8.566336739892531,-0.00894151425255769
1009,8.565455401120223,-0.009050775178496308
1010,8.564570162290002,-0.009160536177032877
1011,8.563681020285483,-0.009270797746107758
1012,8.562787972044193,-0.009381560376533435
1013,8.561891014557766,-0.009492824551962275
1014,8.560990144872129,-0.00960459074885422
1015,8.560085360087749,-0.009716859436443008
1016,8.559176657359812,-0.009829631076704195
1017,8.558264033898425,-0.00994290612432297
1018,8.557347486968801,-0.010056685026662852
1019,8.556427013891511,-0.010170968223730741
1020,8.555502612042636,-0.010285756148147317
1021,8.554574278853988,-0.010401049225113961
1022,8.553642011813311,-0.01051684787238053
1023,8.552705808464488,-0.010633152500213097
1024,8.551765666407732,-0.010749963511362632
1025,8.550821583299777,-0.010867281301033685
1026,8.549873556854077,-0.010985106256852345
1027,8.54892158484103,-0.011103438758833403
1028,8.547965665088153,-0.011222279179350085
1029,8.547005795480274,-0.011341627883102666
1030,8.54604197395975,-0.01146148522708618
1031,8.545074198526645,-0.011581851560560004
1032,8.544102467238925,-0.011702727225016451
1033,8.543126778212672,-0.011824112554148879
1034,8.542147129622252,-0.011946007873821942
1035,8.541163519700541,-0.012068413502039379
1036,8.540175946739069,-0.012191329748914946
1037,8.539184409088284,-0.01231475691663864
1038,8.538188905157664,-0.012438695299449902
1039,8.53718943341597,-0.012563145183604133
1040,8.536185992391404,-0.012688106847343483
1041,8.53517858067182,-0.012813580560865895
1042,8.534167196904892,-0.012939566586295612
1043,8.53315183979833,-0.01306606517765203
1044,8.532132508120032,-0.013193076580821157
1045,8.531109200698324,-0.01332060103352297
1046,8.530081916422088,-0.013448638765285181
1047,8.529050654240985,-0.013577189997410819
1048,8.528015413165647,-0.01370625494294875
1049,8.52697619226784,-0.013835833806665341
1050,8.525932990680658,-0.013965926785014534
1051,8.524885807598716,-0.014096534066107723
1052,8.52383464227832,-0.014227655829685852
1053,8.522779494037662,-0.014359292247089041
1054,8.521720362256984,-0.014491443481229245
1055,8.520657246378784,-0.01462410968655957
1056,8.519590145907985,-0.014757291009046264
1057,8.518519060412107,-0.014890987586140835
1058,8.517443989521466,-0.01502519954675023
1059,8.516364932929344,-0.015159927011208572
1060,8.515281890392165,-0.015295170091250159
1061,8.514194861729681,-0.015430928889979458
1062,8.513103846825132,-0.015567203501844673
1063,8.51200884562544,-0.015703994012609083
1064,8.51090985814138,-0.01584130049932304
1065,8.509806884447759,-0.015979123030296298
1066,8.508699924683581,-0.016117461665070915
1067,8.507588979052228,-0.016256316454393488
1068,8.506474047821632,-0.016395687440187844
1069,8.505355131324439,-0.01653557465552818
1070,8.50423222995819,-0.016675978124611957
1071,8.50310534418551,-0.01681689786273167
1072,8.501974474534238,-0.01695833387624984
1073,8.500839621597622,-0.017100286162572125
1074,8.49970078603448,-0.0172427547101199
1075,8.49855796856939,-0.01738573949830389
1076,8.497411169992816,-0.01752924049749894
1077,8.496260391161316,-0.01767325766901684
1078,8.495105632997676,-0.01781779096508122
1079,8.493946896491092,-0.017962840328801265
1080,8.49278418269734,-0.01810840569414557
1081,8.491617492738914,-0.018254486985917962
1082,8.49044682780523,-0.01840108411972982
1083,8.489272189152748,-0.018548197001976848
1084,8.488093578105149,-0.018695825529813886
1085,8.4869109960535,-0.018843969591128353
1086,8.485724444456407,-0.018992629064516937
1087,8.48453392484019,-0.019141803819259753
1088,8.483339438799005,-0.019291493715297037
1089,8.48214098799504,-0.019441698603204043
1090,8.480938574158651,-0.01959241832416658
1091,8.479732199088525,-0.01974365270995738
1092,8.47852186465183,-0.01989540158291203
1093,8.477307572784374,-0.020047664755905276
1094,8.476089325490756,-0.020200442032327185
1095,8.474867124844508,-0.02035373320606047
1096,8.47364097298828,-0.02050753806145533
1097,8.472410872133944,-0.02066185637330874
1098,8.471176824562772,-0.020816687906840086
1099,8.469938832625603,-0.020972032417667555
1100,8.468696898742937,-0.021127889651787815
1101,8.467451025405133,-0.021284259345551657
1102,8.466201215172532,-0.02144114122564178
1103,8.464947470675611,-0.021598535009051557
1104,8.463689794615123,-0.021756440403062016
1105,8.462428189762235,-0.02191485710522104
1106,8.461162658958681,-0.022073784803321284
1107,8.459893205116904,-0.02223322317537812
1108,8.458619831220197,-0.022393171889608907
1109,8.457342540322811,-0.022553630604413035
1110,8.456061335550167,-0.022714598968347526
1111,8.454776220098925,-0.022876076620109678
1112,8.453487197237141,-0.023038063188515392
1113,8.452194270304428,-0.023200558292477785
1114,8.450897442712053,-0.02336356154098864
1115,8.449596717943109,-0.023527072533096258
1116,8.448292099552614,-0.02369109085788773
1117,8.446983591167676,-0.023855616094467156
1118,8.445671196487595,-0.024020647811937947
1119,8.444354919284025,-0.024186185569382023
1120,8.443034763401066,-0.024352228915841847
1121,8.441710732755437,-0.024518777390300023
1122,8.440382831336551,-0.02468583052166266
1123,8.439051063206698,-0.024853387828738065
1124,8.437715432501124,-0.025021448820220796
1125,8.436375943428184,-0.02519001299467198
1126,8.43503260026946,-0.025359079840501387
1127,8.433685407379878,-0.02552864883595015
1128,8.43233436918783,-0.025698719449072722
1129,8.430979490195288,-0.025869291137720216
1130,8.429620774977959,-0.026040363349521287
1131,8.428258228185353,-0.02621193552186727
1132,8.426891854540928,-0.026384007081894062
1133,8.42552165884222,-0.026556577446465224
1134,8.424147645960918,-0.026729646022157005
1135,8.422769820843017,-0.026903212205240275
1136,8.42138818850892,-0.027077275381665197
1137,8.420002754053533,-0.027251834927046366
1138,8.41861352264641,-0.02742689020664461
1139,8.417220499531819,-0.02760244057535503
1140,8.415823690028889,-0.027778485377688913
1141,8.4144230995317,-0.02795502394775998
1142,8.41301873350939,-0.028132055609269183
1143,8.411610597506272,-0.028309579675490228
1144,8.410198697141917,-0.028487595449255502
1145,8.408783038111286,-0.02866610222294081
1146,8.407363626184809,-0.028845099278452625
1147,8.405940467208493,-0.029024585887213617
1148,8.404513567104026,-0.02920456131014966
1149,8.403082931868873,-0.029385024797675373
1150,8.401648567576363,-0.029565975589682922
1151,8.400210480375815,-0.029747412915526742
1152,8.398768676492592,-0.029929335994013127
1153,8.397323162228226,-0.030111744033386505
1154,8.395873943960504,-0.030294636231317156
1155,8.394421028143558,-0.030478011774889513
1156,8.39296442130796,-0.03066186984059001
1157,8.391504130060792,-0.030846209594296597
1158,8.390040161085757,-0.031031030191266337
1159,8.388572521143256,-0.031216330776124335
1160,8.387101217070471,-0.03140211048285358
1161,8.385626255781466,-0.031588368434783194
1162,8.384147644267228,-0.03177510374457971
1163,8.382665389595827,-0.03196231551423368
1164,8.381179498912397,-0.03215000283505443
1165,8.379689979439286,-0.03233816478765635
1166,8.378196838476121,-0.03252680044195062
1167,8.376700083399875,-0.032715908857136176
1168,8.375199721664941,-0.03290548908169078
1169,8.37369576080322,-0.03309554015336146
1170,8.372188208424166,-0.03328606109915746
1171,8.370677072214898,-0.033477050935340154
1172,8.369162359940235,-0.03366850866741598
1173,8.367644079442782,-0.03386043329012846
1174,8.366122238643001,-0.03405282378745004
1175,8.364596845539259,-0.03424567913257611
1176,8.363067908207917,-0.034438998287916016
1177,8.361535434803379,-0.03463278020508725
1178,8.359999433558144,-0.03482702382490956
1179,8.358459912782893,-0.03502172807739714
1180,8.356916880866542,-0.03521689188175233
1181,8.355370346276286,-0.0354125141463611
1182,8.35382031755765,-0.035608593768787736
1183,8.352266803334581,-0.03580512963576675
1184,8.350709812309468,-0.03600212062320053
1185,8.349149353263208,-0.036199565596152755
1186,8.347585435055253,-0.036397463408845115
1187,8.346018066623675,-0.03659581290465118
1188,8.344447256985184,-0.03679461291609409
1189,8.342873015235202,-0.03699386226484148
1190,8.341295350547904,-0.03719355976170223
1191,8.339714272176256,-0.03739370420662305
1192,8.33812978945205,-0.03759429438868554
1193,8.33654191178596,-0.03779532908610355
1194,8.334950648667574,-0.03799680706622009
1195,8.33335600966544,-0.038198727085504765
1196,8.331758004427106,-0.0384010878895518
1197,8.330156642679134,-0.038603888213079515
1198,8.328551934227145,-0.0388071267799272
1199,8.326943888955864,-0.03901080230305463
1200,8.325332516829125,-0.039214913484541127
1201,8.323717827889938,-0.03941945901558361
1202,8.32209983226047,-0.03962443757649828
1203,8.320478540142117,-0.03982984783671786
1204,8.318853961815492,-0.04003568845479402
1205,8.31722610764048,-0.04024195807839552
1206,8.31559498805623,-0.0404486553443106
1207,8.313960613581179,-0.040655778878447756
1208,8.3123229948131,-0.040863327295834986
1209,8.3106821424291,-0.04107129920062251
1210,8.309038067185625,-0.04127969318608486
1211,8.30739077991848,-0.04148850783462242
1212,8.305740291542847,-0.041697741717763345
1213,8.304086613053306,-0.041907393396165775
1214,8.302429755523809,-0.042117461419621985
1215,8.300769730107735,-0.042327944327059504
1216,8.29910654803785,-0.042538840646546144
1217,8.297440220626338,-0.04275014889529267
1218,8.29577075926481,-0.04296186757965649
1219,8.294098175424256,-0.043173995195147835
1220,8.292422480655127,-0.043386530226430194
1221,8.29074368658724,-0.04359947114732962
1222,8.289061804929856,-0.043812816420836134
1223,8.287376847471624,-0.0440265644991106
1224,8.285688826080584,-0.0442407138234903
1225,8.28399775270417,-0.04445526282449452
1226,8.282303639369177,-0.04467020992183102
1227,8.28060649818177,-0.04488555352440177
1228,8.278906341327463,-0.0451012920303101
1229,8.2772031810711,-0.04531742382686753
1230,8.275497029756826,-0.04553394729060184
1231,8.2737878998081,-0.04575086078726289
1232,8.272075803727644,-0.045968162671832055
1233,8.270360754097421,-0.04618585128853017
1234,8.268642763578642,-0.04640392497082458
1235,8.266921844911707,-0.046622382041439224
1236,8.265198010916166,-0.04684122081236425
1237,8.26347127449074,-0.047060439584862994
1238,8.261741648613238,-0.047280036649483985
1239,8.260009146340556,-0.04750001028606907
1240,8.258273780808619,-0.04772035876376473
1241,8.256535565232355,-0.047941080341032095
1242,8.254794512905665,-0.04816217326565748
1243,8.253050637201365,-0.04838363577476372
1244,8.251303951571154,-0.04860546609482159
1245,8.249554469545561,-0.048827662441661354
1246,8.247802204733896,-0.04905022302048536
1247,8.246047170824232,-0.04927314602587832
1248,8.244289381583307,-0.04949642964182236
1249,8.24252885085652,-0.04972007204170786
1250,8.240765592567833,-0.04994407138834799
1251,8.238999620719751,-0.050168425833991025
1252,8.237230949393242,-0.05039313352033535
1253,8.235459592747683,-0.05061819257854233
1254,8.233685565020808,-0.05084360112925096
1255,8.231908880528636,-0.05106935728259281
1256,8.230129553665392,-0.05129545913820707
1257,8.228347598903479,-0.051521904785254945
1258,8.226563030793363,-0.051748692302436276
1259,8.224775863963535,-0.0519758197580045
1260,8.222986113120422,-0.052203285209783346
1261,8.221193793048316,-0.05243108670518309
1262,8.21939891860929,-0.052659222281217714
1263,8.217601504743145,-0.05288768996452056
1264,8.215801566467283,-0.05311648777136423
1265,8.213999118876679,-0.05334561370767534
1266,8.212194177143738,-0.05357506576905522
1267,8.210386756518265,-0.0538048419407956
1268,8.208576872327328,-0.054034940197899686
1269,8.2067645399752,-0.05426535850509941
1270,8.204949774943247,-0.05449609481687501
1271,8.203132592789844,-0.0547271470774745
1272,8.201313009150278,-0.05495851322093396
1273,8.199491039736621,-0.05519019117109767
1274,8.197666700337686,-0.05542217884163719
1275,8.195840006818864,-0.05565447413607415
1276,8.19401097512204,-0.055887074947800396
1277,8.192179621265522,-0.056119979160097866
1278,8.190345961343864,-0.056353184646163366
1279,8.188510011527805,-0.05658668926912783
1280,8.186671788064132,-0.05682049088208032
1281,8.184831307275587,-0.05705458732808919
1282,8.182988585560718,-0.05728897644022629
1283,8.181143639393774,-0.05752365604159
1284,8.179296485324594,-0.057758623945327575
1285,8.17744713997847,-0.05799387795466041
1286,8.17559562005602,-0.058229415862907453
1287,8.173741942333052,-0.05846523545351035
1288,8.171886123660459,-0.0587013345000573
1289,8.170028180964055,-0.058937710766309104
1290,8.16816813124446,-0.05917436200622374
1291,8.16630599157696,-0.05941128596398271
1292,8.164441779111364,-0.05964848037401648
1293,8.162575511071854,-0.059885942961031946
1294,8.160707204756866,-0.0601236714400372
1295,8.15883687753891,-0.060361663516370755
1296,8.156964546864447,-0.06059991688572736
1297,8.155090230253732,-0.06083842923418573
1298,8.153213945300667,-0.06107719823823661
1299,8.151335709672608,-0.061316221564812305
1300,8.149455541110278,-0.06155549687131245
1301,8.147573457427544,-0.06179502180563538
1302,8.145689476511276,-0.06203479400620652
1303,8.143803616321199,-0.06227481110200721
1304,8.141915894889697,-0.0625150707126058
1305,8.140026330321687,-0.06275557044818582
1306,8.138134940794398,-0.0629963079095785
1307,8.136241744557232,-0.06323728068829228
1308,8.134346759931569,-0.06347848636654457
1309,8.132450005310607,-0.0637199225172925
1310,8.130551499159164,-0.06396158670426509
1311,8.128651260013514,-0.06420347648199481
1312,8.126749306481182,-0.0644455893958503
1313,8.12484565724078,-0.06468792298206856
1314,8.122940331041798,-0.0649304747677882
1315,8.12103334670442,-0.065173242271083
1316,8.119124723119322,-0.06541622300099505
1317,8.117214479247494,-0.06565941445756834
1318,8.115302634120026,-0.06590281413188366
1319,8.113389206837908,-0.06614641950609278
1320,8.111474216571828,-0.06639022805345328
1321,8.109557682561977,-0.06663423723836344
1322,8.10763962411781,-0.06687844451639849
1323,8.105720060617886,-0.0671228473343451
1324,8.103799011509583,-0.06736744313023939
1325,8.10187649630897,-0.06761222933340054
1326,8.09995253460051,-0.06785720336447022
1327,8.098027146036886,-0.06810236263544824
1328,8.096100350338764,-0.06834770454972973
1329,8.094172167294564,-0.06859322650214364
1330,8.092242616760245,-0.06883892587898977
1331,8.090311718659057,-0.06908480005807789
1332,8.088379492981321,-0.06933084640876573
1333,8.086445959784198,-0.06957706229199774
1334,8.084511139191447,-0.06982344506034445
1335,8.082575051393164,-0.0700699920580429
1336,8.080637716645578,-0.07031670062103497
1337,8.078699155270781,-0.07056356807700791
1338,8.07675938765649,-0.07081059174543565
1339,8.074818434255778,-0.07105776893761881
1340,8.072876315586857,-0.0713050969567257
1341,8.070933052232796,-0.07155257309783353
1342,8.06898866484127,-0.07180019464797106
1343,8.067043174124304,-0.07204795888615945
1344,8.065096600858004,-0.07229586308345504
1345,8.063148965882299,-0.07254390450299206
1346,8.061200290100679,-0.07279208040002506
1347,8.059250594479906,-0.07304038802197249
1348,8.05729990004976,-0.07328882460846044
1349,8.055348227902757,-0.07353738739136553
1350,8.053395599193873,-0.07378607359485982
1351,8.051442035140251,-0.07403488043545577
1352,8.049487557020955,-0.07428380512204887
1353,8.047532186176628,-0.07453284485596552
1354,8.045575944009272,-0.07478199683100537
1355,8.043618851981897,-0.07503125823348941
1356,8.041660931618267,-0.07528062624230465
1357,8.039702204502593,-0.07553009802895033
1358,8.037742692279226,-0.0757796707575853
1359,8.035782416652374,-0.07602934158507373
1360,8.033821399385777,-0.07627910766103352
1361,8.031859662302423,-0.07652896612788272
1362,8.029897227284241,-0.07677891412088707
1363,8.02793411627176,-0.0770289487682094
1364,8.025970351263839,-0.07727906719095617
1365,8.024005954317316,-0.07752926650322745
1366,8.022040947546705,-0.07777954381216551
1367,8.020075353123866,-0.07802989621800391
1368,8.018109193277692,-0.0782803208141172
1369,8.016142490293788,-0.07853081468706967
1370,8.014175266514123,-0.07878137491666708
1371,8.0122075443367,-0.07903199857600653
1372,8.010239346215249,-0.07928268273152594
1373,8.008270694658872,-0.07953342444305611
1374,8.006301612231672,-0.07978422076387316
1375,8.00433212155248,-0.08003506874074717
1376,8.002362245294453,-0.08028596541399641
1377,8.000392006184756,-0.08053690781753807
1378,7.998421427004191,-0.08078789297894202
1379,7.99645053058687,-0.08103891791948228
1380,7.994479339819844,-0.08128997965419028
1381,7.992507877642742,-0.08154107519190887
1382,7.990536167047415,-0.08179220153534526
1383,7.988564231077577,-0.08204335568112497
1384,7.986592092828456,-0.0822945346198448
1385,7.984619775446387,-0.08254573533612965
1386,7.982647302128465,-0.08279695480868532
1387,7.9806746961221675,-0.08304819001035461
1388,7.978701980724985,-0.08329943790817129
1389,7.976729179284031,-0.08355069546341663
1390,7.974756315195665,-0.08380195963167508
1391,7.972783411905121,-0.08405322736288959
1392,7.970810492906104,-0.08430449560141878
1393,7.968837581740394,-0.08455576128609371
1394,7.966864701997486,-0.0848070213502737
1395,7.964891877314155,-0.08505827272190501
1396,7.962919131374097,-0.0853095123235767
1397,7.960946487907511,-0.085560737072579
1398,7.958973970690676,-0.08581194388096235
1399,7.9570016035456,-0.08606312965559318
1400,7.955029410339559,-0.08631429129821491
1401,7.953057414984711,-0.08656542570550553
1402,7.951085641437666,-0.08681652976913741
1403,7.949114113699119,-0.08706760037583422
1404,7.947142855813361,-0.08731863440743419
1405,7.9451718918679175,-0.08756962874094677
1406,7.943201245993081,-0.08782058024861492
1407,7.941230942361516,-0.08807148579797432
1408,7.939261005187818,-0.08832234225191375
1409,7.937291458728078,-0.08857314646873715
1410,7.935322327279452,-0.08882389530222373
1411,7.9333536351797385,-0.08907458560168909
1412,7.931385406806911,-0.08932521421204823
1413,7.929417666578693,-0.08957577797387656
1414,7.92745043895212,-0.08982627372347121
1415,7.925483748423077,-0.09007669829291531
1416,7.923517619525865,-0.09032704851013859
1417,7.921552076832731,-0.09057732119898199
1418,7.919587144953411,-0.09082751317926041
1419,7.917622848534696,-0.09107762126682525
1420,7.915659212259953,-0.09132764227362843
1421,7.913696260848673,-0.09157757300778656
1422,7.911734019055988,-0.09182741027364495
1423,7.909772511672231,-0.09207715087184148
1424,7.907811763522423,-0.09232679159937238
1425,7.905851799465856,-0.09257632924965493
1426,7.903892644395564,-0.09282576061259501
1427,7.901934323237872,-0.09307508247465085
1428,7.899976860951921,-0.0933242916188983
1429,7.89802028252916,-0.0935733848250979
1430,7.896064612992879,-0.09382235886976
1431,7.894109877397714,-0.09407121052621083
1432,7.8921561008291565,-0.09431993656465953
1433,7.890203308403056,-0.09456853375226468
1434,7.888251525265133,-0.0948169988532005
1435,7.886300776590474,-0.09506532862872472
1436,7.884351087583031,-0.09531351983724551
1437,7.8824024834751105,-0.09556156923438974
1438,7.880454989526872,-0.09580947357307007
1439,7.8785086310258325,-0.09605722960355287
1440,7.876563433286328,-0.09630483407352691
1441,7.8746194216490135,-0.0965522837281719
1442,7.87267662148037,-0.09679957531022566
1443,7.870735058172132,-0.09704670556005554
1444,7.86879475714082,-0.09729367121572466
1445,7.866855743827179,-0.0975404690130635
1446,7.864918043695671,-0.09778709568573811
1447,7.86298168223394,-0.09803354796532006
1448,7.861046684952278,-0.09827982258135662
1449,7.859113077383099,-0.09852591626144021
1450,7.857180885080389,-0.09877182573127963
1451,7.855250133619189,-0.0990175477147694
1452,7.85332084859504,-0.09926307893406092
1453,7.851393055623429,-0.09950841610963404
1454,7.849466780339254,-0.09975355596036758
1455,7.847542048396297,-0.09999849520360951
1456,7.845618885466629,-0.10024323055525042
1457,7.843697317240094,-0.10048775872979365
1458,7.841777369423722,-0.10073207644042843
1459,7.839859067741201,-0.10097618039910031
1460,7.837942437932311,-0.10122006731658396
1461,7.836027505752336,-0.10146373390255642
1462,7.834114296971534,-0.10170717686566831
1463,7.832202837374534,-0.10195039291361806
1464,7.830293152759813,-0.1021933787532224
1465,7.828385268939068,-0.10243613109049265
1466,7.826479211736685,-0.10267864663070546
1467,7.824575006989139,-0.10292092207847747
1468,7.822672680544425,-0.10316295413783855
1469,7.820772258261479,-0.1034047395123053
1470,7.818873766009598,-0.10364627490495472
1471,7.816977229667832,-0.10388755701849986
1472,7.815082675124418,-0.10412858255536253
1473,7.813190128276185,-0.10436934821774807
1474,7.81129961502795,-0.10460985070772062
1475,7.8094111612919574,-0.10485008672727612
1476,7.807524792987228,-0.10509005297841979
1477,7.8056405360390135,-0.10532974616323854
1478,7.803758416378168,-0.10556916298397775
1479,7.80187845994055,-0.10580830014311586
1480,7.800000692666411,-0.10604715434344078
1481,7.798125140499796,-0.10628572228812457
1482,7.796251829387936,-0.10652400068079929
1483,7.7943807852806355,-0.10676198622563313
1484,7.792512034129639,-0.10699967562740721
1485,7.790645601888059,-0.10723706559158969
1486,7.788781514509721,-0.10747415282441379
1487,7.786919797948538,-0.10771093403295488
1488,7.7850604781579245,-0.1079474059252047
1489,7.783203581090153,-0.10818356521014962
1490,7.78134913269571,-0.10841940859784793
1491,7.779497158922718,-0.10865493279950483
1492,7.777647685716245,-0.10889013452755185
1493,7.7758007390177175,-0.10912501049572229
1494,7.773956344764278,-0.1093595574191291
1495,7.7721145288881255,-0.10959377201434284
1496,7.770275317315917,-0.10982765099946801
1497,7.768438735968092,-0.11006119109422216
1498,7.766604810758256,-0.11029438902001253
1499,7.764773567592529,-0.11052724150001415
1500,7.762945032368903,-0.11075974525924792
1501,7.761119230976583,-0.11099189702465927
1502,7.759296189295359,-0.11122369352519514
1503,7.757475933194941,-0.11145513149188323
1504,7.755658488534317,-0.1116862076579099
1505,7.753843881161087,-0.11191691875869897
1506,7.752032136910827,-0.11214726153198958
1507,7.750223281606414,-0.11237723271791558
1508,7.748417341057374,-0.11260682905908398
1509,7.746614341059224,-0.1128360473006538
1510,7.7448143073928,-0.11306488419041505
1511,7.743017265823612,-0.11329333647886743
1512,7.741223242101171,-0.11352140091929926
1513,7.7394322619583,-0.11374907426786768
1514,7.737644351110505,-0.11397635328367646
1515,7.735859535255272,-0.11420323472885639
1516,7.734077840071435,-0.11442971536864285
1517,7.73229929121844,-0.11465579197145849
1518,7.730523914335729,-0.11488146130898963
1519,7.72875173504205,-0.11510672015626648
1520,7.726982778934761,-0.11533156529174403
1521,7.7252170715891735,-0.11555599349738017
1522,7.72345463855785,-0.11578000155871675
1523,7.721695505369954,-0.11600358626495788
1524,7.719939697530532,-0.1162267444090513
1525,7.718187240519852,-0.11644947278776713
1526,7.71643815979272,-0.11667176820177799
1527,7.714692480777776,-0.11689362745573931
1528,7.712950228876828,-0.11711504735836889
1529,7.711211429464143,-0.11733602472252723
1530,7.709476107885767,-0.11755655636529777
1531,7.707744289458831,-0.11777663910806672
1532,7.706015999470868,-0.1179962697766025
1533,7.7042912631791,-0.11821544520113748
1534,7.702570105809759,-0.11843416221644702
1535,7.700852552557383,-0.11865241766192998
1536,7.699138628584132,-0.11887020838168864
1537,7.697428359019064,-0.11908753122460991
1538,7.695721768957467,-0.11930438304444438
1539,7.694018883460137,-0.11952076069988742
1540,7.692319727552692,-0.11973666105465888
1541,7.690624326224853,-0.11995208097758422
1542,7.6889327044297575,-0.12016701734267422
1543,7.687244887083249,-0.12038146702920503
1544,7.685560899063162,-0.12059542692179985
1545,7.683880765208642,-0.12080889391050732
1546,7.682204510319416,-0.1210218648908832
1547,7.680532159155097,-0.12123433676407026
1548,7.678863736434474,-0.12144630643687858
1549,7.6771992668348155,-0.12165777082186514
1550,7.675538774991119,-0.1218687268374164
1551,7.6738822854954645,-0.12207917140782515
1552,7.6722298228962424,-0.122289101463374
1553,7.670581411697488,-0.12249851394041347
1554,7.668937076358143,-0.122707405781443
1555,7.6672968412913605,-0.12291577393519083
1556,7.665660730863775,-0.12312361535669479
1557,7.664028769394813,-0.12333092700738107
1558,7.662400981155948,-0.12353770585514624
1559,7.66077739037002,-0.12374394887443521
1560,7.6591580212105,-0.12394965304632242
1561,7.657542897800771,-0.12415481535859217
1562,7.655932044213441,-0.12435943280581707
1563,7.65432548446958,-0.12456350238943988
1564,7.652723242538066,-0.12476702111785094
1565,7.6511253423348045,-0.12496998600647048
1566,7.649531807722067,-0.12517239407782613
1567,7.647942662507752,-0.12537424236163314
1568,7.646357930444654,-0.12557552789487533
1569,7.644777635229744,-0.12577624772188423
1570,7.643201800503515,-0.12597639889441553
1571,7.641630449849184,-0.12617597847173298
1572,7.640063606792028,-0.1263749835206842
1573,7.638501294798624,-0.12657341111578285
1574,7.636943537276184,-0.1267712583392849
1575,7.6353903575718,-0.12696852228126973
1576,7.633841778971736,-0.12716520003971832
1577,7.632297824700723,-0.12736128872059208
1578,7.630758517921226,-0.12755678543791227
1579,7.62922388173273,-0.12775168731383882
1580,7.627693939171035,-0.12794599147874802
1581,7.626168713207533,-0.12813969507131182
1582,7.624648226748493,-0.1283327952385761
1583,7.623132502634345,-0.1285252891360392
1584,7.621621563638968,-0.12871717392772966
1585,7.620115432468964,-0.12890844678628563
1586,7.618614131762965,-0.1290991048930311
1587,7.617117684090897,-0.12928914543805534
1588,7.615626111953289,-0.1294785656202897
1589,7.614139437780526,-0.12966736264758666
1590,7.612657683932184,-0.12985553373679545
1591,7.611180872696279,-0.13004307611384117
1592,7.60970902628857,-0.13022998701380156
1593,7.608242166851856,-0.13041626368098386
1594,7.606780316455251,-0.13060190336900268
1595,7.605323497093495,-0.13078690334085583
1596,7.603871730686218,-0.13097126086900243
1597,7.602425039077256,-0.13115497323543884
1598,7.600983444033935,-0.13133803773177524
1599,7.599546967246375,-0.1315204516593116
1600,7.598115630326771,-0.13170221232911472
1601,7.596689454808692,-0.1318833170620942
1602,7.595268462146387,-0.13206376318907773
1603,7.59385267371407,-0.1322435480508879
1604,7.592442110805241,-0.1324226689984163
1605,7.591036794631951,-0.13260112339270091
1606,7.589636746324147,-0.13277890860499938
1607,7.588241986928928,-0.1329560220168662
1608,7.586852537409893,-0.13313246102022566
1609,7.585468418646401,-0.13330822301744874
1610,7.5840896514329215,-0.13348330542142553
1611,7.582716256478311,-0.1336577056556414
1612,7.5813482544051345,-0.13383142115425034
1613,7.579985665748971,-0.13400444936214936
1614,7.578628510957729,-0.13417678773505237
1615,7.577276810390952,-0.13434843373956395
1616,7.57593058431913,-0.1345193848532533
1617,7.574589852923046,-0.13468963856472546
1618,7.573254636293054,-0.13485919237369748
1619,7.571924954428412,-0.1350280437910695
1620,7.570600827236618,-0.13519619033899732
1621,7.569282274532701,-0.1353636295509663
1622,7.56796931603857,-0.1355303589718625
1623,7.566661971382333,-0.13569637615804506
1624,7.565360260097629,-0.1358616786774179
1625,7.564064201622947,-0.13602626410950197
1626,7.5627738153009485,-0.13619013004550673
1627,7.561489120377831,-0.13635327408840045
1628,7.560210136002642,-0.1365156938529819
1629,7.558936881226605,-0.13667738696595155
1630,7.557669375002491,-0.136838351065981
1631,7.556407636183932,-0.13699858380378413
1632,7.555151683524776,-0.137158082842187
1633,7.553901535678405,-0.13731684585619847
1634,7.552657211197145,-0.13747487053307744
1635,7.5514187285315435,-0.13763215457240516
1636,7.550186106029756,-0.1377886956861529
1637,7.548959361936912,-0.13794449159875022
1638,7.547738514394436,-0.13809954004715505
1639,7.546523581439441,-0.13825383878092087
1640,7.545314581004051,-0.13840738556226614
1641,7.544111530914809,-0.13856017816614014
1642,7.542914448892005,-0.1387122143802924
1643,7.54172335254906,-0.13886349200533957
1644,7.540538259391907,-0.13901400885483126
1645,7.539359186818326,-0.13916376275531925
1646,7.53818615211736,-0.13931275154642206
1647,7.537019172468678,-0.1394609730808914
1648,7.535858264941952,-0.13960842522467903
1649,7.534703446496253,-0.13975510585700102
1650,7.5335547339794005,-0.13990101287040574
1651,7.532412144127408,-0.140046144170836
1652,7.531275693563833,-0.14019049767769529
1653,7.530145398799193,-0.14033407132391226
1654,7.5290212762303454,-0.14047686305600499
1655,7.527903342139897,-0.14061887083414498
1656,7.526791612695607,-0.1407600926322208
1657,7.525686103949787,-0.14090052643790144
1658,7.524586831838725,-0.14104017025269885
1659,7.523493812182101,-0.1411790220920305
1660,7.5224070606823705,-0.14131707998528334
1661,7.521326592924209,-0.1414543419758747
1662,7.5202524243739255,-0.1415908061213142
1663,7.519184570378902,-0.14172647049326526
1664,7.518123046166994,-0.14186133317760666
1665,7.517067866845976,-0.14199539227449337
1666,7.5160190474029935,-0.14212864589841598
1667,7.514976602703985,-0.14226109217826166
1668,7.5139405474931085,-0.14239272925737487
1669,7.512910896392208,-0.14252355529361563
1670,7.511887663900259,-0.1426535684594191
1671,7.510870864392823,-0.14278276694185396
1672,7.509860512121486,-0.14291114894268211
1673,7.508856621213325,-0.14303871267841634
1674,7.5078592056703854,-0.14316545638037714
1675,7.506868279369124,-0.1432913782947518
1676,7.505883856059915,-0.14341647668264929
1677,7.504905949366459,-0.1435407498201605
1678,7.50393457278533,-0.14366419599841107
1679,7.502969739685426,-0.1437868135236191
1680,7.502011463307441,-0.1439086007171512
1681,7.501059756763371,-0.1440295559155771
1682,7.50011463303601,-0.1441496774707246
1683,7.499176104978422,-0.1442689637497352
1684,7.498244185313479,-0.14438741313511633
1685,7.497318886633335,-0.144505024024797
1686,7.4964002213989405,-0.14462179483218074
1687,7.495488201939562,-0.14473772398619839
1688,7.494582840452302,-0.14485280993136085
1689,7.493684149001593,-0.14496705112781214
1690,7.49279213951876,-0.14508044605138035
1691,7.4919068238015285,-0.1451929931936294
1692,7.491028213513554,-0.14530469106191074
1693,7.490156320183954,-0.14541553817941452
1694,7.48929115520688,-0.1455255330852182
1695,7.48843272984104,-0.14563467433433788
1696,7.487581055209249,-0.14574296049777757
1697,7.4867361422979775,-0.1458503901625791
1698,7.485898001956943,-0.14595696193186897
1699,7.485066644898618,-0.14606267442490944
1700,7.484242081697862,-0.1461675262771434
1701,7.483424322791443,-0.1462715161402446
1702,7.482613378477636,-0.14637464268216344
1703,7.481809258915805,-0.1464769045871736
1704,7.481011974125975,-0.14657830055591944
1705,7.480221533988442,-0.1466788293054604
1706,7.479437948243355,-0.1467784895693175
1707,7.478661226490313,-0.1468772800975182
1708,7.477891378187983,-0.14697519965664055
1709,7.477128412653704,-0.1470722470298576
1710,7.476372339063104,-0.14716842101698074
1711,7.475623166449684,-0.14726372043450517
1712,7.474880903704499,-0.14735814411564946
1713,7.474145559575743,-0.14745169091040042
1714,7.473417142668405,-0.14754435968555382
1715,7.472695661443897,-0.14763614932475647
1716,7.471981124219683,-0.14772705872854805
1717,7.471273539168965,-0.14781708681439998
1718,7.470572914320301,-0.1479062325167569
1719,7.469879257557275,-0.14799449478707644
1720,7.469192576618165,-0.14808187259386787
1721,7.468512879095601,-0.14816836492273158
1722,7.467840172436236,-0.14825397077639738
1723,7.4671744639404425,-0.14833868917476178
1724,7.466515760761984,-0.14842251915492605
1725,7.465864069907676,-0.1485054597712341
1726,7.465219398237138,-0.1485875100953068
1727,7.464581752462433,-0.14866866921608024
1728,7.463951139147821,-0.14874893623983984
1729,7.463327564709431,-0.14882831029025612
1730,7.462711035414989,-0.14890679050841968
1731,7.462101557383547,-0.14898437605287448
1732,7.461499136585185,-0.14906106609965267
1733,7.460903778840762,-0.1491368598423069
1734,7.460315489821638,-0.1492117564919436
1735,7.459734275049426,-0.1492857552772549
1736,7.459160139895727,-0.14935885544455071
1737,7.45859308958189,-0.14943105625778977
1738,7.458033129178765,-0.14950235699861072
1739,7.4574802636064685,-0.1495727569663618
1740,7.45693449763414,-0.14964225547813206
1741,7.456395835879735,-0.14971085186877883
1742,7.455864282809788,-0.14977854549095793
1743,7.455339842739202,-0.1498453357151517
1744,7.45482251983104,-0.14991122192969628
1745,7.45431231809631,-0.14997620354081015
1746,7.453809241393796,-0.1500402799726189
1747,7.453313293429829,-0.15010345066718372
1748,7.4528244777581,-0.15016571508452695
1749,7.4523427977795205,-0.1502270727026553
1750,7.451868256741989,-0.1502875230175876
1751,7.451400857740263,-0.15034706554337687
1752,7.450940603715791,-0.15040569981213434
1753,7.450487497456516,-0.15046342537405435
1754,7.45004154159675,-0.1505202417974358
1755,7.449602738617027,-0.15057614866870458
1756,7.449171090843957,-0.1506311455924349
1757,7.448746600450099,-0.1506852321913705
1758,7.4483292694537955,-0.1507384081064468
1759,7.447919099719078,-0.1507906729968097
1760,7.447516092955547,-0.15084202653983503
1761,7.447120250718254,-0.15089246843114779
1762,7.446731574407581,-0.15094199838464184
1763,7.4463500652691605,-0.15099061613249629
1764,7.445975724393753,-0.15103832142519455
1765,7.445608552717184,-0.15108511403153987
1766,7.4452485510202475,-0.1511309937386726
1767,7.444895719928614,-0.15117596035208644
1768,7.444550059912781,-0.1512200136956429
1769,7.444211571287989,-0.1512631536115867
1770,7.443880254214164,-0.1513053799605603
1771,7.443556108695881,-0.1513466926216163
1772,7.443239134582282,-0.15138709149223245
1773,7.442929331567065,-0.15142657648832286
1774,7.4426266991884225,-0.15146514754425092
1775,7.442331236829018,-0.15150280461284094
1776,7.442042943715968,-0.15153954766538846
1777,7.441761818920795,-0.15157537669167226
1778,7.441487861359466,-0.15161029169996162
1779,7.441221069792328,-0.15164429271702828
1780,7.440961442824136,-0.15167737978815463
1781,7.440708978904072,-0.15170955297713995
1782,7.440463676325705,-0.1517408123663118
1783,7.440225533227067,-0.15177115805652946
1784,7.439994547590617,-0.1518005901671938
1785,7.43977071724332,-0.15182910883625053
1786,7.439554039856652,-0.15185671422019748
1787,7.439344512946632,-0.15188340649408952
1788,7.439142133873906,-0.1519091858515413
1789,7.4389468998437644,-0.1519340525047327
1790,7.4387588079062095,-0.15195800668441148
1791,7.4385778549560175,-0.15198104863989642
1792,7.438404037732821,-0.1520031786390784
1793,7.438237352821159,-0.1520243969684234
1794,7.4380777966505995,-0.15204470393297148
1795,7.437925365495781,-0.1520640998563394
1796,7.437780055476538,-0.15208258508071912
1797,7.43764186255798,-0.1521001599668778
1798,7.437510782550626,-0.15211682489415546
1799,7.437386811110477,-0.15213258026046447
1800,7.437269943739167,-0.15214742648228638
1801,7.437160175784068,-0.15216136399466895
1802,7.437057502438423,-0.15217439325122273
1803,7.4369619187415,-0.15218651472411626
1804,7.436873419578697,-0.1521977289040728
1805,7.436791999681725,-0.15220803630036359
1806,7.436717653628725,-0.15221743744080338
1807,7.436650375844473,-0.1522259328717421
1808,7.436590160600504,-0.15223352315805963
1809,7.4365370020153065,-0.1522402088831573
1810,7.436490894054488,-0.15224599064894997
1811,7.43645183053096,-0.15225086907585747
1812,7.436419805105142,-0.15225484480279444
1813,7.436394811285122,-0.15225791848716186
1814,7.43637684242689,-0.15226009080483524
1815,7.436365891734543,-0.15226136245015373
1816,7.436361952260467,-0.15226173413590963
1817,7.43636501690558,-0.15226120659333497
1818,7.436375078419562,-0.15225978057208875
1819,7.436392129401063,-0.15225745684024433
1820,7.43641616229795,-0.15225423618427486
1821,7.436447169407556,-0.15225011940903865
1822,7.436485142876908,-0.15224510733776478
1823,7.436530074702997,-0.15223920081203654
1824,7.436581956733037,-0.15223240069177513
1825,7.4366407806647175,-0.15222470785522357
1826,7.4367065380464785,-0.15221612319892877
1827,7.436779220277799,-0.15220664763772287
1828,7.43685881860945,-0.15219628210470632
1829,7.436945324143816,-0.15218502755122654
1830,7.437038727835163,-0.15217288494685988
1831,7.437139020489957,-0.15215985527938988
1832,7.437246192767137,-0.15214593955478775
1833,7.437360235178469,-0.1521311387971895
1834,7.437481138088837,-0.15211545404887378
1835,7.437608891716561,-0.1520988863702404
1836,7.437743486133732,-0.1520814368397861
1837,7.437884911266548,-0.1520631065540805
1838,7.438033156895636,-0.15204389662774287
1839,7.438188212656414,-0.15202380819341557
1840,7.438350068039435,-0.15200284240173892
1841,7.4385187123907395,-0.15198100042132556
1842,7.438694134912218,-0.15195828343873277
1843,7.438876324661969,-0.15193469265843584
1844,7.439065270554689,-0.15191022930279924
1845,7.439260961362024,-0.1518848946120492
1846,7.439463385712979,-0.15185868984424336
1847,7.439672532094286,-0.15183161627524172
1848,7.439888388850793,-0.15180367519867682
1849,7.440110944185894,-0.1517748679259212
1850,7.440340186161895,-0.15174519578605772
1851,7.440576102700431,-0.15171466012584717
1852,7.440818681582917,-0.15168326230969406
1853,7.441067910450909,-0.1516510037196157
1854,7.441323776806569,-0.1516178857552071
1855,7.441586268013098,-0.1515839098336061
1856,7.441855371295142,-0.1515490773894598
1857,7.4421310737392625,-0.15151338987488774
1858,7.442413362294349,-0.15147684875944753
1859,7.442702223772109,-0.1514394555300958
1860,7.44299764484749,-0.15140121169115306
1861,7.443299612059166,-0.15136211876426434
1862,7.443608111809983,-0.15132217828836173
1863,7.443923130367441,-0.15128139181962527
1864,7.444244653864176,-0.15123976093144262
1865,7.44457266829843,-0.15119728721436965
1866,7.444907159534524,-0.15115397227609043
1867,7.44524811330339,-0.1511098177413739
1868,7.445595515203032,-0.15106482525203363
1869,7.445949350699038,-0.151018996466885
1870,7.4463096051250774,-0.1509723330617024
1871,7.446676263683444,-0.15092483672917437
1872,7.447049311445514,-0.15087650917886186
1873,7.447428733352312,-0.15082735213715173
1874,7.447814514215028,-0.15077736734721137
1875,7.448206638715541,-0.15072655656894376
1876,7.4486050914069475,-0.15067492157894075
1877,7.449009856714109,-0.15062246417043607
1878,7.449420918934184,-0.15056918615325812
1879,7.4498382622371935,-0.1505150893537811
1880,7.45026187066657,-0.15046017561487673
1881,7.4506917281397,-0.15040444679586548
1882,7.451127818448502,-0.15034790477246607
1883,7.45157012525999,-0.1502905514367455
1884,7.452018632116829,-0.1502323886970687
1885,7.452473322437927,-0.15017341847804597
1886,7.452934179519013,-0.15011364272048172
1887,7.4534011865332115,-0.15005306338132204
1888,7.453874326531646,-0.14999168243360064
1889,7.454353582444015,-0.1499295018663863
1890,7.454838937079199,-0.1498665236847282
1891,7.455330373125853,-0.14980274990960118
1892,7.45582787315302,-0.1497381825778506
1893,7.456331419610735,-0.1496728237421363
1894,7.456840994830642,-0.14960667547087636
1895,7.457356581026618,-0.1495397398481896
1896,7.457878160295382,-0.14947201897383872
1897,7.458405714617125,-0.14940351496317258
1898,7.4589392258561436,-0.1493342299470668
1899,7.4594786757614635,-0.14926416607186543
1900,7.460024045967495,-0.14919332549932057
1901,7.460575317994665,-0.14912171040653271
1902,7.461132473250054,-0.14904932298589005
1903,7.461695493028052,-0.1489761654450074
1904,7.462264358511024,-0.14890224000666372
1905,7.4628390507699445,-0.14882754890874067
1906,7.463419550765082,-0.14875209440415893
1907,7.464005839346645,-0.1486758787608157
1908,7.464597897255447,-0.14859890426152086
1909,7.465195705123607,-0.14852117320393157
1910,7.46579924347519,-0.14844268790048828
1911,7.466408492726897,-0.14836345067834958
1912,7.4670234331887695,-0.14828346387932492
1913,7.467644045064845,-0.1482027298598094
1914,7.468270308453862,-0.14812125099071638
1915,7.468902203349946,-0.14803902965741011
1916,7.46953970964331,-0.14795606825963775
1917,7.470182807120952,-0.14787236921146069
1918,7.470831475467368,-0.14778793494118528
1919,7.471485694265233,-0.1477027678912946
1920,7.472145442996139,-0.147616870518377
1921,7.4728107010412925,-0.147530245293056
1922,7.473481447682226,-0.14744289469992009
1923,7.474157662101529,-0.14735482123745028
1924,7.47483932338356,-0.14726602741794864
1925,7.475526410515179,-0.1471765157674657
1926,7.476218902386475,-0.14708628882572702
1927,7.476916777791498,-0.14699534914606024
1928,7.477620015428974,-0.14690369929532165
1929,7.478328593903077,-0.14681134185382025
1930,7.479042491724139,-0.1467182794152444
1931,7.479761687309388,-0.14662451458658649
1932,7.480486158983738,-0.1465300499880649
1933,7.4812158849804895,-0.14643488825305018
1934,7.481950843442105,-0.14633903202798682
1935,7.482691012420953,-0.14624248397231665
1936,7.483436369880063,-0.14614524675840113
1937,7.484186893693905,-0.1460473230714418
1938,7.4849425616491105,-0.1459487156094042
1939,7.485703351445291,-0.14584942708293566
1940,7.486469240695748,-0.14574946021528853
1941,7.487240206928289,-0.145648817742238
1942,7.48801622758596,-0.1455475024120032
1943,7.488797280027858,-0.1454455169851649
1944,7.489583341529866,-0.14534286423458526
1945,7.490374389285474,-0.14523954694532512
1946,7.491170400406523,-0.1451355679145623
1947,7.491971351924017,-0.14503092995150832
1948,7.492777220788881,-0.14492563587732604
1949,7.49358798387277,-0.1448196885250454
1950,7.494403617968855,-0.1447130907394793
1951,7.495224099792612,-0.14460584537713936
1952,7.4960494059826095,-0.1444979553061514
1953,7.496879513101304,-0.14438942340616975
1954,7.4977143976358525,-0.14428025256829174
1955,7.498554035998908,-0.1441704456949704
1956,7.499398404529412,-0.14406000569992958
1957,7.500247479493394,-0.1439489355080761
1958,7.501101237084788,-0.14383723805541287
1959,7.5019596534262485,-0.14372491628894957
1960,7.502822704569934,-0.14361197316661647
1961,7.503690366498347,-0.14349841165717403
1962,7.5045626151251135,-0.14338423474012535
1963,7.5054394262958235,-0.1432694454056258
1964,7.506320775788842,-0.14315404665439319
1965,7.507206639316109,-0.1430380414976185
1966,7.508096992523975,-0.14292143295687426
1967,7.508991810994035,-0.1428042240640232
1968,7.509891070243909,-0.14268641786112846
1969,7.5107947457280915,-0.14256801740036107
1970,7.51170281283879,-0.14244902574390675
1971,7.512615246906706,-0.14232944596387562
1972,7.513532023201915,-0.14220928114220704
1973,7.514453116934655,-0.1420885343705778
1974,7.515378503256184,-0.1419672087503077
1975,7.516308157259589,-0.14184530739226622
1976,7.5172420539806195,-0.14172283341677844
1977,7.518180168398537,-0.1415997899535292
1978,7.51912247543694,-0.14147618014146882
1979,7.5200689499646,-0.14135200712871743
1980,7.521019566796298,-0.14122727407246943
1981,7.521974300693652,-0.14110198413889766
1982,7.522933126365987,-0.1409761405030558
1983,7.5238960184711265,-0.1408497463487833
1984,7.52486295161626,-0.14072280486860758
1985,7.525833900358806,-0.14059531926364535
1986,7.526808839207208,-0.14046729274350647
1987,7.527787742621807,-0.1403387285261955
1988,7.528770585015663,-0.14020962983801333
1989,7.529757340755434,-0.14007999991345757
1990,7.5307479841621845,-0.1399498419951245
1991,7.531742489512248,-0.13981915933360942
1992,7.532740831038066,-0.1396879551874072
1993,7.533742982929048,-0.13955623282281157
1994,7.534748919332401,-0.1394239955138156
1995,7.535758614353991,-0.1392912465420107
1996,7.536772042059177,-0.13915798919648634
1997,7.5377891764736695,-0.13902422677372825
1998,7.538809991584382,-0.13888996257751696
1999,7.53983446134028,-0.13875519991882623
2000,7.540862559653196,-0.1386199421157224
2001,7.541894260398746,-0.13848419245241256
2002,7.542929537394495,-0.1383479541814459
2003,7.5439683643781486,-0.13821123056711046
2004,7.5450107150083605,-0.13807402488535295
2005,7.54605656286545,-0.13793634042370295
2006,7.54710588145223,-0.13779818048119183
2007,7.548158644194741,-0.13765954836827465
2008,7.549214824443058,-0.13752044740675012
2009,7.550274395472052,-0.13738088092968093
2010,7.551337330482181,-0.1372408522813135
2011,7.5524036026002666,-0.1371003648169979
2012,7.553473184880259,-0.1369594219031077
2013,7.554546050304042,-0.13681802691695838
2014,7.555622171782217,-0.1366761832467257
2015,7.556701522154866,-0.13653389429136564
2016,7.557784074192353,-0.13639116346053193
2017,7.558869800596094,-0.13624799417449457
2018,7.559958673999365,-0.13610438986405696
2019,7.561050666968069,-0.13596035397047393
2020,7.562145752001532,-0.13581588994536942
2021,7.563243901533295,-0.13567100125065232
2022,7.564345087931888,-0.135525691358435
2023,7.565449283501636,-0.13537996375094818
2024,7.566556460483444,-0.1352338219204581
2025,7.567666591055576,-0.1350872693691827
2026,7.568779647334458,-0.13494030960920736
2027,7.5698956013754595,-0.13479294616240037
2028,7.571014425173698,-0.134645182560328
2029,7.5721360906648245,-0.13449702234416985
2030,7.573260569725814,-0.1343484690646338
2031,7.574387834175758,-0.13419952628187076
2032,7.575517855776653,-0.134050197565389
2033,7.576650606234215,-0.13390048649396777
2034,7.577786057198637,-0.13375039665557265
2035,7.578924180265411,-0.13359993164726802
2036,7.580064946976113,-0.13344909507513117
2037,7.581208328819202,-0.13329789055416483
2038,7.582354297230807,-0.13314632170821147
2039,7.583502823595512,-0.1329943921698657
2040,7.584653879247183,-0.13284210558038598
2041,7.585807435469724,-0.13268946558960862
2042,7.586963463497885,-0.1325364758558595
2043,7.588121934518073,-0.13238314004586516
2044,7.589282819669118,-0.13222946183466608
2045,7.590446090043094,-0.13207544490552686
2046,7.591611716686093,-0.13192109294984897
2047,7.592779670599031,-0.13176640966708097
2048,7.593949922738424,-0.13161139876463065
2049,7.5951224440172025,-0.13145606395777473
2050,7.596297205305505,-0.13130040896956977
2051,7.597474177431441,-0.13114443753076363
2052,7.5986533311819215,-0.13098815337970424
2053,7.599834637303434,-0.13083156026225057
2054,7.601018066502821,-0.1306746619316829
2055,7.602203589448105,-0.13051746214861132
2056,7.603391176769247,-0.13035996468088665
2057,7.604580799058955,-0.1302021733035089
2058,7.605772426873474,-0.1300440917985366
2059,7.60696603073337,-0.1298857239549963
2060,7.608161581124319,-0.12972707356879126
2061,7.6093590484979154,-0.12956814444260903
2062,7.610558403272427,-0.12940894038583206
2063,7.611759615833604,-0.12924946521444472
2064,7.612962656535475,-0.12908972275094113
2065,7.614167495701108,-0.12892971682423476
2066,7.6153741036234175,-0.12876945126956474
2067,7.6165824505659465,-0.1286089299284045
2068,7.617792506763644,-0.12844815664836892
2069,7.619004242423653,-0.12828713528312247
2070,7.620217627726098,-0.12812586969228543
2071,7.621432632824865,-0.12796436374134182
2072,7.622649227848371,-0.1278026213015468
2073,7.623867382900373,-0.127640646249832
2074,7.625087068060722,-0.1274784424687139
2075,7.626308253386154,-0.1273160138461996
2076,7.62753090891107,-0.12715336427569324
2077,7.628755004648313,-0.12699049765590253
2078,7.629980510589942,-0.1268274178907449
2079,7.6312073967080085,-0.1266641288892536
2080,7.632435632955335,-0.12650063456548377
2081,7.633665189266274,-0.12633693883841848
2082,7.634896035557511,-0.12617304563187362
2083,7.636128141728807,-0.12600895887440405
2084,7.637361477663785,-0.12584468249920933
2085,7.638596013230701,-0.12568022044403848
2086,7.639831718283205,-0.12551557665109553
2087,7.641068562661101,-0.12535075506694546
2088,7.642306516191138,-0.12518575964241768
2089,7.643545548687766,-0.1250205943325117
2090,7.644785629953886,-0.12485526309630247
2091,7.6460267297816324,-0.12468976989684438
2092,7.647268817953116,-0.12452411870107674
2093,7.648511864241206,-0.12435831347972721
2094,7.649755838410284,-0.12419235820721673
2095,7.651000710216971,-0.12402625686156535
2096,7.652246449410939,-0.12386001342429367
2097,7.6534930257356235,-0.12369363188032946
2098,7.654740408928998,-0.12352711621791054
2099,7.655988568724326,-0.1233604704284891
2100,7.657237474850905,-0.12319369850663586
2101,7.65848709703482,-0.12302680444994381
2102,7.659737404999698,-0.12285979225893207
2103,7.66098836846744,-0.12269266593694979
2104,7.662239957158987,-0.12252542949007961
2105,7.663492140795064,-0.12235808692704059
2106,7.664744889096908,-0.12219064225909305
2107,7.665998171787008,-0.12202309949994183
2108,7.667251958589872,-0.12185546266563861
2109,7.6685062192327305,-0.12168773577448685
2110,7.669760923446312,-0.12151992284694334
2111,7.671016040965549,-0.121352027905523
2112,7.672271541530325,-0.12118405497470121
2113,7.673527394886209,-0.12101600808081717
2114,7.6747835707851655,-0.12084789125197799
2115,7.6760400389863115,-0.12067970851796024
2116,7.677296769256644,-0.12051146391011348
2117,7.6785537313717365,-0.12034316146126398
2118,7.679810895116506,-0.12017480520561635
2119,7.681068230285892,-0.12000639917865835
2120,7.682325706685612,-0.1198379474170619
2121,7.68358329413286,-0.1196694539585875
2122,7.68484096245704,-0.11950092284198581
2123,7.6860986815004715,-0.11933235810690125
2124,7.687356421119123,-0.11916376379377405
2125,7.688614151183283,-0.11899514394374469
2126,7.689871841578316,-0.1188265025985547
2127,7.6911294622053505,-0.11865784380045061
2128,7.6923869829819855,-0.11848917159208645
2129,7.693644373843002,-0.11832049001642647
2130,7.6949016047410685,-0.11815180311664744
2131,7.696158645647434,-0.11798311493604237
2132,7.697415466552633,-0.1178144295179224
2133,7.698672037467191,-0.11764575090551978
2134,7.699928328422321,-0.11747708314188998
2135,7.7011843094706025,-0.11730843026981572
2136,7.702439950686671,-0.11713979633170966
2137,7.703695222167937,-0.1169711853695157
2138,7.704950094035265,-0.11680260142461232
2139,7.706204536433645,-0.11663404853771635
2140,7.707458519532887,-0.11646553074878484
2141,7.708712013528323,-0.11629705209691724
2142,7.70996498864144,-0.11612861662026068
2143,7.7112174151206085,-0.11596022835591034
2144,7.712469263241745,-0.11579189133981295
2145,7.713720503308979,-0.11562360960667033
2146,7.714971105655317,-0.11545538718984255
2147,7.716221040643343,-0.11528722812124972
2148,7.71747027866587,-0.11511913643127582
2149,7.718718790146605,-0.11495111614867187
2150,7.719966545540818,-0.1147831713004587
2151,7.721213515336027,-0.11461530591182933
2152,7.722459670052596,-0.11444752400605489
2153,7.723704980244477,-0.11427982960438421
2154,7.724949416499805,-0.11411222672594985
2155,7.726192949441582,-0.11394471938767001
2156,7.727435549728323,-0.11377731160415247
2157,7.728677188054699,-0.11361000738759831
2158,7.729917835152207,-0.11344281074770429
2159,7.731157461789786,-0.1132757256915683
2160,7.732396038774483,-0.11310875622359118
2161,7.733633536952102,-0.11294190634538104
2162,7.734869927207819,-0.11277518005565765
2163,7.736105180466825,-0.11260858135015614
2164,7.737339267695,-0.11244211422152935
2165,7.738572159899489,-0.11227578265925403
2166,7.739803828129374,-0.11210959064953392
2167,7.741034243476294,-0.11194354217520318
2168,7.742263377075065,-0.11177764121563212
2169,7.7434912001043035,-0.11161189174663061
2170,7.744717683787062,-0.11144629774035275
2171,7.745942799391446,-0.11128086316520082
2172,7.747166518231221,-0.11111559198573093
2173,7.748388811666447,-0.11095048816255662
2174,7.749609651104073,-0.11078555565225456
2175,7.75082900799856,-0.11062079840726903
2176,7.752046853852493,-0.11045622037581665
2177,7.753263160217182,-0.11029182550179173
2178,7.7544778986932705,-0.11012761772467179
2179,7.755691040931329,-0.10996360097942257
2180,7.756902558632474,-0.10979977919640305
2181,7.758112423548949,-0.10963615630127158
2182,7.759320607484737,-0.10947273621489116
2183,7.76052708229613,-0.10930952285323581
2184,7.761731819892347,-0.1091465201272954
2185,7.7629347922361,-0.10898373194298297
2186,7.7641359713442,-0.10882116220103971
2187,7.765335329288131,-0.10865881479694185
2188,7.766532838194645,-0.10849669362080631
2189,7.7677284702463165,-0.10833480255729853
2190,7.768922197682138,-0.10817314548553836
2191,7.770113992798105,-0.10801172627900628
2192,7.771303827947763,-0.10785054880545158
2193,7.77249167554281,-0.10768961692679797
2194,7.77367750805363,-0.10752893449905232
2195,7.774861298009882,-0.10736850537221117
2196,7.7760430180010625,-0.10720833339016818
2197,7.777222640677066,-0.10704842239062166
2198,7.778400138748723,-0.10688877620498378
2199,7.779575484988395,-0.10672939865828628
2200,7.780748652230503,-0.10657029356909016
2201,7.781919613372081,-0.1064114647493936
2202,7.783088341373339,-0.10625291600454002
2203,7.784254809258193,-0.10609465113312756
2204,7.7854189901148265,-0.10593667392691655
2205,7.786580857096215,-0.10577898817074005
2206,7.7877403834206875,-0.10562159764241141
2207,7.78889754237245,-0.10546450611263437
2208,7.790052307302115,-0.10530771734491295
2209,7.791204651627268,-0.10515123509545919
2210,7.792354548832957,-0.10499506311310543
2211,7.793501972472245,-0.10483920513921262
2212,7.794646896166734,-0.10468366490758071
2213,7.795789293607079,-0.10452844614435967
2214,7.796929138553519,-0.10437355256795974
2215,7.7980664048363915,-0.10421898788896174
2216,7.799201066356652,-0.10406475581002828
2217,7.800333097086393,-0.1039108600258149
2218,7.801462471069345,-0.10375730422288121
2219,7.802589162421379,-0.10360409207960329
2220,7.803713145331048,-0.10345122726608375
2221,7.804834394060056,-0.10329871344406492
2222,7.80595288294378,-0.10314655426684041
2223,7.807068586391758,-0.10299475337916793
2224,7.808181478888199,-0.10284331441718127
2225,7.809291534992459,-0.1026922410083037
2226,7.810398729339564,-0.10254153677115974
2227,7.811503036640675,-0.10239120531548954
2228,7.81260443168358,-0.10224125024206197
2229,7.813702889333192,-0.10209167514258759
2230,7.814798384532025,-0.10194248359963316
2231,7.815890892300665,-0.10179367918653552
2232,7.816980387738272,-0.10164526546731548
2233,7.818066846023024,-0.10149724599659343
2234,7.819150242412627,-0.10134962431950233
2235,7.820230552244751,-0.10120240397160464
2236,7.821307750937527,-0.10105558847880577
2237,7.822381813990009,-0.10090918135727016
2238,7.823452716982612,-0.10076318611333775
2239,7.824520435577615,-0.10061760624343845
2240,7.825584945519581,-0.10047244523400964
2241,7.826646222635848,-0.10032770656141146
2242,7.827704242836954,-0.10018339369184429
2243,7.828758982117118,-0.10003951008126476
2244,7.829810416554661,-0.09989605917530416
2245,7.8308585223124725,-0.09975304440918469
2246,7.831903275638449,-0.09961046920763764
2247,7.832944652865956,-0.09946833698482013
2248,7.833982630414217,-0.09932665114423626
2249,7.835017184788818,-0.09918541507865164
2250,7.836048292582091,-0.09904463217001497
2251,7.837075930473564,-0.09890430578937628
2252,7.838100075230408,-0.09876443929680497
2253,7.839120703707842,-0.09862503604131068
2254,7.840137792849573,-0.09848609936076229
2255,7.841151319688217,-0.0983476325818082
2256,7.84216126134571,-0.09820963901979689
2257,7.843167595033744,-0.09807212197869683
2258,7.844170298054171,-0.09793508475101777
2259,7.84516934779943,-0.09779853061773139
2260,7.846164721752928,-0.09766246284819419
2261,7.847156397489503,-0.09752688470006647
2262,7.8481443526757735,-0.09739179941923712
2263,7.849128565070575,-0.09725721023974443
2264,7.850109012525369,-0.09712312038369826
2265,7.851085672984611,-0.09698953306120446
2266,7.852058524486179,-0.09685645147028624
2267,7.853027545161767,-0.0967238787968081
2268,7.853992713237257,-0.09659181821440024
2269,7.854954007033121,-0.09646027288438207
2270,7.855911404964811,-0.09632924595568672
2271,7.856864885543139,-0.09619874056478558
2272,7.857814427374674,-0.09606875983561262
2273,7.858760009162098,-0.09593930687949101
2274,7.859701609704619,-0.09581038479505687
2275,7.86063920789832,-0.09568199666818648
2276,7.86157278273654,-0.09555414557192207
2277,7.862502313310254,-0.09542683456639792
2278,7.863427778808433,-0.0953000666987675
2279,7.864349158518413,-0.09517384500313045
2280,7.8652664318262575,-0.09504817250046048
2281,7.866179578217127,-0.09492305219853216
2282,7.86708857727565,-0.09479848709184895
2283,7.867993408686252,-0.09467448016157251
2284,7.868894052233527,-0.09455103437545118
2285,7.86979048780258,-0.09442815268774885
2286,7.870682695379405,-0.09430583803917353
2287,7.871570655051206,-0.09418409335680822
2288,7.872454347006757,-0.09406292155404014
2289,7.873333751536738,-0.09394232553049144
2290,7.874208849034084,-0.09382230817194963
2291,7.875079619994318,-0.09370287235029894
2292,7.8759460450158905,-0.0935840209234512
2293,7.8768081048005225,-0.09346575673527763
2294,7.877665780153513,-0.09334808261554188
2295,7.8785190519840995,-0.09323100137983059
2296,7.879367901305771,-0.09311451582948732
2297,7.88021230923658,-0.09299862875154603
2298,7.881052256999505,-0.09288334291866256
2299,7.881887725922731,-0.09276866108905032
2300,7.882718697439985,-0.0926545860064138
2301,7.883545153090858,-0.09254112039988246
2302,7.884367074521102,-0.0924282669839466
2303,7.885184443482965,-0.09231602845839143
2304,7.885997241835473,-0.09220440750823353
2305,7.886805451544762,-0.09209340680365602
2306,7.8876090546843844,-0.09198302899994466
2307,7.888408033435584,-0.09187327673742544
2308,7.889202370087619,-0.09176415264140074
2309,7.889992047038055,-0.09165565932208694
2310,7.890777046793049,-0.09154779937455271
2311,7.8915573519676725,-0.09144057537865538
2312,7.89233294528618,-0.09133398989898071
2313,7.893103809582297,-0.09122804548478189
2314,7.893869927799522,-0.09112274466991761
2315,7.894631282991398,-0.09101808997279248
2316,7.895387858321799,-0.09091408389629689
2317,7.896139637065208,-0.09081072892774696
2318,7.89688660260701,-0.09070802753882512
2319,7.897628738443753,-0.09060598218552128
2320,7.898366028183412,-0.09050459530807523
2321,7.899098455545686,-0.09040386933091675
2322,7.899826004362262,-0.09030380666260847
2323,7.900548658577058,-0.09020440969578913
2324,7.901266402246509,-0.09010568080711627
2325,7.901979219539825,-0.09000762235720894
2326,7.902687094739256,-0.08991023669059192
2327,7.903390012240336,-0.08981352613563999
2328,7.904087956552162,-0.08971749300452177
2329,7.904780912297631,-0.08962213959314504
2330,7.905468864213684,-0.08952746818110284
2331,7.906151797151578,-0.08943348103161769
2332,7.9068296960771125,-0.08934018039148905
2333,7.907502546070884,-0.08924756849103901
2334,7.908170332328541,-0.08915564754405875
2335,7.908833040160997,-0.08906441974775714
2336,7.909490654994696,-0.08897388728270732
2337,7.910143162371824,-0.08888405231279553
2338,7.910790547950565,-0.0887949169851691
2339,7.91143279750533,-0.08870648343018508
2340,7.912069896926963,-0.0886187537613609
2341,7.912701832223,-0.08853173007532247
2342,7.913328589517878,-0.08844541445175527
2343,7.913950155053155,-0.08835980895335478
2344,7.914566515187757,-0.08827491562577638
2345,7.915177656398146,-0.08819073649758909
2346,7.915783565278593,-0.08810727358022469
2347,7.916384228541361,-0.08802452886793129
2348,7.9169796330169255,-0.08794250433772573
2349,7.917569765654186,-0.08786120194934631
2350,7.918154613520661,-0.08778062364520706
2351,7.918734163802722,-0.08770077135035034
2352,7.919308403805781,-0.08762164697240146
2353,7.919877320954474,-0.08754325240152483
2354,7.920440902792893,-0.08746558951037692
2355,7.9209991369847765,-0.0873886601540628
2356,7.921552011313684,-0.08731246617009243
2357,7.922099513683216,-0.08723700937833626
2358,7.922641632117181,-0.08716229158098311
2359,7.923178354759816,-0.08708831456249548
2360,7.923709669875947,-0.0870150800895691
2361,7.924235565851179,-0.08694258991109048
2362,7.924756031192086,-0.08687084575809496
2363,7.925271054526374,-0.08679984934372688
2364,7.925780624603094,-0.0867296023631968
2365,7.926284730292794,-0.08666010649374305
2366,7.926783360587691,-0.08659136339459171
2367,7.927276504601848,-0.08652337470691714
2368,7.927764151571361,-0.08645614205380239
2369,7.928246290854504,-0.08638966704020179
2370,7.928722911931897,-0.0863239512529029
2371,7.9291940044067,-0.08625899626048739
2372,7.929659558004727,-0.08619480361329639
2373,7.930119562574647,-0.08613137484339173
2374,7.930574008088123,-0.08606871146452043
2375,7.931022884639967,-0.08600681497207921
2376,7.931466182448303,-0.08594568684307854
2377,7.931903891854713,-0.08588532853610777
2378,7.9323360033243935,-0.08582574149130066
2379,7.932762507446286,-0.0857669271303021
2380,7.9331833949332395,-0.08570888685623333
2381,7.933598656622152,-0.08565162205365946
2382,7.934008283474097,-0.08559513408855687
2383,7.934412266574486,-0.0855394243082803
2384,7.934810597133192,-0.08548449404153151
2385,7.935203266484678,-0.08543034459832838
2386,7.935590266088147,-0.08537697726997269
2387,7.935971587527663,-0.08532439332902111
2388,7.936347222512281,-0.08527259402925405
2389,7.936717162876181,-0.08522158060564652
2390,7.93708140057878,-0.08517135427433947
2391,7.937439927704875,-0.08512191623260992
2392,7.937792736464736,-0.08507326765884445
2393,7.93813981919425,-0.08502540971251014
2394,7.938481168355033,-0.0849783435341273
2395,7.938816776534531,-0.08493207024524364
2396,7.93914663644615,-0.08488659094840684
2397,7.939470740929362,-0.0848419067271388
2398,7.939789082949798,-0.0847980186459113
2399,7.940101655599389,-0.08475492775011896
2400,7.94040845209643,-0.0847126350660568
2401,7.940709465785721,-0.08467114160089427
2402,7.941004690138638,-0.08463044834265314
2403,7.941294118753247,-0.0845905562601836
2404,7.9415777453544,-0.08455146630314148
2405,7.9418555637938315,-0.08451317940196575
2406,7.942127568050241,-0.08447569646785773
2407,7.942393752229406,-0.08443901839275818
2408,7.942654110564221,-0.08440314604932926
2409,7.94290863741485,-0.08436808029093049
2410,7.943157327268774,-0.08433382195160098
2411,7.943400174740872,-0.08430037184603996
2412,7.943637174573525,-0.0842677307695865
2413,7.943868321636654,-0.0842358994982031
2414,7.9440936109278475,-0.08420487878845503
2415,7.944313037572395,-0.08417466937749474
2416,7.944526596823395,-0.08414527198304315
2417,7.944734284061785,-0.08411668730337474
2418,7.944936094796447,-0.08408891601729959
2419,7.945132024664262,-0.08406195878414835
2420,7.945322069430172,-0.08403581624375692
2421,7.945506224987227,-0.08401048901645254
2422,7.945684487356675,-0.08398597770303813
2423,7.945856852688017,-0.08396228288477814
2424,7.946023317259058,-0.08393940512338588
2425,7.946183877475948,-0.0839173449610112
2426,7.946338529873243,-0.0838961029202274
2427,7.946487271113981,-0.08387567950401807
2428,7.946630097989693,-0.08385607519576772
2429,7.946767007420465,-0.08383729045924937
2430,7.946897996455005,-0.08381932573861355
2431,7.9470230622706595,-0.08380218145837885
2432,7.947142202173458,-0.08378585802342269
2433,7.947255413598157,-0.08377035581897144
2434,7.947362694108282,-0.08375567521059168
2435,7.947464041396157,-0.08374181654418217
2436,7.947559453282929,-0.08372878014596657
2437,7.947648927718627,-0.08371656632248464
2438,7.947732462782159,-0.08370517536058722
2439,7.947810056681359,-0.08369460752742838
2440,7.947881707753017,-0.0836848630704602
2441,7.947947414462874,-0.08367594221742784
2442,7.948007175405685,-0.08366784517636303
2443,7.9480609893051986,-0.08366057213558167
2444,7.9481088550142065,-0.08365412326367767
2445,7.948150771514538,-0.08364849870952101
2446,7.948186737917087,-0.08364369860225385
2447,7.948216753461804,-0.08363972305128896
2448,7.94824081751773,-0.08363657214630613
2449,7.948258929583002,-0.08363424595725097
2450,7.948271089284843,-0.08363274453433442
2451,7.948277296379567,-0.08363206790803178
2452,7.948277550752618,-0.08363221608908102
2453,7.948271852418506,-0.08363318906848581
2454,7.948260201520847,-0.0836349868175143
2455,7.948242598332368,-0.08363760928770007
2456,7.948219043254868,-0.08364105641084514
2457,7.948189536819235,-0.08364532809902078
2458,7.948154079685427,-0.08365042424457071
2459,7.948112672642466,-0.0836563447201142
2460,7.948065316608413,-0.08366308937854952
2461,7.948012012630364,-0.0836706580530579
2462,7.947952761884422,-0.08367905055710811
2463,7.947887565675692,-0.0836882666844611
2464,7.947816425438252,-0.08369830620917541
2465,7.947739342735123,-0.08370916888561367
2466,7.9476563192582335,-0.08372085444844926
2467,7.947567356828441,-0.0837333626126708
2468,7.947472457395446,-0.08374669307359216
2469,7.947371623037788,-0.08376084550685912
2470,7.947264855962811,-0.08377581956845724
2471,7.947152158506636,-0.08379161489472071
2472,7.94703353313409,-0.0838082311023428
2473,7.946908982438712,-0.0838256677883832
2474,7.946778509142681,-0.08384392453028017
2475,7.946642116096789,-0.08386300088585981
2476,7.946499806280372,-0.08388289639334842
2477,7.946351582801307,-0.0839036105713821
2478,7.9461974488959175,-0.08392514291902044
2479,7.946037407928945,-0.08394749291575847
2480,7.945871463393501,-0.083970660021539
2481,7.945699618910996,-0.08399464367676676
2482,7.945521878231087,-0.08401944330232214
2483,7.945338245231633,-0.08404505829957482
2484,7.945148723918625,-0.0840714880503988
2485,7.9449533184261165,-0.08409873191718822
2486,7.944752033016157,-0.08412678924287312
2487,7.944544872078747,-0.08415565935093433
2488,7.944331840131748,-0.0841853415454212
2489,7.944112941820833,-0.08421583511096813
2490,7.9438881819193705,-0.08424713931281341
2491,7.943657565328407,-0.08427925339681518
2492,7.943421097076552,-0.08431217658947139
2493,7.943178782319912,-0.08434590809793824
2494,7.942930626342028,-0.08438044711004877
2495,7.942676634553739,-0.08441579279433517
2496,7.9424168124931445,-0.08445194430004704
2497,7.942151165825527,-0.08448890075717165
2498,7.941879700343224,-0.08452666127645678
2499,7.941602421965558,-0.08456522494943217
2500,7.941319336738752,-0.08460459084843056
2501,7.941030450835815,-0.08464475802661134
2502,7.940735770556468,-0.08468572551798316
2503,7.940435302327022,-0.08472749233742781
2504,7.940129052700306,-0.08477005748072353
2505,7.939817028355536,-0.08481341992457023
2506,7.9394992360982215,-0.0848575786266141
2507,7.939175682860082,-0.08490253252547186
2508,7.938846375698899,-0.0849482805407585
2509,7.938511321798424,-0.08499482157311262
2510,7.938170528468278,-0.08504215450422224
2511,7.937824003143829,-0.08509027819685308
2512,7.937471753386055,-0.0851391914948762
2513,7.9371137868814685,-0.08518889322329465
2514,7.936750111441958,-0.08523938218827361
2515,7.936380735004683,-0.0852906571771684
2516,7.93600566563194,-0.0853427169585545
2517,7.935624911511046,-0.08539556028225682
2518,7.935238480954215,-0.08544918587937952
2519,7.934846382398418,-0.08550359246233763
2520,7.934448624405244,-0.08555877872488822
2521,7.934045215660785,-0.0856147433421611
2522,7.9336361649754705,-0.08567148497069235
2523,7.933221481283966,-0.08572900224845519
2524,7.932801173645003,-0.08578729379489373
2525,7.93237525124125,-0.08584635821095654
2526,7.931943723379172,-0.0859061940791296
2527,7.9315065994888725,-0.08596679996347134
2528,7.931063889123947,-0.08602817440964708
2529,7.930615601961356,-0.08609031594496348
2530,7.930161747801217,-0.08615322307840613
2531,7.929702336566705,-0.08621689430067342
2532,7.929237378303879,-0.08628132808421327
2533,7.928766883181519,-0.0863465228832606
2534,7.928290861490948,-0.08641247713387534
2535,7.927809323645914,-0.08647918925397789
2536,7.927322280182382,-0.08654665764338947
2537,7.926829741758399,-0.08661488068386897
2538,7.926331719153895,-0.08668385673915358
2539,7.925828223270524,-0.08675358415499779
2540,7.9253192651315025,-0.08682406125921231
2541,7.924804855881432,-0.08689528636170468
2542,7.924285006786109,-0.08696725775452069
2543,7.923759729232344,-0.08703997371188528
2544,7.9232290347277985,-0.08711343249024366
2545,7.922692934900802,-0.08718763232830293
2546,7.922151441500129,-0.08726257144707632
2547,7.921604566394865,-0.08733824804992364
2548,7.921052321574169,-0.08741466032259652
2549,7.920494719147122,-0.08749180643328046
2550,7.919931771342508,-0.0875696845326397
2551,7.919363490508631,-0.08764829275386156
2552,7.918789889113089,-0.08772762921270237
2553,7.918210979742625,-0.08780769200753025
2554,7.917626775102874,-0.08788847921937373
2555,7.917037288018187,-0.08796998891196602
2556,7.916442531431425,-0.08805221913179179
2557,7.915842518403732,-0.08813516790813508
2558,7.91523726211436,-0.08821883325312463
2559,7.914626775860404,-0.0883032131617845
2560,7.914011073056634,-0.08838830561207994
2561,7.913390167235251,-0.08847410856496711
2562,7.9127640720456816,-0.08856061996444159
2563,7.912132801254355,-0.08864783773758761
2564,7.9114963687444755,-0.0887357597946282
2565,7.9108547885157945,-0.08882438402897566
2566,7.910208074684397,-0.08891370831728115
2567,7.909556241482459,-0.0890037305194864
2568,7.908899303258015,-0.08909444847887514
2569,7.908237274474744,-0.08918586002212393
2570,7.907570169711694,-0.08927796295935617
2571,7.906898003663087,-0.08937075508419277
2572,7.906220791138066,-0.08946423417380515
2573,7.905538547060422,-0.0895583979889709
2574,7.904851286468397,-0.08965324427412412
2575,7.904159024514409,-0.08974877075741217
2576,7.903461776464791,-0.0898449751507495
2577,7.902759557699589,-0.08994185514987098
2578,7.902052383712257,-0.09003940843438933
2579,7.90134027010942,-0.09013763266784991
2580,7.90062323261064,-0.09023652549778556
2581,7.899901287048111,-0.09033608455577537
2582,7.899174449366436,-0.09043630745749948
2583,7.898442735622348,-0.09053719180279657
2584,7.89770616198444,-0.09063873517572225
2585,7.896964744732912,-0.09074093514460589
2586,7.896218500259273,-0.09084378926210983
2587,7.895467445066099,-0.09094729506528731
2588,7.894711595766727,-0.0910514500756423
2589,7.893950969085021,-0.09115625179918714
2590,7.893185581855051,-0.0912616977265042
2591,7.8924154510208275,-0.09136778533280526
2592,7.891640593636023,-0.09147451207799161
2593,7.890861026863683,-0.09158187540671506
2594,7.8900767679759225,-0.09168987274844002
2595,7.889287834353664,-0.09179850151750357
2596,7.888494243486328,-0.09190775911317813
2597,7.887696012971535,-0.09201764291973395
2598,7.886893160514823,-0.09212815030650104
2599,7.886085703929334,-0.09223927862793284
2600,7.885273661135521,-0.09235102522366904
2601,7.884457050160839,-0.09246338741859957
2602,7.88363588913945,-0.09257636252292818
2603,7.882810196311904,-0.09268994783223716
2604,7.881979990024827,-0.09280414062755235
2605,7.881145288730617,-0.09291893817540754
2606,7.880306110987132,-0.0930343377279099
2607,7.879462475457368,-0.093150336522806
2608,7.878614400909124,-0.09326693178354835
2609,7.8777619062147055,-0.09338412071936109
2610,7.876905010350595,-0.09350190052530648
2611,7.876043732397122,-0.09362026838235273
2612,7.875178091538132,-0.0937392214574409
2613,7.874308107060662,-0.0938587569035531
2614,7.873433798354599,-0.09397887185978035
2615,7.872555184912347,-0.09409956345139128
2616,7.871672286328506,-0.09422082878990008
2617,7.870785122299523,-0.0943426649731356
2618,7.869893712623342,-0.09446506908531144
2619,7.868998077199071,-0.09458803819709531
2620,7.8680982360266105,-0.09471156936567984
2621,7.8671942092063585,-0.09483565963485066
2622,7.866286016938796,-0.09496030603505985
2623,7.865373679524185,-0.09508550558349475
2624,7.864457217362184,-0.09521125528415034
2625,7.863536650951502,-0.09533755212790045
2626,7.862612000889526,-0.09546439309257021
2627,7.861683287871991,-0.09559177514300678
2628,7.860750532692568,-0.09571969523115395
2629,7.85981375624253,-0.09584815029612352
2630,7.858872979510385,-0.09597713726426862
2631,7.8579282235814825,-0.0961066530492573
2632,7.856979509637662,-0.09623669455214638
2633,7.856026858956852,-0.09636725866145551
2634,7.8550702929127265,-0.09649834225324071
2635,7.8541098329742915,-0.09662994219117005
2636,7.853145500705519,-0.09676205532659786
2637,7.852177317764958,-0.09689467849864031
2638,7.851205305905341,-0.09702780853425075
2639,7.850229486973207,-0.09716144224829518
2640,7.8492498829085084,-0.09729557644362825
2641,7.848266515744191,-0.09743020791117098
2642,7.847279407605843,-0.09756533342998465
2643,7.846288580711251,-0.09770094976735057
2644,7.845294057370021,-0.09783705367884574
2645,7.844295859983171,-0.09797364190842044
2646,7.843294011042725,-0.09811071118847607
2647,7.84228853313131,-0.09824825823994306
2648,7.841279448921729,-0.09838627977235939
2649,7.840266781176578,-0.09852477248394834
2650,7.839250552747779,-0.09866373306169923
2651,7.83823078657623,-0.09880315818144353
2652,7.83720750569133,-0.09894304450793667
2653,7.8361807332105755,-0.0990833886949369
2654,7.835150492339141,-0.09922418738528456
2655,7.83411680636944,-0.09936543721098304
2656,7.833079698680717,-0.0995071347932783
2657,7.832039192738586,-0.0996492767427402
2658,7.830995312094628,-0.09979185965934245
2659,7.829948080385922,-0.0999348801325453
2660,7.828897521334637,-0.10007833474137494
2661,7.8278436587475655,-0.10022222005450697
2662,7.82678651651569,-0.10036653263034707
2663,7.825726118613747,-0.10051126901711332
2664,7.824662489099767,-0.1006564257529184
2665,7.823595652114618,-0.1008019993658533
2666,7.822525631881581,-0.10094798637406777
2667,7.821452452705848,-0.10109438328585643
2668,7.820376138974121,-0.10124118659973885
2669,7.8192967151540955,-0.10138839280454606
2670,7.81821420579404,-0.10153599837950211
2671,7.817128635522312,-0.10168399979430884
2672,7.816040029046911,-0.10183239350922957
2673,7.814948411154967,-0.10198117597517492
2674,7.813853806712309,-0.10213034363378592
2675,7.8127562406629885,-0.10227989291751907
2676,7.811655738028771,-0.10242982024973235
2677,7.8105523239086825,-0.10258012204476986
2678,7.809446023478548,-0.10273079470804623
2679,7.808336861990453,-0.10288183463613484
2680,7.8072248647723,-0.10303323821685183
2681,7.806110057227313,-0.10318500182934233
2682,7.804992464833545,-0.10333712184416713
2683,7.803872113143373,-0.10348959462338983
2684,7.8027490277830225,-0.10364241652066225
2685,7.801623234452048,-0.10379558388131281
2686,7.800494758922861,-0.10394909304243201
2687,7.7993636270402105,-0.10410294033296075
2688,7.7982298647206685,-0.1042571220737781
2689,7.797093497952135,-0.10441163457778878
2690,7.795954552793342,-0.10456647415001005
2691,7.794813055373322,-0.10472163708766077
2692,7.793669031890886,-0.1048771196802503
2693,7.792522508614141,-0.10503291820966501
2694,7.791373511879938,-0.10518902895025867
2695,7.7902220680933665,-0.10534544816894018
2696,7.789068203727242,-0.10550217212526276
2697,7.78791194532155,-0.10565919707151343
2698,7.786753319482943,-0.1058165192528023
2699,7.785592352884194,-0.10597413490715187
2700,7.784429072263688,-0.1061320402655861
2701,7.783263504424855,-0.10629023155222143
2702,7.782095676235669,-0.10644870498435512
2703,7.780925614628063,-0.10660745677255767
2704,7.779753346597433,-0.10676648312076091
2705,7.778578899202052,-0.10692578022634995
2706,7.777402299562566,-0.10708534428025254
2707,7.7762235748614055,-0.10724517146703118
2708,7.775042752342267,-0.1074052579649725
2709,7.773859859309531,-0.10756559994617997
2710,7.7726749231277195,-0.1077261935766639
2711,7.771487971220944,-0.10788703501643336
2712,7.770299031072352,-0.10804812041958643
2713,7.7691081302235085,-0.10820944593440507
2714,7.7679152962739275,-0.10837100770344195
2715,7.766720556880399,-0.1085328018636176
2716,7.765523939756504,-0.10869482454630841
2717,7.7643254726720015,-0.10885707187744044
2718,7.763125183452263,-0.10901953997758178
2719,7.761923099977687,-0.10918222496203503
2720,7.760719250183137,-0.10934512294092896
2721,7.75951366205735,-0.10950823001931217
2722,7.758306363642344,-0.10967154229724597
2723,7.757097383032863,-0.10983505586989568
2724,7.755886748375749,-0.10999876682762583
2725,7.754674487869387,-0.11016267125609161
2726,7.753460629763091,-0.11032676523633299
2727,7.752245202356532,-0.11049104484486713
2728,7.751028233999097,-0.11065550615378394
2729,7.749809753089342,-0.11082014523083705
2730,7.748589788074364,-0.11098495813953886
2731,7.747368367449194,-0.11114994093925443
2732,7.746145519756201,-0.11131508968529492
2733,7.744921273584485,-0.11148040042901143
2734,7.743695657569256,-0.11164586921788977
2735,7.742468700391236,-0.1118114920956436
2736,7.741240430776043,-0.11197726510230914
2737,7.74001087749355,-0.11214318427434025
2738,7.738780069357305,-0.11230924564470131
2739,7.7375480352238855,-0.11247544524296255
2740,7.7363148039922764,-0.11264177909539501
2741,7.73508040460325,-0.11280824322506444
2742,7.733844866038732,-0.112974833651927
2743,7.732608217321182,-0.1131415463929226
2744,7.731370487512953,-0.11330837746207116
2745,7.730131705715673,-0.11347532287056633
2746,7.728891901069586,-0.11364237862687139
2747,7.727651102752929,-0.11380954073681424
2748,7.726409339981284,-0.11397680520368227
2749,7.725166642006941,-0.11414416802831774
2750,7.723923038118245,-0.11431162520921319
2751,7.722678557638969,-0.1144791727426059
2752,7.7214332299276505,-0.11464680662257387
2753,7.720187084376932,-0.1148145228411319
2754,7.718940150412933,-0.11498231738832562
2755,7.717692457494576,-0.11515018625232801
2756,7.716444035112939,-0.1153181254195346
2757,7.715194912790584,-0.11548613087465945
2758,7.713945120080906,-0.1156541986008305
2759,7.7126946865674855,-0.11582232457968457
2760,7.711443641863379,-0.11599050479146501
2761,7.710192015610508,-0.11615873521511487
2762,7.708939837478944,-0.11632701182837464
2763,7.707687137166267,-0.11649533060787735
2764,7.706433944396877,-0.11666368752924436
2765,7.70518028892133,-0.11683207856718093
2766,7.703926200515646,-0.11700049969557336
2767,7.702671708980639,-0.11716894688758361
2768,7.701416844141239,-0.1173374161157456
2769,7.700161635845822,-0.11750590335206071
2770,7.698906113965489,-0.11767440456809489
2771,7.697650308393417,-0.11784291573507344
2772,7.696394249044147,-0.1180114328239777
2773,7.695137965852905,-0.11817995180564071
2774,7.693881488774902,-0.1183484686508435
2775,7.692624847784663,-0.11851697933040985
2776,7.691368072875298,-0.11868547981530432
2777,7.690111194057822,-0.11885396607672667
2778,7.688854241360461,-0.11902243408620834
2779,7.687597244827936,-0.11919087981570838
2780,7.686340234520775,-0.11935929923770962
2781,7.6850832405146035,-0.11952768832531376
2782,7.683826292899421,-0.11969604305233911
2783,7.682569421778931,-0.11986435939341404
2784,7.681312657269796,-0.12003263332407473
2785,7.680056029500936,-0.12020086082086075
2786,7.678799568612828,-0.12036903786141007
2787,7.677543304756767,-0.12053716042455603
2788,7.676287268094167,-0.12070522449042265
2789,7.675031488795849,-0.12087322604051942
2790,7.673775997041303,-0.12104116105783876
2791,7.672520823017972,-0.12120902552695079
2792,7.671265996920525,-0.12137681543409935
2793,7.670011548950161,-0.12154452676729643
2794,7.668757509313832,-0.12171215551642
2795,7.667503908223554,-0.12187969767330782
2796,7.666250775895665,-0.12204714923185338
2797,7.6649981425501,-0.12221450618810104
2798,7.663746038409651,-0.12238176454034216
2799,7.6624944936992225,-0.1225489202892105
2800,7.6612435386451265,-0.12271596943777613
2801,7.6599932034743095,-0.12288290799164288
2802,7.658743518413643,-0.12304973195904129
2803,7.657494513689166,-0.1232164373509252
2804,7.656246219525348,-0.12338302018106652
2805,7.6549986661443565,-0.12354947646614933
2806,7.6537518837653,-0.12371580222586608
2807,7.652505902603475,-0.12388199348301204
2808,7.651260752869638,-0.12404804626357983
2809,7.650016464769242,-0.1242139565968544
2810,7.6487730685017015,-0.12437972051550712
2811,7.647530594259632,-0.124545334055691
2812,7.646289072228094,-0.1247107932571349
2813,7.645048532583845,-0.12487609416323787
2814,7.643809005494585,-0.12504123282116367
2815,7.642570521118201,-0.12520620528193463
2816,7.641333109601992,-0.12537100760052663
2817,7.640096801081953,-0.12553563583596128
2818,7.638861625681955,-0.12570008605140287
2819,7.637627613513053,-0.1258643543142483
2820,7.636394794672657,-0.12602843669622477
2821,7.63516319924382,-0.12619232927348056
2822,7.633932857294441,-0.12635602812668023
2823,7.632703798876524,-0.1265195293410968
2824,7.631476054025387,-0.12668282900670666
2825,7.630249652758916,-0.126845923218281
2826,7.629024625076782,-0.12700880807548046
2827,7.627801000959673,-0.12717147968294745
2828,7.626578810368537,-0.12733393415039876
2829,7.625358083243802,-0.12749616759271842
2830,7.624138849504591,-0.12765817613005107
2831,7.622921139047968,-0.12781995588789385
2832,7.621704981748149,-0.1279815029971888
2833,7.620490407455745,-0.128142813594415
2834,7.61927744599697,-0.12830388382168118
2835,7.618066127172866,-0.1284647098268173
2836,7.6168564807585275,-0.12862528776346707
2837,7.615648536502325,-0.12878561379117887
2838,7.6144423241251395,-0.1289456840754972
2839,7.613237873319543,-0.12910549478805552
2840,7.612035213749053,-0.12926504210666653
2841,7.610834375047345,-0.12942432221541322
2842,7.609635386817466,-0.12958333130474006
2843,7.608438278631049,-0.12974206557154436
2844,7.607243080027535,-0.12990052121926637
2845,7.6060498205133955,-0.1300586944579799
2846,7.604858529561323,-0.1302165815044835
2847,7.603669236609472,-0.13037417858238998
2848,7.602481971060662,-0.13053148192221675
2849,7.601296762281607,-0.1306884877614751
2850,7.600113639602101,-0.1308451923447612
2851,7.598932632314254,-0.13100159192384495
2852,7.597753769671684,-0.13115768275775985
2853,7.596577080888763,-0.1313134611128913
2854,7.595402595139796,-0.13146892326306683
2855,7.594230341558233,-0.1316240654896452
2856,7.593060349235925,-0.1317788840816028
2857,7.591892647222272,-0.1319333753356255
2858,7.590727264523471,-0.13208753555619523
2859,7.5895642301017245,-0.132241361055678
2860,7.588403572874443,-0.13239484815441255
2861,7.587245321713463,-0.1325479931807976
2862,7.586089505444229,-0.13270079247138128
2863,7.584936152845039,-0.1328532423709463
2864,7.583785292646253,-0.13300533923259736
2865,7.582636953529471,-0.1331570794178503
2866,7.581491164126772,-0.1333084592967168
2867,7.580347953019902,-0.1334594752477926
2868,7.579207348739506,-0.13361012365834263
2869,7.578069379764323,-0.13376040092438807
2870,7.576934074520396,-0.13391030345079227
2871,7.57580146138027,-0.13405982765134739
2872,7.5746715686622474,-0.13420896994885767
2873,7.573544424629539,-0.13435772677522767
2874,7.57242005748951,-0.13450609457154591
2875,7.571298495392885,-0.13465406978817013
2876,7.570179766432936,-0.13480164888481277
2877,7.5690638986447425,-0.13494882833062383
2878,7.567950920004344,-0.13509560460427741
2879,7.566840858427999,-0.13524197419405382
2880,7.565733741771368,-0.13538793359792498
2881,7.564629597828724,-0.13553347932363777
2882,7.563528454332196,-0.13567860788879654
2883,7.562430338950947,-0.13582331582094725
2884,7.561335279290404,-0.1359675996576604
2885,7.560243302891469,-0.13611145594661356
2886,7.559154437229735,-0.1362548812456736
2887,7.558068709714707,-0.13639787212297882
2888,7.5569861476889955,-0.13654042515702236
2889,7.555906778427564,-0.13668253693673205
2890,7.554830629136909,-0.13682420406155374
2891,7.5537577269543155,-0.13696542314153104
2892,7.552688098947044,-0.13710619079738734
2893,7.55162177211157,-0.13724650366060637
2894,7.550558773372805,-0.13738635837351193
2895,7.549499129583279,-0.13752575158935032
2896,7.5484428675224216,-0.13766467997236756
2897,7.54739001389574,-0.1378031401978912
2898,7.5463405953340565,-0.13794112895240881
2899,7.5452946383927415,-0.13807864293364755
2900,7.544252169550906,-0.13821567885065392
2901,7.543213215210677,-0.13835223342387043
2902,7.542177801696378,-0.1384883033852162
2903,7.541145955253788,-0.13862388547816387
2904,7.5401177020493515,-0.1387589764578183
2905,7.539093068169429,-0.1388935730909928
2906,7.538072079619501,-0.13902767215628836
2907,7.537054762323431,-0.13916127044416918
2908,7.536041142122675,-0.13929436475704043
2909,7.53503124477553,-0.1394269519093242
2910,7.534025095956359,-0.1395590287275361
2911,7.533022721254834,-0.13969059205036133
2912,7.532024146175206,-0.13982163872872866
2913,7.531029396135476,-0.13995216562588897
2914,7.530038496466709,-0.140082169617487
2915,7.529051472412225,-0.14021164759163884
2916,7.528068349126877,-0.14034059644900443
2917,7.527089151676279,-0.14046901310286303
2918,7.526113905036066,-0.14059689447918616
2919,7.525142634091132,-0.14072423751671218
2920,7.5241753636348845,-0.1408510391670191
2921,7.52321211836851,-0.14097729639459688
2922,7.52225292290021,-0.14110300617692145
2923,7.52129780174445,-0.14122816550452702
2924,7.520346779321265,-0.1413527713810761
2925,7.519399879955463,-0.14147682082343385
2926,7.518457127875919,-0.14160031086173802
2927,7.517518547214827,-0.14172323853947075
2928,7.516584162006969,-0.14184560091352885
2929,7.515653996188968,-0.14196739505429545
2930,7.514728073598598,-0.14208861804570816
2931,7.513806417974008,-0.14220926698533093
2932,7.512889052953022,-0.14232933898442235
2933,7.511976002072396,-0.14244883116800625
2934,7.511067288767118,-0.14256774067493871
2935,7.510162936369676,-0.14268606465797803
2936,7.509262968109335,-0.14280380028385262
2937,7.50836740711142,-0.14292094473332906
2938,7.5074762763966145,-0.14303749520127948
2939,7.506589598880247,-0.1431534488967483
2940,7.5057073973715696,-0.14326880304302017
2941,7.5048296945730595,-0.14338355487768598
2942,7.503956513079706,-0.14349770165270953
2943,7.503087875378336,-0.14361124063449232
2944,7.50222380384687,-0.14372416910394067
2945,7.501364320753659,-0.14383648435653007
2946,7.5005094482567785,-0.14394818370236992
2947,7.499659208403339,-0.1440592644662682
2948,7.498813623128785,-0.14416972398779654
2949,7.497972714256234,-0.1442795596213521
2950,7.497136503495763,-0.144388768736223
2951,7.4963050124437345,-0.14449734871665082
2952,7.495478262582139,-0.1446052969618927
2953,7.49465627527789,-0.14471261088628443
2954,7.4938390717821655,-0.14481928791930285
2955,7.4930266732297275,-0.14492532550562687
2956,7.492219100638263,-0.14503072110519932
2957,7.491416374907727,-0.14513547219328712
2958,7.4906185168196675,-0.14523957626054265
2959,7.48982554703656,-0.14534303081306407
2960,7.489037486101161,-0.14544583337245534
2961,7.488254354435869,-0.14554798147588455
2962,7.487476172342047,-0.1456494726761444
2963,7.486702959999401,-0.14575030454171034
2964,7.485934737465314,-0.14585047465679926
2965,7.485171524674215,-0.14594998062142778
2966,7.484413341436947,-0.1460488200514692
2967,7.483660207440126,-0.14614699057871136
2968,7.482912142245513,-0.14624448985091337
2969,7.482169165289394,-0.14634131553186172
2970,7.481431295881922,-0.14643746530142804
2971,7.480698553206548,-0.14653293685562258
2972,7.4799709563193675,-0.1466277279066512
2973,7.4792485241485,-0.1467218361829708
2974,7.478531275493513,-0.14681525942934182
2975,7.477819229024786,-0.1469079954068845
2976,7.477112403282931,-0.14700004189313148
2977,7.476410816678149,-0.1470913966820827
2978,7.4757144874896815,-0.14718205758425712
2979,7.475023433865203,-0.1472720224267454
2980,7.474337673820206,-0.1473612890532635
2981,7.473657225237452,-0.1474498553242034
2982,7.472982105866359,-0.14753771911668528
2983,7.472312333322458,-0.14762487832460752
2984,7.471647925086781,-0.147711330858699
2985,7.470988898505305,-0.14779707464656858
2986,7.470335270788414,-0.147882107632754
2987,7.469687059010276,-0.14796642777877392
2988,7.46904428010834,-0.14805003306317455
2989,7.468406950882738,-0.14813292148158022
2990,7.467775087995787,-0.14821509104673933
2991,7.467148707971377,-0.14829653978857524
2992,7.466527827194484,-0.14837726575423124
2993,7.465912461910579,-0.14845726700811956
2994,7.4653026282251576,-0.1485365416319656
2995,7.464698342103149,-0.1486150877248569
2996,7.464099619368411,-0.1486929034032877
2997,7.463506475703214,-0.1487699868012041
2998,7.462918926647726,-0.14884633607004913
2999,7.46233698759949,-0.14892194937880762
