turn,time_sigma_ns,Q1
0,9.006106317225031,-0.0034811510363291966
1,9.00611741901729,-0.0034799967471534623
2,9.006129067486667,-0.0034787824835825942
3,9.006141262477547,-0.0034775082626960093
4,9.006154003827449,-0.0034761741023131092
5,9.006167291367008,-0.0034747800209945874
6,9.006181124919975,-0.0034733260380417357
7,9.006195504303221,-0.0034718121734960902
8,9.006210429326753,-0.0034702384481387987
9,9.006225899793705,-0.0034686048834906102
10,9.006241915500349,-0.0034669115018108976
11,9.006258476236074,-0.0034651583260986918
12,9.006275581783436,-0.0034633453800902055
13,9.006293231918121,-0.003461472688260161
14,9.006311426408951,-0.0034595402758209126
15,9.006330165017916,-0.0034575481687216135
16,9.006349447500144,-0.0034554963936483532
17,9.006369273603932,-0.0034533849780230916
18,9.006389643070728,-0.0034512139500040276
19,9.006410555635158,-0.003448983338484183
20,9.006432011024994,-0.003446693173092375
21,9.0064540089612,-0.0034443434841911367
22,9.006476549157908,-0.0034419343028771238
23,9.006499631322441,-0.003439465660980055
24,9.006523255155292,-0.0034369375910636947
25,9.006547420350154,-0.003434350126423273
26,9.006572126593909,-0.0034317033010865567
27,9.006597373566638,-0.0034289971498127157
28,9.006623160941631,-0.0034262317080914345
29,9.006649488385385,-0.003423407012142932
30,9.006676355557598,-0.003420523098917866
31,9.006703762111188,-0.0034175800060960554
32,9.006731707692314,-0.0034145777720852657
33,9.006760191940348,-0.0034115164360218613
34,9.006789214487888,-0.0034083960377702866
35,9.006818774960788,-0.0034052166179213074
36,9.006848872978125,-0.003401978217792719
37,9.006879508152249,-0.0033986808794272236
38,9.006910680088737,-0.003395324645593999
39,9.006942388386452,-0.003391909559785365
40,9.006974632637506,-0.003388435666218593
41,9.007007412427287,-0.0033849030098337713
42,9.007040727334465,-0.0033813116362937123
43,9.007074576930986,-0.003377661591983356
44,9.007108960782087,-0.003373952924008745
45,9.007143878446302,-0.003370185680197118
46,9.007179329475452,-0.0033663599090956522
47,9.007215313414696,-0.0033624756599698814
48,9.007251829802481,-0.00335853298280477
49,9.007288878170593,-0.0033545319283026713
50,9.007326458044133,-0.0033504725478833643
51,9.007364568941538,-0.003346354893683205
52,9.007403210374587,-0.0033421790185540865
53,9.007442381848406,-0.003337944976062761
54,9.007482082861479,-0.003333652820490461
55,9.007522312905639,-0.003329302606831774
56,9.007563071466095,-0.0033248943907943493
57,9.007604358021437,-0.0033204282287969
58,9.007646172043628,-0.0033159041779702064
59,9.007688512998028,-0.003311322296154654
60,9.007731380343397,-0.0033066826419001286
61,9.007774773531892,-0.003301985274465949
62,9.007818692009076,-0.0032972302538194823
63,9.007863135213944,-0.003292417640634515
64,9.007908102578916,-0.0032875474962912933
65,9.007953593529852,-0.00328261988287542
66,9.007999607486044,-0.00327763486317739
67,9.00804614386024,-0.003272592500691509
68,9.00809320205865,-0.003267492859614639
69,9.008140781480948,-0.0032623360048456207
70,9.008188881520292,-0.003257122001984603
71,9.008237501563308,-0.003251850917332073
72,9.008286640990127,-0.0032465228178876486
73,9.008336299174383,-0.0032411377713492287
74,9.008386475483208,-0.0032356958461124408
75,9.008437169277267,-0.003230197111269284
76,9.008488379910746,-0.003224641636607255
77,9.008540106731353,-0.003219029492609815
78,9.008592349080352,-0.0032133607504528485
79,9.008645106292564,-0.0032076354820056545
80,9.008698377696366,-0.00320185375982918
81,9.008752162613716,-0.003196015657175017
82,9.008806460360132,-0.003190121247985794
83,9.008861270244743,-0.0031841706068917526
84,9.008916591570276,-0.003178163809211506
85,9.00897242363306,-0.003172100930950824
86,9.009028765723038,-0.003165982048801311
87,9.00908561712378,-0.0031598072401399484
88,9.009142977112516,-0.0031535765830263737
89,9.009200844960105,-0.0031472901562039387
90,9.009259219931057,-0.0031409480390982257
91,9.009318101283565,-0.0031345503118146005
92,9.009377488269497,-0.0031280970551385233
93,9.009437380134395,-0.0031215883505344207
94,9.009497776117513,-0.0031150242801440435
95,9.009558675451808,-0.003108404926785478
96,9.00962007736395,-0.003101730373952676
97,9.009681981074344,-0.0030950007058133857
98,9.009744385797134,-0.003088216007208856
99,9.009807290740211,-0.0030813763636522557
100,9.009870695105226,-0.003074481861328003
101,9.009934598087597,-0.003067532587090415
102,9.009998998876531,-0.003060528628462042
103,9.010063896655023,-0.00305347007363372
104,9.010129290599886,-0.003046357011461459
105,9.010195179881721,-0.003039189531468056
106,9.010261563664974,-0.0030319677238396024
107,9.010328441107918,-0.003024691679425404
108,9.010395811362677,-0.003017361489736583
109,9.010463673575241,-0.0030099772469443955
110,9.01053202688547,-0.0030025390438794533
111,9.010600870427083,-0.002995046974031751
112,9.010670203327724,-0.002987501131546951
113,9.01074002470893,-0.0029799016112266098
114,9.010810333686157,-0.0029722485085272167
115,9.01088112936878,-0.0029645419195586838
116,9.010952410860126,-0.0029567819410826882
117,9.011024177257479,-0.002948968670511387
118,9.01109642765207,-0.0029411022059073334
119,9.011169161129123,-0.002933182645980744
120,9.011242376767843,-0.002925210090089137
121,9.011316073641437,-0.002917184638235768
122,9.01139025081712,-0.0029091063910686847
123,9.01146490735615,-0.0029009754498783916
124,9.01154004231381,-0.0028927919165976277
125,9.011615654739439,-0.002884555893799674
126,9.011691743676433,-0.0028762674846975387
127,9.011768308162274,-0.0028679267931413528
128,9.011845347228517,-0.0028595339236190064
129,9.011922859900846,-0.002851088981252145
130,9.012000845199026,-0.00284259207179814
131,9.012079302136973,-0.0028340433016456577
132,9.012158229722735,-0.002825442777815243
133,9.01223762695852,-0.002816790607956722
134,9.012317492840697,-0.002808086900349135
135,9.01239782635982,-0.0027993317638982545
136,9.012478626500625,-0.002790525308136075
137,9.012559892242072,-0.0027816676432182363
138,9.012641622557332,-0.002772758879923721
139,9.012723816413809,-0.002763799129653348
140,9.012806472773153,-0.0027547885044278677
141,9.01288959059129,-0.002745727116886425
142,9.012973168818396,-0.002736615080286315
143,9.013057206398956,-0.002727452508499963
144,9.013141702271746,-0.0027182395160148436
145,9.013226655369866,-0.002708976217930849
146,9.013312064620745,-0.0026996627299597214
147,9.013397928946162,-0.0026902991684229177
148,9.013484247262232,-0.0026808856502517444
149,9.01357101847947,-0.002671422292983197
150,9.013658241502768,-0.0026619092147606503
151,9.013745915231421,-0.0026523465343313768
152,9.013834038559143,-0.002642734371045467
153,9.013922610374067,-0.002633072844854491
154,9.014011629558782,-0.002623362076309385
155,9.01410109499034,-0.002613602186559143
156,9.014191005540255,-0.0026037932973498735
157,9.014281360074534,-0.0025939355310226364
158,9.014372157453703,-0.002584029010511715
159,9.01446339653278,-0.002574073859344246
160,9.014555076161347,-0.0025640702016367215
161,9.014647195183517,-0.0025540181620954364
162,9.014739752437974,-0.002543917866013885
163,9.014832746757973,-0.002533769439271471
164,9.014926176971379,-0.002523573008331335
165,9.015020041900657,-0.0025133287002398986
166,9.015114340362883,-0.0025030366426250536
167,9.015209071169798,-0.002492696963693399
168,9.015304233127795,-0.002482309792229269
169,9.01539982503793,-0.0024718752575939233
170,9.01549584569595,-0.0024613934897229767
171,9.01559229389231,-0.0024508646191253674
172,9.015689168412175,-0.0024402887768811914
173,9.015786468035449,-0.002429666094640793
174,9.015884191536781,-0.002418996704622487
175,9.015982337685609,-0.0024082807396102746
176,9.01608090524612,-0.0023975183329545883
177,9.01617989297733,-0.0023867096185677824
178,9.016279299633045,-0.0023758547309247887
179,9.016379123961926,-0.0023649538050592857
180,9.01647936470746,-0.0023540069765642514
181,9.016580020608009,-0.0023430143815887155
182,9.016681090396808,-0.0023319761568368134
183,9.016782572801993,-0.002320892439565644
184,9.016884466546616,-0.0023097633675837025
185,9.01698677034865,-0.002298589079249472
186,9.01708948292102,-0.002287369713469233
187,9.01719260297161,-0.0022761054096960497
188,9.017296129203286,-0.002264796307927084
189,9.017400060313904,-0.0022534425487029715
190,9.017504394996351,-0.0022420442731045384
191,9.017609131938523,-0.0022306016227529044
192,9.017714269823367,-0.002219114739806755
193,9.017819807328905,-0.0022075837669602466
194,9.017925743128231,-0.002196008847442068
195,9.01803207588954,-0.0021843901250130143
196,9.018138804276143,-0.0021727277439647003
197,9.018245926946474,-0.0021610218491177583
198,9.018353442554128,-0.002149272585819706
199,9.018461349747872,-0.0021374800999428138
200,9.018569647171645,-0.0021256445378834863
201,9.018678333464594,-0.002113766046559644
202,9.018787407261083,-0.002101844773409342
203,9.018896867190712,-0.002089880866388271
204,9.019006711878347,-0.0020778744739683654
205,9.019116939944121,-0.0020658257451360283
206,9.01922755000345,-0.002053734829390513
207,9.019338540667063,-0.0020416018767418277
208,9.019449910541015,-0.0020294270377088966
209,9.01956165822671,-0.002017210463317437
210,9.019673782320906,-0.002004952305098699
211,9.019786281415746,-0.0019926527150872075
212,9.019899154098786,-0.0019803118458182095
213,9.020012398952964,-0.0019679298503282533
214,9.02012601455668,-0.001955506882150404
215,9.020239999483778,-0.0019430430953142352
216,9.020354352303567,-0.0019305386443431779
217,9.020469071580854,-0.0019179936842527638
218,9.020584155875966,-0.001905408370547987
219,9.020699603744728,-0.0018927828592237128
220,9.02081541373853,-0.0018801173067599776
221,9.020931584404314,-0.0018674118701223286
222,9.02104811428462,-0.0018546667067577437
223,9.021165001917574,-0.0018418819745947082
224,9.021282245836925,-0.0018290578320404563
225,9.021399844572061,-0.0018161944379789276
226,9.021517796648025,-0.0018032919517689016
227,9.021636100585544,-0.0017903505332420586
228,9.021754754901036,-0.0017773703427010545
229,9.021873758106628,-0.001764351540917606
230,9.021993108710186,-0.0017512942891306552
231,9.02211280521531,-0.0017381987490449299
232,9.022232846121407,-0.001725065082826685
233,9.02235322992364,-0.001711893453104893
234,9.022473955113,-0.001698684022966901
235,9.0225950201763,-0.001685436955957808
236,9.022716423596206,-0.001672152416077327
237,9.022838163851242,-0.0016588305677791833
238,9.022960239415827,-0.0016454715759680453
239,9.023082648760276,-0.0016320756059979655
240,9.023205390350842,-0.0016186428236700137
241,9.023328462649719,-0.0016051733952306343
242,9.023451864115064,-0.0015916674873693406
243,9.023575593201025,-0.0015781252672167419
244,9.023699648357745,-0.00156454690234299
245,9.023824028031385,-0.0015509325607559554
246,9.023948730664175,-0.0015372824108969383
247,9.024073754694381,-0.0015235966216419448
248,9.02419909855637,-0.0015098753622970961
249,9.024324760680598,-0.0014961188025981271
250,9.024450739493656,-0.0014823271127069801
251,9.024577033418277,-0.0014685004632109463
252,9.024703640873353,-0.0014546390251199061
253,9.024830560273951,-0.0014407429698650588
254,9.024957790031365,-0.001426812469295035
255,9.025085328553086,-0.0014128476956765
256,9.025213174242873,-0.0013988488216889956
257,9.025341325500735,-0.0013848160204259163
258,9.025469780722963,-0.0013707494653903208
259,9.025598538302154,-0.0013566493304938624
260,9.025727596627231,-0.001342515790054233
261,9.025856954083478,-0.0013283490187922106
262,9.025986609052515,-0.0013141491918321475
263,9.026116559912374,-0.0012999164846967722
264,9.026246805037482,-0.001285651073307066
265,9.026377342798698,-0.0012713531339796792
266,9.026508171563322,-0.0012570228434246125
267,9.026639289695122,-0.0012426603787433078
268,9.026770695554374,-0.0012282659174257258
269,9.02690238749784,-0.0012138396373497023
270,9.027034363878823,-0.001199381716777736
271,9.027166623047185,-0.0011848923343544826
272,9.02729916334935,-0.001170371669105872
273,9.027431983128347,-0.0011558199004355685
274,9.027565080723795,-0.0011412372081248286
275,9.027698454471972,-0.001126623772327759
276,9.0278321027058,-0.0011119797735710897
277,9.027966023754892,-0.0010973053927505198
278,9.028100215945551,-0.0010826008111298182
279,9.028234677600794,-0.0010678662103385194
280,9.028369407040381,-0.0010531017723691602
281,9.028504402580838,-0.0010383076795752193
282,9.028639662535472,-0.0010234841146688804
283,9.028775185214396,-0.0010086312607191549
284,9.028910968924544,-0.0009937493011496592
285,9.029047011969704,-0.000978838419735925
286,9.029183312650524,-0.0009638988006036424
287,9.029319869264556,-0.000948930628225971
288,9.029456680106238,-0.0009339340874228928
289,9.029593743466958,-0.0009189093633567429
290,9.029731057635054,-0.0009038566415311642
291,9.029868620895845,-0.0008887761077888781
292,9.030006431531637,-0.0008736679483092809
293,9.030144487821767,-0.0008585323496060244
294,9.030282788042598,-0.0008433694985256039
295,9.030421330467558,-0.0008281795822441053
296,9.030560113367168,-0.0008129627882652837
297,9.03069913500904,-0.0007977193044189236
298,9.03083839365793,-0.0007824493188571374
299,9.030977887575723,-0.000767153020054151
300,9.031117615021492,-0.0007518305968020864
301,9.031257574251493,-0.0007364822382097766
302,9.0313977635192,-0.0007211081337002703
303,9.031538181075321,-0.0007057084730086427
304,9.031678825167822,-0.0006902834461796889
305,9.031819694041948,-0.000674833243565329
306,9.031960785940248,-0.0006593580558229291
307,9.032102099102595,-0.0006438580739122744
308,9.032243631766198,-0.0006283334890946608
309,9.032385382165646,-0.0006127844929284125
310,9.03252734853292,-0.000597211277268327
311,9.032669529097397,-0.0005816140342632728
312,9.032811922085909,-0.0005659929563527218
313,9.032954525722726,-0.0005503482362657717
314,9.0330973382296,-0.0005346800670185763
315,9.033240357825797,-0.0005189886419106127
316,9.03338358272809,-0.000503274154524459
317,9.033527011150818,-0.00048753679872183325
318,9.033670641305854,-0.0004717767686430504
319,9.033814471402694,-0.00045599425870232826
320,9.033958499648435,-0.0004401894635871619
321,9.034102724247797,-0.00042436257825625214
322,9.034247143403174,-0.00040851379793558636
323,9.034391755314633,-0.0003926433181173275
324,9.03453655817994,-0.0003767513345573772
325,9.034681550194586,-0.0003608380432726673
326,9.034826729551813,-0.00034490364053888547
327,9.03497209444263,-0.00032894832288839134
328,9.035117643055832,-0.000312972287107611
329,9.035263373578035,-0.0002969757302351217
330,9.035409284193696,-0.00028095884955806126
331,9.035555373085112,-0.00026492184261208855
332,9.035701638432494,-0.0002488649071757246
333,9.035848078413927,-0.00023278824127151196
334,9.035994691205437,-0.00021669204316158535
335,9.03614147498101,-0.0002005765113446099
336,9.03628842791259,-0.00018444184455584516
337,9.036435548170111,-0.00016828824176347634
338,9.03658283392154,-0.00015211590216534514
339,9.036730283332895,-0.00013592502518742879
340,9.036877894568226,-0.00011971581048246342
341,9.037025665789686,-0.00010348845792598986
342,9.037173595157553,-8.724316761389944e-05
343,9.03732168083021,-7.098013986201455e-05
344,9.037469920964215,-5.469957520104351e-05
345,9.037618313714283,-3.840167437709603e-05
346,9.037766857233356,-2.20866383459537e-05
347,9.037915549672586,-5.75466827332285e-06
348,9.038064389181367,1.059403446811551e-05
349,9.038213373907373,2.6959268302244155e-05
350,9.038362501996565,4.334083145069361e-05
351,9.038511771593221,5.973852193579052e-05
352,9.038661180839958,7.615213758264794e-05
353,9.038810727877744,9.258147602171238e-05
354,9.038960410845947,0.00010902633469161457
355,9.039110227882336,0.0001254865108410538
356,9.039260177123113,0.00014196180153154642
357,9.039410256702926,0.00015845200363919217
358,9.039560464754913,0.0001749569138584513
359,9.039710799410706,0.00019147632870294585
360,9.03986125880045,0.00020801004450869795
361,9.040011841052847,0.00022455785743675128
362,9.040162544295166,0.00024111956347526515
363,9.040313366653265,0.0002576949584420598
364,9.040464306251625,0.00027428383798695294
365,9.040615361213353,0.00029088599759428
366,9.040766529660232,0.0003075012325853793
367,9.04091780971272,0.0003241293381211136
368,9.041069199489987,0.00034077010920375634
369,9.041220697109933,0.00035742334068026286
370,9.04137230068922,0.000374088827244343
371,9.041524008343275,0.0003907663634384956
372,9.04167581818633,0.0004074557436567988
373,9.041827728331445,0.0004241567621476393
374,9.041979736890525,0.0004408692130160077
375,9.042131841974355,0.0004575928902260545
376,9.042284041692596,0.0004743275876026333
377,9.042436334153843,0.0004910730988349932
378,9.042588717465621,0.0005078292174788262
379,9.042741189734421,0.00052459573695804
380,9.042893749065735,0.000541372450568946
381,9.043046393564044,0.0005581591514803464
382,9.043199121332874,0.0005749556327377616
383,9.043351930474808,0.0005917616872654346
384,9.04350481909151,0.0006085771078686168
385,9.043657785283742,0.000625401687236298
386,9.043810827151404,0.0006422352179434767
387,9.043963942793537,0.000659077492453633
388,9.044117130308358,0.0006759283031212193
389,9.044270387793283,0.0006927874421943812
390,9.04442371334496,0.0007096547018175421
391,9.044577105059261,0.0007265298740328935
392,9.044730561031335,0.0007434127507837983
393,9.044884079355628,0.0007603031239173804
394,9.045037658125883,0.0007772007851860465
395,9.045191295435199,0.0007941055262509812
396,9.045344989376026,0.0008110171386841783
397,9.045498738040209,0.0008279354139713367
398,9.04565253951898,0.0008448601435129055
399,9.045806391903021,0.0008617911186285901
400,9.045960293282468,0.0008787281305591547
401,9.046114241746926,0.0008956709704677544
402,9.04626823538551,0.0009126194294440376
403,9.046422272286858,0.0009295732985056365
404,9.046576350539146,0.0009465323686008224
405,9.046730468230143,0.0009634964306116811
406,9.046884623447191,0.0009804652753554143
407,9.047038814277258,0.0009974386935874585
408,9.047193038806965,0.00101441647600476
409,9.047347295122588,0.0010313984132470644
410,9.047501581310101,0.0010483842959002224
411,9.047655895455176,0.0010653739144974137
412,9.047810235643228,0.0010823670595233356
413,9.047964599959437,0.0010993635214160075
414,9.048118986488758,0.0011163630905685494
415,9.048273393315947,0.001133365557332509
416,9.048427818525608,0.0011503707120210475
417,9.048582260202188,0.0011673783449099718
418,9.048736716430003,0.0011843882462402287
419,9.048891185293272,0.001201400206221719
420,9.049045664876147,0.0012184140150352006
421,9.049200153262712,0.0012354294628343285
422,9.049354648537046,0.0012524463397494278
423,9.049509148783196,0.0012694644358881072
424,9.049663652085224,0.0012864835413384562
425,9.049818156527255,0.0013035034461732048
426,9.04997266019346,0.0013205239404499444
427,9.050127161168096,0.0013375448142144454
428,9.050281657535546,0.0013545658575044158
429,9.050436147380315,0.0013715868603497983
430,9.050590628787065,0.0013886076127767395
431,9.050745099840642,0.001405627904809862
432,9.050899558626087,0.0014226475264742604
433,9.051054003228684,0.0014396662677989681
434,9.051208431733947,0.001456683918818128
435,9.051362842227682,0.0014737002695749592
436,9.051517232795979,0.001490715110123003
437,9.051671601525257,0.0015077282305299522
438,9.051825946502284,0.001524739420879143
439,9.051980265814171,0.0015417484712715332
440,9.052134557548445,0.0015587551718302293
441,9.052288819793045,0.001575759312701567
442,9.052443050636327,0.0015927606840570384
443,9.052597248167121,0.001609759076097166
444,9.052751410474743,0.001626754279053595
445,9.052905535649005,0.0016437460831910105
446,9.053059621780253,0.0016607342788101881
447,9.053213666959401,0.0016777186562512401
448,9.053367669277911,0.001694699005893962
449,9.053521626827866,0.0017116751181626424
450,9.053675537701972,0.0017286467835275693
451,9.053829399993562,0.0017456137925067885
452,9.053983211796648,0.0017625759356697066
453,9.054136971205956,0.0017795330036405239
454,9.054290676316892,0.001796484787097707
455,9.054444325225619,0.0018134310767793245
456,9.05459791602906,0.0018303716634842366
457,9.05475144682492,0.0018473063380749757
458,9.054904915711717,0.0018642348914801679
459,9.055058320788797,0.001881157114697254
460,9.055211660156356,0.0018980727987943497
461,9.055364931915477,0.001914981734913623
462,9.05551813416813,0.0019318837142728437
463,9.055671265017214,0.0019487785281686548
464,9.05582432256658,0.0019656659679793053
465,9.055977304921045,0.001982545825166064
466,9.056130210186417,0.0019994178912767398
467,9.056283036469521,0.0020162819579476144
468,9.05643578187821,0.0020331378169057613
469,9.056588444521408,0.0020499852599719713
470,9.056741022509124,0.0020668240790638792
471,9.056893513952472,0.0020836540661972203
472,9.057045916963691,0.002100475013488643
473,9.057198229656183,0.0021172867131590365
474,9.057350450144508,0.002134088957534488
475,9.057502576544442,0.002150881539050668
476,9.05765460697298,0.00216766425025415
477,9.057806539548357,0.0021844368838049755
478,9.057958372390065,0.002201199232478725
479,9.0581101036189,0.0022179510891703635
480,9.058261731356962,0.00223469224689548
481,9.0584132537277,0.0022514224987939336
482,9.058564668855897,0.002268141638130382
483,9.05871597486774,0.002284849458299331
484,9.058867169890801,0.0023015457528254915
485,9.059018252054086,0.0023182303153671435
486,9.059169219488057,0.0023349029397192298
487,9.059320070324636,0.0023515634198145448
488,9.059470802697243,0.0023682115497270354
489,9.059621414740803,0.0023848471236736428
490,9.059771904591807,0.0024014699360184514
491,9.059922270388281,0.00241807978127264
492,9.06007251026985,0.002434676454099001
493,9.060222622377726,0.002451259749312919
494,9.060372604854772,0.0024678294618865042
495,9.060522455845499,0.002484385386949895
496,9.06067217349608,0.0025009273197936642
497,9.060821755954386,0.002517455055871728
498,9.060971201370023,0.0025339683908041097
499,9.06112050789432,0.002550467120378507
500,9.061269673680366,0.0025669510405532457
501,9.06141869688306,0.002583419950729828
502,9.061567575646624,0.0025998736523562913
503,9.06171630809221,0.002616311944271513
504,9.061864892317939,0.002632734622709455
505,9.062013326398931,0.0026491414813028646
506,9.062161608387367,0.002665532311087226
507,9.062309736312487,0.0026819069005031373
508,9.062457708180691,0.0026982650354030065
509,9.062605521975545,0.0027146064990531075
510,9.06275317565783,0.0027309310721377648
511,9.062900667165602,0.002747238532764446
512,9.063047994414209,0.0027635286564661825
513,9.063195155296347,0.0027798012162063247
514,9.063342147682114,0.0027960559823831097
515,9.063488969419046,0.0028122927228332725
516,9.063635618332155,0.0028285112028359188
517,9.063782092223992,0.0028447111851172126
518,9.063928388874672,0.0028608924298544
519,9.064074506041939,0.002877054694679677
520,9.06422044146118,0.0028931977346838655
521,9.064366192845526,0.002909321302422796
522,9.064511757885848,0.002925425147919506
523,9.064657134250824,0.002941509018669099
524,9.064802319586981,0.0029575726596426898
525,9.06494731151875,0.0029736158132928885
526,9.065092107648505,0.00298963821955695
527,9.065236705556627,0.00300563961586208
528,9.06538110280153,0.003021619737128943
529,9.065525296919718,0.0030375783157767875
530,9.065669285425837,0.0030535150817269496
531,9.06581306581273,0.0030694297624089184
532,9.06595663555146,0.003085322082762955
533,9.066099992091402,0.0031011917652462484
534,9.066243132860256,0.0031170385298365188
535,9.066386055264113,0.0031328620940369576
536,9.066528756687498,0.0031486621728802205
537,9.066671234493434,0.0031644384789338725
538,9.066813486023474,0.0031801907223042293
539,9.066955508597767,0.0031959186106418373
540,9.067097299515114,0.003211621849145816
541,9.067238856052995,0.003227300140568015
542,9.067380175467653,0.0032429531852188782
543,9.067521254994109,0.003258580680970495
544,9.067662091846252,0.0032741823232631446
545,9.067802683216867,0.003289757805109133
546,9.067943026277701,0.003305306817098093
547,9.068083118179512,0.0033208290474012942
548,9.068222956052113,0.0033363241817766323
549,9.06836253700444,0.0033517919035739737
550,9.06850185812461,0.0033672318937400638
551,9.068640916479952,0.0033826438308226054
552,9.068779709117084,0.00339802739097616
553,9.068918233061959,0.0034133822479667578
554,9.069056485319923,0.0034287080731768825
555,9.069194462875757,0.0034440045356105287
556,9.069332162693758,0.003459271301898407
557,9.069469581717772,0.0034745080363028946
558,9.069606716871267,0.0034897144007231618
559,9.069743565057369,0.0035048900547002973
560,9.069880123158944,0.0035200346554225947
561,9.070016388038638,0.003535147857730965
562,9.070152356538944,0.0035502293141234107
563,9.070288025482238,0.003565278674760451
564,9.070423391670866,0.003580295587471025
565,9.070558451887182,0.0035952796977571653
566,9.070693202893608,0.0036102306487990035
567,9.070827641432716,0.003625148081461672
568,9.07096176422725,0.003640031634298753
569,9.07109556798021,0.0036548809435586393
570,9.07122904937491,0.003669695643190006
571,9.071362205075017,0.0036844753648464794
572,9.071495031724638,0.0036992197378930476
573,9.071627525948353,0.0037139283894105477
574,9.071759684351306,0.0037286009442022163
575,9.07189150351924,0.0037432370247983938
576,9.072022980018568,0.0037578362514626923
577,9.07215411039644,0.003772398242197189
578,9.072284891180782,0.0037869226127476394
579,9.072415318880374,0.0038014089766094726
580,9.072545389984926,0.0038158569450342725
581,9.072675100965103,0.0038302661270336854
582,9.072804448272631,0.0038446361293872555
583,9.072933428340308,0.0038589665566457084
584,9.073062037582122,0.0038732570111389875
585,9.073190272393273,0.003887507092980452
586,9.073318129150245,0.003901716400073012
587,9.073445604210892,0.003915884528116162
588,9.073572693914464,0.003930011070609406
589,9.073699394581707,0.003944095618860866
590,9.073825702514908,0.003958137761991083
591,9.073951613997949,0.003972137086939415
592,9.074077125296396,0.003986093178470766
593,9.074202232657552,0.004000005619180806
594,9.074326932310527,0.004013873989502614
595,9.074451220466281,0.004027697867711197
596,9.074575093317728,0.004041476829931567
597,9.074698547039766,0.004055210450143375
598,9.074821577789377,0.004068898300187977
599,9.074944181705659,0.0040825399497736265
600,9.075066354909893,0.004096134966480981
601,9.075188093505652,0.0041096829157717465
602,9.07530939357883,0.004123183360992824
603,9.075430251197723,0.004136635863383475
604,9.07555066241308,0.004150039982080415
605,9.075670623258185,0.004163395274124808
606,9.075790129748944,0.004176701294469853
607,9.075909177883906,0.004189957595984264
608,9.076027763644365,0.004203163729460951
609,9.076145882994432,0.00421631924362262
610,9.076263531881077,0.004229423685127904
611,9.076380706234215,0.004242476598577546
612,9.076497401966787,0.004255477526522453
613,9.0766136149748,0.004268426009467842
614,9.076729341137414,0.004281321585881153
615,9.076844576317013,0.004294163792198416
616,9.076959316359277,0.00430695216283075
617,9.077073557093232,0.004319686230170156
618,9.077187294331358,0.004332365524597825
619,9.077300523869619,0.004344989574488963
620,9.077413241487552,0.004357557906219831
621,9.077525442948351,0.004370070044175676
622,9.077637123998917,0.004382525510755614
623,9.077748280369928,0.004394923826380137
624,9.077858907775932,0.004407264509498105
625,9.077969001915417,0.004419547076593981
626,9.078078558470853,0.004431771042192826
627,9.078187573108792,0.004443935918868494
628,9.078296041479948,0.004456041217251015
629,9.078403959219239,0.004468086446031637
630,9.07851132194588,0.004480071111971126
631,9.07861812526345,0.0044919947199058355
632,9.078724364759966,0.004503856772755161
633,9.078830036007975,0.00451565677152906
634,9.078935134564588,0.0045273942153334894
635,9.079039655971597,0.004539068601378706
636,9.07914359575551,0.004550679424985723
637,9.07924694942767,0.004562226179594025
638,9.079349712484287,0.004573708356767864
639,9.07945188040653,0.004585125446203371
640,9.079553448660606,0.004596476935736157
641,9.079654412697835,0.004607762311348734
642,9.079754767954721,0.004618981057176983
643,9.079854509853027,0.004630132655517779
644,9.079953633799843,0.004641216586835406
645,9.080052135187689,0.004652232329770795
646,9.080150009394565,0.004663179361146779
647,9.080247251784037,0.00467405715597641
648,9.080343857705312,0.004684865187470032
649,9.080439822493316,0.004695602927042576
650,9.080535141468772,0.004706269844321255
651,9.08062980993827,0.0047168654071526395
652,9.08072382319436,0.004727389081610587
653,9.08081717651562,0.004737840332003307
654,9.080909865166719,0.0047482186208803725
655,9.08100188439853,0.004758523409041836
656,9.08109322944817,0.004768754155543566
657,9.081183895539104,0.004778910317706742
658,9.081273877881213,0.004788991351124354
659,9.081363171670882,0.004798996709669626
660,9.081451772091064,0.004808925845502489
661,9.08153967431137,0.004818778209078554
662,9.08162687348816,0.004828553249156499
663,9.081713364764575,0.004838250412803991
664,9.081799143270677,0.004847869145408579
665,9.081884204123497,0.004857408890683127
666,9.08196854242711,0.004866869090674199
667,9.082052153272732,0.004876249185770429
668,9.082135031738801,0.004885548614709874
669,9.082217172891044,0.004894766814588107
670,9.08229857178255,0.00490390322086527
671,9.082379223453888,0.004912957267375749
672,9.082459122933141,0.004921928386333758
673,9.082538265236032,0.0049308160083440826
674,9.082616645365961,0.0049396195624071895
675,9.082694258314131,0.004948338475929779
676,9.082771099059599,0.00495697217473145
677,9.082847162569367,0.00496552008305279
678,9.082922443798472,0.004973981623564599
679,9.082996937690066,0.004982356217374917
680,9.08307063917547,0.004990643284036623
681,9.083143543174296,0.004998842241557165
682,9.083215644594512,0.005006952506405674
683,9.083286938332524,0.005014973493521998
684,9.083357419273288,0.005022904616325301
685,9.083427082290324,0.005030745286719845
686,9.083495922245868,0.005038494915105779
687,9.08356393399094,0.005046152910387603
688,9.083631112365389,0.005053718679980116
689,9.083697452198031,0.005061191629819379
690,9.083762948306706,0.005068571164370011
691,9.08382759549836,0.005075856686633602
692,9.083891388569134,0.005083047598157119
693,9.083954322304454,0.005090143299041682
694,9.084016391479105,0.005097143187950808
695,9.084077590857326,0.0051040466621192
696,9.08413791519289,0.005110853117361318
697,9.084197359229202,0.005117561948079907
698,9.08425591769935,0.005124172547274005
699,9.084313585326232,0.005130684306548607
700,9.084370356822616,0.005137096616122744
701,9.084426226891233,0.005143408864838193
702,9.084481190224873,0.005149620440168598
703,9.08453524150645,0.005155730728227433
704,9.084588375409103,0.0051617391137775415
705,9.084640586596288,0.005167644980239645
706,9.084691869721853,0.0051734477097013015
707,9.084742219430114,0.005179146682924663
708,9.08479163035597,0.005184741279356986
709,9.084840097124967,0.005190230877138557
710,9.08488761435342,0.005195614853112622
711,9.084934176648444,0.005200892582832498
712,9.08497977860808,0.005206063440571707
713,9.085024414821396,0.005211126799333961
714,9.085068079868519,0.005216082030859362
715,9.085110768320796,0.0052209285056369495
716,9.085152474740816,0.005225665592910621
717,9.085193193682546,0.005230292660690548
718,9.085232919691386,0.0052348090757605905
719,9.085271647304282,0.005239214203688912
720,9.085309371049801,0.005243507408835953
721,9.085346085448222,0.005247688054364193
722,9.085381785011625,0.005251755502247138
723,9.08541646424399,0.005255709113279344
724,9.085450117641265,0.005259548247084174
725,9.085482739691484,0.005263272262124607
726,9.085514324874827,0.005266880515711828
727,9.085544867663737,0.005270372364014946
728,9.085574362522982,0.0052737471620691355
729,9.085602803909778,0.005277004263787535
730,9.085630186273843,0.0052801430219676605
731,9.085656504057507,0.005283162788302869
732,9.085681751695823,0.005286062913392106
733,9.085705923616603,0.005288842746747257
734,9.085729014240563,0.0052915016368048455
735,9.085751017981382,0.005294038930934558
736,9.085771929245801,0.005296453975448787
737,9.08579174243372,0.005298746115612527
738,9.085810451938286,0.005300914695653261
739,9.085828052145972,0.005302959058769646
740,9.085844537436692,0.005304878547142271
741,9.085859902183875,0.005306672501942752
742,9.085874140754557,0.005308340263343297
743,9.085887247509483,0.0053098811705271955
744,9.085899216803186,0.00531129456169766
745,9.0859100429841,0.005312579774088478
746,9.085919720394624,0.00531373614397322
747,9.085928243371235,0.005314763006675385
748,9.085935606244577,0.005315659696578392
749,9.085941803339534,0.005316425547134253
750,9.08594682897536,0.005317059890875661
751,9.085950677465735,0.005317562059424364
752,9.08595334311889,0.005317931383501542
753,9.085954820237669,0.005318167192937952
754,9.085955103119645,0.005318268816683638
755,9.085954186057194,0.005318235582817587
756,9.08595206333761,0.005318066818559148
757,9.08594872924318,0.005317761850276687
758,9.0859441780513,0.005317320003499124
759,9.085938404034536,0.005316740602924478
760,9.085931401460748,0.005316022972431228
761,9.085923164593162,0.005315166435087686
762,9.08591368769048,0.0053141703131630285
763,9.08590296500697,0.005313033928136902
764,9.08589099079255,0.005311756600709969
765,9.08587775929289,0.005310337650813819
766,9.08586326474952,0.005308776397622095
767,9.08584750139989,0.0053070721595594225
768,9.085830463477498,0.005305224254313217
769,9.085812145211976,0.005303231998843816
770,9.085792540829182,0.005301094709394146
771,9.085771644551272,0.005298811701499862
772,9.08574945059684,0.0052963822900012475
773,9.085725953180987,0.005293805789053174
774,9.085701146515419,0.005291081512134814
775,9.085675024808529,0.005288208772060491
776,9.085647582265528,0.005285186880991097
777,9.085618813088512,0.005282015150443893
778,9.08558871147655,0.005278692891302187
779,9.08555727162581,0.005275219413827992
780,9.08552448772963,0.005271594027671258
781,9.085490353978635,0.0052678160418810965
782,9.085454864560807,0.005263884764915926
783,9.085418013661592,0.005259799504654088
784,9.085379795464018,0.005255559568406162
785,9.085340204148755,0.005251164262923735
786,9.085299233894238,0.005246612894411115
787,9.085256878876747,0.0052419047685360555
788,9.085213133270521,0.005237039190440872
789,9.08516799124783,0.0052320154647522545
790,9.0851214469791,0.005226832895593476
791,9.08507349463299,0.005221490786594488
792,9.085024128376494,0.005215988440902925
793,9.084973342375038,0.005210325161194904
794,9.084921130792587,0.005204500249686938
795,9.084867487791712,0.005198513008144927
796,9.084812407533732,0.00519236273789768
797,9.084755884178769,0.005186048739845638
798,9.084697911885872,0.005179570314473513
799,9.084638484813102,0.005172926761860641
800,9.084577597117647,0.005166117381692789
801,9.084515242955897,0.005159141473272109
802,9.084451416483535,0.005151998335528504
803,9.084386111855672,0.0051446872670317745
804,9.08431932322692,0.005137207566002375
805,9.08425104475149,0.005129558530322127
806,9.084181270583297,0.005121739457545972
807,9.084109994876052,0.005113749644912821
808,9.084037211783357,0.005105588389356945
809,9.083962915458827,0.005097254987519938
810,9.083887100056144,0.005088748735760427
811,9.0838097597292,0.0050800689301671075
812,9.083730888632173,0.0050712148665695705
813,9.083650480919633,0.005062185840549155
814,9.083568530746627,0.005052981147450882
815,9.083485032268799,0.005043600082394738
816,9.083399979642468,0.005034041940287122
817,9.083313367024743,0.005024306015832099
818,9.083225188573609,0.005014391603543276
819,9.083135438448036,0.005004297997755116
820,9.083044110808071,0.004994024492634308
821,9.082951199814945,0.004983570382191705
822,9.082856699631161,0.004972934960293743
823,9.082760604420606,0.004962117520673834
824,9.08266290834863,0.0049511173569436046
825,9.08256360558217,0.004939933762605901
826,9.082462690289832,0.004928566031064894
827,9.082360156641998,0.004917013455638702
828,9.082255998810933,0.004905275329571144
829,9.082150210970854,0.0048933509460425155
830,9.082042787298063,0.004881239598182138
831,9.081933721971046,0.004868940579080656
832,9.081823009170535,0.0048564531817997915
833,9.081710643079647,0.004843776699386171
834,9.081596617883976,0.004830910424882479
835,9.081480927771679,0.004817853651339089
836,9.081363566933586,0.004804605671825981
837,9.08124452956329,0.0047911657794444526
838,9.081123809857273,0.004777533267339888
839,9.081001402014968,0.004763707428712254
840,9.080877300238889,0.004749687556829511
841,9.080751498734726,0.004735472945038629
842,9.08062399171142,0.004721062886777221
843,9.080494773381304,0.004706456675587232
844,9.08036383796018,0.004691653605125147
845,9.0802311796674,0.004676652969174316
846,9.080096792726017,0.0046614540616585366
847,9.079960671362834,0.004646056176651734
848,9.079822809808542,0.004630458608392429
849,9.079683202297797,0.004614660651294215
850,9.079541843069327,0.0045986615999581435
851,9.079398726366037,0.004582460749185347
852,9.079253846435114,0.004566057393989456
853,9.079107197528105,0.004549450829607483
854,9.078958773901041,0.004532640351513251
855,9.07880856981453,0.004515625255429046
856,9.078656579533854,0.004498404837338292
857,9.078502797329083,0.0044809783934974135
858,9.078347217475159,0.004463345220448641
859,9.07818983425199,0.0044455046150305814
860,9.078030641944585,0.004427455874392949
861,9.07786963484312,0.004409198296007521
862,9.077706807243057,0.004390731177680283
863,9.077542153445249,0.0043720538175651075
864,9.077375667756023,0.004353165514174518
865,9.077207344487288,0.0043340655663929245
866,9.077037177956644,0.0043147532734888845
867,9.076865162487488,0.004295227935128174
868,9.076691292409079,0.0042754888513846425
869,9.076515562056695,0.004255535322754766
870,9.076337965771689,0.0042353666501686454
871,9.076158497901595,0.0042149821350021075
872,9.07597715280025,0.0041943810790906
873,9.07579392482789,0.004173562784741504
874,9.075608808351232,0.004152526554745491
875,9.075421797743598,0.004131271692390454
876,9.075232887385011,0.0041097975014738235
877,9.075042071662281,0.004088103286314079
878,9.074849344969119,0.004066188351764176
879,9.074654701706237,0.004044052003224432
880,9.074458136281457,0.004021693546655118
881,9.074259643109793,0.003999112288588147
882,9.074059216613579,0.003976307536141578
883,9.073856851222533,0.003953278597029933
884,9.073652541373901,0.003930024779578915
885,9.07344628151252,0.003906545392736927
886,9.073238066090951,0.0038828397460886465
887,9.073027889569556,0.003858907149867065
888,9.072815746416607,0.003834746914966329
889,9.072601631108396,0.003810358352954779
890,9.072385538129343,0.0037857407760888834
891,9.072167461972056,0.0037608934973229857
892,9.071947397137489,0.0037358158303255626
893,9.071725338134991,0.003710507089489067
894,9.071501279482444,0.0036849665899449883
895,9.071275215706354,0.0036591936475760555
896,9.071047141341953,0.003633187579028955
897,9.070817050933293,0.0036069477017269236
898,9.070584939033337,0.003580473333882466
899,9.070350800204102,0.0035537637945115756
900,9.070114629016718,0.003526818403445755
901,9.06987642005155,0.003499636481344568
902,9.069636167898299,0.003472217349709624
903,9.069393867156089,0.00344456033089638
904,9.069149512433592,0.00341666474812871
905,9.068903098349104,0.0033885299255096983
906,9.068654619530669,0.0033601551880369116
907,9.068404070616152,0.0033315398616132145
908,9.068151446253374,0.0033026832730617783
909,9.067896741100197,0.0032735847501384635
910,9.067639949824613,0.003244243621543613
911,9.067381067104872,0.003214659216937458
912,9.067120087629565,0.0031848308669513237
913,9.066857006097727,0.003154757903201199
914,9.066591817218944,0.003124439658301225
915,9.066324515713449,0.0030938754658765694
916,9.066055096312231,0.0030630646605763453
917,9.065783553757116,0.0030320065780867034
918,9.065509882800896,0.003000700555144379
919,9.065234078207416,0.00296914592954977
920,9.06495613475167,0.0029373420401798043
921,9.064676047219919,0.0029052882270015758
922,9.064393810409769,0.0028729838310847713
923,9.064109419130297,0.0028404281946158064
924,9.063822868202125,0.002807620660909724
925,9.063534152457567,0.0027745605744261648
926,9.063243266740649,0.0027412472807777162
927,9.062950205907297,0.0027076801267481797
928,9.062654964825397,0.002673858460303316
929,9.06235753837489,0.002639781630604258
930,9.062057921447888,0.002605448988021023
931,9.061756108948774,0.0025708598841460927
932,9.061452095794287,0.0025360136718067276
933,9.061145876913649,0.0025009097050794457
934,9.06083744724863,0.0024655473393020415
935,9.060526801753701,0.0024299259310885894
936,9.06021393539608,0.0023940448383411514
937,9.059898843155862,0.002357903420263601
938,9.059581520026118,0.0023215010373750715
939,9.059261961012993,0.002284837051523816
940,9.05894016113581,0.002247910825899795
941,9.058616115427144,0.0022107217250471487
942,9.058289818932973,0.0021732691148801187
943,9.057961266712745,0.002135552362694598
944,9.05763045383946,0.0020975708371807258
945,9.057297375399822,0.002059323908438461
946,9.056962026494293,0.002020810947989159
947,9.056624402237228,0.001982031328790345
948,9.056284497756954,0.0019429844252481026
949,9.055942308195872,0.001903669613230646
950,9.055597828710559,0.0018640862700817849
951,9.055251054471867,0.0018242337746342187
952,9.054901980665047,0.001784111507224091
953,9.054550602489813,0.00174371884970288
954,9.054196915160457,0.0017030551854511416
955,9.053840913905953,0.001662119899392635
956,9.053482593970042,0.0016209123780066186
957,9.053121950611354,0.0015794320093423912
958,9.052758979103508,0.0015376781830332184
959,9.052393674735187,0.0014956502903079006
960,9.052026032810245,0.0014533477240051716
961,9.051656048647821,0.0014107698785873523
962,9.051283717582438,0.0013679161501541288
963,9.05090903496409,0.0013247859364553059
964,9.050531996158332,0.0012813786369038937
965,9.050152596546424,0.0012376936525912762
966,9.049770831525374,0.0011937303862988252
967,9.049386696508085,0.0011494882425126577
968,9.049000186923422,0.0011049666274365328
969,9.048611298216315,0.0010601649490047315
970,9.048220025847884,0.001015082616897223
971,9.047826365295505,0.000969719042551533
972,9.047430312052928,0.0009240736391768088
973,9.047031861630376,0.0008781458217678313
974,9.046631009554641,0.0008319350071179002
975,9.046227751369175,0.0007854406138322368
976,9.045822082634192,0.0007386620623414047
977,9.045413998926781,0.0006915987749158055
978,9.045003495840987,0.0006442501756780317
979,9.044590568987918,0.0005966156906168599
980,9.04417521399584,0.0005486947476006449
981,9.043757426510277,0.0005004867763906717
982,9.043337202194108,0.00045199120865506757
983,9.042914536727674,0.00040320747798217624
984,9.042489425808855,0.00035413501989327615
985,9.042061865153196,0.0003047732718576327
986,9.04163185049398,0.0002551216733041215
987,9.04119937758234,0.0002051796656362754
988,9.04076444218736,0.0001549466922452723
989,9.040327040096159,0.00010442219852298039
990,9.039887167113998,5.3605631875979755e-05
991,9.039444819064366,2.496441738234978e-06
992,9.038999991789108,-4.8905920413698566e-05
993,9.03855268114849,-0.00010060200104880934
994,9.038102883021295,-0.00015259234456825225
995,9.037650593304956,-0.00020487749329029727
996,9.037195807915623,-0.00025745798743809944
997,9.036738522788262,-0.00031033436512592304
998,9.036278733876758,-0.00036350716234615133
999,9.035816437154022,-0.00041697691295443633
1000,9.035351628612062,-0.0004707441486582098
1001,9.0348843042621,-0.0005248093990018467
1002,9.034414460134668,-0.0005791731913531471
1003,9.033942092279698,-0.0006338360508905737
1004,9.033467196766622,-0.0006887985005895104
1005,9.032989769684463,-0.0007440610612088228
1006,9.032509807141937,-0.0007996242512774365
1007,9.032027305267553,-0.000855488587080854
1008,9.03154226020969,-0.000911654582647889
1009,9.031054668136719,-0.0009681227497372383
1010,9.030564525237072,-0.0010248935978241676
1011,9.030071827719377,-0.001081967634085729
1012,9.029576571812505,-0.0011393453633898986
1013,9.029078753765692,-0.0011970272882805503
1014,9.028578369848637,-0.0012550139089642465
1015,9.0280754163516,-0.001313305723296319
1016,9.027569889585473,-0.0013719032267689797
1017,9.027061785881894,-0.0014308069124971368
1018,9.02655110159335,-0.0014900172712044558
1019,9.026037833093257,-0.0015495347912105521
1020,9.025521976776055,-0.0016093599584180147
1021,9.025003529057308,-0.0016694932562985208
1022,9.024482486373795,-0.0017299351658800835
1023,9.023958845183609,-0.0017906861657329735
1024,9.023432601966245,-0.001851746731956977
1025,9.022903753222716,-0.0019131173381673112
1026,9.022372295475602,-0.0019747984554828435
1027,9.021838225269185,-0.002036790552511452
1028,9.021301539169531,-0.00209909409533725
1029,9.020762233764584,-0.0021617095475068853
1030,9.02022030566424,-0.0022246373700175377
1031,9.019675751500479,-0.0022878780213021694
1032,9.019128567927426,-0.0023514319572167904
1033,9.018578751621451,-0.0024152996310284214
1034,9.018026299281276,-0.002479481493399624
1035,9.017471207628063,-0.002543977992376798
1036,9.016913473405488,-0.0026087895733773216
1037,9.016353093379848,-0.002673916679175673
1038,9.015790064340173,-0.0027393597498896406
1039,9.015224383098282,-0.002805119222968618
1040,9.014656046488886,-0.0028711955331799975
1041,9.01408505136971,-0.0029375891125947733
1042,9.013511394621547,-0.0030043003905761857
1043,9.012935073148364,-0.003071329793765793
1044,9.012356083877407,-0.003138677746070223
1045,9.011774423759265,-0.0032063446686486047
1046,9.011190089767974,-0.003274330979899877
1047,9.010603078901129,-0.003342637095447995
1048,9.010013388179935,-0.003411263428131174
1049,9.009421014649341,-0.00348021038798693
1050,9.008825955378096,-0.00354947838224013
1051,9.008228207458867,-0.0036190678152897165
1052,9.007627768008303,-0.003688979088695995
1053,9.007024634167147,-0.0037592126011674865
1054,9.006418803100317,-0.0038297687485475884
1055,9.005810271996996,-0.003900647923802662
1056,9.00519903807072,-0.003971850517008428
1057,9.004585098559476,-0.004043376915336933
1058,9.003968450725795,-0.004115227503043492
1059,9.003349091856824,-0.004187402661454892
1060,9.00272701926443,-0.004259902768955603
1061,9.002102230285274,-0.004332728200975906
1062,9.001474722280928,-0.004405879329977462
1063,9.000844492637933,-0.0044793565254421415
1064,9.000211538767923,-0.004553160153857719
1065,8.999575858107653,-0.004627290578707912
1066,8.998937448119163,-0.004701748160455909
1067,8.998296306289811,-0.004776533256534904
1068,8.997652430132385,-0.0048516462213331335
1069,8.99700581718519,-0.004927087406182294
1070,8.996356465012136,-0.0050028571593445335
1071,8.995704371202804,-0.0050789558260004785
1072,8.995049533372567,-0.005155383748235906
1073,8.994391949162654,-0.005232141265029332
1074,8.993731616240252,-0.005309228712239352
1075,8.993068532298572,-0.005386646422592558
1076,8.992402695056962,-0.005464394725670351
1077,8.991734102260976,-0.005542473947896918
1078,8.991062751682465,-0.005620884412526712
1079,8.990388641119669,-0.005699626439631424
1080,8.989711768397289,-0.00577870034608859
1081,8.989032131366585,-0.005858106445568052
1082,8.988349727905467,-0.005937845048520178
1083,8.987664555918556,-0.00601791646216378
1084,8.986976613337296,-0.006098320990473106
1085,8.986285898120027,-0.006179058934165653
1086,8.98559240825207,-0.006260130590690221
1087,8.984896141745814,-0.006341536254214265
1088,8.984197096640804,-0.006423276215611737
1089,8.983495271003813,-0.006505350762451104
1090,8.982790662928933,-0.0065877601789832855
1091,8.98208327053767,-0.006670504746128566
1092,8.981373091979021,-0.006753584741464764
1093,8.980660125429539,-0.006837000439216558
1094,8.97994436909344,-0.0069207521102413365
1095,8.979225821202691,-0.007004840022017629
1096,8.978504480017062,-0.007089264438634436
1097,8.97778034382424,-0.007174025620777546
1098,8.977053410939893,-0.007259123825718019
1099,8.976323679707763,-0.007344559307301007
1100,8.975591148499742,-0.007430332315932596
1101,8.974855815715955,-0.007516443098568959
1102,8.974117679784845,-0.007602891898703674
1103,8.973376739163253,-0.007689678956356235
1104,8.972632992336496,-0.007776804508060312
1105,8.971886437818448,-0.007864268786852162
1106,8.971137074151637,-0.007952072022257867
1107,8.970384899907302,-0.008040214440282419
1108,8.969629913685488,-0.008128696263398124
1109,8.968872114115115,-0.008217517710533001
1110,8.968111499854082,-0.008306678997057738
1111,8.967348069589319,-0.008396180334776073
1112,8.966581822036877,-0.008486021931911955
1113,8.965812755942018,-0.008576203993098261
1114,8.965040870079283,-0.008666726719365008
1115,8.964266163252564,-0.008757590308128919
1116,8.963488634295205,-0.00884879495318044
1117,8.962708282070064,-0.008940340844673428
1118,8.96192510546959,-0.009032228169113442
1119,8.961139103415919,-0.009124457109345624
1120,8.960350274860913,-0.009217027844545731
1121,8.959558618786287,-0.009309940550205877
1122,8.958764134203655,-0.009403195398124939
1123,8.957966820154626,-0.009496792556396485
1124,8.95716667571085,-0.009590732189398946
1125,8.956363699974137,-0.009685014457782855
1126,8.955557892076492,-0.009779639518460942
1127,8.954749251180223,-0.009874607524596374
1128,8.953937776478003,-0.009969918625591606
1129,8.953123467192945,-0.010065572967077918
1130,8.952306322578686,-0.010161570690904037
1131,8.951486341919445,-0.010257911935125392
1132,8.95066352453011,-0.010354596833993304
1133,8.949837869756328,-0.010451625517943352
1134,8.949009376974548,-0.010548998113585461
1135,8.948178045592122,-0.01064671474369246
1136,8.94734387504736,-0.010744775527189662
1137,8.94650686480961,-0.010843180579144655
1138,8.945667014379337,-0.010941930010755323
1139,8.944824323288193,-0.011041023929340114
1140,8.943978791099093,-0.011140462438326892
1141,8.943130417406282,-0.011240245637243088
1142,8.942279201835403,-0.011340373621704638
1143,8.941425144043572,-0.011440846483406139
1144,8.94056824371947,-0.01154166431010891
1145,8.939708500583391,-0.011642827185632086
1146,8.93884591438732,-0.01174433518984149
1147,8.937980484915002,-0.011846188398639775
1148,8.93711221198202,-0.011948386883955612
1149,8.936241095435857,-0.012050930713734016
1150,8.935367135155978,-0.012153819951925177
1151,8.934490331053892,-0.012257054658475194
1152,8.933610683073205,-0.01236063488931656
1153,8.932728191189732,-0.012464560696356071
1154,8.931842855411524,-0.012568832127466173
1155,8.930954675778972,-0.012673449226474405
1156,8.93006365236483,-0.01277841203315496
1157,8.929169785274329,-0.0128837205832167
1158,8.928273074645235,-0.012989374908293633
1159,8.927373520647894,-0.013095375035936377
1160,8.92647112348532,-0.013201720989601451
1161,8.925565883393247,-0.013308412788641946
1162,8.924657800640233,-0.013415450448296513
1163,8.92374687552766,-0.013522833979682371
1164,8.922833108389874,-0.01363056338978285
1165,8.921916499594198,-0.013738638681439637
1166,8.920997049541025,-0.013847059853342546
1167,8.92007475866387,-0.013955826900020406
1168,8.91914962742944,-0.014064939811831233
1169,8.918221656337696,-0.014174398574953876
1170,8.917290845921931,-0.014284203171376823
1171,8.916357196748807,-0.014394353578890977
1172,8.915420709418454,-0.014504849771078866
1173,8.914481384564493,-0.014615691717306799
1174,8.913539222854151,-0.014726879382713793
1175,8.912594224988261,-0.014838412728205307
1176,8.911646391701378,-0.014950291710441693
1177,8.910695723761815,-0.0150625162818304
1178,8.909742221971714,-0.01517508639051657
1179,8.908785887167113,-0.01528800198037419
1180,8.907826720217976,-0.01540126299099835
1181,8.906864722028304,-0.015514869357694383
1182,8.905899893536148,-0.015628821011471495
1183,8.904932235713703,-0.015743117879031984
1184,8.90396174956735,-0.01585775988276411
1185,8.902988436137724,-0.015972746940732398
1186,8.902012296499773,-0.016088078966669757
1187,8.901033331762807,-0.016203755869969378
1188,8.900051543070575,-0.016319777555675135
1189,8.899066931601304,-0.01643614392447447
1190,8.89807949856777,-0.016552854872689277
1191,8.897089245217355,-0.016669910292267397
1192,8.896096172832092,-0.01678731007077592
1193,8.895100282728746,-0.01690505409139073
1194,8.894101576258846,-0.01702314223289047
1195,8.893100054808755,-0.017141574369647337
1196,8.892095719799714,-0.01726035037161984
1197,8.891088572687918,-0.01737947010434404
1198,8.890078614964562,-0.017498933428925747
1199,8.889065848155884,-0.017618740202033557
1200,8.888050273823223,-0.017738890275890616
1201,8.8870318935631,-0.017859383498266497
1202,8.886010709007227,-0.017980219712470002
1203,8.884986721822616,-0.018101398757340844
1204,8.88395993371156,-0.018222920467243983
1205,8.88293034641177,-0.018344784672059286
1206,8.881897961696362,-0.018466991197176385
1207,8.88086278137393,-0.018589539863486618
1208,8.879824807288601,-0.018712430487375552
1209,8.878784041320097,-0.01883566288071542
1210,8.87774048538375,-0.018959236850859294
1211,8.876694141430601,-0.01908315220063157
1212,8.875645011447414,-0.01920740872832314
1213,8.874593097456735,-0.01933200622768349
1214,8.873538401516946,-0.01945694448791368
1215,8.87248092572232,-0.01958222329365894
1216,8.871420672203048,-0.019707842425003164
1217,8.870357643125306,-0.019833801657461257
1218,8.869291840691304,-0.0199601007619721
1219,8.86822326713932,-0.020086739504892457
1220,8.867151924743766,-0.02021371764799016
1221,8.866077815815204,-0.020341034948437885
1222,8.865000942700428,-0.020468691158806413
1223,8.863921307782492,-0.020596686027057696
1224,8.862838913480752,-0.02072501929653959
1225,8.861753762250922,-0.02085369070597862
1226,8.860665856585108,-0.020982699989474614
1227,8.859575199011864,-0.02111204687649346
1228,8.858481792096228,-0.02124173109186192
1229,8.857385638439759,-0.021371752355761716
1230,8.8562867406806,-0.021502110383722527
1231,8.855185101493507,-0.021632804886616706
1232,8.854080723589888,-0.02176383557065394
1233,8.852973609717855,-0.021895202137374524
1234,8.851863762662271,-0.022026904283643733
1235,8.850751185244757,-0.022158941701647672
1236,8.849635880323788,-0.022291314078885006
1237,8.848517850794671,-0.022424021098164697
1238,8.847397099589635,-0.022557062437597773
1239,8.84627362967785,-0.022690437770593153
1240,8.84514744406546,-0.022824146765852336
1241,8.844018545795642,-0.022958189087364057
1242,8.842886937948615,-0.023092564394399117
1243,8.841752623641709,-0.02322727234150492
1244,8.84061560602938,-0.02336231257850109
1245,8.839475888303246,-0.023497684750474448
1246,8.838333473692149,-0.023633388497772984
1247,8.837188365462163,-0.023769423456002352
1248,8.836040566916644,-0.023905789256020448
1249,8.834890081396257,-0.024042485523932983
1250,8.833736912279013,-0.024179511881088942
1251,8.832581062980312,-0.02431686794407531
1252,8.83142253695296,-0.024454553324713618
1253,8.830261337687224,-0.024592567630054393
1254,8.829097468710838,-0.02473091046237417
1255,8.827930933589066,-0.024869581419169843
1256,8.826761735924705,-0.02500858009315522
1257,8.825589879358134,-0.025147906072256945
1258,8.824415367567342,-0.025287558939610155
1259,8.823238204267957,-0.025427538273554394
1260,8.822058393213274,-0.025567843647629887
1261,8.820875938194275,-0.0257084746305746
1262,8.819690843039696,-0.025849430786318
1263,8.818503111616009,-0.02599071167397991
1264,8.81731274782747,-0.026132316847865985
1265,8.816119755616159,-0.02627424585746351
1266,8.814924138961988,-0.026416498247438653
1267,8.813725901882734,-0.026559073557633213
1268,8.812525048434068,-0.026701971323060594
1269,8.811321582709576,-0.02684519107390332
1270,8.810115508840802,-0.026988732335508536
1271,8.808906830997232,-0.027132594628387175
1272,8.807695553386377,-0.027276777468208092
1273,8.806481680253723,-0.027421280365798373
1274,8.805265215882837,-0.027566102827137024
1275,8.804046164595324,-0.027711244353354716
1276,8.80282453075088,-0.027856704440729862
1277,8.801600318747301,-0.028002482580686865
1278,8.800373533020522,-0.028148578259792258
1279,8.799144178044623,-0.028294990959753068
1280,8.79791225833185,-0.02844172015741438
1281,8.796677778432647,-0.028588765324756616
1282,8.795440742935645,-0.028736125928894386
1283,8.794201156467725,-0.028883801432072226
1284,8.792959023694001,-0.029031791291664787
1285,8.791714349317857,-0.0291800949601728
1286,8.79046713808095,-0.029328711885222833
1287,8.789217394763234,-0.0294776415095644
1288,8.787965124182978,-0.029626883271068726
1289,8.786710331196778,-0.02977643660272646
1290,8.785453020699576,-0.029926300932646404
1291,8.784193197624681,-0.030076475684053423
1292,8.78293086694375,-0.03022696027528881
1293,8.781666033666863,-0.030377754119805575
1294,8.780398702842458,-0.030528856626171275
1295,8.779128879557415,-0.030680267198063008
1296,8.777856568937027,-0.030831985234268562
1297,8.776581776145028,-0.03098401012868428
1298,8.775304506383574,-0.031136341270315795
1299,8.774024764893298,-0.03128897804327456
1300,8.7727425569533,-0.031441919826778596
1301,8.771457887881152,-0.03159516599515147
1302,8.770170763032901,-0.03174871591782184
1303,8.768881187803101,-0.031902568959322294
1304,8.767589167624784,-0.03205672447929017
1305,8.766294707969513,-0.03221118183246503
1306,8.76499781434734,-0.0323659403686907
1307,8.763698492306858,-0.03252099943291308
1308,8.762396747435162,-0.032676358365181554
1309,8.761092585357888,-0.03283201650064778
1310,8.759786011739209,-0.032987973169566025
1311,8.75847703228182,-0.03314422769729377
1312,8.757165652726966,-0.03330077940429142
1313,8.755851878854424,-0.033457627606122996
1314,8.754535716482529,-0.03361477161345515
1315,8.753217171468144,-0.03377221073206001
1316,8.751896249706702,-0.03392994426281273
1317,8.750572957132151,-0.034087971501695506
1318,8.749247299717013,-0.034246291739795036
1319,8.747919283472319,-0.03440490426330648
1320,8.746588914447676,-0.03456380835353102
1321,8.74525619873122,-0.034723003286879
1322,8.743921142449619,-0.03488248833487088
1323,8.742583751768073,-0.035042262764137674
1324,8.741244032890327,-0.03520232583642212
1325,8.739901992058636,-0.035362676808580844
1326,8.738557635553782,-0.03552331493258486
1327,8.737210969695058,-0.03568423945552187
1328,8.735862000840264,-0.035845449619597215
1329,8.734510735385708,-0.03600694466213555
1330,8.733157179766188,-0.03616872381558289
1331,8.731801340454973,-0.036330786307509064
1332,8.730443223963821,-0.036493131360608486
1333,8.729082836842954,-0.03665575819270258
1334,8.727720185681052,-0.03681866601674208
1335,8.726355277105238,-0.03698185404080922
1336,8.724988117781065,-0.03714532146812003
1337,8.72361871441252,-0.03730906749702615
1338,8.722247073741974,-0.03747309132101917
1339,8.72087320255022,-0.0376373921287307
1340,8.719497107656418,-0.03780196910393643
1341,8.718118795918103,-0.03796682142555865
1342,8.716738274231156,-0.038131948267669497
1343,8.715355549529797,-0.03829734879949301
1344,8.713970628786575,-0.03846302218540842
1345,8.71258351901232,-0.03862896758495433
1346,8.711194227256165,-0.03879518415283048
1347,8.709802760605507,-0.038961671038901594
1348,8.708409126185975,-0.0391284273882016
1349,8.707013331161441,-0.03929545234093555
1350,8.705615382733988,-0.03946274503248399
1351,8.704215288143871,-0.03963030459340698
1352,8.702813054669527,-0.03979813014944704
1353,8.701408689627511,-0.03996622082153447
1354,8.70000220037252,-0.040134575725789344
1355,8.698593594297327,-0.04030319397352739
1356,8.697182878832788,-0.04047207467126254
1357,8.695770061447808,-0.04064121692071207
1358,8.694355149649299,-0.04081061981880133
1359,8.692938150982178,-0.04098028245766685
1360,8.691519073029323,-0.04115020392466202
1361,8.690097923411553,-0.04132038330236121
1362,8.688674709787602,-0.04149081966856436
1363,8.687249439854076,-0.04166151209630236
1364,8.685822121345435,-0.04183245965384159
1365,8.68439276203397,-0.04200366140468819
1366,8.682961369729753,-0.0421751164075945
1367,8.68152795228061,-0.04234682371656365
1368,8.680092517572104,-0.0425187823808543
1369,8.678655073527487,-0.04269099144498667
1370,8.677215628107657,-0.04286344994874833
1371,8.67577418931115,-0.04303615692719849
1372,8.674330765174085,-0.04320911141067507
1373,8.672885363770142,-0.043382312424798924
1374,8.671437993210501,-0.043555758990481704
1375,8.669988661643826,-0.04372945012393044
1376,8.668537377256222,-0.04390338483665341
1377,8.667084148271197,-0.044077562135466916
1378,8.665628982949615,-0.04425198102250172
1379,8.664171889589669,-0.0444266404952084
1380,8.66271287652682,-0.04460153954636488
1381,8.661251952133782,-0.044776677164081985
1382,8.659789124820453,-0.04495205233181114
1383,8.658324403033884,-0.04512766402835029
1384,8.656857795258237,-0.04530351122785097
1385,8.655389310014742,-0.045479592899825005
1386,8.653918955861636,-0.04565590800915226
1387,8.652446741394142,-0.04583245551608683
1388,8.650972675244388,-0.0460092343762652
1389,8.649496766081398,-0.046186243540712484
1390,8.648019022611011,-0.04636348195585116
1391,8.646539453575867,-0.04654094856350667
1392,8.645058067755315,-0.04671864230091725
1393,8.643574873965386,-0.046896562100740426
1394,8.642089881058748,-0.047074706891060816
1395,8.640603097924638,-0.047253075595398465
1396,8.639114533488815,-0.04743166713271636
1397,8.637624196713519,-0.04761048041742881
1398,8.636132096597388,-0.04778951435941015
1399,8.634638242175436,-0.04796876786400171
1400,8.633142642518965,-0.04814823983202201
1401,8.631645306735539,-0.0483279291597738
1402,8.630146243968902,-0.04850783473905325
1403,8.628645463398938,-0.04868795545715856
1404,8.62714297424158,-0.048868290196899804
1405,8.625638785748801,-0.049048837836605574
1406,8.624132907208526,-0.049229597250133546
1407,8.622625347944556,-0.04941056730687963
1408,8.62111611731652,-0.04959174687178733
1409,8.619605224719827,-0.0497731348053556
1410,8.618092679585581,-0.04995472996364973
1411,8.616578491380524,-0.05013653119831066
1412,8.615062669606964,-0.05031853735656443
1413,8.613545223802724,-0.05050074728123119
1414,8.612026163541074,-0.05068315981073579
1415,8.610505498430646,-0.05086577377911747
1416,8.608983238115366,-0.051048588016040765
1417,8.607459392274414,-0.05123160134680386
1418,8.605933970622123,-0.05141481259235033
1419,8.604406982907927,-0.05159822056927841
1420,8.602878438916276,-0.0517818240898521
1421,8.601348348466578,-0.05196562196201151
1422,8.599816721413111,-0.05214961298938324
1423,8.598283567644954,-0.05233379597129201
1424,8.596748897085922,-0.05251816970276989
1425,8.595212719694482,-0.05270273297456839
1426,8.593675045463677,-0.05288748457316933
1427,8.592135884421037,-0.0530724232807963
1428,8.59059524662853,-0.05325754787542465
1429,8.589053142182449,-0.05344285713079464
1430,8.587509581213366,-0.053628349816420846
1431,8.585964573886022,-0.0538140246976056
1432,8.584418130399268,-0.053999880535449185
1433,8.582870260985958,-0.0541859160868628
1434,8.5813209759129,-0.05437213010457908
1435,8.579770285480754,-0.0545585213371648
1436,8.578218200023917,-0.05474508852903393
1437,8.576664729910506,-0.05493183042045716
1438,8.575109885542215,-0.05511874574757646
1439,8.573553677354242,-0.05530583324241708
1440,8.571996115815212,-0.05549309163289893
1441,8.570437211427075,-0.055680519642850514
1442,8.56887697472503,-0.05586811599202022
1443,8.567315416277431,-0.05605587939608993
1444,8.56575254668568,-0.056243808566687946
1445,8.564188376584136,-0.05643190221140245
1446,8.562622916640068,-0.056620159033792083
1447,8.5610561775535,-0.05680857773340216
1448,8.559488170057147,-0.056997157005776546
1449,8.557918904916317,-0.05718589554247079
1450,8.556348392928806,-0.05737479203106658
1451,8.554776644924814,-0.05756384515518398
1452,8.553203671766829,-0.057753053594496916
1453,8.551629484349554,-0.05794241602474474
1454,8.550054093599776,-0.05813193111774813
1455,8.548477510476287,-0.05832159754142204
1456,8.546899745969787,-0.05851141395978949
1457,8.545320811102755,-0.05870137903299675
1458,8.543740716929365,-0.05889149141732735
1459,8.542159474535392,-0.05908174976521549
1460,8.540577095038072,-0.059272152725262296
1461,8.538993589586028,-0.059462698942249106
1462,8.53740896935915,-0.05965338705715243
1463,8.535823245568505,-0.0598442157071582
1464,8.53423642945619,-0.060035183525678645
1465,8.532648532295267,-0.060226289142364726
1466,8.531059565389617,-0.06041753118312342
1467,8.529469540073848,-0.06060890827013161
1468,8.527878467713181,-0.0608004190218519
1469,8.52628635970333,-0.06099206205304814
1470,8.5246932274704,-0.061183835974800184
1471,8.523099082470756,-0.06137573939452094
1472,8.521503936190928,-0.06156777091597025
1473,8.519907800147477,-0.06175992913927223
1474,8.518310685886881,-0.06195221266093076
1475,8.516712604985422,-0.06214462007384534
1476,8.515113569049065,-0.06233714996732715
1477,8.51351358971334,-0.06252980092711555
1478,8.511912678643206,-0.06272257153539444
1479,8.510310847532955,-0.06291546037080833
1480,8.508708108106083,-0.06310846600847864
1481,8.507104472115142,-0.06330158702002146
1482,8.505499951341637,-0.06349482197356353
1483,8.503894557595908,-0.06368816943375874
1484,8.502288302716986,-0.06388162796180545
1485,8.500681198572465,-0.0640751961154642
1486,8.499073257058383,-0.0642688724490739
1487,8.497464490099103,-0.06446265551356896
1488,8.495854909647163,-0.06465654385649745
1489,8.494244527683145,-0.06485053602203836
1490,8.492633356215563,-0.06504463055101857
1491,8.491021407280728,-0.06523882598093027
1492,8.489408692942597,-0.06543312084594982
1493,8.487795225292633,-0.06562751367695555
1494,8.486181016449699,-0.0658220030015447
1495,8.484566078559915,-0.06601658734405125
1496,8.482950423796495,-0.06621126522556588
1497,8.481334064359629,-0.06640603516395292
1498,8.479717012476357,-0.06660089567386812
1499,8.478099280400395,-0.06679584526677859
1500,8.47648088041203,-0.06699088245097992
1501,8.474861824817955,-0.06718600573161568
1502,8.473242125951133,-0.06738121361069607
1503,8.471621796170645,-0.06757650458711702
1504,8.470000847861566,-0.0677718771566779
1505,8.468379293434813,-0.0679673298121015
1506,8.466757145326975,-0.06816286104305373
1507,8.465134416000199,-0.06835846933616135
1508,8.463511117942012,-0.06855415317503308
1509,8.461887263665211,-0.06874991104027686
1510,8.460262865707666,-0.0689457414095216
1511,8.458637936632206,-0.06914164275743506
1512,8.457012489026452,-0.0693376135557446
1513,8.455386535502676,-0.06953365227325599
1514,8.453760088697614,-0.0697297573758752
1515,8.45213316127235,-0.0699259273266266
1516,8.45050576591215,-0.07012216058567332
1517,8.448877915326293,-0.07031845561033825
1518,8.447249622247917,-0.07051481085512415
1519,8.445620899433878,-0.07071122477173337
1520,8.44399175966458,-0.07090769580908848
1521,8.442362215743804,-0.07110422241335392
1522,8.440732280498564,-0.07130080302795533
1523,8.43910196677894,-0.0714974360936008
1524,8.437471287457889,-0.07169412004830318
1525,8.435840255431154,-0.0718908533273975
1526,8.434208883617003,-0.0720876343635663
1527,8.432577184956141,-0.07228446158685771
1528,8.430945172411501,-0.07248133342470801
1529,8.429312858968093,-0.07267824830196291
1530,8.427680257632844,-0.072875204640898
1531,8.426047381434387,-0.0730722008612426
1532,8.424414243422952,-0.07326923538019872
1533,8.422780856670144,-0.0734663066124645
1534,8.421147234268808,-0.07366341297025511
1535,8.419513389332826,-0.07386055286332542
1536,8.417879334996968,-0.07405772469899105
1537,8.41624508441668,-0.07425492688215256
1538,8.41461065076796,-0.07445215781531488
1539,8.412976047247154,-0.07464941589861061
1540,8.411341287070776,-0.07484669952982313
1541,8.409706383475317,-0.0750440071044095
1542,8.408071349717101,-0.07524133701552095
1543,8.406436199072068,-0.07543868765402771
1544,8.404800944835637,-0.07563605740853961
1545,8.403165600322476,-0.07583344466543097
1546,8.401530178866352,-0.07603084780886199
1547,8.399894693819926,-0.0762282652208032
1548,8.398259158554588,-0.07642569528105715
1549,8.396623586460256,-0.07662313636728231
1550,8.394987990945188,-0.07682058685501697
1551,8.393352385435813,-0.07701804511770094
1552,8.39171678337652,-0.07721550952670113
1553,8.390081198229488,-0.07741297845133295
1554,8.388445643474471,-0.07761045025888613
1555,8.386810132608634,-0.07780792331464673
1556,8.385174679146356,-0.07800539598192133
1557,8.383539296619025,-0.07820286662206138
1558,8.381903998574845,-0.07840033359448711
1559,8.380268798578635,-0.07859779525671243
1560,8.378633710211668,-0.07879524996436671
1561,8.376998747071429,-0.07899269607122157
1562,8.375363922771454,-0.07919013192921373
1563,8.373729250941109,-0.07938755588846994
1564,8.372094745225391,-0.079584966297332
1565,8.370460419284745,-0.0797823615023805
1566,8.368826286794848,-0.0799797398484598
1567,8.367192361446406,-0.08017709967870326
1568,8.365558656944964,-0.08037443933455748
1569,8.363925187010697,-0.08057175715580729
1570,8.362291965378189,-0.08076905148060144
1571,8.360659005796263,-0.08096632064547682
1572,8.35902632202773,-0.08116356298538457
1573,8.357393927849216,-0.08136077683371483
1574,8.355761837050936,-0.0815579605223222
1575,8.354130063436493,-0.08175511238155127
1576,8.352498620822667,-0.08195223074026205
1577,8.350867523039202,-0.08214931392585534
1578,8.34923678392859,-0.08234636026429931
1579,8.347606417345872,-0.08254336808015414
1580,8.345976437158418,-0.0827403356965984
1581,8.34434685724569,-0.08293726143545578
1582,8.342717691499065,-0.0831341436172196
1583,8.341088953821599,-0.08333098056108
1584,8.339460658127807,-0.0835277705849495
1585,8.337832818343458,-0.08372451200548972
1586,8.336205448405325,-0.08392120313813817
1587,8.334578562261012,-0.08411784229713339
1588,8.332952173868707,-0.08431442779554199
1589,8.331326297196947,-0.08451095794528611
1590,8.32970094622442,-0.0847074310571692
1591,8.328076134939751,-0.0849038454409019
1592,8.32645187734123,-0.08510019940513139
1593,8.324828187436648,-0.08529649125746527
1594,8.323205079243017,-0.08549271930450113
1595,8.321582566786386,-0.08568888185185179
1596,8.319960664101583,-0.08588497720417354
1597,8.318339385232006,-0.08608100366519243
1598,8.316718744229396,-0.08627695953773196
1599,8.31509875515358,-0.086472843123741
1600,8.313479432072274,-0.0866686527243199
1601,8.311860789060828,-0.08686438663974941
1602,8.310242840202006,-0.0870600431695173
1603,8.308625599585746,-0.08725562061234624
1604,8.307009081308925,-0.08745111726622179
1605,8.305393299475146,-0.08764653142841905
1606,8.30377826819446,-0.08784186139553261
1607,8.302164001583176,-0.08803710546350207
1608,8.300550513763591,-0.08823226192764178
1609,8.298937818863767,-0.08842732908266829
1610,8.29732593101728,-0.08862230522272849
1611,8.295714864363,-0.08881718864142785
1612,8.294104633044826,-0.0890119776318587
1613,8.292495251211466,-0.08920667048662853
1614,8.290886733016189,-0.08940126549788822
1615,8.289279092616573,-0.0895957609573611
1616,8.287672344174274,-0.08979015515637057
1617,8.286066501854766,-0.08998444638587011
1618,8.28446157982712,-0.09017863293647006
1619,8.282857592263735,-0.09037271309846812
1620,8.281254553340093,-0.09056668516187767
1621,8.279652477234526,-0.0907605474164559
1622,8.27805137812796,-0.09095429815173357
1623,8.276451270203685,-0.09114793565704273
1624,8.274852167647053,-0.09134145822154811
1625,8.273254084645266,-0.09153486413427513
1626,8.271657035387143,-0.09172815168413746
1627,8.270061034062826,-0.09192131915996868
1628,8.26846609486355,-0.09211436485055041
1629,8.26687223198138,-0.09230728704464228
1630,8.265279459608973,-0.09250008403101016
1631,8.263687791939299,-0.09269275409845752
1632,8.262097243165408,-0.0928852955358534
1633,8.260507827480167,-0.09307770663216237
1634,8.258919559075984,-0.09326998567647529
1635,8.25733245214458,-0.09346213095803739
1636,8.255746520876713,-0.09365414076627947
1637,8.254161779461912,-0.09384601339084707
1638,8.252578242088244,-0.09403774712163038
1639,8.250995922942018,-0.09422934024879462
1640,8.24941483620756,-0.09442079106280928
1641,8.247834996066922,-0.09461209785447908
1642,8.246256416699628,-0.09480325891497396
1643,8.24467911228242,-0.09499427253585871
1644,8.24310309698898,-0.09518513700912368
1645,8.241528384989682,-0.09537585062721474
1646,8.239954990451293,-0.09556641168306483
1647,8.238382927536763,-0.09575681847012191
1648,8.2368122104049,-0.09594706928238231
1649,8.235242853210146,-0.09613716241441854
1650,8.233674870102274,-0.0963270961614125
1651,8.232108275226139,-0.09651686881918423
1652,8.230543082721423,-0.09670647868422241
1653,8.228979306722339,-0.09689592405371648
1654,8.227416961357351,-0.09708520322558722
1655,8.225856060748946,-0.09727431449851608
1656,8.224296619013325,-0.09746325617197737
1657,8.222738650260151,-0.09765202654626864
1658,8.221182168592257,-0.09784062392254224
1659,8.219627188105388,-0.09802904660283566
1660,8.218073722887931,-0.09821729289010213
1661,8.216521787020616,-0.09840536108824342
1662,8.21497139457627,-0.09859324950213921
1663,8.21342255961952,-0.09878095643767923
1664,8.211875296206522,-0.09896848020179413
1665,8.21032961838468,-0.09915581910248739
1666,8.208785540192387,-0.09934297144886532
1667,8.20724307565873,-0.09952993555116942
1668,8.205702238803195,-0.0997167097208083
1669,8.204163043635432,-0.0999032922703873
1670,8.202625504154945,-0.10008968151374141
1671,8.201089634350808,-0.10027587576596637
1672,8.199555448201401,-0.10046187334345036
1673,8.198022959674113,-0.10064767256390562
1674,8.196492182725072,-0.10083327174639956
1675,8.19496313129886,-0.10101866921138697
1676,8.193435819328212,-0.10120386328074212
1677,8.191910260733776,-0.10138885227778877
1678,8.190386469423776,-0.10157363452733408
1679,8.188864459293779,-0.1017582083556987
1680,8.187344244226358,-0.10194257209075003
1681,8.185825838090846,-0.10212672406193309
1682,8.184309254743036,-0.10231066260030286
1683,8.182794508024894,-0.10249438603855598
1684,8.181281611764263,-0.10267789271106378
1685,8.179770579774624,-0.10286118095390107
1686,8.17826142585472,-0.10304424910488315
1687,8.176754163788347,-0.10322709550359405
1688,8.175248807344044,-0.1034097184914194
1689,8.173745370274776,-0.10359211641157956
1690,8.172243866317688,-0.10377428760916076
1691,8.170744309193767,-0.10395623043114835
1692,8.16924671260761,-0.10413794322645709
1693,8.167751090247082,-0.10431942434596558
1694,8.166257455783045,-0.1045006721425474
1695,8.164765822869068,-0.10468168497110349
1696,8.163276205141138,-0.10486246118859463
1697,8.161788616217363,-0.10504299915407328
1698,8.160303069697667,-0.10522329722871718
1699,8.158819579163538,-0.10540335377585959
1700,8.157338158177687,-0.10558316716102367
1701,8.155858820283786,-0.10576273575195405
1702,8.154381579006147,-0.10594205791865001
1703,8.15290644784946,-0.10612113203339658
1704,8.151433440298481,-0.10629995647079786
1705,8.149962569817745,-0.1064785296078093
1706,8.148493849851246,-0.10665684982377135
1707,8.147027293822182,-0.10683491550043955
1708,8.145562915132633,-0.10701272502201946
1709,8.144100727163263,-0.10719027677519807
1710,8.142640743273045,-0.10736756914917646
1711,8.141182976798936,-0.10754460053570288
1712,8.139727441055607,-0.10772136932910478
1713,8.13827414933514,-0.10789787392632132
1714,8.136823114906726,-0.10807411272693637
1715,8.135374351016349,-0.10825008413321212
1716,8.133927870886533,-0.10842578655011935
1717,8.132483687716006,-0.1086012183853722
1718,8.131041814679419,-0.10877637804945987
1719,8.129602264927042,-0.1089512639556799
1720,8.128165051584482,-0.10912587452016974
1721,8.126730187752349,-0.1093002081619411
1722,8.125297686505984,-0.1094742633029118
1723,8.12386756089517,-0.10964803836793757
1724,8.12243982394381,-0.10982153178484623
1725,8.121014488649628,-0.10999474198447008
1726,8.119591567983893,-0.11016766740067796
1727,8.118171074891094,-0.11034030647040856
1728,8.116753022288668,-0.1105126576337028
1729,8.115337423066656,-0.11068471933373744
1730,8.113924290087468,-0.11085649001685585
1731,8.112513636185513,-0.11102796813260361
1732,8.111105474166962,-0.11119915213375835
1733,8.109699816809396,-0.11137004047636456
1734,8.108296676861546,-0.11154063161976546
1735,8.106896067042971,-0.11171092402663535
1736,8.105498000043763,-0.11188091616301346
1737,8.104102488524251,-0.11205060649833556
1738,8.102709545114694,-0.11221999350546766
1739,8.101319182414985,-0.11238907566073769
1740,8.09993141299435,-0.11255785144396917
1741,8.098546249391052,-0.11272631933851317
1742,8.097163704112084,-0.11289447783128151
1743,8.095783789632883,-0.11306232541277884
1744,8.094406518397001,-0.11322986057713638
1745,8.09303190281584,-0.11339708182214327
1746,8.09165995526832,-0.11356398764928055
1747,8.09029068810061,-0.11373057656375245
1748,8.088924113625811,-0.1138968470745199
1749,8.087560244123644,-0.11406279769433345
1750,8.08619909184018,-0.11422842693976464
1751,8.084840668987514,-0.11439373333123996
1752,8.083484987743484,-0.11455871539307227
1753,8.08213206025136,-0.11472337165349432
1754,8.080781898619563,-0.11488770064469013
1755,8.07943451492132,-0.11505170090282946
1756,8.07808992119444,-0.11521537096809739
1757,8.076748129440933,-0.11537870938473029
1758,8.075409151626763,-0.11554171470104593
1759,8.074072999681539,-0.11570438546947626
1760,8.072739685498233,-0.11586672024659943
1761,8.071409220932825,-0.11602871759317464
1762,8.070081617804082,-0.11619037607417095
1763,8.068756887893207,-0.11635169425880197
1764,8.06743504294355,-0.11651267072055818
1765,8.066116094660327,-0.11667330403723836
1766,8.0648000547103,-0.11683359279098245
1767,8.063486934721515,-0.11699353556830304
1768,8.06217674628297,-0.1171531309601185
1769,8.060869500944337,-0.11731237756178503
1770,8.059565210215654,-0.11747127397312834
1771,8.058263885567058,-0.11762981879847594
1772,8.056965538428456,-0.11778801064668944
1773,8.05567018018923,-0.1179458481311974
1774,8.054377822197987,-0.11810332987002517
1775,8.05308847576221,-0.11826045448582918
1776,8.051802152147998,-0.11841722060592777
1777,8.050518862579748,-0.11857362686233396
1778,8.0492386182399,-0.1187296718917856
1779,8.047961430268588,-0.11888535433577986
1780,8.046687309763405,-0.1190406728406028
1781,8.04541626777907,-0.11919562605736232
1782,8.044148315327162,-0.11935021264201923
1783,8.04288346337581,-0.1195044312554198
1784,8.04162172284942,-0.11965828056332678
1785,8.040363104628357,-0.11981175923645171
1786,8.039107619548675,-0.11996486595048603
1787,8.037855278401855,-0.12011759938613142
1788,8.03660609193444,-0.12026995822913482
1789,8.035360070847828,-0.12042194117031574
1790,8.034117225797933,-0.12057354690560063
1791,8.032877567394923,-0.12072477413605245
1792,8.031641106202896,-0.12087562156790418
1793,8.030407852739652,-0.1210260879125874
1794,8.029177817476349,-0.12117617188676567
1795,8.027951010837258,-0.12132587221236461
1796,8.026727443199473,-0.12147518761660245
1797,8.02550712489259,-0.12162411683202363
1798,8.024290066198473,-0.12177265859652699
1799,8.023076277350933,-0.1219208116533985
1800,8.021865768535466,-0.12206857475134161
1801,8.020658549888976,-0.1222159466445077
1802,8.019454631499462,-0.12236292609252808
1803,8.018254023405767,-0.12250951186054376
1804,8.017056735597292,-0.12265570271923648
1805,8.015862778013718,-0.12280149744485863
1806,8.014672160544707,-0.12294689481926582
1807,8.013484893029649,-0.12309189362994534
1808,8.012300985257376,-0.12323649267004746
1809,8.011120446965885,-0.12338069073841557
1810,8.009943287842052,-0.12352448663961772
1811,8.008769517521374,-0.12366787918397507
1812,8.00759914558768,-0.1238108671875934
1813,8.006432181572867,-0.12395344947239291
1814,8.005268634956622,-0.12409562486613814
1815,8.004108515166163,-0.12423739220246753
1816,8.002951831575935,-0.12437875032092506
1817,8.001798593507354,-0.12451969806698915
1818,8.000648810228574,-0.12466023429210149
1819,7.99950249095416,-0.12480035785369824
1820,7.998359644844845,-0.12494006761523961
1821,7.997220281007275,-0.12507936244623846
1822,7.99608440849372,-0.125218241222291
1823,7.9949520363018225,-0.12535670282510555
1824,7.993823173374328,-0.12549474614253203
1825,7.992697828598822,-0.12563237006859154
1826,7.99157601080746,-0.12576957350350554
1827,7.990457728776714,-0.12590635535372485
1828,7.989342991227106,-0.12604271453195906
1829,7.988231806822947,-0.12617864995720546
1830,7.9871241841720835,-0.12631416055477743
1831,7.986020131825625,-0.12644924525633455
1832,7.984919658277705,-0.12658390299990996
1833,7.9838227719652135,-0.12671813272993973
1834,7.98272948126754,-0.1268519333972918
1835,7.981639794506315,-0.12698530395929428
1836,7.980553719945169,-0.12711824337976357
1837,7.979471265789462,-0.12725075062903343
1838,7.978392440186057,-0.1273828246839823
1839,7.977317251223039,-0.12751446452806237
1840,7.976245706929496,-0.127645669151327
1841,7.975177815275234,-0.12777643755045995
1842,7.97411358417056,-0.1279067687288018
1843,7.97305302146603,-0.12803666169637865
1844,7.971996134952179,-0.12816611546993026
1845,7.970942932359311,-0.1282951290729366
1846,7.969893421357238,-0.12842370153564606
1847,7.968847609555031,-0.12855183189510347
1848,7.967805504500802,-0.12867951919517595
1849,7.966767113681424,-0.12880676248658265
1850,7.965732444522354,-0.12893356082691868
1851,7.964701504387313,-0.1290599132806859
1852,7.96367430057813,-0.12918581891931685
1853,7.962650840334457,-0.12931127682120314
1854,7.961631130833542,-0.12943628607172253
1855,7.960615179190011,-0.12956084576326476
1856,7.959602992455623,-0.12968495499525856
1857,7.958594577619045,-0.12980861287419823
1858,7.957589941605617,-0.12993181851367014
1859,7.956589091277141,-0.13005457103437826
1860,7.955592033431624,-0.13017686956417154
1861,7.954598774803072,-0.1302987132380698
1862,7.953609322061263,-0.13042010119828887
1863,7.952623681811532,-0.13054103259426686
1864,7.951641860594529,-0.13066150658269043
1865,7.950663864886021,-0.13078152232751977
1866,7.949689701096649,-0.1309010790000149
1867,7.94871937557172,-0.131020175778761
1868,7.947752894590996,-0.1311388118496932
1869,7.946790264368479,-0.13125698640612202
1870,7.9458314910521874,-0.13137469864875884
1871,7.944876580723955,-0.1314919477857404
1872,7.943925539399208,-0.1316087330326541
1873,7.942978373026751,-0.13172505361256334
1874,7.942035087488587,-0.13184090875603052
1875,7.941095688599674,-0.13195629770114312
1876,7.940160182107739,-0.13207121969353797
1877,7.939228573693071,-0.13218567398642486
1878,7.9383008689683265,-0.13229965984061076
1879,7.937377073478314,-0.13241317652452447
1880,7.936457192699793,-0.1325262233142407
1881,7.93554123204129,-0.1326387994935032
1882,7.9346291968428835,-0.13275090435374917
1883,7.9337210923760235,-0.13286253719413244
1884,7.9328169238433315,-0.1329736973215467
1885,7.9319166963784085,-0.13308438405064957
1886,7.931020415045641,-0.1331945967038852
1887,7.930128084840008,-0.13330433461150806
1888,7.92923971068691,-0.13341359711160486
1889,7.928355297441956,-0.1335223835501185
1890,7.927474849890808,-0.13363069328086988
1891,7.9265983727489715,-0.1337385256655812
1892,7.9257258706616325,-0.13384588007389767
1893,7.924857348203464,-0.1339527558834106
1894,7.923992809878447,-0.13405915247967953
1895,7.92313226011971,-0.13416506925625338
1896,7.922275703289333,-0.13427050561469336
1897,7.92142314367819,-0.13437546096459424
1898,7.920574585505761,-0.13447993472360636
1899,7.919730032919976,-0.13458392631745678
1900,7.91888948999703,-0.13468743517997114
1901,7.918052960741228,-0.13479046075309448
1902,7.917220449084826,-0.13489300248691205
1903,7.9163919588878375,-0.13499505983967147
1904,7.915567493937909,-0.1350966322778021
1905,7.914747057950121,-0.13519771927593702
1906,7.913930654566867,-0.13529832031693245
1907,7.913118287357658,-0.1353984348918892
1908,7.912309959818999,-0.13549806250017205
1909,7.911505675374211,-0.1355972026494305
1910,7.910705437373294,-0.13569585485561847
1911,7.909909249092775,-0.1357940186430138
1912,7.909117113735544,-0.1358916935442389
1913,7.908329034430724,-0.13598887910027924
1914,7.907545014233525,-0.13608557486050313
1915,7.906765056125092,-0.13618178038268097
1916,7.905989163012362,-0.13627749523300467
1917,7.905217337727928,-0.1363727189861061
1918,7.904449583029907,-0.13646745122507586
1919,7.903685901601783,-0.1365616915414828
1920,7.902926296052306,-0.1366554395353908
1921,7.90217076891532,-0.13674869481537916
1922,7.901419322649663,-0.13684145699855907
1923,7.900671959639025,-0.1369337257105924
1924,7.899928682191816,-0.13702550058570964
1925,7.89918949254105,-0.13711678126672727
1926,7.8984543928442195,-0.13720756740506543
1927,7.8977233851831645,-0.1372978586607656
1928,7.896996471563955,-0.13738765470250763
1929,7.896273653916779,-0.13747695520762704
1930,7.895554934095835,-0.1375657598621308
1931,7.8948403138791985,-0.13765406836071553
1932,7.894129794968708,-0.1377418804067838
1933,7.893423378989874,-0.1378291957124601
1934,7.892721067491757,-0.13791601399860703
1935,7.892022861946865,-0.13800233499484196
1936,7.891328763751037,-0.138088158439553
1937,7.890638774223354,-0.13817348407991412
1938,7.889952894606052,-0.13825831167190045
1939,7.889271126064372,-0.1383426409803059
1940,7.888593469686521,-0.13842647177875556
1941,7.887919926483524,-0.13850980384972345
1942,7.887250497389177,-0.13859263698454524
1943,7.886585183259925,-0.13867497098343465
1944,7.885923984874794,-0.1387568056554965
1945,7.885266902935288,-0.13883814081874254
1946,7.884613938065303,-0.13891897630010513
1947,7.883965090811054,-0.13899931193545134
1948,7.883320361640966,-0.13907914756959772
1949,7.882679750945651,-0.13915848305632167
1950,7.882043259037774,-0.13923731825837757
1951,7.881410886152005,-0.13931565304750862
1952,7.880782632444935,-0.13939348730446108
1953,7.88015849799502,-0.13947082091899604
1954,7.87953848280248,-0.13954765378990405
1955,7.878922586789264,-0.13962398582501623
1956,7.878310809798973,-0.13969981694121708
1957,7.877703151596798,-0.13977514706445715
1958,7.8770996118694425,-0.13984997612976557
1959,7.876500190225088,-0.13992430408126103
1960,7.875904886193323,-0.13999813087216406
1961,7.875313699225093,-0.14007145646480867
1962,7.874726628692634,-0.14014428083065392
1963,7.874143673889439,-0.1402166039502946
1964,7.873564834030207,-0.14028842581347242
1965,7.872990108250771,-0.14035974641908797
1966,7.872419495608093,-0.14043056577520951
1967,7.871852995080202,-0.14050088389908433
1968,7.871290605566124,-0.1405707008171503
1969,7.870732325885906,-0.14064001656504338
1970,7.870178154780518,-0.14070883118761007
1971,7.869628090911854,-0.14077714473891584
1972,7.869082132862697,-0.14084495728225432
1973,7.8685402791366705,-0.140912268890158
1974,7.868002528158234,-0.140979079644406
1975,7.867468878272627,-0.14104538963603444
1976,7.866939327745872,-0.14111119896534416
1977,7.866413874764751,-0.14117650774190915
1978,7.865892517436764,-0.141241316084586
1979,7.865375253790138,-0.14130562412152126
1980,7.864862081773787,-0.1413694319901598
1981,7.864352999257322,-0.14143273983725238
1982,7.863848004031014,-0.14149554781886384
1983,7.863347093805811,-0.1415578561003797
1984,7.862850266213319,-0.14161966485651367
1985,7.862357518805779,-0.14168097427131573
1986,7.861868849056094,-0.14174178453817748
1987,7.861384254357822,-0.14180209585983922
1988,7.860903732025167,-0.14186190844839636
1989,7.860427279292989,-0.14192122252530603
1990,7.8599548933167975,-0.14198003832139347
1991,7.859486571172785,-0.14203835607685641
1992,7.8590223098578225,-0.14209617604127162
1993,7.85856210628946,-0.14215349847360095
1994,7.858105957305969,-0.14221032364219513
1995,7.857653859666319,-0.14226665182480058
1996,7.857205810050243,-0.14232248330856223
1997,7.856761805058227,-0.1423778183900297
1998,7.856321841211534,-0.14243265737516111
1999,7.855885914952245,-0.14248700057932723
2000,7.855454022643286,-0.14254084832731542
2001,7.855026160568435,-0.1425942009533339
2002,7.854602324932382,-0.14264705880101436
2003,7.854182511860747,-0.14269942222341664
2004,7.853766717400094,-0.14275129158303188
2005,7.853354937518038,-0.14280266725178323
2006,7.852947168103202,-0.14285354961103172
2007,7.852543404965315,-0.1429039390515769
2008,7.8521436438352366,-0.1429538359736597
2009,7.851747880365029,-0.14300324078696358
2010,7.851356110127954,-0.14305215391061862
2011,7.850968328618572,-0.1431005757732014
2012,7.850584531252781,-0.14314850681273686
2013,7.850204713367861,-0.14319594747670022
2014,7.849828870222547,-0.14324289822201733
2015,7.849456996997077,-0.143289359515066
2016,7.849089088793262,-0.14333533183167646
2017,7.8487251406345555,-0.14338081565713146
2018,7.848365147466104,-0.14342581148616712
2019,7.848009104154835,-0.14347031982297218
2020,7.847657005489498,-0.14351434118118903
2021,7.847308846180777,-0.14355787608391168
2022,7.8469646208613355,-0.14360092506368638
2023,7.8466243240859,-0.1436434886625102
2024,7.846287950331355,-0.14368556743182961
2025,7.845955493996799,-0.14372716193254054
2026,7.845626949403652,-0.14376827273498496
2027,7.845302310795734,-0.14380890041895028
2028,7.844981572339335,-0.14384904557366804
2029,7.844664728123342,-0.14388870879780966
2030,7.844351772159294,-0.1439278906994864
2031,7.844042698381502,-0.14396659189624517
2032,7.843737500647127,-0.1440048130150664
2033,7.843436172736295,-0.14404255469236085
2034,7.843138708352193,-0.14407981757396596
2035,7.84284510112118,-0.1441166023151424
2036,7.842555344592863,-0.1441529095805716
2037,7.842269432240235,-0.14418874004435006
2038,7.841987357459779,-0.144224094389986
2039,7.841709113571568,-0.14425897331039536
2040,7.841434693819384,-0.14429337750789673
2041,7.841164091370846,-0.14432730769420601
2042,7.8408972993175166,-0.1443607645904323
2043,7.840634310675014,-0.1443937489270723
2044,7.840375118383159,-0.14442626144400447
2045,7.840119715306076,-0.14445830289048375
2046,7.839868094232327,-0.14448987402513555
2047,7.839620247875039,-0.1445209756159496
2048,7.839376168872054,-0.14455160844027273
2049,7.839135849786034,-0.1445817732848034
2050,7.838899283104602,-0.14461147094558469
2051,7.838666461240503,-0.1446407022279961
2052,7.8384373765317195,-0.14466946794674715
2053,7.8382120212416,-0.14469776892587086
2054,7.8379903875590555,-0.1447256059987131
2055,7.837772467598635,-0.14475298000792808
2056,7.837558253400742,-0.14477989180546688
2057,7.837347736931726,-0.14480634225257183
2058,7.837140910084079,-0.14483233221976555
2059,7.836937764676558,-0.14485786258684352
2060,7.836738292454362,-0.14488293424286433
2061,7.836542485089276,-0.14490754808614043
2062,7.836350334179844,-0.14493170502422828
2063,7.836161831251508,-0.14495540597391976
2064,7.835976967756796,-0.14497865186123043
2065,7.83579573507548,-0.14500144362139036
2066,7.835618124514753,-0.1450237821988325
2067,7.8354441273093824,-0.14504566854718345
2068,7.83527373462189,-0.14506710362925157
2069,7.835106937542732,-0.14508808841701568
2070,7.834943727090458,-0.1451086238916146
2071,7.8347840942119165,-0.14512871104333402
2072,7.834628029782417,-0.14514835087159567
2073,7.834475524605913,-0.14516754438494486
2074,7.834326569415184,-0.14518629260103852
2075,7.834181154872045,-0.1452045965466315
2076,7.8340392715675,-0.14522245725756533
2077,7.8339009100219545,-0.14523987577875397
2078,7.833766060685413,-0.14525685316417072
2079,7.833634713937654,-0.14527339047683493
2080,7.833506860088435,-0.14528948878879883
2081,7.833382489377695,-0.1453051491811322
2082,7.8332615919757504,-0.14532037274390935
2083,7.833144157983495,-0.14533516057619428
2084,7.8330301774326045,-0.1453495137860259
2085,7.832919640285763,-0.14536343349040257
2086,7.832812536436844,-0.14537692081526785
2087,7.832708855711115,-0.1453899768954956
2088,7.83260858786549,-0.14540260287487236
2089,7.832511722588694,-0.14541479990608389
2090,7.832418249501512,-0.14542656915069738
2091,7.832328158156994,-0.14543791177914597
2092,7.832241438040684,-0.14544882897071157
2093,7.8321580785708225,-0.145459321913509
2094,7.8320780690985785,-0.1454693918044686
2095,7.832001398908298,-0.14547903984931812
2096,7.8319280572176915,-0.14548826726256647
2097,7.831858033178097,-0.14549707526748515
2098,7.831791315874674,-0.14550546509609155
2099,7.831727894326672,-0.1455134379891293
2100,7.831667757487647,-0.14552099519605052
2101,7.8316108942456975,-0.1455281379749975
2102,7.831557293423706,-0.14553486759278333
2103,7.831506943779584,-0.1455411853248726
2104,7.831459834006502,-0.14554709245536293
2105,7.831415952733136,-0.14555259027696485
2106,7.831375288523918,-0.1455576800909819
2107,7.83133782987929,-0.14556236320729043
2108,7.831303565235925,-0.1455666409443203
2109,7.831272482967002,-0.1455705146290336
2110,7.831244571382457,-0.1455739855969036
2111,7.831219818729232,-0.1455770551918943
2112,7.83119821319151,-0.1455797247664401
2113,7.831179742891017,-0.14558199568142227
2114,7.831164395887248,-0.14558386930614892
2115,7.831152160177736,-0.14558534701833248
2116,7.831143023698303,-0.1455864302040686
2117,7.831136974323352,-0.14558712025781206
2118,7.8311339998661165,-0.14558741858235488
2119,7.831134088078923,-0.14558732658880422
2120,7.831137226653471,-0.14558684569655855
2121,7.831143403221096,-0.1455859773332846
2122,7.831152605353042,-0.14558472293489408
2123,7.831164820560747,-0.14558308394551933
2124,7.8311800362961055,-0.14558106181749003
2125,7.831198239951747,-0.14557865801130887
2126,7.831219418861332,-0.14557587399562621
2127,7.8312435602998205,-0.1455727112472164
2128,7.831270651483735,-0.1455691712509533
2129,7.831300679571487,-0.1455652554997836
2130,7.83133363166362,-0.1455609654947029
2131,7.831369494803136,-0.14555630274472903
2132,7.831408255975753,-0.14555126876687696
2133,7.831449902110211,-0.14554586508613268
2134,7.831494420078561,-0.14554009323542652
2135,7.831541796696439,-0.1455339547556078
2136,7.831592018723405,-0.14552745119541607
2137,7.831645072863197,-0.14552058411145605
2138,7.831700945764059,-0.14551335506816915
2139,7.831759624019007,-0.14550576563780743
2140,7.831821094166171,-0.14549781740040427
2141,7.831885342689064,-0.14548951194374785
2142,7.8319523560168935,-0.1454808508633529
2143,7.832022120524881,-0.1454718357624316
2144,7.832094622534556,-0.14546246825186573
2145,7.832169848314075,-0.1454527499501772
2146,7.832247784078515,-0.14544268248350017
2147,7.832328415990185,-0.14543226748555138
2148,7.832411730158968,-0.14542150659759975
2149,7.832497712642602,-0.1454104014684379
2150,7.832586349447,-0.14539895375435213
2151,7.832677626526586,-0.14538716511909175
2152,7.832771529784606,-0.14537503723383857
2153,7.832868045073425,-0.14536257177717762
2154,7.83296715819487,-0.1453497704350655
2155,7.833068854900558,-0.14533663490079876
2156,7.833173120892203,-0.1453231668749837
2157,7.833279941821948,-0.14530936806550443
2158,7.8333893032926865,-0.14529524018749157
2159,7.833501190858401,-0.14528078496328983
2160,7.833615590024472,-0.14526600412242668
2161,7.833732486248031,-0.145250899401579
2162,7.833851864938284,-0.14523547254454097
2163,7.8339737114568315,-0.14521972530219207
2164,7.83409801111802,-0.14520365943246274
2165,7.834224749189258,-0.14518727670030276
2166,7.834353910891372,-0.1451705788776461
2167,7.834485481398941,-0.14515356774337843
2168,7.834619445840625,-0.14513624508330264
2169,7.834755789299504,-0.14511861269010584
2170,7.8348944968134235,-0.14510067236332425
2171,7.8350355533753495,-0.14508242590930817
2172,7.835178943933699,-0.14506387514118824
2173,7.835324653392685,-0.14504502187884014
2174,7.835472666612655,-0.14502586794884964
2175,7.835622968410457,-0.14500641518447718
2176,7.835775543559767,-0.14498666542562227
2177,7.835930376791463,-0.14496662051878728
2178,7.836087452793957,-0.1449462823170418
2179,7.836246756213536,-0.1449256526799874
2180,7.836408271654747,-0.1449047334737195
2181,7.836571983680722,-0.14488352657079184
2182,7.836737876813548,-0.14486203385017946
2183,7.836905935534618,-0.1448402571972415
2184,7.837076144284975,-0.14481819850368452
2185,7.837248487465704,-0.14479585966752384
2186,7.837422949438247,-0.14477324259304775
2187,7.837599514524802,-0.14475034919077756
2188,7.837778167008649,-0.1447271813774314
2189,7.837958891134545,-0.14470374107588463
2190,7.838141671109061,-0.14468003021513218
2191,7.838326491100972,-0.14465605073024884
2192,7.838513335241578,-0.14463180456235217
2193,7.838702187625128,-0.1446072936585614
2194,7.83889303230913,-0.14458251997196
2195,7.839085853314748,-0.14455748546155522
2196,7.8392806346271815,-0.14453219209223775
2197,7.839477360196002,-0.14450664183474365
2198,7.839676013935558,-0.14448083666561232
2199,7.839876579725321,-0.14445477856714764
2200,7.840079041410256,-0.14442846952737728
2201,7.840283382801216,-0.14440191154001142
2202,7.840489587675306,-0.14437510660440206
2203,7.840697639776234,-0.14434805672550297
2204,7.840907522814736,-0.14432076391382678
2205,7.841119220468905,-0.14429323018540466
2206,7.841332716384588,-0.14426545756174472
2207,7.841547994175764,-0.14423744806978975
2208,7.8417650374249295,-0.14420920374187482
2209,7.841983829683445,-0.14418072661568684
2210,7.842204354471956,-0.14415201873421984
2211,7.842426595280763,-0.14412308214573372
2212,7.842650535570179,-0.14409391890371145
2213,7.84287615877094,-0.1440645310668158
2214,7.843103448284574,-0.14403492069884638
2215,7.843332387483787,-0.1440050898686961
2216,7.843562959712845,-0.14397504065030817
2217,7.843795148287967,-0.1439447751226315
2218,7.844028936497707,-0.14391429536957775
2219,7.844264307603339,-0.14388360347997636
2220,7.84450124483924,-0.14385270154753138
2221,7.844739731413279,-0.14382159167077652
2222,7.844979750507217,-0.14379027595303004
2223,7.845221285277083,-0.14375875650235065
2224,7.845464318853568,-0.1437270354314923
2225,7.845708834342413,-0.14369511485785932
2226,7.845954814824793,-0.1436629969034611
2227,7.84620224335774,-0.14363068369486529
2228,7.846451102974493,-0.14359817736315422
2229,7.846701376684898,-0.14356548004387848
2230,7.846953047475839,-0.1435325938770093
2231,7.847206098311589,-0.14349952100689428
2232,7.847460512134217,-0.1434662635822105
2233,7.847716271863994,-0.14343282375591734
2234,7.847973360399757,-0.14339920368521145
2235,7.848231760619353,-0.14336540553147725
2236,7.848491455379994,-0.1433314314602423
2237,7.848752427518666,-0.14329728364112948
2238,7.849014659852535,-0.14326296424780857
2239,7.849278135179313,-0.14322847545795106
2240,7.849542836277713,-0.14319381945317933
2241,7.849808745907792,-0.1431589984190214
2242,7.850075846811372,-0.1431240145448621
2243,7.850344121712441,-0.14308887002389442
2244,7.850613553317544,-0.14305356705307223
2245,7.8508841243161935,-0.1430181078330604
2246,7.851155817381256,-0.14298249456818804
2247,7.8514286151693655,-0.14294672946639786
2248,7.851702500321319,-0.14291081473919812
2249,7.8519774554624755,-0.14287475260161364
2250,7.852253463203161,-0.1428385452721363
2251,7.852530506139064,-0.1428021949726759
2252,7.852808566851644,-0.14276570392851015
2253,7.853087627908531,-0.14272907436823573
2254,7.853367671863931,-0.14269230852371756
2255,7.853648681259031,-0.14265540863003898
2256,7.853930638622388,-0.14261837692545287
2257,7.854213526470343,-0.14258121565132964
2258,7.854497327307445,-0.14254392705210714
2259,7.854782023626804,-0.14250651337524173
2260,7.855067597910536,-0.14246897687115562
2261,7.855354032630163,-0.14243131979318688
2262,7.855641310247002,-0.1423935443975383
2263,7.855929413212601,-0.1423556529432256
2264,7.856218323969092,-0.14231764769202818
2265,7.856508024949625,-0.14227953090843626
2266,7.856798498578791,-0.142241304859599
2267,7.857089727273015,-0.14220297181527275
2268,7.857381693440937,-0.14216453404777124
2269,7.857674379483843,-0.14212599383191163
2270,7.857967767796069,-0.14208735344496298
2271,7.858261840765399,-0.14204861516659445
2272,7.858556580773477,-0.1420097812788225
2273,7.858851970196221,-0.14197085406595847
2274,7.859147991404194,-0.14193183581455693
2275,7.859444626763053,-0.14189272881336187
2276,7.859741858633924,-0.14185353535325468
2277,7.860039669373841,-0.1418142577271999
2278,7.860338041336115,-0.14177489823019424
2279,7.860636956870761,-0.14173545915921187
2280,7.860936398324909,-0.14169594281315145
2281,7.861236348043187,-0.14165635149278324
2282,7.861536788368169,-0.14161668750069417
2283,7.861837701640726,-0.14157695314123672
2284,7.862139070200483,-0.14153715072047243
2285,7.86244087638619,-0.14149728254612012
2286,7.8627431025361485,-0.1414573509275006
2287,7.863045730988615,-0.1414173581754832
2288,7.863348744082192,-0.1413773066024317
2289,7.863652124156251,-0.14133719852214982
2290,7.863955853551339,-0.14129703624982637
2291,7.864259914609567,-0.14125682210198184
2292,7.864564289675036,-0.1412165583964127
2293,7.86486896109422,-0.14117624745213794
2294,7.8651739112164085,-0.1411358915893422
2295,7.865479122394068,-0.1410954931293233
2296,7.865784576983277,-0.14105505439443564
2297,7.866090257344105,-0.1410145777080364
2298,7.86639614584107,-0.14097406539442792
2299,7.866702224843475,-0.14093351977880553
2300,7.867008476725851,-0.14089294318720047
2301,7.867314883868372,-0.14085233794642382
2302,7.867621428657224,-0.14081170638401275
2303,7.867928093485032,-0.14077105082817384
2304,7.868234860751282,-0.14073037360772622
2305,7.868541712862663,-0.140689677052049
2306,7.868848632233539,-0.14064896349102174
2307,7.869155601286314,-0.14060823525497082
2308,7.869462602451839,-0.14056749467461285
2309,7.8697696181698245,-0.14052674408099788
2310,7.8700766308892405,-0.14048598580545377
2311,7.87038362306871,-0.14044522217953004
2312,7.8706905771769184,-0.14040445553494096
2313,7.870997475693015,-0.14036368820350964
2314,7.871304301107003,-0.14032292251711165
2315,7.871611035920165,-0.14028216080761718
2316,7.871917662645434,-0.1402414054068361
2317,7.872224163807818,-0.14020065864646025
2318,7.872530521944784,-0.14015992285800666
2319,7.872836719606663,-0.1401192003727611
2320,7.873142739357055,-0.1400784935217207
2321,7.873448563773217,-0.14003780463553767
2322,7.87375417544647,-0.13999713604446137
2323,7.874059556982585,-0.13995649007828223
2324,7.874364691002187,-0.13991586906627418
2325,7.874669560141178,-0.13987527533713623
2326,7.87497414705108,-0.13983471121893762
2327,7.875278434399496,-0.1397941790390577
2328,7.875582404870436,-0.13975368112413153
2329,7.875886041164777,-0.13971321979998988
2330,7.876189326000611,-0.13967279739160357
2331,7.876492242113665,-0.13963241622302486
2332,7.8767947722576945,-0.13959207861733
2333,7.877096899204855,-0.13955178689656278
2334,7.877398605746121,-0.1395115433816755
2335,7.877699874691677,-0.13947135039247133
2336,7.878000688871298,-0.13943121024754718
2337,7.878301031134729,-0.13939112526423664
2338,7.8786008843521245,-0.1393510977585498
2339,7.878900231414378,-0.13931113004511822
2340,7.879199055233552,-0.13927122443713538
2341,7.879497338743263,-0.13923138324629866
2342,7.879795064899058,-0.13919160878275255
2343,7.8800922166788165,-0.13915190335502947
2344,7.880388777083127,-0.13911226926999262
2345,7.8806847291356865,-0.13907270883277728
2346,7.880980055883671,-0.13903322434673399
2347,7.881274740398144,-0.13899381811336853
2348,7.881568765774424,-0.1389544924322856
2349,7.881862115132472,-0.13891524960112991
2350,7.8821547716172935,-0.13887609191552788
2351,7.882446718399288,-0.13883702166903045
2352,7.88273793867467,-0.13879804115305375
2353,7.883028415665835,-0.1387591526568213
2354,7.883318132621738,-0.13872035846730602
2355,7.883607072818271,-0.1386816608691726
2356,7.883895219558671,-0.13864306214471753
2357,7.884182556173864,-0.13860456457381284
2358,7.8844690660228665,-0.138566170433847
2359,7.884754732493157,-0.1385278819996665
2360,7.885039539001075,-0.1384897015435173
2361,7.885323468992154,-0.13845163133498822
2362,7.885606505941527,-0.13841367364095158
2363,7.885888633354322,-0.13837583072550408
2364,7.886169834765992,-0.13833810484991046
2365,7.886450093742729,-0.13830049827254387
2366,7.886729393881822,-0.13826301324882792
2367,7.887007718812018,-0.13822565203117942
2368,7.8872850521939135,-0.13818841686894917
2369,7.887561377720323,-0.1381513100083638
2370,7.887836679116636,-0.1381143336924687
2371,7.888110940141211,-0.13807749016106813
2372,7.888384144585738,-0.13804078165066785
2373,7.888656276275582,-0.13800421039441813
2374,7.8889273190701825,-0.137967778622054
2375,7.889197256863407,-0.13793148855983806
2376,7.889466073583922,-0.13789534243050205
2377,7.88973375319555,-0.13785934245318918
2378,7.890000279697637,-0.13782349084339607
2379,7.890265637125436,-0.13778778981291412
2380,7.89052980955044,-0.1377522415697724
2381,7.890792781080761,-0.13771684831817949
2382,7.891054535861489,-0.13768161225846548
2383,7.891315058075059,-0.1376465355870239
2384,7.891574331941596,-0.13761162049625453
2385,7.8918323417192875,-0.13757686917450507
2386,7.8920890717047385,-0.13754228380601344
2387,7.892344506233327,-0.13750786657085048
2388,7.89259862967956,-0.13747361964486188
2389,7.892851426457424,-0.13743954519961107
2390,7.893102881020758,-0.13740564540232098
2391,7.893352977863586,-0.1373719224158171
2392,7.893601701520477,-0.13733837839846988
2393,7.893849036566911,-0.13730501550413693
2394,7.894094967619602,-0.13727183588210645
2395,7.894339479336885,-0.13723884167703865
2396,7.894582556419038,-0.1372060350289097
2397,7.894824183608618,-0.1371734180729548
2398,7.895064345690853,-0.1371409929396095
2399,7.895303027493953,-0.13710876175445363
2400,7.8955402138894675,-0.1370767266381545
2401,7.895775889792631,-0.13704488970640913
2402,7.896010040162707,-0.13701325306988804
2403,7.896242650003326,-0.13698181883417815
2404,7.89647370436282,-0.13695058909972668
2405,7.896703188334585,-0.13691956596178337
2406,7.896931087057412,-0.13688875151034427
2407,7.89715738571581,-0.13685814783009598
2408,7.897382069540373,-0.13682775700035787
2409,7.897605123808091,-0.13679758109502682
2410,7.897826533842694,-0.13676762218252067
2411,7.8980462850150035,-0.13673788232572118
2412,7.8982643627432285,-0.13670836358191946
2413,7.898480752493345,-0.13667906800275834
2414,7.898695439779386,-0.1366499976341776
2415,7.898908410163808,-0.1366211545163569
2416,7.899119649257799,-0.13659254068366108
2417,7.8993291427216175,-0.13656415816458367
2418,7.8995368762648885,-0.13653600898169285
2419,7.899742835646989,-0.13650809515157347
2420,7.899947006677325,-0.13648041868477354
2421,7.90014937521569,-0.1364529815857475
2422,7.900349927172552,-0.13642578585280277
2423,7.900548648509401,-0.1363988334780434
2424,7.900745525239086,-0.13637212644731445
2425,7.90094054342608,-0.13634566674014909
2426,7.901133689186849,-0.13631945632971243
2427,7.901324948690163,-0.1362934971827464
2428,7.901514308157392,-0.13626779125951635
2429,7.901701753862852,-0.13624234051375528
2430,7.901887272134089,-0.13621714689261102
2431,7.902070849352218,-0.13619221233659026
2432,7.902252471952218,-0.13616753877950585
2433,7.9024321264232515,-0.1361431281484221
2434,7.902609799308977,-0.13611898236360082
2435,7.902785477207849,-0.13609510333844796
2436,7.902959146773434,-0.13607149297945978
2437,7.9031307947147305,-0.13604815318616825
2438,7.903300407796442,-0.13602508585108972
2439,7.903467972839312,-0.1360022928596699
2440,7.903633476720415,-0.1359797760902312
2441,7.903796906373457,-0.1359575374139203
2442,7.9039582487890865,-0.1359355786946541
2443,7.904117491015184,-0.13591390178906806
2444,7.904274620157162,-0.13589250854646315
2445,7.904429623378277,-0.13587140080875287
2446,7.904582487899909,-0.1358505804104117
2447,7.904733201001865,-0.13583004917842245
2448,7.9048817500226605,-0.13580980893222475
2449,7.905028122359843,-0.1357898614836618
2450,7.905172305470261,-0.1357702086369295
2451,7.905314286870351,-0.1357508521885254
2452,7.9054540541364435,-0.13573179392719584
2453,7.90559159490504,-0.13571303563388556
2454,7.9057268968731025,-0.1356945790816862
2455,7.905859947798338,-0.13567642603578553
2456,7.9059907354994925,-0.13565857825341587
2457,7.906119247856616,-0.13564103748380457
2458,7.906245472811364,-0.13562380546812206
2459,7.906369398367261,-0.13560688393943268
2460,7.906491012590008,-0.13559027462264295
2461,7.906610303607727,-0.13557397923445325
2462,7.906727259611266,-0.13555799948330607
2463,7.906841868854451,-0.13554233706933816
2464,7.9069541196543796,-0.13552699368432944
2465,7.907064000391689,-0.13551197101165416
2466,7.9071714995108175,-0.13549727072623205
2467,7.907276605520292,-0.13548289449447837
2468,7.907379306993001,-0.13546884397425496
2469,7.907479592566436,-0.1354551208148228
2470,7.907577450942985,-0.13544172665679216
2471,7.907672870890187,-0.13542866313207474
2472,7.907765841240989,-0.13541593186383605
2473,7.907856350894045,-0.13540353446644518
2474,7.907944388813926,-0.13539147254543005
2475,7.908029944031416,-0.13537974769742758
2476,7.908113005643764,-0.13536836151013712
2477,7.9081935628149385,-0.1353573155622727
2478,7.908271604775885,-0.13534661142351637
2479,7.908347120824779,-0.13533625065447144
2480,7.908420100327293,-0.13532623480661476
2481,7.908490532716825,-0.1353165654222518
2482,7.908558407494792,-0.13530724403446792
2483,7.908623714230827,-0.13529827216708534
2484,7.908686442563061,-0.13528965133461507
2485,7.90874658219837,-0.1352813830422116
2486,7.908804122912614,-0.13527346878562752
2487,7.908859054550872,-0.13526591005116873
2488,7.908911367027709,-0.13525870831564807
2489,7.9089610503274,-0.1352518650463418
2490,7.909008094504173,-0.13524538170094397
2491,7.909052489682455,-0.13523925972752213
2492,7.909094226057113,-0.1352335005644731
2493,7.909133293893674,-0.13522810564047913
2494,7.909169683528575,-0.13522307637446374
2495,7.909203385369392,-0.1352184141755481
2496,7.909234389895071,-0.13521412044300793
2497,7.909262687656173,-0.1352101965662293
2498,7.90928826927507,-0.13520664392466752
2499,7.90931112544622,-0.13520346388780197
2500,7.909331246936359,-0.13520065781509547
2501,7.909348624584731,-0.13519822705595133
2502,7.909363249303327,-0.13519617294967098
2503,7.909375112077095,-0.1351944968254124
2504,7.909384203964181,-0.13519320000214766
2505,7.90939051609611,-0.1351922837886233
2506,7.909394039678046,-0.1351917494833174
2507,7.909394765988981,-0.1351915983743995
2508,7.909392686381976,-0.1351918317396892
2509,7.90938779228434,-0.13519245084661688
2510,7.90938007519789,-0.13519345695218157
2511,7.909369526699111,-0.13519485130291323
2512,7.909356138439413,-0.13519663513483057
2513,7.909339902145299,-0.13519880967340384
2514,7.909320809618606,-0.13520137613351357
2515,7.909298852736701,-0.1352043357194122
2516,7.909274023452656,-0.1352076896246864
2517,7.9092463137954985,-0.1352114390322165
2518,7.909215715870387,-0.13521558511413936
2519,7.9091822218588055,-0.13522012903181035
2520,7.909145824018775,-0.13522507193576525
2521,7.909106514685042,-0.13523041496568275
2522,7.909064286269293,-0.13523615925034646
2523,7.909019131260318,-0.13524230590760913
2524,7.908971042224227,-0.13524885604435494
2525,7.908920011804625,-0.13525581075646334
2526,7.908866032722818,-0.1352631711287723
2527,7.908809097777991,-0.13527093823504288
2528,7.908749199847401,-0.13527911313792243
2529,7.908686331886554,-0.13528769688891037
2530,7.908620486929392,-0.13529669052832224
2531,7.9085516580884825,-0.13530609508525437
2532,7.90847983855519,-0.13531591157754988
2533,7.908405021599861,-0.1353261410117637
2534,7.90832720057199,-0.1353367843831289
2535,7.908246368900419,-0.135347842675522
2536,7.90816252009348,-0.13535931686143035
2537,7.908075647739212,-0.13537120790191715
2538,7.907985745505494,-0.13538351674658972
2539,7.907892807140224,-0.1353962443335667
2540,7.907796826471507,-0.13540939158944434
2541,7.907697797407785,-0.13542295942926574
2542,7.907595713938061,-0.1354369487564865
2543,7.9074905701319915,-0.13545136046294623
2544,7.9073823601401,-0.13546619542883448
2545,7.907271078193937,-0.13548145452265994
2546,7.9071567186062,-0.13549713860122112
2547,7.907039275770946,-0.1355132485095734
2548,7.906918744163696,-0.13552978508100094
2549,7.906795118341637,-0.13554674913698478
2550,7.906668392943735,-0.1355641414871745
2551,7.906538562690908,-0.135581962929358
2552,7.906405622386173,-0.13560021424943275
2553,7.906269566914796,-0.13561889622137627
2554,7.906130391244437,-0.13563800960721806
2555,7.905988090425297,-0.13565755515701097
2556,7.905842659590259,-0.1356775336088037
2557,7.905694093955033,-0.13569794568861246
2558,7.905542388818295,-0.135718792110394
2559,7.905387539561841,-0.13574007357601775
2560,7.9052295416506935,-0.13576179077524017
2561,7.90506839063328,-0.13578394438567665
2562,7.904904082141508,-0.13580653507277785
2563,7.904736611890971,-0.13582956348980016
2564,7.90456597568102,-0.13585303027778328
2565,7.904392169394929,-0.13587693606552298
2566,7.904215188999997,-0.13590128146954725
2567,7.904035030547701,-0.1359260670940904
2568,7.90385169017381,-0.13595129353106933
2569,7.903665164098491,-0.13597696136005993
2570,7.903475448626462,-0.1360030711482723
2571,7.9032825401470985,-0.13602962345052697
2572,7.90308643513454,-0.13605661880923356
2573,7.902887130147821,-0.13608405775436594
2574,7.902684621830991,-0.13611194080344066
2575,7.9024789069132195,-0.13614026846149416
2576,7.902269982208903,-0.13616904122106155
2577,7.902057844617786,-0.13619825956215437
2578,7.901842491125068,-0.13622792395223943
2579,7.9016239188015085,-0.13625803484621773
2580,7.901402124803527,-0.13628859268640445
2581,7.901177106373326,-0.13631959790250708
2582,7.900948860838976,-0.13635105091160696
2583,7.900717385614512,-0.13638295211813894
2584,7.90048267820006,-0.13641530191387138
2585,7.90024473618191,-0.1364481006778878
2586,7.90000355723262,-0.1364813487765678
2587,7.899759139111102,-0.13651504656356928
2588,7.899511479662725,-0.1365491943798093
2589,7.899260576819408,-0.13658379255344677
2590,7.899006428599698,-0.13661884139986524
2591,7.898749033108863,-0.13665434122165515
2592,7.898488388538991,-0.13669029230859722
2593,7.898224493169045,-0.13672669493764655
2594,7.897957345364989,-0.13676354937291485
2595,7.8976869435798145,-0.136800855865657
2596,7.897413286353665,-0.13683861465425357
2597,7.897136372313888,-0.13687682596419656
2598,7.896856200175125,-0.13691549000807426
2599,7.896572768739385,-0.13695460698555653
2600,7.896286076896111,-0.13699417708338102
2601,7.895996123622254,-0.13703420047533893
2602,7.895702907982333,-0.13707467732226236
2603,7.895406429128524,-0.13711560777200982
2604,7.895106686300702,-0.13715699195945452
2605,7.894803678826529,-0.1371988300064709
2606,7.894497406121488,-0.13724112202192346
2607,7.894187867688976,-0.13728386810165394
2608,7.893875063120339,-0.13732706832847044
2609,7.8935589920949445,-0.1373707227721358
2610,7.893239654380213,-0.1374148314893581
2611,7.892917049831701,-0.13745939452377812
2612,7.892591178393147,-0.13750441190596038
2613,7.892262040096518,-0.137549883653383
2614,7.891929635062044,-0.13759580977042887
2615,7.8915939634982895,-0.13764219024837568
2616,7.891255025702186,-0.1376890250653876
2617,7.8909128220590725,-0.137736314186507
2618,7.890567353042742,-0.137784057563646
2619,7.8902186192155055,-0.137832255135578
2620,7.889866621228175,-0.1378809068279323
2621,7.889511359820156,-0.13793001255318527
2622,7.889152835819453,-0.137979572210654
2623,7.888791050142705,-0.1380295856864905
2624,7.888426003795236,-0.13808005285367475
2625,7.8880576978710515,-0.13813097357201062
2626,7.8876861335529,-0.1381823476881183
2627,7.887311312112288,-0.1382341750354309
2628,7.886933234909491,-0.13828645543418977
2629,7.886551903393605,-0.13833918869143894
2630,7.886167319102527,-0.1383923746010233
2631,7.885779483663025,-0.13844601294358255
2632,7.885388398790706,-0.13850010348655017
2633,7.884994066290069,-0.13855464598414916
2634,7.884596488054495,-0.13860964017739003
2635,7.884195666066275,-0.13866508579406836
2636,7.883791602396621,-0.13872098254876292
2637,7.883384299205665,-0.1387773301428344
2638,7.882973758742456,-0.13883412826442484
2639,7.8825599833450095,-0.13889137658845502
2640,7.8821429754402565,-0.13894907477662624
2641,7.881722737544079,-0.13900722247741892
2642,7.881299272261302,-0.13906581932609297
2643,7.880872582285687,-0.13912486494468893
2644,7.88044267039994,-0.13918435894202832
2645,7.880009539475696,-0.13924430091371542
2646,7.879573192473508,-0.13930469044213908
2647,7.8791336324428585,-0.13936552709647387
2648,7.878690862522117,-0.13942681043268407
2649,7.878244885938569,-0.13948853999352437
2650,7.877795706008354,-0.13955071530854518
2651,7.8773433261364945,-0.13961333589409405
2652,7.876887749816857,-0.1396764012533204
2653,7.876428980632114,-0.1397399108761806
2654,7.875967022253753,-0.13980386423944136
2655,7.875501878442055,-0.1398682608066838
2656,7.875033553046039,-0.13993310002831086
2657,7.874562050003461,-0.13999838134155135
2658,7.8740873733407755,-0.14006410417046633
2659,7.87360952717311,-0.14013026792595523
2660,7.873128515704218,-0.1401968720057633
2661,7.8726443432264785,-0.14026391579448694
2662,7.872157014120824,-0.14033139866358268
2663,7.871666532856714,-0.14039931997137473
2664,7.871172903992102,-0.14046767906306226
2665,7.870676132173394,-0.14053647527072835
2666,7.870176222135408,-0.14060570791334825
2667,7.869673178701313,-0.14067537629679955
2668,7.8691670067825905,-0.14074547971387125
2669,7.868657711378992,-0.14081601744427308
2670,7.86814529757849,-0.14088698875464625
2671,7.867629770557206,-0.14095839289857412
2672,7.867111135579379,-0.14103022911659288
2673,7.866589397997307,-0.1411024966362024
2674,7.866064563251269,-0.14117519467187917
2675,7.865536636869498,-0.14124832242508648
2676,7.865005624468073,-0.14132187908428911
2677,7.864471531750905,-0.14139586382496394
2678,7.863934364509642,-0.1414702758096139
2679,7.863394128623614,-0.14154511418778137
2680,7.862850830059761,-0.14162037809606168
2681,7.8623044748725555,-0.14169606665811788
2682,7.8617550692039435,-0.14177217898469452
2683,7.861202619283257,-0.14184871417363293
2684,7.860647131427144,-0.14192567130988623
2685,7.8600886120394815,-0.14200304946553544
2686,7.859527067611317,-0.14208084769980409
2687,7.858962504720772,-0.14215906505907555
2688,7.85839493003295,-0.14223770057690982
2689,7.857824350299861,-0.1423167532740598
2690,7.857250772360334,-0.14239622215848902
2691,7.856674203139942,-0.14247610622538856
2692,7.856094649650873,-0.1425564044571966
2693,7.855512118991866,-0.14263711582361574
2694,7.85492661834811,-0.1427182392816317
2695,7.854338154991155,-0.14279977377553257
2696,7.853746736278797,-0.1428817182369284
2697,7.853152369654981,-0.14296407158477115
2698,7.8525550626497065,-0.1430468327253747
2699,7.851954822878918,-0.1431300005524349
2700,7.8513516580444,-0.14321357394705095
2701,7.850745575933674,-0.1432975517777462
2702,7.850136584419885,-0.14338193290048978
2703,7.849524691461669,-0.1434667161587196
2704,7.8489099051030795,-0.14355190038336246
2705,7.84829223347343,-0.14363748439285895
2706,7.847671684787217,-0.14372346699318417
2707,7.847048267343968,-0.14380984697787266
2708,7.846421989528131,-0.14389662312804172
2709,7.845792859808956,-0.1439837942124148
2710,7.845160886740365,-0.1440713589873464
2711,7.844526078960829,-0.14415931619684633
2712,7.84388844519323,-0.14424766457260535
2713,7.8432479942447495,-0.14433640283401927
2714,7.84260473500671,-0.14442552968821643
2715,7.841958676454454,-0.14451504383008268
2716,7.841309827647202,-0.14460494394228812
2717,7.840658197727927,-0.14469522869531332
2718,7.840003795923203,-0.1447858967474768
2719,7.839346631543065,-0.1448769467449627
2720,7.838686713980863,-0.144968377321848
2721,7.838024052713119,-0.1450601871001311
2722,7.837358657299383,-0.14515237468975978
2723,7.836690537382054,-0.14524493868866128
2724,7.836019702686288,-0.14533787768276904
2725,7.835346163019772,-0.14543119024605486
2726,7.834669928272627,-0.1455248749405568
2727,7.833991008417226,-0.14561893031640952
2728,7.833309413508029,-0.14571335491187598
2729,7.8326251536814295,-0.14580814725337712
2730,7.831938239155587,-0.14590330585552366
2731,7.831248680230276,-0.14599882922114663
2732,7.830556487286703,-0.1460947158413301
2733,7.82986167078734,-0.14619096419544328
2734,7.829164241275747,-0.1462875727511729
2735,7.828464209376425,-0.14638453996455542
2736,7.827761585794615,-0.1464818642800108
2737,7.827056381316125,-0.1465795441303762
2738,7.826348606807166,-0.14667757793693903
2739,7.825638273214156,-0.14677596410947152
2740,7.824925391563549,-0.14687470104626496
2741,7.824209972961632,-0.14697378713416528
2742,7.823492028594359,-0.14707322074860707
2743,7.822771569727147,-0.14717300025365002
2744,7.822048607704706,-0.14727312400201334
2745,7.821323153950829,-0.14737359033511294
2746,7.8205952199682045,-0.14747439758309758
2747,7.8198648173382095,-0.14757554406488602
2748,7.8191319577207254,-0.14767702808820332
2749,7.8183966528539335,-0.14777884794961862
2750,7.817658914554128,-0.14788100193458198
2751,7.816918754715477,-0.14798348831746397
2752,7.816176185309843,-0.1480863053615933
2753,7.815431218386569,-0.14818945131929487
2754,7.814683866072269,-0.14829292443192943
2755,7.813934140570616,-0.1483967229299327
2756,7.813182054162136,-0.14850084503285457
2757,7.81242761920398,-0.1486052889493995
2758,7.811670848129715,-0.14871005287746644
2759,7.810911753449102,-0.14881513500418947
2760,7.810150347747868,-0.14892053350597909
2761,7.8093866436875,-0.14902624654856209
2762,7.808620654005005,-0.1491322722870244
2763,7.807852391512689,-0.1492386088658521
2764,7.80708186909793,-0.14934525441897348
2765,7.806309099722939,-0.14945220706980172
2766,7.8055340964245365,-0.14955946493127725
2767,7.8047568723139085,-0.14966702610591126
2768,7.8039774405763795,-0.14977488868582833
2769,7.803195814471179,-0.14988305075280978
2770,7.8024120073311725,-0.1499915103783389
2771,7.801626032562655,-0.1501002656236436
2772,7.8008379036450854,-0.1502093145397417
2773,7.800047634130836,-0.15031865516748594
2774,7.799255237644961,-0.1504282855376082
2775,7.798460727884943,-0.1505382036707653
2776,7.79766411862043,-0.15064840757758471
2777,7.7968654236929895,-0.15075889525871053
2778,7.796064657015862,-0.15086966470484903
2779,7.795261832573667,-0.15098071389681686
2780,7.794456964422195,-0.15109204080558566
2781,7.793650066688098,-0.15120364339233114
2782,7.7928411535686735,-0.15131551960847847
2783,7.7920302393315515,-0.15142766739575186
2784,7.791217338314456,-0.15154008468622152
2785,7.79040246492494,-0.15165276940235142
2786,7.789585633640078,-0.1517657194570495
2787,7.788766859006244,-0.1518789327537144
2788,7.7879461556387914,-0.15199240718628612
2789,7.787123538221808,-0.1521061406392942
2790,7.786299021507813,-0.15222013098790854
2791,7.785472620317498,-0.152334376097988
2792,7.784644349539425,-0.1524488738261316
2793,7.783814224129756,-0.1525636220197285
2794,7.782982259111958,-0.15267861851700867
2795,7.782148469576525,-0.15279386114709376
2796,7.781312870680672,-0.15290934773004888
2797,7.780475477648049,-0.1530250760769339
2798,7.77963630576847,-0.15314104398985426
2799,7.77879537039757,-0.15325724926201492
2800,7.77795268695655,-0.15337368967777093
2801,7.777108270931858,-0.1534903630126806
2802,7.776262137874883,-0.1536072670335591
2803,7.775414303401669,-0.15372439949852995
2804,7.774564783192588,-0.1538417581570799
2805,7.773713592992065,-0.15395934075011086
2806,7.772860748608221,-0.15407714500999606
2807,7.772006265912616,-0.15419516866063143
2808,7.771150160839881,-0.15431340941749266
2809,7.770292449387454,-0.1544318649876877
2810,7.7694331476152305,-0.15455053307001232
2811,7.768572271645259,-0.1546694113550055
2812,7.767709837661408,-0.1547884975250048
2813,7.766845861909068,-0.15490778925420096
2814,7.7659803606947975,-0.15502728420869508
2815,7.7651133503860255,-0.15514698004655342
2816,7.764244847410696,-0.15526687441786496
2817,7.763374868256956,-0.15538696496479712
2818,7.762503429472821,-0.15550724932165264
2819,7.76163054766585,-0.15562772511492626
2820,7.760756239502787,-0.15574838996336313
2821,7.759880521709248,-0.1558692414780148
2822,7.759003411069357,-0.1559902772622986
2823,7.758124924425436,-0.15611149491205384
2824,7.757245078677639,-0.1562328920156011
2825,7.756363890783621,-0.15635446615380003
2826,7.755481377758184,-0.15647621490010832
2827,7.754597556672923,-0.1565981358206409
2828,7.753712444655901,-0.15672022647422745
2829,7.752826058891262,-0.15684248441247395
2830,7.7519384166189145,-0.15696490717982
2831,7.7510495351341415,-0.15708749231360017
2832,7.750159431787271,-0.15721023734410264
2833,7.749268123983307,-0.15733313979463018
2834,7.748375629181553,-0.15745619718156073
2835,7.747481964895278,-0.15757940701440679
2836,7.746587148691336,-0.15770276679587703
2837,7.745691198189811,-0.1578262740219366
2838,7.74479413106361,-0.1579499261818705
2839,7.743895965038164,-0.15807372075834095
2840,7.742996717891,-0.1581976552274522
2841,7.742096407451374,-0.1583217270588119
2842,7.74119505159992,-0.15844593371559176
2843,7.74029266826826,-0.15857027265459056
2844,7.739389275438625,-0.15869474132629638
2845,7.738484891143469,-0.15881933717494948
2846,7.7375795334651025,-0.15894405763860436
2847,7.736673220535306,-0.15906890014919275
2848,7.7357659705349135,-0.1591938621325882
2849,7.734857801693483,-0.15931894100866667
2850,7.733948732288852,-0.15944413419137282
2851,7.733038780646785,-0.15956943908878146
2852,7.732127965140561,-0.15969485310316286
2853,7.731216304190589,-0.15982037363104604
2854,7.730303816264003,-0.15994599806328316
2855,7.729390519874278,-0.16007172378511397
2856,7.728476433580809,-0.16019754817623075
2857,7.727561575988551,-0.16032346861084143
2858,7.7266459657475695,-0.1604494824577365
2859,7.725729621552668,-0.16057558708035274
2860,7.724812562142967,-0.16070177983683917
2861,7.723894806301499,-0.16082805808012213
2862,7.72297637285481,-0.1609544191579705
2863,7.722057280672542,-0.16108086041306185
2864,7.7211375486669995,-0.1612073791830487
2865,7.720217195792793,-0.16133397280062278
2866,7.71929624104635,-0.16146063859358367
2867,7.718374703465548,-0.16158737388490368
2868,7.717452602129292,-0.1617141759927937
2869,7.716529956157064,-0.16184104223077167
2870,7.71560678470853,-0.16196796990772797
2871,7.714683106983111,-0.16209495632799265
2872,7.713758942219555,-0.16222199879140223
2873,7.712834309695497,-0.1623490945933679
2874,7.7119092287270545,-0.16247624102494168
2875,7.710983718668378,-0.16260343537288477
2876,7.710057798911234,-0.16273067491973434
2877,7.709131488884555,-0.16285795694387234
2878,7.708204808054027,-0.16298527871959237
2879,7.707277775921633,-0.16311263751716798
2880,7.706350412025235,-0.16324003060292097
2881,7.7054227359381136,-0.1633674552392896
2882,7.704494767268535,-0.16349490868489747
2883,7.703566525659313,-0.16362238819462116
2884,7.702638030787371,-0.1637498910196589
2885,7.70170930236328,-0.16387741440760029
2886,7.700780360130826,-0.16400495560249406
2887,7.699851223866549,-0.16413251184491795
2888,7.698921913379313,-0.16426008037204684
2889,7.697992448509838,-0.1643876584177227
2890,7.697062849130237,-0.16451524321252445
2891,7.696133135143609,-0.16464283198383486
2892,7.695203326483531,-0.1647704219559131
2893,7.694273443113615,-0.1648980103499633
2894,7.693343505027087,-0.1650255943842025
2895,7.692413532246255,-0.1651531712739342
2896,7.691483544822125,-0.16528073823161435
2897,7.690553562833881,-0.16540829246692415
2898,7.689623606388461,-0.16553583118683823
2899,7.68869369562006,-0.16566335159569648
2900,7.687763850689684,-0.1657908508952734
2901,7.686834091784686,-0.16591832628484796
2902,7.6859044391182625,-0.16604577496127587
2903,7.68497491292902,-0.1661731941190586
2904,7.684045533480493,-0.16630058095041403
2905,7.683116321060662,-0.16642793264534786
2906,7.682187295981483,-0.16655524639172403
2907,7.681258478578422,-0.16668251937533526
2908,7.680329889209949,-0.1668097487799751
2909,7.679401548257105,-0.16693693178750682
2910,7.678473476122978,-0.1670640655779369
2911,7.67754569323225,-0.16719114732948426
2912,7.67661822003071,-0.1673181742186521
2913,7.67569107698474,-0.16744514342030048
2914,7.6747642845808715,-0.16757205210771575
2915,7.6738378633253035,-0.1676988974526813
2916,7.6729118337433695,-0.16782567662555192
2917,7.671986216379091,-0.16795238679532268
2918,7.671061031794658,-0.16807902512970208
2919,7.670136300569973,-0.16820558879518194
2920,7.669212043302119,-0.16833207495711128
2921,7.668288280604902,-0.16845848077976572
2922,7.667365033108338,-0.1685848034264205
2923,7.666442321458156,-0.16871104005942208
2924,7.66552016631531,-0.16883718784026
2925,7.664598588355487,-0.1689632439296378
2926,7.663677608268586,-0.1690892054875465
2927,7.6627572467582485,-0.16921506967333466
2928,7.661837524541338,-0.16934083364578167
2929,7.660918462347428,-0.1694664945631699
2930,7.660000080918334,-0.16959204958335514
2931,7.659082401007586,-0.16971749586383975
2932,7.658165443379913,-0.16984283056184518
2933,7.657249228810758,-0.16996805083438285
2934,7.656333778085769,-0.1700931538383269
2935,7.655419112000291,-0.17021813673048564
2936,7.654505251358849,-0.1703429966676744
2937,7.653592216974635,-0.17046773080678781
2938,7.652680029669018,-0.17059233630487075
2939,7.6517687102710035,-0.17071681031919209
2940,7.650858279616749,-0.17084115000731523
2941,7.64994875854904,-0.1709653525271712
2942,7.649040167916756,-0.17108941503713113
2943,7.648132528574412,-0.17121333469607644
2944,7.647225861381566,-0.17133710866347376
2945,7.646320187202345,-0.17146073409944584
2946,7.64541552690495,-0.17158420816484227
2947,7.644511901361085,-0.17170752802131373
2948,7.643609331445462,-0.17183069083138378
2949,7.642707838035305,-0.171953693758519
2950,7.64180744200978,-0.17207653396720388
2951,7.640908164249525,-0.17219920862301047
2952,7.640010025636072,-0.17232171489267256
2953,7.639113047051375,-0.1724440499441559
2954,7.638217249377263,-0.17256621094673105
2955,7.637322653494917,-0.17268819507104513
2956,7.63642928028434,-0.1728099994891942
2957,7.635537150623841,-0.17293162137479462
2958,7.634646285389502,-0.17305305790305528
2959,7.633756705454655,-0.17317430625084934
2960,7.6328684316893485,-0.173295363596786
2961,7.631981484959828,-0.17341622712128238
2962,7.631095886128001,-0.17353689400663497
2963,7.6302116560509,-0.17365736143709204
2964,7.6293288155801635,-0.17377762659892454
2965,7.628447385561515,-0.17389768668049768
2966,7.627567386834202,-0.17401753887234314
2967,7.626688840230484,-0.1741371803672304
2968,7.625811766575111,-0.17425660836023726
2969,7.624936186684741,-0.17437582004882346
2970,7.62406212136749,-0.1744948126328986
2971,7.623189591422314,-0.17461358331489688
2972,7.622318617638532,-0.1747321292998459
2973,7.621449220795257,-0.1748504477954393
2974,7.6205814216608845,-0.17496853601210685
2975,7.61971524099255,-0.1750863911630858
2976,7.618850699535578,-0.17520401046449227
2977,7.617987818022961,-0.17532139113539197
2978,7.617126617174827,-0.17543853039787013
2979,7.61626711769789,-0.1755554254771034
2980,7.615409340284928,-0.17567207360142947
2981,7.614553305614223,-0.17578847200241887
2982,7.6136990343490485,-0.17590461791494405
2983,7.612846547137117,-0.1760205085772507
2984,7.611995864610031,-0.1761361412310284
2985,7.611147007382777,-0.17625151312147946
2986,7.610299996053155,-0.1763666214973905
2987,7.609454851201253,-0.17648146361120168
2988,7.608611593388923,-0.1765960367190763
2989,7.6077702431592025,-0.17671033808097217
2990,7.606930821035811,-0.17682436496070988
2991,7.606093347522597,-0.17693811462604303
2992,7.605257843103002,-0.17705158434872761
2993,7.604424328239515,-0.17716477140459141
2994,7.603592823373136,-0.1772776730736041
2995,7.602763348922834,-0.17739028663994533
2996,7.601935925285017,-0.17750260939207435
2997,7.601110572832984,-0.17761463862279905
2998,7.60028731191638,-0.17772637162934504
2999,7.599466162860667,-0.1778378057134238
