turn,time_sigma_ns,Q1
0,15.51446542781716,-0.0034822161269123953
1,15.51446620424751,-0.003482176521364002
2,15.514467144864847,-0.003482126518401445
3,15.514468249666226,-0.003482066118313078
4,15.514469518648475,-0.003481995321401
5,15.514470951808185,-0.003481914127981863
6,15.51447254914172,-0.003481822538386315
7,15.5144743106452,-0.003481720552959736
8,15.514476236314525,-0.00348160817206102
9,15.514478326145367,-0.0034814853960635126
10,15.51448058013315,-0.0034813522253549856
11,15.514482998273081,-0.00348120866033712
12,15.514485580560123,-0.003481054701426112
13,15.514488326989012,-0.0034808903490521196
14,15.514491237554264,-0.003480715603659388
15,15.514494312250152,-0.003480530465706333
16,15.514497551070713,-0.0034803349356660965
17,15.514500954009767,-0.0034801290140252968
18,15.514504521060877,-0.0034799127012854333
19,15.514508252217393,-0.0034796859979620387
20,15.514512147472434,-0.003479448904584336
21,15.514516206818893,-0.003479201421695798
22,15.514520430249416,-0.0034789435498545594
23,15.514524817756417,-0.003478675289632872
24,15.514529369332093,-0.0034783966416166924
25,15.514534084968401,-0.0034781076064065346
26,15.514538964657064,-0.0034778081846170037
27,15.514544008389581,-0.0034774983768767653
28,15.514549216157212,-0.0034771781838289256
29,15.514554587950991,-0.0034768476061303078
30,15.514560123761715,-0.0034765066444524153
31,15.514565823579957,-0.0034761552994805383
32,15.514571687396046,-0.003475793571914392
33,15.514577715200096,-0.003475421462467576
34,15.514583906981978,-0.0034750389718680957
35,15.514590262731337,-0.003474646100857804
36,15.514596782437579,-0.0034742428501931513
37,15.514603466089902,-0.003473829220644015
38,15.514610313677242,-0.0034734052129952323
39,15.51461732518832,-0.003472970828045303
40,15.51462450061162,-0.0034725260666071643
41,15.514631839935408,-0.003472070929507378
42,15.514639343147696,-0.0034716054175873245
43,15.514647010236283,-0.003471129531702141
44,15.514654841188738,-0.003470643272720798
45,15.514662835992384,-0.0034701466415270263
46,15.51467099463433,-0.003469639639018195
47,15.514679317101438,-0.0034691222661061517
48,15.514687803380346,-0.0034685945237167112
49,15.514696453457468,-0.003468056412789639
50,15.514705267318979,-0.0034675079342790243
51,15.514714244950822,-0.0034669490891531085
52,15.51472338633872,-0.00346637987839388
53,15.514732691468152,-0.003465800302997785
54,15.514742160324372,-0.003465210363975474
55,15.514751792892408,-0.0034646100623512183
56,15.514761589157047,-0.0034639993991639395
57,15.514771549102843,-0.00346337837546657
58,15.514781672714145,-0.0034627469923254315
59,15.514791959975037,-0.003462105250821986
60,15.51480241086939,-0.0034614531520512954
61,15.514813025380857,-0.003460790697122006
62,15.514823803492847,-0.0034601178871573454
63,15.51483474518852,-0.003459434723295102
64,15.514845850450827,-0.0034587412066866157
65,15.514857119262501,-0.0034580373384969307
66,15.514868551606012,-0.003457323119905938
67,15.514880147463632,-0.003456598552106942
68,15.514891906817377,-0.003455863636307788
69,15.514903829649048,-0.0034551183737300335
70,15.514915915940206,-0.0034543627656097565
71,15.514928165672181,-0.0034535968131968317
72,15.514940578826101,-0.003452820517754604
73,15.514953155382816,-0.0034520338805617045
74,15.51496589532299,-0.0034512369029096397
75,15.514978798627034,-0.0034504295861045135
76,15.514991865275123,-0.0034496119314667032
77,15.515005095247226,-0.003448783940330175
78,15.515018488523056,-0.0034479456140432455
79,15.51503204508212,-0.0034470969539678606
80,15.515045764903672,-0.003446237961480605
81,15.515059647966758,-0.003445368637971464
82,15.515073694250178,-0.003444488984844864
83,15.51508790373251,-0.0034435990035191254
84,15.515102276392106,-0.003442698695426488
85,15.515116812207072,-0.0034417880620134242
86,15.515131511155303,-0.003440867104740437
87,15.515146373214456,-0.003439935825081559
88,15.51516139836196,-0.0034389942245253943
89,15.515176586575022,-0.0034380423045740805
90,15.515191937830597,-0.003437080066744255
91,15.515207452105429,-0.0034361075125663746
92,15.515223129376034,-0.0034351246435846733
93,15.515238969618695,-0.0034341314613573737
94,15.515254972809455,-0.003433127967457192
95,15.515271138924145,-0.003432114163470182
96,15.515287467938355,-0.0034310900509967666
97,15.51530395982746,-0.0034300556316510657
98,15.515320614566583,-0.00342901090706153
99,15.515337432130627,-0.0034279558788707504
100,15.515354412494283,-0.0034268905487344226
101,15.515371555631994,-0.003425814918322874
102,15.51538886151798,-0.003424728989320258
103,15.51540633012624,-0.00342363276342457
104,15.515423961430525,-0.003422526242347974
105,15.515441755404368,-0.0034214094278165546
106,15.515459712021086,-0.003420282321569991
107,15.515477831253751,-0.0034191449253623118
108,15.515496113075203,-0.0034179972409613454
109,15.515514557458072,-0.0034168392701488647
110,15.515533164374745,-0.003415671014720341
111,15.51555193379738,-0.003414492476485819
112,15.515570865697914,-0.0034133036572684895
113,15.515589960048052,-0.003412104558906013
114,15.515609216819275,-0.003410895183249604
115,15.515628635982832,-0.003409675532164616
116,15.515648217509739,-0.0034084456075303294
117,15.515667961370792,-0.003407205411239781
118,15.515687867536558,-0.00340595494519993
119,15.515707935977373,-0.0034046942113318407
120,15.515728166663346,-0.0034034232115701607
121,15.515748559564347,-0.0034021419478638864
122,15.515769114650041,-0.003400850422175384
123,15.51578983188985,-0.00339954863648114
124,15.51581071125297,-0.00339823659277164
125,15.515831752708372,-0.0033969142930510066
126,15.515852956224801,-0.003395581739337291
127,15.515874321770763,-0.0033942389336626567
128,15.515895849314553,-0.003392885878072793
129,15.515917538824233,-0.003391522574627372
130,15.515939390267633,-0.003390149025399811
131,15.515961403612351,-0.0033887652324779247
132,15.515983578825772,-0.0033873711979627045
133,15.516005915875043,-0.0033859669239692538
134,15.51602841472709,-0.003384552412626513
135,15.516051075348608,-0.0033831276660773396
136,15.516073897706061,-0.0033816926864783923
137,15.516096881765696,-0.0033802474759999685
138,15.51612002749353,-0.00337879203682633
139,15.51614333485534,-0.0033773263711559445
140,15.516166803816699,-0.00337585048120027
141,15.516190434342935,-0.0033743643691853046
142,15.516214226399166,-0.003372868037350191
143,15.51623817995026,-0.00337136148794865
144,15.516262294960878,-0.0033698447232476973
145,15.516286571395451,-0.0033683177455282433
146,15.51631100921817,-0.0033667805570851044
147,15.516335608393014,-0.003365233160226832
148,15.516360368883742,-0.0033636755572754124
149,15.51638529065386,-0.0033621077505673795
150,15.516410373666673,-0.003360529742452326
151,15.516435617885254,-0.0033589415352937783
152,15.51646102327245,-0.003357343131469073
153,15.516486589790869,-0.0033557345333696175
154,15.516512317402903,-0.0033541157434002727
155,15.516538206070726,-0.003352486763979695
156,15.516564255756267,-0.0033508475975404122
157,15.516590466421253,-0.0033491982465282868
158,15.51661683802717,-0.003347538713403286
159,15.516643370535276,-0.003345869000639221
160,15.516670063906611,-0.0033441891107232977
161,15.516696918101992,-0.0033424990461566784
162,15.516723933082,-0.0033407988094541485
163,15.516751108807,-0.0033390884031441943
164,15.516778445237126,-0.0033373678297692107
165,15.51680594233229,-0.003335637091885026
166,15.516833600052177,-0.0033338961920613506
167,15.51686141835624,-0.0033321451328817034
168,15.516889397203734,-0.0033303839169427397
169,15.516917536553654,-0.003328612546855541
170,15.516945836364787,-0.003326831025244589
171,15.516974296595697,-0.003325039354747861
172,15.51700291720472,-0.0033232375380171076
173,15.517031698149966,-0.003321425577717963
174,15.517060639389326,-0.0033196034765294426
175,15.517089740880456,-0.0033177712371444015
176,15.517119002580806,-0.003315928862269094
177,15.517148424447573,-0.0033140763546240606
178,15.517178006437753,-0.0033122137169429022
179,15.517207748508111,-0.003310340951972968
180,15.51723765061519,-0.003308458062475324
181,15.51726771271531,-0.003306565051224517
182,15.517297934764555,-0.003304661921009061
183,15.517328316718796,-0.0033027486746309035
184,15.517358858533676,-0.003300825314905716
185,15.517389560164627,-0.0032988918446621883
186,15.517420421566836,-0.0032969482667436077
187,15.517451442695274,-0.003294994584006337
188,15.517482623504698,-0.003293030799320217
189,15.517513963949636,-0.0032910569155688222
190,15.51754546398439,-0.0032890729356492635
191,15.517577123563033,-0.003287078862472634
192,15.517608942639427,-0.0032850746989630864
193,15.517640921167201,-0.003283060448058678
194,15.517673059099772,-0.0032810361127106917
195,15.517705356390326,-0.0032790016958843637
196,15.517737812991824,-0.00327695720055827
197,15.517770428857004,-0.0032749026297247043
198,15.51780320393839,-0.0032728379863893827
199,15.517836138188272,-0.0032707632735716322
200,15.517869231558734,-0.0032686784943040757
201,15.51790248400162,-0.00326658365163323
202,15.51793589546855,-0.003264478748619075
203,15.517969465910944,-0.0032623637883349163
204,15.51800319527998,-0.0032602387738676656
205,15.518037083526615,-0.0032581037083179902
206,15.518071130601585,-0.0032559585947998597
207,15.518105336455415,-0.0032538034364406228
208,15.518139701038399,-0.0032516382363812313
209,15.518174224300607,-0.003249462997776196
210,15.518208906191893,-0.0032472777237935076
211,15.51824374666188,-0.003245082417614721
212,15.518278745659972,-0.0032428770824349156
213,15.518313903135365,-0.0032406617214621896
214,15.51834921903702,-0.0032384363379185464
215,15.518384693313681,-0.0032362009350393357
216,15.518420325913867,-0.0032339555160732507
217,15.51845611678588,-0.003231700084282839
218,15.518492065877796,-0.0032294346429435307
219,15.518528173137481,-0.003227159195344477
220,15.518564438512565,-0.003224873744788338
221,15.518600861950466,-0.003222578294591245
222,15.51863744339838,-0.0032202728480824165
223,15.518674182803277,-0.0032179574086049698
224,15.518711080111917,-0.003215631979515024
225,15.518748135270824,-0.0032132965641824955
226,15.518785348226318,-0.0032109511659902013
227,15.518822718924497,-0.003208595788334692
228,15.51886024731122,-0.0032062304346259472
229,15.51889793333215,-0.003203855108287122
230,15.518935776932711,-0.00320146981275507
231,15.518973778058124,-0.00319907455147946
232,15.519011936653369,-0.0031966693279241406
233,15.519050252663222,-0.0031942541455657327
234,15.519088726032235,-0.0031918290078943286
235,15.519127356704743,-0.0031893939184134005
236,15.519166144624847,-0.0031869488806400424
237,15.519205089736463,-0.0031844938981038956
238,15.51924419198325,-0.003182028974348886
239,15.51928345130866,-0.003179554112931744
240,15.519322867655939,-0.003177069317422502
241,15.519362440968099,-0.0031745745914049037
242,15.519402171187926,-0.003172069938475727
243,15.519442058258011,-0.003169555362244984
244,15.51948210212071,-0.0031670308663362175
245,15.519522302718162,-0.00316449645438603
246,15.519562659992287,-0.003161952130044537
247,15.519603173884798,-0.003159397896974776
248,15.519643844337159,-0.003156833758853861
249,15.519684671290657,-0.0031542597193711963
250,15.519725654686326,-0.0031516757822301184
251,15.519766794465008,-0.0031490819511467744
252,15.519808090567306,-0.003146478229851017
253,15.519849542933613,-0.003143864622085708
254,15.519891151504114,-0.0031412411316068764
255,15.519932916218757,-0.0031386077621839694
256,15.51997483701728,-0.003135964517599817
257,15.520016913839216,-0.003133311401649843
258,15.52005914662386,-0.0031306484181435282
259,15.520101535310305,-0.003127975570902808
260,15.520144079837415,-0.0031252928637634206
261,15.520186780143852,-0.0031226003005737552
262,15.520229636168041,-0.00311989788519612
263,15.520272647848211,-0.0031171856215051006
264,15.52031581512236,-0.0031144635133892613
265,15.520359137928267,-0.00311173156475007
266,15.520402616203501,-0.0031089897795020887
267,15.520446249885419,-0.0031062381615729875
268,15.520490038911161,-0.0031034767149036207
269,15.520533983217636,-0.0031007054434482443
270,15.52057808274155,-0.0030979243511739768
271,15.520622337419383,-0.003095133442061424
272,15.520666747187407,-0.003092332720103993
273,15.520711311981676,-0.0030895221893082357
274,15.520756031738031,-0.003086701853694035
275,15.520800906392092,-0.0030838717172942494
276,15.520845935879263,-0.003081031784154779
277,15.520891120134737,-0.003078182058334857
278,15.520936459093486,-0.0030753225439065788
279,15.520981952690269,-0.0030724532449554246
280,15.52102760085963,-0.003069574165579658
281,15.5210734035359,-0.0030666853098906825
282,15.521119360653191,-0.003063786682012998
283,15.521165472145405,-0.0030608782860842847
284,15.521211737946224,-0.0030579601262552183
285,15.521258157989118,-0.003055032206689323
286,15.521304732207343,-0.0030520945315634022
287,15.521351460533928,-0.0030491471050675704
288,15.521398342901705,-0.003046189931404469
289,15.521445379243284,-0.0030432230147899426
290,15.521492569491063,-0.0030402463594529487
291,15.521539913577227,-0.0030372599696351153
292,15.52158741143373,-0.003034263849591889
293,15.521635062992344,-0.0030312580035906705
294,15.521682868184591,-0.00302824243591271
295,15.52173082694182,-0.003025217150851582
296,15.521778939195123,-0.003022182152714469
297,15.52182720487541,-0.0030191374458211294
298,15.521875623913369,-0.0030160830345042073
299,15.521924196239462,-0.0030130189231097624
300,15.52197292178396,-0.003009945115996344
301,15.522021800476892,-0.0030068616175360093
302,15.522070832248122,-0.0030037684321125545
303,15.52212001702725,-0.003000665564124288
304,15.522169354743685,-0.0029975530179814592
305,15.52221884532662,-0.0029944307981076912
306,15.522268488705041,-0.002991298908939213
307,15.522318284807717,-0.0029881573549251435
308,15.522368233563213,-0.0029850061405276916
309,15.522418334899864,-0.0029818452702220326
310,15.522468588745808,-0.0029786747484960826
311,15.522518995028967,-0.0029754945798504896
312,15.52256955367705,-0.00297230476879918
313,15.522620264617554,-0.002969105319868522
314,15.52267112777777,-0.002965896237598064
315,15.522722143084767,-0.002962677526540048
316,15.522773310465405,-0.0029594491912597392
317,15.522824629846344,-0.0029562112363350035
318,15.52287610115402,-0.0029529636663566255
319,15.522927724314668,-0.002949706485928217
320,15.5229794992543,-0.0029464396996663005
321,15.523031425898726,-0.0029431633122002916
322,15.523083504173538,-0.002939877328172316
323,15.523135734004137,-0.00293658175223667
324,15.523188115315692,-0.002933276589061483
325,15.523240648033168,-0.002929961843327152
326,15.523293332081318,-0.0029266375197269474
327,15.523346167384686,-0.002923303622967005
328,15.523399153867619,-0.0029199601577656357
329,15.523452291454225,-0.002916607128854925
330,15.523505580068433,-0.002913244540978837
331,15.523559019633945,-0.002909872398894447
332,15.523612610074254,-0.0029064907073716754
333,15.523666351312649,-0.0029030994711929004
334,15.523720243272216,-0.002899698695153191
335,15.523774285875806,-0.0028962883840608603
336,15.523828479046085,-0.0028928685427364975
337,15.523882822705511,-0.002889439176013076
338,15.523937316776323,-0.002886000288736891
339,15.52399196118055,-0.0028825518857665314
340,15.524046755840024,-0.0028790939719735014
341,15.524101700676349,-0.0028756265522419354
342,15.524156795610942,-0.002872149631468449
343,15.524212040564999,-0.0028686632145625422
344,15.52426743545951,-0.002865167306446301
345,15.524322980215258,-0.002861661912054343
346,15.524378674752821,-0.0028581470363340513
347,15.524434518992564,-0.0028546226842452167
348,15.524490512854648,-0.0028510888607607135
349,15.52454665625902,-0.0028475455708657166
350,15.524602949125436,-0.002843992819557697
351,15.524659391373437,-0.002840430611847071
352,15.524715982922336,-0.002836858952757281
353,15.52477272369126,-0.0028332778473238412
354,15.524829613599138,-0.0028296873005945046
355,15.524886652564673,-0.002826087317630371
356,15.524943840506372,-0.0028224779035044664
357,15.52500117734252,-0.0028188590633029466
358,15.525058662991224,-0.0028152308021240705
359,15.525116297370356,-0.0028115931250786578
360,15.525174080397605,-0.002807946037290192
361,15.525232011990429,-0.0028042895438950195
362,15.525290092066104,-0.0028006236500413492
363,15.525348320541688,-0.0027969483608903025
364,15.525406697334047,-0.0027932636816151496
365,15.525465222359818,-0.002789569617402035
366,15.525523895535445,-0.002785866173449774
367,15.52558271677717,-0.002782153354969085
368,15.525641686001027,-0.0027784311671836164
369,15.525700803122849,-0.002774699615328943
370,15.525760068058256,-0.0027709587046536852
371,15.525819480722665,-0.0027672084404188
372,15.525879041031294,-0.0027634488278974237
373,15.525938748899152,-0.002759679872375314
374,15.525998604241055,-0.0027559015791503603
375,15.526058606971587,-0.0027521139535336032
376,15.526118757005161,-0.002748317000847489
377,15.52617905425596,-0.0027445107264278965
378,15.52623949863798,-0.0027406951356223606
379,15.526300090065007,-0.0027368702337909655
380,15.526360828450628,-0.00273303602630614
381,15.526421713708217,-0.002729192518553094
382,15.526482745750949,-0.0027253397159289804
383,15.526543924491804,-0.0027214776238433536
384,15.526605249843545,-0.0027176062477183662
385,15.526666721718742,-0.00271372559298833
386,15.52672834002976,-0.002709835665099807
387,15.526790104688752,-0.002705936469512028
388,15.526852015607691,-0.002702028011695927
389,15.526914072698327,-0.002698110297135405
390,15.526976275872226,-0.0026941833313259495
391,15.527038625040728,-0.0026902471197761983
392,15.527101120114997,-0.002686301668006204
393,15.527163761005975,-0.002682346981549138
394,15.527226547624405,-0.0026783830659499715
395,15.527289479880835,-0.00267440992676603
396,15.527352557685616,-0.0026704275695667436
397,15.52741578094888,-0.0026664359999341333
398,15.527479149580582,-0.0026624352234619797
399,15.527542663490461,-0.002658425245756663
400,15.527606322588056,-0.002654406072436695
401,15.5276701267827,-0.0026503777091328564
402,15.527734075983536,-0.002646340161488145
403,15.527798170099516,-0.0026422934351572045
404,15.527862409039363,-0.002638237535807823
405,15.527926792711622,-0.0026341724691193243
406,15.527991321024635,-0.002630098240783273
407,15.528055993886529,-0.002626014856503764
408,15.52812081120525,-0.002621922321996616
409,15.528185772888545,-0.0026178206429898106
410,15.52825087884394,-0.002613709825223944
411,15.528316128978782,-0.002609589874451325
412,15.528381523200219,-0.002605460796436281
413,15.52844706141519,-0.0026013225969554548
414,15.52851274353043,-0.002597175281798013
415,15.528578569452494,-0.00259301885676446
416,15.528644539087727,-0.002588853327667762
417,15.528710652342276,-0.0025846787003330606
418,15.528776909122092,-0.0025804949805973533
419,15.528843309332922,-0.002576302174309967
420,15.52890985288032,-0.0025721002873321155
421,15.528976539669644,-0.00256788932553705
422,15.52904336960605,-0.0025636692948100438
423,15.529110342594498,-0.0025594402010487207
424,15.529177458539753,-0.0025552020501621708
425,15.52924471734638,-0.002550954848071931
426,15.52931211891875,-0.0025466986007112898
427,15.529379663161029,-0.0025424333140258424
428,15.529447349977195,-0.0025381589939728554
429,15.529515179271021,-0.0025338756465218917
430,15.529583150946092,-0.0025295832776542518
431,15.529651264905793,-0.0025252818933632396
432,15.52971952105331,-0.0025209714996541543
433,15.529787919291637,-0.0025166521025442373
434,15.529856459523574,-0.0025123237080625764
435,15.529925141651722,-0.0025079863222502246
436,15.52999396557848,-0.002503639951160449
437,15.530062931206054,-0.00249928460085833
438,15.53013203843647,-0.002494920277420212
439,15.530201287171534,-0.002490546986935411
440,15.530270677312876,-0.002486164735504322
441,15.530340208761928,-0.0024817735292393477
442,15.530409881419914,-0.002477373374265248
443,15.530479695187877,-0.002472964276718124
444,15.530549649966666,-0.0024685462427459
445,15.53061974565693,-0.0024641192785087172
446,15.530689982159126,-0.002459683390178349
447,15.53076035937351,-0.0024552385839385522
448,15.530830877200147,-0.0024507848659848274
449,15.530901535538927,-0.0024463222425241227
450,15.530972334289523,-0.00244185071977566
451,15.531043273351418,-0.002437370303970394
452,15.531114352623913,-0.002432881001350886
453,15.5311855720061,-0.0024283828181717723
454,15.531256931396895,-0.0024238757606990825
455,15.531328430695009,-0.0024193598352106683
456,15.531400069798961,-0.0024148350479965687
457,15.531471848607085,-0.0024103014053581235
458,15.531543767017515,-0.0024057589136084736
459,15.531615824928204,-0.002401207579072385
460,15.531688022236894,-0.0023966474080868785
461,15.53176035884116,-0.0023920784069997067
462,15.531832834638356,-0.0023875005821714745
463,15.531905449525658,-0.0023829139399739576
464,15.531978203400064,-0.0023783184867901853
465,15.532051096158368,-0.002373714229015336
466,15.532124127697166,-0.0023691011730561785
467,15.532197297912877,-0.002364479325331194
468,15.53227060670172,-0.0023598486922702653
469,15.532344053959722,-0.002355209280315327
470,15.532417639582732,-0.0023505610959194193
471,15.532491363466395,-0.0023459041455475885
472,15.532565225506168,-0.002341238435676447
473,15.532639225597327,-0.0023365639727939793
474,15.532713363634953,-0.0023318807633998326
475,15.53278763951393,-0.0023271888140054967
476,15.53286205312896,-0.0023224881311338505
477,15.532936604374566,-0.0023177787213189607
478,15.533011293145057,-0.002313060591107149
479,15.533086119334568,-0.002308333747055964
480,15.53316108283704,-0.002303598195734564
481,15.533236183546228,-0.0022988539437236335
482,15.533311421355698,-0.002294100997615071
483,15.533386796158831,-0.0022893393640125393
484,15.53346230784882,-0.002284569049531104
485,15.533537956318655,-0.0022797900607978397
486,15.533613741461156,-0.0022750024044503364
487,15.53368966316895,-0.002270206087138397
488,15.533765721334479,-0.0022654011155228185
489,15.53384191584998,-0.002260587496276578
490,15.533918246607522,-0.002255765236083306
491,15.533994713498982,-0.0022509343416383955
492,15.534071316416048,-0.0022460948196487743
493,15.534148055250219,-0.0022412466768325762
494,15.53422492989281,-0.002236389919919524
495,15.534301940234954,-0.002231524555650476
496,15.534379086167593,-0.0022266505907779246
497,15.534456367581479,-0.0022217680320657123
498,15.534533784367179,-0.0022168768862890955
499,15.53461133641508,-0.0022119771602345088
500,15.534689023615382,-0.00220706886069988
501,15.534766845858087,-0.0022021516833246593
502,15.534844802312204,-0.002197225057710235
503,15.53492289070808,-0.002192288504037357
504,15.535001107342206,-0.0021873416330217
505,15.535079447082015,-0.0021823841459862902
506,15.535157903370681,-0.002177415835050535
507,15.5352364682319,-0.002172436583433091
508,15.535315132274716,-0.0021674463658678637
509,15.53539388469832,-0.002162445249131363
510,15.53547271329684,-0.0021574333926814167
511,15.535551604464159,-0.002152411049403444
512,15.535630543198739,-0.0021473785664648964
513,15.535709513108406,-0.0021423363862762396
514,15.53578849641517,-0.0021372850475565386
515,15.535867473960053,-0.0021322251865017153
516,15.535946425207923,-0.0021271575380552134
517,15.53602532825226,-0.002122082937281258
518,15.536104159820031,-0.0021170023208346403
519,15.53618289527649,-0.0021119167285305056
520,15.536261508630018,-0.002106827305010203
521,15.536339972536936,-0.002101735301502788
522,15.53641825830635,-0.0020966420776804672
523,15.536496335904978,-0.002091549103606727
524,15.536574173962004,-0.0020864579617756473
525,15.53665173977387,-0.0020813703492429253
526,15.536728999309183,-0.0020762880798424494
527,15.536805917213503,-0.0020712130864942156
528,15.536882456814217,-0.0020661474235953484
529,15.536958580125386,-0.0020610932694975935
530,15.537034247852569,-0.002056052929068349
531,15.537109419397718,-0.002051028836332974
532,15.537184052864008,-0.002046023557198866
533,15.537258105060696,-0.0020410397922595606
534,15.537331531507993,-0.0020360803796762974
535,15.53740428644193,-0.002031148298136921
536,15.537476322819185,-0.0020262466698923523
537,15.537547592322037,-0.0020213787638637903
538,15.537618045363141,-0.0020165479988280112
539,15.53768763109047,-0.0020117579466707915
540,15.537756297392166,-0.002007012335713185
541,15.537823990901446,-0.002002315054106053
542,15.537890657001437,-0.001997670153294873
543,15.537956239830123,-0.001993081851548532
544,15.5380206822852,-0.0019885545375565115
545,15.538083926028975,-0.001984092774089353
546,15.53814591149327,-0.0019797013017221823
547,15.538206577884315,-0.001975385042621203
548,15.538265863187672,-0.0019711491043893307
549,15.538323704173102,-0.0019669987839737025
550,15.538380036399525,-0.0019629395716286627
551,15.538434794219896,-0.0019589771549384577
552,15.538487910786149,-0.001955117422893361
553,15.538539318054104,-0.001951366470022471
554,15.538588946788387,-0.0019477306005788418
555,15.538636726567386,-0.0019442163327761965
556,15.538682585788155,-0.001940830403078049
557,15.53872645167138,-0.0019375797705349313
558,15.538768250266292,-0.0019344716211718066
559,15.53880790645563,-0.0019315133724212455
560,15.53884534396058,-0.0019287126776036821
561,15.538880485345738,-0.0019260774304521704
562,15.538913252024072,-0.001923615769680372
563,15.538943564261876,-0.001921336083593967
564,15.538971341183741,-0.0019192470147426732
565,15.538996500777513,-0.0019173574646129906
566,15.539018959899284,-0.0019156765983589707
567,15.53903863427838,-0.001914213849570674
568,15.539055438522325,-0.001912978925080607
569,15.539069286121851,-0.0019119818098034212
570,15.539080089455876,-0.001911232771611644
571,15.53908775979651,-0.0019107423662431454
572,15.539092207314074,-0.0019105214422403404
573,15.539093341082094,-0.0019105811459210135
574,15.539091069082318,-0.001910932926377769
575,15.539085298209729,-0.0019115885405062987
576,15.539075934277593,-0.0019125600580596866
577,15.539062882022483,-0.0019138598667294338
578,15.53904604510931,-0.001915500677251383
579,15.53902532613637,-0.0019174955285350802
580,15.539000626640357,-0.0019198577928159252
581,15.53897184710149,-0.0019226011808265683
582,15.538938886948499,-0.0019257397469916917
583,15.538901644563747,-0.0019292878946386076
584,15.538860017288258,-0.00193326038122826
585,15.538813901426819,-0.0019376723236008623
586,15.538763192253061,-0.0019425392032380898
587,15.538707784014536,-0.0019478768715397153
588,15.538647569937819,-0.001953701555112656
589,15.538582442233627,-0.00196002986107215
590,15.53851229210191,-0.0019668787823552015
591,15.538437009736946,-0.001974265703042301
592,15.538356484332517,-0.0019822084036878367
593,15.538270604086984,-0.001990725066659224
594,15.538179256208451,-0.001999834281480932
595,15.538082326919904,-0.002009555050184547
596,15.53797970146436,-0.0020199067926625265
597,15.537871264110011,-0.0020309093520258135
598,15.537756898155385,-0.002042582999962133
599,15.537636485934545,-0.0020549484420949444
600,15.537509908822235,-0.0020680268233434452
601,15.537377047239092,-0.0020818397332787973
602,15.537237780656804,-0.0020964092114800353
603,15.537091987603334,-0.0021117577528843483
604,15.53693954566813,-0.0021279083131331643
605,15.536780331507327,-0.002144884313912254
606,15.536614220848971,-0.002162709648284338
607,15.53644108849825,-0.002181408686014173
608,15.53626080834274,-0.00220100627888301
609,15.53607325335765,-0.002221527765993402
610,15.535878295611065,-0.0022429989790623836
611,15.535675806269216,-0.0022654462477022805
612,15.535465655601739,-0.002288896404686371
613,15.535247712986989,-0.0023133767912005125
614,15.53502184691729,-0.0023389152620792134
615,15.53478792500424,-0.002365540191023876
616,15.534545813984014,-0.0023932804758028613
617,15.5342953797227,-0.002422165543431801
618,15.534036487221584,-0.0024522253553350398
619,15.53376900062252,-0.0024834904124833622
620,15.533492783213232,-0.002515991760511042
621,15.533207697432678,-0.002549760994808375
622,15.532913604876411,-0.002584830265588934
623,15.532610366301945,-0.002621232282931636
624,15.532297841634115,-0.0026590003217958564
625,15.531975889970491,-0.002698168227007827
626,15.531644369586736,-0.002738770418218525
627,15.531303137942048,-0.002780841894831137
628,15.530952051684528,-0.0028244182408974487
629,15.530590966656655,-0.002869535629980929
630,15.53021973790067,-0.0029162308299878407
631,15.529838219664038,-0.0029645412079628906
632,15.52944626540491,-0.003014504734848965
633,15.529043727797573,-0.003066159990211059
634,15.528630458737908,-0.0031195461669225786
635,15.528206309348903,-0.003174703075811202
636,15.527771129986109,-0.003231671150267553
637,15.527324770243176,-0.00329049145081004
638,15.526867078957334,-0.0033512056696103736
639,15.526397904214939,-0.003413856134974127
640,15.525917093356968,-0.0034784858157786962
641,15.525424492984634,-0.003545138325864037
642,15.524919948964861,-0.003613857928380152
643,15.524403306435879,-0.003684689540085155
644,15.523874409812821,-0.0037576787355953272
645,15.523333102793261,-0.0038328717515870485
646,15.522779228362863,-0.003910315490946797
647,15.522212628800931,-0.00399005752687163
648,15.521633145686073,-0.004072146106915352
649,15.52104061990181,-0.004156630156982105
650,15.520434891642212,-0.0042435592852662655
651,15.519815800417565,-0.004332983786135383
652,15.519183185060005,-0.004424954643957976
653,15.518536883729219,-0.004519523536872607
654,15.517876733918108,-0.004616742840499467
655,15.517202572458507,-0.004716665631591502
656,15.51651423552686,-0.004819345691625914
657,15.515811558649972,-0.004924837510333018
658,15.515094376710701,-0.005033196289164182
659,15.514362523953734,-0.005144477944694082
660,15.513615833991322,-0.005258739111960047
661,15.512854139809052,-0.0053760371477351784
662,15.512077273771617,-0.00549643013373528
663,15.511285067628606,-0.005619976879757878
664,15.5104773525203,-0.005746736926753337
665,15.509653958983508,-0.005876770549825278
666,15.50881471695734,-0.006010138761162808
667,15.507959455789099,-0.006146903312898634
668,15.50708800424009,-0.006287126699896743
669,15.506200190491503,-0.0064308721624662
670,15.505295842150261,-0.0065782036890007145
671,15.504374786254935,-0.0067291860185421356
672,15.503436849281618,-0.006883884643269461
673,15.502481857149824,-0.007042365810909485
674,15.501509635228437,-0.0072046965270694185
675,15.500520008341635,-0.007370944557490822
676,15.499512800774816,-0.007541178430224245
677,15.498487836280592,-0.007715467437721017
678,15.497444938084717,-0.00789388163884655
679,15.496383928892103,-0.008076491860807297
680,15.495304630892793,-0.008263369700997239
681,15.494206865767996,-0.008454587528757359
682,15.493090454696082,-0.008650218487052004
683,15.49195521835862,-0.00885033649405739
684,15.490800976946439,-0.009055016244663625
685,15.489627550165677,-0.009264333211888293
686,15.488434757243843,-0.009478363648202242
687,15.487222416935907,-0.009697184586763894
688,15.48599034753041,-0.00992087384256416
689,15.484738366855556,-0.010149510013479756
690,15.483466292285343,-0.01038317248123361
691,15.482173940745696,-0.010621941412262442
692,15.480861128720633,-0.010865897758489973
693,15.47952767225839,-0.01111512325800655
694,15.478173386977613,-0.011369700435651853
695,15.47679808807356,-0.011629712603500474
696,15.475401590324289,-0.011895243861252024
697,15.473983708096865,-0.012166379096522087
698,15.472544255353595,-0.012443203985034611
699,15.47108304565826,-0.012725804990713921
700,15.469599892182378,-0.013014269365676987
701,15.468094607711452,-0.013308685150124722
702,15.466567004651276,-0.013609141172129705
703,15.465016895034193,-0.013915727047323322
704,15.463444090525424,-0.014228533178477465
705,15.461848402429382,-0.014547650754982976
706,15.460229641696,-0.014873171752222891
707,15.45858761892706,-0.015205188930840111
708,15.456922144382577,-0.01554379583589822
709,15.455233027987148,-0.015889086795935394
710,15.453520079336347,-0.016241156921910374
711,15.451783107703124,-0.016600102106039606
712,15.450021922044195,-0.016966019020526413
713,15.448236331006484,-0.017339005116178356
714,15.44642614293356,-0.01771915862091521
715,15.444591165872072,-0.01810657853816541
716,15.442731207578216,-0.018501364645150984
717,15.440846075524206,-0.01890361749105937
718,15.438935576904793,-0.01931343839510158
719,15.43699951864372,-0.019730929444458572
720,15.43503770740026,-0.020156193492111465
721,15.433049949575745,-0.020589334154556996
722,15.431036051320092,-0.021030455809408155
723,15.428995818538388,-0.021479663592877552
724,15.42692905689742,-0.021937063397145237
725,15.424835571832277,-0.02240276186760857
726,15.422715168552934,-0.022876866400014365
727,15.420567652050849,-0.023359485137472883
728,15.418392827105615,-0.023850726967351823
729,15.416190498291542,-0.024350701518053408
730,15.413960469984348,-0.024859519155668083
731,15.411702546367772,-0.025377290980511294
732,15.409416531440298,-0.025904128823536383
733,15.40710222902178,-0.026440145242628534
734,15.404759442760183,-0.026985453518775102
735,15.40238797613826,-0.02754016765211477
736,15.399987632480284,-0.02810440235786374
737,15.397558214958789,-0.028678273062118297
738,15.395099526601319,-0.02926189589753397
739,15.392611370297159,-0.029855387698882123
740,15.390093548804133,-0.030458865998479984
741,15.387545864755383,-0.031072449021497483
742,15.384968120666162,-0.031696255681138645
743,15.382360118940644,-0.032330405573697284
744,15.379721661878737,-0.03297501897348786
745,15.377052551682933,-0.03363021682764899
746,15.374352590465133,-0.03429612075082165
747,15.371621580253539,-0.03497285301969937
748,15.368859322999477,-0.035660536567454104
749,15.366065620584312,-0.03635929497803178
750,15.363240274826348,-0.03706925248032172
751,15.3603830874877,-0.0377905339421994
752,15.357493860281238,-0.03852326486443954
753,15.354572394877536,-0.039267571374501396
754,15.351618492911754,-0.040023580220187205
755,15.348631955990667,-0.04079141876316945
756,15.34561258569956,-0.04157121497239244
757,15.342560183609272,-0.042363097417342115
758,15.339474551283118,-0.043167195261189346
759,15.336355490283934,-0.043983638253802644
760,15.33320280218109,-0.04481255672463136
761,15.33001628855748,-0.04565408157546132
762,15.326795751016602,-0.04650834427303867
763,15.323540991189557,-0.047375476841566885
764,15.320251810742146,-0.04825561185507149
765,15.316928011381902,-0.04914888242963788
766,15.313569394865203,-0.05005542221551748
767,15.310175763004345,-0.05097536538910534
768,15.306746917674644,-0.05190884664478807
769,15.303282660821546,-0.052856001186662546
770,15.299782794467765,-0.05381696472012389
771,15.296247120720377,-0.05479187344332638
772,15.292675441778012,-0.055780864038512165
773,15.289067559937983,-0.05678407366321294
774,15.285423277603455,-0.057801639941321446
775,15.281742397290607,-0.058833700954034895
776,15.278024721635836,-0.05988039523066825
777,15.274270053402937,-0.0609418617393401
778,15.270478195490327,-0.06201823987752874
779,15.26664895093823,-0.06310966946250186
780,15.262782122935935,-0.06421629072161589
781,15.258877514829004,-0.0653382442824894
782,15.254934930126534,-0.06647567116304785
783,15.250954172508383,-0.06762871276144178
784,15.246935045832464,-0.0687975108458369
785,15.242877354142008,-0.06998220754407819
786,15.23878090167283,-0.07118294533322818
787,15.234645492860638,-0.07239986702897792
788,15.23047093234832,-0.0736331157749328
789,15.226257024993242,-0.07488283503177397
790,15.222003575874613,-0.07614916856629222
791,15.217710390300729,-0.07743226044030176
792,15.213377273816382,-0.07873225499942467
793,15.209004032210164,-0.08004929686175603
794,15.204590471521827,-0.08138353090640342
795,15.200136398049631,-0.08273510226190535
796,15.195641618357726,-0.084104156294526
797,15.191105939283513,-0.0854908385964297
798,15.186529167945034,-0.08689529497373345
799,15.18191111174836,-0.08831767143443947
800,15.177251578394984,-0.08975811417624739
801,15.172550375889218,-0.09121676957424804
802,15.167807312545634,-0.09269378416849695
803,15.16302219699644,-0.09418930465147148
804,15.158194838198947,-0.09570347785540925
805,15.15332504544297,-0.09723645073953104
806,15.148412628358294,-0.09878837037714668
807,15.143457396922077,-0.10035938394264667
808,15.138459161466363,-0.10194963869837763
809,15.1334177326855,-0.10355928198140593
810,15.128332921643596,-0.10518846119016753
811,15.123204539782014,-0.10683732377100523
812,15.118032398926845,-0.10850601720459477
813,15.112816311296399,-0.11019468899226018
814,15.107556089508643,-0.11190348664218118
815,15.10225154658877,-0.1136325576554887
816,15.096902495976614,-0.11538204951225578
817,15.09150875153424,-0.11715210965737842
818,15.08607012755339,-0.11894288548635318
819,15.080586438763007,-0.12075452433094802
820,15.075057500336777,-0.12258717344476938
821,15.069483127900646,-0.12444097998872612
822,15.06386313754031,-0.12631609101639274
823,15.058197345808777,-0.12821265345926935
824,15.052485569733928,-0.13013081411194274
825,15.04672762682599,-0.13207071961714972
826,15.040923335085145,-0.13403251645074013
827,15.035072513009025,-0.1360163509065461
828,15.029174979600292,-0.13802236908115365
829,15.023230554374182,-0.1400507168585805
830,15.017239057366064,-0.14210153989486166
831,15.011200309138985,-0.1441749836025418
832,15.005114130791254,-0.14627119313507744
833,14.998980343963979,-0.14839031337115047
834,14.992798770848664,-0.15053248889889115
835,14.986569234194759,-0.15269786400001706
836,14.980291557317225,-0.15488658263388455
837,14.973965564104128,-0.15709878842145608
838,14.967591079024192,-0.15933462462918532
839,14.961167927134396,-0.16159423415282026
840,14.954695934087532,-0.16387775950112562
841,14.948174926139787,-0.16618534277952793
842,14.941604730158328,-0.16851712567368132
843,14.934985173628887,-0.17087324943295884
844,14.928316084663333,-0.1732538548538684
845,14.921597292007258,-0.17565908226339674
846,14.91482862504754,-0.17808907150228107
847,14.908009913819969,-0.18054396190821054
848,14.901140989016774,-0.18302389229896093
849,14.894221681994232,-0.18552900095546052
850,14.88725182478028,-0.1880594256047912
851,14.880231250082032,-0.19061530340312724
852,14.873159791293391,-0.19319677091861112
853,14.866037282502646,-0.19580396411416756
854,14.858863558500024,-0.19843701833026156
855,14.851638454785244,-0.20109606826759818
856,14.844361807575147,-0.20378124796976552
857,14.837033453811227,-0.20649269080582638
858,14.829653231167228,-0.20923052945285645
859,14.82222097805668,-0.2119948958784336
860,14.814736533640493,-0.2147859213230775
861,14.807199737834516,-0.21760373628264357
862,14.799610431317083,-0.22044847049067162
863,14.791968455536582,-0.2233202529006926
864,14.784273652719005,-0.22621921166849251
865,14.776525865875522,-0.22914547413433833
866,14.76872493880998,-0.23209916680516712
867,14.760870716126492,-0.23508041533673774
868,14.752963043236972,-0.23808934451575092
869,14.745001766368635,-0.24112607824193716
870,14.736986732571573,-0.24419073951011414
871,14.728917789726259,-0.24728345039221813
872,14.720794786551066,-0.2504043320193083
873,14.712617572609808,-0.25355350456354764
874,14.704385998319232,-0.25673108722016275
875,14.696099914956521,-0.2599371981893843
876,14.687759174666821,-0.2631719546583681
877,14.679363630470714,-0.266435472783103
878,14.670913136271723,-0.26972786767030354
879,14.662407546863767,-0.27304925335929364
880,14.653846717938691,-0.27639974280387697
881,14.645230506093693,-0.2797794478542054
882,14.636558768838803,-0.2831884792386385
883,14.627831364604342,-0.28662694654560267
884,14.619048152748373,-0.29009495820544806
885,14.610208993564155,-0.2935926214723085
886,14.60131374828754,-0.29712004240596523
887,14.592362279104455,-0.30067732585371487
888,14.583354449158273,-0.304264575432248
889,14.574290122557278,-0.3078818935095369
890,14.56516916438201,-0.31152938118673684
891,14.555991440692702,-0.31520713828010205
892,14.54675681853665,-0.31891526330291897
893,14.537465165955604,-0.32265385344745967
894,14.528116351993127,-0.3264230045669565
895,14.518710246701936,-0.3302228111576026
896,14.509246721151301,-0.33405336634057686
897,14.499725647434344,-0.3379147618441
898,14.490146898675363,-0.34180708798552134
899,14.480510349037196,-0.3457304336534381
900,14.470815873728489,-0.34968488628985317
901,14.461063349011013,-0.35367053187236963
902,14.451252652206966,-0.35768745489642634
903,14.44138366170623,-0.3617357383575785
904,14.431456256973638,-0.36581546373382223
905,14.421470318556247,-0.3699267109679685
906,14.41142572809056,-0.3740695584500671
907,14.401322368309781,-0.37824408299988427
908,14.391160123051023,-0.3824503598494357
909,14.380938877262519,-0.3866884626255777
910,14.370658517010808,-0.39095846333265954
911,14.360318929487933,-0.39526043233523767
912,14.349920003018633,-0.39959443834085584
913,14.339461627067449,-0.4039605483828953
914,14.328943692245899,-0.40835882780349264
915,14.318366090319634,-0.41278934023653246
916,14.30772871421551,-0.41725214759071577
917,14.297031458028732,-0.4217473100327061
918,14.286274217029908,-0.4262748859703566
919,14.275456887672174,-0.43083493203602014
920,14.264579367598225,-0.43542750306994565
921,14.253641555647379,-0.44005265210376254
922,14.242643351862588,-0.4447104303440572
923,14.231584657497496,-0.4494008871560406
924,14.220465375023426,-0.4541240700473147
925,14.209285408136358,-0.4588800246517364
926,14.19804466176393,-0.46366879471338207
927,14.186743042072388,-0.46849042207061675
928,14.17538045647352,-0.4733449466402706
929,14.163956813631602,-0.4782324064019223
930,14.152472023470299,-0.4831528373822959
931,14.140925997179574,-0.48810627363977055
932,14.129318647222574,-0.49309274724900803
933,14.117649887342449,-0.4981122882857003
934,14.105919632569277,-0.5031649248114355
935,14.094127799226841,-0.5082506828586931
936,14.082274304939453,-0.513369586415964
937,14.07035906863878,-0.5185216574129988
938,14.058382010570577,-0.5237069157061924
939,14.046343052301506,-0.5289253790640998
940,14.034242116725835,-0.5341770631530911
941,14.022079128072207,-0.5394619815231463
942,14.009854011910313,-0.5447801455937938
943,13.997566695157634,-0.5501315646401912
944,13.985217106086074,-0.5555162457793578
945,13.972805174328625,-0.5609341939565551
946,13.96033083088604,-0.5663854119318199
947,13.947794008133414,-0.5718699002666552
948,13.935194639826808,-0.5773876573108766
949,13.922532661109841,-0.5829386791896214
950,13.909808008520235,-0.5885229597905196
951,13.897020619996377,-0.5941404907510313
952,13.884170434883842,-0.5997912614459517
953,13.871257393941912,-0.6054752589750878
954,13.858281439350039,-0.6111924681511085
955,13.845242514714363,-0.6169428714875674
956,13.832140565074129,-0.6227264491871093
957,13.818975536908118,-0.6285431791298535
958,13.805747378141074,-0.6343930368619611
959,13.792456038150107,-0.640275995584389
960,13.779101467771026,-0.6461920261418319
961,13.765683619304754,-0.6521410970118536
962,13.752202446523608,-0.6581231742942139
963,13.738657904677646,-0.6641382217003878
964,13.725049950500944,-0.6701862005432873
965,13.711378542217883,-0.6762670697271779
966,13.697643639549387,-0.6823807857378028
967,13.683845203719175,-0.6885273026327097
968,13.669983197459969,-0.6947065720317849
969,13.65605758501969,-0.7009185431079987
970,13.642068332167598,-0.7071631625783635
971,13.62801540620053,-0.7134403746951025
972,13.613898775948938,-0.7197501212370405
973,13.599718411783057,-0.7260923415012106
974,13.58547428561897,-0.7324669722946833
975,13.571166370924704,-0.738873947926618
976,13.556794642726263,-0.745313200200543
977,13.542359077613673,-0.7517846584068615
978,13.527859653746958,-0.758288249315589
979,13.51329635086219,-0.7648238971693215
980,13.498669150277392,-0.7713915236764423
981,13.483978034898538,-0.7779910480045603
982,13.469222989225448,-0.7846223867741925
983,13.454403999357725,-0.7912854540526837
984,13.439521053000608,-0.7979801613483721
985,13.424574139470877,-0.8047064176049984
986,13.409563249702657,-0.8114641291963633
987,13.394488376253287,-0.8182531999212334
988,13.379349513309093,-0.8250735309984996
989,13.364146656691204,-0.8319250210625876
990,13.348879803861287,-0.8388075661591254
991,13.333548953927309,-0.8457210597408661
992,13.318154107649272,-0.8526653926638706
993,13.302695267444905,-0.8596404531839522
994,13.287172437395347,-0.866646126953383
995,13.27158562325082,-0.8736822970178655
996,13.255934832436289,-0.8807488438137705
997,13.240220074057055,-0.8878456451656439
998,13.2244413589044,-0.8949725762839825
999,13.20859869946116,-0.9021295097632829
1000,13.192692109907282,-0.9093163155803627
1001,13.17672160612541,-0.916532861092959
1002,13.160687205706369,-0.9237790110386004
1003,13.144588927954725,-0.9310546275337603
1004,13.128426793894246,-0.93835957007329
1005,13.112200826273392,-0.9456936955301312
1006,13.095911049570784,-0.9530568581553142
1007,13.079557490000608,-0.9604489095782403
1008,13.063140175518091,-0.9678696988072483
1009,13.046659135824855,-0.9753190722304719
1010,13.030114402374338,-0.982796873616982
1011,13.013506008377151,-0.9903029441182243
1012,12.99683398880644,-0.9978371222697435
1013,12.980098380403211,-1.0053992439932038
1014,12.963299221681654,-1.0129891425987039
1015,12.946436552934456,-1.020606648787385
1016,12.929510416238095,-1.0282515906543366
1017,12.91252085545809,-1.0359237936918027
1018,12.895467916254283,-1.0436230807926827
1019,12.878351646086058,-1.0513492722543367
1020,12.861172094217602,-1.0591021857826886
1021,12.843929311723096,-1.066881636496633
1022,12.826623351491905,-1.0746874369327473
1023,12.809254268233808,-1.0825193970503035
1024,12.791822118484127,-1.0903773242365897
1025,12.774326960608906,-1.0982610233125343
1026,12.756768854810064,-1.1061702965386404
1027,12.739147863130523,-1.1141049436212245
1028,12.721464049459337,-1.1220647617189663
1029,12.703717479536802,-1.1300495454497663
1030,12.685908220959558,-1.1380590868979146
1031,12.668036343185689,-1.1460931756215682
1032,12.650101917539798,-1.1541515986605435
1033,12.632105017218077,-1.1622341405444152
1034,12.61404571729339,-1.1703405833009324
1035,12.595924094720294,-1.178470706464746
1036,12.577740228340131,-1.186624287086447
1037,12.559494198886018,-1.1948010997419232
1038,12.541186088987919,-1.2030009165420261
1039,12.522815983177654,-1.2112235071425548
1040,12.504383967893927,-1.2194686387545532
1041,12.485890131487341,-1.227736076154922
1042,12.467334564225409,-1.236025581697349
1043,12.448717358297545,-1.24433691532355
1044,12.43003860782011,-1.25266983457483
1045,12.411298408841375,-1.2610240946039561
1046,12.392496859346535,-1.2693994481873503
1047,12.373634059262695,-1.277795645737595
1048,12.354710110463888,-1.286212435316253
1049,12.335725116776063,-1.294649562647008
1050,12.316679183982076,-1.3031067711291162
1051,12.297572419826711,-1.3115838018511743
1052,12.278404934021653,-1.3200803936052037
1053,12.259176838250516,-1.3285962829010496
1054,12.239888246173848,-1.337131203981092
1055,12.220539273434147,-1.3456848888352735
1056,12.201130037660862,-1.3542570672164413
1057,12.181660658475453,-1.362847466656
1058,12.162131257496382,-1.3714558124798795
1059,12.142541958344204,-1.3800818278248137
1060,12.122892886646579,-1.388725233654933
1061,12.103184170043347,-1.3973857487786645
1062,12.083415938191601,-1.406063089865948
1063,12.063588322770787,-1.4147569714657557
1064,12.043701457487764,-1.4234671060239257
1065,12.023755478081938,-1.4321932039013012
1066,12.003750522330396,-1.4409349733921784
1067,11.983686730053035,-1.4496921207430589
1068,11.96356424311773,-1.458464350171711
1069,11.943383205445496,-1.4672513638865325
1070,11.923143763015725,-1.4760528621062179
1071,11.902846063871355,-1.484868543079729
1072,11.882490258124138,-1.4936981031065657
1073,11.862076497959904,-1.5025412365573374
1074,11.841604937643856,-1.5113976358946328
1075,11.821075733525845,-1.52026699169419
1076,11.80048904404577,-1.5291489926663573
1077,11.779845029738896,-1.5380433256778554
1078,11.759143853241271,-1.54694967577383
1079,11.738385679295162,-1.5558677262001952
1080,11.717570674754514,-1.5647971584262712
1081,11.696699008590436,-1.573737652167708
1082,11.675770851896743,-1.582688885409698
1083,11.654786377895515,-1.5916505344304748
1084,11.63374576194271,-1.600622273825095
1085,11.612649181533804,-1.6096037765295037
1086,11.59149681630949,-1.6185947138448795
1087,11.570288848061377,-1.6275947554622605
1088,11.54902546073781,-1.636603569487444
1089,11.527706840449666,-1.6456208224661644
1090,11.506333175476204,-1.6546461794095435
1091,11.484904656271024,-1.6636793038198099
1092,11.463421475468,-1.6727198577162905
1093,11.441883827887336,-1.6817675016616687
1094,11.420291910541629,-1.6908218947885028
1095,11.398645922642004,-1.6998826948260142
1096,11.376946065604306,-1.7089495581271328
1097,11.355192543055361,-1.7180221396957969
1098,11.333385560839302,-1.7271000932145157
1099,11.311525327023936,-1.7361830710721822
1100,11.289612051907216,-1.7452707243921353
1101,11.267645948023745,-1.7543627705050355
1102,11.245627229623475,-1.7634589936168439
1103,11.223556112152272,-1.7725591778043637
1104,11.20143281226125,-1.7816631070203202
1105,11.179257547816313,-1.7907705650984513
1106,11.157030537907811,-1.7998813357585979
1107,11.134752002860383,-1.8089952026118052
1108,11.112422164242915,-1.8181119491654252
1109,11.090041244878684,-1.827231358828226
1110,11.067609468855638,-1.836353214915507
1111,11.045127061536835,-1.8454773006542204
1112,11.02259424957109,-1.854603399188092
1113,11.000011260903722,-1.8637312935827544
1114,10.977378324787516,-1.8728607668308792
1115,10.954695671793829,-1.8819916018573166
1116,10.931963533823927,-1.8911235815242398
1117,10.90918214412042,-1.9002564886362892
1118,10.886351737278916,-1.9093901059457286
1119,10.863472549259887,-1.9185242161575995
1120,10.840544817400675,-1.9276586019348794
1121,10.81756878042771,-1.9367930459036489
1122,10.794544678468922,-1.9459273306582574
1123,10.771472753066352,-1.9550612387664958
1124,10.748353247188946,-1.9641945527747693
1125,10.725186405245568,-1.9733270552132784
1126,10.701972473098229,-1.9824585286011982
1127,10.678711698075496,-1.9915887554518634
1128,10.655404328986156,-2.0007175182779573
1129,10.632050616133034,-2.0098445995967027
1130,10.608650811327111,-2.018969781935052
1131,10.585205167901814,-2.0280928478348867
1132,10.56171394072755,-2.0372135798582165
1133,10.538177386226486,-2.0463317605923743
1134,10.514595762387533,-2.0554471726552284
1135,10.490969328781592,-2.064559598700379
1136,10.467298346577067,-2.0736688214223737
1137,10.443583078555582,-2.0827746235619107
1138,10.419823789127976,-2.0918767879110516
1139,10.396020744350572,-2.1009750973184373
1140,10.37217421194167,-2.110069334694497
1141,10.348284461298343,-2.119159283016669
1142,10.324351763513475,-2.1282447253346124
1143,10.300376391393097,-2.1373254447754304
1144,10.276358619474005,-2.1464012245488857
1145,10.252298724041633,-2.155471847952621
1146,10.228196983148273,-2.1645370983773806
1147,10.204053676631522,-2.1735967593122325
1148,10.179869086133097,-2.1826506143497877
1149,10.155643495117898,-2.191698447191424
1150,10.131377188893428,-2.200740041652508
1151,10.107070454629515,-2.209775181667616
1152,10.082723581378321,-2.2188036512957616
1153,10.05833686009475,-2.2278252347256102
1154,10.03391058365714,-2.236839716280708
1155,10.009445046888283,-2.245846880424698
1156,9.984940546576862,-2.2548465117665457
1157,9.960397381499128,-2.263838395065756
1158,9.935815852441065,-2.272822315237593
1159,9.911196262220798,-2.2817980573583014
1160,9.886538915711455,-2.29076540667032
1161,9.861844119864362,-2.2997241485875
1162,9.837112183732657,-2.308674068700319
1163,9.812343418495246,-2.3176149527810965
1164,9.787538137481192,-2.326546586789201
1165,9.762696656194514,-2.3354687568762644
1166,9.737819292339369,-2.344381249391388
1167,9.712906365845651,-2.3532838508863483
1168,9.687958198895076,-2.3621763481208014
1169,9.662975115947601,-2.371058528067485
1170,9.637957443768366,-2.3799301779174162
1171,9.61290551145504,-2.3887910850850895
1172,9.587819650465654,-2.3976410372136683
1173,9.56270019464687,-2.406479822180179
1174,9.537547480262722,-2.415307228100697
1175,9.512361846023897,-2.4241230433355305
1176,9.487143633117382,-2.4329270564944063
1177,9.461893185236745,-2.441719056441643
1178,9.436610848612853,-2.450498832301328
1179,9.41129697204509,-2.4592661734624905
1180,9.38595190693312,-2.4680208695842656
1181,9.360576007309207,-2.476762710601059
1182,9.335169629871064,-2.4854914867277045
1183,9.309733134015197,-2.494206988464624
1184,9.284266881870913,-2.502909006602973
1185,9.258771238334802,-2.5115973322297878
1186,9.233246571105875,-2.5202717567331296
1187,9.207693250721249,-2.5289320718072186
1188,9.182111650592441,-2.537578069457567
1189,9.156502147042294,-2.5462095420061064
1190,9.130865119342504,-2.55482628209631
1191,9.105200949751795,-2.563428082698305
1192,9.079510023554716,-2.5720147371139888
1193,9.05379272910113,-2.580586038982132
1194,9.02804945784634,-2.589141782283478
1195,9.002280604391904,-2.597681761345836
1196,8.976486566527146,-2.6062057708491704
1197,8.950667745271348,-2.6147136058306812
1198,8.924824544916708,-2.6232050616898808
1199,8.898957373071944,-2.631679934193661
1200,8.873066640706703,-2.640138019481356
1201,8.847152762196732,-2.6485791140697987
1202,8.821216155369713,-2.6570030148583688
1203,8.79525724155201,-2.6654095191340343
1204,8.769276445616121,-2.6737984245763875
1205,8.743274196028926,-2.682169529262672
1206,8.717250924900826,-2.6905226316728004
1207,8.691207068035652,-2.6988575306943705
1208,8.66514306498144,-2.7071740256276673
1209,8.639059359082067,-2.7154719161906615
1210,8.612956397529743,-2.7237510025239975
1211,8.586834631418423,-2.7320110851959756
1212,8.560694515798119,-2.740251965207522
1213,8.534536509730096,-2.748473443997158
1214,8.508361076343036,-2.75667532344595
1215,8.482168682890148,-2.76485740588246
1216,8.455959800807218,-2.7730194940876856
1217,8.429734905771687,-2.7811613912999835
1218,8.403494477762674,-2.7892829012199964
1219,8.37723900112204,-2.7973838280155596
1220,8.350968964616484,-2.8054639763266045
1221,8.324684861500673,-2.8135231512700516
1222,8.298387189581446,-2.821561158444691
1223,8.272076451283077,-2.8295778039360577
1224,8.24575315371367,-2.8375728943212915
1225,8.219417808732633,-2.845546236673993
1226,8.1930709330193,-2.853497638569065
1227,8.166713048142698,-2.861426908087545
1228,8.140344680632499,-2.8693338538214253
1229,8.11396636205111,-2.877218284878467
1230,8.087578629067027,-2.8850800108870014
1231,8.061182023529357,-2.8929188420007144
1232,8.034777092543615,-2.9007345889034304
1233,8.008364388548765,-2.908527062813877
1234,7.9819444693955255,-2.9162960754904437
1235,7.955517898425986,-2.9240414392359226
1236,7.929085244554548,-2.9317629669022454
1237,7.902647082350159,-2.9394604718952038
1238,7.876203992119952,-2.947133768179158
1239,7.8497565599941845,-2.9547826702817344
1240,7.823305378012651,-2.962406993298512
1241,7.796851044212431,-2.970006552897697
1242,7.770394162717108,-2.97758116532478
1243,7.7439353438274185,-2.9851306474071864
1244,7.717475204113373,-2.992654816558912
1245,7.691014366507848,-3.0001534907851464
1246,7.664553460401698,-3.0076264886868813
1247,7.638093121740383,-3.015073629465507
1248,7.611633993122125,-3.0224947329274
1249,7.585176723897663,-3.0298896194884866
1250,7.558721970271524,-3.0372581101788048
1251,7.532270395404931,-3.044600026647046
1252,7.505822669520349,-3.051915191165082
1253,7.479379470007598,-3.059203426632485
1254,7.4529414815316635,-3.066464556581025
1255,7.426509396142164,-3.073698405179157
1256,7.400083913384482,-3.0809047972364976
1257,7.37366574041262,-3.0880835582082793
1258,7.347255592103772,-3.095234514199797
1259,7.3208541911746075,-3.1023574919708357
1260,7.294462268299306,-3.1094523189400847
1261,7.2680805622293585,-3.1165188231895407
1262,7.241709819915176,-3.1235568334688852
1263,7.2153507966294,-3.130566179199861
1264,7.189004256092117,-3.1375466904806193
1265,7.1626709705977945,-3.144498198090062
1266,7.136351721144117,-3.1514205334921637
1267,7.1100472975625895,-3.158313528840278
1268,7.0837584986510285,-3.165177016981427
1269,7.057486132307882,-3.172010831460579
1270,7.031231015668421,-3.1788148065249033
1271,7.004993975242778,-3.185588777128017
1272,6.978775847055833,-3.1923325789342094
1273,6.952577476789034,-3.199046048322649
1274,6.926399719924029,-3.2057290223915786
1275,6.900243441888188,-3.2123813389624942
1276,6.8741095182019984,-3.2190028365842958
1277,6.847998834628332,-3.2255933545374385
1278,6.821912287323541,-3.232152732838053
1279,6.795850782990459,-3.23868081224205
1280,6.7698152390332025,-3.245177434249219
1281,6.74380658371382,-3.2516424411072906
1282,6.717825756310771,-3.2580756758159986
1283,6.6918737072792,-3.2644769821311166
1284,6.665951398412978,-3.270846204568471
1285,6.640059803008539,-3.2771831884079488
1286,6.614199906030418,-3.2834877796974777
1287,6.588372704278525,-3.289759825256989
1288,6.562579206557097,-3.295999172682368
1289,6.536820433845291,-3.302205670349377
1290,6.5110974194693565,-3.3083791674175655
1291,6.4854112092764185,-3.314519513834163
1292,6.459762861809758,-3.320626560337945
1293,6.434153448485574,-3.3267001584630895
1294,6.40858405377114,-3.3327401605430103
1295,6.383055775364339,-3.338746419714162
1296,6.357569724374496,-3.3447187899198476
1297,6.332127025504434,-3.3506571259139832
1298,6.306728817233662,-3.356561283264856
1299,6.281376252002649,-3.3624311183588595
1300,6.256070496398152,-3.3682664884042097
1301,6.230812731339317,-3.37406725143464
1302,6.205604152264701,-3.3798332663130757
1303,6.1804459693199245,-3.3855643927352883
1304,6.155339407545956,-3.391260491233533
1305,6.1302857070678325,-3.3969214231801605
1306,6.105286123283769,-3.402547050791212
1307,6.0803419270544365,-3.408137237129992
1308,6.055454404892371,-3.413691846110617
1309,6.030624859151258,-3.4192107425015537
1310,6.00585460821504,-3.4246937919291223
1311,5.98114498668659,-3.43014086088099
1312,5.956497345575827,-3.435551816709635
1313,5.931913052487114,-3.440926527635799
1314,5.907393491805635,-3.446264862751904
1315,5.882940064882673,-3.451566692025462
1316,5.8585541902195315,-3.4568318863024543
1317,5.8342373036498065,-3.4620603173106907
1318,5.809990858519855,-3.4672518576631512
1319,5.7858163258672075,-3.472406380861295
1320,5.761715194596579,-3.4775237612983614
1321,5.737688971653318,-3.482603874262637
1322,5.713739182193893,-3.487646595940707
1323,5.6898673697532125,-3.4926518034206806
1324,5.666075096408442,-3.497619374695397
1325,5.642363942938876,-3.502549188665604
1326,5.618735508981748,-3.5074411251431217
1327,5.595191413183405,-3.512295064853973
1328,5.571733293345568,-3.5171108894414997
1329,5.548362806566328,-3.5218884814694547
1330,5.525081629375408,-3.5266277244250626
1331,5.501891457863266,-3.5313285027220687
1332,5.478794007803678,-3.5359907017037577
1333,5.45579101476928,-3.5406142076459495
1334,5.43288423423964,-3.5451989077599717
1335,5.410075441701335,-3.549744690195615
1336,5.3873664327395705,-3.5542514440440516
1337,5.364759023120817,-3.558719059340739
1338,5.342255048865894,-3.5631474270683
1339,5.319856366312977,-3.5675364391593796
1340,5.297564852169942,-3.5718859884994663
1341,5.2753824035554855,-3.5761959689297074
1342,5.253310938028348,-3.580466275249682
1343,5.231352393604102,-3.5846968032201643
1344,5.209508728758752,-3.5888874495658527
1345,5.187781922418626,-3.5930381119780797
1346,5.166173973935757,-3.597148689117492
1347,5.144686903048122,-3.6012190806167155
1348,5.123322749824048,-3.605249187082981
1349,5.102083574589962,-3.6092389101007356
1350,5.080971457840909,-3.613188152234233
1351,5.059988500132915,-3.617096817030081
1352,5.03913682195654,-3.6209648090197852
1353,5.018418563590793,-3.6247920337222497
1354,4.997835884936656,-3.6285783976462627
1355,4.977390965329332,-3.6323238082929556
1356,4.957086003328523,-3.636028174158235
1357,4.9369232164858365,-3.6396914047351836
1358,4.916904841088511,-3.643313410516447
1359,4.897033131878613,-3.6468941029965865
1360,4.877310361746977,-3.650433394674405
1361,4.857738821400861,-3.6539311990552577
1362,4.838320819004686,-3.6573874306533223
1363,4.81905867979288,-3.660802004993851
1364,4.799954745654071,-3.664174838615399
1365,4.781011374685819,-3.6675058490720214
1366,4.762230940718991,-3.670794954935444
1367,4.743615832811108,-3.674042075797211
1368,4.725168454707814,-3.677247132270808
1369,4.706891224271644,-3.680410045993744
1370,4.68878657287754,-3.683530739629637
1371,4.670856944774169,-3.6866091368702327
1372,4.6531047964105445,-3.6896451624374342
1373,4.635532595727227,-3.6926387420852786
1374,4.618142821411432,-3.6955898026019027
1375,4.600937962115621,-3.698498271811475
1376,4.583920515638883,-3.7013640785760966
1377,4.567092988070723,-3.7041871527976853
1378,4.550457892896832,-3.706967425419824
1379,4.534017750066442,-3.70970482842959
1380,4.517775085020909,-3.7123992948593454
1381,4.501732427683406,-3.7150507587885135
1382,4.485892311409453,-3.717659155345317
1383,4.470257271898215,-3.7202244207084965
1384,4.454829846064619,-3.7227464921089966
1385,4.439612570872246,-3.7252253078316273
1386,4.424607982127263,-3.727660807216695
1387,4.409818613233605,-3.7300529306616097
1388,4.395246993909762,-3.732401619622461
1389,4.380895648867658,-3.7347068166155704
1390,4.366767096454121,-3.7369684652190087
1391,4.352863847255711,-3.7391865100740955
1392,4.3391884026676495,-3.741360896886861
1393,4.325743253427689,-3.743491572429488
1394,4.312530878116135,-3.7455784845417184
1395,4.29955374162294,-3.7476215821322403
1396,4.286814293583379,-3.749620815180035
1397,4.274314966783521,-3.7515761347357155
1398,4.262058175537185,-3.753487492922809
1399,4.250046314035971,-3.7553548429390378
1400,4.238281754674132,-3.7571781390575576
1401,4.226766846350365,-3.75895733662817
1402,4.215503912748417,-3.7606923920785076
1403,4.204495250598836,-3.762383262915192
1404,4.193743127924117,-3.7640299077249577
1405,4.183249782269705,-3.7656322861757587
1406,4.173017418923483,-3.7671903590178326
1407,4.163048209126348,-3.768704088084749
1408,4.153344288276777,-3.7701734362944173
1409,4.143907754132249,-3.7715983676500793
1410,4.134740665010554,-3.7729788472412604
1411,4.125845037994155,-3.7743148412446987
1412,4.117222847140735,-3.7756063169252485
1413,4.108876021703292,-3.776853242636745
1414,4.100806444363117,-3.7780555878228523
1415,4.093015949479126,-3.7792133230178706
1416,4.085506321356947,-3.7803264198475257
1417,4.078279292541385,-3.781394851029721
1418,4.071336542135752,-3.7824185903752667
1419,4.064679694151685,-3.7833976127885762
1420,4.058310315893029,-3.784331894268335
1421,4.052229916377329,-3.785221411908141
1422,4.04643994479854,-3.7860661438971133
1423,4.04094178903445,-3.7868660695204803
1424,4.035736774202343,-3.7876211691601247
1425,4.030826161266234,-3.788331424295114
1426,4.026211145699138,-3.788996817502191
1427,4.021892856203532,-3.789617332456242
1428,4.017872353493277,-3.7901929539307324
1429,4.014150629139908,-3.790723667798117
1430,4.0107286044863235,-3.7912094610302143
1431,4.007607129630617,-3.791650321698558
1432,4.0047869824826074,-3.7920462389747196
1433,4.002268867895627,-3.792397203130598
1434,4.000053416875777,-3.7927032055386785
1435,3.998141185870725,-3.7929642386722713
1436,3.996532656139996,-3.79318029610571
1437,3.9952282332083633,-3.793351372514531
1438,3.9942282464039107,-3.793477463675615
1439,3.993532948481889,-3.7935585664673037
1440,3.993142515335507,-3.7935946788694905
1441,3.993057045794304,-3.7935857999636733
1442,3.9932765615108443,-3.7935319299329873
1443,3.993801006935815,-3.793433070062201
1444,3.9946302493817973,-3.793289222737691
1445,3.9957640791753812,-3.7931003914473753
1446,3.9972022098973397,-3.7928665807806334
1447,3.9989442787101055,-3.792587796428187
1448,4.000989846771736,-3.7922640451819474
1449,4.00333839973516,-3.7918953349348494
1450,4.00598934833151,-3.7914816746806363
1451,4.008942029035784,-3.7910230745136353
1452,4.0121957048132355,-3.7905195456284893
1453,4.015749565944395,-3.7899711003198617
1454,4.019602730926616,-3.789377751982122
1455,4.023754247449758,-3.7887395151089915
1456,4.028203093443508,-3.78805640529316
1457,4.0329481781936005,-3.787328439225885
1458,4.037988343524157,-3.7865556346965445
1459,4.043322365043141,-3.7857380105921794
1460,4.048948953447839,-3.784875586896988
1461,4.054866755887132,-3.783968384691807
1462,4.061074357377341,-3.783016426153557
1463,4.067570282268157,-3.782019734554656
1464,4.074352995755269,-3.780978334262408
1465,4.081420905436198,-3.779892250738366
1466,4.088772362905732,-3.778761510537655
1467,4.0964056653874446,-3.777586141308279
1468,4.104319057397718,-3.776366171790388
1469,4.112510732438614,-3.7751016318155264
1470,4.120978834716103,-3.7737925523058404
1471,4.129721460880099,-3.772438965273271
1472,4.1387366617827075,-3.771040903818705
1473,4.148022444251336,-3.769598402131104
1474,4.157576772873163,-3.7681114954866075
1475,4.16739757178774,-3.7665802202475946
1476,4.177482726484312,-3.765004613861735
1477,4.1878300856008766,-3.763384714860996
1478,4.198437462721696,-3.7617205628606296
1479,4.209302638170458,-3.760012198558126
1480,4.220423360796125,-3.758259663732144
1481,4.231797349748704,-3.756463001241407
1482,4.243422296242312,-3.7546222550235733
1483,4.25529586530307,-3.752737470094081
1484,4.267415697499309,-3.750808692544955
1485,4.279779410651938,-3.748835969543602
1486,4.292384601522742,-3.7468193493315534
1487,4.305228847478693,-3.7447588812232104
1488,4.318309708130313,-3.742654615604527
1489,4.3316247269423656,-3.740506603931694
1490,4.345171432815328,-3.738314898729779
1491,4.358947341636061,-3.7360795535913414
1492,4.3729499577964,-3.733800623175021
1493,4.3871767756784035,-3.7314781632040956
1494,4.401625281105189,-3.7291122304650153
1495,4.416292952756366,-3.726702882805906
1496,4.431177263547187,-3.724250179135042
1497,4.446275681970734,-3.721754179419298
1498,4.461585673402427,-3.7192149446825655
1499,4.477104701366453,-3.7166325370041506
1500,4.492830228763582,-3.714007019517134
1501,4.50875971906017,-3.7113384564067093
1502,4.5248906374380145,-3.7086269129084934
1503,4.541220451905082,-3.7058724553068094
1504,4.557746634366943,-3.7030751509329405
1505,4.5744666616590335,-3.7002350681633565
1506,4.591378016539858,-3.6973522764179165
1507,4.608478188645343,-3.6944268461580383
1508,4.625764675404561,-3.691458848884846
1509,4.643234982917237,-3.6884483571372897
1510,4.6608866267933795,-3.6853954444902324
1511,4.678717132955497,-3.682300185552521
1512,4.696724038403905,-3.6791626559650163
1513,4.714904891945692,-3.675982932398611
1514,4.733257254887882,-3.6727610925522045
1515,4.751778701695517,-3.669497215150671
1516,4.770466820615205,-3.6661913799427777
1517,4.789319214264937,-3.6628436676991005
1518,4.808333500190846,-3.65945416020989
1519,4.827507311391658,-3.6560229402829303
1520,4.846838296811633,-3.652550091741359
1521,4.866324121802741,-3.649035699421467
1522,4.885962468556892,-3.645479849170467
1523,4.905751036509095,-3.6418826278442444
1524,4.925687542712201,-3.6382441233050717
1525,4.945769722184324,-3.6345644244193047
1526,4.965995328229468,-3.630843621055047
1527,4.986362132732439,-3.627081804079794
1528,5.006867926428767,-3.623279065358049
1529,5.027510519150461,-3.61943549774891
1530,5.048287740048487,-3.615551195103636
1531,5.069197437792727,-3.611626252263186
1532,5.090237480750305,-3.607660765055733
1533,5.111405757142993,-3.603654830294146
1534,5.1327001751846035,-3.599608545773462
1535,5.154118663199047,-3.5955220102683145
1536,5.17565916971995,-3.5913953235303504
1537,5.197319663572451,-3.5872285862856166
1538,5.219098133938056,-3.583021900231918
1539,5.240992590403206,-3.578775368036163
1540,5.2630010629922825,-3.5744890933316653
1541,5.285121602185786,-3.5701631807154395
1542,5.307352278924354,-3.5657977357454604
1543,5.3296911845992785,-3.5613928649379027
1544,5.352136431030182,-3.5569486757643527
1545,5.374686150430507,-3.552465276649002
1546,5.397338495361398,-3.547942776965809
1547,5.420091638674598,-3.54338128703564
1548,5.442943773444942,-3.53878091812339
1549,5.46589311289305,-3.5341417824350727
1550,5.488937890298637,-3.529463993114887
1551,5.512076358905168,-3.5247476642422715
1552,5.535306791816176,-3.519992910828912
1553,5.558627481883847,-3.515199848815755
1554,5.582036741590393,-3.510368595069971
1555,5.605532902922496,-3.5054992673819085
1556,5.629114317239478,-3.500591984462025
1557,5.652779355135449,-3.4956468659377844
1558,5.676526406296008,-3.490664032350549
1559,5.70035387934972,-3.485643605152426
1560,5.724260201714912,-3.4805857067031116
1561,5.748243819442003,-3.475490460266702
1562,5.772303197051886,-3.470357990008476
1563,5.796436817370543,-3.4651884209916766
1564,5.820643181360279,-3.459981879174239
1565,5.8449208079479265,-3.4547384914055286
1566,5.869268233850203,-3.449458385423029
1567,5.893684013396661,-3.4441416898490274
1568,5.918166718350317,-3.4387885341872666
1569,5.942714937726381,-3.4333990488195805
1570,5.967327277609219,-3.4279733650025044
1571,5.992002360967843,-3.4225116148638692
1572,6.016738827470086,-3.417013931399364
1573,6.04153533329579,-3.411480448469089
1574,6.066390550949065,-3.405911300794076
1575,6.0913031690698975,-3.4003066239527966
1576,6.116271892245286,-3.394666554377643
1577,6.141295440820036,-3.388991229351391
1578,6.166372550707412,-3.3832807870036414
1579,6.19150197319975,-3.377535366307235
1580,6.216682474779273,-3.371755107074663
1581,6.241912836929115,-3.3659401499544344
1582,6.267191855944797,-3.360090636427438
1583,6.292518342746202,-3.3542067088032823
1584,6.317891122690182,-3.348288510216614
1585,6.343309035383969,-3.342336184623408
1586,6.368770934499348,-3.3363498767972515
1587,6.3942756875878475,-3.3303297323255996
1588,6.419822175896902,-3.324275897606011
1589,6.445409294187165,-3.3181885198423666
1590,6.471035950550957,-3.3120677470410707
1591,6.496701066232057,-3.3059137280072233
1592,6.522403575446716,-3.299726612340783
1593,6.548142425206137,-3.2935065504327095
1594,6.5739165751403625,-3.2872536934610808
1595,6.5997249973236345,-3.2809681933871953
1596,6.625566676101338,-3.2746502029516553
1597,6.651440607918505,-3.2682998756704356
1598,6.677345801149951,-3.2619173658309206
1599,6.7032812759320475,-3.2555028284879404
1600,6.729246063996223,-3.2490564194597744
1601,6.75523920850419,-3.242578295324141
1602,6.781259763884858,-3.236068613414175
1603,6.80730679567309,-3.2295275318143775
1604,6.833379380350229,-3.2229552093565546
1605,6.859476605186426,-3.2163518056157354
1606,6.885597568084776,-3.2097174809060744
1607,6.911741377427331,-3.2030523962767328
1608,6.937907151922948,-3.196356713507748
1609,6.964094020456984,-3.18963059510588
1610,6.9903011219428635,-3.182874204300444
1611,7.016527605175492,-3.1760877050391256
1612,7.042772628686594,-3.1692712619837797
1613,7.069035360601865,-3.1624250405062098
1614,7.095314978500002,-3.155549206683936
1615,7.121610669273658,-3.14864392729594
1616,7.1479216289921865,-3.141709369818398
1617,7.174247062766306,-3.134745702420398
1618,7.200586184614553,-3.1277530939596367
1619,7.2269382173316625,-3.1207317139781057
1620,7.253302392358724,-3.113681732697758
1621,7.279677949655195,-3.1066033210161614
1622,7.306064137572721,-3.099496650502133
1623,7.332460212730776,-3.092361893391363
1624,7.358865439894072,-3.0851992225820175
1625,7.385279091851779,-3.0780088116303332
1626,7.411700449298527,-3.070790834746189
1627,7.43812880071708,-3.0635454667886712
1628,7.464563442262866,-3.056272883261614
1629,7.491003677650134,-3.048973260309137
1630,7.517448818039896,-3.041646774711158
1631,7.543898181929493,-3.034293603878897
1632,7.570351095043887,-3.026913925850365
1633,7.596806890228591,-3.0195079192858367
1634,7.623264907344254,-3.0120757634633137
1635,7.649724493162848,-3.0046176382739676
1636,7.676185001265482,-2.997133724217575
1637,7.702645791941777,-2.989624202397938
1638,7.729106232090866,-2.9820892545182853
1639,7.755565695123875,-2.974529062876672
1640,7.7820235608679935,-2.9669438103613515
1641,7.8084792154720235,-2.9593336804461474
1642,7.834932051313448,-2.9516988571858063
1643,7.861381466906941,-2.9440395252113363
1644,7.88782686681439,-2.936355869725337
1645,7.914267661556285,-2.9286480764973155
1646,7.940703267524618,-2.920916331858991
1647,7.9671331068970686,-2.9131608226995835
1648,7.993556607552688,-2.905381736461095
1649,8.019973202988849,-2.8975792611335773
1650,8.046382332239594,-2.889753585250387
1651,8.072783439795296,-2.881904897883429
1652,8.09917597552362,-2.874033388638391
1653,8.12555939459176,-2.8661392476499628
1654,8.151933157389978,-2.8582226655770477
1655,8.178296729456347,-2.850283833597962
1656,8.20464958140278,-2.84232294340562
1657,8.230991188842212,-2.8343401872027165
1658,8.257321032317012,-2.826335757696888
1659,8.283638597228574,-2.8183098480958737
1660,8.30994337376806,-2.810262652102658
1661,8.336234856848272,-2.802194363910607
1662,8.362512546036685,-2.7941051781985946
1663,8.38877594548951,-2.785995290126118
1664,8.415024563886954,-2.7778648953284035
1665,8.44125791436945,-2.769714189911501
1666,8.467475514475028,-2.7615433704473733
1667,8.49367688607765,-2.753352633968971
1668,8.519861555326598,-2.7451421779653016
1669,8.546029052586906,-2.736912200376488
1670,8.572178912380725,-2.728662899588819
1671,8.598310673329676,-2.720394474429789
1672,8.624423878098192,-2.712107124163132
1673,8.650518073337746,-2.703801048483844
1674,8.676592809632098,-2.6954764475132
1675,8.70264764144333,-2.6871335217937595
1676,8.728682127058882,-2.678772472284366
1677,8.75469582853944,-2.67039350035514
1678,8.780688311667653,-2.661996807782459
1679,8.806659145897767,-2.6535825967439357
1680,8.832607904306073,-2.6451510698133838
1681,8.858534163542139,-2.636702429955782
1682,8.884437503780918,-2.628236880522223
1683,8.910317508675627,-2.619754625244862
1684,8.936173765311418,-2.611255868231856
1685,8.962005864159787,-2.602740813962295
1686,8.987813399033788,-2.5942096672811297
1687,9.013595967043981,-2.585662633394087
1688,9.039353168555097,-2.5770999178625855
1689,9.065084607143433,-2.568521726598641
1690,9.090789889554959,-2.559928265859766
1691,9.116468625664131,-2.5513197422438645
1692,9.142120428433374,-2.54269636268412
1693,9.167744913873236,-2.534058334443877
1694,9.193341701003218,-2.5254058651115208
1695,9.21891041181324,-2.516739162595344
1696,9.24445067122578,-2.5080584351184187
1697,9.26996210705858,-2.499363891213452
1698,9.295444349988053,-2.490655739717646
1699,9.320897033513209,-2.481934189767544
1700,9.346319793920248,-2.473199450793883
1701,9.371712270247698,-2.4644517325164292
1702,9.397074104252166,-2.45569124493882
1703,9.422404940374609,-2.4469181983433943
1704,9.447704425707217,-2.4381328032860203
1705,9.472972209960776,-2.429335270590922
1706,9.498207945432664,-2.4205258113454993
1707,9.523411286975266,-2.4117046368951427
1708,9.548581891965009,-2.4028719588380505
1709,9.573719420271816,-2.3940279890200347
1710,9.59882353422916,-2.3851729395293293
1711,9.62389389860453,-2.3763070226913916
1712,9.648930180570419,-2.3674304510637034
1713,9.673932049675779,-2.3585434374305683
1714,9.698899177817962,-2.3496461947979044
1715,9.723831239215091,-2.3407389363880373
1716,9.748727910378909,-2.3318218756344873
1717,9.77358887008808,-2.322895226176757
1718,9.79841379936187,-2.3139592018551154
1719,9.823202381434351,-2.3050140167053788
1720,9.84795430172894,-2.2960598849536926
1721,9.872669247833397,-2.2870970210113075
1722,9.897346909475228,-2.2781256394693568
1723,9.921986978497479,-2.2691459550936326
1724,9.94658914883492,-2.260158182819356
1725,9.971153116490656,-2.2511625377459517
1726,9.995678579513045,-2.2421592351318176
1727,10.020165237973067,-2.2331484903890946
1728,10.044612793941987,-2.2241305190784355
1729,10.069020951469462,-2.2151055369037733
1730,10.093389416561926,-2.2060737597070887
1731,10.117717897161373,-2.197035403463176
1732,10.142006103124478,-2.187990684274408
1733,10.166253746202003,-2.178939818365507
1734,10.190460540018616,-2.1698830220783063
1735,10.214626200052976,-2.1608205118665182
1736,10.238750443618166,-2.151752504290498
1737,10.262832989842419,-2.142679216012013
1738,10.2868735596502,-2.1336008637890096
1739,10.310871875743501,-2.124517664470377
1740,10.334827662583537,-2.115429834990718
1741,10.358740646372686,-2.106337592365118
1742,10.382610555036687,-2.0972411536839135
1743,10.406437118207212,-2.0881407361074618
1744,10.43022006720463,-2.079036556860915
1745,10.453959135021071,-2.0699288332289925
1746,10.477654056303784,-2.060817782550755
1747,10.501304567338737,-2.051703622214381
1748,10.524910406034472,-2.042586569651946
1749,10.548471311906244,-2.0334668423341995
1750,10.571987026060382,-2.0243446577653486
1751,10.595457291178908,-2.0152202334778413
1752,10.618881851504403,-2.006093787027152
1753,10.642260452825125,-1.9969655359865712
1754,10.665592842460327,-1.987835697941993
1755,10.68887876924584,-1.9787044904867144
1756,10.712117983519867,-1.969572131216222
1757,10.735310237108996,-1.9604388377230006
1758,10.758455283314449,-1.9513048275913294
1759,10.78155287689853,-1.9421703183920875
1760,10.804602774071311,-1.9330355276775626
1761,10.827604732477488,-1.9239006729762638
1762,10.850558511183475,-1.914765971787733
1763,10.8734638706647,-1.9056316415773669
1764,10.896320572793057,-1.8964978997712365
1765,10.91912838082461,-1.8873649637509167
1766,10.941887059387456,-1.8782330508483105
1767,10.964596374469789,-1.869102378340489
1768,10.98725609340814,-1.8599731634445256
1769,11.009865984875795,-1.8508456233123398
1770,11.032425818871433,-1.8417199750255444
1771,11.05493536670787,-1.8325964355902973
1772,11.077394401001058,-1.8234752219321555
1773,11.099802695659166,-1.814356550890939
1774,11.122160025871905,-1.805240639215595
1775,11.144466168100001,-1.796127703559069
1776,11.166720900064785,-1.7870179604731813
1777,11.188924000737991,-1.7779116264035073
1778,11.211075250331708,-1.7688089176842656
1779,11.233174430288468,-1.7597100505332084
1780,11.255221323271472,-1.7506152410465228
1781,11.27721571315502,-1.741524705193729
1782,11.299157385015029,-1.732438658812595
1783,11.321046125119729,-1.7233573176040489
1784,11.342881720920504,-1.714280897127101
1785,11.364663961042845,-1.7052096127937721
1786,11.386392635277454,-1.6961436798640266
1787,11.408067534571511,-1.6870833134407144
1788,11.429688451020048,-1.6780287284645157
1789,11.451255177857433,-1.668980139708896
1790,11.472767509449003,-1.6599377617750666
1791,11.494225241282876,-1.6509018090869518
1792,11.515628169961783,-1.6418724958861617
1793,11.536976093195113,-1.6328500362269767
1794,11.558268809791022,-1.6238346439713314
1795,11.579506119648702,-1.6148265327838154
1796,11.60068782375075,-1.605825916126674
1797,11.621813724155619,-1.5968330072548187
1798,11.642883623990262,-1.5878480192108473
1799,11.663897327442784,-1.578871164820069
1800,11.68485463975531,-1.5699026566855394
1801,11.705755367216875,-1.5609427071831021
1802,11.726599317156465,-1.5519915284564394
1803,11.747386297936156,-1.5430493324121293
1804,11.76811611894434,-1.5341163307147152
1805,11.788788590589068,-1.5251927347817775
1806,11.809403524291493,-1.51627875577902
1807,11.829960732479401,-1.5073746046153618
1808,11.850460028580853,-1.4984804919380357
1809,11.870901227017894,-1.4895966281277015
1810,11.89128414320038,-1.4807232232935632
1811,11.911608593519897,-1.4718604872684968
1812,11.931874395343758,-1.4630086296041867
1813,11.95208136700908,-1.454167859566274
1814,11.972229327817002,-1.4453383861295086
1815,11.992318098026905,-1.4365204179729179
1816,12.012347498850783,-1.4277141634749788
1817,12.032317352447683,-1.4189198307088031
1818,12.052227481918212,-1.4101376274373303
1819,12.072077711299128,-1.401367761108533
1820,12.09186786555801,-1.392610438850629
1821,12.111597770588036,-1.3838658674673063
1822,12.131267253202807,-1.3751342534329565
1823,12.150876141131231,-1.3664158028879185
1824,12.170424263012526,-1.3577107216337343
1825,12.189911448391276,-1.3490192151284128
1826,12.20933752771255,-1.340341488481706
1827,12.228702332317104,-1.3316777464503942
1828,12.248005694436648,-1.3230281934335841
1829,12.267247447189199,-1.3143930334680156
1830,12.28642742457447,-1.3057724702233806
1831,12.30554546146934,-1.297166706997653
1832,12.324601393623416,-1.2885759467124287
1833,12.343595057654612,-1.280000391908278
1834,12.362526291044837,-1.2714402447401099
1835,12.38139493213572,-1.2628957069725428
1836,12.400200820124397,-1.2543669799752966
1837,12.41894379505937,-1.2458542647185844
1838,12.437623697836417,-1.237357761768527
1839,12.45624037019458,-1.2288776712825689
1840,12.474793654712183,-1.2204141930049155
1841,12.49328339480292,-1.2119675262619758
1842,12.511709434712,-1.2035378699578199
1843,12.530071619512361,-1.195125422569647
1844,12.548369795100914,-1.1867303821432682
1845,12.566603808194866,-1.1783529462885989
1846,12.584773506328082,-1.1699933121751638
1847,12.60287873784746,-1.1616516765276177
1848,12.620919351909457,-1.1533282356212742
1849,12.638895198476572,-1.1450231852776498
1850,12.656806128313915,-1.13673672086002
1851,12.674651992985863,-1.1284690372689887
1852,12.692432644852657,-1.1202203289380694
1853,12.710147937067173,-1.1119907898292805
1854,12.727797723571646,-1.1037806134287533
1855,12.745381859094516,-1.095589992742353
1856,12.762900199147232,-1.0874191202913124
1857,12.780352600021194,-1.0792681881078798
1858,12.797738918784669,-1.0711373877309809
1859,12.815059013279773,-1.063026910201891
1860,12.832312742119518,-1.0549369460599254
1861,12.849499964684869,-1.0468676853381396
1862,12.866620541121865,-1.0388193175590443
1863,12.883674332338758,-1.0307920317303356
1864,12.900661200003219,-1.022786016340638
1865,12.917581006539578,-1.0148014593552594
1866,12.934433615126085,-1.0068385482119633
1867,12.951218889692209,-0.9988974698167552
1868,12.967936694916025,-0.9909784105396789
1869,12.984586896221572,-0.983081556210632
1870,13.001169359776272,-0.975207092115193
1871,13.017683952488426,-0.967355202990463
1872,13.034130542004677,-0.9595260730209235
1873,13.050508996707551,-0.9517198858343061
1874,13.06681918571304,-0.9439368244974801
1875,13.08306097886818,-0.9361770715123503
1876,13.0992342467487,-0.9284408088117759
1877,13.115338860656681,-0.9207282177554976
1878,13.131374692618278,-0.9130394791260839
1879,13.147341615381427,-0.905374773124891
1880,13.163239502413617,-0.8977342793680378
1881,13.179068227899734,-0.890118176882396
1882,13.194827666739798,-0.8825266441015966
1883,13.210517694546906,-0.8749598588620483
1884,13.22613818764508,-0.8674179983989757
1885,13.241689023067186,-0.8599012393424705
1886,13.257170078552916,-0.8524097577135564
1887,13.272581232546704,-0.8449437289202746
1888,13.287922364195795,-0.8375033277537796
1889,13.303193353348226,-0.8300887283844539
1890,13.318394080550929,-0.8227001043580366
1891,13.333524427047784,-0.8153376285917715
1892,13.348584274777764,-0.8080014733705638
1893,13.363573506373058,-0.8006918103431614
1894,13.378492005157232,-0.7934088105183456
1895,13.39333965514345,-0.7861526442611413
1896,13.408116341032649,-0.7789234812890425
1897,13.422821948211835,-0.7717214906682534
1898,13.437456362752306,-0.7645468408099462
1899,13.452019471407962,-0.7573996994665358
1900,13.46651116161362,-0.75028023372797
1901,13.480931321483354,-0.7431886100180367
1902,13.495279839808866,-0.7361249940906868
1903,13.509556606057844,-0.7290895510263753
1904,13.5237615103724,-0.7220824452284172
1905,13.537894443567483,-0.7151038404193618
1906,13.551955297129343,-0.7081538996373816
1907,13.56594396321399,-0.7012327852326804
1908,13.579860334645709,-0.6943406588639165
1909,13.593704304915551,-0.6874776814946443
1910,13.607475768179887,-0.6806440133897711
1911,13.621174619258966,-0.6738398141120325
1912,13.634800753635481,-0.6670652425184842
1913,13.648354067453191,-0.660320456757011
1914,13.661834457515488,-0.6536056142628532
1915,13.675241821284095,-0.6469208717551501
1916,13.688576056877679,-0.6402663852335008
1917,13.701837063070531,-0.6336423099745426
1918,13.715024739291275,-0.627048800528547
1919,13.728138985621566,-0.6204860107160319
1920,13.741179702794815,-0.6139540936243936
1921,13.754146792194943,-0.6074532016045541
1922,13.76704015585516,-0.6009834862676271
1923,13.779859696456693,-0.5945450984816026
1924,13.792605317327668,-0.5881381883680474
1925,13.805276922441832,-0.5817629052988249
1926,13.81787441641746,-0.575419397892831
1927,13.830397704516168,-0.5691078140127509
1928,13.842846692641773,-0.5628283007618302
1929,13.855221287339187,-0.5565810044806674
1930,13.867521395793315,-0.5503660707440213
1931,13.879746925827947,-0.5441836443576396
1932,13.891897785904687,-0.538033869355103
1933,13.903973885121925,-0.531916888994689
1934,13.915975133213763,-0.5258328457562533
1935,13.927901440548997,-0.5197818813381302
1936,13.939752718130089,-0.5137641366540507
1937,13.951528877592189,-0.5077797518300787
1938,13.963229831202122,-0.5018288662015669
1939,13.97485549185744,-0.49591161831012975
1940,13.986405773085446,-0.4900281459006359
1941,13.997880589042255,-0.48417858591821844
1942,14.009279854511869,-0.4783630745053044
1943,14.020603484905232,-0.47258174699866284
1944,14.031851396259368,-0.4668347379264711
1945,14.04302350523644,-0.4611221810054003
1946,14.054119729122894,-0.45544420913771994
1947,14.065139985828592,-0.4498009544084197
1948,14.07608419388596,-0.4441925480823521
1949,14.086952272449118,-0.4386191206013937
1950,14.097744141293061,-0.43308080158162365
1951,14.108459720812876,-0.42757771981052256
1952,14.119098932022867,-0.4221100032441913
1953,14.129661696555793,-0.41667777900458675
1954,14.140147936662093,-0.4112811733767776
1955,14.150557575209106,-0.4059203118062197
1956,14.160890535680274,-0.4005953188960509
1957,14.171146742174432,-0.3953063184044032
1958,14.181326119405055,-0.39005343324173636
1959,14.19142859269951,-0.38483678546818967
1960,14.201454087998343,-0.37965649629095344
1961,14.211402531854585,-0.37451268606165966
1962,14.221273851433024,-0.36940547427379195
1963,14.231067974509527,-0.3643349795601156
1964,14.240784829470382,-0.3593013196901261
1965,14.250424345311586,-0.35430461156751797
1966,14.259986451638218,-0.34934497122767333
1967,14.269471078663766,-0.34442251383516903
1968,14.278878157209503,-0.33953735368130433
1969,14.28820761870383,-0.3346896041816482
1970,14.297459395181685,-0.3298793778736055
1971,14.306633419283912,-0.32510678641400353
1972,14.315729624256635,-0.3203719405766993
1973,14.32474794395071,-0.31567495025020365
1974,14.3336883128211,-0.3110159244353285
1975,14.342550665926298,-0.30639497124285253
1976,14.351334938927772,-0.3018121978912063
1977,14.360041068089393,-0.2972677107041778
1978,14.368668990276893,-0.2927616151086377
1979,14.377218642957287,-0.2882940156322862
1980,14.38568996419839,-0.28386501590141605
1981,14.394082892668235,-0.2794747186387005
1982,14.402397367634585,-0.2751232256609971
1983,14.410633328964405,-0.2708106378771743
1984,14.418790717123361,-0.26653705528595695
1985,14.426869473175314,-0.2623025769737925
1986,14.43486953878184,-0.25810730111273694
1987,14.442790856201748,-0.25395132495836087
1988,14.450633368290589,-0.24983474484767698
1989,14.45839701850021,-0.24575765619708573
1990,14.466081750878276,-0.24172015350034357
1991,14.473687510067812,-0.23772233032655007
1992,14.481214241306775,-0.23376427931815552
1993,14.4886618904276,-0.2298460921889892
1994,14.496030403856762,-0.2259678597223088
1995,14.50331972861436,-0.22212967176886836
1996,14.510529812313706,-0.21833161724500802
1997,14.51766060316089,-0.21457378413076453
1998,14.524712049954388,-0.2108562594680011
1999,14.531684102084654,-0.20717912935855892
2000,14.538576709533732,-0.2035424789624281
2001,14.54538982287487,-0.19994639249594043
2002,14.55212339327212,-0.1963909532299818
2003,14.558777372480003,-0.19287624348822494
2004,14.565351712843094,-0.18940234464538452
2005,14.571846367295713,-0.1859693371254903
2006,14.578261289361498,-0.1825773004001842
2007,14.584596433153115,-0.17922631298703476
2008,14.59085175337189,-0.17591645244787463
2009,14.597027205307462,-0.17264779538715794
2010,14.603122744837473,-0.1694204174503382
2011,14.609138328427207,-0.166234393322268
2012,14.615073913129313,-0.16308979672561758
2013,14.62092945658344,-0.15998670041931717
2014,14.626704917015969,-0.15692517619701685
2015,14.632400253239666,-0.15390529488557028
2016,14.638015424653423,-0.1509271263435368
2017,14.643550391241932,-0.1479907394597063
2018,14.649005113575406,-0.14509620215164418
2019,14.654379552809313,-0.14224358136425672
2020,14.659673670684064,-0.1394329430683789
2021,14.664887429524764,-0.13666435225938162
2022,14.67002079224093,-0.133937872955801
2023,14.675073722326246,-0.13125356819798803
2024,14.680046183858275,-0.12861150004677985
2025,14.684938141498222,-0.12601172958219145
2026,14.68974956049069,-0.12345431690212863
2027,14.694480406663436,-0.12093932112112193
2028,14.699130646427127,-0.11846680036908204
2029,14.703700246775083,-0.11603681179007658
2030,14.70818917528309,-0.11364941154112648
2031,14.712597400109155,-0.11130465479102486
2032,14.716924889993278,-0.10900259571917693
2033,14.721171614257239,-0.10674328751446055
2034,14.725337542804402,-0.10452678237410805
2035,14.729422646119493,-0.10235313150260963
2036,14.733426895268412,-0.10022238511063747
2037,14.737350261898008,-0.09813459241399171
2038,14.741192718235917,-0.0960898016325666
2039,14.744954237090361,-0.0940880599893386
2040,14.748634791849959,-0.09212941370937615
2041,14.75223435648356,-0.09021390801886928
2042,14.755752905540042,-0.08834158714418243
2043,14.75919041414817,-0.08651249431092647
2044,14.762546858016412,-0.08472667174305344
2045,14.765822213432779,-0.08298416066197217
2046,14.769016457264668,-0.08128500128568514
2047,14.772129566958702,-0.07962923282794686
2048,14.775161520540587,-0.07801689349744277
2049,14.778112296614964,-0.07644802049699118
2050,14.780981874365262,-0.07492265002276434
2051,14.783770233553565,-0.07344081726353303
2052,14.786477354520464,-0.07200255639993117
2053,14.789103218184962,-0.07060790060374124
2054,14.791647806044285,-0.06925688203720412
2055,14.794111100173826,-0.06794953185234556
2056,14.79649308322699,-0.06668588019032859
2057,14.798793738435089,-0.06546595618082438
2058,14.801013049607228,-0.06428978794140576
2059,14.803151001130194,-0.0631574025769624
2060,14.805207577968384,-0.062068826179135624
2061,14.807182765663637,-0.06102408382577796
2062,14.809076550335215,-0.060023199580430016
2063,14.810888918679678,-0.05906619649182195
2064,14.812619857970786,-0.058153096593395286
2065,14.814269356059418,-0.057283920902846217
2066,14.815837401373514,-0.056458689421689995
2067,14.817323982917987,-0.055677421134847055
2068,14.818729090274644,-0.054940134010251065
2069,14.820052713602104,-0.054246844998478365
2070,14.821294843635771,-0.05359757003239745
2071,14.82245547168773,-0.05299232402684214
2072,14.823534589646732,-0.05243112087830408
2073,14.824532189978102,-0.05191397346464864
2074,14.825448265723695,-0.05144089364485137
2075,14.826282810501876,-0.05101189225875509
2076,14.827035818507456,-0.05062697912684996
2077,14.827707284511634,-0.05028616305007471
2078,14.828297203862011,-0.04998945180963838
2079,14.828805572482498,-0.04973685216686498
2080,14.829232386873347,-0.049528369863057864
2081,14.829577644111065,-0.049364009619388007
2082,14.829841341848434,-0.04924377513680142
2083,14.83002347831449,-0.0491676690959491
2084,14.830124052314494,-0.049135693157138664
2085,14.830143063229931,-0.04914784796030716
2086,14.830080511018496,-0.04920413312501539
2087,14.829936396214087,-0.04930454725046403
2088,14.829710719926833,-0.049449087915530154
2089,14.829403483843063,-0.04963775167882708
2090,14.829014690225312,-0.04987053407878438
2091,14.828544341912382,-0.050147429633749095
2092,14.827992442319289,-0.050468431842109814
2093,14.827358995437322,-0.050833533182441173
2094,14.826644005834067,-0.051242725113669736
2095,14.825847478653413,-0.0516959980752622
2096,14.824969419615588,-0.05219334148743441
2097,14.824009835017192,-0.052734743751382214
2098,14.822968731731237,-0.053320192249533264
2099,14.82184611720718,-0.05394967334582086
2100,14.820641999470977,-0.05462317238597874
2101,14.819356387125127,-0.05534067369785785
2102,14.817989289348697,-0.056102160591764746
2103,14.816540715897428,-0.0569076153608197
2104,14.815010677103738,-0.057757019281339035
2105,14.813399183876824,-0.0586503526132365
2106,14.811706247702709,-0.05958759460044711
2107,14.809931880644324,-0.060568723471372425
2108,14.808076095341567,-0.061593716439347065
2109,14.806138905011375,-0.06266254970312711
2110,14.80412032344784,-0.06377519844739823
2111,14.802020365022248,-0.06493163684330784
2112,14.7998390446832,-0.06613183804901657
2113,14.79757637795668,-0.06737577421027192
2114,14.795232380946187,-0.06866341646100299
2115,14.792807070332781,-0.06999473492393726
2116,14.790300463375234,-0.07136969871123777
2117,14.787712577910108,-0.07278827592516252
2118,14.785043432351896,-0.07425043365874412
2119,14.782293045693113,-0.07575613799649208
2120,14.779461437504413,-0.07730535401511575
2121,14.776548627934735,-0.07889804578426826
2122,14.773554637711396,-0.08053417636731297
2123,14.770479488140271,-0.08221370782210888
2124,14.767323201105876,-0.08393660120182068
2125,14.764085799071541,-0.0857028165557467
2126,14.760767305079549,-0.08751231293017024
2127,14.757367742751267,-0.08936504836923188
2128,14.75388713628732,-0.09126097991582216
2129,14.750325510467734,-0.0932000636124961
2130,14.746682890652085,-0.09518225450240943
2131,14.742959302779694,-0.09720750663027489
2132,14.739154773369776,-0.09927577304334016
2133,14.735269329521609,-0.10138700579238782
2134,14.731302998914721,-0.10354115593275515
2135,14.727255809809064,-0.10573817352537629
2136,14.72312779104522,-0.10797800763784403
2137,14.718918972044557,-0.11026060634549453
2138,14.714629382809449,-0.11258591673251231
2139,14.71025905392348,-0.11495388489305523
2140,14.70580801655162,-0.11736445593240301
2141,14.701276302440462,-0.11981757396812455
2142,14.696663943918422,-0.1223131821312674
2143,14.691970973895955,-0.12485122256756823
2144,14.687197425865794,-0.12743163643868377
2145,14.682343333903148,-0.13005436392344377
2146,14.677408732665958,-0.1327193442191238
2147,14.672393657395135,-0.13542651554273946
2148,14.667298143914781,-0.13817581513236227
2149,14.662122228632448,-0.14096717924845542
2150,14.656865948539414,-0.14380054317523036
2151,14.651529341210876,-0.14667584122202648
2152,14.646112444806276,-0.14959300672470832
2153,14.640615298069532,-0.15255197204708615
2154,14.635037940329335,-0.15555266858235617
2155,14.629380411499392,-0.15859502675456283
2156,14.62364275207875,-0.16167897602007997
2157,14.61782500315204,-0.16480444486911483
2158,14.611927206389808,-0.1679713608272315
2159,14.60594940404879,-0.17117965045689543
2160,14.599891638972217,-0.17442923935903928
2161,14.593753954590142,-0.1777200521746482
2162,14.587536394919733,-0.18105201258636716
2163,14.581239004565607,-0.18442504332012846
2164,14.57486182872016,-0.18783906614679896
2165,14.568404913163866,-0.19129400188385026
2166,14.561868304265674,-0.19478977039704615
2167,14.555252048983297,-0.19832629060215423
2168,14.548556194863588,-0.20190348046667506
2169,14.541780790042896,-0.20552125701159388
2170,14.534925883247414,-0.20917953631315203
2171,14.527991523793567,-0.2128782335046387
2172,14.520977761588352,-0.2166172627782037
2173,14.513884647129759,-0.2203965373866904
2174,14.506712231507134,-0.22421596964548843
2175,14.49946056640158,-0.22807547093440808
2176,14.492129704086341,-0.23197495169957455
2177,14.484719697427238,-0.23591432145534164
2178,14.477230599883047,-0.23989348878622724
2179,14.46966246550595,-0.24391236134886776
2180,14.46201534894193,-0.24797084587399434
2181,14.454289305431242,-0.25206884816842734
2182,14.446484390808822,-0.25620627311709293
2183,14.43860066150472,-0.260383024685059
2184,14.430638174544624,-0.2645990059195908
2185,14.422596987550246,-0.26885411895222744
2186,14.414477158739832,-0.27314826500087847
2187,14.406278746928624,-0.2774813443719401
2188,14.398001811529339,-0.28185325646243203
2189,14.389646412552654,-0.28626389976215394
2190,14.381212610607754,-0.29071317185586104
2191,14.372700466902781,-0.29520096942546137
2192,14.364110043245358,-0.2997271882522329
2193,14.355441402043141,-0.30429172321905795
2194,14.346694606304318,-0.30889446831268114
2195,14.337869719638167,-0.3135353166259843
2196,14.3289668062556,-0.31821416036028205
2197,14.319985930969686,-0.32293089082763926
2198,14.310927159196272,-0.32768539845320377
2199,14.301790556954511,-0.33247757277756296
2200,14.292576190867456,-0.3373073024591183
2201,14.283284128162647,-0.3421744752764792
2202,14.27391443667271,-0.34707897813087746
2203,14.26446718483598,-0.3520206970486004
2204,14.254942441697072,-0.35699951718344447
2205,14.245340276907557,-0.36201532281918697
2206,14.235660760726567,-0.367067997372079
2207,14.225903964021455,-0.3721574233933562
2208,14.216069958268434,-0.37728348257176997
2209,14.206158815553248,-0.3824460557361378
2210,14.196170608571837,-0.387645022857913
2211,14.186105410631042,-0.39288026305377277
2212,14.175963295649268,-0.3981516545882273
2213,14.165744338157225,-0.4034590748762461
2214,14.155448613298596,-0.40880240048590566
2215,14.14507619683079,-0.4141815071410545
2216,14.13462716512566,-0.4195962697239982
2217,14.124101595170284,-0.42504656227820253
2218,14.11349956456768,-0.4305322580110172
2219,14.102821151537587,-0.4360532292964173
2220,14.092066434917246,-0.44160934767776455
2221,14.081235494162195,-0.44720048387058614
2222,14.070328409347058,-0.4528265077653742
2223,14.059345261166362,-0.4584872884304028
2224,14.048286130935365,-0.4641826941145644
2225,14.037151100590902,-0.46991259225022425
2226,14.02594025269221,-0.4756768494560943
2227,14.0146536704218,-0.4814753315401262
2228,14.003291437586336,-0.4873079035024215
2229,13.99185363861751,-0.49317442953816115
2230,13.980340358572965,-0.49907477304055337
2231,13.96875168313716,-0.5050087966038013
2232,13.957087698622331,-0.5109763620260867
2233,13.945348491969428,-0.5169773303125738
2234,13.933534150749054,-0.5230115616784313
2235,13.921644763162426,-0.5290789155518718
2236,13.909680418042377,-0.5351792505772104
2237,13.897641204854319,-0.5413124246179415
2238,13.885527213697275,-0.5474782947598327
2239,13.873338535304876,-0.5536767173140389
2240,13.86107526104642,-0.5599075478202317
2241,13.84873748292791,-0.5661706410497492
2242,13.836325293593122,-0.5724658510087629
2243,13.823838786324687,-0.5787930309414621
2244,13.81127805504518,-0.5851520333332567
2245,13.798643194318243,-0.5915427099139983
2246,13.785934299349705,-0.5979649116612179
2247,13.773151465988732,-0.6044184888033819
2248,13.76029479072898,-0.6109032908231663
2249,13.74736437070978,-0.6174191664607479
2250,13.734360303717313,-0.6239659637171133
2251,13.721282688185854,-0.6305435298573848
2252,13.708131623198955,-0.6371517114141658
2253,13.694907208490738,-0.6437903541909006
2254,13.681609544447115,-0.6504593032652539
2255,13.668238732107088,-0.6571584029925074
2256,13.654794873164057,-0.6638874970089716
2257,13.641278069967113,-0.6706464282354185
2258,13.627688425522395,-0.6774350388805277
2259,13.61402604349443,-0.6842531704443517
2260,13.600291028207526,-0.6911006637217976
2261,13.586483484647145,-0.6979773588061263
2262,13.572603518461321,-0.7048830950924686
2263,13.558651235962108,-0.7118177112813572
2264,13.544626744127026,-0.7187810453822756
2265,13.530530150600505,-0.7257729347172271
2266,13.51636156369544,-0.732793215924314
2267,13.50212109239465,-0.7398417249613405
2268,13.487808846352463,-0.7469182971094267
2269,13.473424935896237,-0.7540227669766427
2270,13.458969472027976,-0.761154968501657
2271,13.444442566425908,-0.7683147349574024
2272,13.42984433144611,-0.7755018989547587
2273,13.415174880124184,-0.78271629244625
2274,13.400434326176919,-0.7899577467297588
2275,13.385622784003987,-0.7972260924522583
2276,13.370740368689656,-0.8045211596135577
2277,13.355787196004554,-0.8118427775700663
2278,13.340763382407433,-0.8191907750385703
2279,13.325669045046949,-0.8265649801000303
2280,13.310504301763514,-0.8339652202033893
2281,13.29526927109112,-0.8413913221694004
2282,13.279964072259233,-0.8488431121944686
2283,13.26458882519466,-0.8563204158545088
2284,13.249143650523525,-0.8638230581088188
2285,13.233628669573177,-0.8713508633039679
2286,13.218044004374208,-0.8789036551777017
2287,13.202389777662459,-0.8864812568628616
2288,13.186666112881026,-0.8940834908913204
2289,13.170873134182383,-0.901710179197932
2290,13.155010966430435,-0.9093611431244961
2291,13.139079735202678,-0.9170362034237407
2292,13.12307956679234,-0.9247351802633166
2293,13.10701058821057,-0.9324578932298082
2294,13.090872927188684,-0.9402041613327591
2295,13.07466671218039,-0.9479738030087123
2296,13.058392072364082,-0.9557666361252656
2297,13.042049137645163,-0.9635824779851418
2298,13.025638038658398,-0.971421145330273
2299,13.009158906770285,-0.9792824543458992
2300,12.99261187408149,-0.9871662206646818
2301,12.975997073429298,-0.995072259370833
2302,12.95931463839009,-1.0030003850042561
2303,12.94256470328189,-1.0109504115647032
2304,12.925747403166897,-1.0189221525159469
2305,12.908862873854114,-1.026915420789962
2306,12.89191125190196,-1.0349300287911278
2307,12.874892674620957,-1.0429657884004397
2308,12.857807280076434,-1.0510225109797358
2309,12.840655207091288,-1.0591000073759353
2310,12.82343659524876,-1.0671980879252985
2311,12.806151584895277,-1.075316562457689
2312,12.78880031714332,-1.0834552403008577
2313,12.771382933874337,-1.091613930284738
2314,12.753899577741697,-1.099792440745754
2315,12.736350392173698,-1.1079905795311413
2316,12.718735521376582,-1.116208154003284
2317,12.701055110337663,-1.12444497104406
2318,12.68330930482842,-1.1327008370592055
2319,12.665498251407685,-1.1409755579826877
2320,12.647622097424877,-1.1492689392810913
2321,12.629680991023248,-1.1575807859580203
2322,12.611675081143215,-1.1659109025585106
2323,12.593604517525714,-1.174259093173454
2324,12.57546945071563,-1.1826251614440377
2325,12.557270032065233,-1.191008910566196
2326,12.539006413737724,-1.1994101432950706
2327,12.520678748710774,-1.2078286619494885
2328,12.502287190780157,-1.216264268416448
2329,12.483831894563394,-1.2247167641556211
2330,12.465313015503524,-1.2331859502038625
2331,12.446730709872824,-1.2416716271797361
2332,12.428085134776685,-1.2501735952880484
2333,12.409376448157488,-1.2586916543243996
2334,12.39060480879853,-1.2672256036797396
2335,12.371770376328069,-1.2757752423449416
2336,12.35287331122336,-1.2843403689153834
2337,12.333913774814771,-1.292920781595543
2338,12.314891929289981,-1.3015162782036025
2339,12.29580793769823,-1.3101266561760663
2340,12.276661963954613,-1.318751712572388
2341,12.257454172844461,-1.3273912440796107
2342,12.238184730027754,-1.336045047017017
2343,12.218853802043657,-1.3447129173407892
2344,12.199461556315073,-1.3533946506486814
2345,12.180008161153268,-1.3620900421847042
2346,12.16049378576258,-1.370798886843815
2347,12.140918600245188,-1.3795209791766243
2348,12.121282775605987,-1.3882561133941087
2349,12.101586483757472,-1.3970040833723354
2350,12.081829897524727,-1.4057646826571988
2351,12.062013190650502,-1.4145377044691647
2352,12.042136537800356,-1.4233229417080244
2353,12.022200114567866,-1.4321201869576614
2354,12.002204097479924,-1.440929232490826
2355,11.982148664002093,-1.4497498702739204
2356,11.962033992544086,-1.458581891971792
2357,11.941860262465289,-1.4674250889525402
2358,11.921627654080375,-1.476279252292326
2359,11.901336348665,-1.4851441727801993
2360,11.880986528461621,-1.494019640922928
2361,11.860578376685336,-1.5029054469498409
2362,11.840112077529861,-1.5118013808176782
2363,11.819587816173582,-1.5207072322154502
2364,11.799005778785702,-1.5296227905693067
2365,11.778366152532465,-1.5385478450474137
2366,11.757669125583515,-1.5474821845648388
2367,11.736914887118278,-1.5564255977884467
2368,11.716103627332531,-1.5653778731418018
2369,11.695235537444992,-1.574338798810078
2370,11.674310809704055,-1.5833081627449808
2371,11.653329637394606,-1.5922857526696728
2372,11.632292214844977,-1.6012713560837102
2373,11.611198737433941,-1.610264760267987
2374,11.59004940159789,-1.6192657522896858
2375,11.568844404838048,-1.6282741190072374
2376,11.547583945727869,-1.6372896470752867
2377,11.526268223920479,-1.6463121229496689
2378,11.50489744015627,-1.6553413328923896
2379,11.483471796270624,-1.6643770629766153
2380,11.461991495201692,-1.673419099091669
2381,11.440456740998378,-1.682467226948032
2382,11.418867738828373,-1.6915212320823576
2383,11.397224694986342,-1.7005808998624856
2384,11.375527816902256,-1.7096460154924673
2385,11.353777313149815,-1.718716364017596
2386,11.331973393455012,-1.7277917303294439
2387,11.310116268704869,-1.7368718991709051
2388,11.288206150956222,-1.7459566551412482
2389,11.266243253444747,-1.7550457827011676
2390,11.244227790594035,-1.7641390661778504
2391,11.222159978024864,-1.7732362897700404
2392,11.200040032564589,-1.7823372375531161
2393,11.177868172256678,-1.7914416934841677
2394,11.155644616370425,-1.800549441407081
2395,11.133369585410772,-1.809660265057633
2396,11.111043301128312,-1.8187739480685836
2397,11.088665986529433,-1.827890273974779
2398,11.066237865886649,-1.8370090262182595
2399,11.043759164749053,-1.8461299881533673
2400,11.021230109952947,-1.8552529430518672
2401,10.998650929632651,-1.864377674108067
2402,10.976021853231485,-1.8735039644439417
2403,10.953343111512897,-1.882631597114267
2404,10.930614936571796,-1.8917603551117514
2405,10.90783756184603,-1.9008900213721782
2406,10.885011222128071,-1.9100203787795498
2407,10.86213615357687,-1.9191512101712314
2408,10.839212593729942,-1.928282298343107
2409,10.816240781515551,-1.9374134260547335
2410,10.793220957265191,-1.9465443760345007
2411,10.77015336272619,-1.9556749309847914
2412,10.747038241074529,-1.9648048735871526
2413,10.723875836927917,-1.9739339865074623
2414,10.700666396358988,-1.9830620524011042
2415,10.677410166908796,-1.9921888539181412
2416,10.654107397600436,-2.001314173708497
2417,10.630758338952969,-2.0104377944271405
2418,10.607363242995504,-2.019559498739264
2419,10.583922363281532,-2.028679069325479
2420,10.5604359549035,-2.037796288886998
2421,10.536904274507577,-2.0469109401508345
2422,10.513327580308728,-2.0560228058749916
2423,10.489706132105933,-2.0651316688536636
2424,10.466040191297768,-2.074237311922432
2425,10.44233002089812,-2.083339517963467
2426,10.418575885552213,-2.0924380699107292
2427,10.394778051552933,-2.1015327507551764
2428,10.370936786857314,-2.1106233435499657
2429,10.347052361103382,-2.119709631415664
2430,10.323125045627235,-2.128791397545454
2431,10.29915511348038,-2.1378684252103426
2432,10.275142839447401,-2.1469404977643762
2433,10.25108850006386,-2.156007398649846
2434,10.22699237363454,-2.1650689114025035
2435,10.202854740251931,-2.1741248196567726
2436,10.178675881815069,-2.1831749071509634
2437,10.154456082048632,-2.192218957732483
2438,10.130195626522415,-2.201256755363052
2439,10.10589480267102,-2.2102880841239174
2440,10.081553899813995,-2.219312728221066
2441,10.057173209176186,-2.2283304719904384
2442,10.032753023908498,-2.237341099903142
2443,10.008293639108965,-2.246344396570664
2444,9.983795351844185,-2.2553401467500835
2445,9.959258461171057,-2.2643281353492837
2446,9.934683268158963,-2.273308147432162
2447,9.91007007591222,-2.28227996822384
2448,9.885419189592984,-2.2912433831158734
2449,9.86073091644447,-2.300198177671457
2450,9.836005565814599,-2.3091441376306343
2451,9.811243449179994,-2.318081048915497
2452,9.786444880170405,-2.3270086976353945
2453,9.76161017459354,-2.335926870092131
2454,9.736739650460294,-2.344835352785165
2455,9.711833628010382,-2.3537339324168096
2456,9.686892429738421,-2.362622395897424
2457,9.661916380420463,-2.3715005303506094
2458,9.636905807140902,-2.3803681231183984
2459,9.61186103931992,-2.389224961766441
2460,9.586782408741303,-2.3980708340891956
2461,9.561670249580766,-2.4069055281151037
2462,9.536524898434765,-2.415728832111777
2463,9.511346694349749,-2.4245405345911673
2464,9.486135978851918,-2.4333404243147445
2465,9.460893095977513,-2.4421282902986636
2466,9.43561839230354,-2.450903921818933
2467,9.41031221697907,-2.459667108416575
2468,9.384974921757058,-2.468417639902785
2469,9.359606861026643,-2.4771553063640885
2470,9.334208391846058,-2.4858798981674903
2471,9.30877987397606,-2.4945912059656217
2472,9.28332166991391,-2.503289020701882
2473,9.257834144927955,-2.5119731336155775
2474,9.232317667092767,-2.5206433362470553
2475,9.206772607324861,-2.529299420442829
2476,9.18119933941909,-2.5379411783607067
2477,9.155598240085533,-2.546568402474906
2478,9.12996968898711,-2.5551808855811693
2479,9.104314068777784,-2.5637784208018735
2480,9.078631765141434,-2.572360801591127
2481,9.0529231668313,-2.5809278217398743
2482,9.027188665710243,-2.5894792753809845
2483,9.00142865679155,-2.598014956994335
2484,8.975643538280488,-2.606534661411894
2485,8.949833711616563,-2.6150381838227936
2486,8.923999581516478,-2.623525319778395
2487,8.89814155601782,-2.631995865197353
2488,8.872260046523477,-2.640449616370669
2489,8.846355467846859,-2.6488863699667364
2490,8.820428238257788,-2.657305923036385
2491,8.79447877952926,-2.6657080730179143
2492,8.768507516984934,-2.674092617742118
2493,8.742514879547468,-2.682459355437307
2494,8.716501299787643,-2.6908080847343174
2495,8.690467213974324,-2.6991386046715236
2496,8.66441306212527,-2.7074507146998252
2497,8.638339288058834,-2.7157442146876414
2498,8.612246339446465,-2.724018904925895
2499,8.586134667866176,-2.7322745861329816
2500,8.56000472885686,-2.7405110594597355
2501,8.533856981973553,-2.7487281264943886
2502,8.507691890843631,-2.7569255892675173
2503,8.481509923223925,-2.7651032502569826
2504,8.455311551058841,-2.7732609123928604
2505,8.429097250539447,-2.7813983790623658
2506,8.402867502163526,-2.7895154541147633
2507,8.376622790796697,-2.7976119418662733
2508,8.350363605734517,-2.8056876471049645
2509,8.324090440765637,-2.813742375095641
2510,8.297803794236037,-2.8217759315847175
2511,8.271504169114353,-2.8297881228050827
2512,8.24519207305822,-2.8377787554809593
2513,8.218868018481853,-2.8457476368327472
2514,8.192532522624626,-2.8536945745818603
2515,8.166186107620895,-2.8616193769555505
2516,8.139829300570964,-2.8695218526917254
2517,8.11346263361319,-2.877401811043753
2518,8.087086643997358,-2.8852590617852503
2519,8.06070187415921,-2.8930934152148744
2520,8.03430887179625,-2.9009046821610873
2521,8.007908189944807,-2.9086926739869208
2522,7.981500387058338,-2.916457202594726
2523,7.955086027087069,-2.924198080430911
2524,7.928665679558915,-2.9319151204906664
2525,7.902239919661733,-2.9396081363226827
2526,7.875809328326948,-2.9472769420338514
2527,7.849374492314492,-2.9549213522939586
2528,7.822936004299228,-2.9625411823403627
2529,7.796494462958662,-2.9701362479826625
2530,7.770050473062155,-2.9777063656073506
2531,7.743604645561568,-2.985251352182457
2532,7.717157597683337,-2.992771025262178
2533,7.690709953022073,-3.000265202991494
2534,7.664262341635632,-3.007733704110773
2535,7.637815400141704,-3.0151763479603586
2536,7.611369771815953,-3.022592954485155
2537,7.584926106691709,-3.029983344239184
2538,7.558485061661214,-3.0373473383901395
2539,7.532047300578503,-3.044684758723925
2540,7.505613494363824,-3.051995427649178
2541,7.479184321109762,-3.059279168201777
2542,7.452760466188955,-3.0665358040493405
2543,7.426342622363506,-3.0737651594957076
2544,7.399931489896031,-3.0809670594854053
2545,7.37352777666243,-3.0881413296081033
2546,7.3471321982663795,-3.0952877961030496
2547,7.320745478155518,-3.1024062858634993
2548,7.294368347739397,-3.1094966264411177
2549,7.268001546509142,-3.1165586460503816
2550,7.241645822158962,-3.1235921735729533
2551,7.215301930709362,-3.1305970385620463
2552,7.188970636632179,-3.137573071246776
2553,7.162652712977424,-3.144520102536491
2554,7.136348941501948,-3.151437964025091
2555,7.110060112799899,-3.15832648799533
2556,7.083787026435042,-3.165185507423103
2557,7.057530491074895,-3.1720148559817143
2558,7.031291324626756,-3.1788143680461336
2559,7.005070354375527,-3.185583878697234
2560,6.978868417123426,-3.192323223726012
2561,6.952686359331552,-3.199032239637795
2562,6.926525037263307,-3.2057107636564286
2563,6.900385317129681,-3.2123586337284484
2564,6.874268075236386,-3.2189756885272356
2565,6.848174198132857,-3.225561767457155
2566,6.822104582763096,-3.232116710657675
2567,6.796060136618334,-3.2386403590074724
2568,6.770041777891558,-3.245132554128518
2569,6.744050435633836,-3.251593138390146
2570,6.718087049912453,-3.258021954913105
2571,6.692152571970827,-3.26441884757359
2572,6.66624796439018,-3.27078366100726
2573,6.64037420125301,-3.2771162406132337
2574,6.614532268308213,-3.283416432558072
2575,6.588723163137935,-3.2896840837797354
2576,6.562947895326071,-3.2959190419915276
2577,6.537207486628396,-3.3021211556860233
2578,6.511502971144302,-3.3082902741389684
2579,6.48583539549004,-3.3144262474131714
2580,6.460205818973498,-3.3205289263623694
2581,6.43461531377041,-3.3265981626350776
2582,6.409064965101938,-3.3326338086784193
2583,6.383555871413648,-3.3386357177419383
2584,6.358089144555702,-3.3446037438813874
2585,6.3326659099642875,-3.3505377419625
2586,6.307287306844146,-3.356437567664747
2587,6.281954488352175,-3.3623030774850675
2588,6.256668621781977,-3.3681341287415765
2589,6.231430888749301,-3.3739305795772685
2590,6.206242485378238,-3.3796922889636787
2591,6.181104622488089,-3.385419116704545
2592,6.15601852578082,-3.391110923439436
2593,6.130985436028931,-3.3967675706473615
2594,6.106006609263637,-3.4023889206503695
2595,6.081083316963281,-3.407974836617113
2596,6.056216846241714,-3.4135251825664
2597,6.031408500036658,-3.419039823370727
2598,6.006659597297745,-3.4245186247597803
2599,5.981971473174125,-3.4299614533239313
2600,5.95734547920152,-3.4353681765176973
2601,5.932782983488437,-3.440738662663187
2602,5.908285370901424,-3.4460727809535268
2603,5.8838540432491095,-3.4513704014562574
2604,5.859490419464854,-3.4566313951167205
2605,5.835195935787785,-3.4618556337614135
2606,5.810972045941898,-3.4670429901013238
2607,5.786820221313087,-3.47219333773525
2608,5.762741951123778,-3.4773065511530907
2609,5.73873874260488,-3.4823825057391122
2610,5.714812121164807,-3.4874210777752044
2611,5.6909636305552445,-3.4924221444441006
2612,5.667194833033339,-3.49738558383258
2613,5.643507309520014,-3.5023112749346548
2614,5.6199026597540485,-3.507199097654721
2615,5.596382502441507,-3.5120489328107003
2616,5.572948475400308,-3.516860662137148
2617,5.549602235699332,-3.521634168288344
2618,5.526345459791846,-3.5263693348413594
2619,5.503179843642719,-3.5310660462991
2620,5.480107102849028,-3.5357241880933246
2621,5.457128972753594,-3.5403436465876426
2622,5.434247208551035,-3.544924309080487
2623,5.411463585385714,-3.549466063808065
2624,5.388779898441268,-3.55396879994728
2625,5.366197963021022,-3.558432407618639
2626,5.343719614618864,-3.562856777889125
2627,5.321346708979985,-3.5672418027750568
2628,5.299081122150922,-3.571587375244913
2629,5.2769247505183,-3.5758933892221436
2630,5.254879510835678,-3.580159739587948
2631,5.232947340237899,-3.5843863221840353
2632,5.2111301962422605,-3.5885730338153525
2633,5.18943005673584,-3.5927197722527997
2634,5.1678489199483995,-3.5968264362359084
2635,5.146388804410022,-3.6008929254754998
2636,5.1250517488929335,-3.6049191406563272
2637,5.10383981233666,-3.6089049834396763
2638,5.082755073755866,-3.6128503564659535
2639,5.061799632130068,-3.616755163357248
2640,5.040975606274522,-3.6206193087198613
2641,5.020285134691444,-3.6244426981468183
2642,4.9997303754008176,-3.6282252382203546
2643,4.979313505749977,-3.631966836514368
2644,4.959036722201152,-3.6356674015968586
2645,4.9389022400961915,-3.6393268430323302
2646,4.918912293397591,-3.642945071384179
2647,4.899069134405056,-3.6465219982170427
2648,4.879375033446738,-3.6500575360991365
2649,4.85983227854433,-3.6535515986045524
2650,4.840443175051168,-3.657004100315545
2651,4.8212100452625615,-3.660414956824776
2652,4.802135227997494,-3.6637840847375482
2653,4.783221078150875,-3.667111401674
2654,4.764469966215579,-3.6703968262712836
2655,4.745884277773478,-3.6736402781857107
2656,4.727466412954651,-3.6768416780948754
2657,4.70921878586407,-3.680000947699749
2658,4.691143823975021,-3.6831180097267455
2659,4.6732439674885144,-3.68619278792977
2660,4.6555216686580945,-3.6892252070922273
2661,4.637979391079314,-3.6922151930290172
2662,4.620619608943336,-3.6951626725884883
2663,4.603444806254075,-3.698067573654381
2664,4.586457476008342,-3.7009298251477296
2665,4.56966011933856,-3.703749357028748
2666,4.553055244617622,-3.7065261002986793
2667,4.5366453665255015,-3.7092599870016265
2668,4.520433005077353,-3.711950950226352
2669,4.504420684612906,-3.7145989241080444
2670,4.488610932746888,-3.7172038438300725
2671,4.473006279280501,-3.7197656456256984
2672,4.457609255073929,-3.722284266779767
2673,4.44242239087987,-3.724759645630371
2674,4.427448216138427,-3.7271917215704873
2675,4.412689257733448,-3.7295804350495825
2676,4.39814803871083,-3.731925727575195
2677,4.383827076959149,-3.7342275417144877
2678,4.369728883853272,-3.736485821095771
2679,4.355855962861534,-3.738700510410001
2680,4.342210808117441,-3.7408715554122507
2681,4.328795902956587,-3.7429989029231496
2682,4.315613718420042,-3.745082500830293
2683,4.302666711725261,-3.7471222980896375
2684,4.289957324705808,-3.7491182447268483
2685,4.277487982221295,-3.751070291838635
2686,4.265261090539137,-3.752978391594051
2687,4.253279035689761,-3.7548424972357637
2688,4.241544181797044,-3.7566625630813038
2689,4.23005886938595,-3.7584385445242807
2690,4.218825413669451,-3.7601703980355667
2691,4.20784610281689,-3.761858081164463
2692,4.197123196206072,-3.7635015525398283
2693,4.186658922661665,-3.76510077187118
2694,4.176455478682323,-3.7666556999497742
2695,4.166515026659302,-3.768166298649645
2696,4.156839693089387,-3.7696325309286296
2697,4.147431566784952,-3.771054360829351
2698,4.138292697084315,-3.772431753480183
2699,4.129425092065289,-3.773764675096177
2700,4.120830716765346,-3.775053092979973
2701,4.112511491411488,-3.776296975522666
2702,4.1044692896633155,-3.777496292204658
2703,4.096705936872614,-3.7786510135964693
2704,4.08922320836294,-3.7797611113595333
2705,4.0820228277327475,-3.780826558246948
2706,4.0751064651855415,-3.781847328104217
2707,4.068475735890644,-3.78282339586994
2708,4.062132198378149,-3.7837547375764915
2709,4.056077352971536,-3.784641330350669
2710,4.050312640261561,-3.7854831524142973
2711,4.04483943962494,-3.7862801830848243
2712,4.039659067791131,-3.787032402775871
2713,4.034772777460785,-3.7877397929977663
2714,4.030181755979072,-3.788402336358039
2715,4.025887124067158,-3.789020016561894
2716,4.021889934614906,-3.7895928184126504
2717,4.018191171537943,-3.790120727812152
2718,4.014791748701759,-3.7906037317611525
2719,4.0116925089158375,-3.7910418183596697
2720,4.008894223000168,-3.7914349768073063
2721,4.006397588926723,-3.7917831974035523
2722,4.004203231038122,-3.7920864715480422
2723,4.002311699345452,-3.7923447917408004
2724,4.000723468907218,-3.7925581515824436
2725,3.9994389392909864,-3.792726545774367
2726,3.9984584341192857,-3.7928499701188843
2727,3.9977822007008195,-3.792928421519354
2728,3.9974104097481526,-3.792961897980273
2729,3.9973431551825214,-3.7929503986073336
2730,3.9975804540263455,-3.7928939236074593
2731,3.998122246383775,-3.7927924742888086
2732,3.9989683955092117,-3.7926460530607495
2733,4.000118687963696,-3.7924546634338063
2734,4.001572833858764,-3.792218310019572
2735,4.003330467187036,-3.791936998530599
2736,4.005391146238697,-3.7916107357802584
2737,4.007754354102712,-3.791239529682562
2738,4.010419499251457,-3.790823389251971
2739,4.013385916207195,-3.790362324603161
2740,4.0166528662886005,-3.7898563469507613
2741,4.020219538435407,-3.7893054686090735
2742,4.024085050108951,-3.78870970299175
2743,4.028248448266327,-3.7880690646114483
2744,4.032708710405612,-3.787383569079457
2745,4.037464745679449,-3.7866532331052905
2746,4.042515396074222,-3.7858780744962575
2747,4.047859437651846,-3.785058112156995
2748,4.053495581851074,-3.7841933660889793
2749,4.059422476845183,-3.783283857390005
2750,4.065638708952664,-3.782329608253636
2751,4.072142804097705,-3.781330641968624
2752,4.078933229316889,-3.7802869829183052
2753,4.086008394308708,-3.7791986565799585
2754,4.093366653022377,-3.778065689524144
2755,4.10100630528235,-3.776888109414007
2756,4.108925598445074,-3.775665945004557
2757,4.117122729084286,-3.7743992261419086
2758,4.125595844701421,-3.7730879837625055
2759,4.134343045457625,-3.771732249892313
2760,4.1433623859237585,-3.7703320576459722
2761,4.152651876845085,-3.768887441225938
2762,4.162209486917234,-3.767398435921578
2763,4.17203314457006,-3.7658650781082543
2764,4.182120739756272,-3.764287405246361
2765,4.192470125741614,-3.762665455880347
2766,4.203079120893528,-3.7609992696377055
2767,4.213945510465416,-3.7592888872279326
2768,4.225067048373588,-3.757534350441456
2769,4.236441458964171,-3.7557357021485447
2770,4.248066438767369,-3.753892986298179
2771,4.25993965823657,-3.752006247916898
2772,4.272058763469928,-3.7500755331076143
2773,4.2844213779121105,-3.748100889048411
2774,4.297025104034194,-3.7460823639912966
2775,4.309867524989637,-3.7440200072609398
2776,4.322946206244481,-3.741913869253369
2777,4.336258697180063,-3.73976400143466
2778,4.349802532666636,-3.737570456339573
2779,4.363575234606399,-3.735333287570179
2780,4.377574313444664,-3.733052549794447
2781,4.3917972696478715,-3.7307282987448147
2782,4.406241595147409,-3.728360591216714
2783,4.420904774748177,-3.725949485067092
2784,4.435784287501261,-3.7234950392128785
2785,4.45087760803968,-3.7209973136294474
2786,4.466182207876859,-3.718456369349036
2787,4.481695556667136,-3.7158722684591434
2788,4.497415123427969,-3.7132450741009007
2789,4.513338377723525,-3.7105748504674096
2790,4.529462790809431,-3.707861662802058
2791,4.545785836738523,-3.7051055773968082
2792,4.5623049934276825,-3.702306661590449
2793,4.579017743685632,-3.6994649837668354
2794,4.595921576201942,-3.6965806133530883
2795,4.613013986497446,-3.6936536208177704
2796,4.630292477836244,-3.6906840776690384
2797,4.647754562099673,-3.6876720564527656
2798,4.665397760622726,-3.6846176307506306
2799,4.683219604993138,-3.6815208751781983
2800,4.70121763781392,-3.678381865382946
2801,4.719389413429635,-3.6752006780422906
2802,4.737732498617183,-3.671977390861568
2803,4.7562444732416,-3.668712082571999
2804,4.774922930877608,-3.665404832928619
2805,4.793765479397553,-3.6620557227081867
2806,4.812769741526509,-3.6586648337070677
2807,4.831933355365235,-3.655232248739084
2808,4.851253974881733,-3.6517580516333465
2809,4.870729270372319,-3.648242327232052
2810,4.890356928892801,-3.644685161388263
2811,4.910134654660772,-3.6410866409636524
2812,4.93006016942966,-3.6374468538262286
2813,4.95013121283549,-3.6337658888480315
2814,4.970345542717129,-3.630043835902804
2815,4.990700935410814,-3.6262807858636354
2816,5.011195186019862,-3.622476830600583
2817,5.031826108660339,-3.618632062978261
2818,5.0525915366834955,-3.61474657685341
2819,5.073489322875867,-3.6108204670724438
2820,5.094517339637765,-3.606853829468957
2821,5.115673479140947,-3.6028467608612207
2822,5.1369556534664165,-3.5987993590496496
2823,5.158361794722906,-3.594711722814238
2824,5.17988985514697,-3.590583951911979
2825,5.201537807185409,-3.5864161470742513
2826,5.2233036435607705,-3.5822084100041844
2827,5.245185377320576,-3.577960843374002
2828,5.26718104187113,-3.5736735508223356
2829,5.289288690996503,-3.5693466369515083
2830,5.311506398863377,-3.564980207324811
2831,5.3338322600124775,-3.560574368463739
2832,5.356264389337192,-3.5561292278452044
2833,5.3788009220500355,-3.551644893898735
2834,5.401440013637484,-3.54712147600364
2835,5.424179839803967,-3.5425590844861503
2836,5.447018596405402,-3.5379578306165413
2837,5.469954499372914,-3.53331782660623
2838,5.492985784627299,-3.528639185604843
2839,5.516110707984763,-3.5239220216972624
2840,5.539327545054387,-3.519166449900657
2841,5.56263459112785,-3.5143725861614765
2842,5.586030161061911,-3.509540547352429
2843,5.609512589154067,-3.504670451269437
2844,5.633080229011835,-3.499762416628564
2845,5.6567314534161115,-3.4948165630629227
2846,5.680464654178988,-3.489833011119559
2847,5.704278241996435,-3.484811882256309
2848,5.728170646296239,-3.4797532988386446
2849,5.752140315081519,-3.4746573841364747
2850,5.776185714770243,-3.4695242623209515
2851,5.8003053300309855,-3.464354058461229
2852,5.82449766361534,-3.459146898521212
2853,5.848761236187224,-3.4539029093562856
2854,5.873094586149413,-3.4486222187100095
2855,5.8974962694675455,-3.443304955210803
2856,5.92196485949192,-3.4379512483685977
2857,5.946498946777276,-3.4325612285714757
2858,5.971097138900866,-3.4271350270822856
2859,5.995758060279,-3.421672776035229
2860,6.0204803519822985,-3.41617460843243
2861,6.045262671549902,-3.4106406581404904
2862,6.070103692802778,-3.405071059887011
2863,6.095002105656344,-3.3994659492570944
2864,6.119956615932598,-3.3938254626898385
2865,6.144965945171888,-3.3881497374747918
2866,6.170028830444536,-3.382438911748397
2867,6.1951440241624285,-3.3766931244904117
2868,6.220310293890752,-3.3709125155203137
2869,6.245526422159931,-3.365097225493673
2870,6.270791206278014,-3.359247395898515
2871,6.296103458143534,-3.35336316905166
2872,6.32146200405903,-3.3474446880950395
2873,6.346865684545228,-3.3414920969919915
2874,6.372313354156136,-3.3355055405235454
2875,6.397803881295001,-3.3294851642846726
2876,6.423336148031317,-3.323431114680528
2877,6.44890904991889,-3.317343538922671
2878,6.474521495815116,-3.3112225850252544
2879,6.5001724077014496,-3.3050684018012166
2880,6.525860720505244,-3.298881138858429
2881,6.551585381922898,-3.2926609465958436
2882,6.5773453522444685,-3.2864079761996132
2883,6.603139604179737,-3.2801223796391903
2884,6.628967122685826,-3.273804309663414
2885,6.654826904796348,-3.267453919796572
2886,6.680717959452224,-3.261071364334446
2887,6.706639307334063,-3.254656798340343
2888,6.732589980696313,-3.2482103776410973
2889,6.758569023203024,-3.2417322588230664
2890,6.78457548976543,-3.2352225992281016
2891,6.810608446381248,-3.2286815569495
2892,6.836666969975761,-3.2221092908279454
2893,6.862750148244691,-3.2155059604474214
2894,6.888857079498899,-3.208871726131114
2895,6.914986872510904,-3.2022067489372996
2896,6.941138646363221,-3.1955111906552016
2897,6.96731153029858,-3.1887852138008466
2898,6.993504663571971,-3.182028981612893
2899,7.019717195304521,-3.1752426580484436
2900,7.045948284339301,-3.168426407778846
2901,7.072197099098918,-3.1615803961854705
2902,7.098462817445002,-3.1547047893554754
2903,7.1247446265395435,-3.1477997540775546
2904,7.151041722708109,-3.140865457837668
2905,7.17735331130485,-3.1339020688147556
2906,7.2036786065794125,-3.126909755876437
2907,7.2300168315456546,-3.1198886885746937
2908,7.25636721785219,-3.1128390371415358
2909,7.282729005654769,-3.1057609724846524
2910,7.309101443490428,-3.098654666183048
2911,7.335483788153507,-3.091520290482663
2912,7.361875304573384,-3.0843580182919736
2913,7.388275265694013,-3.077168023177588
2914,7.414682952355215,-3.0699504793598162
2915,7.441097653175743,-3.0627055617082286
2916,7.467518664438016,-3.055433445737204
2917,7.49394528997464,-3.0481343076014573
2918,7.520376841056591,-3.0408083240915547
2919,7.54681263628308,-3.033455672629414
2920,7.573252001473087,-3.0260765312637936
2921,7.599694269558598,-3.0186710786657636
2922,7.626138780479387,-3.011239494124161
2923,7.652584881079488,-3.0037819575410416
2924,7.679031925005239,-2.9962986494271036
2925,7.705479272604895,-2.9887897508971095
2926,7.731926290829834,-2.981255443665287
2927,7.758372353137282,-2.973695910040723
2928,7.784816839394589,-2.9661113329227358
2929,7.811259135784987,-2.958501895796244
2930,7.837698634714848,-2.950867782727116
2931,7.864134734722412,-2.9432091783575096
2932,7.890566840387979,-2.9355262679011944
2933,7.916994362245514,-2.9278192371388707
2934,7.943416716695665,-2.9200882724134667
2935,7.969833325920203,-2.912333560625429
2936,7.996243617797804,-2.904555289227999
2937,8.02264702582121,-2.896753646222477
2938,8.049042989015728,-2.888928820153477
2939,8.075430951859033,-2.881081000104167
2940,8.101810364202294,-2.8732103756914977
2941,8.128180681192552,-2.8653171370614245
2942,8.154541363196389,-2.857401474884111
2943,8.180891875724841,-2.849463580349128
2944,8.207231689359517,-2.8415036451606355
2945,8.233560279679942,-2.8335218615325606
2946,8.259877127192105,-2.8255184221837597
2947,8.28618171725814,-2.81749352033317
2948,8.312473540027204,-2.8094473496949557
2949,8.338752090367464,-2.8013801044736364
2950,8.365016867799238,-2.7932919793592133
2951,8.391267376429186,-2.7851831695222784
2952,8.417503124885645,-2.7770538706091186
2953,8.443723626254988,-2.7689042787368083
2954,8.46992839801906,-2.760734590488293
2955,8.496116961993653,-2.7525450029074627
2956,8.522288844267967,-2.744335713494215
2957,8.548443575145109,-2.736106920199512
2958,8.574580689083586,-2.727858821420429
2959,8.600699724639725,-2.7195916159951863
2960,8.626800224411081,-2.7113055031981834
2961,8.652881734980793,-2.7030006827350155
2962,8.678943806862838,-2.694677354737488
2963,8.7049859944482,-2.6863357197586177
2964,8.731007855951972,-2.67797597876763
2965,8.757008953361282,-2.6695983331449447
2966,8.782988852384104,-2.661202984677157
2967,8.808947122398964,-2.6527901355520074
2968,8.834883336405424,-2.6443599883533464
2969,8.860797070975405,-2.635912746056093
2970,8.88668790620535,-2.6274486120211815
2971,8.912555425669135,-2.618967789990504
2972,8.938399216371833,-2.6104704840818482
2973,8.964218868704158,-2.6019568987838206
2974,8.990013976397744,-2.5934272389507744
2975,9.015784136481127,-2.584881709797718
2976,9.041528949236481,-2.5763205168952283
2977,9.067248018157047,-2.567743866164351
2978,9.092940949905284,-2.5591519638714955
2979,9.118607354271749,-2.550545016623326
2980,9.14424684413459,-2.5419232313616447
2981,9.169859035419776,-2.533286815358273
2982,9.195443547061947,-2.5246359762099173
2983,9.22100000096594,-2.515970921833044
2984,9.24652802196892,-2.5072918604587358
2985,9.272027237803206,-2.4985990006275505
2986,9.297497279059618,-2.4898925511843712
2987,9.322937779151518,-2.4811727212732557
2988,9.348348374279377,-2.4724397203322734
2989,9.373728703396,-2.4636937580883473
2990,9.399078408172253,-2.454935044552084
2991,9.424397132963412,-2.446163790012602
2992,9.449684524776046,-2.437380205032355
2993,9.474940233235436,-2.428584500441956
2994,9.50016391055356,-2.4197768873349887
2995,9.525355211497562,-2.41095757706282
2996,9.550513793358807,-2.402126781229412
2997,9.575639315922366,-2.3932847116861216
2998,9.600731441437087,-2.3844315805265084
2999,9.62578983458608,-2.3755676000811277
